date,day,comp,venue,result,gf,ga,opponent,referee,sh,sot,foul_comm,foul_rec,yc_rec,rc_rec,yc_opp,rc_opp,season,team,day_code
2020-09-18,Fri,Bundesliga,Home,W,8.0,0.0,Schalke 04,,22.0,12.0,11.0,12.0,1.0,0.0,2.0,0.0,2021,Bayern Munich,4
2020-09-18,Fri,Bundesliga,Away,L,0.0,8.0,Bayern Munich,,5.0,1.0,12.0,11.0,2.0,0.0,1.0,0.0,2021,Schalke 04,4
2020-09-19,Sat,Bundesliga,Away,W,3.0,1.0,Union Berlin,,9.0,5.0,9.0,9.0,0.0,0.0,2.0,0.0,2021,Augsburg,5
2020-09-19,Sat,Bundesliga,Away,D,1.0,1.0,Ein Frankfurt,,14.0,4.0,13.0,14.0,2.0,0.0,2.0,0.0,2021,Bielefeld,5
2020-09-19,Sat,Bundesliga,Home,W,3.0,0.0,M'gladbach,,9.0,4.0,10.0,9.0,1.0,0.0,1.0,0.0,2021,Dortmund,5
2020-09-19,Sat,Bundesliga,Home,D,1.0,1.0,Bielefeld,,18.0,6.0,14.0,13.0,2.0,0.0,2.0,0.0,2021,Ein Frankfurt,5
2020-09-19,Sat,Bundesliga,Home,L,2.0,3.0,Hoffenheim,,13.0,6.0,12.0,13.0,0.0,0.0,0.0,0.0,2021,FC Koln,5
2020-09-19,Sat,Bundesliga,Away,W,3.0,2.0,Stuttgart,,7.0,6.0,16.0,12.0,2.0,0.0,2.0,0.0,2021,Freiburg,5
2020-09-19,Sat,Bundesliga,Away,W,4.0,1.0,Werder Bremen,,13.0,6.0,17.0,13.0,0.0,0.0,2.0,0.0,2021,Hertha,5
2020-09-19,Sat,Bundesliga,Away,W,3.0,2.0,FC Koln,,13.0,7.0,13.0,12.0,0.0,0.0,0.0,0.0,2021,Hoffenheim,5
2020-09-19,Sat,Bundesliga,Away,L,0.0,3.0,Dortmund,,8.0,2.0,9.0,10.0,1.0,0.0,1.0,0.0,2021,M'gladbach,5
2020-09-19,Sat,Bundesliga,Home,L,2.0,3.0,Freiburg,,22.0,7.0,12.0,16.0,2.0,0.0,2.0,0.0,2021,Stuttgart,5
2020-09-19,Sat,Bundesliga,Home,L,1.0,3.0,Augsburg,,13.0,3.0,9.0,9.0,2.0,0.0,0.0,0.0,2021,Union Berlin,5
2020-09-19,Sat,Bundesliga,Home,L,1.0,4.0,Hertha,,17.0,7.0,13.0,17.0,2.0,0.0,0.0,0.0,2021,Werder Bremen,5
2020-09-20,Sun,Bundesliga,Away,D,0.0,0.0,Wolfsburg,,6.0,2.0,12.0,13.0,2.0,0.0,1.0,0.0,2021,Leverkusen,6
2020-09-20,Sun,Bundesliga,Away,L,1.0,3.0,RB Leipzig,,8.0,1.0,11.0,5.0,2.0,0.0,1.0,0.0,2021,Mainz,6
2020-09-20,Sun,Bundesliga,Home,W,3.0,1.0,Mainz,,23.0,10.0,5.0,11.0,1.0,0.0,2.0,0.0,2021,RB Leipzig,6
2020-09-20,Sun,Bundesliga,Home,D,0.0,0.0,Leverkusen,,9.0,1.0,13.0,12.0,1.0,0.0,2.0,0.0,2021,Wolfsburg,6
2020-09-25,Fri,Bundesliga,Away,W,3.0,1.0,Hertha,,10.0,3.0,16.0,13.0,4.0,0.0,3.0,0.0,2021,Ein Frankfurt,4
2020-09-25,Fri,Bundesliga,Home,L,1.0,3.0,Ein Frankfurt,,12.0,6.0,13.0,16.0,3.0,0.0,4.0,0.0,2021,Hertha,4
2020-09-26,Sat,Bundesliga,Home,W,2.0,0.0,Dortmund,,6.0,4.0,7.0,8.0,3.0,0.0,4.0,0.0,2021,Augsburg,5
2020-09-26,Sat,Bundesliga,Home,W,1.0,0.0,FC Koln,,7.0,3.0,12.0,15.0,3.0,0.0,3.0,0.0,2021,Bielefeld,5
2020-09-26,Sat,Bundesliga,Away,L,0.0,2.0,Augsburg,,16.0,7.0,8.0,7.0,4.0,0.0,3.0,0.0,2021,Dortmund,5
2020-09-26,Sat,Bundesliga,Away,L,0.0,1.0,Bielefeld,,12.0,2.0,15.0,12.0,3.0,0.0,3.0,0.0,2021,FC Koln,5
2020-09-26,Sat,Bundesliga,Home,D,1.0,1.0,RB Leipzig,,11.0,4.0,16.0,10.0,1.0,0.0,3.0,0.0,2021,Leverkusen,5
2020-09-26,Sat,Bundesliga,Home,D,1.0,1.0,Union Berlin,,14.0,5.0,11.0,15.0,1.0,0.0,2.0,0.0,2021,M'gladbach,5
2020-09-26,Sat,Bundesliga,Home,L,1.0,4.0,Stuttgart,,11.0,3.0,10.0,17.0,2.0,1.0,4.0,1.0,2021,Mainz,5
2020-09-26,Sat,Bundesliga,Away,D,1.0,1.0,Leverkusen,,7.0,2.0,10.0,16.0,3.0,0.0,1.0,0.0,2021,RB Leipzig,5
2020-09-26,Sat,Bundesliga,Home,L,1.0,3.0,Werder Bremen,,17.0,4.0,20.0,14.0,7.0,1.0,2.0,0.0,2021,Schalke 04,5
2020-09-26,Sat,Bundesliga,Away,W,4.0,1.0,Mainz,,15.0,7.0,17.0,10.0,4.0,1.0,2.0,1.0,2021,Stuttgart,5
2020-09-26,Sat,Bundesliga,Away,D,1.0,1.0,M'gladbach,,15.0,2.0,15.0,11.0,2.0,0.0,1.0,0.0,2021,Union Berlin,5
2020-09-26,Sat,Bundesliga,Away,W,3.0,1.0,Schalke 04,,17.0,8.0,14.0,20.0,2.0,0.0,7.0,1.0,2021,Werder Bremen,5
2020-09-27,Sun,Bundesliga,Away,L,1.0,4.0,Hoffenheim,,14.0,2.0,11.0,15.0,2.0,0.0,3.0,0.0,2021,Bayern Munich,6
2020-09-27,Sun,Bundesliga,Home,D,1.0,1.0,Wolfsburg,,21.0,7.0,10.0,13.0,0.0,0.0,3.0,0.0,2021,Freiburg,6
2020-09-27,Sun,Bundesliga,Home,W,4.0,1.0,Bayern Munich,,17.0,8.0,15.0,11.0,3.0,0.0,2.0,0.0,2021,Hoffenheim,6
2020-09-27,Sun,Bundesliga,Away,D,1.0,1.0,Freiburg,,8.0,2.0,13.0,10.0,3.0,0.0,0.0,0.0,2021,Wolfsburg,6
2020-10-02,Fri,Bundesliga,Away,L,0.0,4.0,Union Berlin,,5.0,0.0,11.0,13.0,4.0,0.0,1.0,0.0,2021,Mainz,4
2020-10-02,Fri,Bundesliga,Home,W,4.0,0.0,Mainz,,13.0,7.0,13.0,11.0,1.0,0.0,4.0,0.0,2021,Union Berlin,4
2020-10-03,Sat,Bundesliga,Away,L,0.0,1.0,Werder Bremen,,10.0,5.0,16.0,12.0,2.0,0.0,2.0,0.0,2021,Bielefeld,5
2020-10-03,Sat,Bundesliga,Home,W,4.0,0.0,Freiburg,,16.0,7.0,8.0,12.0,1.0,0.0,1.0,0.0,2021,Dortmund,5
2020-10-03,Sat,Bundesliga,Home,W,2.0,1.0,Hoffenheim,,16.0,6.0,12.0,8.0,2.0,0.0,3.0,0.0,2021,Ein Frankfurt,5
2020-10-03,Sat,Bundesliga,Home,L,1.0,3.0,M'gladbach,,8.0,3.0,16.0,12.0,3.0,0.0,3.0,0.0,2021,FC Koln,5
2020-10-03,Sat,Bundesliga,Away,L,0.0,4.0,Dortmund,,6.0,2.0,12.0,8.0,1.0,0.0,1.0,0.0,2021,Freiburg,5
2020-10-03,Sat,Bundesliga,Away,L,1.0,2.0,Ein Frankfurt,,11.0,4.0,8.0,12.0,3.0,0.0,2.0,0.0,2021,Hoffenheim,5
2020-10-03,Sat,Bundesliga,Away,D,1.0,1.0,Stuttgart,,15.0,7.0,17.0,8.0,2.0,0.0,3.0,0.0,2021,Leverkusen,5
2020-10-03,Sat,Bundesliga,Away,W,3.0,1.0,FC Koln,,17.0,11.0,12.0,16.0,3.0,0.0,3.0,0.0,2021,M'gladbach,5
2020-10-03,Sat,Bundesliga,Home,W,4.0,0.0,Schalke 04,,21.0,7.0,13.0,10.0,1.0,0.0,3.0,0.0,2021,RB Leipzig,5
2020-10-03,Sat,Bundesliga,Away,L,0.0,4.0,RB Leipzig,,4.0,1.0,10.0,13.0,3.0,0.0,1.0,0.0,2021,Schalke 04,5
2020-10-03,Sat,Bundesliga,Home,D,1.0,1.0,Leverkusen,,11.0,2.0,8.0,17.0,3.0,0.0,2.0,0.0,2021,Stuttgart,5
2020-10-03,Sat,Bundesliga,Home,W,1.0,0.0,Bielefeld,,7.0,2.0,12.0,16.0,2.0,0.0,2.0,0.0,2021,Werder Bremen,5
2020-10-04,Sun,Bundesliga,Away,D,0.0,0.0,Wolfsburg,,9.0,1.0,13.0,7.0,1.0,0.0,0.0,0.0,2021,Augsburg,6
2020-10-04,Sun,Bundesliga,Home,W,4.0,3.0,Hertha,,22.0,9.0,13.0,19.0,3.0,0.0,3.0,0.0,2021,Bayern Munich,6
2020-10-04,Sun,Bundesliga,Away,L,3.0,4.0,Bayern Munich,,9.0,5.0,19.0,13.0,3.0,0.0,3.0,0.0,2021,Hertha,6
2020-10-04,Sun,Bundesliga,Home,D,0.0,0.0,Augsburg,,17.0,6.0,7.0,13.0,0.0,0.0,1.0,0.0,2021,Wolfsburg,6
2020-10-17,Sat,Bundesliga,Home,L,0.0,2.0,RB Leipzig,,6.0,2.0,9.0,13.0,0.0,0.0,1.0,0.0,2021,Augsburg,5
2020-10-17,Sat,Bundesliga,Away,W,4.0,1.0,Bielefeld,,16.0,10.0,6.0,6.0,0.0,1.0,1.0,0.0,2021,Bayern Munich,5
2020-10-17,Sat,Bundesliga,Home,L,1.0,4.0,Bayern Munich,,11.0,5.0,6.0,6.0,1.0,0.0,0.0,1.0,2021,Bielefeld,5
2020-10-17,Sat,Bundesliga,Away,W,1.0,0.0,Hoffenheim,,15.0,5.0,11.0,13.0,1.0,0.0,1.0,0.0,2021,Dortmund,5
2020-10-17,Sat,Bundesliga,Home,D,1.0,1.0,Werder Bremen,,19.0,4.0,10.0,14.0,3.0,0.0,3.0,0.0,2021,Freiburg,5
2020-10-17,Sat,Bundesliga,Home,L,0.0,2.0,Stuttgart,,16.0,4.0,14.0,10.0,2.0,0.0,2.0,0.0,2021,Hertha,5
2020-10-17,Sat,Bundesliga,Home,L,0.0,1.0,Dortmund,,8.0,3.0,13.0,11.0,1.0,0.0,1.0,0.0,2021,Hoffenheim,5
2020-10-17,Sat,Bundesliga,Away,W,1.0,0.0,Mainz,,9.0,4.0,6.0,12.0,1.0,0.0,3.0,0.0,2021,Leverkusen,5
2020-10-17,Sat,Bundesliga,Home,D,1.0,1.0,Wolfsburg,,13.0,2.0,14.0,13.0,2.0,0.0,2.0,0.0,2021,M'gladbach,5
2020-10-17,Sat,Bundesliga,Home,L,0.0,1.0,Leverkusen,,5.0,0.0,12.0,6.0,3.0,0.0,1.0,0.0,2021,Mainz,5
2020-10-17,Sat,Bundesliga,Away,W,2.0,0.0,Augsburg,,15.0,6.0,13.0,9.0,1.0,0.0,0.0,0.0,2021,RB Leipzig,5
2020-10-17,Sat,Bundesliga,Away,W,2.0,0.0,Hertha,,7.0,2.0,10.0,14.0,2.0,0.0,2.0,0.0,2021,Stuttgart,5
2020-10-17,Sat,Bundesliga,Away,D,1.0,1.0,Freiburg,,14.0,4.0,14.0,10.0,3.0,0.0,3.0,0.0,2021,Werder Bremen,5
2020-10-17,Sat,Bundesliga,Away,D,1.0,1.0,M'gladbach,,14.0,5.0,13.0,14.0,2.0,0.0,2.0,0.0,2021,Wolfsburg,5
2020-10-18,Sun,Bundesliga,Away,D,1.0,1.0,FC Koln,,16.0,4.0,18.0,19.0,2.0,0.0,3.0,0.0,2021,Ein Frankfurt,6
2020-10-18,Sun,Bundesliga,Home,D,1.0,1.0,Ein Frankfurt,,9.0,5.0,19.0,18.0,3.0,0.0,2.0,0.0,2021,FC Koln,6
2020-10-18,Sun,Bundesliga,Home,D,1.0,1.0,Union Berlin,,8.0,4.0,7.0,13.0,3.0,0.0,1.0,0.0,2021,Schalke 04,6
2020-10-18,Sun,Bundesliga,Away,D,1.0,1.0,Schalke 04,,13.0,7.0,13.0,7.0,1.0,0.0,3.0,0.0,2021,Union Berlin,6
2020-10-23,Fri,Bundesliga,Away,D,1.0,1.0,Stuttgart,,14.0,4.0,13.0,11.0,5.0,0.0,2.0,0.0,2021,FC Koln,4
2020-10-23,Fri,Bundesliga,Home,D,1.0,1.0,FC Koln,,9.0,4.0,11.0,13.0,2.0,0.0,5.0,0.0,2021,Stuttgart,4
2020-10-24,Sat,Bundesliga,Home,W,5.0,0.0,Ein Frankfurt,,20.0,10.0,11.0,12.0,3.0,0.0,0.0,0.0,2021,Bayern Munich,5
2020-10-24,Sat,Bundesliga,Home,W,3.0,0.0,Schalke 04,,17.0,7.0,5.0,15.0,0.0,0.0,1.0,0.0,2021,Dortmund,5
2020-10-24,Sat,Bundesliga,Away,L,0.0,5.0,Bayern Munich,,9.0,2.0,12.0,11.0,0.0,0.0,3.0,0.0,2021,Ein Frankfurt,5
2020-10-24,Sat,Bundesliga,Away,D,1.0,1.0,Union Berlin,,8.0,4.0,14.0,9.0,4.0,0.0,1.0,0.0,2021,Freiburg,5
2020-10-24,Sat,Bundesliga,Away,L,1.0,2.0,RB Leipzig,,11.0,3.0,20.0,10.0,4.0,1.0,1.0,0.0,2021,Hertha,5
2020-10-24,Sat,Bundesliga,Away,W,3.0,2.0,Mainz,,21.0,12.0,11.0,18.0,3.0,0.0,5.0,0.0,2021,M'gladbach,5
2020-10-24,Sat,Bundesliga,Home,L,2.0,3.0,M'gladbach,,15.0,7.0,18.0,11.0,5.0,0.0,3.0,0.0,2021,Mainz,5
2020-10-24,Sat,Bundesliga,Home,W,2.0,1.0,Hertha,,29.0,8.0,10.0,20.0,1.0,0.0,4.0,1.0,2021,RB Leipzig,5
2020-10-24,Sat,Bundesliga,Away,L,0.0,3.0,Dortmund,,3.0,0.0,15.0,5.0,1.0,0.0,0.0,0.0,2021,Schalke 04,5
2020-10-24,Sat,Bundesliga,Home,D,1.0,1.0,Freiburg,,22.0,7.0,9.0,14.0,1.0,0.0,4.0,0.0,2021,Union Berlin,5
2020-10-25,Sun,Bundesliga,Away,L,1.0,2.0,Wolfsburg,,8.0,1.0,10.0,12.0,1.0,0.0,2.0,0.0,2021,Bielefeld,6
2020-10-25,Sun,Bundesliga,Away,D,1.0,1.0,Werder Bremen,,15.0,6.0,20.0,10.0,2.0,0.0,2.0,0.0,2021,Hoffenheim,6
2020-10-25,Sun,Bundesliga,Home,D,1.0,1.0,Hoffenheim,,5.0,2.0,10.0,20.0,2.0,0.0,2.0,0.0,2021,Werder Bremen,6
2020-10-25,Sun,Bundesliga,Home,W,2.0,1.0,Bielefeld,,14.0,4.0,12.0,10.0,2.0,0.0,1.0,0.0,2021,Wolfsburg,6
2020-10-26,Mon,Bundesliga,Away,L,1.0,3.0,Leverkusen,,7.0,3.0,8.0,14.0,2.0,0.0,1.0,0.0,2021,Augsburg,0
2020-10-26,Mon,Bundesliga,Home,W,3.0,1.0,Augsburg,,15.0,7.0,14.0,8.0,1.0,0.0,2.0,0.0,2021,Leverkusen,0
2020-10-30,Fri,Bundesliga,Home,D,1.0,1.0,Stuttgart,,9.0,2.0,11.0,14.0,2.0,0.0,2.0,0.0,2021,Schalke 04,4
2020-10-30,Fri,Bundesliga,Away,D,1.0,1.0,Schalke 04,,19.0,5.0,14.0,11.0,2.0,0.0,2.0,0.0,2021,Stuttgart,4
2020-10-31,Sat,Bundesliga,Home,W,3.0,1.0,Mainz,,14.0,7.0,12.0,10.0,5.0,0.0,1.0,0.0,2021,Augsburg,5
2020-10-31,Sat,Bundesliga,Away,W,2.0,1.0,FC Koln,,7.0,5.0,13.0,12.0,2.0,0.0,1.0,0.0,2021,Bayern Munich,5
2020-10-31,Sat,Bundesliga,Home,L,0.0,2.0,Dortmund,,5.0,2.0,12.0,13.0,1.0,0.0,1.0,0.0,2021,Bielefeld,5
2020-10-31,Sat,Bundesliga,Away,W,2.0,0.0,Bielefeld,,21.0,10.0,13.0,12.0,1.0,0.0,1.0,0.0,2021,Dortmund,5
2020-10-31,Sat,Bundesliga,Home,D,1.0,1.0,Werder Bremen,,14.0,5.0,12.0,14.0,1.0,0.0,3.0,0.0,2021,Ein Frankfurt,5
2020-10-31,Sat,Bundesliga,Home,L,1.0,2.0,Bayern Munich,,9.0,2.0,12.0,13.0,1.0,0.0,2.0,0.0,2021,FC Koln,5
2020-10-31,Sat,Bundesliga,Home,W,1.0,0.0,RB Leipzig,,5.0,4.0,13.0,17.0,2.0,0.0,4.0,0.0,2021,M'gladbach,5
2020-10-31,Sat,Bundesliga,Away,L,1.0,3.0,Augsburg,,8.0,4.0,10.0,12.0,1.0,0.0,5.0,0.0,2021,Mainz,5
2020-10-31,Sat,Bundesliga,Away,L,0.0,1.0,M'gladbach,,15.0,3.0,17.0,13.0,4.0,0.0,2.0,0.0,2021,RB Leipzig,5
2020-10-31,Sat,Bundesliga,Away,D,1.0,1.0,Ein Frankfurt,,9.0,4.0,14.0,12.0,3.0,0.0,1.0,0.0,2021,Werder Bremen,5
2020-11-01,Sun,Bundesliga,Home,L,2.0,4.0,Leverkusen,,8.0,5.0,10.0,11.0,2.0,0.0,2.0,0.0,2021,Freiburg,6
2020-11-01,Sun,Bundesliga,Home,D,1.0,1.0,Wolfsburg,,18.0,5.0,8.0,15.0,3.0,0.0,1.0,0.0,2021,Hertha,6
2020-11-01,Sun,Bundesliga,Away,W,4.0,2.0,Freiburg,,18.0,7.0,11.0,10.0,2.0,0.0,2.0,0.0,2021,Leverkusen,6
2020-11-01,Sun,Bundesliga,Away,D,1.0,1.0,Hertha,,11.0,4.0,15.0,8.0,1.0,0.0,3.0,0.0,2021,Wolfsburg,6
2020-11-02,Mon,Bundesliga,Home,L,1.0,3.0,Union Berlin,,10.0,5.0,19.0,13.0,1.0,1.0,2.0,0.0,2021,Hoffenheim,0
2020-11-02,Mon,Bundesliga,Away,W,3.0,1.0,Hoffenheim,,9.0,6.0,13.0,19.0,2.0,0.0,1.0,1.0,2021,Union Berlin,0
2020-11-06,Fri,Bundesliga,Away,D,1.0,1.0,Werder Bremen,,8.0,1.0,20.0,20.0,2.0,0.0,2.0,0.0,2021,FC Koln,4
2020-11-06,Fri,Bundesliga,Home,D,1.0,1.0,FC Koln,,18.0,4.0,20.0,20.0,2.0,0.0,2.0,0.0,2021,Werder Bremen,4
2020-11-07,Sat,Bundesliga,Home,L,0.0,3.0,Hertha,,10.0,2.0,12.0,10.0,3.0,0.0,0.0,0.0,2021,Augsburg,5
2020-11-07,Sat,Bundesliga,Away,W,3.0,2.0,Dortmund,,16.0,8.0,7.0,15.0,2.0,0.0,2.0,0.0,2021,Bayern Munich,5
2020-11-07,Sat,Bundesliga,Away,L,0.0,5.0,Union Berlin,,5.0,1.0,9.0,17.0,1.0,0.0,0.0,0.0,2021,Bielefeld,5
2020-11-07,Sat,Bundesliga,Home,L,2.0,3.0,Bayern Munich,,15.0,5.0,15.0,7.0,2.0,0.0,2.0,0.0,2021,Dortmund,5
2020-11-07,Sat,Bundesliga,Away,D,2.0,2.0,Stuttgart,,15.0,8.0,16.0,14.0,4.0,0.0,2.0,0.0,2021,Ein Frankfurt,5
2020-11-07,Sat,Bundesliga,Away,L,0.0,3.0,RB Leipzig,,8.0,3.0,14.0,14.0,3.0,0.0,2.0,0.0,2021,Freiburg,5
2020-11-07,Sat,Bundesliga,Away,W,3.0,0.0,Augsburg,,12.0,6.0,10.0,12.0,0.0,0.0,3.0,0.0,2021,Hertha,5
2020-11-07,Sat,Bundesliga,Home,D,2.0,2.0,Schalke 04,,14.0,7.0,19.0,13.0,1.0,0.0,1.0,0.0,2021,Mainz,5
2020-11-07,Sat,Bundesliga,Home,W,3.0,0.0,Freiburg,,15.0,7.0,14.0,14.0,2.0,0.0,3.0,0.0,2021,RB Leipzig,5
2020-11-07,Sat,Bundesliga,Away,D,2.0,2.0,Mainz,,22.0,3.0,13.0,19.0,1.0,0.0,1.0,0.0,2021,Schalke 04,5
2020-11-07,Sat,Bundesliga,Home,D,2.0,2.0,Ein Frankfurt,,16.0,5.0,14.0,16.0,2.0,0.0,4.0,0.0,2021,Stuttgart,5
2020-11-07,Sat,Bundesliga,Home,W,5.0,0.0,Bielefeld,,9.0,8.0,17.0,9.0,0.0,0.0,1.0,0.0,2021,Union Berlin,5
2020-11-08,Sun,Bundesliga,Away,L,1.0,2.0,Wolfsburg,,17.0,5.0,14.0,15.0,3.0,0.0,1.0,0.0,2021,Hoffenheim,6
2020-11-08,Sun,Bundesliga,Home,W,4.0,3.0,M'gladbach,,15.0,5.0,15.0,12.0,4.0,0.0,2.0,0.0,2021,Leverkusen,6
2020-11-08,Sun,Bundesliga,Away,L,3.0,4.0,Leverkusen,,15.0,6.0,12.0,15.0,2.0,0.0,4.0,0.0,2021,M'gladbach,6
2020-11-08,Sun,Bundesliga,Home,W,2.0,1.0,Hoffenheim,,14.0,8.0,15.0,14.0,1.0,0.0,3.0,0.0,2021,Wolfsburg,6
2020-11-21,Sat,Bundesliga,Away,D,1.0,1.0,M'gladbach,,10.0,5.0,12.0,7.0,4.0,1.0,1.0,0.0,2021,Augsburg,5
2020-11-21,Sat,Bundesliga,Home,D,1.0,1.0,Werder Bremen,,15.0,3.0,10.0,10.0,1.0,0.0,3.0,0.0,2021,Bayern Munich,5
2020-11-21,Sat,Bundesliga,Home,L,1.0,2.0,Leverkusen,,1.0,1.0,6.0,10.0,0.0,0.0,1.0,0.0,2021,Bielefeld,5
2020-11-21,Sat,Bundesliga,Away,W,5.0,2.0,Hertha,,15.0,8.0,17.0,12.0,1.0,0.0,1.0,0.0,2021,Dortmund,5
2020-11-21,Sat,Bundesliga,Home,D,1.0,1.0,RB Leipzig,,8.0,3.0,18.0,12.0,3.0,0.0,2.0,0.0,2021,Ein Frankfurt,5
2020-11-21,Sat,Bundesliga,Home,L,2.0,5.0,Dortmund,,9.0,3.0,12.0,17.0,1.0,0.0,1.0,0.0,2021,Hertha,5
2020-11-21,Sat,Bundesliga,Home,D,3.0,3.0,Stuttgart,,13.0,8.0,15.0,18.0,3.0,0.0,2.0,0.0,2021,Hoffenheim,5
2020-11-21,Sat,Bundesliga,Away,W,2.0,1.0,Bielefeld,,10.0,4.0,10.0,6.0,1.0,0.0,0.0,0.0,2021,Leverkusen,5
2020-11-21,Sat,Bundesliga,Home,D,1.0,1.0,Augsburg,,15.0,6.0,7.0,12.0,1.0,0.0,4.0,1.0,2021,M'gladbach,5
2020-11-21,Sat,Bundesliga,Away,D,1.0,1.0,Ein Frankfurt,,10.0,3.0,12.0,18.0,2.0,0.0,3.0,0.0,2021,RB Leipzig,5
2020-11-21,Sat,Bundesliga,Home,L,0.0,2.0,Wolfsburg,,13.0,6.0,12.0,11.0,0.0,0.0,1.0,0.0,2021,Schalke 04,5
2020-11-21,Sat,Bundesliga,Away,D,3.0,3.0,Hoffenheim,,20.0,9.0,18.0,15.0,2.0,0.0,3.0,0.0,2021,Stuttgart,5
2020-11-21,Sat,Bundesliga,Away,D,1.0,1.0,Bayern Munich,,9.0,4.0,10.0,10.0,3.0,0.0,1.0,0.0,2021,Werder Bremen,5
2020-11-21,Sat,Bundesliga,Away,W,2.0,0.0,Schalke 04,,19.0,8.0,11.0,12.0,1.0,0.0,0.0,0.0,2021,Wolfsburg,5
2020-11-22,Sun,Bundesliga,Home,L,1.0,2.0,Union Berlin,,10.0,4.0,12.0,15.0,1.0,0.0,2.0,0.0,2021,FC Koln,6
2020-11-22,Sun,Bundesliga,Home,L,1.0,3.0,Mainz,,19.0,6.0,6.0,12.0,0.0,0.0,1.0,0.0,2021,Freiburg,6
2020-11-22,Sun,Bundesliga,Away,W,3.0,1.0,Freiburg,,22.0,8.0,12.0,6.0,1.0,0.0,0.0,0.0,2021,Mainz,6
2020-11-22,Sun,Bundesliga,Away,W,2.0,1.0,FC Koln,,10.0,3.0,15.0,12.0,2.0,0.0,1.0,0.0,2021,Union Berlin,6
2020-11-27,Fri,Bundesliga,Away,L,3.0,5.0,Wolfsburg,,5.0,4.0,12.0,12.0,3.0,1.0,2.0,0.0,2021,Werder Bremen,4
2020-11-27,Fri,Bundesliga,Home,W,5.0,3.0,Werder Bremen,,12.0,6.0,12.0,12.0,2.0,0.0,3.0,1.0,2021,Wolfsburg,4
2020-11-28,Sat,Bundesliga,Home,D,1.0,1.0,Freiburg,,10.0,2.0,15.0,8.0,3.0,0.0,1.0,0.0,2021,Augsburg,5
2020-11-28,Sat,Bundesliga,Away,W,3.0,1.0,Stuttgart,,14.0,6.0,13.0,11.0,0.0,0.0,0.0,0.0,2021,Bayern Munich,5
2020-11-28,Sat,Bundesliga,Away,L,1.0,2.0,RB Leipzig,,13.0,3.0,15.0,13.0,2.0,0.0,2.0,0.0,2021,Bielefeld,5
2020-11-28,Sat,Bundesliga,Home,L,1.0,2.0,FC Koln,,14.0,4.0,11.0,10.0,1.0,0.0,2.0,0.0,2021,Dortmund,5
2020-11-28,Sat,Bundesliga,Away,D,3.0,3.0,Union Berlin,,12.0,5.0,16.0,12.0,3.0,0.0,2.0,0.0,2021,Ein Frankfurt,5
2020-11-28,Sat,Bundesliga,Away,W,2.0,1.0,Dortmund,,7.0,5.0,10.0,11.0,2.0,0.0,1.0,0.0,2021,FC Koln,5
2020-11-28,Sat,Bundesliga,Away,D,1.0,1.0,Augsburg,,10.0,5.0,8.0,15.0,1.0,0.0,3.0,0.0,2021,Freiburg,5
2020-11-28,Sat,Bundesliga,Home,W,4.0,1.0,Schalke 04,,19.0,9.0,8.0,14.0,2.0,0.0,3.0,0.0,2021,M'gladbach,5
2020-11-28,Sat,Bundesliga,Home,W,2.0,1.0,Bielefeld,,15.0,7.0,13.0,15.0,2.0,0.0,2.0,0.0,2021,RB Leipzig,5
2020-11-28,Sat,Bundesliga,Away,L,1.0,4.0,M'gladbach,,13.0,2.0,14.0,8.0,3.0,0.0,2.0,0.0,2021,Schalke 04,5
2020-11-28,Sat,Bundesliga,Home,L,1.0,3.0,Bayern Munich,,15.0,4.0,11.0,13.0,0.0,0.0,0.0,0.0,2021,Stuttgart,5
2020-11-28,Sat,Bundesliga,Home,D,3.0,3.0,Ein Frankfurt,,15.0,7.0,12.0,16.0,2.0,0.0,3.0,0.0,2021,Union Berlin,5
2020-11-29,Sun,Bundesliga,Away,D,0.0,0.0,Leverkusen,,5.0,3.0,19.0,16.0,1.0,0.0,2.0,0.0,2021,Hertha,6
2020-11-29,Sun,Bundesliga,Away,D,1.0,1.0,Mainz,,9.0,5.0,10.0,16.0,0.0,1.0,0.0,0.0,2021,Hoffenheim,6
2020-11-29,Sun,Bundesliga,Home,D,0.0,0.0,Hertha,,14.0,2.0,16.0,19.0,2.0,0.0,1.0,0.0,2021,Leverkusen,6
2020-11-29,Sun,Bundesliga,Home,D,1.0,1.0,Hoffenheim,,10.0,4.0,16.0,10.0,0.0,0.0,0.0,1.0,2021,Mainz,6
2020-12-04,Fri,Bundesliga,Home,W,3.0,1.0,Union Berlin,,10.0,7.0,15.0,9.0,1.0,0.0,3.0,1.0,2021,Hertha,4
2020-12-04,Fri,Bundesliga,Away,L,1.0,3.0,Hertha,,4.0,1.0,9.0,15.0,3.0,1.0,1.0,0.0,2021,Union Berlin,4
2020-12-05,Sat,Bundesliga,Home,D,3.0,3.0,RB Leipzig,,10.0,6.0,5.0,8.0,0.0,0.0,1.0,0.0,2021,Bayern Munich,5
2020-12-05,Sat,Bundesliga,Home,W,2.0,1.0,Mainz,,11.0,5.0,16.0,18.0,3.0,0.0,2.0,0.0,2021,Bielefeld,5
2020-12-05,Sat,Bundesliga,Away,D,1.0,1.0,Ein Frankfurt,,16.0,5.0,6.0,14.0,1.0,0.0,6.0,0.0,2021,Dortmund,5
2020-12-05,Sat,Bundesliga,Home,D,1.0,1.0,Dortmund,,9.0,1.0,14.0,6.0,6.0,0.0,1.0,0.0,2021,Ein Frankfurt,5
2020-12-05,Sat,Bundesliga,Home,D,2.0,2.0,Wolfsburg,,6.0,3.0,12.0,11.0,0.0,0.0,1.0,0.0,2021,FC Koln,5
2020-12-05,Sat,Bundesliga,Home,D,2.0,2.0,M'gladbach,,22.0,7.0,12.0,19.0,1.0,0.0,2.0,0.0,2021,Freiburg,5
2020-12-05,Sat,Bundesliga,Away,D,2.0,2.0,Freiburg,,11.0,4.0,19.0,12.0,2.0,0.0,1.0,0.0,2021,M'gladbach,5
2020-12-05,Sat,Bundesliga,Away,L,1.0,2.0,Bielefeld,,15.0,5.0,18.0,16.0,2.0,0.0,3.0,0.0,2021,Mainz,5
2020-12-05,Sat,Bundesliga,Away,D,3.0,3.0,Bayern Munich,,8.0,4.0,8.0,5.0,1.0,0.0,0.0,0.0,2021,RB Leipzig,5
2020-12-05,Sat,Bundesliga,Away,D,2.0,2.0,FC Koln,,16.0,6.0,11.0,12.0,1.0,0.0,0.0,0.0,2021,Wolfsburg,5
2020-12-06,Sun,Bundesliga,Away,W,3.0,0.0,Schalke 04,,24.0,9.0,11.0,17.0,3.0,0.0,2.0,0.0,2021,Leverkusen,6
2020-12-06,Sun,Bundesliga,Home,L,0.0,3.0,Leverkusen,,13.0,4.0,17.0,11.0,2.0,0.0,3.0,0.0,2021,Schalke 04,6
2020-12-06,Sun,Bundesliga,Away,W,2.0,1.0,Werder Bremen,,11.0,7.0,15.0,10.0,4.0,0.0,4.0,0.0,2021,Stuttgart,6
2020-12-06,Sun,Bundesliga,Home,L,1.0,2.0,Stuttgart,,14.0,4.0,10.0,15.0,4.0,0.0,4.0,0.0,2021,Werder Bremen,6
2020-12-07,Mon,Bundesliga,Away,L,1.0,3.0,Hoffenheim,,13.0,3.0,9.0,15.0,1.0,0.0,0.0,0.0,2021,Augsburg,0
2020-12-07,Mon,Bundesliga,Home,W,3.0,1.0,Augsburg,,10.0,7.0,15.0,9.0,0.0,0.0,1.0,0.0,2021,Hoffenheim,0
2020-12-11,Fri,Bundesliga,Away,L,1.0,2.0,Wolfsburg,,7.0,4.0,12.0,10.0,2.0,0.0,5.0,0.0,2021,Ein Frankfurt,4
2020-12-11,Fri,Bundesliga,Home,W,2.0,1.0,Ein Frankfurt,,16.0,8.0,10.0,12.0,5.0,0.0,2.0,0.0,2021,Wolfsburg,4
2020-12-12,Sat,Bundesliga,Away,D,1.0,1.0,Union Berlin,,15.0,5.0,8.0,17.0,2.0,0.0,3.0,0.0,2021,Bayern Munich,5
2020-12-12,Sat,Bundesliga,Away,L,0.0,2.0,Freiburg,,5.0,1.0,13.0,16.0,0.0,0.0,3.0,0.0,2021,Bielefeld,5
2020-12-12,Sat,Bundesliga,Home,L,1.0,5.0,Stuttgart,,12.0,4.0,11.0,13.0,2.0,0.0,3.0,0.0,2021,Dortmund,5
2020-12-12,Sat,Bundesliga,Away,W,1.0,0.0,Mainz,,9.0,6.0,11.0,15.0,4.0,1.0,4.0,0.0,2021,FC Koln,5
2020-12-12,Sat,Bundesliga,Home,W,2.0,0.0,Bielefeld,,16.0,7.0,16.0,13.0,3.0,0.0,0.0,0.0,2021,Freiburg,5
2020-12-12,Sat,Bundesliga,Away,D,1.0,1.0,M'gladbach,,9.0,3.0,18.0,9.0,2.0,0.0,3.0,0.0,2021,Hertha,5
2020-12-12,Sat,Bundesliga,Home,D,1.0,1.0,Hertha,,17.0,4.0,9.0,18.0,3.0,0.0,2.0,0.0,2021,M'gladbach,5
2020-12-12,Sat,Bundesliga,Home,L,0.0,1.0,FC Koln,,15.0,4.0,15.0,11.0,4.0,0.0,4.0,1.0,2021,Mainz,5
2020-12-12,Sat,Bundesliga,Home,W,2.0,0.0,Werder Bremen,,15.0,7.0,17.0,12.0,3.0,0.0,1.0,0.0,2021,RB Leipzig,5
2020-12-12,Sat,Bundesliga,Away,W,5.0,1.0,Dortmund,,18.0,10.0,13.0,11.0,3.0,0.0,2.0,0.0,2021,Stuttgart,5
2020-12-12,Sat,Bundesliga,Home,D,1.0,1.0,Bayern Munich,,13.0,6.0,17.0,8.0,3.0,0.0,2.0,0.0,2021,Union Berlin,5
2020-12-12,Sat,Bundesliga,Away,L,0.0,2.0,RB Leipzig,,7.0,2.0,12.0,17.0,1.0,0.0,3.0,0.0,2021,Werder Bremen,5
2020-12-13,Sun,Bundesliga,Home,D,2.0,2.0,Schalke 04,,8.0,4.0,17.0,13.0,3.0,1.0,4.0,0.0,2021,Augsburg,6
2020-12-13,Sun,Bundesliga,Away,L,1.0,4.0,Leverkusen,,11.0,4.0,13.0,12.0,6.0,2.0,3.0,0.0,2021,Hoffenheim,6
2020-12-13,Sun,Bundesliga,Home,W,4.0,1.0,Hoffenheim,,13.0,8.0,12.0,13.0,3.0,0.0,6.0,2.0,2021,Leverkusen,6
2020-12-13,Sun,Bundesliga,Away,D,2.0,2.0,Augsburg,,15.0,4.0,13.0,17.0,4.0,0.0,3.0,1.0,2021,Schalke 04,6
2020-12-15,Tue,Bundesliga,Away,W,2.0,1.0,Werder Bremen,,15.0,9.0,13.0,10.0,2.0,0.0,3.0,0.0,2021,Dortmund,1
2020-12-15,Tue,Bundesliga,Home,D,3.0,3.0,M'gladbach,,11.0,4.0,18.0,15.0,6.0,1.0,4.0,0.0,2021,Ein Frankfurt,1
2020-12-15,Tue,Bundesliga,Home,D,0.0,0.0,Mainz,,9.0,0.0,17.0,11.0,3.0,0.0,1.0,0.0,2021,Hertha,1
2020-12-15,Tue,Bundesliga,Away,D,3.0,3.0,Ein Frankfurt,,8.0,4.0,15.0,18.0,4.0,0.0,6.0,1.0,2021,M'gladbach,1
2020-12-15,Tue,Bundesliga,Away,D,0.0,0.0,Hertha,,5.0,0.0,11.0,17.0,1.0,0.0,3.0,0.0,2021,Mainz,1
2020-12-15,Tue,Bundesliga,Home,D,2.0,2.0,Union Berlin,,13.0,6.0,15.0,14.0,3.0,0.0,3.0,0.0,2021,Stuttgart,1
2020-12-15,Tue,Bundesliga,Away,D,2.0,2.0,Stuttgart,,15.0,6.0,14.0,15.0,3.0,0.0,3.0,0.0,2021,Union Berlin,1
2020-12-15,Tue,Bundesliga,Home,L,1.0,2.0,Dortmund,,7.0,3.0,10.0,13.0,3.0,0.0,2.0,0.0,2021,Werder Bremen,1
2020-12-16,Wed,Bundesliga,Away,W,1.0,0.0,Bielefeld,,8.0,2.0,15.0,14.0,2.0,0.0,1.0,0.0,2021,Augsburg,2
2020-12-16,Wed,Bundesliga,Home,W,2.0,1.0,Wolfsburg,,13.0,2.0,14.0,16.0,3.0,0.0,1.0,0.0,2021,Bayern Munich,2
2020-12-16,Wed,Bundesliga,Home,L,0.0,1.0,Augsburg,,12.0,2.0,14.0,15.0,1.0,0.0,2.0,0.0,2021,Bielefeld,2
2020-12-16,Wed,Bundesliga,Home,L,0.0,4.0,Leverkusen,,7.0,1.0,12.0,12.0,1.0,0.0,1.0,0.0,2021,FC Koln,2
2020-12-16,Wed,Bundesliga,Away,W,2.0,0.0,Schalke 04,,11.0,5.0,9.0,15.0,1.0,0.0,2.0,0.0,2021,Freiburg,2
2020-12-16,Wed,Bundesliga,Home,L,0.0,1.0,RB Leipzig,,7.0,3.0,16.0,14.0,2.0,0.0,0.0,0.0,2021,Hoffenheim,2
2020-12-16,Wed,Bundesliga,Away,W,4.0,0.0,FC Koln,,14.0,7.0,12.0,12.0,1.0,0.0,1.0,0.0,2021,Leverkusen,2
2020-12-16,Wed,Bundesliga,Away,W,1.0,0.0,Hoffenheim,,4.0,3.0,14.0,16.0,0.0,0.0,2.0,0.0,2021,RB Leipzig,2
2020-12-16,Wed,Bundesliga,Home,L,0.0,2.0,Freiburg,,10.0,2.0,15.0,9.0,2.0,0.0,1.0,0.0,2021,Schalke 04,2
2020-12-16,Wed,Bundesliga,Away,L,1.0,2.0,Bayern Munich,,17.0,7.0,16.0,14.0,1.0,0.0,3.0,0.0,2021,Wolfsburg,2
2020-12-18,Fri,Bundesliga,Away,L,1.0,2.0,Union Berlin,,16.0,4.0,7.0,9.0,1.0,0.0,1.0,0.0,2021,Dortmund,4
2020-12-18,Fri,Bundesliga,Home,W,2.0,1.0,Dortmund,,12.0,5.0,9.0,7.0,1.0,0.0,1.0,0.0,2021,Union Berlin,4
2020-12-19,Sat,Bundesliga,Home,L,0.0,2.0,Ein Frankfurt,,15.0,4.0,9.0,10.0,1.0,0.0,4.0,0.0,2021,Augsburg,5
2020-12-19,Sat,Bundesliga,Away,W,2.0,1.0,Leverkusen,,14.0,3.0,6.0,13.0,1.0,0.0,1.0,0.0,2021,Bayern Munich,5
2020-12-19,Sat,Bundesliga,Away,W,1.0,0.0,Schalke 04,,8.0,3.0,19.0,17.0,5.0,0.0,6.0,0.0,2021,Bielefeld,5
2020-12-19,Sat,Bundesliga,Away,W,2.0,0.0,Augsburg,,15.0,6.0,10.0,9.0,4.0,0.0,1.0,0.0,2021,Ein Frankfurt,5
2020-12-19,Sat,Bundesliga,Away,D,0.0,0.0,RB Leipzig,,4.0,1.0,8.0,11.0,0.0,0.0,1.0,0.0,2021,FC Koln,5
2020-12-19,Sat,Bundesliga,Away,W,2.0,1.0,M'gladbach,,14.0,5.0,22.0,13.0,3.0,0.0,1.0,1.0,2021,Hoffenheim,5
2020-12-19,Sat,Bundesliga,Home,L,1.0,2.0,Bayern Munich,,8.0,3.0,13.0,6.0,1.0,0.0,1.0,0.0,2021,Leverkusen,5
2020-12-19,Sat,Bundesliga,Home,L,1.0,2.0,Hoffenheim,,15.0,5.0,13.0,22.0,1.0,1.0,3.0,0.0,2021,M'gladbach,5
2020-12-19,Sat,Bundesliga,Home,L,0.0,1.0,Werder Bremen,,9.0,1.0,15.0,11.0,2.0,0.0,2.0,0.0,2021,Mainz,5
2020-12-19,Sat,Bundesliga,Home,D,0.0,0.0,FC Koln,,14.0,6.0,11.0,8.0,1.0,0.0,0.0,0.0,2021,RB Leipzig,5
2020-12-19,Sat,Bundesliga,Home,L,0.0,1.0,Bielefeld,,11.0,5.0,17.0,19.0,6.0,0.0,5.0,0.0,2021,Schalke 04,5
2020-12-19,Sat,Bundesliga,Away,W,1.0,0.0,Mainz,,13.0,7.0,11.0,15.0,2.0,0.0,2.0,0.0,2021,Werder Bremen,5
2020-12-20,Sun,Bundesliga,Home,W,4.0,1.0,Hertha,,17.0,9.0,9.0,16.0,0.0,0.0,0.0,0.0,2021,Freiburg,6
2020-12-20,Sun,Bundesliga,Away,L,1.0,4.0,Freiburg,,10.0,3.0,16.0,9.0,0.0,0.0,0.0,0.0,2021,Hertha,6
2020-12-20,Sun,Bundesliga,Away,L,0.0,1.0,Wolfsburg,,9.0,1.0,7.0,15.0,3.0,0.0,2.0,0.0,2021,Stuttgart,6
2020-12-20,Sun,Bundesliga,Home,W,1.0,0.0,Stuttgart,,13.0,4.0,15.0,7.0,2.0,0.0,3.0,0.0,2021,Wolfsburg,6
2021-01-02,Sat,Bundesliga,Away,W,1.0,0.0,FC Koln,,11.0,4.0,12.0,20.0,3.0,0.0,2.0,0.0,2021,Augsburg,5
2021-01-02,Sat,Bundesliga,Home,L,0.0,1.0,M'gladbach,,7.0,0.0,8.0,7.0,2.0,0.0,1.0,0.0,2021,Bielefeld,5
2021-01-02,Sat,Bundesliga,Home,W,2.0,1.0,Leverkusen,,10.0,4.0,9.0,6.0,0.0,0.0,0.0,0.0,2021,Ein Frankfurt,5
2021-01-02,Sat,Bundesliga,Home,L,0.0,1.0,Augsburg,,12.0,2.0,20.0,12.0,2.0,0.0,3.0,0.0,2021,FC Koln,5
2021-01-02,Sat,Bundesliga,Away,W,3.0,1.0,Hoffenheim,,7.0,4.0,22.0,14.0,2.0,0.0,2.0,0.0,2021,Freiburg,5
2021-01-02,Sat,Bundesliga,Home,W,3.0,0.0,Schalke 04,,20.0,10.0,11.0,18.0,2.0,0.0,2.0,0.0,2021,Hertha,5
2021-01-02,Sat,Bundesliga,Home,L,1.0,3.0,Freiburg,,13.0,6.0,14.0,22.0,2.0,0.0,2.0,0.0,2021,Hoffenheim,5
2021-01-02,Sat,Bundesliga,Away,L,1.0,2.0,Ein Frankfurt,,10.0,2.0,6.0,9.0,0.0,0.0,0.0,0.0,2021,Leverkusen,5
2021-01-02,Sat,Bundesliga,Away,W,1.0,0.0,Bielefeld,,22.0,7.0,7.0,8.0,1.0,0.0,2.0,0.0,2021,M'gladbach,5
2021-01-02,Sat,Bundesliga,Away,W,1.0,0.0,Stuttgart,,22.0,9.0,10.0,10.0,1.0,0.0,2.0,0.0,2021,RB Leipzig,5
2021-01-02,Sat,Bundesliga,Away,L,0.0,3.0,Hertha,,10.0,4.0,18.0,11.0,2.0,0.0,2.0,0.0,2021,Schalke 04,5
2021-01-02,Sat,Bundesliga,Home,L,0.0,1.0,RB Leipzig,,10.0,1.0,10.0,10.0,2.0,0.0,1.0,0.0,2021,Stuttgart,5
2021-01-02,Sat,Bundesliga,Away,W,2.0,0.0,Werder Bremen,,9.0,2.0,14.0,15.0,4.0,0.0,2.0,0.0,2021,Union Berlin,5
2021-01-02,Sat,Bundesliga,Home,L,0.0,2.0,Union Berlin,,10.0,2.0,15.0,14.0,2.0,0.0,4.0,0.0,2021,Werder Bremen,5
2021-01-03,Sun,Bundesliga,Home,W,5.0,2.0,Mainz,,19.0,12.0,11.0,9.0,2.0,0.0,1.0,0.0,2021,Bayern Munich,6
2021-01-03,Sun,Bundesliga,Home,W,2.0,0.0,Wolfsburg,,14.0,7.0,9.0,12.0,3.0,0.0,1.0,0.0,2021,Dortmund,6
2021-01-03,Sun,Bundesliga,Away,L,2.0,5.0,Bayern Munich,,12.0,7.0,9.0,11.0,1.0,0.0,2.0,0.0,2021,Mainz,6
2021-01-03,Sun,Bundesliga,Away,L,0.0,2.0,Dortmund,,22.0,5.0,12.0,9.0,1.0,0.0,3.0,0.0,2021,Wolfsburg,6
2021-01-08,Fri,Bundesliga,Away,L,2.0,3.0,M'gladbach,,15.0,4.0,11.0,9.0,1.0,0.0,1.0,0.0,2021,Bayern Munich,4
2021-01-08,Fri,Bundesliga,Home,W,3.0,2.0,Bayern Munich,,8.0,4.0,9.0,11.0,1.0,0.0,1.0,0.0,2021,M'gladbach,4
2021-01-09,Sat,Bundesliga,Away,W,3.0,1.0,RB Leipzig,,15.0,7.0,12.0,8.0,2.0,0.0,0.0,0.0,2021,Dortmund,5
2021-01-09,Sat,Bundesliga,Away,W,2.0,0.0,Mainz,,15.0,7.0,15.0,17.0,1.0,0.0,2.0,0.0,2021,Ein Frankfurt,5
2021-01-09,Sat,Bundesliga,Away,L,0.0,5.0,Freiburg,,5.0,2.0,10.0,14.0,0.0,0.0,0.0,0.0,2021,FC Koln,5
2021-01-09,Sat,Bundesliga,Home,W,5.0,0.0,FC Koln,,12.0,6.0,14.0,10.0,0.0,0.0,0.0,0.0,2021,Freiburg,5
2021-01-09,Sat,Bundesliga,Away,L,0.0,4.0,Schalke 04,,18.0,5.0,13.0,14.0,4.0,0.0,2.0,0.0,2021,Hoffenheim,5
2021-01-09,Sat,Bundesliga,Home,D,1.0,1.0,Werder Bremen,,12.0,3.0,22.0,13.0,2.0,0.0,2.0,0.0,2021,Leverkusen,5
2021-01-09,Sat,Bundesliga,Home,L,0.0,2.0,Ein Frankfurt,,8.0,0.0,17.0,15.0,2.0,0.0,1.0,0.0,2021,Mainz,5
2021-01-09,Sat,Bundesliga,Home,L,1.0,3.0,Dortmund,,12.0,4.0,8.0,12.0,0.0,0.0,2.0,0.0,2021,RB Leipzig,5
2021-01-09,Sat,Bundesliga,Home,W,4.0,0.0,Hoffenheim,,12.0,5.0,14.0,13.0,2.0,0.0,4.0,0.0,2021,Schalke 04,5
2021-01-09,Sat,Bundesliga,Home,D,2.0,2.0,Wolfsburg,,13.0,6.0,16.0,13.0,3.0,0.0,1.0,1.0,2021,Union Berlin,5
2021-01-09,Sat,Bundesliga,Away,D,1.0,1.0,Leverkusen,,3.0,1.0,13.0,22.0,2.0,0.0,2.0,0.0,2021,Werder Bremen,5
2021-01-09,Sat,Bundesliga,Away,D,2.0,2.0,Union Berlin,,11.0,5.0,13.0,16.0,1.0,1.0,3.0,0.0,2021,Wolfsburg,5
2021-01-10,Sun,Bundesliga,Home,L,1.0,4.0,Stuttgart,,14.0,4.0,7.0,12.0,3.0,1.0,2.0,0.0,2021,Augsburg,6
2021-01-10,Sun,Bundesliga,Home,W,1.0,0.0,Hertha,,12.0,2.0,8.0,18.0,1.0,0.0,1.0,0.0,2021,Bielefeld,6
2021-01-10,Sun,Bundesliga,Away,L,0.0,1.0,Bielefeld,,10.0,6.0,18.0,8.0,1.0,0.0,1.0,0.0,2021,Hertha,6
2021-01-10,Sun,Bundesliga,Away,W,4.0,1.0,Augsburg,,27.0,11.0,12.0,7.0,2.0,0.0,3.0,1.0,2021,Stuttgart,6
2021-01-15,Fri,Bundesliga,Away,L,0.0,1.0,Union Berlin,,12.0,4.0,10.0,9.0,2.0,0.0,1.0,0.0,2021,Leverkusen,4
2021-01-15,Fri,Bundesliga,Home,W,1.0,0.0,Leverkusen,,10.0,2.0,9.0,10.0,1.0,0.0,2.0,0.0,2021,Union Berlin,4
2021-01-16,Sat,Bundesliga,Away,L,0.0,2.0,Werder Bremen,,6.0,2.0,18.0,10.0,1.0,0.0,0.0,0.0,2021,Augsburg,5
2021-01-16,Sat,Bundesliga,Away,D,0.0,0.0,Hoffenheim,,8.0,2.0,21.0,9.0,1.0,0.0,1.0,0.0,2021,Bielefeld,5
2021-01-16,Sat,Bundesliga,Home,D,1.0,1.0,Mainz,,17.0,7.0,10.0,19.0,1.0,0.0,2.0,0.0,2021,Dortmund,5
2021-01-16,Sat,Bundesliga,Home,D,0.0,0.0,Hertha,,8.0,2.0,13.0,19.0,2.0,0.0,3.0,0.0,2021,FC Koln,5
2021-01-16,Sat,Bundesliga,Away,D,0.0,0.0,FC Koln,,14.0,3.0,19.0,13.0,3.0,0.0,2.0,0.0,2021,Hertha,5
2021-01-16,Sat,Bundesliga,Home,D,0.0,0.0,Bielefeld,,11.0,5.0,9.0,21.0,1.0,0.0,1.0,0.0,2021,Hoffenheim,5
2021-01-16,Sat,Bundesliga,Away,D,2.0,2.0,Stuttgart,,8.0,5.0,20.0,11.0,3.0,0.0,2.0,0.0,2021,M'gladbach,5
2021-01-16,Sat,Bundesliga,Away,D,1.0,1.0,Dortmund,,8.0,3.0,19.0,10.0,2.0,0.0,1.0,0.0,2021,Mainz,5
2021-01-16,Sat,Bundesliga,Away,D,2.0,2.0,Wolfsburg,,13.0,9.0,9.0,16.0,3.0,0.0,4.0,0.0,2021,RB Leipzig,5
2021-01-16,Sat,Bundesliga,Home,D,2.0,2.0,M'gladbach,,19.0,7.0,11.0,20.0,2.0,0.0,3.0,0.0,2021,Stuttgart,5
2021-01-16,Sat,Bundesliga,Home,W,2.0,0.0,Augsburg,,10.0,5.0,10.0,18.0,0.0,0.0,1.0,0.0,2021,Werder Bremen,5
2021-01-16,Sat,Bundesliga,Home,D,2.0,2.0,RB Leipzig,,8.0,2.0,16.0,9.0,4.0,0.0,3.0,0.0,2021,Wolfsburg,5
2021-01-17,Sun,Bundesliga,Home,W,2.0,1.0,Freiburg,,25.0,9.0,4.0,14.0,1.0,0.0,2.0,0.0,2021,Bayern Munich,6
2021-01-17,Sun,Bundesliga,Home,W,3.0,1.0,Schalke 04,,20.0,11.0,8.0,10.0,0.0,0.0,1.0,0.0,2021,Ein Frankfurt,6
2021-01-17,Sun,Bundesliga,Away,L,1.0,2.0,Bayern Munich,,8.0,3.0,14.0,4.0,2.0,0.0,1.0,0.0,2021,Freiburg,6
2021-01-17,Sun,Bundesliga,Away,L,1.0,3.0,Ein Frankfurt,,5.0,1.0,10.0,8.0,1.0,0.0,0.0,0.0,2021,Schalke 04,6
2021-01-19,Tue,Bundesliga,Away,L,1.0,2.0,Leverkusen,,15.0,3.0,8.0,13.0,2.0,0.0,2.0,0.0,2021,Dortmund,1
2021-01-19,Tue,Bundesliga,Home,L,0.0,3.0,Hoffenheim,,13.0,2.0,16.0,16.0,1.0,0.0,1.0,0.0,2021,Hertha,1
2021-01-19,Tue,Bundesliga,Away,W,3.0,0.0,Hertha,,11.0,6.0,16.0,16.0,1.0,0.0,1.0,0.0,2021,Hoffenheim,1
2021-01-19,Tue,Bundesliga,Home,W,2.0,1.0,Dortmund,,23.0,13.0,13.0,8.0,2.0,0.0,2.0,0.0,2021,Leverkusen,1
2021-01-19,Tue,Bundesliga,Home,W,1.0,0.0,Werder Bremen,,11.0,6.0,15.0,11.0,2.0,0.0,2.0,0.0,2021,M'gladbach,1
2021-01-19,Tue,Bundesliga,Home,L,0.0,2.0,Wolfsburg,,8.0,0.0,17.0,15.0,1.0,0.0,2.0,0.0,2021,Mainz,1
2021-01-19,Tue,Bundesliga,Away,L,0.0,1.0,M'gladbach,,11.0,2.0,11.0,15.0,2.0,0.0,2.0,0.0,2021,Werder Bremen,1
2021-01-19,Tue,Bundesliga,Away,W,2.0,0.0,Mainz,,8.0,2.0,15.0,17.0,2.0,0.0,1.0,0.0,2021,Wolfsburg,1
2021-01-20,Wed,Bundesliga,Home,L,0.0,1.0,Bayern Munich,,9.0,0.0,15.0,11.0,2.0,0.0,0.0,0.0,2021,Augsburg,2
2021-01-20,Wed,Bundesliga,Away,W,1.0,0.0,Augsburg,,17.0,4.0,11.0,15.0,0.0,0.0,2.0,0.0,2021,Bayern Munich,2
2021-01-20,Wed,Bundesliga,Home,W,3.0,0.0,Stuttgart,,9.0,3.0,9.0,9.0,1.0,0.0,0.0,0.0,2021,Bielefeld,2
2021-01-20,Wed,Bundesliga,Away,D,2.0,2.0,Freiburg,,17.0,4.0,15.0,10.0,3.0,0.0,3.0,0.0,2021,Ein Frankfurt,2
2021-01-20,Wed,Bundesliga,Away,W,2.0,1.0,Schalke 04,,12.0,4.0,11.0,7.0,1.0,0.0,2.0,0.0,2021,FC Koln,2
2021-01-20,Wed,Bundesliga,Home,D,2.0,2.0,Ein Frankfurt,,11.0,4.0,10.0,15.0,3.0,0.0,3.0,0.0,2021,Freiburg,2
2021-01-20,Wed,Bundesliga,Home,W,1.0,0.0,Union Berlin,,15.0,5.0,6.0,11.0,1.0,0.0,1.0,0.0,2021,RB Leipzig,2
2021-01-20,Wed,Bundesliga,Home,L,1.0,2.0,FC Koln,,15.0,8.0,7.0,11.0,2.0,0.0,1.0,0.0,2021,Schalke 04,2
2021-01-20,Wed,Bundesliga,Away,L,0.0,3.0,Bielefeld,,11.0,3.0,9.0,9.0,0.0,0.0,1.0,0.0,2021,Stuttgart,2
2021-01-20,Wed,Bundesliga,Away,L,0.0,1.0,RB Leipzig,,4.0,1.0,11.0,6.0,1.0,0.0,1.0,0.0,2021,Union Berlin,2
2021-01-22,Fri,Bundesliga,Away,L,2.0,4.0,M'gladbach,,16.0,7.0,9.0,9.0,0.0,0.0,1.0,0.0,2021,Dortmund,4
2021-01-22,Fri,Bundesliga,Home,W,4.0,2.0,Dortmund,,10.0,7.0,9.0,9.0,1.0,0.0,0.0,0.0,2021,M'gladbach,4
2021-01-23,Sat,Bundesliga,Home,W,2.0,1.0,Union Berlin,,8.0,4.0,13.0,21.0,3.0,0.0,1.0,0.0,2021,Augsburg,5
2021-01-23,Sat,Bundesliga,Home,L,1.0,5.0,Ein Frankfurt,,8.0,4.0,14.0,22.0,2.0,0.0,2.0,0.0,2021,Bielefeld,5
2021-01-23,Sat,Bundesliga,Away,W,5.0,1.0,Bielefeld,,15.0,8.0,22.0,14.0,2.0,0.0,2.0,0.0,2021,Ein Frankfurt,5
2021-01-23,Sat,Bundesliga,Home,W,2.0,1.0,Stuttgart,,9.0,4.0,20.0,12.0,2.0,0.0,0.0,0.0,2021,Freiburg,5
2021-01-23,Sat,Bundesliga,Home,L,1.0,4.0,Werder Bremen,,18.0,10.0,16.0,12.0,2.0,0.0,3.0,0.0,2021,Hertha,5
2021-01-23,Sat,Bundesliga,Home,L,0.0,1.0,Wolfsburg,,10.0,4.0,13.0,7.0,1.0,0.0,1.0,0.0,2021,Leverkusen,5
2021-01-23,Sat,Bundesliga,Home,W,3.0,2.0,RB Leipzig,,10.0,4.0,13.0,16.0,2.0,0.0,4.0,0.0,2021,Mainz,5
2021-01-23,Sat,Bundesliga,Away,L,2.0,3.0,Mainz,,12.0,5.0,16.0,13.0,4.0,0.0,2.0,0.0,2021,RB Leipzig,5
2021-01-23,Sat,Bundesliga,Away,L,1.0,2.0,Freiburg,,27.0,11.0,12.0,20.0,0.0,0.0,2.0,0.0,2021,Stuttgart,5
2021-01-23,Sat,Bundesliga,Away,L,1.0,2.0,Augsburg,,9.0,5.0,21.0,13.0,1.0,0.0,3.0,0.0,2021,Union Berlin,5
2021-01-23,Sat,Bundesliga,Away,W,4.0,1.0,Hertha,,7.0,5.0,12.0,16.0,3.0,0.0,2.0,0.0,2021,Werder Bremen,5
2021-01-23,Sat,Bundesliga,Away,W,1.0,0.0,Leverkusen,,8.0,4.0,7.0,13.0,1.0,0.0,1.0,0.0,2021,Wolfsburg,5
2021-01-24,Sun,Bundesliga,Away,W,4.0,0.0,Schalke 04,,32.0,14.0,9.0,5.0,1.0,0.0,1.0,0.0,2021,Bayern Munich,6
2021-01-24,Sun,Bundesliga,Away,L,0.0,3.0,Hoffenheim,,13.0,4.0,13.0,8.0,3.0,0.0,2.0,0.0,2021,FC Koln,6
2021-01-24,Sun,Bundesliga,Home,W,3.0,0.0,FC Koln,,13.0,4.0,8.0,13.0,2.0,0.0,3.0,0.0,2021,Hoffenheim,6
2021-01-24,Sun,Bundesliga,Home,L,0.0,4.0,Bayern Munich,,14.0,4.0,5.0,9.0,1.0,0.0,1.0,0.0,2021,Schalke 04,6
2021-01-29,Fri,Bundesliga,Away,L,0.0,2.0,Stuttgart,,10.0,2.0,20.0,9.0,4.0,0.0,1.0,0.0,2021,Mainz,4
2021-01-29,Fri,Bundesliga,Home,W,2.0,0.0,Mainz,,9.0,3.0,9.0,20.0,1.0,0.0,4.0,0.0,2021,Stuttgart,4
2021-01-30,Sat,Bundesliga,Away,L,1.0,3.0,Dortmund,,5.0,1.0,11.0,12.0,1.0,0.0,0.0,0.0,2021,Augsburg,5
2021-01-30,Sat,Bundesliga,Home,W,4.0,1.0,Hoffenheim,,15.0,9.0,10.0,8.0,1.0,0.0,0.0,0.0,2021,Bayern Munich,5
2021-01-30,Sat,Bundesliga,Home,W,3.0,1.0,Augsburg,,14.0,5.0,12.0,11.0,0.0,0.0,1.0,0.0,2021,Dortmund,5
2021-01-30,Sat,Bundesliga,Home,W,3.0,1.0,Hertha,,17.0,8.0,17.0,14.0,1.0,0.0,4.0,0.0,2021,Ein Frankfurt,5
2021-01-30,Sat,Bundesliga,Away,L,1.0,3.0,Ein Frankfurt,,11.0,4.0,14.0,17.0,4.0,0.0,1.0,0.0,2021,Hertha,5
2021-01-30,Sat,Bundesliga,Away,L,1.0,4.0,Bayern Munich,,15.0,5.0,8.0,10.0,0.0,0.0,1.0,0.0,2021,Hoffenheim,5
2021-01-30,Sat,Bundesliga,Away,L,0.0,1.0,RB Leipzig,,8.0,4.0,15.0,11.0,2.0,0.0,2.0,0.0,2021,Leverkusen,5
2021-01-30,Sat,Bundesliga,Away,D,1.0,1.0,Union Berlin,,12.0,4.0,13.0,12.0,3.0,0.0,1.0,0.0,2021,M'gladbach,5
2021-01-30,Sat,Bundesliga,Home,W,1.0,0.0,Leverkusen,,16.0,2.0,11.0,15.0,2.0,0.0,2.0,0.0,2021,RB Leipzig,5
2021-01-30,Sat,Bundesliga,Away,D,1.0,1.0,Werder Bremen,,6.0,1.0,20.0,11.0,4.0,0.0,0.0,0.0,2021,Schalke 04,5
2021-01-30,Sat,Bundesliga,Home,D,1.0,1.0,M'gladbach,,13.0,3.0,12.0,13.0,1.0,0.0,3.0,0.0,2021,Union Berlin,5
2021-01-30,Sat,Bundesliga,Home,D,1.0,1.0,Schalke 04,,15.0,6.0,11.0,20.0,0.0,0.0,4.0,0.0,2021,Werder Bremen,5
2021-01-31,Sun,Bundesliga,Away,L,1.0,3.0,FC Koln,,9.0,3.0,17.0,15.0,1.0,0.0,2.0,0.0,2021,Bielefeld,6
2021-01-31,Sun,Bundesliga,Home,W,3.0,1.0,Bielefeld,,14.0,7.0,15.0,17.0,2.0,0.0,1.0,0.0,2021,FC Koln,6
2021-01-31,Sun,Bundesliga,Away,L,0.0,3.0,Wolfsburg,,9.0,2.0,10.0,13.0,0.0,0.0,0.0,0.0,2021,Freiburg,6
2021-01-31,Sun,Bundesliga,Home,W,3.0,0.0,Freiburg,,12.0,6.0,13.0,10.0,0.0,0.0,0.0,0.0,2021,Wolfsburg,6
2021-02-05,Fri,Bundesliga,Away,W,1.0,0.0,Hertha,,17.0,7.0,15.0,12.0,1.0,0.0,2.0,0.0,2021,Bayern Munich,4
2021-02-05,Fri,Bundesliga,Home,L,0.0,1.0,Bayern Munich,,11.0,7.0,12.0,15.0,2.0,0.0,1.0,0.0,2021,Hertha,4
2021-02-06,Sat,Bundesliga,Home,L,0.0,2.0,Wolfsburg,,9.0,1.0,10.0,15.0,2.0,0.0,0.0,0.0,2021,Augsburg,5
2021-02-06,Sat,Bundesliga,Away,L,1.0,2.0,Freiburg,,16.0,5.0,12.0,12.0,2.0,0.0,1.0,0.0,2021,Dortmund,5
2021-02-06,Sat,Bundesliga,Away,W,2.0,1.0,M'gladbach,,7.0,3.0,11.0,17.0,2.0,0.0,4.0,0.0,2021,FC Koln,5
2021-02-06,Sat,Bundesliga,Home,W,2.0,1.0,Dortmund,,6.0,3.0,12.0,12.0,1.0,0.0,2.0,0.0,2021,Freiburg,5
2021-02-06,Sat,Bundesliga,Home,W,5.0,2.0,Stuttgart,,25.0,11.0,12.0,9.0,0.0,0.0,0.0,0.0,2021,Leverkusen,5
2021-02-06,Sat,Bundesliga,Home,L,1.0,2.0,FC Koln,,10.0,2.0,17.0,11.0,4.0,0.0,2.0,0.0,2021,M'gladbach,5
2021-02-06,Sat,Bundesliga,Home,W,1.0,0.0,Union Berlin,,9.0,5.0,12.0,11.0,2.0,0.0,5.0,1.0,2021,Mainz,5
2021-02-06,Sat,Bundesliga,Away,W,3.0,0.0,Schalke 04,,24.0,10.0,16.0,14.0,1.0,0.0,2.0,0.0,2021,RB Leipzig,5
2021-02-06,Sat,Bundesliga,Home,L,0.0,3.0,RB Leipzig,,3.0,1.0,14.0,16.0,2.0,0.0,1.0,0.0,2021,Schalke 04,5
2021-02-06,Sat,Bundesliga,Away,L,2.0,5.0,Leverkusen,,14.0,7.0,9.0,12.0,0.0,0.0,0.0,0.0,2021,Stuttgart,5
2021-02-06,Sat,Bundesliga,Away,L,0.0,1.0,Mainz,,10.0,3.0,11.0,12.0,5.0,1.0,2.0,0.0,2021,Union Berlin,5
2021-02-06,Sat,Bundesliga,Away,W,2.0,0.0,Augsburg,,17.0,9.0,15.0,10.0,0.0,0.0,2.0,0.0,2021,Wolfsburg,5
2021-02-07,Sun,Bundesliga,Away,W,3.0,1.0,Hoffenheim,,9.0,5.0,12.0,15.0,3.0,0.0,0.0,0.0,2021,Ein Frankfurt,6
2021-02-07,Sun,Bundesliga,Home,L,1.0,3.0,Ein Frankfurt,,8.0,2.0,15.0,12.0,0.0,0.0,3.0,0.0,2021,Hoffenheim,6
2021-02-12,Fri,Bundesliga,Away,L,1.0,2.0,RB Leipzig,,4.0,2.0,15.0,23.0,5.0,0.0,3.0,0.0,2021,Augsburg,4
2021-02-12,Fri,Bundesliga,Home,W,2.0,1.0,Augsburg,,16.0,6.0,23.0,15.0,3.0,0.0,5.0,0.0,2021,RB Leipzig,4
2021-02-13,Sat,Bundesliga,Home,D,2.0,2.0,Hoffenheim,,6.0,3.0,21.0,16.0,3.0,0.0,7.0,0.0,2021,Dortmund,5
2021-02-13,Sat,Bundesliga,Away,D,0.0,0.0,Werder Bremen,,8.0,2.0,20.0,4.0,2.0,0.0,0.0,0.0,2021,Freiburg,5
2021-02-13,Sat,Bundesliga,Away,D,1.0,1.0,Stuttgart,,11.0,3.0,17.0,21.0,2.0,0.0,2.0,0.0,2021,Hertha,5
2021-02-13,Sat,Bundesliga,Away,D,2.0,2.0,Dortmund,,12.0,6.0,16.0,21.0,7.0,0.0,3.0,0.0,2021,Hoffenheim,5
2021-02-13,Sat,Bundesliga,Home,D,2.0,2.0,Mainz,,11.0,5.0,13.0,17.0,5.0,0.0,1.0,0.0,2021,Leverkusen,5
2021-02-13,Sat,Bundesliga,Away,D,2.0,2.0,Leverkusen,,19.0,6.0,17.0,13.0,1.0,0.0,5.0,0.0,2021,Mainz,5
2021-02-13,Sat,Bundesliga,Away,D,0.0,0.0,Union Berlin,,6.0,1.0,15.0,14.0,2.0,0.0,3.0,0.0,2021,Schalke 04,5
2021-02-13,Sat,Bundesliga,Home,D,1.0,1.0,Hertha,,11.0,3.0,21.0,17.0,2.0,0.0,2.0,0.0,2021,Stuttgart,5
2021-02-13,Sat,Bundesliga,Home,D,0.0,0.0,Schalke 04,,19.0,3.0,14.0,15.0,3.0,0.0,2.0,0.0,2021,Union Berlin,5
2021-02-13,Sat,Bundesliga,Home,D,0.0,0.0,Freiburg,,12.0,4.0,4.0,20.0,0.0,0.0,2.0,0.0,2021,Werder Bremen,5
2021-02-14,Sun,Bundesliga,Home,W,2.0,0.0,FC Koln,,17.0,7.0,14.0,4.0,3.0,0.0,1.0,0.0,2021,Ein Frankfurt,6
2021-02-14,Sun,Bundesliga,Away,L,0.0,2.0,Ein Frankfurt,,6.0,1.0,4.0,14.0,1.0,0.0,3.0,0.0,2021,FC Koln,6
2021-02-14,Sun,Bundesliga,Away,D,0.0,0.0,Wolfsburg,,12.0,4.0,11.0,10.0,3.0,0.0,1.0,0.0,2021,M'gladbach,6
2021-02-14,Sun,Bundesliga,Home,D,0.0,0.0,M'gladbach,,18.0,6.0,10.0,11.0,1.0,0.0,3.0,0.0,2021,Wolfsburg,6
2021-02-15,Mon,Bundesliga,Home,D,3.0,3.0,Bielefeld,,19.0,11.0,7.0,13.0,1.0,0.0,1.0,0.0,2021,Bayern Munich,0
2021-02-15,Mon,Bundesliga,Away,D,3.0,3.0,Bayern Munich,,7.0,3.0,13.0,7.0,1.0,0.0,1.0,0.0,2021,Bielefeld,0
2021-02-19,Fri,Bundesliga,Home,L,0.0,3.0,Wolfsburg,,7.0,2.0,10.0,14.0,0.0,0.0,2.0,0.0,2021,Bielefeld,4
2021-02-19,Fri,Bundesliga,Away,W,3.0,0.0,Bielefeld,,11.0,6.0,14.0,10.0,2.0,0.0,0.0,0.0,2021,Wolfsburg,4
2021-02-20,Sat,Bundesliga,Away,L,1.0,2.0,Ein Frankfurt,,22.0,6.0,7.0,12.0,1.0,0.0,2.0,0.0,2021,Bayern Munich,5
2021-02-20,Sat,Bundesliga,Away,W,4.0,0.0,Schalke 04,,9.0,6.0,13.0,9.0,2.0,0.0,2.0,0.0,2021,Dortmund,5
2021-02-20,Sat,Bundesliga,Home,W,2.0,1.0,Bayern Munich,,12.0,6.0,12.0,7.0,2.0,0.0,1.0,0.0,2021,Ein Frankfurt,5
2021-02-20,Sat,Bundesliga,Home,L,0.0,1.0,Stuttgart,,9.0,0.0,15.0,10.0,2.0,0.0,1.0,0.0,2021,FC Koln,5
2021-02-20,Sat,Bundesliga,Home,L,0.0,1.0,Union Berlin,,9.0,1.0,15.0,14.0,2.0,0.0,2.0,0.0,2021,Freiburg,5
2021-02-20,Sat,Bundesliga,Home,L,1.0,2.0,Mainz,,12.0,3.0,10.0,16.0,1.0,0.0,1.0,0.0,2021,M'gladbach,5
2021-02-20,Sat,Bundesliga,Away,W,2.0,1.0,M'gladbach,,8.0,6.0,16.0,10.0,1.0,0.0,1.0,0.0,2021,Mainz,5
2021-02-20,Sat,Bundesliga,Home,L,0.0,4.0,Dortmund,,13.0,2.0,9.0,13.0,2.0,0.0,2.0,0.0,2021,Schalke 04,5
2021-02-20,Sat,Bundesliga,Away,W,1.0,0.0,FC Koln,,9.0,3.0,10.0,15.0,1.0,0.0,2.0,0.0,2021,Stuttgart,5
2021-02-20,Sat,Bundesliga,Away,W,1.0,0.0,Freiburg,,15.0,4.0,14.0,15.0,2.0,0.0,2.0,0.0,2021,Union Berlin,5
2021-02-21,Sun,Bundesliga,Home,D,1.0,1.0,Leverkusen,,6.0,3.0,16.0,13.0,2.0,0.0,4.0,0.0,2021,Augsburg,6
2021-02-21,Sun,Bundesliga,Home,L,0.0,3.0,RB Leipzig,,8.0,4.0,10.0,8.0,1.0,0.0,1.0,0.0,2021,Hertha,6
2021-02-21,Sun,Bundesliga,Home,W,4.0,0.0,Werder Bremen,,12.0,6.0,16.0,12.0,2.0,0.0,2.0,0.0,2021,Hoffenheim,6
2021-02-21,Sun,Bundesliga,Away,D,1.0,1.0,Augsburg,,10.0,3.0,13.0,16.0,4.0,0.0,2.0,0.0,2021,Leverkusen,6
2021-02-21,Sun,Bundesliga,Away,W,3.0,0.0,Hertha,,14.0,7.0,8.0,10.0,1.0,0.0,1.0,0.0,2021,RB Leipzig,6
2021-02-21,Sun,Bundesliga,Away,L,0.0,4.0,Hoffenheim,,3.0,1.0,12.0,16.0,2.0,0.0,2.0,0.0,2021,Werder Bremen,6
2021-02-26,Fri,Bundesliga,Away,L,1.0,2.0,Werder Bremen,,13.0,4.0,15.0,9.0,3.0,0.0,4.0,0.0,2021,Ein Frankfurt,4
2021-02-26,Fri,Bundesliga,Home,W,2.0,1.0,Ein Frankfurt,,9.0,5.0,9.0,15.0,4.0,0.0,3.0,0.0,2021,Werder Bremen,4
2021-02-27,Sat,Bundesliga,Home,W,5.0,1.0,FC Koln,,15.0,7.0,7.0,9.0,2.0,0.0,1.0,0.0,2021,Bayern Munich,5
2021-02-27,Sat,Bundesliga,Away,L,0.0,3.0,Dortmund,,8.0,2.0,16.0,12.0,3.0,0.0,0.0,0.0,2021,Bielefeld,5
2021-02-27,Sat,Bundesliga,Home,W,3.0,0.0,Bielefeld,,20.0,9.0,12.0,16.0,0.0,0.0,3.0,0.0,2021,Dortmund,5
2021-02-27,Sat,Bundesliga,Away,L,1.0,5.0,Bayern Munich,,6.0,3.0,9.0,7.0,1.0,0.0,2.0,0.0,2021,FC Koln,5
2021-02-27,Sat,Bundesliga,Away,L,0.0,2.0,Wolfsburg,,7.0,2.0,14.0,15.0,0.0,0.0,5.0,1.0,2021,Hertha,5
2021-02-27,Sat,Bundesliga,Away,L,2.0,3.0,RB Leipzig,,5.0,2.0,15.0,20.0,2.0,0.0,2.0,0.0,2021,M'gladbach,5
2021-02-27,Sat,Bundesliga,Home,W,3.0,2.0,M'gladbach,,21.0,11.0,20.0,15.0,2.0,0.0,2.0,0.0,2021,RB Leipzig,5
2021-02-27,Sat,Bundesliga,Away,L,1.0,5.0,Stuttgart,,11.0,5.0,18.0,15.0,3.0,0.0,2.0,0.0,2021,Schalke 04,5
2021-02-27,Sat,Bundesliga,Home,W,5.0,1.0,Schalke 04,,19.0,10.0,15.0,18.0,2.0,0.0,3.0,0.0,2021,Stuttgart,5
2021-02-27,Sat,Bundesliga,Home,W,2.0,0.0,Hertha,,11.0,2.0,15.0,14.0,5.0,1.0,0.0,0.0,2021,Wolfsburg,5
2021-02-28,Sun,Bundesliga,Away,W,1.0,0.0,Mainz,,8.0,3.0,7.0,9.0,2.0,0.0,1.0,0.0,2021,Augsburg,6
2021-02-28,Sun,Bundesliga,Away,W,2.0,1.0,Leverkusen,,6.0,3.0,11.0,12.0,3.0,0.0,2.0,0.0,2021,Freiburg,6
2021-02-28,Sun,Bundesliga,Away,D,1.0,1.0,Union Berlin,,15.0,4.0,12.0,13.0,2.0,0.0,0.0,0.0,2021,Hoffenheim,6
2021-02-28,Sun,Bundesliga,Home,L,1.0,2.0,Freiburg,,21.0,5.0,12.0,11.0,2.0,0.0,3.0,0.0,2021,Leverkusen,6
2021-02-28,Sun,Bundesliga,Home,L,0.0,1.0,Augsburg,,10.0,5.0,9.0,7.0,1.0,0.0,2.0,0.0,2021,Mainz,6
2021-02-28,Sun,Bundesliga,Home,D,1.0,1.0,Hoffenheim,,4.0,1.0,13.0,12.0,0.0,0.0,2.0,0.0,2021,Union Berlin,6
2021-03-05,Fri,Bundesliga,Away,D,0.0,0.0,Schalke 04,,19.0,2.0,16.0,10.0,2.0,0.0,2.0,0.0,2021,Mainz,4
2021-03-05,Fri,Bundesliga,Home,D,0.0,0.0,Mainz,,2.0,2.0,10.0,16.0,2.0,0.0,2.0,0.0,2021,Schalke 04,4
2021-03-06,Sat,Bundesliga,Away,L,1.0,2.0,Hertha,,7.0,4.0,13.0,15.0,3.0,0.0,2.0,0.0,2021,Augsburg,5
2021-03-06,Sat,Bundesliga,Home,W,4.0,2.0,Dortmund,,25.0,9.0,8.0,13.0,1.0,0.0,1.0,0.0,2021,Bayern Munich,5
2021-03-06,Sat,Bundesliga,Away,L,2.0,4.0,Bayern Munich,,4.0,3.0,13.0,8.0,1.0,0.0,1.0,0.0,2021,Dortmund,5
2021-03-06,Sat,Bundesliga,Home,D,1.0,1.0,Stuttgart,,19.0,8.0,15.0,17.0,2.0,0.0,3.0,0.0,2021,Ein Frankfurt,5
2021-03-06,Sat,Bundesliga,Home,L,0.0,3.0,RB Leipzig,,5.0,1.0,10.0,13.0,1.0,0.0,1.0,0.0,2021,Freiburg,5
2021-03-06,Sat,Bundesliga,Home,W,2.0,1.0,Augsburg,,17.0,7.0,15.0,13.0,2.0,0.0,3.0,0.0,2021,Hertha,5
2021-03-06,Sat,Bundesliga,Home,W,2.0,1.0,Wolfsburg,,9.0,4.0,13.0,15.0,2.0,0.0,4.0,1.0,2021,Hoffenheim,5
2021-03-06,Sat,Bundesliga,Away,W,1.0,0.0,M'gladbach,,13.0,5.0,10.0,6.0,2.0,0.0,0.0,0.0,2021,Leverkusen,5
2021-03-06,Sat,Bundesliga,Home,L,0.0,1.0,Leverkusen,,7.0,3.0,6.0,10.0,0.0,0.0,2.0,0.0,2021,M'gladbach,5
2021-03-06,Sat,Bundesliga,Away,W,3.0,0.0,Freiburg,,13.0,8.0,13.0,10.0,1.0,0.0,1.0,0.0,2021,RB Leipzig,5
2021-03-06,Sat,Bundesliga,Away,D,1.0,1.0,Ein Frankfurt,,8.0,1.0,17.0,15.0,3.0,0.0,2.0,0.0,2021,Stuttgart,5
2021-03-06,Sat,Bundesliga,Away,L,1.0,2.0,Hoffenheim,,17.0,5.0,15.0,13.0,4.0,1.0,2.0,0.0,2021,Wolfsburg,5
2021-03-07,Sun,Bundesliga,Home,D,0.0,0.0,Union Berlin,,5.0,3.0,9.0,5.0,0.0,0.0,0.0,0.0,2021,Bielefeld,6
2021-03-07,Sun,Bundesliga,Home,D,1.0,1.0,Werder Bremen,,16.0,4.0,13.0,10.0,2.0,0.0,0.0,0.0,2021,FC Koln,6
2021-03-07,Sun,Bundesliga,Away,D,0.0,0.0,Bielefeld,,7.0,3.0,5.0,9.0,0.0,0.0,0.0,0.0,2021,Union Berlin,6
2021-03-07,Sun,Bundesliga,Away,D,1.0,1.0,FC Koln,,11.0,5.0,10.0,13.0,0.0,0.0,2.0,0.0,2021,Werder Bremen,6
2021-03-10,Wed,Bundesliga,Home,L,0.0,2.0,Werder Bremen,,22.0,7.0,12.0,9.0,0.0,1.0,2.0,0.0,2021,Bielefeld,2
2021-03-10,Wed,Bundesliga,Away,W,2.0,0.0,Bielefeld,,5.0,2.0,9.0,12.0,2.0,0.0,0.0,1.0,2021,Werder Bremen,2
2021-03-12,Fri,Bundesliga,Home,W,3.0,1.0,M'gladbach,,10.0,3.0,6.0,10.0,0.0,0.0,0.0,0.0,2021,Augsburg,4
2021-03-12,Fri,Bundesliga,Away,L,1.0,3.0,Augsburg,,28.0,7.0,10.0,6.0,0.0,0.0,0.0,0.0,2021,M'gladbach,4
2021-03-13,Sat,Bundesliga,Away,W,3.0,1.0,Werder Bremen,,22.0,6.0,9.0,5.0,0.0,0.0,1.0,0.0,2021,Bayern Munich,5
2021-03-13,Sat,Bundesliga,Home,W,2.0,0.0,Hertha,,14.0,4.0,6.0,11.0,1.0,0.0,1.0,1.0,2021,Dortmund,5
2021-03-13,Sat,Bundesliga,Away,L,1.0,2.0,Union Berlin,,9.0,5.0,13.0,20.0,3.0,0.0,2.0,0.0,2021,FC Koln,5
2021-03-13,Sat,Bundesliga,Away,L,0.0,1.0,Mainz,,13.0,3.0,15.0,25.0,3.0,0.0,1.0,0.0,2021,Freiburg,5
2021-03-13,Sat,Bundesliga,Away,L,0.0,2.0,Dortmund,,4.0,0.0,11.0,6.0,1.0,1.0,1.0,0.0,2021,Hertha,5
2021-03-13,Sat,Bundesliga,Home,W,1.0,0.0,Freiburg,,10.0,7.0,25.0,15.0,1.0,0.0,3.0,0.0,2021,Mainz,5
2021-03-13,Sat,Bundesliga,Away,L,0.0,5.0,Wolfsburg,,7.0,2.0,8.0,12.0,1.0,0.0,0.0,0.0,2021,Schalke 04,5
2021-03-13,Sat,Bundesliga,Home,W,2.0,1.0,FC Koln,,13.0,8.0,20.0,13.0,2.0,0.0,3.0,0.0,2021,Union Berlin,5
2021-03-13,Sat,Bundesliga,Home,L,1.0,3.0,Bayern Munich,,9.0,4.0,5.0,9.0,1.0,0.0,0.0,0.0,2021,Werder Bremen,5
2021-03-13,Sat,Bundesliga,Home,W,5.0,0.0,Schalke 04,,16.0,7.0,12.0,8.0,0.0,0.0,1.0,0.0,2021,Wolfsburg,5
2021-03-14,Sun,Bundesliga,Away,W,2.0,1.0,Leverkusen,,10.0,5.0,9.0,16.0,1.0,0.0,2.0,0.0,2021,Bielefeld,6
2021-03-14,Sun,Bundesliga,Away,D,1.0,1.0,RB Leipzig,,5.0,2.0,21.0,14.0,3.0,0.0,2.0,0.0,2021,Ein Frankfurt,6
2021-03-14,Sun,Bundesliga,Away,L,0.0,2.0,Stuttgart,,16.0,5.0,9.0,14.0,2.0,0.0,0.0,0.0,2021,Hoffenheim,6
2021-03-14,Sun,Bundesliga,Home,L,1.0,2.0,Bielefeld,,20.0,8.0,16.0,9.0,2.0,0.0,1.0,0.0,2021,Leverkusen,6
2021-03-14,Sun,Bundesliga,Home,D,1.0,1.0,Ein Frankfurt,,14.0,8.0,14.0,21.0,2.0,0.0,3.0,0.0,2021,RB Leipzig,6
2021-03-14,Sun,Bundesliga,Home,W,2.0,0.0,Hoffenheim,,7.0,4.0,14.0,9.0,0.0,0.0,2.0,0.0,2021,Stuttgart,6
2021-03-19,Fri,Bundesliga,Home,L,0.0,1.0,RB Leipzig,,5.0,0.0,10.0,12.0,2.0,0.0,1.0,0.0,2021,Bielefeld,4
2021-03-19,Fri,Bundesliga,Away,W,1.0,0.0,Bielefeld,,20.0,8.0,12.0,10.0,1.0,0.0,2.0,0.0,2021,RB Leipzig,4
2021-03-20,Sat,Bundesliga,Home,W,4.0,0.0,Stuttgart,,15.0,7.0,10.0,12.0,1.0,1.0,2.0,0.0,2021,Bayern Munich,5
2021-03-20,Sat,Bundesliga,Away,D,2.0,2.0,FC Koln,,13.0,4.0,12.0,4.0,1.0,0.0,1.0,0.0,2021,Dortmund,5
2021-03-20,Sat,Bundesliga,Home,W,5.0,2.0,Union Berlin,,9.0,5.0,9.0,10.0,1.0,0.0,2.0,0.0,2021,Ein Frankfurt,5
2021-03-20,Sat,Bundesliga,Home,D,2.0,2.0,Dortmund,,10.0,2.0,4.0,12.0,1.0,0.0,1.0,0.0,2021,FC Koln,5
2021-03-20,Sat,Bundesliga,Away,W,3.0,0.0,Schalke 04,,21.0,7.0,8.0,8.0,2.0,0.0,1.0,0.0,2021,M'gladbach,5
2021-03-20,Sat,Bundesliga,Home,L,0.0,3.0,M'gladbach,,4.0,1.0,8.0,8.0,1.0,0.0,2.0,0.0,2021,Schalke 04,5
2021-03-20,Sat,Bundesliga,Away,L,0.0,4.0,Bayern Munich,,12.0,4.0,12.0,10.0,2.0,0.0,1.0,1.0,2021,Stuttgart,5
2021-03-20,Sat,Bundesliga,Away,L,2.0,5.0,Ein Frankfurt,,24.0,8.0,10.0,9.0,2.0,0.0,1.0,0.0,2021,Union Berlin,5
2021-03-20,Sat,Bundesliga,Home,L,1.0,2.0,Wolfsburg,,11.0,4.0,15.0,15.0,3.0,0.0,1.0,0.0,2021,Werder Bremen,5
2021-03-20,Sat,Bundesliga,Away,W,2.0,1.0,Werder Bremen,,16.0,5.0,15.0,15.0,1.0,0.0,3.0,0.0,2021,Wolfsburg,5
2021-03-21,Sun,Bundesliga,Away,L,0.0,2.0,Freiburg,,19.0,8.0,13.0,21.0,2.0,0.0,7.0,0.0,2021,Augsburg,6
2021-03-21,Sun,Bundesliga,Home,W,2.0,0.0,Augsburg,,10.0,3.0,21.0,13.0,7.0,0.0,2.0,0.0,2021,Freiburg,6
2021-03-21,Sun,Bundesliga,Home,W,3.0,0.0,Leverkusen,,13.0,10.0,10.0,20.0,0.0,0.0,2.0,0.0,2021,Hertha,6
2021-03-21,Sun,Bundesliga,Home,L,1.0,2.0,Mainz,,8.0,2.0,14.0,12.0,0.0,0.0,0.0,0.0,2021,Hoffenheim,6
2021-03-21,Sun,Bundesliga,Away,L,0.0,3.0,Hertha,,9.0,1.0,20.0,10.0,2.0,0.0,0.0,0.0,2021,Leverkusen,6
2021-03-21,Sun,Bundesliga,Away,W,2.0,1.0,Hoffenheim,,16.0,7.0,12.0,14.0,0.0,0.0,0.0,0.0,2021,Mainz,6
2021-04-03,Sat,Bundesliga,Home,W,2.0,1.0,Hoffenheim,,7.0,2.0,7.0,11.0,1.0,0.0,1.0,0.0,2021,Augsburg,5
2021-04-03,Sat,Bundesliga,Away,W,1.0,0.0,RB Leipzig,,9.0,5.0,9.0,13.0,2.0,0.0,3.0,0.0,2021,Bayern Munich,5
2021-04-03,Sat,Bundesliga,Away,D,1.0,1.0,Mainz,,9.0,2.0,10.0,27.0,1.0,0.0,4.0,0.0,2021,Bielefeld,5
2021-04-03,Sat,Bundesliga,Home,L,1.0,2.0,Ein Frankfurt,,20.0,7.0,9.0,12.0,0.0,0.0,3.0,0.0,2021,Dortmund,5
2021-04-03,Sat,Bundesliga,Away,W,2.0,1.0,Dortmund,,15.0,3.0,12.0,9.0,3.0,0.0,0.0,0.0,2021,Ein Frankfurt,5
2021-04-03,Sat,Bundesliga,Away,L,0.0,1.0,Wolfsburg,,10.0,1.0,11.0,18.0,1.0,0.0,2.0,0.0,2021,FC Koln,5
2021-04-03,Sat,Bundesliga,Away,L,1.0,2.0,M'gladbach,,7.0,4.0,14.0,11.0,3.0,0.0,1.0,0.0,2021,Freiburg,5
2021-04-03,Sat,Bundesliga,Away,L,1.0,2.0,Augsburg,,16.0,6.0,11.0,7.0,1.0,0.0,1.0,0.0,2021,Hoffenheim,5
2021-04-03,Sat,Bundesliga,Home,W,2.0,1.0,Schalke 04,,6.0,2.0,13.0,9.0,1.0,0.0,0.0,0.0,2021,Leverkusen,5
2021-04-03,Sat,Bundesliga,Home,W,2.0,1.0,Freiburg,,19.0,5.0,11.0,14.0,1.0,0.0,3.0,0.0,2021,M'gladbach,5
2021-04-03,Sat,Bundesliga,Home,D,1.0,1.0,Bielefeld,,12.0,5.0,27.0,10.0,4.0,0.0,1.0,0.0,2021,Mainz,5
2021-04-03,Sat,Bundesliga,Home,L,0.0,1.0,Bayern Munich,,13.0,3.0,13.0,9.0,3.0,0.0,2.0,0.0,2021,RB Leipzig,5
2021-04-03,Sat,Bundesliga,Away,L,1.0,2.0,Leverkusen,,4.0,2.0,9.0,13.0,0.0,0.0,1.0,0.0,2021,Schalke 04,5
2021-04-03,Sat,Bundesliga,Home,W,1.0,0.0,FC Koln,,13.0,6.0,18.0,11.0,2.0,0.0,1.0,0.0,2021,Wolfsburg,5
2021-04-04,Sun,Bundesliga,Away,D,1.0,1.0,Union Berlin,,4.0,1.0,12.0,13.0,4.0,0.0,2.0,0.0,2021,Hertha,6
2021-04-04,Sun,Bundesliga,Home,W,1.0,0.0,Werder Bremen,,14.0,3.0,8.0,8.0,1.0,0.0,2.0,0.0,2021,Stuttgart,6
2021-04-04,Sun,Bundesliga,Home,D,1.0,1.0,Hertha,,11.0,3.0,13.0,12.0,2.0,0.0,4.0,0.0,2021,Union Berlin,6
2021-04-04,Sun,Bundesliga,Away,L,0.0,1.0,Stuttgart,,9.0,2.0,8.0,8.0,2.0,0.0,1.0,0.0,2021,Werder Bremen,6
2021-04-09,Fri,Bundesliga,Home,W,1.0,0.0,Freiburg,,14.0,4.0,8.0,10.0,3.0,0.0,2.0,0.0,2021,Bielefeld,4
2021-04-09,Fri,Bundesliga,Away,L,0.0,1.0,Bielefeld,,10.0,2.0,10.0,8.0,2.0,0.0,3.0,0.0,2021,Freiburg,4
2021-04-10,Sat,Bundesliga,Home,D,1.0,1.0,Union Berlin,,14.0,2.0,10.0,12.0,2.0,0.0,0.0,0.0,2021,Bayern Munich,5
2021-04-10,Sat,Bundesliga,Away,W,3.0,2.0,Stuttgart,,18.0,7.0,11.0,13.0,2.0,0.0,4.0,0.0,2021,Dortmund,5
2021-04-10,Sat,Bundesliga,Home,W,4.0,3.0,Wolfsburg,,9.0,5.0,11.0,13.0,3.0,0.0,2.0,0.0,2021,Ein Frankfurt,5
2021-04-10,Sat,Bundesliga,Home,D,2.0,2.0,M'gladbach,,24.0,8.0,12.0,17.0,2.0,0.0,1.0,1.0,2021,Hertha,5
2021-04-10,Sat,Bundesliga,Away,D,2.0,2.0,Hertha,,7.0,4.0,17.0,12.0,1.0,1.0,2.0,0.0,2021,M'gladbach,5
2021-04-10,Sat,Bundesliga,Away,W,4.0,1.0,Werder Bremen,,8.0,4.0,10.0,13.0,0.0,0.0,0.0,0.0,2021,RB Leipzig,5
2021-04-10,Sat,Bundesliga,Home,L,2.0,3.0,Dortmund,,13.0,3.0,13.0,11.0,4.0,0.0,2.0,0.0,2021,Stuttgart,5
2021-04-10,Sat,Bundesliga,Away,D,1.0,1.0,Bayern Munich,,6.0,2.0,12.0,10.0,0.0,0.0,2.0,0.0,2021,Union Berlin,5
2021-04-10,Sat,Bundesliga,Home,L,1.0,4.0,RB Leipzig,,11.0,2.0,13.0,10.0,0.0,0.0,0.0,0.0,2021,Werder Bremen,5
2021-04-10,Sat,Bundesliga,Away,L,3.0,4.0,Ein Frankfurt,,20.0,7.0,13.0,11.0,2.0,0.0,3.0,0.0,2021,Wolfsburg,5
2021-04-11,Sun,Bundesliga,Away,L,0.0,1.0,Schalke 04,,13.0,4.0,14.0,10.0,2.0,0.0,0.0,0.0,2021,Augsburg,6
2021-04-11,Sun,Bundesliga,Home,L,2.0,3.0,Mainz,,22.0,4.0,14.0,14.0,2.0,0.0,1.0,0.0,2021,FC Koln,6
2021-04-11,Sun,Bundesliga,Away,W,3.0,2.0,FC Koln,,9.0,6.0,14.0,14.0,1.0,0.0,2.0,0.0,2021,Mainz,6
2021-04-11,Sun,Bundesliga,Home,W,1.0,0.0,Augsburg,,7.0,2.0,10.0,14.0,0.0,0.0,2.0,0.0,2021,Schalke 04,6
2021-04-12,Mon,Bundesliga,Home,D,0.0,0.0,Leverkusen,,2.0,0.0,14.0,12.0,1.0,0.0,1.0,0.0,2021,Hoffenheim,0
2021-04-12,Mon,Bundesliga,Away,D,0.0,0.0,Hoffenheim,,7.0,5.0,12.0,14.0,1.0,0.0,1.0,0.0,2021,Leverkusen,0
2021-04-16,Fri,Bundesliga,Away,D,0.0,0.0,RB Leipzig,,6.0,0.0,13.0,14.0,2.0,0.0,0.0,0.0,2021,Hoffenheim,4
2021-04-16,Fri,Bundesliga,Home,D,0.0,0.0,Hoffenheim,,14.0,2.0,14.0,13.0,0.0,0.0,2.0,0.0,2021,RB Leipzig,4
2021-04-17,Sat,Bundesliga,Home,D,0.0,0.0,Bielefeld,,9.0,3.0,10.0,9.0,4.0,0.0,1.0,0.0,2021,Augsburg,5
2021-04-17,Sat,Bundesliga,Away,W,3.0,2.0,Wolfsburg,,14.0,9.0,8.0,16.0,1.0,0.0,2.0,0.0,2021,Bayern Munich,5
2021-04-17,Sat,Bundesliga,Away,D,0.0,0.0,Augsburg,,8.0,1.0,9.0,10.0,1.0,0.0,4.0,0.0,2021,Bielefeld,5
2021-04-17,Sat,Bundesliga,Away,L,0.0,4.0,M'gladbach,,16.0,5.0,10.0,11.0,4.0,0.0,2.0,0.0,2021,Ein Frankfurt,5
2021-04-17,Sat,Bundesliga,Away,L,0.0,3.0,Leverkusen,,14.0,2.0,12.0,12.0,1.0,0.0,1.0,0.0,2021,FC Koln,5
2021-04-17,Sat,Bundesliga,Home,W,4.0,0.0,Schalke 04,,13.0,8.0,15.0,12.0,2.0,0.0,1.0,0.0,2021,Freiburg,5
2021-04-17,Sat,Bundesliga,Home,W,3.0,0.0,FC Koln,,8.0,5.0,12.0,12.0,1.0,0.0,1.0,0.0,2021,Leverkusen,5
2021-04-17,Sat,Bundesliga,Home,W,4.0,0.0,Ein Frankfurt,,19.0,4.0,11.0,10.0,2.0,0.0,4.0,0.0,2021,M'gladbach,5
2021-04-17,Sat,Bundesliga,Away,L,0.0,4.0,Freiburg,,4.0,2.0,12.0,15.0,1.0,0.0,2.0,0.0,2021,Schalke 04,5
2021-04-17,Sat,Bundesliga,Away,L,1.0,2.0,Union Berlin,,9.0,2.0,12.0,15.0,3.0,0.0,2.0,0.0,2021,Stuttgart,5
2021-04-17,Sat,Bundesliga,Home,W,2.0,1.0,Stuttgart,,9.0,4.0,15.0,12.0,2.0,0.0,3.0,0.0,2021,Union Berlin,5
2021-04-17,Sat,Bundesliga,Home,L,2.0,3.0,Bayern Munich,,7.0,3.0,16.0,8.0,2.0,0.0,1.0,0.0,2021,Wolfsburg,5
2021-04-18,Sun,Bundesliga,Home,W,4.0,1.0,Werder Bremen,,19.0,9.0,8.0,14.0,1.0,0.0,4.0,0.0,2021,Dortmund,6
2021-04-18,Sun,Bundesliga,Away,L,1.0,4.0,Dortmund,,10.0,3.0,14.0,8.0,4.0,0.0,1.0,0.0,2021,Werder Bremen,6
2021-04-20,Tue,Bundesliga,Away,L,0.0,2.0,Ein Frankfurt,,14.0,4.0,8.0,18.0,1.0,0.0,3.0,0.0,2021,Augsburg,1
2021-04-20,Tue,Bundesliga,Home,W,2.0,0.0,Leverkusen,,26.0,9.0,6.0,14.0,0.0,0.0,0.0,0.0,2021,Bayern Munich,1
2021-04-20,Tue,Bundesliga,Home,W,1.0,0.0,Schalke 04,,10.0,5.0,14.0,12.0,3.0,0.0,5.0,1.0,2021,Bielefeld,1
2021-04-20,Tue,Bundesliga,Home,W,2.0,0.0,Augsburg,,12.0,4.0,18.0,8.0,3.0,0.0,1.0,0.0,2021,Ein Frankfurt,1
2021-04-20,Tue,Bundesliga,Home,W,2.0,1.0,RB Leipzig,,5.0,3.0,9.0,16.0,2.0,0.0,3.0,0.0,2021,FC Koln,1
2021-04-20,Tue,Bundesliga,Away,L,0.0,2.0,Bayern Munich,,6.0,3.0,14.0,6.0,0.0,0.0,0.0,0.0,2021,Leverkusen,1
2021-04-20,Tue,Bundesliga,Away,L,1.0,2.0,FC Koln,,23.0,6.0,16.0,9.0,3.0,0.0,2.0,0.0,2021,RB Leipzig,1
2021-04-20,Tue,Bundesliga,Away,L,0.0,1.0,Bielefeld,,3.0,0.0,12.0,14.0,5.0,1.0,3.0,0.0,2021,Schalke 04,1
2021-04-21,Wed,Bundesliga,Home,W,2.0,0.0,Union Berlin,,21.0,11.0,12.0,10.0,2.0,0.0,1.0,0.0,2021,Dortmund,2
2021-04-21,Wed,Bundesliga,Home,W,3.0,2.0,M'gladbach,,19.0,6.0,9.0,5.0,3.0,0.0,0.0,0.0,2021,Hoffenheim,2
2021-04-21,Wed,Bundesliga,Away,L,2.0,3.0,Hoffenheim,,5.0,3.0,5.0,9.0,0.0,0.0,3.0,0.0,2021,M'gladbach,2
2021-04-21,Wed,Bundesliga,Away,W,1.0,0.0,Werder Bremen,,13.0,5.0,13.0,7.0,2.0,0.0,1.0,0.0,2021,Mainz,2
2021-04-21,Wed,Bundesliga,Home,L,1.0,3.0,Wolfsburg,,11.0,4.0,12.0,11.0,3.0,0.0,0.0,0.0,2021,Stuttgart,2
2021-04-21,Wed,Bundesliga,Away,L,0.0,2.0,Dortmund,,6.0,2.0,10.0,12.0,1.0,0.0,2.0,0.0,2021,Union Berlin,2
2021-04-21,Wed,Bundesliga,Home,L,0.0,1.0,Mainz,,18.0,4.0,7.0,13.0,1.0,0.0,2.0,0.0,2021,Werder Bremen,2
2021-04-21,Wed,Bundesliga,Away,W,3.0,1.0,Stuttgart,,13.0,4.0,11.0,12.0,0.0,0.0,3.0,0.0,2021,Wolfsburg,2
2021-04-23,Fri,Bundesliga,Home,L,2.0,3.0,FC Koln,,13.0,5.0,17.0,13.0,2.0,0.0,3.0,0.0,2021,Augsburg,4
2021-04-23,Fri,Bundesliga,Away,W,3.0,2.0,Augsburg,,14.0,6.0,13.0,17.0,3.0,0.0,2.0,0.0,2021,FC Koln,4
2021-04-24,Sat,Bundesliga,Away,L,1.0,2.0,Mainz,,17.0,4.0,15.0,12.0,4.0,0.0,3.0,0.0,2021,Bayern Munich,5
2021-04-24,Sat,Bundesliga,Away,W,2.0,0.0,Wolfsburg,,8.0,4.0,12.0,10.0,3.0,1.0,1.0,0.0,2021,Dortmund,5
2021-04-24,Sat,Bundesliga,Away,L,1.0,3.0,Leverkusen,,12.0,4.0,8.0,9.0,1.0,0.0,1.0,0.0,2021,Ein Frankfurt,5
2021-04-24,Sat,Bundesliga,Home,D,1.0,1.0,Hoffenheim,,15.0,7.0,10.0,12.0,1.0,0.0,2.0,0.0,2021,Freiburg,5
2021-04-24,Sat,Bundesliga,Away,D,1.0,1.0,Freiburg,,16.0,4.0,12.0,10.0,2.0,0.0,1.0,0.0,2021,Hoffenheim,5
2021-04-24,Sat,Bundesliga,Home,W,3.0,1.0,Ein Frankfurt,,18.0,10.0,9.0,8.0,1.0,0.0,1.0,0.0,2021,Leverkusen,5
2021-04-24,Sat,Bundesliga,Home,W,2.0,1.0,Bayern Munich,,8.0,4.0,12.0,15.0,3.0,0.0,4.0,0.0,2021,Mainz,5
2021-04-24,Sat,Bundesliga,Home,W,3.0,1.0,Werder Bremen,,17.0,6.0,10.0,8.0,0.0,0.0,0.0,0.0,2021,Union Berlin,5
2021-04-24,Sat,Bundesliga,Away,L,1.0,3.0,Union Berlin,,9.0,5.0,8.0,10.0,0.0,0.0,0.0,0.0,2021,Werder Bremen,5
2021-04-24,Sat,Bundesliga,Home,L,0.0,2.0,Dortmund,,21.0,2.0,10.0,12.0,1.0,0.0,3.0,1.0,2021,Wolfsburg,5
2021-04-25,Sun,Bundesliga,Away,L,0.0,5.0,M'gladbach,,10.0,5.0,8.0,11.0,1.0,0.0,1.0,0.0,2021,Bielefeld,6
2021-04-25,Sun,Bundesliga,Home,W,5.0,0.0,Bielefeld,,20.0,12.0,11.0,8.0,1.0,0.0,1.0,0.0,2021,M'gladbach,6
2021-04-25,Sun,Bundesliga,Home,W,2.0,0.0,Stuttgart,,24.0,11.0,19.0,8.0,2.0,0.0,0.0,1.0,2021,RB Leipzig,6
2021-04-25,Sun,Bundesliga,Away,L,0.0,2.0,RB Leipzig,,2.0,0.0,8.0,19.0,0.0,1.0,2.0,0.0,2021,Stuttgart,6
2021-05-03,Mon,Bundesliga,Away,D,1.0,1.0,Mainz,,7.0,5.0,13.0,18.0,3.0,0.0,2.0,0.0,2021,Hertha,0
2021-05-03,Mon,Bundesliga,Home,D,1.0,1.0,Hertha,,16.0,9.0,18.0,13.0,2.0,0.0,3.0,0.0,2021,Mainz,0
2021-05-06,Thu,Bundesliga,Away,L,0.0,3.0,Hertha,,15.0,4.0,13.0,10.0,3.0,0.0,4.0,0.0,2021,Freiburg,3
2021-05-06,Thu,Bundesliga,Home,W,3.0,0.0,Freiburg,,13.0,6.0,10.0,13.0,4.0,0.0,3.0,0.0,2021,Hertha,3
2021-05-07,Fri,Bundesliga,Away,L,1.0,2.0,Stuttgart,,20.0,9.0,12.0,14.0,0.0,0.0,0.0,0.0,2021,Augsburg,4
2021-05-07,Fri,Bundesliga,Home,W,2.0,1.0,Augsburg,,14.0,6.0,14.0,12.0,0.0,0.0,0.0,0.0,2021,Stuttgart,4
2021-05-08,Sat,Bundesliga,Home,W,6.0,0.0,M'gladbach,,22.0,7.0,3.0,9.0,0.0,1.0,2.0,0.0,2021,Bayern Munich,5
2021-05-08,Sat,Bundesliga,Home,W,3.0,2.0,RB Leipzig,,15.0,4.0,8.0,13.0,1.0,0.0,1.0,0.0,2021,Dortmund,5
2021-05-08,Sat,Bundesliga,Home,W,4.0,2.0,Schalke 04,,20.0,12.0,11.0,12.0,1.0,0.0,2.0,0.0,2021,Hoffenheim,5
2021-05-08,Sat,Bundesliga,Away,D,0.0,0.0,Werder Bremen,,14.0,4.0,14.0,9.0,2.0,0.0,3.0,1.0,2021,Leverkusen,5
2021-05-08,Sat,Bundesliga,Away,L,0.0,6.0,Bayern Munich,,14.0,2.0,9.0,3.0,2.0,0.0,0.0,1.0,2021,M'gladbach,5
2021-05-08,Sat,Bundesliga,Away,L,2.0,3.0,Dortmund,,14.0,7.0,13.0,8.0,1.0,0.0,1.0,0.0,2021,RB Leipzig,5
2021-05-08,Sat,Bundesliga,Away,L,2.0,4.0,Hoffenheim,,6.0,3.0,12.0,11.0,2.0,0.0,1.0,0.0,2021,Schalke 04,5
2021-05-08,Sat,Bundesliga,Away,L,0.0,3.0,Wolfsburg,,9.0,1.0,9.0,9.0,0.0,0.0,1.0,0.0,2021,Union Berlin,5
2021-05-08,Sat,Bundesliga,Home,D,0.0,0.0,Leverkusen,,13.0,2.0,9.0,14.0,3.0,1.0,2.0,0.0,2021,Werder Bremen,5
2021-05-08,Sat,Bundesliga,Home,W,3.0,0.0,Union Berlin,,17.0,8.0,9.0,9.0,1.0,0.0,0.0,0.0,2021,Wolfsburg,5
2021-05-09,Sun,Bundesliga,Away,D,0.0,0.0,Hertha,,12.0,5.0,9.0,13.0,4.0,0.0,3.0,0.0,2021,Bielefeld,6
2021-05-09,Sun,Bundesliga,Home,D,1.0,1.0,Mainz,,14.0,4.0,10.0,14.0,2.0,0.0,0.0,0.0,2021,Ein Frankfurt,6
2021-05-09,Sun,Bundesliga,Home,L,1.0,4.0,Freiburg,,18.0,2.0,15.0,16.0,2.0,0.0,2.0,0.0,2021,FC Koln,6
2021-05-09,Sun,Bundesliga,Away,W,4.0,1.0,FC Koln,,11.0,6.0,16.0,15.0,2.0,0.0,2.0,0.0,2021,Freiburg,6
2021-05-09,Sun,Bundesliga,Home,D,0.0,0.0,Bielefeld,,11.0,4.0,13.0,9.0,3.0,0.0,4.0,0.0,2021,Hertha,6
2021-05-09,Sun,Bundesliga,Away,D,1.0,1.0,Ein Frankfurt,,6.0,3.0,14.0,10.0,0.0,0.0,2.0,0.0,2021,Mainz,6
2021-05-12,Wed,Bundesliga,Away,W,2.0,1.0,Schalke 04,,18.0,6.0,11.0,9.0,5.0,1.0,3.0,0.0,2021,Hertha,2
2021-05-12,Wed,Bundesliga,Home,L,1.0,2.0,Hertha,,12.0,1.0,9.0,11.0,3.0,0.0,5.0,1.0,2021,Schalke 04,2
2021-05-15,Sat,Bundesliga,Home,W,2.0,0.0,Werder Bremen,,15.0,7.0,12.0,17.0,3.0,1.0,3.0,1.0,2021,Augsburg,5
2021-05-15,Sat,Bundesliga,Away,D,2.0,2.0,Freiburg,,16.0,6.0,13.0,10.0,2.0,0.0,1.0,0.0,2021,Bayern Munich,5
2021-05-15,Sat,Bundesliga,Home,D,1.0,1.0,Hoffenheim,,17.0,6.0,5.0,8.0,1.0,0.0,2.0,0.0,2021,Bielefeld,5
2021-05-15,Sat,Bundesliga,Away,L,3.0,4.0,Schalke 04,,24.0,9.0,11.0,9.0,2.0,0.0,0.0,0.0,2021,Ein Frankfurt,5
2021-05-15,Sat,Bundesliga,Away,D,0.0,0.0,Hertha,,11.0,3.0,12.0,11.0,2.0,0.0,2.0,0.0,2021,FC Koln,5
2021-05-15,Sat,Bundesliga,Home,D,2.0,2.0,Bayern Munich,,13.0,4.0,10.0,13.0,1.0,0.0,2.0,0.0,2021,Freiburg,5
2021-05-15,Sat,Bundesliga,Home,D,0.0,0.0,FC Koln,,1.0,1.0,11.0,12.0,2.0,0.0,2.0,0.0,2021,Hertha,5
2021-05-15,Sat,Bundesliga,Away,D,1.0,1.0,Bielefeld,,7.0,3.0,8.0,5.0,2.0,0.0,1.0,0.0,2021,Hoffenheim,5
2021-05-15,Sat,Bundesliga,Home,D,1.0,1.0,Union Berlin,,9.0,4.0,9.0,16.0,2.0,0.0,2.0,0.0,2021,Leverkusen,5
2021-05-15,Sat,Bundesliga,Home,L,1.0,2.0,Stuttgart,,9.0,4.0,14.0,14.0,2.0,0.0,4.0,0.0,2021,M'gladbach,5
2021-05-15,Sat,Bundesliga,Home,W,4.0,3.0,Ein Frankfurt,,11.0,6.0,9.0,11.0,0.0,0.0,2.0,0.0,2021,Schalke 04,5
2021-05-15,Sat,Bundesliga,Away,W,2.0,1.0,M'gladbach,,11.0,7.0,14.0,14.0,4.0,0.0,2.0,0.0,2021,Stuttgart,5
2021-05-15,Sat,Bundesliga,Away,D,1.0,1.0,Leverkusen,,15.0,6.0,16.0,9.0,2.0,0.0,2.0,0.0,2021,Union Berlin,5
2021-05-15,Sat,Bundesliga,Away,L,0.0,2.0,Augsburg,,16.0,5.0,17.0,12.0,3.0,1.0,3.0,1.0,2021,Werder Bremen,5
2021-05-16,Sun,Bundesliga,Away,W,3.0,1.0,Mainz,,13.0,4.0,11.0,9.0,0.0,0.0,0.0,0.0,2021,Dortmund,6
2021-05-16,Sun,Bundesliga,Home,L,1.0,3.0,Dortmund,,9.0,5.0,9.0,11.0,0.0,0.0,0.0,0.0,2021,Mainz,6
2021-05-16,Sun,Bundesliga,Home,D,2.0,2.0,Wolfsburg,,14.0,4.0,13.0,15.0,3.0,0.0,3.0,0.0,2021,RB Leipzig,6
2021-05-16,Sun,Bundesliga,Away,D,2.0,2.0,RB Leipzig,,12.0,4.0,15.0,13.0,3.0,0.0,3.0,0.0,2021,Wolfsburg,6
2021-05-22,Sat,Bundesliga,Away,L,2.0,5.0,Bayern Munich,,9.0,5.0,9.0,6.0,1.0,0.0,1.0,0.0,2021,Augsburg,5
2021-05-22,Sat,Bundesliga,Home,W,5.0,2.0,Augsburg,,24.0,13.0,6.0,9.0,1.0,0.0,1.0,0.0,2021,Bayern Munich,5
2021-05-22,Sat,Bundesliga,Away,W,2.0,0.0,Stuttgart,,11.0,3.0,11.0,12.0,0.0,0.0,1.0,0.0,2021,Bielefeld,5
2021-05-22,Sat,Bundesliga,Home,W,3.0,1.0,Leverkusen,,10.0,4.0,6.0,8.0,0.0,0.0,0.0,0.0,2021,Dortmund,5
2021-05-22,Sat,Bundesliga,Home,W,3.0,1.0,Freiburg,,18.0,11.0,7.0,10.0,1.0,0.0,0.0,0.0,2021,Ein Frankfurt,5
2021-05-22,Sat,Bundesliga,Home,W,1.0,0.0,Schalke 04,,20.0,10.0,14.0,12.0,1.0,0.0,2.0,0.0,2021,FC Koln,5
2021-05-22,Sat,Bundesliga,Away,L,1.0,3.0,Ein Frankfurt,,11.0,6.0,10.0,7.0,0.0,0.0,1.0,0.0,2021,Freiburg,5
2021-05-22,Sat,Bundesliga,Away,L,1.0,2.0,Hoffenheim,,9.0,5.0,5.0,8.0,0.0,0.0,0.0,0.0,2021,Hertha,5
2021-05-22,Sat,Bundesliga,Home,W,2.0,1.0,Hertha,,21.0,5.0,8.0,5.0,0.0,0.0,0.0,0.0,2021,Hoffenheim,5
2021-05-22,Sat,Bundesliga,Away,L,1.0,3.0,Dortmund,,16.0,7.0,8.0,6.0,0.0,0.0,0.0,0.0,2021,Leverkusen,5
2021-05-22,Sat,Bundesliga,Away,W,4.0,2.0,Werder Bremen,,15.0,8.0,12.0,19.0,2.0,0.0,1.0,0.0,2021,M'gladbach,5
2021-05-22,Sat,Bundesliga,Away,W,3.0,2.0,Wolfsburg,,14.0,8.0,19.0,12.0,3.0,0.0,3.0,0.0,2021,Mainz,5
2021-05-22,Sat,Bundesliga,Away,L,1.0,2.0,Union Berlin,,17.0,7.0,10.0,15.0,1.0,0.0,2.0,0.0,2021,RB Leipzig,5
2021-05-22,Sat,Bundesliga,Away,L,0.0,1.0,FC Koln,,7.0,1.0,12.0,14.0,2.0,0.0,1.0,0.0,2021,Schalke 04,5
2021-05-22,Sat,Bundesliga,Home,L,0.0,2.0,Bielefeld,,11.0,0.0,12.0,11.0,1.0,0.0,0.0,0.0,2021,Stuttgart,5
2021-05-22,Sat,Bundesliga,Home,W,2.0,1.0,RB Leipzig,,11.0,5.0,15.0,10.0,2.0,0.0,1.0,0.0,2021,Union Berlin,5
2021-05-22,Sat,Bundesliga,Home,L,2.0,4.0,M'gladbach,,16.0,8.0,19.0,12.0,1.0,0.0,2.0,0.0,2021,Werder Bremen,5
2021-05-22,Sat,Bundesliga,Home,L,2.0,3.0,Mainz,,16.0,5.0,12.0,19.0,3.0,0.0,3.0,0.0,2021,Wolfsburg,5
2021-08-13,Fri,Bundesliga,Away,D,1.0,1.0,M'gladbach,,20.0,10.0,4.0,7.0,0.0,0.0,2.0,0.0,2022,Bayern Munich,4
2021-08-13,Fri,Bundesliga,Home,D,1.0,1.0,Bayern Munich,,11.0,5.0,7.0,4.0,2.0,0.0,0.0,0.0,2022,M'gladbach,4
2021-08-14,Sat,Bundesliga,Home,L,0.0,4.0,Hoffenheim,,7.0,0.0,8.0,9.0,1.0,0.0,2.0,0.0,2022,Augsburg,5
2021-08-14,Sat,Bundesliga,Home,D,0.0,0.0,Freiburg,,10.0,4.0,13.0,10.0,3.0,0.0,4.0,0.0,2022,Bielefeld,5
2021-08-14,Sat,Bundesliga,Away,L,0.0,1.0,Wolfsburg,,7.0,1.0,7.0,9.0,2.0,1.0,0.0,0.0,2022,Bochum,5
2021-08-14,Sat,Bundesliga,Home,W,5.0,2.0,Ein Frankfurt,,12.0,7.0,5.0,14.0,0.0,0.0,0.0,0.0,2022,Dortmund,5
2021-08-14,Sat,Bundesliga,Away,L,2.0,5.0,Dortmund,,12.0,3.0,14.0,5.0,0.0,0.0,0.0,0.0,2022,Ein Frankfurt,5
2021-08-14,Sat,Bundesliga,Away,D,0.0,0.0,Bielefeld,,14.0,6.0,10.0,13.0,4.0,0.0,3.0,0.0,2022,Freiburg,5
2021-08-14,Sat,Bundesliga,Away,L,1.0,5.0,Stuttgart,,8.0,4.0,8.0,11.0,1.0,0.0,0.0,0.0,2022,Greuther Furth,5
2021-08-14,Sat,Bundesliga,Away,W,4.0,0.0,Augsburg,,15.0,8.0,9.0,8.0,2.0,0.0,1.0,0.0,2022,Hoffenheim,5
2021-08-14,Sat,Bundesliga,Away,D,1.0,1.0,Union Berlin,,16.0,4.0,5.0,13.0,1.0,0.0,0.0,0.0,2022,Leverkusen,5
2021-08-14,Sat,Bundesliga,Home,W,5.0,1.0,Greuther Furth,,30.0,15.0,11.0,8.0,0.0,0.0,1.0,0.0,2022,Stuttgart,5
2021-08-14,Sat,Bundesliga,Home,D,1.0,1.0,Leverkusen,,8.0,5.0,13.0,5.0,0.0,0.0,1.0,0.0,2022,Union Berlin,5
2021-08-14,Sat,Bundesliga,Home,W,1.0,0.0,Bochum,,21.0,9.0,9.0,7.0,0.0,0.0,2.0,1.0,2022,Wolfsburg,5
2021-08-15,Sun,Bundesliga,Home,W,3.0,1.0,Hertha,,15.0,5.0,18.0,14.0,4.0,0.0,2.0,0.0,2022,FC Koln,6
2021-08-15,Sun,Bundesliga,Away,L,1.0,3.0,FC Koln,,11.0,5.0,14.0,18.0,2.0,0.0,4.0,0.0,2022,Hertha,6
2021-08-15,Sun,Bundesliga,Home,W,1.0,0.0,RB Leipzig,,7.0,2.0,10.0,8.0,1.0,0.0,2.0,0.0,2022,Mainz,6
2021-08-15,Sun,Bundesliga,Away,L,0.0,1.0,Mainz,,15.0,2.0,8.0,10.0,2.0,0.0,1.0,0.0,2022,RB Leipzig,6
2021-08-20,Fri,Bundesliga,Home,W,4.0,0.0,Stuttgart,,26.0,11.0,10.0,11.0,0.0,0.0,3.0,0.0,2022,RB Leipzig,4
2021-08-20,Fri,Bundesliga,Away,L,0.0,4.0,RB Leipzig,,11.0,5.0,11.0,10.0,3.0,0.0,0.0,0.0,2022,Stuttgart,4
2021-08-21,Sat,Bundesliga,Away,D,0.0,0.0,Ein Frankfurt,,4.0,0.0,10.0,8.0,3.0,0.0,3.0,0.0,2022,Augsburg,5
2021-08-21,Sat,Bundesliga,Away,D,1.0,1.0,Greuther Furth,,9.0,2.0,15.0,12.0,2.0,1.0,4.0,0.0,2022,Bielefeld,5
2021-08-21,Sat,Bundesliga,Home,W,2.0,0.0,Mainz,,9.0,5.0,15.0,19.0,4.0,0.0,3.0,0.0,2022,Bochum,5
2021-08-21,Sat,Bundesliga,Away,L,1.0,2.0,Freiburg,,19.0,2.0,14.0,14.0,4.0,0.0,1.0,0.0,2022,Dortmund,5
2021-08-21,Sat,Bundesliga,Home,D,0.0,0.0,Augsburg,,20.0,5.0,8.0,10.0,3.0,0.0,3.0,0.0,2022,Ein Frankfurt,5
2021-08-21,Sat,Bundesliga,Home,W,2.0,1.0,Dortmund,,8.0,4.0,14.0,14.0,1.0,0.0,4.0,0.0,2022,Freiburg,5
2021-08-21,Sat,Bundesliga,Home,D,1.0,1.0,Bielefeld,,20.0,5.0,12.0,15.0,4.0,0.0,2.0,1.0,2022,Greuther Furth,5
2021-08-21,Sat,Bundesliga,Home,L,1.0,2.0,Wolfsburg,,12.0,4.0,12.0,21.0,1.0,0.0,2.0,0.0,2022,Hertha,5
2021-08-21,Sat,Bundesliga,Home,W,4.0,0.0,M'gladbach,,13.0,6.0,9.0,11.0,4.0,0.0,2.0,0.0,2022,Leverkusen,5
2021-08-21,Sat,Bundesliga,Away,L,0.0,4.0,Leverkusen,,11.0,6.0,11.0,9.0,2.0,0.0,4.0,0.0,2022,M'gladbach,5
2021-08-21,Sat,Bundesliga,Away,L,0.0,2.0,Bochum,,16.0,3.0,19.0,15.0,3.0,0.0,4.0,0.0,2022,Mainz,5
2021-08-21,Sat,Bundesliga,Away,W,2.0,1.0,Hertha,,12.0,3.0,21.0,12.0,2.0,0.0,1.0,0.0,2022,Wolfsburg,5
2021-08-22,Sun,Bundesliga,Home,W,3.0,2.0,FC Koln,,18.0,6.0,14.0,10.0,1.0,0.0,1.0,0.0,2022,Bayern Munich,6
2021-08-22,Sun,Bundesliga,Away,L,2.0,3.0,Bayern Munich,,10.0,3.0,10.0,14.0,1.0,0.0,1.0,0.0,2022,FC Koln,6
2021-08-22,Sun,Bundesliga,Home,D,2.0,2.0,Union Berlin,,7.0,3.0,8.0,11.0,1.0,0.0,3.0,1.0,2022,Hoffenheim,6
2021-08-22,Sun,Bundesliga,Away,D,2.0,2.0,Hoffenheim,,11.0,8.0,11.0,8.0,3.0,1.0,1.0,0.0,2022,Union Berlin,6
2021-08-27,Fri,Bundesliga,Home,W,3.0,2.0,Hoffenheim,,23.0,13.0,9.0,12.0,2.0,0.0,3.0,0.0,2022,Dortmund,4
2021-08-27,Fri,Bundesliga,Away,L,2.0,3.0,Dortmund,,9.0,5.0,12.0,9.0,3.0,0.0,2.0,0.0,2022,Hoffenheim,4
2021-08-28,Sat,Bundesliga,Home,L,1.0,4.0,Leverkusen,,13.0,4.0,12.0,10.0,0.0,0.0,1.0,0.0,2022,Augsburg,5
2021-08-28,Sat,Bundesliga,Home,W,5.0,0.0,Hertha,,17.0,6.0,4.0,5.0,0.0,0.0,0.0,0.0,2022,Bayern Munich,5
2021-08-28,Sat,Bundesliga,Home,D,1.0,1.0,Ein Frankfurt,,14.0,5.0,13.0,17.0,0.0,0.0,3.0,0.0,2022,Bielefeld,5
2021-08-28,Sat,Bundesliga,Away,L,1.0,2.0,FC Koln,,10.0,1.0,21.0,11.0,1.0,0.0,2.0,0.0,2022,Bochum,5
2021-08-28,Sat,Bundesliga,Away,D,1.0,1.0,Bielefeld,,12.0,3.0,17.0,13.0,3.0,0.0,0.0,0.0,2022,Ein Frankfurt,5
2021-08-28,Sat,Bundesliga,Home,W,2.0,1.0,Bochum,,21.0,5.0,11.0,21.0,2.0,0.0,1.0,0.0,2022,FC Koln,5
2021-08-28,Sat,Bundesliga,Away,W,3.0,2.0,Stuttgart,,14.0,7.0,14.0,10.0,1.0,0.0,2.0,0.0,2022,Freiburg,5
2021-08-28,Sat,Bundesliga,Away,L,0.0,3.0,Mainz,,8.0,1.0,14.0,21.0,2.0,0.0,2.0,0.0,2022,Greuther Furth,5
2021-08-28,Sat,Bundesliga,Away,L,0.0,5.0,Bayern Munich,,8.0,3.0,5.0,4.0,0.0,0.0,0.0,0.0,2022,Hertha,5
2021-08-28,Sat,Bundesliga,Away,W,4.0,1.0,Augsburg,,13.0,5.0,10.0,12.0,1.0,0.0,0.0,0.0,2022,Leverkusen,5
2021-08-28,Sat,Bundesliga,Home,W,3.0,0.0,Greuther Furth,,17.0,9.0,21.0,14.0,2.0,0.0,2.0,0.0,2022,Mainz,5
2021-08-28,Sat,Bundesliga,Home,L,2.0,3.0,Freiburg,,17.0,7.0,10.0,14.0,2.0,0.0,1.0,0.0,2022,Stuttgart,5
2021-08-29,Sun,Bundesliga,Away,L,1.0,2.0,Union Berlin,,18.0,5.0,6.0,15.0,0.0,0.0,2.0,0.0,2022,M'gladbach,6
2021-08-29,Sun,Bundesliga,Away,L,0.0,1.0,Wolfsburg,,12.0,2.0,18.0,13.0,2.0,0.0,4.0,0.0,2022,RB Leipzig,6
2021-08-29,Sun,Bundesliga,Home,W,2.0,1.0,M'gladbach,,12.0,4.0,15.0,6.0,2.0,0.0,0.0,0.0,2022,Union Berlin,6
2021-08-29,Sun,Bundesliga,Home,W,1.0,0.0,RB Leipzig,,8.0,2.0,13.0,18.0,4.0,0.0,2.0,0.0,2022,Wolfsburg,6
2021-09-11,Sat,Bundesliga,Away,D,0.0,0.0,Union Berlin,,13.0,6.0,12.0,10.0,2.0,0.0,1.0,0.0,2022,Augsburg,5
2021-09-11,Sat,Bundesliga,Away,W,4.0,1.0,RB Leipzig,,18.0,6.0,13.0,9.0,0.0,0.0,0.0,0.0,2022,Bayern Munich,5
2021-09-11,Sat,Bundesliga,Away,W,4.0,3.0,Leverkusen,,15.0,7.0,11.0,10.0,3.0,0.0,4.0,0.0,2022,Dortmund,5
2021-09-11,Sat,Bundesliga,Away,D,1.0,1.0,Freiburg,,15.0,5.0,12.0,14.0,3.0,1.0,1.0,0.0,2022,FC Koln,5
2021-09-11,Sat,Bundesliga,Home,D,1.0,1.0,FC Koln,,10.0,3.0,14.0,12.0,1.0,0.0,3.0,1.0,2022,Freiburg,5
2021-09-11,Sat,Bundesliga,Home,L,0.0,2.0,Wolfsburg,,7.0,3.0,17.0,15.0,2.0,0.0,3.0,0.0,2022,Greuther Furth,5
2021-09-11,Sat,Bundesliga,Home,L,0.0,2.0,Mainz,,12.0,0.0,15.0,16.0,2.0,0.0,1.0,0.0,2022,Hoffenheim,5
2021-09-11,Sat,Bundesliga,Home,L,3.0,4.0,Dortmund,,11.0,5.0,10.0,11.0,4.0,0.0,3.0,0.0,2022,Leverkusen,5
2021-09-11,Sat,Bundesliga,Away,W,2.0,0.0,Hoffenheim,,11.0,4.0,16.0,15.0,1.0,0.0,2.0,0.0,2022,Mainz,5
2021-09-11,Sat,Bundesliga,Home,L,1.0,4.0,Bayern Munich,,10.0,4.0,9.0,13.0,0.0,0.0,0.0,0.0,2022,RB Leipzig,5
2021-09-11,Sat,Bundesliga,Home,D,0.0,0.0,Augsburg,,15.0,6.0,10.0,12.0,1.0,0.0,2.0,0.0,2022,Union Berlin,5
2021-09-11,Sat,Bundesliga,Away,W,2.0,0.0,Greuther Furth,,10.0,4.0,15.0,17.0,3.0,0.0,2.0,0.0,2022,Wolfsburg,5
2021-09-12,Sun,Bundesliga,Away,L,1.0,3.0,M'gladbach,,18.0,7.0,18.0,10.0,1.0,0.0,1.0,0.0,2022,Bielefeld,6
2021-09-12,Sun,Bundesliga,Home,L,1.0,3.0,Hertha,,19.0,5.0,9.0,17.0,0.0,0.0,3.0,0.0,2022,Bochum,6
2021-09-12,Sun,Bundesliga,Home,D,1.0,1.0,Stuttgart,,18.0,5.0,13.0,12.0,1.0,0.0,4.0,1.0,2022,Ein Frankfurt,6
2021-09-12,Sun,Bundesliga,Away,W,3.0,1.0,Bochum,,5.0,4.0,17.0,9.0,3.0,0.0,0.0,0.0,2022,Hertha,6
2021-09-12,Sun,Bundesliga,Home,W,3.0,1.0,Bielefeld,,17.0,4.0,10.0,18.0,1.0,0.0,1.0,0.0,2022,M'gladbach,6
2021-09-12,Sun,Bundesliga,Away,D,1.0,1.0,Ein Frankfurt,,9.0,3.0,12.0,13.0,4.0,1.0,1.0,0.0,2022,Stuttgart,6
2021-09-17,Fri,Bundesliga,Away,L,1.0,2.0,Hertha,,10.0,3.0,13.0,12.0,2.0,0.0,1.0,0.0,2022,Greuther Furth,4
2021-09-17,Fri,Bundesliga,Home,W,2.0,1.0,Greuther Furth,,15.0,3.0,12.0,13.0,1.0,0.0,2.0,0.0,2022,Hertha,4
2021-09-18,Sat,Bundesliga,Home,W,1.0,0.0,M'gladbach,,8.0,1.0,13.0,9.0,1.0,0.0,2.0,0.0,2022,Augsburg,5
2021-09-18,Sat,Bundesliga,Home,W,7.0,0.0,Bochum,,22.0,15.0,5.0,9.0,1.0,0.0,1.0,0.0,2022,Bayern Munich,5
2021-09-18,Sat,Bundesliga,Home,D,0.0,0.0,Hoffenheim,,9.0,2.0,16.0,3.0,2.0,0.0,1.0,0.0,2022,Bielefeld,5
2021-09-18,Sat,Bundesliga,Away,L,0.0,7.0,Bayern Munich,,5.0,1.0,9.0,5.0,1.0,0.0,1.0,0.0,2022,Bochum,5
2021-09-18,Sat,Bundesliga,Home,D,1.0,1.0,RB Leipzig,,14.0,6.0,12.0,6.0,3.0,0.0,1.0,0.0,2022,FC Koln,5
2021-09-18,Sat,Bundesliga,Away,D,0.0,0.0,Mainz,,7.0,2.0,16.0,18.0,1.0,0.0,2.0,0.0,2022,Freiburg,5
2021-09-18,Sat,Bundesliga,Away,D,0.0,0.0,Bielefeld,,16.0,3.0,3.0,16.0,1.0,0.0,2.0,0.0,2022,Hoffenheim,5
2021-09-18,Sat,Bundesliga,Away,L,0.0,1.0,Augsburg,,11.0,1.0,9.0,13.0,2.0,0.0,1.0,0.0,2022,M'gladbach,5
2021-09-18,Sat,Bundesliga,Home,D,0.0,0.0,Freiburg,,10.0,3.0,18.0,16.0,2.0,0.0,1.0,0.0,2022,Mainz,5
2021-09-18,Sat,Bundesliga,Away,D,1.0,1.0,FC Koln,,18.0,9.0,6.0,12.0,1.0,0.0,3.0,0.0,2022,RB Leipzig,5
2021-09-19,Sun,Bundesliga,Home,W,4.0,2.0,Union Berlin,,13.0,4.0,10.0,12.0,2.0,0.0,3.0,0.0,2022,Dortmund,6
2021-09-19,Sun,Bundesliga,Away,D,1.0,1.0,Wolfsburg,,6.0,2.0,18.0,14.0,6.0,0.0,2.0,0.0,2022,Ein Frankfurt,6
2021-09-19,Sun,Bundesliga,Away,W,3.0,1.0,Stuttgart,,7.0,4.0,11.0,11.0,3.0,1.0,2.0,0.0,2022,Leverkusen,6
2021-09-19,Sun,Bundesliga,Home,L,1.0,3.0,Leverkusen,,18.0,8.0,11.0,11.0,2.0,0.0,3.0,1.0,2022,Stuttgart,6
2021-09-19,Sun,Bundesliga,Away,L,2.0,4.0,Dortmund,,9.0,6.0,12.0,10.0,3.0,0.0,2.0,0.0,2022,Union Berlin,6
2021-09-19,Sun,Bundesliga,Home,D,1.0,1.0,Ein Frankfurt,,15.0,6.0,14.0,18.0,2.0,0.0,6.0,0.0,2022,Wolfsburg,6
2021-09-24,Fri,Bundesliga,Away,W,3.0,1.0,Greuther Furth,,12.0,4.0,13.0,18.0,1.0,1.0,4.0,0.0,2022,Bayern Munich,4
2021-09-24,Fri,Bundesliga,Home,L,1.0,3.0,Bayern Munich,,11.0,6.0,18.0,13.0,4.0,0.0,1.0,1.0,2022,Greuther Furth,4
2021-09-25,Sat,Bundesliga,Away,L,0.0,1.0,Union Berlin,,9.0,2.0,5.0,9.0,0.0,0.0,1.0,0.0,2022,Bielefeld,5
2021-09-25,Sat,Bundesliga,Away,L,0.0,1.0,M'gladbach,,8.0,0.0,15.0,17.0,4.0,1.0,4.0,0.0,2022,Dortmund,5
2021-09-25,Sat,Bundesliga,Home,D,1.0,1.0,FC Koln,,10.0,3.0,11.0,19.0,2.0,0.0,3.0,0.0,2022,Ein Frankfurt,5
2021-09-25,Sat,Bundesliga,Away,D,1.0,1.0,Ein Frankfurt,,15.0,2.0,19.0,11.0,3.0,0.0,2.0,0.0,2022,FC Koln,5
2021-09-25,Sat,Bundesliga,Away,L,0.0,6.0,RB Leipzig,,5.0,3.0,19.0,8.0,3.0,0.0,1.0,0.0,2022,Hertha,5
2021-09-25,Sat,Bundesliga,Home,W,3.0,1.0,Wolfsburg,,11.0,3.0,13.0,9.0,2.0,0.0,2.0,0.0,2022,Hoffenheim,5
2021-09-25,Sat,Bundesliga,Home,W,1.0,0.0,Mainz,,16.0,9.0,11.0,12.0,4.0,0.0,3.0,0.0,2022,Leverkusen,5
2021-09-25,Sat,Bundesliga,Home,W,1.0,0.0,Dortmund,,14.0,3.0,17.0,15.0,4.0,0.0,4.0,1.0,2022,M'gladbach,5
2021-09-25,Sat,Bundesliga,Away,L,0.0,1.0,Leverkusen,,14.0,5.0,12.0,11.0,3.0,0.0,4.0,0.0,2022,Mainz,5
2021-09-25,Sat,Bundesliga,Home,W,6.0,0.0,Hertha,,18.0,11.0,8.0,19.0,1.0,0.0,3.0,0.0,2022,RB Leipzig,5
2021-09-25,Sat,Bundesliga,Home,W,1.0,0.0,Bielefeld,,17.0,4.0,9.0,5.0,1.0,0.0,0.0,0.0,2022,Union Berlin,5
2021-09-25,Sat,Bundesliga,Away,L,1.0,3.0,Hoffenheim,,13.0,2.0,9.0,13.0,2.0,0.0,2.0,0.0,2022,Wolfsburg,5
2021-09-26,Sun,Bundesliga,Away,L,0.0,3.0,Freiburg,,8.0,2.0,13.0,11.0,1.0,0.0,0.0,0.0,2022,Augsburg,6
2021-09-26,Sun,Bundesliga,Home,D,0.0,0.0,Stuttgart,,14.0,4.0,15.0,12.0,2.0,0.0,5.0,0.0,2022,Bochum,6
2021-09-26,Sun,Bundesliga,Home,W,3.0,0.0,Augsburg,,19.0,9.0,11.0,13.0,0.0,0.0,1.0,0.0,2022,Freiburg,6
2021-09-26,Sun,Bundesliga,Away,D,0.0,0.0,Bochum,,8.0,3.0,12.0,15.0,5.0,0.0,2.0,0.0,2022,Stuttgart,6
2021-10-01,Fri,Bundesliga,Home,W,3.0,1.0,Greuther Furth,,18.0,8.0,16.0,18.0,1.0,0.0,1.0,0.0,2022,FC Koln,4
2021-10-01,Fri,Bundesliga,Away,L,1.0,3.0,FC Koln,,7.0,3.0,18.0,16.0,1.0,0.0,1.0,0.0,2022,Greuther Furth,4
2021-10-02,Sat,Bundesliga,Away,L,1.0,2.0,Dortmund,,5.0,3.0,16.0,9.0,3.0,0.0,1.0,0.0,2022,Augsburg,5
2021-10-02,Sat,Bundesliga,Away,L,0.0,3.0,RB Leipzig,,9.0,2.0,16.0,10.0,1.0,0.0,1.0,0.0,2022,Bochum,5
2021-10-02,Sat,Bundesliga,Home,W,2.0,1.0,Augsburg,,17.0,3.0,9.0,16.0,1.0,0.0,3.0,0.0,2022,Dortmund,5
2021-10-02,Sat,Bundesliga,Away,W,2.0,1.0,Hertha,,9.0,4.0,15.0,17.0,0.0,0.0,3.0,0.0,2022,Freiburg,5
2021-10-02,Sat,Bundesliga,Home,L,1.0,2.0,Freiburg,,12.0,3.0,17.0,15.0,3.0,0.0,0.0,0.0,2022,Hertha,5
2021-10-02,Sat,Bundesliga,Away,L,1.0,3.0,Stuttgart,,13.0,4.0,12.0,14.0,1.0,0.0,0.0,0.0,2022,Hoffenheim,5
2021-10-02,Sat,Bundesliga,Away,W,3.0,1.0,Wolfsburg,,19.0,11.0,10.0,17.0,3.0,0.0,7.0,1.0,2022,M'gladbach,5
2021-10-02,Sat,Bundesliga,Home,W,3.0,0.0,Bochum,,15.0,9.0,10.0,16.0,1.0,0.0,1.0,0.0,2022,RB Leipzig,5
2021-10-02,Sat,Bundesliga,Home,W,3.0,1.0,Hoffenheim,,12.0,6.0,14.0,12.0,0.0,0.0,1.0,0.0,2022,Stuttgart,5
2021-10-02,Sat,Bundesliga,Home,L,1.0,3.0,M'gladbach,,10.0,5.0,17.0,10.0,7.0,1.0,3.0,0.0,2022,Wolfsburg,5
2021-10-03,Sun,Bundesliga,Home,L,1.0,2.0,Ein Frankfurt,,21.0,11.0,6.0,8.0,2.0,0.0,1.0,0.0,2022,Bayern Munich,6
2021-10-03,Sun,Bundesliga,Home,L,0.0,4.0,Leverkusen,,10.0,3.0,13.0,7.0,4.0,0.0,1.0,0.0,2022,Bielefeld,6
2021-10-03,Sun,Bundesliga,Away,W,2.0,1.0,Bayern Munich,,5.0,3.0,8.0,6.0,1.0,0.0,2.0,0.0,2022,Ein Frankfurt,6
2021-10-03,Sun,Bundesliga,Away,W,4.0,0.0,Bielefeld,,19.0,7.0,7.0,13.0,1.0,0.0,4.0,0.0,2022,Leverkusen,6
2021-10-03,Sun,Bundesliga,Home,L,1.0,2.0,Union Berlin,,11.0,4.0,15.0,6.0,2.0,1.0,4.0,0.0,2022,Mainz,6
2021-10-03,Sun,Bundesliga,Away,W,2.0,1.0,Mainz,,15.0,3.0,6.0,15.0,4.0,0.0,2.0,1.0,2022,Union Berlin,6
2021-10-15,Fri,Bundesliga,Away,L,0.0,5.0,Hoffenheim,,10.0,0.0,7.0,13.0,1.0,0.0,1.0,0.0,2022,FC Koln,4
2021-10-15,Fri,Bundesliga,Home,W,5.0,0.0,FC Koln,,14.0,8.0,13.0,7.0,1.0,0.0,1.0,0.0,2022,Hoffenheim,4
2021-10-16,Sat,Bundesliga,Away,W,1.0,0.0,Greuther Furth,,9.0,2.0,16.0,16.0,4.0,0.0,2.0,0.0,2022,Bochum,5
2021-10-16,Sat,Bundesliga,Home,W,3.0,1.0,Mainz,,11.0,5.0,7.0,12.0,2.0,0.0,4.0,0.0,2022,Dortmund,5
2021-10-16,Sat,Bundesliga,Home,L,1.0,2.0,Hertha,,13.0,5.0,17.0,16.0,1.0,0.0,2.0,0.0,2022,Ein Frankfurt,5
2021-10-16,Sat,Bundesliga,Home,D,1.0,1.0,RB Leipzig,,15.0,2.0,10.0,17.0,0.0,0.0,4.0,0.0,2022,Freiburg,5
2021-10-16,Sat,Bundesliga,Home,L,0.0,1.0,Bochum,,12.0,3.0,16.0,16.0,2.0,0.0,4.0,0.0,2022,Greuther Furth,5
2021-10-16,Sat,Bundesliga,Away,W,2.0,1.0,Ein Frankfurt,,12.0,6.0,16.0,17.0,2.0,0.0,1.0,0.0,2022,Hertha,5
2021-10-16,Sat,Bundesliga,Home,D,1.0,1.0,Stuttgart,,31.0,8.0,14.0,21.0,3.0,0.0,3.0,0.0,2022,M'gladbach,5
2021-10-16,Sat,Bundesliga,Away,L,1.0,3.0,Dortmund,,5.0,2.0,12.0,7.0,4.0,0.0,2.0,0.0,2022,Mainz,5
2021-10-16,Sat,Bundesliga,Away,D,1.0,1.0,Freiburg,,13.0,4.0,17.0,10.0,4.0,0.0,0.0,0.0,2022,RB Leipzig,5
2021-10-16,Sat,Bundesliga,Away,D,1.0,1.0,M'gladbach,,5.0,2.0,21.0,14.0,3.0,0.0,3.0,0.0,2022,Stuttgart,5
2021-10-16,Sat,Bundesliga,Home,W,2.0,0.0,Wolfsburg,,6.0,3.0,7.0,16.0,3.0,0.0,1.0,0.0,2022,Union Berlin,5
2021-10-16,Sat,Bundesliga,Away,L,0.0,2.0,Union Berlin,,13.0,4.0,16.0,7.0,1.0,0.0,3.0,0.0,2022,Wolfsburg,5
2021-10-17,Sun,Bundesliga,Home,D,1.0,1.0,Bielefeld,,14.0,6.0,8.0,15.0,3.0,0.0,1.0,0.0,2022,Augsburg,6
2021-10-17,Sun,Bundesliga,Away,W,5.0,1.0,Leverkusen,,27.0,11.0,9.0,9.0,0.0,0.0,0.0,0.0,2022,Bayern Munich,6
2021-10-17,Sun,Bundesliga,Away,D,1.0,1.0,Augsburg,,10.0,3.0,15.0,8.0,1.0,0.0,3.0,0.0,2022,Bielefeld,6
2021-10-17,Sun,Bundesliga,Home,L,1.0,5.0,Bayern Munich,,7.0,4.0,9.0,9.0,0.0,0.0,0.0,0.0,2022,Leverkusen,6
2021-10-22,Fri,Bundesliga,Away,L,1.0,4.0,Mainz,,6.0,2.0,11.0,9.0,3.0,0.0,1.0,0.0,2022,Augsburg,4
2021-10-22,Fri,Bundesliga,Home,W,4.0,1.0,Augsburg,,19.0,8.0,9.0,11.0,1.0,0.0,3.0,0.0,2022,Mainz,4
2021-10-23,Sat,Bundesliga,Home,W,4.0,0.0,Hoffenheim,,15.0,7.0,4.0,18.0,0.0,0.0,4.0,0.0,2022,Bayern Munich,5
2021-10-23,Sat,Bundesliga,Home,L,1.0,3.0,Dortmund,,13.0,6.0,13.0,9.0,1.0,0.0,0.0,0.0,2022,Bielefeld,5
2021-10-23,Sat,Bundesliga,Away,W,3.0,1.0,Bielefeld,,14.0,7.0,9.0,13.0,0.0,0.0,1.0,0.0,2022,Dortmund,5
2021-10-23,Sat,Bundesliga,Away,W,2.0,0.0,Wolfsburg,,11.0,4.0,15.0,17.0,0.0,0.0,3.0,0.0,2022,Freiburg,5
2021-10-23,Sat,Bundesliga,Away,L,1.0,4.0,RB Leipzig,,8.0,4.0,12.0,15.0,0.0,0.0,2.0,0.0,2022,Greuther Furth,5
2021-10-23,Sat,Bundesliga,Home,W,1.0,0.0,M'gladbach,,10.0,4.0,11.0,21.0,2.0,0.0,2.0,0.0,2022,Hertha,5
2021-10-23,Sat,Bundesliga,Away,L,0.0,4.0,Bayern Munich,,9.0,2.0,18.0,4.0,4.0,0.0,0.0,0.0,2022,Hoffenheim,5
2021-10-23,Sat,Bundesliga,Away,L,0.0,1.0,Hertha,,10.0,1.0,21.0,11.0,2.0,0.0,2.0,0.0,2022,M'gladbach,5
2021-10-23,Sat,Bundesliga,Home,W,4.0,1.0,Greuther Furth,,13.0,5.0,15.0,12.0,2.0,0.0,0.0,0.0,2022,RB Leipzig,5
2021-10-23,Sat,Bundesliga,Home,L,0.0,2.0,Freiburg,,17.0,4.0,17.0,15.0,3.0,0.0,0.0,0.0,2022,Wolfsburg,5
2021-10-24,Sun,Bundesliga,Home,W,2.0,0.0,Ein Frankfurt,,19.0,7.0,9.0,11.0,0.0,0.0,2.0,0.0,2022,Bochum,6
2021-10-24,Sun,Bundesliga,Away,L,0.0,2.0,Bochum,,14.0,6.0,11.0,9.0,2.0,0.0,0.0,0.0,2022,Ein Frankfurt,6
2021-10-24,Sun,Bundesliga,Home,D,2.0,2.0,Leverkusen,,17.0,5.0,10.0,15.0,1.0,0.0,3.0,0.0,2022,FC Koln,6
2021-10-24,Sun,Bundesliga,Away,D,2.0,2.0,FC Koln,,9.0,6.0,15.0,10.0,3.0,0.0,1.0,0.0,2022,Leverkusen,6
2021-10-24,Sun,Bundesliga,Home,D,1.0,1.0,Union Berlin,,8.0,2.0,16.0,13.0,3.0,1.0,1.0,0.0,2022,Stuttgart,6
2021-10-24,Sun,Bundesliga,Away,D,1.0,1.0,Stuttgart,,11.0,3.0,13.0,16.0,1.0,0.0,3.0,1.0,2022,Union Berlin,6
2021-10-29,Fri,Bundesliga,Away,L,0.0,2.0,Hoffenheim,,5.0,2.0,9.0,15.0,1.0,1.0,2.0,0.0,2022,Hertha,4
2021-10-29,Fri,Bundesliga,Home,W,2.0,0.0,Hertha,,14.0,3.0,15.0,9.0,2.0,0.0,1.0,1.0,2022,Hoffenheim,4
2021-10-30,Sat,Bundesliga,Away,W,5.0,2.0,Union Berlin,,14.0,6.0,7.0,9.0,1.0,0.0,1.0,0.0,2022,Bayern Munich,5
2021-10-30,Sat,Bundesliga,Home,L,1.0,2.0,Mainz,,15.0,7.0,16.0,9.0,2.0,0.0,3.0,0.0,2022,Bielefeld,5
2021-10-30,Sat,Bundesliga,Home,W,2.0,0.0,FC Koln,,7.0,4.0,10.0,11.0,2.0,0.0,3.0,0.0,2022,Dortmund,5
2021-10-30,Sat,Bundesliga,Home,D,1.0,1.0,RB Leipzig,,12.0,3.0,11.0,9.0,1.0,0.0,1.0,0.0,2022,Ein Frankfurt,5
2021-10-30,Sat,Bundesliga,Away,L,0.0,2.0,Dortmund,,19.0,6.0,11.0,10.0,3.0,0.0,2.0,0.0,2022,FC Koln,5
2021-10-30,Sat,Bundesliga,Home,W,3.0,1.0,Greuther Furth,,12.0,5.0,10.0,13.0,0.0,0.0,2.0,0.0,2022,Freiburg,5
2021-10-30,Sat,Bundesliga,Away,L,1.0,3.0,Freiburg,,8.0,4.0,13.0,10.0,2.0,0.0,0.0,0.0,2022,Greuther Furth,5
2021-10-30,Sat,Bundesliga,Home,L,0.0,2.0,Wolfsburg,,12.0,1.0,11.0,15.0,3.0,0.0,2.0,1.0,2022,Leverkusen,5
2021-10-30,Sat,Bundesliga,Away,W,2.0,1.0,Bielefeld,,16.0,6.0,9.0,16.0,3.0,0.0,2.0,0.0,2022,Mainz,5
2021-10-30,Sat,Bundesliga,Away,D,1.0,1.0,Ein Frankfurt,,15.0,7.0,9.0,11.0,1.0,0.0,1.0,0.0,2022,RB Leipzig,5
2021-10-30,Sat,Bundesliga,Home,L,2.0,5.0,Bayern Munich,,9.0,6.0,9.0,7.0,1.0,0.0,1.0,0.0,2022,Union Berlin,5
2021-10-30,Sat,Bundesliga,Away,W,2.0,0.0,Leverkusen,,13.0,8.0,15.0,11.0,2.0,1.0,3.0,0.0,2022,Wolfsburg,5
2021-10-31,Sun,Bundesliga,Home,W,4.0,1.0,Stuttgart,,20.0,12.0,15.0,12.0,3.0,0.0,4.0,0.0,2022,Augsburg,6
2021-10-31,Sun,Bundesliga,Away,L,1.0,2.0,M'gladbach,,11.0,4.0,15.0,7.0,1.0,0.0,1.0,0.0,2022,Bochum,6
2021-10-31,Sun,Bundesliga,Home,W,2.0,1.0,Bochum,,14.0,5.0,7.0,15.0,1.0,0.0,1.0,0.0,2022,M'gladbach,6
2021-10-31,Sun,Bundesliga,Away,L,1.0,4.0,Augsburg,,12.0,3.0,12.0,15.0,4.0,0.0,3.0,0.0,2022,Stuttgart,6
2021-11-05,Fri,Bundesliga,Away,D,1.0,1.0,Mainz,,11.0,5.0,8.0,15.0,3.0,0.0,3.0,0.0,2022,M'gladbach,4
2021-11-05,Fri,Bundesliga,Home,D,1.0,1.0,M'gladbach,,19.0,8.0,15.0,8.0,3.0,0.0,3.0,0.0,2022,Mainz,4
2021-11-06,Sat,Bundesliga,Away,L,0.0,1.0,Wolfsburg,,13.0,3.0,13.0,14.0,3.0,0.0,2.0,0.0,2022,Augsburg,5
2021-11-06,Sat,Bundesliga,Home,W,2.0,1.0,Freiburg,,29.0,11.0,5.0,13.0,0.0,0.0,0.0,0.0,2022,Bayern Munich,5
2021-11-06,Sat,Bundesliga,Away,W,1.0,0.0,Stuttgart,,15.0,2.0,11.0,11.0,3.0,0.0,0.0,0.0,2022,Bielefeld,5
2021-11-06,Sat,Bundesliga,Home,W,2.0,0.0,Hoffenheim,,14.0,4.0,7.0,20.0,1.0,0.0,5.0,0.0,2022,Bochum,5
2021-11-06,Sat,Bundesliga,Away,L,1.0,2.0,RB Leipzig,,9.0,3.0,18.0,12.0,5.0,0.0,3.0,0.0,2022,Dortmund,5
2021-11-06,Sat,Bundesliga,Away,L,1.0,2.0,Bayern Munich,,14.0,4.0,13.0,5.0,0.0,0.0,0.0,0.0,2022,Freiburg,5
2021-11-06,Sat,Bundesliga,Away,L,0.0,2.0,Bochum,,9.0,1.0,20.0,7.0,5.0,0.0,1.0,0.0,2022,Hoffenheim,5
2021-11-06,Sat,Bundesliga,Home,W,2.0,1.0,Dortmund,,15.0,7.0,12.0,18.0,3.0,0.0,5.0,0.0,2022,RB Leipzig,5
2021-11-06,Sat,Bundesliga,Home,L,0.0,1.0,Bielefeld,,9.0,4.0,11.0,11.0,0.0,0.0,3.0,0.0,2022,Stuttgart,5
2021-11-06,Sat,Bundesliga,Home,W,1.0,0.0,Augsburg,,9.0,4.0,14.0,13.0,2.0,0.0,3.0,0.0,2022,Wolfsburg,5
2021-11-07,Sun,Bundesliga,Away,W,2.0,1.0,Greuther Furth,,14.0,4.0,17.0,12.0,1.0,0.0,4.0,0.0,2022,Ein Frankfurt,6
2021-11-07,Sun,Bundesliga,Home,D,2.0,2.0,Union Berlin,,16.0,5.0,8.0,19.0,2.0,0.0,2.0,0.0,2022,FC Koln,6
2021-11-07,Sun,Bundesliga,Home,L,1.0,2.0,Ein Frankfurt,,20.0,2.0,12.0,17.0,4.0,0.0,1.0,0.0,2022,Greuther Furth,6
2021-11-07,Sun,Bundesliga,Home,D,1.0,1.0,Leverkusen,,15.0,5.0,13.0,13.0,1.0,0.0,3.0,0.0,2022,Hertha,6
2021-11-07,Sun,Bundesliga,Away,D,1.0,1.0,Hertha,,8.0,3.0,13.0,13.0,3.0,0.0,1.0,0.0,2022,Leverkusen,6
2021-11-07,Sun,Bundesliga,Away,D,2.0,2.0,FC Koln,,9.0,3.0,19.0,8.0,2.0,0.0,2.0,0.0,2022,Union Berlin,6
2021-11-19,Fri,Bundesliga,Home,W,2.0,1.0,Bayern Munich,,6.0,3.0,18.0,9.0,2.0,0.0,1.0,0.0,2022,Augsburg,4
2021-11-19,Fri,Bundesliga,Away,L,1.0,2.0,Augsburg,,18.0,4.0,9.0,18.0,1.0,0.0,2.0,0.0,2022,Bayern Munich,4
2021-11-20,Sat,Bundesliga,Home,D,2.0,2.0,Wolfsburg,,10.0,3.0,15.0,9.0,4.0,0.0,1.0,0.0,2022,Bielefeld,5
2021-11-20,Sat,Bundesliga,Away,L,0.0,1.0,Leverkusen,,19.0,7.0,13.0,10.0,2.0,0.0,3.0,0.0,2022,Bochum,5
2021-11-20,Sat,Bundesliga,Home,W,2.0,1.0,Stuttgart,,20.0,4.0,11.0,14.0,0.0,0.0,2.0,0.0,2022,Dortmund,5
2021-11-20,Sat,Bundesliga,Away,L,0.0,4.0,M'gladbach,,4.0,2.0,13.0,11.0,3.0,0.0,1.0,0.0,2022,Greuther Furth,5
2021-11-20,Sat,Bundesliga,Away,L,0.0,2.0,Union Berlin,,6.0,3.0,13.0,17.0,1.0,0.0,1.0,0.0,2022,Hertha,5
2021-11-20,Sat,Bundesliga,Home,W,2.0,0.0,RB Leipzig,,24.0,8.0,17.0,18.0,2.0,0.0,2.0,0.0,2022,Hoffenheim,5
2021-11-20,Sat,Bundesliga,Home,W,1.0,0.0,Bochum,,11.0,5.0,10.0,13.0,3.0,0.0,2.0,0.0,2022,Leverkusen,5
2021-11-20,Sat,Bundesliga,Home,W,4.0,0.0,Greuther Furth,,19.0,11.0,11.0,13.0,1.0,0.0,3.0,0.0,2022,M'gladbach,5
2021-11-20,Sat,Bundesliga,Away,L,0.0,2.0,Hoffenheim,,4.0,0.0,18.0,17.0,2.0,0.0,2.0,0.0,2022,RB Leipzig,5
2021-11-20,Sat,Bundesliga,Away,L,1.0,2.0,Dortmund,,12.0,4.0,14.0,11.0,2.0,0.0,0.0,0.0,2022,Stuttgart,5
2021-11-20,Sat,Bundesliga,Home,W,2.0,0.0,Hertha,,16.0,5.0,17.0,13.0,1.0,0.0,1.0,0.0,2022,Union Berlin,5
2021-11-20,Sat,Bundesliga,Away,D,2.0,2.0,Bielefeld,,13.0,5.0,9.0,15.0,1.0,0.0,4.0,0.0,2022,Wolfsburg,5
2021-11-21,Sun,Bundesliga,Away,W,2.0,0.0,Freiburg,,13.0,7.0,16.0,10.0,4.0,0.0,0.0,0.0,2022,Ein Frankfurt,6
2021-11-21,Sun,Bundesliga,Away,D,1.0,1.0,Mainz,,12.0,6.0,7.0,18.0,1.0,0.0,2.0,0.0,2022,FC Koln,6
2021-11-21,Sun,Bundesliga,Home,L,0.0,2.0,Ein Frankfurt,,20.0,6.0,10.0,16.0,0.0,0.0,4.0,0.0,2022,Freiburg,6
2021-11-21,Sun,Bundesliga,Home,D,1.0,1.0,FC Koln,,11.0,2.0,18.0,7.0,2.0,0.0,1.0,0.0,2022,Mainz,6
2021-11-26,Fri,Bundesliga,Away,L,1.0,2.0,Stuttgart,,18.0,5.0,17.0,7.0,2.0,0.0,2.0,0.0,2022,Mainz,4
2021-11-26,Fri,Bundesliga,Home,W,2.0,1.0,Mainz,,8.0,3.0,7.0,17.0,2.0,0.0,2.0,0.0,2022,Stuttgart,4
2021-11-27,Sat,Bundesliga,Away,D,1.0,1.0,Hertha,,20.0,7.0,14.0,11.0,3.0,0.0,2.0,0.0,2022,Augsburg,5
2021-11-27,Sat,Bundesliga,Home,W,1.0,0.0,Bielefeld,,23.0,9.0,8.0,13.0,1.0,0.0,1.0,0.0,2022,Bayern Munich,5
2021-11-27,Sat,Bundesliga,Away,L,0.0,1.0,Bayern Munich,,8.0,0.0,13.0,8.0,1.0,0.0,1.0,0.0,2022,Bielefeld,5
2021-11-27,Sat,Bundesliga,Home,W,2.0,1.0,Freiburg,,13.0,5.0,12.0,13.0,2.0,0.0,1.0,0.0,2022,Bochum,5
2021-11-27,Sat,Bundesliga,Away,W,3.0,1.0,Wolfsburg,,16.0,8.0,11.0,9.0,1.0,0.0,4.0,0.0,2022,Dortmund,5
2021-11-27,Sat,Bundesliga,Home,W,4.0,1.0,M'gladbach,,15.0,9.0,15.0,11.0,1.0,0.0,3.0,0.0,2022,FC Koln,5
2021-11-27,Sat,Bundesliga,Away,L,1.0,2.0,Bochum,,22.0,11.0,13.0,12.0,1.0,0.0,2.0,0.0,2022,Freiburg,5
2021-11-27,Sat,Bundesliga,Home,L,3.0,6.0,Hoffenheim,,14.0,7.0,17.0,17.0,1.0,0.0,0.0,0.0,2022,Greuther Furth,5
2021-11-27,Sat,Bundesliga,Home,D,1.0,1.0,Augsburg,,10.0,4.0,11.0,14.0,2.0,0.0,3.0,0.0,2022,Hertha,5
2021-11-27,Sat,Bundesliga,Away,W,6.0,3.0,Greuther Furth,,20.0,11.0,17.0,17.0,0.0,0.0,1.0,0.0,2022,Hoffenheim,5
2021-11-27,Sat,Bundesliga,Away,L,1.0,4.0,FC Koln,,15.0,5.0,11.0,15.0,3.0,0.0,1.0,0.0,2022,M'gladbach,5
2021-11-27,Sat,Bundesliga,Home,L,1.0,3.0,Dortmund,,15.0,7.0,9.0,11.0,4.0,0.0,1.0,0.0,2022,Wolfsburg,5
2021-11-28,Sun,Bundesliga,Home,W,2.0,1.0,Union Berlin,,17.0,4.0,4.0,7.0,0.0,0.0,4.0,0.0,2022,Ein Frankfurt,6
2021-11-28,Sun,Bundesliga,Away,W,3.0,1.0,RB Leipzig,,11.0,4.0,9.0,10.0,3.0,0.0,1.0,0.0,2022,Leverkusen,6
2021-11-28,Sun,Bundesliga,Home,L,1.0,3.0,Leverkusen,,14.0,3.0,10.0,9.0,1.0,0.0,3.0,0.0,2022,RB Leipzig,6
2021-11-28,Sun,Bundesliga,Away,L,1.0,2.0,Ein Frankfurt,,7.0,4.0,7.0,4.0,4.0,0.0,0.0,0.0,2022,Union Berlin,6
2021-12-03,Fri,Bundesliga,Away,L,1.0,2.0,Union Berlin,,11.0,2.0,8.0,12.0,1.0,0.0,1.0,0.0,2022,RB Leipzig,4
2021-12-03,Fri,Bundesliga,Home,W,2.0,1.0,RB Leipzig,,14.0,5.0,12.0,8.0,1.0,0.0,1.0,0.0,2022,Union Berlin,4
2021-12-04,Sat,Bundesliga,Home,L,2.0,3.0,Bochum,,16.0,7.0,9.0,6.0,0.0,0.0,2.0,0.0,2022,Augsburg,5
2021-12-04,Sat,Bundesliga,Away,W,3.0,2.0,Dortmund,,16.0,6.0,10.0,10.0,2.0,0.0,2.0,0.0,2022,Bayern Munich,5
2021-12-04,Sat,Bundesliga,Home,D,1.0,1.0,FC Koln,,18.0,5.0,14.0,10.0,1.0,0.0,1.0,0.0,2022,Bielefeld,5
2021-12-04,Sat,Bundesliga,Away,W,3.0,2.0,Augsburg,,12.0,6.0,6.0,9.0,2.0,0.0,0.0,0.0,2022,Bochum,5
2021-12-04,Sat,Bundesliga,Home,L,2.0,3.0,Bayern Munich,,11.0,4.0,10.0,10.0,2.0,0.0,2.0,0.0,2022,Dortmund,5
2021-12-04,Sat,Bundesliga,Away,L,2.0,3.0,Hoffenheim,,17.0,2.0,12.0,9.0,2.0,0.0,2.0,0.0,2022,Ein Frankfurt,5
2021-12-04,Sat,Bundesliga,Away,D,1.0,1.0,Bielefeld,,9.0,3.0,10.0,14.0,1.0,0.0,1.0,0.0,2022,FC Koln,5
2021-12-04,Sat,Bundesliga,Away,L,1.0,7.0,Leverkusen,,8.0,3.0,8.0,13.0,1.0,0.0,0.0,0.0,2022,Greuther Furth,5
2021-12-04,Sat,Bundesliga,Home,W,3.0,2.0,Ein Frankfurt,,8.0,4.0,9.0,12.0,2.0,0.0,2.0,0.0,2022,Hoffenheim,5
2021-12-04,Sat,Bundesliga,Home,W,7.0,1.0,Greuther Furth,,13.0,8.0,13.0,8.0,0.0,0.0,1.0,0.0,2022,Leverkusen,5
2021-12-04,Sat,Bundesliga,Home,W,3.0,0.0,Wolfsburg,,12.0,5.0,18.0,10.0,1.0,0.0,1.0,0.0,2022,Mainz,5
2021-12-04,Sat,Bundesliga,Away,L,0.0,3.0,Mainz,,16.0,0.0,10.0,18.0,1.0,0.0,1.0,0.0,2022,Wolfsburg,5
2021-12-05,Sun,Bundesliga,Away,W,6.0,0.0,M'gladbach,,15.0,8.0,15.0,12.0,1.0,0.0,2.0,0.0,2022,Freiburg,6
2021-12-05,Sun,Bundesliga,Away,D,2.0,2.0,Stuttgart,,15.0,8.0,16.0,9.0,1.0,0.0,0.0,0.0,2022,Hertha,6
2021-12-05,Sun,Bundesliga,Home,L,0.0,6.0,Freiburg,,19.0,3.0,12.0,15.0,2.0,0.0,1.0,0.0,2022,M'gladbach,6
2021-12-05,Sun,Bundesliga,Home,D,2.0,2.0,Hertha,,10.0,3.0,9.0,16.0,0.0,0.0,1.0,0.0,2022,Stuttgart,6
2021-12-10,Fri,Bundesliga,Away,W,2.0,0.0,FC Koln,,12.0,4.0,15.0,12.0,4.0,0.0,2.0,0.0,2022,Augsburg,4
2021-12-10,Fri,Bundesliga,Home,L,0.0,2.0,Augsburg,,14.0,4.0,12.0,15.0,2.0,0.0,4.0,0.0,2022,FC Koln,4
2021-12-11,Sat,Bundesliga,Home,W,2.0,1.0,Mainz,,21.0,7.0,9.0,10.0,3.0,0.0,3.0,0.0,2022,Bayern Munich,5
2021-12-11,Sat,Bundesliga,Away,L,0.0,2.0,Hertha,,9.0,1.0,15.0,10.0,1.0,0.0,1.0,0.0,2022,Bielefeld,5
2021-12-11,Sat,Bundesliga,Home,D,1.0,1.0,Dortmund,,4.0,3.0,8.0,18.0,0.0,0.0,3.0,0.0,2022,Bochum,5
2021-12-11,Sat,Bundesliga,Away,D,1.0,1.0,Bochum,,23.0,8.0,18.0,8.0,3.0,0.0,0.0,0.0,2022,Dortmund,5
2021-12-11,Sat,Bundesliga,Home,L,1.0,2.0,Hoffenheim,,14.0,6.0,13.0,9.0,4.0,0.0,3.0,0.0,2022,Freiburg,5
2021-12-11,Sat,Bundesliga,Home,W,2.0,0.0,Bielefeld,,18.0,9.0,10.0,15.0,1.0,0.0,1.0,0.0,2022,Hertha,5
2021-12-11,Sat,Bundesliga,Away,W,2.0,1.0,Freiburg,,14.0,8.0,9.0,13.0,3.0,0.0,4.0,0.0,2022,Hoffenheim,5
2021-12-11,Sat,Bundesliga,Away,L,1.0,4.0,RB Leipzig,,12.0,4.0,15.0,20.0,2.0,0.0,3.0,0.0,2022,M'gladbach,5
2021-12-11,Sat,Bundesliga,Away,L,1.0,2.0,Bayern Munich,,9.0,4.0,10.0,9.0,3.0,0.0,3.0,0.0,2022,Mainz,5
2021-12-11,Sat,Bundesliga,Home,W,4.0,1.0,M'gladbach,,19.0,10.0,20.0,15.0,3.0,0.0,2.0,0.0,2022,RB Leipzig,5
2021-12-11,Sat,Bundesliga,Away,W,2.0,0.0,Wolfsburg,,12.0,3.0,9.0,17.0,2.0,0.0,2.0,0.0,2022,Stuttgart,5
2021-12-11,Sat,Bundesliga,Home,L,0.0,2.0,Stuttgart,,19.0,3.0,17.0,9.0,2.0,0.0,2.0,0.0,2022,Wolfsburg,5
2021-12-12,Sun,Bundesliga,Home,W,5.0,2.0,Leverkusen,,15.0,7.0,11.0,11.0,0.0,0.0,3.0,0.0,2022,Ein Frankfurt,6
2021-12-12,Sun,Bundesliga,Home,W,1.0,0.0,Union Berlin,,5.0,3.0,12.0,6.0,3.0,0.0,0.0,0.0,2022,Greuther Furth,6
2021-12-12,Sun,Bundesliga,Away,L,2.0,5.0,Ein Frankfurt,,11.0,4.0,11.0,11.0,3.0,0.0,0.0,0.0,2022,Leverkusen,6
2021-12-12,Sun,Bundesliga,Away,L,0.0,1.0,Greuther Furth,,14.0,4.0,6.0,12.0,0.0,0.0,3.0,0.0,2022,Union Berlin,6
2021-12-14,Tue,Bundesliga,Away,W,5.0,0.0,Stuttgart,,25.0,12.0,7.0,7.0,1.0,0.0,1.0,0.0,2022,Bayern Munich,1
2021-12-14,Tue,Bundesliga,Home,W,2.0,0.0,Bochum,,13.0,4.0,13.0,9.0,2.0,0.0,2.0,0.0,2022,Bielefeld,1
2021-12-14,Tue,Bundesliga,Away,L,0.0,2.0,Bielefeld,,5.0,3.0,9.0,13.0,2.0,0.0,2.0,0.0,2022,Bochum,1
2021-12-14,Tue,Bundesliga,Away,W,3.0,2.0,Wolfsburg,,19.0,6.0,9.0,18.0,2.0,0.0,3.0,0.0,2022,FC Koln,1
2021-12-14,Tue,Bundesliga,Away,L,0.0,4.0,Mainz,,7.0,1.0,14.0,10.0,2.0,0.0,0.0,0.0,2022,Hertha,1
2021-12-14,Tue,Bundesliga,Home,W,4.0,0.0,Hertha,,21.0,11.0,10.0,14.0,0.0,0.0,2.0,0.0,2022,Mainz,1
2021-12-14,Tue,Bundesliga,Home,L,0.0,5.0,Bayern Munich,,13.0,1.0,7.0,7.0,1.0,0.0,1.0,0.0,2022,Stuttgart,1
2021-12-14,Tue,Bundesliga,Home,L,2.0,3.0,FC Koln,,19.0,5.0,18.0,9.0,3.0,0.0,2.0,0.0,2022,Wolfsburg,1
2021-12-15,Wed,Bundesliga,Home,D,1.0,1.0,RB Leipzig,,9.0,2.0,14.0,7.0,2.0,0.0,0.0,0.0,2022,Augsburg,2
2021-12-15,Wed,Bundesliga,Home,W,3.0,0.0,Greuther Furth,,12.0,5.0,10.0,10.0,2.0,0.0,2.0,0.0,2022,Dortmund,2
2021-12-15,Wed,Bundesliga,Away,W,3.0,2.0,M'gladbach,,12.0,5.0,19.0,8.0,5.0,1.0,2.0,0.0,2022,Ein Frankfurt,2
2021-12-15,Wed,Bundesliga,Away,D,0.0,0.0,Union Berlin,,8.0,2.0,12.0,10.0,1.0,0.0,1.0,0.0,2022,Freiburg,2
2021-12-15,Wed,Bundesliga,Away,L,0.0,3.0,Dortmund,,7.0,1.0,10.0,10.0,2.0,0.0,2.0,0.0,2022,Greuther Furth,2
2021-12-15,Wed,Bundesliga,Away,D,2.0,2.0,Leverkusen,,14.0,6.0,4.0,12.0,3.0,0.0,5.0,1.0,2022,Hoffenheim,2
2021-12-15,Wed,Bundesliga,Home,D,2.0,2.0,Hoffenheim,,17.0,9.0,12.0,4.0,5.0,1.0,3.0,0.0,2022,Leverkusen,2
2021-12-15,Wed,Bundesliga,Home,L,2.0,3.0,Ein Frankfurt,,19.0,8.0,8.0,19.0,2.0,0.0,5.0,1.0,2022,M'gladbach,2
2021-12-15,Wed,Bundesliga,Away,D,1.0,1.0,Augsburg,,13.0,4.0,7.0,14.0,0.0,0.0,2.0,0.0,2022,RB Leipzig,2
2021-12-15,Wed,Bundesliga,Home,D,0.0,0.0,Freiburg,,18.0,5.0,10.0,12.0,1.0,0.0,1.0,0.0,2022,Union Berlin,2
2021-12-17,Fri,Bundesliga,Home,W,4.0,0.0,Wolfsburg,,24.0,9.0,10.0,4.0,0.0,0.0,0.0,0.0,2022,Bayern Munich,4
2021-12-17,Fri,Bundesliga,Away,L,0.0,4.0,Bayern Munich,,7.0,2.0,4.0,10.0,0.0,0.0,0.0,0.0,2022,Wolfsburg,4
2021-12-18,Sat,Bundesliga,Away,D,0.0,0.0,Greuther Furth,,14.0,5.0,13.0,8.0,3.0,0.0,2.0,0.0,2022,Augsburg,5
2021-12-18,Sat,Bundesliga,Away,W,2.0,0.0,RB Leipzig,,4.0,4.0,16.0,6.0,2.0,1.0,0.0,0.0,2022,Bielefeld,5
2021-12-18,Sat,Bundesliga,Home,L,0.0,1.0,Union Berlin,,13.0,3.0,13.0,9.0,2.0,0.0,0.0,0.0,2022,Bochum,5
2021-12-18,Sat,Bundesliga,Away,L,2.0,3.0,Hertha,,9.0,3.0,19.0,4.0,1.0,0.0,0.0,0.0,2022,Dortmund,5
2021-12-18,Sat,Bundesliga,Home,W,1.0,0.0,Mainz,,13.0,4.0,11.0,9.0,0.0,0.0,1.0,0.0,2022,Ein Frankfurt,5
2021-12-18,Sat,Bundesliga,Home,D,0.0,0.0,Augsburg,,4.0,1.0,8.0,13.0,2.0,0.0,3.0,0.0,2022,Greuther Furth,5
2021-12-18,Sat,Bundesliga,Home,W,3.0,2.0,Dortmund,,14.0,5.0,4.0,19.0,0.0,0.0,1.0,0.0,2022,Hertha,5
2021-12-18,Sat,Bundesliga,Home,D,1.0,1.0,M'gladbach,,21.0,8.0,6.0,9.0,2.0,0.0,2.0,0.0,2022,Hoffenheim,5
2021-12-18,Sat,Bundesliga,Away,D,1.0,1.0,Hoffenheim,,11.0,5.0,9.0,6.0,2.0,0.0,2.0,0.0,2022,M'gladbach,5
2021-12-18,Sat,Bundesliga,Away,L,0.0,1.0,Ein Frankfurt,,11.0,5.0,9.0,11.0,1.0,0.0,0.0,0.0,2022,Mainz,5
2021-12-18,Sat,Bundesliga,Home,L,0.0,2.0,Bielefeld,,15.0,4.0,6.0,16.0,0.0,0.0,2.0,1.0,2022,RB Leipzig,5
2021-12-18,Sat,Bundesliga,Away,W,1.0,0.0,Bochum,,9.0,3.0,9.0,13.0,0.0,0.0,2.0,0.0,2022,Union Berlin,5
2021-12-19,Sun,Bundesliga,Home,W,1.0,0.0,Stuttgart,,8.0,2.0,17.0,13.0,3.0,0.0,1.0,0.0,2022,FC Koln,6
2021-12-19,Sun,Bundesliga,Home,W,2.0,1.0,Leverkusen,,14.0,6.0,6.0,8.0,2.0,0.0,3.0,0.0,2022,Freiburg,6
2021-12-19,Sun,Bundesliga,Away,L,1.0,2.0,Freiburg,,6.0,4.0,8.0,6.0,3.0,0.0,2.0,0.0,2022,Leverkusen,6
2021-12-19,Sun,Bundesliga,Away,L,0.0,1.0,FC Koln,,6.0,2.0,13.0,17.0,1.0,0.0,3.0,0.0,2022,Stuttgart,6
2022-01-07,Fri,Bundesliga,Home,L,1.0,2.0,M'gladbach,,19.0,8.0,18.0,11.0,0.0,0.0,1.0,0.0,2022,Bayern Munich,4
2022-01-07,Fri,Bundesliga,Away,W,2.0,1.0,Bayern Munich,,9.0,3.0,11.0,18.0,1.0,0.0,0.0,0.0,2022,M'gladbach,4
2022-01-08,Sat,Bundesliga,Away,L,1.0,3.0,Hoffenheim,,9.0,4.0,8.0,17.0,0.0,0.0,1.0,0.0,2022,Augsburg,5
2022-01-08,Sat,Bundesliga,Away,D,2.0,2.0,Freiburg,,15.0,5.0,5.0,6.0,1.0,0.0,2.0,0.0,2022,Bielefeld,5
2022-01-08,Sat,Bundesliga,Away,W,3.0,2.0,Ein Frankfurt,,21.0,8.0,6.0,14.0,2.0,0.0,3.0,0.0,2022,Dortmund,5
2022-01-08,Sat,Bundesliga,Home,L,2.0,3.0,Dortmund,,12.0,5.0,14.0,6.0,3.0,0.0,2.0,0.0,2022,Ein Frankfurt,5
2022-01-08,Sat,Bundesliga,Home,D,2.0,2.0,Bielefeld,,18.0,6.0,6.0,5.0,2.0,0.0,1.0,0.0,2022,Freiburg,5
2022-01-08,Sat,Bundesliga,Home,D,0.0,0.0,Stuttgart,,10.0,3.0,8.0,12.0,0.0,0.0,1.0,0.0,2022,Greuther Furth,5
2022-01-08,Sat,Bundesliga,Home,W,3.0,1.0,Augsburg,,12.0,5.0,17.0,8.0,1.0,0.0,0.0,0.0,2022,Hoffenheim,5
2022-01-08,Sat,Bundesliga,Home,D,2.0,2.0,Union Berlin,,17.0,8.0,8.0,11.0,1.0,0.0,2.0,0.0,2022,Leverkusen,5
2022-01-08,Sat,Bundesliga,Away,L,1.0,4.0,RB Leipzig,,2.0,1.0,10.0,6.0,2.0,1.0,0.0,0.0,2022,Mainz,5
2022-01-08,Sat,Bundesliga,Home,W,4.0,1.0,Mainz,,16.0,8.0,6.0,10.0,0.0,0.0,2.0,1.0,2022,RB Leipzig,5
2022-01-08,Sat,Bundesliga,Away,D,0.0,0.0,Greuther Furth,,18.0,3.0,12.0,8.0,1.0,0.0,0.0,0.0,2022,Stuttgart,5
2022-01-08,Sat,Bundesliga,Away,D,2.0,2.0,Leverkusen,,17.0,7.0,11.0,8.0,2.0,0.0,1.0,0.0,2022,Union Berlin,5
2022-01-09,Sun,Bundesliga,Home,W,1.0,0.0,Wolfsburg,,12.0,3.0,15.0,18.0,1.0,0.0,2.0,0.0,2022,Bochum,6
2022-01-09,Sun,Bundesliga,Away,W,3.0,1.0,Hertha,,14.0,8.0,16.0,9.0,1.0,0.0,3.0,0.0,2022,FC Koln,6
2022-01-09,Sun,Bundesliga,Home,L,1.0,3.0,FC Koln,,10.0,5.0,9.0,16.0,3.0,0.0,1.0,0.0,2022,Hertha,6
2022-01-09,Sun,Bundesliga,Away,L,0.0,1.0,Bochum,,12.0,4.0,18.0,15.0,2.0,0.0,1.0,0.0,2022,Wolfsburg,6
2022-01-14,Fri,Bundesliga,Home,W,5.0,1.0,Freiburg,,20.0,8.0,8.0,8.0,2.0,0.0,0.0,0.0,2022,Dortmund,4
2022-01-14,Fri,Bundesliga,Away,L,1.0,5.0,Dortmund,,4.0,4.0,8.0,8.0,0.0,0.0,2.0,0.0,2022,Freiburg,4
2022-01-15,Sat,Bundesliga,Away,W,4.0,0.0,FC Koln,,19.0,9.0,10.0,6.0,0.0,0.0,1.0,0.0,2022,Bayern Munich,5
2022-01-15,Sat,Bundesliga,Away,L,0.0,1.0,Mainz,,12.0,3.0,14.0,19.0,3.0,0.0,3.0,0.0,2022,Bochum,5
2022-01-15,Sat,Bundesliga,Home,L,0.0,4.0,Bayern Munich,,11.0,3.0,6.0,10.0,1.0,0.0,0.0,0.0,2022,FC Koln,5
2022-01-15,Sat,Bundesliga,Away,D,0.0,0.0,Wolfsburg,,6.0,2.0,12.0,12.0,1.0,0.0,1.0,0.0,2022,Hertha,5
2022-01-15,Sat,Bundesliga,Away,L,1.0,2.0,Union Berlin,,12.0,5.0,11.0,10.0,3.0,0.0,0.0,0.0,2022,Hoffenheim,5
2022-01-15,Sat,Bundesliga,Away,W,2.0,1.0,M'gladbach,,29.0,13.0,18.0,8.0,3.0,0.0,2.0,0.0,2022,Leverkusen,5
2022-01-15,Sat,Bundesliga,Home,L,1.0,2.0,Leverkusen,,16.0,6.0,8.0,18.0,2.0,0.0,3.0,0.0,2022,M'gladbach,5
2022-01-15,Sat,Bundesliga,Home,W,1.0,0.0,Bochum,,20.0,5.0,19.0,14.0,3.0,0.0,3.0,0.0,2022,Mainz,5
2022-01-15,Sat,Bundesliga,Away,W,2.0,0.0,Stuttgart,,7.0,3.0,13.0,12.0,1.0,0.0,3.0,0.0,2022,RB Leipzig,5
2022-01-15,Sat,Bundesliga,Home,L,0.0,2.0,RB Leipzig,,16.0,10.0,12.0,13.0,3.0,0.0,1.0,0.0,2022,Stuttgart,5
2022-01-15,Sat,Bundesliga,Home,W,2.0,1.0,Hoffenheim,,6.0,3.0,10.0,11.0,0.0,0.0,3.0,0.0,2022,Union Berlin,5
2022-01-15,Sat,Bundesliga,Home,D,0.0,0.0,Hertha,,7.0,3.0,12.0,12.0,1.0,0.0,1.0,0.0,2022,Wolfsburg,5
2022-01-16,Sun,Bundesliga,Home,D,1.0,1.0,Ein Frankfurt,,12.0,5.0,12.0,14.0,3.0,0.0,3.0,0.0,2022,Augsburg,6
2022-01-16,Sun,Bundesliga,Home,D,2.0,2.0,Greuther Furth,,13.0,5.0,16.0,6.0,4.0,0.0,1.0,0.0,2022,Bielefeld,6
2022-01-16,Sun,Bundesliga,Away,D,1.0,1.0,Augsburg,,14.0,4.0,14.0,12.0,3.0,0.0,3.0,0.0,2022,Ein Frankfurt,6
2022-01-16,Sun,Bundesliga,Away,D,2.0,2.0,Bielefeld,,6.0,3.0,6.0,16.0,1.0,0.0,4.0,0.0,2022,Greuther Furth,6
2022-01-21,Fri,Bundesliga,Away,W,2.0,0.0,Ein Frankfurt,,8.0,5.0,10.0,7.0,2.0,0.0,4.0,0.0,2022,Bielefeld,4
2022-01-21,Fri,Bundesliga,Home,L,0.0,2.0,Bielefeld,,17.0,7.0,7.0,10.0,4.0,0.0,2.0,0.0,2022,Ein Frankfurt,4
2022-01-22,Sat,Bundesliga,Away,L,1.0,5.0,Leverkusen,,14.0,5.0,7.0,8.0,2.0,0.0,1.0,0.0,2022,Augsburg,5
2022-01-22,Sat,Bundesliga,Home,D,2.0,2.0,FC Koln,,17.0,7.0,11.0,12.0,0.0,0.0,3.0,0.0,2022,Bochum,5
2022-01-22,Sat,Bundesliga,Away,W,3.0,2.0,Hoffenheim,,3.0,2.0,7.0,14.0,2.0,0.0,2.0,0.0,2022,Dortmund,5
2022-01-22,Sat,Bundesliga,Away,D,2.0,2.0,Bochum,,7.0,3.0,12.0,11.0,3.0,0.0,0.0,0.0,2022,FC Koln,5
2022-01-22,Sat,Bundesliga,Home,W,2.0,0.0,Stuttgart,,16.0,4.0,12.0,7.0,1.0,0.0,1.0,0.0,2022,Freiburg,5
2022-01-22,Sat,Bundesliga,Home,W,2.0,1.0,Mainz,,11.0,7.0,12.0,15.0,1.0,0.0,1.0,0.0,2022,Greuther Furth,5
2022-01-22,Sat,Bundesliga,Home,L,2.0,3.0,Dortmund,,14.0,2.0,14.0,7.0,2.0,0.0,2.0,0.0,2022,Hoffenheim,5
2022-01-22,Sat,Bundesliga,Home,W,5.0,1.0,Augsburg,,22.0,12.0,8.0,7.0,1.0,0.0,2.0,0.0,2022,Leverkusen,5
2022-01-22,Sat,Bundesliga,Home,L,1.0,2.0,Union Berlin,,12.0,5.0,11.0,19.0,1.0,0.0,2.0,0.0,2022,M'gladbach,5
2022-01-22,Sat,Bundesliga,Away,L,1.0,2.0,Greuther Furth,,16.0,4.0,15.0,12.0,1.0,0.0,1.0,0.0,2022,Mainz,5
2022-01-22,Sat,Bundesliga,Away,L,0.0,2.0,Freiburg,,7.0,1.0,7.0,12.0,1.0,0.0,1.0,0.0,2022,Stuttgart,5
2022-01-22,Sat,Bundesliga,Away,W,2.0,1.0,M'gladbach,,6.0,3.0,19.0,11.0,2.0,0.0,1.0,0.0,2022,Union Berlin,5
2022-01-23,Sun,Bundesliga,Away,W,4.0,1.0,Hertha,,29.0,20.0,9.0,9.0,0.0,0.0,1.0,0.0,2022,Bayern Munich,6
2022-01-23,Sun,Bundesliga,Home,L,1.0,4.0,Bayern Munich,,5.0,2.0,9.0,9.0,1.0,0.0,0.0,0.0,2022,Hertha,6
2022-01-23,Sun,Bundesliga,Home,W,2.0,0.0,Wolfsburg,,12.0,4.0,17.0,16.0,5.0,0.0,1.0,0.0,2022,RB Leipzig,6
2022-01-23,Sun,Bundesliga,Away,L,0.0,2.0,RB Leipzig,,9.0,3.0,16.0,17.0,1.0,0.0,5.0,0.0,2022,Wolfsburg,6
2022-02-04,Fri,Bundesliga,Away,D,1.0,1.0,Hertha,,9.0,4.0,22.0,14.0,1.0,0.0,3.0,0.0,2022,Bochum,4
2022-02-04,Fri,Bundesliga,Home,D,1.0,1.0,Bochum,,13.0,2.0,14.0,22.0,3.0,0.0,1.0,0.0,2022,Hertha,4
2022-02-05,Sat,Bundesliga,Home,W,2.0,0.0,Union Berlin,,14.0,9.0,8.0,16.0,0.0,0.0,2.0,0.0,2022,Augsburg,5
2022-02-05,Sat,Bundesliga,Home,W,3.0,2.0,RB Leipzig,,25.0,8.0,11.0,12.0,1.0,0.0,3.0,0.0,2022,Bayern Munich,5
2022-02-05,Sat,Bundesliga,Home,D,1.0,1.0,M'gladbach,,10.0,5.0,15.0,10.0,3.0,0.0,3.0,0.0,2022,Bielefeld,5
2022-02-05,Sat,Bundesliga,Away,W,3.0,2.0,Stuttgart,,15.0,6.0,12.0,7.0,0.0,0.0,0.0,0.0,2022,Ein Frankfurt,5
2022-02-05,Sat,Bundesliga,Home,W,1.0,0.0,Freiburg,,14.0,3.0,14.0,16.0,2.0,0.0,2.0,0.0,2022,FC Koln,5
2022-02-05,Sat,Bundesliga,Away,L,0.0,1.0,FC Koln,,18.0,2.0,16.0,14.0,2.0,0.0,2.0,0.0,2022,Freiburg,5
2022-02-05,Sat,Bundesliga,Away,L,0.0,2.0,Mainz,,12.0,2.0,13.0,12.0,2.0,0.0,0.0,0.0,2022,Hoffenheim,5
2022-02-05,Sat,Bundesliga,Away,D,1.0,1.0,Bielefeld,,22.0,4.0,10.0,15.0,3.0,0.0,3.0,0.0,2022,M'gladbach,5
2022-02-05,Sat,Bundesliga,Home,W,2.0,0.0,Hoffenheim,,9.0,4.0,12.0,13.0,0.0,0.0,2.0,0.0,2022,Mainz,5
2022-02-05,Sat,Bundesliga,Away,L,2.0,3.0,Bayern Munich,,13.0,7.0,12.0,11.0,3.0,0.0,1.0,0.0,2022,RB Leipzig,5
2022-02-05,Sat,Bundesliga,Home,L,2.0,3.0,Ein Frankfurt,,15.0,6.0,7.0,12.0,0.0,0.0,0.0,0.0,2022,Stuttgart,5
2022-02-05,Sat,Bundesliga,Away,L,0.0,2.0,Augsburg,,14.0,4.0,16.0,8.0,2.0,0.0,0.0,0.0,2022,Union Berlin,5
2022-02-06,Sun,Bundesliga,Home,L,2.0,5.0,Leverkusen,,14.0,6.0,8.0,10.0,1.0,0.0,1.0,0.0,2022,Dortmund,6
2022-02-06,Sun,Bundesliga,Away,L,1.0,4.0,Wolfsburg,,8.0,4.0,13.0,11.0,2.0,0.0,1.0,0.0,2022,Greuther Furth,6
2022-02-06,Sun,Bundesliga,Away,W,5.0,2.0,Dortmund,,10.0,7.0,10.0,8.0,1.0,0.0,1.0,0.0,2022,Leverkusen,6
2022-02-06,Sun,Bundesliga,Home,W,4.0,1.0,Greuther Furth,,11.0,6.0,11.0,13.0,1.0,0.0,2.0,0.0,2022,Wolfsburg,6
2022-02-11,Fri,Bundesliga,Away,L,1.0,3.0,RB Leipzig,,9.0,2.0,11.0,6.0,2.0,0.0,1.0,0.0,2022,FC Koln,4
2022-02-11,Fri,Bundesliga,Home,W,3.0,1.0,FC Koln,,6.0,4.0,6.0,11.0,1.0,0.0,2.0,0.0,2022,RB Leipzig,4
2022-02-12,Sat,Bundesliga,Away,L,2.0,3.0,M'gladbach,,14.0,8.0,12.0,8.0,2.0,0.0,2.0,0.0,2022,Augsburg,5
2022-02-12,Sat,Bundesliga,Away,L,2.0,4.0,Bochum,,22.0,4.0,7.0,13.0,1.0,0.0,2.0,0.0,2022,Bayern Munich,5
2022-02-12,Sat,Bundesliga,Home,W,4.0,2.0,Bayern Munich,,12.0,7.0,13.0,7.0,2.0,0.0,1.0,0.0,2022,Bochum,5
2022-02-12,Sat,Bundesliga,Home,L,0.0,2.0,Wolfsburg,,16.0,2.0,12.0,9.0,1.0,0.0,2.0,0.0,2022,Ein Frankfurt,5
2022-02-12,Sat,Bundesliga,Home,D,1.0,1.0,Mainz,,16.0,5.0,14.0,15.0,0.0,0.0,2.0,0.0,2022,Freiburg,5
2022-02-12,Sat,Bundesliga,Home,W,2.0,1.0,Hertha,,19.0,10.0,11.0,12.0,2.0,0.0,4.0,0.0,2022,Greuther Furth,5
2022-02-12,Sat,Bundesliga,Away,L,1.0,2.0,Greuther Furth,,24.0,8.0,12.0,11.0,4.0,0.0,2.0,0.0,2022,Hertha,5
2022-02-12,Sat,Bundesliga,Home,W,4.0,2.0,Stuttgart,,20.0,6.0,10.0,6.0,3.0,0.0,2.0,0.0,2022,Leverkusen,5
2022-02-12,Sat,Bundesliga,Home,W,3.0,2.0,Augsburg,,14.0,5.0,8.0,12.0,2.0,0.0,2.0,0.0,2022,M'gladbach,5
2022-02-12,Sat,Bundesliga,Away,D,1.0,1.0,Freiburg,,20.0,5.0,15.0,14.0,2.0,0.0,0.0,0.0,2022,Mainz,5
2022-02-12,Sat,Bundesliga,Away,L,2.0,4.0,Leverkusen,,8.0,5.0,6.0,10.0,2.0,0.0,3.0,0.0,2022,Stuttgart,5
2022-02-12,Sat,Bundesliga,Away,W,2.0,0.0,Ein Frankfurt,,11.0,3.0,9.0,12.0,2.0,0.0,1.0,0.0,2022,Wolfsburg,5
2022-02-13,Sun,Bundesliga,Away,L,0.0,2.0,Hoffenheim,,8.0,4.0,12.0,12.0,0.0,0.0,2.0,0.0,2022,Bielefeld,6
2022-02-13,Sun,Bundesliga,Away,W,3.0,0.0,Union Berlin,,10.0,6.0,9.0,20.0,1.0,0.0,4.0,0.0,2022,Dortmund,6
2022-02-13,Sun,Bundesliga,Home,W,2.0,0.0,Bielefeld,,25.0,9.0,12.0,12.0,2.0,0.0,0.0,0.0,2022,Hoffenheim,6
2022-02-13,Sun,Bundesliga,Home,L,0.0,3.0,Dortmund,,12.0,2.0,20.0,9.0,4.0,0.0,1.0,0.0,2022,Union Berlin,6
2022-02-18,Fri,Bundesliga,Away,L,2.0,3.0,Mainz,,8.0,6.0,13.0,15.0,2.0,0.0,2.0,0.0,2022,Leverkusen,4
2022-02-18,Fri,Bundesliga,Home,W,3.0,2.0,Leverkusen,,17.0,5.0,15.0,13.0,2.0,0.0,2.0,0.0,2022,Mainz,4
2022-02-19,Sat,Bundesliga,Home,L,1.0,2.0,Freiburg,,18.0,4.0,11.0,8.0,1.0,0.0,1.0,0.0,2022,Augsburg,5
2022-02-19,Sat,Bundesliga,Home,W,1.0,0.0,Union Berlin,,11.0,3.0,6.0,15.0,0.0,0.0,2.0,0.0,2022,Bielefeld,5
2022-02-19,Sat,Bundesliga,Away,D,1.0,1.0,Stuttgart,,13.0,5.0,17.0,7.0,4.0,0.0,0.0,0.0,2022,Bochum,5
2022-02-19,Sat,Bundesliga,Away,L,0.0,1.0,FC Koln,,10.0,2.0,16.0,9.0,2.0,0.0,1.0,0.0,2022,Ein Frankfurt,5
2022-02-19,Sat,Bundesliga,Home,W,1.0,0.0,Ein Frankfurt,,13.0,8.0,9.0,16.0,1.0,0.0,2.0,0.0,2022,FC Koln,5
2022-02-19,Sat,Bundesliga,Away,W,2.0,1.0,Augsburg,,15.0,5.0,8.0,11.0,1.0,0.0,1.0,0.0,2022,Freiburg,5
2022-02-19,Sat,Bundesliga,Away,W,2.0,1.0,Wolfsburg,,10.0,4.0,17.0,10.0,2.0,0.0,1.0,0.0,2022,Hoffenheim,5
2022-02-19,Sat,Bundesliga,Home,D,1.0,1.0,Bochum,,15.0,7.0,7.0,17.0,0.0,0.0,4.0,0.0,2022,Stuttgart,5
2022-02-19,Sat,Bundesliga,Away,L,0.0,1.0,Bielefeld,,11.0,4.0,15.0,6.0,2.0,0.0,0.0,0.0,2022,Union Berlin,5
2022-02-19,Sat,Bundesliga,Home,L,1.0,2.0,Hoffenheim,,14.0,6.0,10.0,17.0,1.0,0.0,2.0,0.0,2022,Wolfsburg,5
2022-02-20,Sun,Bundesliga,Home,W,4.0,1.0,Greuther Furth,,22.0,8.0,15.0,17.0,2.0,0.0,1.0,0.0,2022,Bayern Munich,6
2022-02-20,Sun,Bundesliga,Home,W,6.0,0.0,M'gladbach,,16.0,10.0,17.0,11.0,2.0,0.0,1.0,0.0,2022,Dortmund,6
2022-02-20,Sun,Bundesliga,Away,L,1.0,4.0,Bayern Munich,,8.0,3.0,17.0,15.0,1.0,0.0,2.0,0.0,2022,Greuther Furth,6
2022-02-20,Sun,Bundesliga,Home,L,1.0,6.0,RB Leipzig,,8.0,4.0,10.0,8.0,2.0,1.0,3.0,0.0,2022,Hertha,6
2022-02-20,Sun,Bundesliga,Away,L,0.0,6.0,Dortmund,,8.0,5.0,11.0,17.0,1.0,0.0,2.0,0.0,2022,M'gladbach,6
2022-02-20,Sun,Bundesliga,Away,W,6.0,1.0,Hertha,,16.0,10.0,8.0,10.0,3.0,0.0,2.0,1.0,2022,RB Leipzig,6
2022-02-25,Fri,Bundesliga,Home,W,2.0,1.0,Stuttgart,,19.0,7.0,14.0,13.0,3.0,0.0,2.0,0.0,2022,Hoffenheim,4
2022-02-25,Fri,Bundesliga,Away,L,1.0,2.0,Hoffenheim,,13.0,4.0,13.0,14.0,2.0,0.0,3.0,0.0,2022,Stuttgart,4
2022-02-26,Sat,Bundesliga,Away,W,1.0,0.0,Ein Frankfurt,,20.0,9.0,3.0,16.0,2.0,0.0,1.0,0.0,2022,Bayern Munich,5
2022-02-26,Sat,Bundesliga,Away,L,0.0,3.0,Leverkusen,,8.0,3.0,10.0,8.0,1.0,0.0,0.0,0.0,2022,Bielefeld,5
2022-02-26,Sat,Bundesliga,Home,L,0.0,1.0,Bayern Munich,,7.0,2.0,16.0,3.0,1.0,0.0,2.0,0.0,2022,Ein Frankfurt,5
2022-02-26,Sat,Bundesliga,Away,D,1.0,1.0,Greuther Furth,,17.0,5.0,13.0,15.0,2.0,0.0,1.0,0.0,2022,FC Koln,5
2022-02-26,Sat,Bundesliga,Home,W,3.0,0.0,Hertha,,16.0,5.0,13.0,10.0,1.0,0.0,2.0,0.0,2022,Freiburg,5
2022-02-26,Sat,Bundesliga,Home,D,1.0,1.0,FC Koln,,13.0,5.0,15.0,13.0,1.0,0.0,2.0,0.0,2022,Greuther Furth,5
2022-02-26,Sat,Bundesliga,Away,L,0.0,3.0,Freiburg,,17.0,2.0,10.0,13.0,2.0,0.0,1.0,0.0,2022,Hertha,5
2022-02-26,Sat,Bundesliga,Home,W,3.0,0.0,Bielefeld,,21.0,9.0,8.0,10.0,0.0,0.0,1.0,0.0,2022,Leverkusen,5
2022-02-26,Sat,Bundesliga,Home,D,2.0,2.0,Wolfsburg,,23.0,11.0,12.0,14.0,2.0,0.0,4.0,1.0,2022,M'gladbach,5
2022-02-26,Sat,Bundesliga,Away,L,1.0,3.0,Union Berlin,,14.0,1.0,18.0,13.0,4.0,1.0,4.0,0.0,2022,Mainz,5
2022-02-26,Sat,Bundesliga,Home,W,3.0,1.0,Mainz,,7.0,3.0,13.0,18.0,4.0,0.0,4.0,1.0,2022,Union Berlin,5
2022-02-26,Sat,Bundesliga,Away,D,2.0,2.0,M'gladbach,,6.0,3.0,14.0,12.0,4.0,1.0,2.0,0.0,2022,Wolfsburg,5
2022-02-27,Sun,Bundesliga,Home,D,1.0,1.0,Dortmund,,8.0,3.0,15.0,8.0,2.0,0.0,1.0,0.0,2022,Augsburg,6
2022-02-27,Sun,Bundesliga,Home,L,0.0,1.0,RB Leipzig,,13.0,2.0,15.0,9.0,1.0,0.0,1.0,0.0,2022,Bochum,6
2022-02-27,Sun,Bundesliga,Away,D,1.0,1.0,Augsburg,,11.0,7.0,8.0,15.0,1.0,0.0,2.0,0.0,2022,Dortmund,6
2022-02-27,Sun,Bundesliga,Away,W,1.0,0.0,Bochum,,6.0,1.0,9.0,15.0,1.0,0.0,1.0,0.0,2022,RB Leipzig,6
2022-03-04,Fri,Bundesliga,Away,W,1.0,0.0,Bielefeld,,7.0,1.0,10.0,12.0,5.0,0.0,3.0,0.0,2022,Augsburg,4
2022-03-04,Fri,Bundesliga,Home,L,0.0,1.0,Augsburg,,6.0,1.0,12.0,10.0,3.0,0.0,5.0,0.0,2022,Bielefeld,4
2022-03-05,Sat,Bundesliga,Home,D,1.0,1.0,Leverkusen,,20.0,6.0,10.0,14.0,1.0,0.0,2.0,0.0,2022,Bayern Munich,5
2022-03-05,Sat,Bundesliga,Home,W,2.0,1.0,Greuther Furth,,15.0,9.0,16.0,14.0,2.0,0.0,4.0,0.0,2022,Bochum,5
2022-03-05,Sat,Bundesliga,Away,W,4.0,1.0,Hertha,,12.0,6.0,16.0,10.0,2.0,0.0,2.0,0.0,2022,Ein Frankfurt,5
2022-03-05,Sat,Bundesliga,Away,D,1.0,1.0,RB Leipzig,,4.0,3.0,15.0,8.0,0.0,0.0,1.0,0.0,2022,Freiburg,5
2022-03-05,Sat,Bundesliga,Away,L,1.0,2.0,Bochum,,9.0,2.0,14.0,16.0,4.0,0.0,2.0,0.0,2022,Greuther Furth,5
2022-03-05,Sat,Bundesliga,Home,L,1.0,4.0,Ein Frankfurt,,10.0,4.0,10.0,16.0,2.0,0.0,2.0,0.0,2022,Hertha,5
2022-03-05,Sat,Bundesliga,Away,D,1.0,1.0,Bayern Munich,,9.0,2.0,14.0,10.0,2.0,0.0,1.0,0.0,2022,Leverkusen,5
2022-03-05,Sat,Bundesliga,Away,L,2.0,3.0,Stuttgart,,9.0,3.0,10.0,7.0,2.0,0.0,1.0,0.0,2022,M'gladbach,5
2022-03-05,Sat,Bundesliga,Home,D,1.0,1.0,Freiburg,,14.0,5.0,8.0,15.0,1.0,0.0,0.0,0.0,2022,RB Leipzig,5
2022-03-05,Sat,Bundesliga,Home,W,3.0,2.0,M'gladbach,,18.0,7.0,7.0,10.0,1.0,0.0,2.0,0.0,2022,Stuttgart,5
2022-03-05,Sat,Bundesliga,Away,L,0.0,1.0,Wolfsburg,,17.0,5.0,15.0,12.0,1.0,0.0,0.0,0.0,2022,Union Berlin,5
2022-03-05,Sat,Bundesliga,Home,W,1.0,0.0,Union Berlin,,9.0,3.0,12.0,15.0,0.0,0.0,1.0,0.0,2022,Wolfsburg,5
2022-03-06,Sun,Bundesliga,Home,L,0.0,1.0,Hoffenheim,,10.0,3.0,9.0,12.0,1.0,0.0,4.0,0.0,2022,FC Koln,6
2022-03-06,Sun,Bundesliga,Away,W,1.0,0.0,FC Koln,,13.0,3.0,12.0,9.0,4.0,0.0,1.0,0.0,2022,Hoffenheim,6
2022-03-12,Sat,Bundesliga,Away,D,1.0,1.0,Hoffenheim,,18.0,8.0,9.0,12.0,1.0,0.0,4.0,0.0,2022,Bayern Munich,5
2022-03-12,Sat,Bundesliga,Home,W,3.0,2.0,Wolfsburg,,16.0,8.0,11.0,9.0,2.0,0.0,0.0,0.0,2022,Freiburg,5
2022-03-12,Sat,Bundesliga,Away,L,0.0,2.0,M'gladbach,,12.0,3.0,17.0,7.0,0.0,0.0,3.0,0.0,2022,Hertha,5
2022-03-12,Sat,Bundesliga,Home,D,1.0,1.0,Bayern Munich,,9.0,6.0,12.0,9.0,4.0,0.0,1.0,0.0,2022,Hoffenheim,5
2022-03-12,Sat,Bundesliga,Home,W,2.0,0.0,Hertha,,12.0,5.0,7.0,17.0,3.0,0.0,0.0,0.0,2022,M'gladbach,5
2022-03-12,Sat,Bundesliga,Away,D,1.0,1.0,Union Berlin,,11.0,3.0,12.0,25.0,2.0,0.0,3.0,0.0,2022,Stuttgart,5
2022-03-12,Sat,Bundesliga,Home,D,1.0,1.0,Stuttgart,,11.0,3.0,25.0,12.0,3.0,0.0,2.0,0.0,2022,Union Berlin,5
2022-03-12,Sat,Bundesliga,Away,L,2.0,3.0,Freiburg,,11.0,5.0,9.0,11.0,0.0,0.0,2.0,0.0,2022,Wolfsburg,5
2022-03-13,Sun,Bundesliga,Away,L,0.0,1.0,Dortmund,,11.0,4.0,10.0,6.0,1.0,0.0,1.0,0.0,2022,Bielefeld,6
2022-03-13,Sun,Bundesliga,Away,L,1.0,2.0,Ein Frankfurt,,8.0,4.0,15.0,10.0,4.0,0.0,3.0,0.0,2022,Bochum,6
2022-03-13,Sun,Bundesliga,Home,W,1.0,0.0,Bielefeld,,20.0,3.0,6.0,10.0,1.0,0.0,1.0,0.0,2022,Dortmund,6
2022-03-13,Sun,Bundesliga,Home,W,2.0,1.0,Bochum,,14.0,3.0,10.0,15.0,3.0,0.0,4.0,0.0,2022,Ein Frankfurt,6
2022-03-13,Sun,Bundesliga,Away,W,1.0,0.0,Leverkusen,,6.0,3.0,19.0,13.0,2.0,0.0,2.0,0.0,2022,FC Koln,6
2022-03-13,Sun,Bundesliga,Home,L,1.0,6.0,RB Leipzig,,7.0,1.0,9.0,8.0,2.0,0.0,0.0,0.0,2022,Greuther Furth,6
2022-03-13,Sun,Bundesliga,Home,L,0.0,1.0,FC Koln,,15.0,3.0,13.0,19.0,2.0,0.0,2.0,0.0,2022,Leverkusen,6
2022-03-13,Sun,Bundesliga,Away,W,6.0,1.0,Greuther Furth,,12.0,7.0,8.0,9.0,0.0,0.0,2.0,0.0,2022,RB Leipzig,6
2022-03-16,Wed,Bundesliga,Away,W,1.0,0.0,Mainz,,11.0,4.0,10.0,18.0,4.0,0.0,3.0,0.0,2022,Dortmund,2
2022-03-16,Wed,Bundesliga,Home,L,0.0,1.0,Dortmund,,10.0,1.0,18.0,10.0,3.0,0.0,4.0,0.0,2022,Mainz,2
2022-03-18,Fri,Bundesliga,Home,L,0.0,2.0,M'gladbach,,15.0,7.0,12.0,10.0,2.0,0.0,1.0,0.0,2022,Bochum,4
2022-03-18,Fri,Bundesliga,Away,W,2.0,0.0,Bochum,,8.0,5.0,10.0,12.0,1.0,0.0,2.0,0.0,2022,M'gladbach,4
2022-03-19,Sat,Bundesliga,Away,L,2.0,3.0,Stuttgart,,10.0,4.0,17.0,13.0,3.0,0.0,2.0,0.0,2022,Augsburg,5
2022-03-19,Sat,Bundesliga,Home,W,4.0,0.0,Union Berlin,,16.0,7.0,8.0,7.0,2.0,0.0,1.0,0.0,2022,Bayern Munich,5
2022-03-19,Sat,Bundesliga,Away,L,0.0,4.0,Mainz,,6.0,0.0,14.0,10.0,0.0,0.0,1.0,0.0,2022,Bielefeld,5
2022-03-19,Sat,Bundesliga,Away,D,0.0,0.0,Greuther Furth,,13.0,3.0,9.0,15.0,0.0,0.0,1.0,0.0,2022,Freiburg,5
2022-03-19,Sat,Bundesliga,Home,D,0.0,0.0,Freiburg,,8.0,1.0,15.0,9.0,1.0,0.0,0.0,0.0,2022,Greuther Furth,5
2022-03-19,Sat,Bundesliga,Home,W,3.0,0.0,Hoffenheim,,13.0,6.0,10.0,13.0,2.0,0.0,1.0,0.0,2022,Hertha,5
2022-03-19,Sat,Bundesliga,Away,L,0.0,3.0,Hertha,,8.0,0.0,13.0,10.0,1.0,0.0,2.0,0.0,2022,Hoffenheim,5
2022-03-19,Sat,Bundesliga,Home,W,4.0,0.0,Bielefeld,,14.0,6.0,10.0,14.0,1.0,0.0,0.0,0.0,2022,Mainz,5
2022-03-19,Sat,Bundesliga,Home,W,3.0,2.0,Augsburg,,24.0,9.0,13.0,17.0,2.0,0.0,3.0,0.0,2022,Stuttgart,5
2022-03-19,Sat,Bundesliga,Away,L,0.0,4.0,Bayern Munich,,9.0,4.0,7.0,8.0,1.0,0.0,2.0,0.0,2022,Union Berlin,5
2022-03-20,Sun,Bundesliga,Away,D,1.0,1.0,FC Koln,,9.0,3.0,16.0,13.0,3.0,0.0,2.0,0.0,2022,Dortmund,6
2022-03-20,Sun,Bundesliga,Away,D,0.0,0.0,RB Leipzig,,5.0,0.0,21.0,6.0,5.0,0.0,1.0,0.0,2022,Ein Frankfurt,6
2022-03-20,Sun,Bundesliga,Home,D,1.0,1.0,Dortmund,,10.0,1.0,13.0,16.0,2.0,0.0,3.0,0.0,2022,FC Koln,6
2022-03-20,Sun,Bundesliga,Away,W,2.0,0.0,Wolfsburg,,17.0,7.0,13.0,6.0,3.0,0.0,2.0,0.0,2022,Leverkusen,6
2022-03-20,Sun,Bundesliga,Home,D,0.0,0.0,Ein Frankfurt,,14.0,7.0,6.0,21.0,1.0,0.0,5.0,0.0,2022,RB Leipzig,6
2022-03-20,Sun,Bundesliga,Home,L,0.0,2.0,Leverkusen,,18.0,4.0,6.0,13.0,2.0,0.0,3.0,0.0,2022,Wolfsburg,6
2022-04-01,Fri,Bundesliga,Away,L,0.0,1.0,Union Berlin,,6.0,1.0,11.0,17.0,3.0,0.0,3.0,0.0,2022,FC Koln,4
2022-04-01,Fri,Bundesliga,Home,W,1.0,0.0,FC Koln,,13.0,5.0,17.0,11.0,3.0,0.0,3.0,0.0,2022,Union Berlin,4
2022-04-02,Sat,Bundesliga,Away,W,4.0,1.0,Freiburg,,21.0,11.0,6.0,13.0,1.0,0.0,1.0,0.0,2022,Bayern Munich,5
2022-04-02,Sat,Bundesliga,Home,D,1.0,1.0,Stuttgart,,10.0,4.0,13.0,12.0,1.0,0.0,5.0,0.0,2022,Bielefeld,5
2022-04-02,Sat,Bundesliga,Away,W,2.0,1.0,Hoffenheim,,20.0,6.0,11.0,9.0,2.0,0.0,3.0,0.0,2022,Bochum,5
2022-04-02,Sat,Bundesliga,Home,L,1.0,4.0,RB Leipzig,,10.0,2.0,7.0,10.0,3.0,0.0,1.0,0.0,2022,Dortmund,5
2022-04-02,Sat,Bundesliga,Home,D,0.0,0.0,Greuther Furth,,20.0,6.0,10.0,14.0,1.0,0.0,0.0,0.0,2022,Ein Frankfurt,5
2022-04-02,Sat,Bundesliga,Home,L,1.0,4.0,Bayern Munich,,8.0,3.0,13.0,6.0,1.0,0.0,1.0,0.0,2022,Freiburg,5
2022-04-02,Sat,Bundesliga,Away,D,0.0,0.0,Ein Frankfurt,,4.0,2.0,14.0,10.0,0.0,0.0,1.0,0.0,2022,Greuther Furth,5
2022-04-02,Sat,Bundesliga,Away,L,1.0,2.0,Leverkusen,,7.0,4.0,11.0,13.0,1.0,0.0,0.0,0.0,2022,Hertha,5
2022-04-02,Sat,Bundesliga,Home,L,1.0,2.0,Bochum,,14.0,7.0,9.0,11.0,3.0,0.0,2.0,0.0,2022,Hoffenheim,5
2022-04-02,Sat,Bundesliga,Home,W,2.0,1.0,Hertha,,18.0,7.0,13.0,11.0,0.0,0.0,1.0,0.0,2022,Leverkusen,5
2022-04-02,Sat,Bundesliga,Away,W,4.0,1.0,Dortmund,,11.0,5.0,10.0,7.0,1.0,0.0,3.0,0.0,2022,RB Leipzig,5
2022-04-02,Sat,Bundesliga,Away,D,1.0,1.0,Bielefeld,,14.0,4.0,12.0,13.0,5.0,0.0,1.0,0.0,2022,Stuttgart,5
2022-04-03,Sun,Bundesliga,Home,W,3.0,0.0,Wolfsburg,,13.0,5.0,15.0,11.0,1.0,0.0,0.0,0.0,2022,Augsburg,6
2022-04-03,Sun,Bundesliga,Home,D,1.0,1.0,Mainz,,17.0,8.0,13.0,20.0,2.0,0.0,1.0,0.0,2022,M'gladbach,6
2022-04-03,Sun,Bundesliga,Away,D,1.0,1.0,M'gladbach,,22.0,10.0,20.0,13.0,1.0,0.0,2.0,0.0,2022,Mainz,6
2022-04-03,Sun,Bundesliga,Away,L,0.0,3.0,Augsburg,,17.0,5.0,11.0,15.0,0.0,0.0,1.0,0.0,2022,Wolfsburg,6
2022-04-06,Wed,Bundesliga,Home,W,2.0,1.0,Mainz,,14.0,4.0,16.0,18.0,3.0,0.0,2.0,0.0,2022,Augsburg,2
2022-04-06,Wed,Bundesliga,Away,L,1.0,2.0,Augsburg,,17.0,3.0,18.0,16.0,2.0,0.0,3.0,0.0,2022,Mainz,2
2022-04-08,Fri,Bundesliga,Away,W,2.0,0.0,Stuttgart,,10.0,4.0,6.0,8.0,1.0,0.0,2.0,0.0,2022,Dortmund,4
2022-04-08,Fri,Bundesliga,Home,L,0.0,2.0,Dortmund,,13.0,2.0,8.0,6.0,2.0,0.0,1.0,0.0,2022,Stuttgart,4
2022-04-09,Sat,Bundesliga,Away,L,0.0,1.0,Bayern Munich,,6.0,1.0,22.0,10.0,2.0,0.0,1.0,0.0,2022,Augsburg,5
2022-04-09,Sat,Bundesliga,Home,W,1.0,0.0,Augsburg,,13.0,4.0,10.0,22.0,1.0,0.0,2.0,0.0,2022,Bayern Munich,5
2022-04-09,Sat,Bundesliga,Away,L,0.0,4.0,Wolfsburg,,6.0,3.0,13.0,11.0,1.0,0.0,0.0,0.0,2022,Bielefeld,5
2022-04-09,Sat,Bundesliga,Home,W,3.0,2.0,Mainz,,13.0,5.0,19.0,23.0,2.0,0.0,2.0,0.0,2022,FC Koln,5
2022-04-09,Sat,Bundesliga,Home,L,0.0,2.0,M'gladbach,,10.0,1.0,12.0,8.0,1.0,0.0,0.0,0.0,2022,Greuther Furth,5
2022-04-09,Sat,Bundesliga,Home,L,1.0,4.0,Union Berlin,,12.0,3.0,11.0,11.0,4.0,0.0,0.0,0.0,2022,Hertha,5
2022-04-09,Sat,Bundesliga,Away,W,2.0,0.0,Greuther Furth,,18.0,7.0,8.0,12.0,0.0,0.0,1.0,0.0,2022,M'gladbach,5
2022-04-09,Sat,Bundesliga,Away,L,2.0,3.0,FC Koln,,9.0,6.0,23.0,19.0,2.0,0.0,2.0,0.0,2022,Mainz,5
2022-04-09,Sat,Bundesliga,Away,W,4.0,1.0,Hertha,,17.0,13.0,11.0,11.0,0.0,0.0,4.0,0.0,2022,Union Berlin,5
2022-04-09,Sat,Bundesliga,Home,W,4.0,0.0,Bielefeld,,11.0,6.0,11.0,13.0,0.0,0.0,1.0,0.0,2022,Wolfsburg,5
2022-04-10,Sun,Bundesliga,Home,D,0.0,0.0,Leverkusen,,11.0,2.0,10.0,9.0,0.0,0.0,0.0,0.0,2022,Bochum,6
2022-04-10,Sun,Bundesliga,Home,L,1.0,2.0,Freiburg,,17.0,5.0,13.0,9.0,1.0,0.0,2.0,0.0,2022,Ein Frankfurt,6
2022-04-10,Sun,Bundesliga,Away,W,2.0,1.0,Ein Frankfurt,,12.0,4.0,9.0,13.0,2.0,0.0,1.0,0.0,2022,Freiburg,6
2022-04-10,Sun,Bundesliga,Away,L,0.0,3.0,RB Leipzig,,4.0,0.0,15.0,11.0,2.0,0.0,1.0,0.0,2022,Hoffenheim,6
2022-04-10,Sun,Bundesliga,Away,D,0.0,0.0,Bochum,,9.0,2.0,9.0,10.0,0.0,0.0,0.0,0.0,2022,Leverkusen,6
2022-04-10,Sun,Bundesliga,Home,W,3.0,0.0,Hoffenheim,,11.0,4.0,11.0,15.0,1.0,0.0,2.0,0.0,2022,RB Leipzig,6
2022-04-16,Sat,Bundesliga,Home,L,0.0,1.0,Hertha,,13.0,2.0,14.0,17.0,4.0,0.0,4.0,0.0,2022,Augsburg,5
2022-04-16,Sat,Bundesliga,Away,L,0.0,3.0,Freiburg,,10.0,2.0,10.0,8.0,0.0,1.0,0.0,0.0,2022,Bochum,5
2022-04-16,Sat,Bundesliga,Home,W,6.0,1.0,Wolfsburg,,12.0,8.0,14.0,9.0,0.0,0.0,2.0,0.0,2022,Dortmund,5
2022-04-16,Sat,Bundesliga,Away,W,3.0,1.0,M'gladbach,,17.0,6.0,19.0,15.0,2.0,0.0,3.0,0.0,2022,FC Koln,5
2022-04-16,Sat,Bundesliga,Home,W,3.0,0.0,Bochum,,14.0,8.0,8.0,10.0,0.0,0.0,0.0,1.0,2022,Freiburg,5
2022-04-16,Sat,Bundesliga,Away,W,1.0,0.0,Augsburg,,11.0,1.0,17.0,14.0,4.0,0.0,4.0,0.0,2022,Hertha,5
2022-04-16,Sat,Bundesliga,Home,L,1.0,3.0,FC Koln,,18.0,4.0,15.0,19.0,3.0,0.0,2.0,0.0,2022,M'gladbach,5
2022-04-16,Sat,Bundesliga,Home,D,0.0,0.0,Stuttgart,,9.0,0.0,17.0,12.0,0.0,0.0,1.0,0.0,2022,Mainz,5
2022-04-16,Sat,Bundesliga,Away,D,0.0,0.0,Mainz,,6.0,3.0,12.0,17.0,1.0,0.0,0.0,0.0,2022,Stuttgart,5
2022-04-16,Sat,Bundesliga,Away,L,1.0,6.0,Dortmund,,9.0,4.0,9.0,14.0,2.0,0.0,0.0,0.0,2022,Wolfsburg,5
2022-04-17,Sun,Bundesliga,Away,W,3.0,0.0,Bielefeld,,24.0,9.0,11.0,11.0,2.0,0.0,1.0,0.0,2022,Bayern Munich,6
2022-04-17,Sun,Bundesliga,Home,L,0.0,3.0,Bayern Munich,,8.0,3.0,11.0,11.0,1.0,0.0,2.0,0.0,2022,Bielefeld,6
2022-04-17,Sun,Bundesliga,Away,L,0.0,2.0,Union Berlin,,10.0,3.0,8.0,10.0,1.0,0.0,2.0,0.0,2022,Ein Frankfurt,6
2022-04-17,Sun,Bundesliga,Away,D,0.0,0.0,Hoffenheim,,7.0,1.0,15.0,19.0,3.0,0.0,3.0,0.0,2022,Greuther Furth,6
2022-04-17,Sun,Bundesliga,Home,D,0.0,0.0,Greuther Furth,,16.0,3.0,19.0,15.0,3.0,0.0,3.0,0.0,2022,Hoffenheim,6
2022-04-17,Sun,Bundesliga,Home,L,0.0,1.0,RB Leipzig,,12.0,4.0,18.0,7.0,2.0,0.0,1.0,0.0,2022,Leverkusen,6
2022-04-17,Sun,Bundesliga,Away,W,1.0,0.0,Leverkusen,,4.0,1.0,7.0,18.0,1.0,0.0,2.0,0.0,2022,RB Leipzig,6
2022-04-17,Sun,Bundesliga,Home,W,2.0,0.0,Ein Frankfurt,,14.0,4.0,10.0,8.0,2.0,0.0,1.0,0.0,2022,Union Berlin,6
2022-04-22,Fri,Bundesliga,Away,L,0.0,5.0,Wolfsburg,,5.0,3.0,10.0,10.0,2.0,1.0,0.0,0.0,2022,Mainz,4
2022-04-22,Fri,Bundesliga,Home,W,5.0,0.0,Mainz,,15.0,7.0,10.0,10.0,0.0,0.0,2.0,1.0,2022,Wolfsburg,4
2022-04-23,Sat,Bundesliga,Home,W,3.0,1.0,Dortmund,,13.0,6.0,9.0,11.0,0.0,0.0,1.0,0.0,2022,Bayern Munich,5
2022-04-23,Sat,Bundesliga,Away,L,1.0,3.0,FC Koln,,16.0,4.0,15.0,7.0,3.0,0.0,2.0,0.0,2022,Bielefeld,5
2022-04-23,Sat,Bundesliga,Away,L,1.0,3.0,Bayern Munich,,7.0,3.0,11.0,9.0,1.0,0.0,0.0,0.0,2022,Dortmund,5
2022-04-23,Sat,Bundesliga,Home,D,2.0,2.0,Hoffenheim,,17.0,7.0,10.0,9.0,1.0,0.0,3.0,0.0,2022,Ein Frankfurt,5
2022-04-23,Sat,Bundesliga,Home,W,3.0,1.0,Bielefeld,,19.0,6.0,7.0,15.0,2.0,0.0,3.0,0.0,2022,FC Koln,5
2022-04-23,Sat,Bundesliga,Home,D,3.0,3.0,M'gladbach,,19.0,8.0,12.0,12.0,1.0,0.0,4.0,0.0,2022,Freiburg,5
2022-04-23,Sat,Bundesliga,Home,L,1.0,4.0,Leverkusen,,9.0,4.0,4.0,13.0,0.0,0.0,0.0,0.0,2022,Greuther Furth,5
2022-04-23,Sat,Bundesliga,Away,D,2.0,2.0,Ein Frankfurt,,11.0,4.0,9.0,10.0,3.0,0.0,1.0,0.0,2022,Hoffenheim,5
2022-04-23,Sat,Bundesliga,Away,W,4.0,1.0,Greuther Furth,,10.0,5.0,13.0,4.0,0.0,0.0,0.0,0.0,2022,Leverkusen,5
2022-04-23,Sat,Bundesliga,Away,D,3.0,3.0,Freiburg,,7.0,4.0,12.0,12.0,4.0,0.0,1.0,0.0,2022,M'gladbach,5
2022-04-23,Sat,Bundesliga,Home,L,1.0,2.0,Union Berlin,,5.0,1.0,13.0,9.0,2.0,0.0,2.0,0.0,2022,RB Leipzig,5
2022-04-23,Sat,Bundesliga,Away,W,2.0,1.0,RB Leipzig,,12.0,4.0,9.0,13.0,2.0,0.0,2.0,0.0,2022,Union Berlin,5
2022-04-24,Sun,Bundesliga,Away,W,2.0,0.0,Bochum,,12.0,4.0,17.0,10.0,3.0,0.0,1.0,0.0,2022,Augsburg,6
2022-04-24,Sun,Bundesliga,Home,L,0.0,2.0,Augsburg,,18.0,3.0,10.0,17.0,1.0,0.0,3.0,0.0,2022,Bochum,6
2022-04-24,Sun,Bundesliga,Home,W,2.0,0.0,Stuttgart,,7.0,2.0,10.0,8.0,1.0,0.0,1.0,0.0,2022,Hertha,6
2022-04-24,Sun,Bundesliga,Away,L,0.0,2.0,Hertha,,12.0,5.0,8.0,10.0,1.0,0.0,1.0,0.0,2022,Stuttgart,6
2022-04-29,Fri,Bundesliga,Away,D,1.0,1.0,Union Berlin,,7.0,2.0,14.0,14.0,2.0,0.0,2.0,0.0,2022,Greuther Furth,4
2022-04-29,Fri,Bundesliga,Home,D,1.0,1.0,Greuther Furth,,6.0,3.0,14.0,14.0,2.0,0.0,2.0,0.0,2022,Union Berlin,4
2022-04-30,Sat,Bundesliga,Home,L,1.0,4.0,FC Koln,,14.0,5.0,14.0,14.0,2.0,0.0,4.0,0.0,2022,Augsburg,5
2022-04-30,Sat,Bundesliga,Away,L,1.0,3.0,Mainz,,4.0,1.0,11.0,11.0,4.0,0.0,0.0,0.0,2022,Bayern Munich,5
2022-04-30,Sat,Bundesliga,Home,D,1.0,1.0,Hertha,,6.0,1.0,14.0,14.0,3.0,0.0,1.0,0.0,2022,Bielefeld,5
2022-04-30,Sat,Bundesliga,Away,W,4.0,3.0,Dortmund,,12.0,5.0,18.0,14.0,3.0,0.0,4.0,0.0,2022,Bochum,5
2022-04-30,Sat,Bundesliga,Home,L,3.0,4.0,Bochum,,19.0,10.0,14.0,18.0,4.0,0.0,3.0,0.0,2022,Dortmund,5
2022-04-30,Sat,Bundesliga,Away,W,4.0,1.0,Augsburg,,18.0,8.0,14.0,14.0,4.0,0.0,2.0,0.0,2022,FC Koln,5
2022-04-30,Sat,Bundesliga,Away,W,4.0,3.0,Hoffenheim,,9.0,5.0,6.0,12.0,0.0,0.0,1.0,0.0,2022,Freiburg,5
2022-04-30,Sat,Bundesliga,Away,D,1.0,1.0,Bielefeld,,9.0,5.0,14.0,14.0,1.0,0.0,3.0,0.0,2022,Hertha,5
2022-04-30,Sat,Bundesliga,Home,L,3.0,4.0,Freiburg,,17.0,7.0,12.0,6.0,1.0,0.0,0.0,0.0,2022,Hoffenheim,5
2022-04-30,Sat,Bundesliga,Home,W,3.0,1.0,Bayern Munich,,24.0,7.0,11.0,11.0,0.0,0.0,4.0,0.0,2022,Mainz,5
2022-04-30,Sat,Bundesliga,Home,D,1.0,1.0,Wolfsburg,,18.0,5.0,9.0,11.0,3.0,0.0,2.0,0.0,2022,Stuttgart,5
2022-04-30,Sat,Bundesliga,Away,D,1.0,1.0,Stuttgart,,15.0,5.0,11.0,9.0,2.0,0.0,3.0,0.0,2022,Wolfsburg,5
2022-05-02,Mon,Bundesliga,Away,L,0.0,2.0,Leverkusen,,9.0,4.0,8.0,5.0,0.0,0.0,0.0,0.0,2022,Ein Frankfurt,0
2022-05-02,Mon,Bundesliga,Home,W,2.0,0.0,Ein Frankfurt,,11.0,3.0,5.0,8.0,0.0,0.0,0.0,0.0,2022,Leverkusen,0
2022-05-02,Mon,Bundesliga,Home,W,3.0,1.0,RB Leipzig,,9.0,6.0,11.0,20.0,4.0,1.0,2.0,0.0,2022,M'gladbach,0
2022-05-02,Mon,Bundesliga,Away,L,1.0,3.0,M'gladbach,,10.0,7.0,20.0,11.0,2.0,0.0,4.0,1.0,2022,RB Leipzig,0
2022-05-06,Fri,Bundesliga,Away,L,1.0,2.0,Bochum,,14.0,5.0,12.0,9.0,0.0,0.0,0.0,0.0,2022,Bielefeld,4
2022-05-06,Fri,Bundesliga,Home,W,2.0,1.0,Bielefeld,,16.0,9.0,9.0,12.0,0.0,0.0,0.0,0.0,2022,Bochum,4
2022-05-07,Sat,Bundesliga,Away,W,3.0,1.0,Greuther Furth,,8.0,4.0,10.0,15.0,1.0,0.0,1.0,0.0,2022,Dortmund,5
2022-05-07,Sat,Bundesliga,Home,L,0.0,1.0,Wolfsburg,,17.0,9.0,12.0,12.0,0.0,0.0,2.0,0.0,2022,FC Koln,5
2022-05-07,Sat,Bundesliga,Home,L,1.0,4.0,Union Berlin,,18.0,4.0,12.0,14.0,1.0,0.0,2.0,0.0,2022,Freiburg,5
2022-05-07,Sat,Bundesliga,Home,L,1.0,3.0,Dortmund,,8.0,3.0,15.0,10.0,1.0,0.0,1.0,0.0,2022,Greuther Furth,5
2022-05-07,Sat,Bundesliga,Home,L,1.0,2.0,Mainz,,10.0,1.0,19.0,18.0,3.0,0.0,1.0,0.0,2022,Hertha,5
2022-05-07,Sat,Bundesliga,Home,L,2.0,4.0,Leverkusen,,12.0,5.0,14.0,10.0,1.0,0.0,0.0,0.0,2022,Hoffenheim,5
2022-05-07,Sat,Bundesliga,Away,W,4.0,2.0,Hoffenheim,,15.0,8.0,10.0,14.0,0.0,0.0,1.0,0.0,2022,Leverkusen,5
2022-05-07,Sat,Bundesliga,Away,W,2.0,1.0,Hertha,,13.0,6.0,18.0,19.0,1.0,0.0,3.0,0.0,2022,Mainz,5
2022-05-07,Sat,Bundesliga,Away,W,4.0,1.0,Freiburg,,13.0,5.0,14.0,12.0,2.0,0.0,1.0,0.0,2022,Union Berlin,5
2022-05-07,Sat,Bundesliga,Away,W,1.0,0.0,FC Koln,,5.0,3.0,12.0,12.0,2.0,0.0,0.0,0.0,2022,Wolfsburg,5
2022-05-08,Sun,Bundesliga,Away,L,0.0,4.0,RB Leipzig,,6.0,1.0,16.0,8.0,2.0,0.0,1.0,0.0,2022,Augsburg,6
2022-05-08,Sun,Bundesliga,Home,D,2.0,2.0,Stuttgart,,25.0,8.0,10.0,8.0,2.0,1.0,3.0,0.0,2022,Bayern Munich,6
2022-05-08,Sun,Bundesliga,Home,D,1.0,1.0,M'gladbach,,18.0,4.0,6.0,7.0,1.0,0.0,0.0,0.0,2022,Ein Frankfurt,6
2022-05-08,Sun,Bundesliga,Away,D,1.0,1.0,Ein Frankfurt,,11.0,7.0,7.0,6.0,0.0,0.0,1.0,0.0,2022,M'gladbach,6
2022-05-08,Sun,Bundesliga,Home,W,4.0,0.0,Augsburg,,14.0,8.0,8.0,16.0,1.0,0.0,2.0,0.0,2022,RB Leipzig,6
2022-05-08,Sun,Bundesliga,Away,D,2.0,2.0,Bayern Munich,,15.0,5.0,8.0,10.0,3.0,0.0,2.0,1.0,2022,Stuttgart,6
2022-05-14,Sat,Bundesliga,Home,W,2.0,1.0,Greuther Furth,,8.0,3.0,21.0,20.0,2.0,0.0,3.0,0.0,2022,Augsburg,5
2022-05-14,Sat,Bundesliga,Away,D,2.0,2.0,Wolfsburg,,25.0,10.0,10.0,5.0,2.0,0.0,1.0,0.0,2022,Bayern Munich,5
2022-05-14,Sat,Bundesliga,Home,D,1.0,1.0,RB Leipzig,,8.0,4.0,11.0,8.0,1.0,0.0,1.0,0.0,2022,Bielefeld,5
2022-05-14,Sat,Bundesliga,Away,L,2.0,3.0,Union Berlin,,5.0,3.0,7.0,12.0,2.0,0.0,3.0,0.0,2022,Bochum,5
2022-05-14,Sat,Bundesliga,Home,W,2.0,1.0,Hertha,,9.0,3.0,11.0,16.0,0.0,0.0,2.0,0.0,2022,Dortmund,5
2022-05-14,Sat,Bundesliga,Away,D,2.0,2.0,Mainz,,13.0,4.0,11.0,7.0,0.0,0.0,2.0,0.0,2022,Ein Frankfurt,5
2022-05-14,Sat,Bundesliga,Away,L,1.0,2.0,Stuttgart,,16.0,3.0,10.0,15.0,4.0,0.0,1.0,0.0,2022,FC Koln,5
2022-05-14,Sat,Bundesliga,Away,L,1.0,2.0,Leverkusen,,13.0,2.0,12.0,6.0,3.0,0.0,2.0,0.0,2022,Freiburg,5
2022-05-14,Sat,Bundesliga,Away,L,1.0,2.0,Augsburg,,6.0,3.0,20.0,21.0,3.0,0.0,2.0,0.0,2022,Greuther Furth,5
2022-05-14,Sat,Bundesliga,Away,L,1.0,2.0,Dortmund,,4.0,1.0,16.0,11.0,2.0,0.0,0.0,0.0,2022,Hertha,5
2022-05-14,Sat,Bundesliga,Away,L,1.0,5.0,M'gladbach,,10.0,2.0,12.0,8.0,2.0,0.0,1.0,0.0,2022,Hoffenheim,5
2022-05-14,Sat,Bundesliga,Home,W,2.0,1.0,Freiburg,,11.0,5.0,6.0,12.0,2.0,0.0,3.0,0.0,2022,Leverkusen,5
2022-05-14,Sat,Bundesliga,Home,W,5.0,1.0,Hoffenheim,,19.0,9.0,8.0,12.0,1.0,0.0,2.0,0.0,2022,M'gladbach,5
2022-05-14,Sat,Bundesliga,Home,D,2.0,2.0,Ein Frankfurt,,13.0,4.0,7.0,11.0,2.0,0.0,0.0,0.0,2022,Mainz,5
2022-05-14,Sat,Bundesliga,Away,D,1.0,1.0,Bielefeld,,18.0,9.0,8.0,11.0,1.0,0.0,1.0,0.0,2022,RB Leipzig,5
2022-05-14,Sat,Bundesliga,Home,W,2.0,1.0,FC Koln,,24.0,12.0,15.0,10.0,1.0,0.0,4.0,0.0,2022,Stuttgart,5
2022-05-14,Sat,Bundesliga,Home,W,3.0,2.0,Bochum,,17.0,11.0,12.0,7.0,3.0,0.0,2.0,0.0,2022,Union Berlin,5
2022-05-14,Sat,Bundesliga,Home,D,2.0,2.0,Bayern Munich,,10.0,2.0,5.0,10.0,1.0,0.0,2.0,0.0,2022,Wolfsburg,5
2022-08-05,Fri,Bundesliga,Away,W,6.0,1.0,Ein Frankfurt,,23.0,10.0,11.0,10.0,0.0,0.0,2.0,0.0,2023,Bayern Munich,4
2022-08-05,Fri,Bundesliga,Home,L,1.0,6.0,Bayern Munich,,8.0,2.0,10.0,11.0,2.0,0.0,0.0,0.0,2023,Ein Frankfurt,4
2022-08-06,Sat,Bundesliga,Home,L,0.0,4.0,Freiburg,,10.0,2.0,13.0,13.0,0.0,0.0,0.0,0.0,2023,Augsburg,5
2022-08-06,Sat,Bundesliga,Home,L,1.0,2.0,Mainz,,16.0,3.0,11.0,16.0,2.0,0.0,3.0,0.0,2023,Bochum,5
2022-08-06,Sat,Bundesliga,Home,W,1.0,0.0,Leverkusen,,13.0,4.0,14.0,13.0,2.0,0.0,4.0,1.0,2023,Dortmund,5
2022-08-06,Sat,Bundesliga,Away,W,4.0,0.0,Augsburg,,19.0,7.0,13.0,13.0,0.0,0.0,0.0,0.0,2023,Freiburg,5
2022-08-06,Sat,Bundesliga,Away,L,1.0,3.0,Union Berlin,,9.0,3.0,17.0,23.0,3.0,0.0,2.0,0.0,2023,Hertha,5
2022-08-06,Sat,Bundesliga,Away,L,1.0,3.0,M'gladbach,,2.0,1.0,12.0,18.0,4.0,1.0,1.0,0.0,2023,Hoffenheim,5
2022-08-06,Sat,Bundesliga,Away,L,0.0,1.0,Dortmund,,8.0,3.0,13.0,14.0,4.0,1.0,2.0,0.0,2023,Leverkusen,5
2022-08-06,Sat,Bundesliga,Home,W,3.0,1.0,Hoffenheim,,18.0,8.0,18.0,12.0,1.0,0.0,4.0,1.0,2023,M'gladbach,5
2022-08-06,Sat,Bundesliga,Away,W,2.0,1.0,Bochum,,13.0,6.0,16.0,11.0,3.0,0.0,2.0,0.0,2023,Mainz,5
2022-08-06,Sat,Bundesliga,Home,W,3.0,1.0,Hertha,,18.0,8.0,23.0,17.0,2.0,0.0,3.0,0.0,2023,Union Berlin,5
2022-08-06,Sat,Bundesliga,Away,D,2.0,2.0,Wolfsburg,,10.0,5.0,14.0,11.0,2.0,0.0,2.0,0.0,2023,Werder Bremen,5
2022-08-06,Sat,Bundesliga,Home,D,2.0,2.0,Werder Bremen,,13.0,3.0,11.0,14.0,2.0,0.0,2.0,0.0,2023,Wolfsburg,5
2022-08-07,Sun,Bundesliga,Home,W,3.0,1.0,Schalke 04,,30.0,10.0,8.0,10.0,0.0,0.0,1.0,1.0,2023,FC Koln,6
2022-08-07,Sun,Bundesliga,Away,D,1.0,1.0,Stuttgart,,27.0,9.0,9.0,14.0,1.0,0.0,2.0,0.0,2023,RB Leipzig,6
2022-08-07,Sun,Bundesliga,Away,L,1.0,3.0,FC Koln,,6.0,2.0,10.0,8.0,1.0,1.0,0.0,0.0,2023,Schalke 04,6
2022-08-07,Sun,Bundesliga,Home,D,1.0,1.0,RB Leipzig,,11.0,2.0,14.0,9.0,2.0,0.0,1.0,0.0,2023,Stuttgart,6
2022-08-12,Fri,Bundesliga,Away,W,3.0,1.0,Freiburg,,16.0,7.0,10.0,16.0,3.0,0.0,1.0,0.0,2023,Dortmund,4
2022-08-12,Fri,Bundesliga,Home,L,1.0,3.0,Dortmund,,16.0,7.0,16.0,10.0,1.0,0.0,3.0,0.0,2023,Freiburg,4
2022-08-13,Sat,Bundesliga,Away,W,2.0,1.0,Leverkusen,,6.0,4.0,16.0,7.0,6.0,0.0,1.0,0.0,2023,Augsburg,5
2022-08-13,Sat,Bundesliga,Away,L,2.0,3.0,Hoffenheim,,11.0,5.0,10.0,13.0,1.0,0.0,1.0,0.0,2023,Bochum,5
2022-08-13,Sat,Bundesliga,Away,D,1.0,1.0,Hertha,,11.0,1.0,11.0,11.0,1.0,0.0,3.0,0.0,2023,Ein Frankfurt,5
2022-08-13,Sat,Bundesliga,Away,D,2.0,2.0,RB Leipzig,,12.0,3.0,18.0,8.0,4.0,0.0,1.0,1.0,2023,FC Koln,5
2022-08-13,Sat,Bundesliga,Home,D,1.0,1.0,Ein Frankfurt,,11.0,5.0,11.0,11.0,3.0,0.0,1.0,0.0,2023,Hertha,5
2022-08-13,Sat,Bundesliga,Home,W,3.0,2.0,Bochum,,24.0,13.0,13.0,10.0,1.0,0.0,1.0,0.0,2023,Hoffenheim,5
2022-08-13,Sat,Bundesliga,Home,L,1.0,2.0,Augsburg,,23.0,10.0,7.0,16.0,1.0,0.0,6.0,0.0,2023,Leverkusen,5
2022-08-13,Sat,Bundesliga,Away,D,2.0,2.0,Schalke 04,,14.0,9.0,8.0,12.0,2.0,0.0,4.0,0.0,2023,M'gladbach,5
2022-08-13,Sat,Bundesliga,Home,D,2.0,2.0,FC Koln,,9.0,5.0,8.0,18.0,1.0,1.0,4.0,0.0,2023,RB Leipzig,5
2022-08-13,Sat,Bundesliga,Home,D,2.0,2.0,M'gladbach,,14.0,5.0,12.0,8.0,4.0,0.0,2.0,0.0,2023,Schalke 04,5
2022-08-13,Sat,Bundesliga,Away,D,2.0,2.0,Werder Bremen,,14.0,7.0,10.0,6.0,2.0,0.0,4.0,0.0,2023,Stuttgart,5
2022-08-13,Sat,Bundesliga,Home,D,2.0,2.0,Stuttgart,,5.0,3.0,6.0,10.0,4.0,0.0,2.0,0.0,2023,Werder Bremen,5
2022-08-14,Sun,Bundesliga,Home,W,2.0,0.0,Wolfsburg,,24.0,8.0,7.0,10.0,2.0,0.0,1.0,0.0,2023,Bayern Munich,6
2022-08-14,Sun,Bundesliga,Home,D,0.0,0.0,Union Berlin,,10.0,5.0,9.0,14.0,1.0,0.0,0.0,0.0,2023,Mainz,6
2022-08-14,Sun,Bundesliga,Away,D,0.0,0.0,Mainz,,10.0,2.0,14.0,9.0,0.0,0.0,1.0,0.0,2023,Union Berlin,6
2022-08-14,Sun,Bundesliga,Away,L,0.0,2.0,Bayern Munich,,7.0,1.0,10.0,7.0,1.0,0.0,2.0,0.0,2023,Wolfsburg,6
2022-08-19,Fri,Bundesliga,Away,L,0.0,1.0,M'gladbach,,18.0,5.0,11.0,7.0,2.0,1.0,1.0,0.0,2023,Hertha,4
2022-08-19,Fri,Bundesliga,Home,W,1.0,0.0,Hertha,,11.0,6.0,7.0,11.0,1.0,0.0,2.0,1.0,2023,M'gladbach,4
2022-08-20,Sat,Bundesliga,Home,L,1.0,2.0,Mainz,,6.0,2.0,13.0,19.0,2.0,0.0,2.0,0.0,2023,Augsburg,5
2022-08-20,Sat,Bundesliga,Home,L,2.0,3.0,Werder Bremen,,5.0,3.0,13.0,9.0,4.0,0.0,1.0,0.0,2023,Dortmund,5
2022-08-20,Sat,Bundesliga,Away,W,1.0,0.0,Stuttgart,,9.0,3.0,12.0,8.0,2.0,0.0,4.0,0.0,2023,Freiburg,5
2022-08-20,Sat,Bundesliga,Away,W,3.0,0.0,Leverkusen,,10.0,5.0,18.0,15.0,4.0,0.0,1.0,0.0,2023,Hoffenheim,5
2022-08-20,Sat,Bundesliga,Home,L,0.0,3.0,Hoffenheim,,14.0,3.0,15.0,18.0,1.0,0.0,4.0,0.0,2023,Leverkusen,5
2022-08-20,Sat,Bundesliga,Away,W,2.0,1.0,Augsburg,,14.0,7.0,19.0,13.0,2.0,0.0,2.0,0.0,2023,Mainz,5
2022-08-20,Sat,Bundesliga,Away,L,1.0,2.0,Union Berlin,,16.0,2.0,8.0,14.0,1.0,0.0,2.0,0.0,2023,RB Leipzig,5
2022-08-20,Sat,Bundesliga,Away,D,0.0,0.0,Wolfsburg,,9.0,2.0,10.0,13.0,3.0,0.0,1.0,0.0,2023,Schalke 04,5
2022-08-20,Sat,Bundesliga,Home,L,0.0,1.0,Freiburg,,18.0,5.0,8.0,12.0,4.0,0.0,2.0,0.0,2023,Stuttgart,5
2022-08-20,Sat,Bundesliga,Home,W,2.0,1.0,RB Leipzig,,9.0,4.0,14.0,8.0,2.0,0.0,1.0,0.0,2023,Union Berlin,5
2022-08-20,Sat,Bundesliga,Away,W,3.0,2.0,Dortmund,,14.0,7.0,9.0,13.0,1.0,0.0,4.0,0.0,2023,Werder Bremen,5
2022-08-20,Sat,Bundesliga,Home,D,0.0,0.0,Schalke 04,,16.0,6.0,13.0,10.0,1.0,0.0,3.0,0.0,2023,Wolfsburg,5
2022-08-21,Sun,Bundesliga,Away,W,7.0,0.0,Bochum,,22.0,12.0,6.0,10.0,0.0,0.0,1.0,0.0,2023,Bayern Munich,6
2022-08-21,Sun,Bundesliga,Home,L,0.0,7.0,Bayern Munich,,13.0,7.0,10.0,6.0,1.0,0.0,0.0,0.0,2023,Bochum,6
2022-08-21,Sun,Bundesliga,Home,D,1.0,1.0,FC Koln,,10.0,3.0,15.0,11.0,0.0,0.0,1.0,0.0,2023,Ein Frankfurt,6
2022-08-21,Sun,Bundesliga,Away,D,1.0,1.0,Ein Frankfurt,,6.0,2.0,11.0,15.0,1.0,0.0,0.0,0.0,2023,FC Koln,6
2022-08-26,Fri,Bundesliga,Away,L,0.0,1.0,Freiburg,,15.0,5.0,13.0,15.0,2.0,0.0,2.0,0.0,2023,Bochum,4
2022-08-26,Fri,Bundesliga,Home,W,1.0,0.0,Bochum,,28.0,12.0,15.0,13.0,2.0,0.0,2.0,0.0,2023,Freiburg,4
2022-08-27,Sat,Bundesliga,Away,L,0.0,1.0,Hoffenheim,,12.0,1.0,9.0,14.0,1.0,0.0,1.0,0.0,2023,Augsburg,5
2022-08-27,Sat,Bundesliga,Home,D,1.0,1.0,M'gladbach,,35.0,20.0,14.0,7.0,4.0,0.0,2.0,0.0,2023,Bayern Munich,5
2022-08-27,Sat,Bundesliga,Away,W,1.0,0.0,Hertha,,24.0,7.0,9.0,8.0,0.0,0.0,1.0,0.0,2023,Dortmund,5
2022-08-27,Sat,Bundesliga,Home,L,0.0,1.0,Dortmund,,12.0,3.0,8.0,9.0,1.0,0.0,0.0,0.0,2023,Hertha,5
2022-08-27,Sat,Bundesliga,Home,W,1.0,0.0,Augsburg,,24.0,6.0,14.0,9.0,1.0,0.0,1.0,0.0,2023,Hoffenheim,5
2022-08-27,Sat,Bundesliga,Away,W,3.0,0.0,Mainz,,7.0,5.0,12.0,10.0,6.0,2.0,1.0,0.0,2023,Leverkusen,5
2022-08-27,Sat,Bundesliga,Away,D,1.0,1.0,Bayern Munich,,5.0,3.0,7.0,14.0,2.0,0.0,4.0,0.0,2023,M'gladbach,5
2022-08-27,Sat,Bundesliga,Home,L,0.0,3.0,Leverkusen,,17.0,3.0,10.0,12.0,1.0,0.0,6.0,2.0,2023,Mainz,5
2022-08-27,Sat,Bundesliga,Home,W,2.0,0.0,Wolfsburg,,16.0,7.0,20.0,15.0,3.0,0.0,3.0,0.0,2023,RB Leipzig,5
2022-08-27,Sat,Bundesliga,Home,L,1.0,6.0,Union Berlin,,12.0,4.0,9.0,11.0,1.0,0.0,0.0,0.0,2023,Schalke 04,5
2022-08-27,Sat,Bundesliga,Away,W,6.0,1.0,Schalke 04,,12.0,7.0,11.0,9.0,0.0,0.0,1.0,0.0,2023,Union Berlin,5
2022-08-27,Sat,Bundesliga,Away,L,0.0,2.0,RB Leipzig,,9.0,4.0,15.0,20.0,3.0,0.0,3.0,0.0,2023,Wolfsburg,5
2022-08-28,Sun,Bundesliga,Away,W,4.0,3.0,Werder Bremen,,12.0,7.0,17.0,17.0,3.0,0.0,1.0,0.0,2023,Ein Frankfurt,6
2022-08-28,Sun,Bundesliga,Home,D,0.0,0.0,Stuttgart,,6.0,2.0,14.0,12.0,2.0,0.0,2.0,1.0,2023,FC Koln,6
2022-08-28,Sun,Bundesliga,Away,D,0.0,0.0,FC Koln,,13.0,5.0,12.0,14.0,2.0,1.0,2.0,0.0,2023,Stuttgart,6
2022-08-28,Sun,Bundesliga,Home,L,3.0,4.0,Ein Frankfurt,,10.0,4.0,17.0,17.0,1.0,0.0,3.0,0.0,2023,Werder Bremen,6
2022-09-02,Fri,Bundesliga,Home,W,1.0,0.0,Hoffenheim,,16.0,5.0,14.0,15.0,3.0,0.0,4.0,0.0,2023,Dortmund,4
2022-09-02,Fri,Bundesliga,Away,L,0.0,1.0,Dortmund,,7.0,2.0,15.0,14.0,4.0,0.0,3.0,0.0,2023,Hoffenheim,4
2022-09-03,Sat,Bundesliga,Away,D,1.0,1.0,Union Berlin,,21.0,6.0,7.0,19.0,2.0,0.0,1.0,0.0,2023,Bayern Munich,5
2022-09-03,Sat,Bundesliga,Home,L,0.0,2.0,Werder Bremen,,19.0,6.0,15.0,10.0,2.0,0.0,2.0,0.0,2023,Bochum,5
2022-09-03,Sat,Bundesliga,Home,W,4.0,0.0,RB Leipzig,,14.0,9.0,14.0,10.0,1.0,0.0,1.0,0.0,2023,Ein Frankfurt,5
2022-09-03,Sat,Bundesliga,Away,W,4.0,2.0,Wolfsburg,,18.0,5.0,14.0,13.0,1.0,0.0,2.0,0.0,2023,FC Koln,5
2022-09-03,Sat,Bundesliga,Away,W,3.0,2.0,Leverkusen,,5.0,3.0,10.0,15.0,2.0,0.0,2.0,0.0,2023,Freiburg,5
2022-09-03,Sat,Bundesliga,Home,L,2.0,3.0,Freiburg,,15.0,6.0,15.0,10.0,2.0,0.0,2.0,0.0,2023,Leverkusen,5
2022-09-03,Sat,Bundesliga,Away,L,0.0,4.0,Ein Frankfurt,,5.0,0.0,10.0,14.0,1.0,0.0,1.0,0.0,2023,RB Leipzig,5
2022-09-03,Sat,Bundesliga,Away,D,1.0,1.0,Stuttgart,,13.0,4.0,10.0,11.0,2.0,0.0,4.0,1.0,2023,Schalke 04,5
2022-09-03,Sat,Bundesliga,Home,D,1.0,1.0,Schalke 04,,13.0,3.0,11.0,10.0,4.0,1.0,2.0,0.0,2023,Stuttgart,5
2022-09-03,Sat,Bundesliga,Home,D,1.0,1.0,Bayern Munich,,10.0,3.0,19.0,7.0,1.0,0.0,2.0,0.0,2023,Union Berlin,5
2022-09-03,Sat,Bundesliga,Away,W,2.0,0.0,Bochum,,16.0,6.0,10.0,15.0,2.0,0.0,2.0,0.0,2023,Werder Bremen,5
2022-09-03,Sat,Bundesliga,Home,L,2.0,4.0,FC Koln,,9.0,3.0,13.0,14.0,2.0,0.0,1.0,0.0,2023,Wolfsburg,5
2022-09-04,Sun,Bundesliga,Home,L,0.0,2.0,Hertha,,8.0,2.0,12.0,15.0,2.0,0.0,1.0,0.0,2023,Augsburg,6
2022-09-04,Sun,Bundesliga,Away,W,2.0,0.0,Augsburg,,16.0,6.0,15.0,12.0,1.0,0.0,2.0,0.0,2023,Hertha,6
2022-09-04,Sun,Bundesliga,Home,L,0.0,1.0,Mainz,,13.0,3.0,8.0,15.0,1.0,1.0,4.0,0.0,2023,M'gladbach,6
2022-09-04,Sun,Bundesliga,Away,W,1.0,0.0,M'gladbach,,12.0,5.0,15.0,8.0,4.0,0.0,1.0,1.0,2023,Mainz,6
2022-09-09,Fri,Bundesliga,Away,W,1.0,0.0,Werder Bremen,,14.0,5.0,12.0,12.0,5.0,0.0,4.0,0.0,2023,Augsburg,4
2022-09-09,Fri,Bundesliga,Home,L,0.0,1.0,Augsburg,,11.0,6.0,12.0,12.0,4.0,0.0,5.0,0.0,2023,Werder Bremen,4
2022-09-10,Sat,Bundesliga,Home,D,2.0,2.0,Stuttgart,,18.0,7.0,11.0,9.0,2.0,0.0,5.0,0.0,2023,Bayern Munich,5
2022-09-10,Sat,Bundesliga,Away,L,1.0,3.0,Schalke 04,,9.0,2.0,16.0,12.0,3.0,0.0,2.0,0.0,2023,Bochum,5
2022-09-10,Sat,Bundesliga,Away,L,0.0,3.0,RB Leipzig,,4.0,0.0,6.0,12.0,1.0,0.0,2.0,0.0,2023,Dortmund,5
2022-09-10,Sat,Bundesliga,Home,L,0.0,1.0,Wolfsburg,,11.0,0.0,16.0,13.0,2.0,0.0,4.0,0.0,2023,Ein Frankfurt,5
2022-09-10,Sat,Bundesliga,Home,D,2.0,2.0,Leverkusen,,17.0,6.0,15.0,16.0,3.0,0.0,1.0,0.0,2023,Hertha,5
2022-09-10,Sat,Bundesliga,Home,W,4.0,1.0,Mainz,,21.0,9.0,9.0,13.0,3.0,0.0,2.0,1.0,2023,Hoffenheim,5
2022-09-10,Sat,Bundesliga,Away,D,2.0,2.0,Hertha,,11.0,5.0,16.0,15.0,1.0,0.0,3.0,0.0,2023,Leverkusen,5
2022-09-10,Sat,Bundesliga,Away,L,1.0,4.0,Hoffenheim,,10.0,2.0,13.0,9.0,2.0,1.0,3.0,0.0,2023,Mainz,5
2022-09-10,Sat,Bundesliga,Home,W,3.0,0.0,Dortmund,,14.0,5.0,12.0,6.0,2.0,0.0,1.0,0.0,2023,RB Leipzig,5
2022-09-10,Sat,Bundesliga,Home,W,3.0,1.0,Bochum,,20.0,8.0,12.0,16.0,2.0,0.0,3.0,0.0,2023,Schalke 04,5
2022-09-10,Sat,Bundesliga,Away,D,2.0,2.0,Bayern Munich,,8.0,3.0,9.0,11.0,5.0,0.0,2.0,0.0,2023,Stuttgart,5
2022-09-10,Sat,Bundesliga,Away,W,1.0,0.0,Ein Frankfurt,,6.0,3.0,13.0,16.0,4.0,0.0,2.0,0.0,2023,Wolfsburg,5
2022-09-11,Sun,Bundesliga,Home,L,0.0,1.0,Union Berlin,,7.0,2.0,15.0,12.0,4.0,1.0,1.0,0.0,2023,FC Koln,6
2022-09-11,Sun,Bundesliga,Home,D,0.0,0.0,M'gladbach,,13.0,8.0,13.0,6.0,1.0,0.0,1.0,0.0,2023,Freiburg,6
2022-09-11,Sun,Bundesliga,Away,D,0.0,0.0,Freiburg,,14.0,5.0,6.0,13.0,1.0,0.0,1.0,0.0,2023,M'gladbach,6
2022-09-11,Sun,Bundesliga,Away,W,1.0,0.0,FC Koln,,12.0,3.0,12.0,15.0,1.0,0.0,4.0,1.0,2023,Union Berlin,6
2022-09-16,Fri,Bundesliga,Away,D,1.0,1.0,Mainz,,4.0,2.0,10.0,12.0,5.0,0.0,3.0,0.0,2023,Hertha,4
2022-09-16,Fri,Bundesliga,Home,D,1.0,1.0,Hertha,,12.0,2.0,12.0,10.0,3.0,0.0,5.0,0.0,2023,Mainz,4
2022-09-17,Sat,Bundesliga,Home,W,1.0,0.0,Bayern Munich,,9.0,4.0,16.0,9.0,3.0,0.0,1.0,0.0,2023,Augsburg,5
2022-09-17,Sat,Bundesliga,Away,L,0.0,1.0,Augsburg,,21.0,7.0,9.0,16.0,1.0,0.0,3.0,0.0,2023,Bayern Munich,5
2022-09-17,Sat,Bundesliga,Home,W,1.0,0.0,Schalke 04,,19.0,7.0,12.0,14.0,3.0,0.0,2.0,0.0,2023,Dortmund,5
2022-09-17,Sat,Bundesliga,Away,W,3.0,1.0,Stuttgart,,13.0,8.0,11.0,9.0,0.0,0.0,2.0,0.0,2023,Ein Frankfurt,5
2022-09-17,Sat,Bundesliga,Home,D,1.0,1.0,Werder Bremen,,19.0,7.0,5.0,14.0,2.0,0.0,3.0,0.0,2023,Leverkusen,5
2022-09-17,Sat,Bundesliga,Home,W,3.0,0.0,RB Leipzig,,21.0,10.0,14.0,14.0,2.0,0.0,2.0,0.0,2023,M'gladbach,5
2022-09-17,Sat,Bundesliga,Away,L,0.0,3.0,M'gladbach,,13.0,6.0,14.0,14.0,2.0,0.0,2.0,0.0,2023,RB Leipzig,5
2022-09-17,Sat,Bundesliga,Away,L,0.0,1.0,Dortmund,,3.0,0.0,14.0,12.0,2.0,0.0,3.0,0.0,2023,Schalke 04,5
2022-09-17,Sat,Bundesliga,Home,L,1.0,3.0,Ein Frankfurt,,15.0,2.0,9.0,11.0,2.0,0.0,0.0,0.0,2023,Stuttgart,5
2022-09-17,Sat,Bundesliga,Away,D,1.0,1.0,Leverkusen,,19.0,7.0,14.0,5.0,3.0,0.0,2.0,0.0,2023,Werder Bremen,5
2022-09-18,Sun,Bundesliga,Home,D,1.0,1.0,FC Koln,,7.0,0.0,12.0,8.0,0.0,0.0,1.0,0.0,2023,Bochum,6
2022-09-18,Sun,Bundesliga,Away,D,1.0,1.0,Bochum,,18.0,3.0,8.0,12.0,1.0,0.0,0.0,0.0,2023,FC Koln,6
2022-09-18,Sun,Bundesliga,Away,D,0.0,0.0,Hoffenheim,,14.0,4.0,9.0,15.0,2.0,0.0,1.0,0.0,2023,Freiburg,6
2022-09-18,Sun,Bundesliga,Home,D,0.0,0.0,Freiburg,,10.0,3.0,15.0,9.0,1.0,0.0,2.0,0.0,2023,Hoffenheim,6
2022-09-18,Sun,Bundesliga,Home,W,2.0,0.0,Wolfsburg,,16.0,4.0,18.0,6.0,0.0,0.0,0.0,0.0,2023,Union Berlin,6
2022-09-18,Sun,Bundesliga,Away,L,0.0,2.0,Union Berlin,,5.0,0.0,6.0,18.0,0.0,0.0,0.0,0.0,2023,Wolfsburg,6
2022-09-30,Fri,Bundesliga,Home,W,4.0,0.0,Leverkusen,,20.0,10.0,10.0,6.0,0.0,0.0,0.0,0.0,2023,Bayern Munich,4
2022-09-30,Fri,Bundesliga,Away,L,0.0,4.0,Bayern Munich,,10.0,5.0,6.0,10.0,0.0,0.0,0.0,0.0,2023,Leverkusen,4
2022-10-01,Sat,Bundesliga,Away,L,0.0,4.0,RB Leipzig,,2.0,1.0,8.0,8.0,2.0,0.0,0.0,0.0,2023,Bochum,5
2022-10-01,Sat,Bundesliga,Away,L,2.0,3.0,FC Koln,,21.0,13.0,10.0,14.0,3.0,0.0,4.0,0.0,2023,Dortmund,5
2022-10-01,Sat,Bundesliga,Home,W,2.0,0.0,Union Berlin,,14.0,4.0,4.0,11.0,3.0,1.0,4.0,0.0,2023,Ein Frankfurt,5
2022-10-01,Sat,Bundesliga,Home,W,3.0,2.0,Dortmund,,20.0,16.0,14.0,10.0,4.0,0.0,3.0,0.0,2023,FC Koln,5
2022-10-01,Sat,Bundesliga,Home,W,2.0,1.0,Mainz,,13.0,6.0,9.0,15.0,2.0,0.0,4.0,0.0,2023,Freiburg,5
2022-10-01,Sat,Bundesliga,Away,L,1.0,5.0,Werder Bremen,,13.0,9.0,8.0,8.0,1.0,0.0,0.0,0.0,2023,M'gladbach,5
2022-10-01,Sat,Bundesliga,Away,L,1.0,2.0,Freiburg,,17.0,7.0,15.0,9.0,4.0,0.0,2.0,0.0,2023,Mainz,5
2022-10-01,Sat,Bundesliga,Home,W,4.0,0.0,Bochum,,17.0,9.0,8.0,8.0,0.0,0.0,2.0,0.0,2023,RB Leipzig,5
2022-10-01,Sat,Bundesliga,Away,L,2.0,3.0,Wolfsburg,,15.0,7.0,14.0,16.0,5.0,0.0,3.0,0.0,2023,Stuttgart,5
2022-10-01,Sat,Bundesliga,Away,L,0.0,2.0,Ein Frankfurt,,14.0,5.0,11.0,4.0,4.0,0.0,3.0,1.0,2023,Union Berlin,5
2022-10-01,Sat,Bundesliga,Home,W,5.0,1.0,M'gladbach,,14.0,9.0,8.0,8.0,0.0,0.0,1.0,0.0,2023,Werder Bremen,5
2022-10-01,Sat,Bundesliga,Home,W,3.0,2.0,Stuttgart,,20.0,7.0,16.0,14.0,3.0,0.0,5.0,0.0,2023,Wolfsburg,5
2022-10-02,Sun,Bundesliga,Away,W,3.0,2.0,Schalke 04,,11.0,5.0,10.0,11.0,6.0,1.0,2.0,0.0,2023,Augsburg,6
2022-10-02,Sun,Bundesliga,Home,D,1.0,1.0,Hoffenheim,,13.0,5.0,5.0,15.0,2.0,0.0,1.0,0.0,2023,Hertha,6
2022-10-02,Sun,Bundesliga,Away,D,1.0,1.0,Hertha,,16.0,4.0,15.0,5.0,1.0,0.0,2.0,0.0,2023,Hoffenheim,6
2022-10-02,Sun,Bundesliga,Home,L,2.0,3.0,Augsburg,,16.0,5.0,11.0,10.0,2.0,0.0,6.0,1.0,2023,Schalke 04,6
2022-10-07,Fri,Bundesliga,Home,L,1.0,2.0,Werder Bremen,,16.0,6.0,12.0,18.0,3.0,0.0,3.0,0.0,2023,Hoffenheim,4
2022-10-07,Fri,Bundesliga,Away,W,2.0,1.0,Hoffenheim,,8.0,3.0,18.0,12.0,3.0,0.0,3.0,0.0,2023,Werder Bremen,4
2022-10-08,Sat,Bundesliga,Home,D,1.0,1.0,Wolfsburg,,18.0,5.0,19.0,11.0,5.0,0.0,3.0,0.0,2023,Augsburg,5
2022-10-08,Sat,Bundesliga,Away,D,2.0,2.0,Dortmund,,9.0,3.0,11.0,8.0,6.0,1.0,3.0,0.0,2023,Bayern Munich,5
2022-10-08,Sat,Bundesliga,Home,W,3.0,0.0,Ein Frankfurt,,11.0,6.0,12.0,10.0,2.0,0.0,1.0,0.0,2023,Bochum,5
2022-10-08,Sat,Bundesliga,Home,D,2.0,2.0,Bayern Munich,,13.0,6.0,8.0,11.0,3.0,0.0,6.0,1.0,2023,Dortmund,5
2022-10-08,Sat,Bundesliga,Away,L,0.0,3.0,Bochum,,11.0,2.0,10.0,12.0,1.0,0.0,2.0,0.0,2023,Ein Frankfurt,5
2022-10-08,Sat,Bundesliga,Home,W,4.0,0.0,Schalke 04,,13.0,7.0,9.0,17.0,1.0,0.0,1.0,0.0,2023,Leverkusen,5
2022-10-08,Sat,Bundesliga,Home,D,1.0,1.0,RB Leipzig,,9.0,3.0,12.0,12.0,1.0,0.0,1.0,0.0,2023,Mainz,5
2022-10-08,Sat,Bundesliga,Away,D,1.0,1.0,Mainz,,12.0,3.0,12.0,12.0,1.0,0.0,1.0,0.0,2023,RB Leipzig,5
2022-10-08,Sat,Bundesliga,Away,L,0.0,4.0,Leverkusen,,2.0,1.0,17.0,9.0,1.0,0.0,1.0,0.0,2023,Schalke 04,5
2022-10-08,Sat,Bundesliga,Away,D,1.0,1.0,Augsburg,,12.0,7.0,11.0,19.0,3.0,0.0,5.0,0.0,2023,Wolfsburg,5
2022-10-09,Sun,Bundesliga,Away,L,2.0,5.0,M'gladbach,,5.0,3.0,14.0,8.0,3.0,1.0,2.0,0.0,2023,FC Koln,6
2022-10-09,Sun,Bundesliga,Away,D,2.0,2.0,Hertha,,10.0,4.0,13.0,14.0,1.0,0.0,2.0,0.0,2023,Freiburg,6
2022-10-09,Sun,Bundesliga,Home,D,2.0,2.0,Freiburg,,11.0,3.0,14.0,13.0,2.0,0.0,1.0,0.0,2023,Hertha,6
2022-10-09,Sun,Bundesliga,Home,W,5.0,2.0,FC Koln,,13.0,6.0,8.0,14.0,2.0,0.0,3.0,1.0,2023,M'gladbach,6
2022-10-09,Sun,Bundesliga,Home,L,0.0,1.0,Union Berlin,,9.0,3.0,12.0,10.0,3.0,1.0,3.0,0.0,2023,Stuttgart,6
2022-10-09,Sun,Bundesliga,Away,W,1.0,0.0,Stuttgart,,7.0,4.0,10.0,12.0,3.0,0.0,3.0,1.0,2023,Union Berlin,6
2022-10-14,Fri,Bundesliga,Away,W,3.0,0.0,Schalke 04,,18.0,7.0,8.0,12.0,2.0,0.0,2.0,0.0,2023,Hoffenheim,4
2022-10-14,Fri,Bundesliga,Home,L,0.0,3.0,Hoffenheim,,14.0,2.0,12.0,8.0,2.0,0.0,2.0,0.0,2023,Schalke 04,4
2022-10-15,Sat,Bundesliga,Away,L,1.0,4.0,Stuttgart,,14.0,4.0,17.0,6.0,3.0,0.0,0.0,0.0,2023,Bochum,5
2022-10-15,Sat,Bundesliga,Home,W,5.0,1.0,Leverkusen,,20.0,11.0,10.0,9.0,0.0,0.0,4.0,1.0,2023,Ein Frankfurt,5
2022-10-15,Sat,Bundesliga,Away,L,2.0,3.0,RB Leipzig,,16.0,5.0,9.0,17.0,3.0,0.0,2.0,0.0,2023,Hertha,5
2022-10-15,Sat,Bundesliga,Away,L,1.0,5.0,Ein Frankfurt,,5.0,2.0,9.0,10.0,4.0,1.0,0.0,0.0,2023,Leverkusen,5
2022-10-15,Sat,Bundesliga,Away,D,2.0,2.0,Wolfsburg,,10.0,5.0,11.0,13.0,3.0,0.0,3.0,0.0,2023,M'gladbach,5
2022-10-15,Sat,Bundesliga,Away,W,2.0,0.0,Werder Bremen,,11.0,5.0,11.0,3.0,2.0,0.0,1.0,0.0,2023,Mainz,5
2022-10-15,Sat,Bundesliga,Home,W,3.0,2.0,Hertha,,14.0,5.0,17.0,9.0,2.0,0.0,3.0,0.0,2023,RB Leipzig,5
2022-10-15,Sat,Bundesliga,Home,W,4.0,1.0,Bochum,,16.0,7.0,6.0,17.0,0.0,0.0,3.0,0.0,2023,Stuttgart,5
2022-10-15,Sat,Bundesliga,Home,L,0.0,2.0,Mainz,,14.0,4.0,3.0,11.0,1.0,0.0,2.0,0.0,2023,Werder Bremen,5
2022-10-15,Sat,Bundesliga,Home,D,2.0,2.0,M'gladbach,,16.0,4.0,13.0,11.0,3.0,0.0,3.0,0.0,2023,Wolfsburg,5
2022-10-16,Sun,Bundesliga,Away,L,2.0,3.0,FC Koln,,7.0,3.0,15.0,11.0,4.0,0.0,2.0,0.0,2023,Augsburg,6
2022-10-16,Sun,Bundesliga,Home,W,5.0,0.0,Freiburg,,18.0,8.0,8.0,9.0,0.0,0.0,2.0,0.0,2023,Bayern Munich,6
2022-10-16,Sun,Bundesliga,Away,L,0.0,2.0,Union Berlin,,13.0,6.0,5.0,15.0,2.0,0.0,1.0,0.0,2023,Dortmund,6
2022-10-16,Sun,Bundesliga,Home,W,3.0,2.0,Augsburg,,14.0,6.0,11.0,15.0,2.0,0.0,4.0,0.0,2023,FC Koln,6
2022-10-16,Sun,Bundesliga,Away,L,0.0,5.0,Bayern Munich,,6.0,0.0,9.0,8.0,2.0,0.0,0.0,0.0,2023,Freiburg,6
2022-10-16,Sun,Bundesliga,Home,W,2.0,0.0,Dortmund,,14.0,5.0,15.0,5.0,1.0,0.0,2.0,0.0,2023,Union Berlin,6
2022-10-21,Fri,Bundesliga,Away,L,0.0,5.0,Mainz,,6.0,2.0,14.0,13.0,5.0,1.0,1.0,0.0,2023,FC Koln,4
2022-10-21,Fri,Bundesliga,Home,W,5.0,0.0,FC Koln,,15.0,7.0,13.0,14.0,1.0,0.0,5.0,1.0,2023,Mainz,4
2022-10-22,Sat,Bundesliga,Home,D,3.0,3.0,RB Leipzig,,11.0,3.0,15.0,11.0,7.0,1.0,1.0,0.0,2023,Augsburg,5
2022-10-22,Sat,Bundesliga,Away,W,2.0,0.0,Hoffenheim,,23.0,10.0,8.0,12.0,2.0,0.0,3.0,0.0,2023,Bayern Munich,5
2022-10-22,Sat,Bundesliga,Home,W,5.0,0.0,Stuttgart,,19.0,10.0,7.0,8.0,1.0,0.0,0.0,0.0,2023,Dortmund,5
2022-10-22,Sat,Bundesliga,Away,W,3.0,1.0,M'gladbach,,16.0,5.0,20.0,9.0,2.0,0.0,3.0,0.0,2023,Ein Frankfurt,5
2022-10-22,Sat,Bundesliga,Home,W,2.0,0.0,Werder Bremen,,25.0,7.0,14.0,12.0,2.0,0.0,2.0,1.0,2023,Freiburg,5
2022-10-22,Sat,Bundesliga,Home,L,0.0,2.0,Bayern Munich,,7.0,3.0,12.0,8.0,3.0,0.0,2.0,0.0,2023,Hoffenheim,5
2022-10-22,Sat,Bundesliga,Home,D,2.0,2.0,Wolfsburg,,13.0,5.0,19.0,5.0,3.0,0.0,1.0,0.0,2023,Leverkusen,5
2022-10-22,Sat,Bundesliga,Home,L,1.0,3.0,Ein Frankfurt,,8.0,3.0,9.0,20.0,3.0,0.0,2.0,0.0,2023,M'gladbach,5
2022-10-22,Sat,Bundesliga,Away,D,3.0,3.0,Augsburg,,19.0,8.0,11.0,15.0,1.0,0.0,7.0,1.0,2023,RB Leipzig,5
2022-10-22,Sat,Bundesliga,Away,L,0.0,5.0,Dortmund,,10.0,1.0,8.0,7.0,0.0,0.0,1.0,0.0,2023,Stuttgart,5
2022-10-22,Sat,Bundesliga,Away,L,0.0,2.0,Freiburg,,10.0,2.0,12.0,14.0,2.0,1.0,2.0,0.0,2023,Werder Bremen,5
2022-10-22,Sat,Bundesliga,Away,D,2.0,2.0,Leverkusen,,9.0,3.0,5.0,19.0,1.0,0.0,3.0,0.0,2023,Wolfsburg,5
2022-10-23,Sun,Bundesliga,Home,W,2.0,1.0,Union Berlin,,8.0,5.0,14.0,10.0,1.0,0.0,3.0,0.0,2023,Bochum,6
2022-10-23,Sun,Bundesliga,Home,W,2.0,1.0,Schalke 04,,11.0,4.0,14.0,14.0,5.0,0.0,1.0,0.0,2023,Hertha,6
2022-10-23,Sun,Bundesliga,Away,L,1.0,2.0,Hertha,,9.0,2.0,14.0,14.0,1.0,0.0,5.0,0.0,2023,Schalke 04,6
2022-10-23,Sun,Bundesliga,Away,L,1.0,2.0,Bochum,,6.0,3.0,10.0,14.0,3.0,0.0,1.0,0.0,2023,Union Berlin,6
2022-10-28,Fri,Bundesliga,Away,L,0.0,1.0,Werder Bremen,,9.0,1.0,11.0,14.0,3.0,0.0,2.0,0.0,2023,Hertha,4
2022-10-28,Fri,Bundesliga,Home,W,1.0,0.0,Hertha,,15.0,4.0,14.0,11.0,2.0,0.0,3.0,0.0,2023,Werder Bremen,4
2022-10-29,Sat,Bundesliga,Away,L,1.0,2.0,Stuttgart,,12.0,6.0,12.0,7.0,2.0,0.0,1.0,0.0,2023,Augsburg,5
2022-10-29,Sat,Bundesliga,Home,W,6.0,2.0,Mainz,,25.0,12.0,10.0,11.0,1.0,0.0,1.0,0.0,2023,Bayern Munich,5
2022-10-29,Sat,Bundesliga,Away,L,0.0,4.0,Wolfsburg,,10.0,3.0,17.0,7.0,1.0,0.0,1.0,0.0,2023,Bochum,5
2022-10-29,Sat,Bundesliga,Away,W,2.0,1.0,Ein Frankfurt,,8.0,2.0,11.0,15.0,5.0,0.0,5.0,0.0,2023,Dortmund,5
2022-10-29,Sat,Bundesliga,Home,L,1.0,2.0,Dortmund,,20.0,8.0,15.0,11.0,5.0,0.0,5.0,0.0,2023,Ein Frankfurt,5
2022-10-29,Sat,Bundesliga,Away,L,0.0,2.0,RB Leipzig,,4.0,1.0,7.0,9.0,3.0,0.0,3.0,0.0,2023,Leverkusen,5
2022-10-29,Sat,Bundesliga,Away,L,2.0,6.0,Bayern Munich,,13.0,5.0,11.0,10.0,1.0,0.0,1.0,0.0,2023,Mainz,5
2022-10-29,Sat,Bundesliga,Home,W,2.0,0.0,Leverkusen,,10.0,6.0,9.0,7.0,3.0,0.0,3.0,0.0,2023,RB Leipzig,5
2022-10-29,Sat,Bundesliga,Home,W,2.0,1.0,Augsburg,,31.0,8.0,7.0,12.0,1.0,0.0,2.0,0.0,2023,Stuttgart,5
2022-10-29,Sat,Bundesliga,Home,W,4.0,0.0,Bochum,,22.0,7.0,7.0,17.0,1.0,0.0,1.0,0.0,2023,Wolfsburg,5
2022-10-30,Sun,Bundesliga,Home,D,1.0,1.0,Hoffenheim,,11.0,3.0,11.0,10.0,1.0,0.0,2.0,1.0,2023,FC Koln,6
2022-10-30,Sun,Bundesliga,Away,W,2.0,0.0,Schalke 04,,19.0,9.0,7.0,20.0,2.0,0.0,3.0,0.0,2023,Freiburg,6
2022-10-30,Sun,Bundesliga,Away,D,1.0,1.0,FC Koln,,9.0,4.0,10.0,11.0,2.0,1.0,1.0,0.0,2023,Hoffenheim,6
2022-10-30,Sun,Bundesliga,Away,L,1.0,2.0,Union Berlin,,7.0,3.0,6.0,17.0,2.0,0.0,3.0,0.0,2023,M'gladbach,6
2022-10-30,Sun,Bundesliga,Home,L,0.0,2.0,Freiburg,,12.0,3.0,20.0,7.0,3.0,0.0,2.0,0.0,2023,Schalke 04,6
2022-10-30,Sun,Bundesliga,Home,W,2.0,1.0,M'gladbach,,14.0,5.0,17.0,6.0,3.0,0.0,2.0,0.0,2023,Union Berlin,6
2022-11-04,Fri,Bundesliga,Home,W,3.0,1.0,Stuttgart,,11.0,6.0,13.0,16.0,2.0,0.0,1.0,0.0,2023,M'gladbach,4
2022-11-04,Fri,Bundesliga,Away,L,1.0,3.0,M'gladbach,,13.0,4.0,16.0,13.0,1.0,0.0,2.0,0.0,2023,Stuttgart,4
2022-11-05,Sat,Bundesliga,Home,L,1.0,2.0,Ein Frankfurt,,9.0,5.0,17.0,15.0,0.0,0.0,1.0,0.0,2023,Augsburg,5
2022-11-05,Sat,Bundesliga,Away,W,3.0,2.0,Hertha,,14.0,4.0,9.0,13.0,0.0,0.0,0.0,0.0,2023,Bayern Munich,5
2022-11-05,Sat,Bundesliga,Away,L,0.0,3.0,Dortmund,,7.0,1.0,14.0,7.0,1.0,0.0,1.0,0.0,2023,Bochum,5
2022-11-05,Sat,Bundesliga,Home,W,3.0,0.0,Bochum,,6.0,3.0,7.0,14.0,1.0,0.0,1.0,0.0,2023,Dortmund,5
2022-11-05,Sat,Bundesliga,Away,W,2.0,1.0,Augsburg,,12.0,7.0,15.0,17.0,1.0,0.0,0.0,0.0,2023,Ein Frankfurt,5
2022-11-05,Sat,Bundesliga,Home,L,2.0,3.0,Bayern Munich,,7.0,5.0,13.0,9.0,0.0,0.0,0.0,0.0,2023,Hertha,5
2022-11-05,Sat,Bundesliga,Home,L,1.0,3.0,RB Leipzig,,11.0,3.0,9.0,9.0,4.0,0.0,2.0,0.0,2023,Hoffenheim,5
2022-11-05,Sat,Bundesliga,Home,L,0.0,3.0,Wolfsburg,,16.0,3.0,15.0,6.0,1.0,0.0,1.0,0.0,2023,Mainz,5
2022-11-05,Sat,Bundesliga,Away,W,3.0,1.0,Hoffenheim,,17.0,8.0,9.0,9.0,2.0,0.0,4.0,0.0,2023,RB Leipzig,5
2022-11-05,Sat,Bundesliga,Away,L,1.0,2.0,Werder Bremen,,19.0,3.0,12.0,11.0,2.0,0.0,3.0,0.0,2023,Schalke 04,5
2022-11-05,Sat,Bundesliga,Home,W,2.0,1.0,Schalke 04,,11.0,5.0,11.0,12.0,3.0,0.0,2.0,0.0,2023,Werder Bremen,5
2022-11-05,Sat,Bundesliga,Away,W,3.0,0.0,Mainz,,10.0,3.0,6.0,15.0,1.0,0.0,1.0,0.0,2023,Wolfsburg,5
2022-11-06,Sun,Bundesliga,Away,L,0.0,2.0,Freiburg,,6.0,2.0,10.0,9.0,1.0,0.0,0.0,0.0,2023,FC Koln,6
2022-11-06,Sun,Bundesliga,Home,W,2.0,0.0,FC Koln,,13.0,5.0,9.0,10.0,0.0,0.0,1.0,0.0,2023,Freiburg,6
2022-11-06,Sun,Bundesliga,Home,W,5.0,0.0,Union Berlin,,11.0,8.0,11.0,17.0,1.0,0.0,4.0,0.0,2023,Leverkusen,6
2022-11-06,Sun,Bundesliga,Away,L,0.0,5.0,Leverkusen,,6.0,1.0,17.0,11.0,4.0,0.0,1.0,0.0,2023,Union Berlin,6
2022-11-08,Tue,Bundesliga,Home,W,6.0,1.0,Werder Bremen,,21.0,10.0,9.0,8.0,0.0,0.0,0.0,0.0,2023,Bayern Munich,1
2022-11-08,Tue,Bundesliga,Home,W,2.0,1.0,M'gladbach,,13.0,4.0,11.0,14.0,1.0,0.0,3.0,0.0,2023,Bochum,1
2022-11-08,Tue,Bundesliga,Away,L,0.0,2.0,Wolfsburg,,20.0,6.0,12.0,10.0,2.0,0.0,4.0,0.0,2023,Dortmund,1
2022-11-08,Tue,Bundesliga,Away,L,1.0,2.0,Stuttgart,,11.0,4.0,15.0,9.0,2.0,0.0,3.0,0.0,2023,Hertha,1
2022-11-08,Tue,Bundesliga,Away,L,1.0,2.0,Bochum,,8.0,2.0,14.0,11.0,3.0,0.0,1.0,0.0,2023,M'gladbach,1
2022-11-08,Tue,Bundesliga,Home,W,2.0,1.0,Hertha,,16.0,7.0,9.0,15.0,3.0,0.0,2.0,0.0,2023,Stuttgart,1
2022-11-08,Tue,Bundesliga,Away,L,1.0,6.0,Bayern Munich,,4.0,1.0,8.0,9.0,0.0,0.0,0.0,0.0,2023,Werder Bremen,1
2022-11-08,Tue,Bundesliga,Home,W,2.0,0.0,Dortmund,,15.0,8.0,10.0,12.0,4.0,0.0,2.0,0.0,2023,Wolfsburg,1
2022-11-09,Wed,Bundesliga,Away,D,2.0,2.0,Union Berlin,,7.0,2.0,10.0,7.0,4.0,0.0,1.0,0.0,2023,Augsburg,2
2022-11-09,Wed,Bundesliga,Home,W,4.0,2.0,Hoffenheim,,15.0,8.0,9.0,22.0,0.0,0.0,3.0,0.0,2023,Ein Frankfurt,2
2022-11-09,Wed,Bundesliga,Home,L,1.0,2.0,Leverkusen,,17.0,7.0,9.0,7.0,1.0,0.0,2.0,0.0,2023,FC Koln,2
2022-11-09,Wed,Bundesliga,Away,L,1.0,3.0,RB Leipzig,,4.0,2.0,21.0,9.0,4.0,0.0,1.0,0.0,2023,Freiburg,2
2022-11-09,Wed,Bundesliga,Away,L,2.0,4.0,Ein Frankfurt,,12.0,3.0,22.0,9.0,3.0,0.0,0.0,0.0,2023,Hoffenheim,2
2022-11-09,Wed,Bundesliga,Away,W,2.0,1.0,FC Koln,,10.0,3.0,7.0,9.0,2.0,0.0,1.0,0.0,2023,Leverkusen,2
2022-11-09,Wed,Bundesliga,Away,L,0.0,1.0,Schalke 04,,11.0,1.0,17.0,16.0,1.0,0.0,3.0,0.0,2023,Mainz,2
2022-11-09,Wed,Bundesliga,Home,W,3.0,1.0,Freiburg,,18.0,8.0,9.0,21.0,1.0,0.0,4.0,0.0,2023,RB Leipzig,2
2022-11-09,Wed,Bundesliga,Home,W,1.0,0.0,Mainz,,13.0,4.0,16.0,17.0,3.0,0.0,1.0,0.0,2023,Schalke 04,2
2022-11-09,Wed,Bundesliga,Home,D,2.0,2.0,Augsburg,,18.0,6.0,7.0,10.0,1.0,0.0,4.0,0.0,2023,Union Berlin,2
2022-11-11,Fri,Bundesliga,Away,L,2.0,4.0,M'gladbach,,20.0,10.0,12.0,12.0,2.0,0.0,1.0,0.0,2023,Dortmund,4
2022-11-11,Fri,Bundesliga,Home,W,4.0,2.0,Dortmund,,11.0,6.0,12.0,12.0,1.0,0.0,2.0,0.0,2023,M'gladbach,4
2022-11-12,Sat,Bundesliga,Home,L,0.0,1.0,Bochum,,19.0,5.0,12.0,9.0,1.0,0.0,1.0,0.0,2023,Augsburg,5
2022-11-12,Sat,Bundesliga,Away,W,2.0,0.0,Schalke 04,,22.0,6.0,4.0,7.0,0.0,0.0,0.0,0.0,2023,Bayern Munich,5
2022-11-12,Sat,Bundesliga,Away,W,1.0,0.0,Augsburg,,11.0,4.0,9.0,12.0,1.0,0.0,1.0,0.0,2023,Bochum,5
2022-11-12,Sat,Bundesliga,Away,L,0.0,2.0,Hertha,,10.0,2.0,10.0,15.0,1.0,0.0,3.0,0.0,2023,FC Koln,5
2022-11-12,Sat,Bundesliga,Home,W,2.0,0.0,FC Koln,,17.0,8.0,15.0,10.0,3.0,0.0,1.0,0.0,2023,Hertha,5
2022-11-12,Sat,Bundesliga,Home,L,1.0,2.0,Wolfsburg,,22.0,8.0,15.0,11.0,0.0,0.0,3.0,0.0,2023,Hoffenheim,5
2022-11-12,Sat,Bundesliga,Home,W,2.0,0.0,Stuttgart,,11.0,3.0,11.0,10.0,2.0,0.0,3.0,0.0,2023,Leverkusen,5
2022-11-12,Sat,Bundesliga,Away,W,2.0,1.0,Werder Bremen,,14.0,3.0,8.0,14.0,2.0,0.0,1.0,0.0,2023,RB Leipzig,5
2022-11-12,Sat,Bundesliga,Home,L,0.0,2.0,Bayern Munich,,6.0,2.0,7.0,4.0,0.0,0.0,0.0,0.0,2023,Schalke 04,5
2022-11-12,Sat,Bundesliga,Away,L,0.0,2.0,Leverkusen,,7.0,1.0,10.0,11.0,3.0,0.0,2.0,0.0,2023,Stuttgart,5
2022-11-12,Sat,Bundesliga,Home,L,1.0,2.0,RB Leipzig,,7.0,5.0,14.0,8.0,1.0,0.0,2.0,0.0,2023,Werder Bremen,5
2022-11-12,Sat,Bundesliga,Away,W,2.0,1.0,Hoffenheim,,6.0,3.0,11.0,15.0,3.0,0.0,0.0,0.0,2023,Wolfsburg,5
2022-11-13,Sun,Bundesliga,Away,D,1.0,1.0,Mainz,,10.0,3.0,8.0,12.0,2.0,0.0,2.0,0.0,2023,Ein Frankfurt,6
2022-11-13,Sun,Bundesliga,Home,W,4.0,1.0,Union Berlin,,7.0,5.0,13.0,9.0,0.0,0.0,1.0,1.0,2023,Freiburg,6
2022-11-13,Sun,Bundesliga,Home,D,1.0,1.0,Ein Frankfurt,,19.0,6.0,12.0,8.0,2.0,0.0,2.0,0.0,2023,Mainz,6
2022-11-13,Sun,Bundesliga,Away,L,1.0,4.0,Freiburg,,4.0,2.0,9.0,13.0,1.0,1.0,0.0,0.0,2023,Union Berlin,6
2023-01-20,Fri,Bundesliga,Away,D,1.0,1.0,RB Leipzig,,7.0,2.0,12.0,17.0,3.0,0.0,2.0,0.0,2023,Bayern Munich,4
2023-01-20,Fri,Bundesliga,Home,D,1.0,1.0,Bayern Munich,,10.0,3.0,17.0,12.0,2.0,0.0,3.0,0.0,2023,RB Leipzig,4
2023-01-21,Sat,Bundesliga,Home,W,3.0,1.0,Hertha,,10.0,3.0,13.0,13.0,1.0,0.0,1.0,0.0,2023,Bochum,5
2023-01-21,Sat,Bundesliga,Home,W,3.0,0.0,Schalke 04,,11.0,3.0,14.0,10.0,2.0,0.0,3.0,0.0,2023,Ein Frankfurt,5
2023-01-21,Sat,Bundesliga,Home,W,7.0,1.0,Werder Bremen,,15.0,7.0,10.0,14.0,0.0,0.0,0.0,0.0,2023,FC Koln,5
2023-01-21,Sat,Bundesliga,Away,L,0.0,6.0,Wolfsburg,,9.0,1.0,12.0,11.0,2.0,0.0,1.0,0.0,2023,Freiburg,5
2023-01-21,Sat,Bundesliga,Away,L,1.0,3.0,Bochum,,10.0,2.0,13.0,13.0,1.0,0.0,1.0,0.0,2023,Hertha,5
2023-01-21,Sat,Bundesliga,Away,L,1.0,3.0,Union Berlin,,10.0,5.0,13.0,11.0,1.0,0.0,2.0,0.0,2023,Hoffenheim,5
2023-01-21,Sat,Bundesliga,Away,D,1.0,1.0,Stuttgart,,12.0,2.0,17.0,15.0,3.0,0.0,1.0,0.0,2023,Mainz,5
2023-01-21,Sat,Bundesliga,Away,L,0.0,3.0,Ein Frankfurt,,18.0,4.0,10.0,14.0,3.0,0.0,2.0,0.0,2023,Schalke 04,5
2023-01-21,Sat,Bundesliga,Home,D,1.0,1.0,Mainz,,16.0,4.0,15.0,17.0,1.0,0.0,3.0,0.0,2023,Stuttgart,5
2023-01-21,Sat,Bundesliga,Home,W,3.0,1.0,Hoffenheim,,23.0,5.0,11.0,13.0,2.0,0.0,1.0,0.0,2023,Union Berlin,5
2023-01-21,Sat,Bundesliga,Away,L,1.0,7.0,FC Koln,,4.0,2.0,14.0,10.0,0.0,0.0,0.0,0.0,2023,Werder Bremen,5
2023-01-21,Sat,Bundesliga,Home,W,6.0,0.0,Freiburg,,13.0,11.0,11.0,12.0,1.0,0.0,2.0,0.0,2023,Wolfsburg,5
2023-01-22,Sun,Bundesliga,Away,L,3.0,4.0,Dortmund,,14.0,4.0,9.0,6.0,4.0,0.0,1.0,0.0,2023,Augsburg,6
2023-01-22,Sun,Bundesliga,Home,W,4.0,3.0,Augsburg,,27.0,10.0,6.0,9.0,1.0,0.0,4.0,0.0,2023,Dortmund,6
2023-01-22,Sun,Bundesliga,Away,W,3.0,2.0,M'gladbach,,13.0,5.0,14.0,12.0,2.0,0.0,3.0,0.0,2023,Leverkusen,6
2023-01-22,Sun,Bundesliga,Home,L,2.0,3.0,Leverkusen,,15.0,8.0,12.0,14.0,3.0,0.0,2.0,0.0,2023,M'gladbach,6
2023-01-24,Tue,Bundesliga,Home,D,1.0,1.0,FC Koln,,22.0,7.0,7.0,10.0,0.0,0.0,1.0,0.0,2023,Bayern Munich,1
2023-01-24,Tue,Bundesliga,Away,D,1.0,1.0,Bayern Munich,,2.0,1.0,10.0,7.0,1.0,0.0,0.0,0.0,2023,FC Koln,1
2023-01-24,Tue,Bundesliga,Home,L,0.0,5.0,Wolfsburg,,8.0,2.0,20.0,13.0,2.0,0.0,0.0,0.0,2023,Hertha,1
2023-01-24,Tue,Bundesliga,Home,D,2.0,2.0,Stuttgart,,13.0,5.0,12.0,4.0,1.0,0.0,3.0,1.0,2023,Hoffenheim,1
2023-01-24,Tue,Bundesliga,Away,W,6.0,1.0,Schalke 04,,21.0,14.0,13.0,16.0,1.0,0.0,1.0,0.0,2023,RB Leipzig,1
2023-01-24,Tue,Bundesliga,Home,L,1.0,6.0,RB Leipzig,,9.0,1.0,16.0,13.0,1.0,0.0,1.0,0.0,2023,Schalke 04,1
2023-01-24,Tue,Bundesliga,Away,D,2.0,2.0,Hoffenheim,,8.0,4.0,4.0,12.0,3.0,1.0,1.0,0.0,2023,Stuttgart,1
2023-01-24,Tue,Bundesliga,Away,W,5.0,0.0,Hertha,,15.0,7.0,13.0,20.0,0.0,0.0,2.0,0.0,2023,Wolfsburg,1
2023-01-25,Wed,Bundesliga,Home,W,1.0,0.0,M'gladbach,,14.0,4.0,15.0,15.0,1.0,0.0,2.0,0.0,2023,Augsburg,2
2023-01-25,Wed,Bundesliga,Away,L,0.0,2.0,Leverkusen,,9.0,2.0,14.0,15.0,4.0,0.0,2.0,0.0,2023,Bochum,2
2023-01-25,Wed,Bundesliga,Away,W,2.0,1.0,Mainz,,12.0,6.0,7.0,15.0,0.0,0.0,2.0,0.0,2023,Dortmund,2
2023-01-25,Wed,Bundesliga,Away,D,1.0,1.0,Freiburg,,4.0,2.0,15.0,15.0,3.0,0.0,3.0,0.0,2023,Ein Frankfurt,2
2023-01-25,Wed,Bundesliga,Home,D,1.0,1.0,Ein Frankfurt,,12.0,5.0,15.0,15.0,3.0,0.0,3.0,0.0,2023,Freiburg,2
2023-01-25,Wed,Bundesliga,Home,W,2.0,0.0,Bochum,,11.0,4.0,15.0,14.0,2.0,0.0,4.0,0.0,2023,Leverkusen,2
2023-01-25,Wed,Bundesliga,Away,L,0.0,1.0,Augsburg,,7.0,2.0,15.0,15.0,2.0,0.0,1.0,0.0,2023,M'gladbach,2
2023-01-25,Wed,Bundesliga,Home,L,1.0,2.0,Dortmund,,12.0,4.0,15.0,7.0,2.0,0.0,0.0,0.0,2023,Mainz,2
2023-01-25,Wed,Bundesliga,Away,W,2.0,1.0,Werder Bremen,,11.0,5.0,17.0,11.0,0.0,0.0,0.0,0.0,2023,Union Berlin,2
2023-01-25,Wed,Bundesliga,Home,L,1.0,2.0,Union Berlin,,8.0,3.0,11.0,17.0,0.0,0.0,0.0,0.0,2023,Werder Bremen,2
2023-01-27,Fri,Bundesliga,Home,W,2.0,1.0,Stuttgart,,9.0,4.0,8.0,6.0,0.0,0.0,0.0,0.0,2023,RB Leipzig,4
2023-01-27,Fri,Bundesliga,Away,L,1.0,2.0,RB Leipzig,,10.0,3.0,6.0,8.0,0.0,0.0,0.0,0.0,2023,Stuttgart,4
2023-01-28,Sat,Bundesliga,Away,L,1.0,3.0,Freiburg,,16.0,4.0,9.0,14.0,3.0,0.0,3.0,0.0,2023,Augsburg,5
2023-01-28,Sat,Bundesliga,Home,D,1.0,1.0,Ein Frankfurt,,14.0,6.0,6.0,4.0,3.0,0.0,1.0,0.0,2023,Bayern Munich,5
2023-01-28,Sat,Bundesliga,Away,L,2.0,5.0,Mainz,,14.0,4.0,11.0,17.0,1.0,0.0,0.0,0.0,2023,Bochum,5
2023-01-28,Sat,Bundesliga,Away,D,1.0,1.0,Bayern Munich,,7.0,1.0,4.0,6.0,1.0,0.0,3.0,0.0,2023,Ein Frankfurt,5
2023-01-28,Sat,Bundesliga,Home,W,3.0,1.0,Augsburg,,15.0,9.0,14.0,9.0,3.0,0.0,3.0,0.0,2023,Freiburg,5
2023-01-28,Sat,Bundesliga,Home,L,0.0,2.0,Union Berlin,,10.0,3.0,12.0,13.0,1.0,0.0,2.0,0.0,2023,Hertha,5
2023-01-28,Sat,Bundesliga,Home,L,1.0,4.0,M'gladbach,,15.0,5.0,23.0,10.0,2.0,0.0,1.0,0.0,2023,Hoffenheim,5
2023-01-28,Sat,Bundesliga,Away,W,4.0,1.0,Hoffenheim,,10.0,5.0,10.0,23.0,1.0,0.0,2.0,0.0,2023,M'gladbach,5
2023-01-28,Sat,Bundesliga,Home,W,5.0,2.0,Bochum,,14.0,7.0,17.0,11.0,0.0,0.0,1.0,0.0,2023,Mainz,5
2023-01-28,Sat,Bundesliga,Away,W,2.0,0.0,Hertha,,7.0,3.0,13.0,12.0,2.0,0.0,1.0,0.0,2023,Union Berlin,5
2023-01-28,Sat,Bundesliga,Home,W,2.0,1.0,Wolfsburg,,14.0,5.0,16.0,12.0,3.0,0.0,3.0,0.0,2023,Werder Bremen,5
2023-01-28,Sat,Bundesliga,Away,L,1.0,2.0,Werder Bremen,,7.0,3.0,12.0,16.0,3.0,0.0,3.0,0.0,2023,Wolfsburg,5
2023-01-29,Sun,Bundesliga,Away,W,2.0,0.0,Leverkusen,,6.0,2.0,20.0,13.0,4.0,0.0,2.0,0.0,2023,Dortmund,6
2023-01-29,Sun,Bundesliga,Away,D,0.0,0.0,Schalke 04,,7.0,0.0,16.0,13.0,4.0,0.0,3.0,0.0,2023,FC Koln,6
2023-01-29,Sun,Bundesliga,Home,L,0.0,2.0,Dortmund,,20.0,7.0,13.0,20.0,2.0,0.0,4.0,0.0,2023,Leverkusen,6
2023-01-29,Sun,Bundesliga,Home,D,0.0,0.0,FC Koln,,15.0,2.0,13.0,16.0,3.0,0.0,4.0,0.0,2023,Schalke 04,6
2023-02-03,Fri,Bundesliga,Home,W,1.0,0.0,Leverkusen,,10.0,5.0,14.0,8.0,3.0,0.0,2.0,0.0,2023,Augsburg,4
2023-02-03,Fri,Bundesliga,Away,L,0.0,1.0,Augsburg,,12.0,4.0,8.0,14.0,2.0,0.0,3.0,0.0,2023,Leverkusen,4
2023-02-04,Sat,Bundesliga,Home,W,5.0,2.0,Hoffenheim,,17.0,11.0,13.0,15.0,2.0,0.0,3.0,0.0,2023,Bochum,5
2023-02-04,Sat,Bundesliga,Home,W,5.0,1.0,Freiburg,,24.0,8.0,13.0,14.0,3.0,0.0,4.0,1.0,2023,Dortmund,5
2023-02-04,Sat,Bundesliga,Home,W,3.0,0.0,Hertha,,10.0,4.0,12.0,10.0,1.0,0.0,2.0,0.0,2023,Ein Frankfurt,5
2023-02-04,Sat,Bundesliga,Home,D,0.0,0.0,RB Leipzig,,9.0,0.0,10.0,15.0,3.0,0.0,4.0,0.0,2023,FC Koln,5
2023-02-04,Sat,Bundesliga,Away,L,1.0,5.0,Dortmund,,6.0,3.0,14.0,13.0,4.0,1.0,3.0,0.0,2023,Freiburg,5
2023-02-04,Sat,Bundesliga,Away,L,0.0,3.0,Ein Frankfurt,,13.0,3.0,10.0,12.0,2.0,0.0,1.0,0.0,2023,Hertha,5
2023-02-04,Sat,Bundesliga,Away,L,2.0,5.0,Bochum,,10.0,4.0,15.0,13.0,3.0,0.0,2.0,0.0,2023,Hoffenheim,5
2023-02-04,Sat,Bundesliga,Home,D,0.0,0.0,Schalke 04,,17.0,4.0,9.0,15.0,2.0,0.0,3.0,0.0,2023,M'gladbach,5
2023-02-04,Sat,Bundesliga,Away,L,1.0,2.0,Union Berlin,,9.0,2.0,10.0,12.0,1.0,0.0,1.0,0.0,2023,Mainz,5
2023-02-04,Sat,Bundesliga,Away,D,0.0,0.0,FC Koln,,7.0,2.0,15.0,10.0,4.0,0.0,3.0,0.0,2023,RB Leipzig,5
2023-02-04,Sat,Bundesliga,Away,D,0.0,0.0,M'gladbach,,18.0,5.0,15.0,9.0,3.0,0.0,2.0,0.0,2023,Schalke 04,5
2023-02-04,Sat,Bundesliga,Home,W,2.0,1.0,Mainz,,9.0,5.0,12.0,10.0,1.0,0.0,1.0,0.0,2023,Union Berlin,5
2023-02-05,Sun,Bundesliga,Away,W,4.0,2.0,Wolfsburg,,9.0,4.0,9.0,10.0,6.0,1.0,2.0,0.0,2023,Bayern Munich,6
2023-02-05,Sun,Bundesliga,Home,L,0.0,2.0,Werder Bremen,,16.0,5.0,8.0,17.0,2.0,0.0,5.0,0.0,2023,Stuttgart,6
2023-02-05,Sun,Bundesliga,Away,W,2.0,0.0,Stuttgart,,9.0,4.0,17.0,8.0,5.0,0.0,2.0,0.0,2023,Werder Bremen,6
2023-02-05,Sun,Bundesliga,Home,L,2.0,4.0,Bayern Munich,,19.0,5.0,10.0,9.0,2.0,0.0,6.0,1.0,2023,Wolfsburg,6
2023-02-10,Fri,Bundesliga,Home,D,0.0,0.0,Wolfsburg,,17.0,5.0,10.0,20.0,1.0,0.0,4.0,0.0,2023,Schalke 04,4
2023-02-10,Fri,Bundesliga,Away,D,0.0,0.0,Schalke 04,,8.0,2.0,20.0,10.0,4.0,0.0,1.0,0.0,2023,Wolfsburg,4
2023-02-11,Sat,Bundesliga,Away,L,1.0,3.0,Mainz,,11.0,3.0,6.0,12.0,1.0,0.0,1.0,0.0,2023,Augsburg,5
2023-02-11,Sat,Bundesliga,Home,W,3.0,0.0,Bochum,,25.0,12.0,10.0,12.0,1.0,0.0,1.0,0.0,2023,Bayern Munich,5
2023-02-11,Sat,Bundesliga,Away,L,0.0,3.0,Bayern Munich,,7.0,1.0,12.0,10.0,1.0,0.0,1.0,0.0,2023,Bochum,5
2023-02-11,Sat,Bundesliga,Away,W,2.0,0.0,Werder Bremen,,17.0,9.0,7.0,7.0,0.0,0.0,1.0,0.0,2023,Dortmund,5
2023-02-11,Sat,Bundesliga,Home,W,2.0,1.0,Stuttgart,,9.0,5.0,13.0,10.0,3.0,0.0,3.0,0.0,2023,Freiburg,5
2023-02-11,Sat,Bundesliga,Home,L,1.0,3.0,Leverkusen,,11.0,6.0,15.0,9.0,3.0,0.0,1.0,0.0,2023,Hoffenheim,5
2023-02-11,Sat,Bundesliga,Away,W,3.0,1.0,Hoffenheim,,12.0,5.0,9.0,15.0,1.0,0.0,3.0,0.0,2023,Leverkusen,5
2023-02-11,Sat,Bundesliga,Home,W,3.0,1.0,Augsburg,,13.0,7.0,12.0,6.0,1.0,0.0,1.0,0.0,2023,Mainz,5
2023-02-11,Sat,Bundesliga,Home,L,1.0,2.0,Union Berlin,,9.0,1.0,15.0,13.0,4.0,0.0,4.0,0.0,2023,RB Leipzig,5
2023-02-11,Sat,Bundesliga,Away,L,1.0,2.0,Freiburg,,14.0,3.0,10.0,13.0,3.0,0.0,3.0,0.0,2023,Stuttgart,5
2023-02-11,Sat,Bundesliga,Away,W,2.0,1.0,RB Leipzig,,6.0,5.0,13.0,15.0,4.0,0.0,4.0,0.0,2023,Union Berlin,5
2023-02-11,Sat,Bundesliga,Home,L,0.0,2.0,Dortmund,,8.0,3.0,7.0,7.0,1.0,0.0,0.0,0.0,2023,Werder Bremen,5
2023-02-12,Sun,Bundesliga,Away,L,0.0,3.0,FC Koln,,7.0,1.0,11.0,15.0,2.0,0.0,3.0,0.0,2023,Ein Frankfurt,6
2023-02-12,Sun,Bundesliga,Home,W,3.0,0.0,Ein Frankfurt,,9.0,4.0,15.0,11.0,3.0,0.0,2.0,0.0,2023,FC Koln,6
2023-02-12,Sun,Bundesliga,Home,W,4.0,1.0,M'gladbach,,17.0,7.0,12.0,11.0,1.0,0.0,1.0,0.0,2023,Hertha,6
2023-02-12,Sun,Bundesliga,Away,L,1.0,4.0,Hertha,,7.0,3.0,11.0,12.0,1.0,0.0,1.0,0.0,2023,M'gladbach,6
2023-02-17,Fri,Bundesliga,Home,W,1.0,0.0,Hoffenheim,,16.0,3.0,13.0,14.0,3.0,0.0,3.0,0.0,2023,Augsburg,4
2023-02-17,Fri,Bundesliga,Away,L,0.0,1.0,Augsburg,,8.0,2.0,14.0,13.0,3.0,0.0,3.0,0.0,2023,Hoffenheim,4
2023-02-18,Sat,Bundesliga,Away,L,2.0,3.0,M'gladbach,,13.0,4.0,9.0,9.0,1.0,1.0,0.0,0.0,2023,Bayern Munich,5
2023-02-18,Sat,Bundesliga,Home,L,0.0,2.0,Freiburg,,15.0,6.0,15.0,10.0,4.0,1.0,2.0,0.0,2023,Bochum,5
2023-02-18,Sat,Bundesliga,Home,W,2.0,0.0,Werder Bremen,,11.0,6.0,15.0,9.0,1.0,0.0,1.0,0.0,2023,Ein Frankfurt,5
2023-02-18,Sat,Bundesliga,Away,L,0.0,3.0,Stuttgart,,11.0,4.0,12.0,10.0,4.0,0.0,3.0,0.0,2023,FC Koln,5
2023-02-18,Sat,Bundesliga,Away,W,2.0,0.0,Bochum,,15.0,5.0,10.0,15.0,2.0,0.0,4.0,1.0,2023,Freiburg,5
2023-02-18,Sat,Bundesliga,Home,W,3.0,2.0,Bayern Munich,,17.0,7.0,9.0,9.0,0.0,0.0,1.0,1.0,2023,M'gladbach,5
2023-02-18,Sat,Bundesliga,Away,W,3.0,0.0,Wolfsburg,,17.0,5.0,15.0,16.0,1.0,0.0,1.0,0.0,2023,RB Leipzig,5
2023-02-18,Sat,Bundesliga,Home,W,3.0,0.0,FC Koln,,18.0,7.0,10.0,12.0,3.0,0.0,4.0,0.0,2023,Stuttgart,5
2023-02-18,Sat,Bundesliga,Away,L,0.0,2.0,Ein Frankfurt,,3.0,0.0,9.0,15.0,1.0,0.0,1.0,0.0,2023,Werder Bremen,5
2023-02-18,Sat,Bundesliga,Home,L,0.0,3.0,RB Leipzig,,7.0,2.0,16.0,15.0,1.0,0.0,1.0,0.0,2023,Wolfsburg,5
2023-02-19,Sun,Bundesliga,Home,W,4.0,1.0,Hertha,,12.0,5.0,8.0,15.0,1.0,0.0,2.0,0.0,2023,Dortmund,6
2023-02-19,Sun,Bundesliga,Away,L,1.0,4.0,Dortmund,,15.0,8.0,15.0,8.0,2.0,0.0,1.0,0.0,2023,Hertha,6
2023-02-19,Sun,Bundesliga,Home,L,2.0,3.0,Mainz,,17.0,7.0,14.0,19.0,5.0,1.0,5.0,0.0,2023,Leverkusen,6
2023-02-19,Sun,Bundesliga,Away,W,3.0,2.0,Leverkusen,,12.0,7.0,19.0,14.0,5.0,0.0,5.0,1.0,2023,Mainz,6
2023-02-19,Sun,Bundesliga,Away,D,0.0,0.0,Union Berlin,,6.0,2.0,19.0,13.0,1.0,0.0,2.0,0.0,2023,Schalke 04,6
2023-02-19,Sun,Bundesliga,Home,D,0.0,0.0,Schalke 04,,9.0,4.0,13.0,19.0,2.0,0.0,1.0,0.0,2023,Union Berlin,6
2023-02-24,Fri,Bundesliga,Away,L,0.0,4.0,Mainz,,8.0,2.0,6.0,17.0,3.0,0.0,2.0,0.0,2023,M'gladbach,4
2023-02-24,Fri,Bundesliga,Home,W,4.0,0.0,M'gladbach,,14.0,8.0,17.0,6.0,2.0,0.0,3.0,0.0,2023,Mainz,4
2023-02-25,Sat,Bundesliga,Away,L,0.0,2.0,Hertha,,9.0,2.0,19.0,16.0,3.0,0.0,1.0,0.0,2023,Augsburg,5
2023-02-25,Sat,Bundesliga,Away,L,0.0,3.0,Werder Bremen,,9.0,2.0,16.0,16.0,2.0,0.0,3.0,0.0,2023,Bochum,5
2023-02-25,Sat,Bundesliga,Away,W,1.0,0.0,Hoffenheim,,23.0,11.0,7.0,11.0,1.0,0.0,3.0,0.0,2023,Dortmund,5
2023-02-25,Sat,Bundesliga,Away,L,1.0,2.0,RB Leipzig,,8.0,4.0,11.0,11.0,3.0,0.0,2.0,0.0,2023,Ein Frankfurt,5
2023-02-25,Sat,Bundesliga,Home,L,0.0,2.0,Wolfsburg,,11.0,5.0,9.0,16.0,1.0,0.0,2.0,0.0,2023,FC Koln,5
2023-02-25,Sat,Bundesliga,Home,W,2.0,0.0,Augsburg,,11.0,3.0,16.0,19.0,1.0,0.0,3.0,0.0,2023,Hertha,5
2023-02-25,Sat,Bundesliga,Home,L,0.0,1.0,Dortmund,,13.0,4.0,11.0,7.0,3.0,0.0,1.0,0.0,2023,Hoffenheim,5
2023-02-25,Sat,Bundesliga,Home,W,2.0,1.0,Ein Frankfurt,,10.0,5.0,11.0,11.0,2.0,0.0,3.0,0.0,2023,RB Leipzig,5
2023-02-25,Sat,Bundesliga,Home,W,2.0,1.0,Stuttgart,,11.0,6.0,12.0,13.0,2.0,0.0,2.0,0.0,2023,Schalke 04,5
2023-02-25,Sat,Bundesliga,Away,L,1.0,2.0,Schalke 04,,17.0,5.0,13.0,12.0,2.0,0.0,2.0,0.0,2023,Stuttgart,5
2023-02-25,Sat,Bundesliga,Home,W,3.0,0.0,Bochum,,12.0,6.0,16.0,16.0,3.0,0.0,2.0,0.0,2023,Werder Bremen,5
2023-02-25,Sat,Bundesliga,Away,W,2.0,0.0,FC Koln,,6.0,4.0,16.0,9.0,2.0,0.0,1.0,0.0,2023,Wolfsburg,5
2023-02-26,Sun,Bundesliga,Home,W,3.0,0.0,Union Berlin,,19.0,10.0,8.0,9.0,1.0,0.0,1.0,0.0,2023,Bayern Munich,6
2023-02-26,Sun,Bundesliga,Home,D,1.0,1.0,Leverkusen,,9.0,4.0,14.0,13.0,2.0,0.0,1.0,0.0,2023,Freiburg,6
2023-02-26,Sun,Bundesliga,Away,D,1.0,1.0,Freiburg,,16.0,4.0,13.0,14.0,1.0,0.0,2.0,0.0,2023,Leverkusen,6
2023-02-26,Sun,Bundesliga,Away,L,0.0,3.0,Bayern Munich,,4.0,1.0,9.0,8.0,1.0,0.0,1.0,0.0,2023,Union Berlin,6
2023-03-03,Fri,Bundesliga,Home,W,2.0,1.0,RB Leipzig,,8.0,3.0,8.0,20.0,2.0,0.0,5.0,0.0,2023,Dortmund,4
2023-03-03,Fri,Bundesliga,Away,L,1.0,2.0,Dortmund,,14.0,6.0,20.0,8.0,5.0,0.0,2.0,0.0,2023,RB Leipzig,4
2023-03-04,Sat,Bundesliga,Home,W,2.0,1.0,Werder Bremen,,9.0,5.0,10.0,9.0,2.0,0.0,2.0,0.0,2023,Augsburg,5
2023-03-04,Sat,Bundesliga,Away,W,2.0,1.0,Stuttgart,,13.0,6.0,12.0,6.0,0.0,0.0,0.0,0.0,2023,Bayern Munich,5
2023-03-04,Sat,Bundesliga,Home,L,0.0,2.0,Schalke 04,,6.0,4.0,17.0,11.0,2.0,0.0,1.0,0.0,2023,Bochum,5
2023-03-04,Sat,Bundesliga,Away,D,0.0,0.0,Union Berlin,,12.0,4.0,10.0,9.0,0.0,0.0,1.0,0.0,2023,FC Koln,5
2023-03-04,Sat,Bundesliga,Away,D,0.0,0.0,M'gladbach,,8.0,3.0,15.0,11.0,2.0,0.0,5.0,1.0,2023,Freiburg,5
2023-03-04,Sat,Bundesliga,Away,L,0.0,1.0,Mainz,,15.0,4.0,15.0,12.0,4.0,0.0,1.0,0.0,2023,Hoffenheim,5
2023-03-04,Sat,Bundesliga,Home,D,0.0,0.0,Freiburg,,10.0,4.0,11.0,15.0,5.0,1.0,2.0,0.0,2023,M'gladbach,5
2023-03-04,Sat,Bundesliga,Home,W,1.0,0.0,Hoffenheim,,16.0,6.0,12.0,15.0,1.0,0.0,4.0,0.0,2023,Mainz,5
2023-03-04,Sat,Bundesliga,Away,W,2.0,0.0,Bochum,,9.0,5.0,11.0,17.0,1.0,0.0,2.0,0.0,2023,Schalke 04,5
2023-03-04,Sat,Bundesliga,Home,L,1.0,2.0,Bayern Munich,,11.0,4.0,6.0,12.0,0.0,0.0,0.0,0.0,2023,Stuttgart,5
2023-03-04,Sat,Bundesliga,Home,D,0.0,0.0,FC Koln,,8.0,2.0,9.0,10.0,1.0,0.0,0.0,0.0,2023,Union Berlin,5
2023-03-04,Sat,Bundesliga,Away,L,1.0,2.0,Augsburg,,17.0,8.0,9.0,10.0,2.0,0.0,2.0,0.0,2023,Werder Bremen,5
2023-03-05,Sun,Bundesliga,Away,D,2.0,2.0,Wolfsburg,,10.0,2.0,16.0,11.0,3.0,0.0,3.0,0.0,2023,Ein Frankfurt,6
2023-03-05,Sun,Bundesliga,Away,L,1.0,4.0,Leverkusen,,7.0,2.0,14.0,11.0,2.0,0.0,1.0,0.0,2023,Hertha,6
2023-03-05,Sun,Bundesliga,Home,W,4.0,1.0,Hertha,,18.0,9.0,11.0,14.0,1.0,0.0,2.0,0.0,2023,Leverkusen,6
2023-03-05,Sun,Bundesliga,Home,D,2.0,2.0,Ein Frankfurt,,13.0,8.0,11.0,16.0,3.0,0.0,3.0,0.0,2023,Wolfsburg,6
2023-03-10,Fri,Bundesliga,Away,W,2.0,0.0,FC Koln,,9.0,3.0,14.0,9.0,2.0,0.0,2.0,0.0,2023,Bochum,4
2023-03-10,Fri,Bundesliga,Home,L,0.0,2.0,Bochum,,11.0,5.0,9.0,14.0,2.0,0.0,2.0,0.0,2023,FC Koln,4
2023-03-11,Sat,Bundesliga,Away,L,3.0,5.0,Bayern Munich,,13.0,6.0,10.0,8.0,1.0,0.0,2.0,0.0,2023,Augsburg,5
2023-03-11,Sat,Bundesliga,Home,W,5.0,3.0,Augsburg,,24.0,9.0,8.0,10.0,2.0,0.0,1.0,0.0,2023,Bayern Munich,5
2023-03-11,Sat,Bundesliga,Away,D,2.0,2.0,Schalke 04,,20.0,8.0,8.0,16.0,1.0,0.0,1.0,0.0,2023,Dortmund,5
2023-03-11,Sat,Bundesliga,Home,D,1.0,1.0,Stuttgart,,10.0,1.0,16.0,11.0,4.0,0.0,1.0,0.0,2023,Ein Frankfurt,5
2023-03-11,Sat,Bundesliga,Home,D,1.0,1.0,Mainz,,9.0,4.0,10.0,15.0,2.0,0.0,1.0,0.0,2023,Hertha,5
2023-03-11,Sat,Bundesliga,Away,L,0.0,3.0,RB Leipzig,,7.0,3.0,9.0,9.0,0.0,0.0,1.0,0.0,2023,M'gladbach,5
2023-03-11,Sat,Bundesliga,Away,D,1.0,1.0,Hertha,,6.0,3.0,15.0,10.0,1.0,0.0,2.0,0.0,2023,Mainz,5
2023-03-11,Sat,Bundesliga,Home,W,3.0,0.0,M'gladbach,,14.0,9.0,9.0,9.0,1.0,0.0,0.0,0.0,2023,RB Leipzig,5
2023-03-11,Sat,Bundesliga,Home,D,2.0,2.0,Dortmund,,10.0,5.0,16.0,8.0,1.0,0.0,1.0,0.0,2023,Schalke 04,5
2023-03-11,Sat,Bundesliga,Away,D,1.0,1.0,Ein Frankfurt,,9.0,5.0,11.0,16.0,1.0,0.0,4.0,0.0,2023,Stuttgart,5
2023-03-12,Sun,Bundesliga,Home,W,2.0,1.0,Hoffenheim,,9.0,3.0,11.0,25.0,2.0,0.0,5.0,1.0,2023,Freiburg,6
2023-03-12,Sun,Bundesliga,Away,L,1.0,2.0,Freiburg,,12.0,1.0,25.0,11.0,5.0,1.0,2.0,0.0,2023,Hoffenheim,6
2023-03-12,Sun,Bundesliga,Away,W,3.0,2.0,Werder Bremen,,13.0,5.0,12.0,12.0,1.0,0.0,2.0,0.0,2023,Leverkusen,6
2023-03-12,Sun,Bundesliga,Away,D,1.0,1.0,Wolfsburg,,11.0,2.0,14.0,11.0,4.0,0.0,1.0,0.0,2023,Union Berlin,6
2023-03-12,Sun,Bundesliga,Home,L,2.0,3.0,Leverkusen,,12.0,6.0,12.0,12.0,2.0,0.0,1.0,0.0,2023,Werder Bremen,6
2023-03-12,Sun,Bundesliga,Home,D,1.0,1.0,Union Berlin,,15.0,6.0,11.0,14.0,1.0,0.0,4.0,0.0,2023,Wolfsburg,6
2023-03-17,Fri,Bundesliga,Home,D,2.0,2.0,Werder Bremen,,21.0,9.0,9.0,12.0,1.0,0.0,1.0,0.0,2023,M'gladbach,4
2023-03-17,Fri,Bundesliga,Away,D,2.0,2.0,M'gladbach,,6.0,3.0,12.0,9.0,1.0,0.0,1.0,0.0,2023,Werder Bremen,4
2023-03-18,Sat,Bundesliga,Home,D,1.0,1.0,Schalke 04,,9.0,3.0,11.0,14.0,4.0,1.0,4.0,0.0,2023,Augsburg,5
2023-03-18,Sat,Bundesliga,Home,W,1.0,0.0,RB Leipzig,,8.0,2.0,10.0,8.0,2.0,0.0,3.0,0.0,2023,Bochum,5
2023-03-18,Sat,Bundesliga,Home,W,6.0,1.0,FC Koln,,11.0,8.0,7.0,10.0,1.0,0.0,0.0,0.0,2023,Dortmund,5
2023-03-18,Sat,Bundesliga,Away,L,1.0,6.0,Dortmund,,11.0,5.0,10.0,7.0,0.0,0.0,1.0,0.0,2023,FC Koln,5
2023-03-18,Sat,Bundesliga,Away,L,1.0,3.0,Hoffenheim,,11.0,5.0,11.0,10.0,3.0,0.0,0.0,1.0,2023,Hertha,5
2023-03-18,Sat,Bundesliga,Home,W,3.0,1.0,Hertha,,15.0,7.0,10.0,11.0,0.0,1.0,3.0,0.0,2023,Hoffenheim,5
2023-03-18,Sat,Bundesliga,Away,L,0.0,1.0,Bochum,,21.0,8.0,8.0,10.0,3.0,0.0,2.0,0.0,2023,RB Leipzig,5
2023-03-18,Sat,Bundesliga,Away,D,1.0,1.0,Augsburg,,13.0,5.0,14.0,11.0,4.0,0.0,4.0,1.0,2023,Schalke 04,5
2023-03-18,Sat,Bundesliga,Home,L,0.0,1.0,Wolfsburg,,12.0,2.0,10.0,8.0,1.0,0.0,0.0,0.0,2023,Stuttgart,5
2023-03-18,Sat,Bundesliga,Away,W,1.0,0.0,Stuttgart,,9.0,3.0,8.0,10.0,0.0,0.0,1.0,0.0,2023,Wolfsburg,5
2023-03-19,Sun,Bundesliga,Away,L,1.0,2.0,Leverkusen,,11.0,6.0,11.0,10.0,3.0,0.0,2.0,0.0,2023,Bayern Munich,6
2023-03-19,Sun,Bundesliga,Away,L,0.0,2.0,Union Berlin,,19.0,4.0,15.0,19.0,2.0,0.0,3.0,0.0,2023,Ein Frankfurt,6
2023-03-19,Sun,Bundesliga,Away,D,1.0,1.0,Mainz,,11.0,5.0,10.0,18.0,3.0,0.0,2.0,0.0,2023,Freiburg,6
2023-03-19,Sun,Bundesliga,Home,W,2.0,1.0,Bayern Munich,,12.0,6.0,10.0,11.0,2.0,0.0,3.0,0.0,2023,Leverkusen,6
2023-03-19,Sun,Bundesliga,Home,D,1.0,1.0,Freiburg,,10.0,6.0,18.0,10.0,2.0,0.0,3.0,0.0,2023,Mainz,6
2023-03-19,Sun,Bundesliga,Home,W,2.0,0.0,Ein Frankfurt,,14.0,3.0,19.0,15.0,3.0,0.0,2.0,0.0,2023,Union Berlin,6
2023-03-31,Fri,Bundesliga,Away,D,1.0,1.0,Ein Frankfurt,,8.0,2.0,13.0,14.0,2.0,0.0,3.0,0.0,2023,Bochum,4
2023-03-31,Fri,Bundesliga,Home,D,1.0,1.0,Bochum,,18.0,7.0,14.0,13.0,3.0,0.0,2.0,0.0,2023,Ein Frankfurt,4
2023-04-01,Sat,Bundesliga,Away,D,2.0,2.0,Wolfsburg,,5.0,2.0,15.0,9.0,2.0,0.0,3.0,0.0,2023,Augsburg,5
2023-04-01,Sat,Bundesliga,Home,W,4.0,2.0,Dortmund,,16.0,9.0,11.0,7.0,1.0,0.0,1.0,0.0,2023,Bayern Munich,5
2023-04-01,Sat,Bundesliga,Away,L,2.0,4.0,Bayern Munich,,10.0,4.0,7.0,11.0,1.0,0.0,1.0,0.0,2023,Dortmund,5
2023-04-01,Sat,Bundesliga,Home,D,1.0,1.0,Hertha,,16.0,8.0,7.0,11.0,1.0,0.0,1.0,0.0,2023,Freiburg,5
2023-04-01,Sat,Bundesliga,Away,D,1.0,1.0,Freiburg,,10.0,3.0,11.0,7.0,1.0,0.0,1.0,0.0,2023,Hertha,5
2023-04-01,Sat,Bundesliga,Away,W,3.0,0.0,Schalke 04,,18.0,10.0,13.0,20.0,1.0,0.0,2.0,0.0,2023,Leverkusen,5
2023-04-01,Sat,Bundesliga,Away,W,3.0,0.0,RB Leipzig,,19.0,7.0,20.0,13.0,3.0,0.0,3.0,0.0,2023,Mainz,5
2023-04-01,Sat,Bundesliga,Home,L,0.0,3.0,Mainz,,12.0,3.0,13.0,20.0,3.0,0.0,3.0,0.0,2023,RB Leipzig,5
2023-04-01,Sat,Bundesliga,Home,L,0.0,3.0,Leverkusen,,12.0,3.0,20.0,13.0,2.0,0.0,1.0,0.0,2023,Schalke 04,5
2023-04-01,Sat,Bundesliga,Away,L,0.0,3.0,Union Berlin,,17.0,8.0,12.0,11.0,1.0,0.0,1.0,0.0,2023,Stuttgart,5
2023-04-01,Sat,Bundesliga,Home,W,3.0,0.0,Stuttgart,,13.0,5.0,11.0,12.0,1.0,0.0,1.0,0.0,2023,Union Berlin,5
2023-04-01,Sat,Bundesliga,Home,D,2.0,2.0,Augsburg,,23.0,5.0,9.0,15.0,3.0,0.0,2.0,0.0,2023,Wolfsburg,5
2023-04-02,Sun,Bundesliga,Home,D,0.0,0.0,M'gladbach,,12.0,5.0,18.0,8.0,3.0,0.0,3.0,0.0,2023,FC Koln,6
2023-04-02,Sun,Bundesliga,Away,W,2.0,1.0,Werder Bremen,,8.0,2.0,16.0,11.0,4.0,0.0,3.0,0.0,2023,Hoffenheim,6
2023-04-02,Sun,Bundesliga,Away,D,0.0,0.0,FC Koln,,8.0,2.0,8.0,18.0,3.0,0.0,3.0,0.0,2023,M'gladbach,6
2023-04-02,Sun,Bundesliga,Home,L,1.0,2.0,Hoffenheim,,12.0,5.0,11.0,16.0,3.0,0.0,4.0,0.0,2023,Werder Bremen,6
2023-04-08,Sat,Bundesliga,Home,L,1.0,3.0,FC Koln,,13.0,1.0,5.0,11.0,3.0,0.0,4.0,0.0,2023,Augsburg,5
2023-04-08,Sat,Bundesliga,Away,W,1.0,0.0,Freiburg,,23.0,8.0,14.0,10.0,2.0,0.0,2.0,0.0,2023,Bayern Munich,5
2023-04-08,Sat,Bundesliga,Home,W,2.0,1.0,Union Berlin,,14.0,6.0,8.0,11.0,5.0,0.0,2.0,0.0,2023,Dortmund,5
2023-04-08,Sat,Bundesliga,Away,L,1.0,3.0,Leverkusen,,9.0,3.0,13.0,9.0,5.0,0.0,1.0,0.0,2023,Ein Frankfurt,5
2023-04-08,Sat,Bundesliga,Away,W,3.0,1.0,Augsburg,,11.0,5.0,11.0,5.0,4.0,0.0,3.0,0.0,2023,FC Koln,5
2023-04-08,Sat,Bundesliga,Home,L,0.0,1.0,Bayern Munich,,10.0,2.0,10.0,14.0,2.0,0.0,2.0,0.0,2023,Freiburg,5
2023-04-08,Sat,Bundesliga,Home,L,0.0,1.0,RB Leipzig,,11.0,1.0,12.0,13.0,4.0,0.0,3.0,0.0,2023,Hertha,5
2023-04-08,Sat,Bundesliga,Home,W,3.0,1.0,Ein Frankfurt,,13.0,8.0,9.0,13.0,1.0,0.0,5.0,0.0,2023,Leverkusen,5
2023-04-08,Sat,Bundesliga,Home,D,2.0,2.0,Werder Bremen,,16.0,10.0,11.0,22.0,1.0,0.0,5.0,0.0,2023,Mainz,5
2023-04-08,Sat,Bundesliga,Away,W,1.0,0.0,Hertha,,18.0,6.0,13.0,12.0,3.0,0.0,4.0,0.0,2023,RB Leipzig,5
2023-04-08,Sat,Bundesliga,Away,L,1.0,2.0,Dortmund,,7.0,2.0,11.0,8.0,2.0,0.0,5.0,0.0,2023,Union Berlin,5
2023-04-08,Sat,Bundesliga,Away,D,2.0,2.0,Mainz,,9.0,4.0,22.0,11.0,5.0,0.0,1.0,0.0,2023,Werder Bremen,5
2023-04-09,Sun,Bundesliga,Home,L,2.0,3.0,Stuttgart,,11.0,5.0,12.0,8.0,3.0,0.0,3.0,0.0,2023,Bochum,6
2023-04-09,Sun,Bundesliga,Home,W,2.0,0.0,Schalke 04,,15.0,4.0,14.0,13.0,3.0,0.0,0.0,0.0,2023,Hoffenheim,6
2023-04-09,Sun,Bundesliga,Home,W,2.0,0.0,Wolfsburg,,13.0,6.0,12.0,11.0,0.0,0.0,1.0,0.0,2023,M'gladbach,6
2023-04-09,Sun,Bundesliga,Away,L,0.0,2.0,Hoffenheim,,10.0,3.0,13.0,14.0,0.0,0.0,3.0,0.0,2023,Schalke 04,6
2023-04-09,Sun,Bundesliga,Away,W,3.0,2.0,Bochum,,14.0,7.0,8.0,12.0,3.0,0.0,3.0,0.0,2023,Stuttgart,6
2023-04-09,Sun,Bundesliga,Away,L,0.0,2.0,M'gladbach,,9.0,2.0,11.0,12.0,1.0,0.0,0.0,0.0,2023,Wolfsburg,6
2023-04-14,Fri,Bundesliga,Away,L,2.0,5.0,Schalke 04,,11.0,5.0,19.0,12.0,3.0,0.0,2.0,0.0,2023,Hertha,4
2023-04-14,Fri,Bundesliga,Home,W,5.0,2.0,Hertha,,14.0,7.0,12.0,19.0,2.0,0.0,3.0,0.0,2023,Schalke 04,4
2023-04-15,Sat,Bundesliga,Away,L,2.0,3.0,RB Leipzig,,14.0,3.0,11.0,8.0,3.0,0.0,2.0,0.0,2023,Augsburg,5
2023-04-15,Sat,Bundesliga,Home,D,1.0,1.0,Hoffenheim,,22.0,7.0,7.0,10.0,2.0,0.0,1.0,0.0,2023,Bayern Munich,5
2023-04-15,Sat,Bundesliga,Away,D,3.0,3.0,Stuttgart,,15.0,6.0,14.0,7.0,3.0,0.0,5.0,1.0,2023,Dortmund,5
2023-04-15,Sat,Bundesliga,Home,D,1.0,1.0,M'gladbach,,16.0,5.0,16.0,5.0,1.0,0.0,2.0,0.0,2023,Ein Frankfurt,5
2023-04-15,Sat,Bundesliga,Home,D,1.0,1.0,Mainz,,12.0,4.0,10.0,15.0,3.0,0.0,2.0,0.0,2023,FC Koln,5
2023-04-15,Sat,Bundesliga,Away,D,1.0,1.0,Bayern Munich,,4.0,3.0,10.0,7.0,1.0,0.0,2.0,0.0,2023,Hoffenheim,5
2023-04-15,Sat,Bundesliga,Away,D,1.0,1.0,Ein Frankfurt,,4.0,2.0,5.0,16.0,2.0,0.0,1.0,0.0,2023,M'gladbach,5
2023-04-15,Sat,Bundesliga,Away,D,1.0,1.0,FC Koln,,5.0,1.0,15.0,10.0,2.0,0.0,3.0,0.0,2023,Mainz,5
2023-04-15,Sat,Bundesliga,Home,W,3.0,2.0,Augsburg,,13.0,6.0,8.0,11.0,2.0,0.0,3.0,0.0,2023,RB Leipzig,5
2023-04-15,Sat,Bundesliga,Home,D,3.0,3.0,Dortmund,,12.0,5.0,7.0,14.0,5.0,1.0,3.0,0.0,2023,Stuttgart,5
2023-04-16,Sun,Bundesliga,Away,D,1.0,1.0,Union Berlin,,14.0,8.0,7.0,10.0,1.0,0.0,2.0,1.0,2023,Bochum,6
2023-04-16,Sun,Bundesliga,Away,W,2.0,1.0,Werder Bremen,,6.0,3.0,12.0,13.0,3.0,0.0,2.0,0.0,2023,Freiburg,6
2023-04-16,Sun,Bundesliga,Away,D,0.0,0.0,Wolfsburg,,13.0,4.0,17.0,10.0,5.0,0.0,0.0,0.0,2023,Leverkusen,6
2023-04-16,Sun,Bundesliga,Home,D,1.0,1.0,Bochum,,10.0,2.0,10.0,7.0,2.0,1.0,1.0,0.0,2023,Union Berlin,6
2023-04-16,Sun,Bundesliga,Home,L,1.0,2.0,Freiburg,,13.0,5.0,13.0,12.0,2.0,0.0,3.0,0.0,2023,Werder Bremen,6
2023-04-16,Sun,Bundesliga,Home,D,0.0,0.0,Leverkusen,,11.0,3.0,10.0,17.0,0.0,0.0,5.0,0.0,2023,Wolfsburg,6
2023-04-21,Fri,Bundesliga,Home,D,1.0,1.0,Stuttgart,,4.0,1.0,17.0,12.0,5.0,0.0,3.0,0.0,2023,Augsburg,4
2023-04-21,Fri,Bundesliga,Away,D,1.0,1.0,Augsburg,,6.0,3.0,12.0,17.0,3.0,0.0,5.0,0.0,2023,Stuttgart,4
2023-04-22,Sat,Bundesliga,Away,L,1.0,3.0,Mainz,,11.0,2.0,6.0,14.0,0.0,0.0,2.0,0.0,2023,Bayern Munich,5
2023-04-22,Sat,Bundesliga,Home,L,1.0,5.0,Wolfsburg,,23.0,6.0,11.0,8.0,3.0,0.0,3.0,0.0,2023,Bochum,5
2023-04-22,Sat,Bundesliga,Home,W,4.0,0.0,Ein Frankfurt,,14.0,7.0,10.0,13.0,2.0,0.0,3.0,0.0,2023,Dortmund,5
2023-04-22,Sat,Bundesliga,Away,L,0.0,4.0,Dortmund,,9.0,2.0,13.0,10.0,3.0,0.0,2.0,0.0,2023,Ein Frankfurt,5
2023-04-22,Sat,Bundesliga,Away,W,3.0,1.0,Hoffenheim,,14.0,7.0,11.0,11.0,2.0,0.0,1.0,0.0,2023,FC Koln,5
2023-04-22,Sat,Bundesliga,Home,L,2.0,4.0,Werder Bremen,,13.0,5.0,11.0,12.0,2.0,0.0,2.0,0.0,2023,Hertha,5
2023-04-22,Sat,Bundesliga,Home,L,1.0,3.0,FC Koln,,11.0,4.0,11.0,11.0,1.0,0.0,2.0,0.0,2023,Hoffenheim,5
2023-04-22,Sat,Bundesliga,Home,W,3.0,1.0,Bayern Munich,,13.0,4.0,14.0,6.0,2.0,0.0,0.0,0.0,2023,Mainz,5
2023-04-22,Sat,Bundesliga,Away,W,4.0,2.0,Hertha,,11.0,4.0,12.0,11.0,2.0,0.0,2.0,0.0,2023,Werder Bremen,5
2023-04-22,Sat,Bundesliga,Away,W,5.0,1.0,Bochum,,15.0,7.0,8.0,11.0,3.0,0.0,3.0,0.0,2023,Wolfsburg,5
2023-04-23,Sun,Bundesliga,Home,W,4.0,0.0,Schalke 04,,25.0,12.0,9.0,10.0,1.0,0.0,2.0,0.0,2023,Freiburg,6
2023-04-23,Sun,Bundesliga,Home,W,2.0,0.0,RB Leipzig,,8.0,6.0,10.0,9.0,3.0,0.0,5.0,1.0,2023,Leverkusen,6
2023-04-23,Sun,Bundesliga,Home,L,0.0,1.0,Union Berlin,,8.0,4.0,10.0,12.0,3.0,0.0,2.0,0.0,2023,M'gladbach,6
2023-04-23,Sun,Bundesliga,Away,L,0.0,2.0,Leverkusen,,26.0,8.0,9.0,10.0,5.0,1.0,3.0,0.0,2023,RB Leipzig,6
2023-04-23,Sun,Bundesliga,Away,L,0.0,4.0,Freiburg,,10.0,4.0,10.0,9.0,2.0,0.0,1.0,0.0,2023,Schalke 04,6
2023-04-23,Sun,Bundesliga,Away,W,1.0,0.0,M'gladbach,,14.0,4.0,12.0,10.0,2.0,0.0,3.0,0.0,2023,Union Berlin,6
2023-04-28,Fri,Bundesliga,Home,D,1.0,1.0,Dortmund,,10.0,4.0,13.0,9.0,1.0,0.0,2.0,0.0,2023,Bochum,4
2023-04-28,Fri,Bundesliga,Away,D,1.0,1.0,Bochum,,21.0,6.0,9.0,13.0,2.0,0.0,1.0,0.0,2023,Dortmund,4
2023-04-29,Sat,Bundesliga,Away,D,1.0,1.0,Ein Frankfurt,,9.0,3.0,11.0,6.0,2.0,0.0,2.0,0.0,2023,Augsburg,5
2023-04-29,Sat,Bundesliga,Home,D,1.0,1.0,Augsburg,,7.0,1.0,6.0,11.0,2.0,0.0,2.0,0.0,2023,Ein Frankfurt,5
2023-04-29,Sat,Bundesliga,Home,L,0.0,1.0,Freiburg,,21.0,8.0,15.0,7.0,1.0,0.0,1.0,0.0,2023,FC Koln,5
2023-04-29,Sat,Bundesliga,Away,W,1.0,0.0,FC Koln,,12.0,6.0,7.0,15.0,1.0,0.0,1.0,0.0,2023,Freiburg,5
2023-04-29,Sat,Bundesliga,Away,L,0.0,1.0,RB Leipzig,,5.0,2.0,14.0,9.0,2.0,0.0,0.0,0.0,2023,Hoffenheim,5
2023-04-29,Sat,Bundesliga,Away,D,0.0,0.0,Union Berlin,,8.0,2.0,8.0,9.0,1.0,0.0,1.0,0.0,2023,Leverkusen,5
2023-04-29,Sat,Bundesliga,Away,L,1.0,2.0,Stuttgart,,9.0,4.0,14.0,11.0,2.0,1.0,2.0,0.0,2023,M'gladbach,5
2023-04-29,Sat,Bundesliga,Home,W,1.0,0.0,Hoffenheim,,16.0,2.0,9.0,14.0,0.0,0.0,2.0,0.0,2023,RB Leipzig,5
2023-04-29,Sat,Bundesliga,Home,W,2.0,1.0,Werder Bremen,,21.0,10.0,9.0,17.0,4.0,0.0,3.0,0.0,2023,Schalke 04,5
2023-04-29,Sat,Bundesliga,Home,W,2.0,1.0,M'gladbach,,18.0,5.0,11.0,14.0,2.0,0.0,2.0,1.0,2023,Stuttgart,5
2023-04-29,Sat,Bundesliga,Home,D,0.0,0.0,Leverkusen,,7.0,1.0,9.0,8.0,1.0,0.0,1.0,0.0,2023,Union Berlin,5
2023-04-29,Sat,Bundesliga,Away,L,1.0,2.0,Schalke 04,,11.0,1.0,17.0,9.0,3.0,0.0,4.0,0.0,2023,Werder Bremen,5
2023-04-30,Sun,Bundesliga,Home,W,2.0,0.0,Hertha,,25.0,9.0,5.0,8.0,2.0,0.0,0.0,0.0,2023,Bayern Munich,6
2023-04-30,Sun,Bundesliga,Away,L,0.0,2.0,Bayern Munich,,2.0,1.0,8.0,5.0,0.0,0.0,2.0,0.0,2023,Hertha,6
2023-04-30,Sun,Bundesliga,Away,L,0.0,3.0,Wolfsburg,,10.0,2.0,10.0,6.0,3.0,0.0,1.0,0.0,2023,Mainz,6
2023-04-30,Sun,Bundesliga,Home,W,3.0,0.0,Mainz,,10.0,4.0,6.0,10.0,1.0,0.0,3.0,0.0,2023,Wolfsburg,6
2023-05-05,Fri,Bundesliga,Away,W,2.0,1.0,Leverkusen,,7.0,5.0,13.0,8.0,6.0,0.0,1.0,0.0,2023,FC Koln,4
2023-05-05,Fri,Bundesliga,Home,L,1.0,2.0,FC Koln,,14.0,4.0,8.0,13.0,1.0,0.0,6.0,0.0,2023,Leverkusen,4
2023-05-05,Fri,Bundesliga,Home,L,2.0,3.0,Schalke 04,,9.0,4.0,12.0,10.0,4.0,0.0,1.0,0.0,2023,Mainz,4
2023-05-05,Fri,Bundesliga,Away,W,3.0,2.0,Mainz,,15.0,10.0,10.0,12.0,1.0,0.0,4.0,0.0,2023,Schalke 04,4
2023-05-06,Sat,Bundesliga,Home,W,1.0,0.0,Union Berlin,,11.0,3.0,10.0,14.0,2.0,0.0,2.0,0.0,2023,Augsburg,5
2023-05-06,Sat,Bundesliga,Away,W,2.0,1.0,Werder Bremen,,12.0,4.0,11.0,14.0,1.0,0.0,2.0,0.0,2023,Bayern Munich,5
2023-05-06,Sat,Bundesliga,Away,L,0.0,2.0,M'gladbach,,14.0,3.0,13.0,7.0,1.0,0.0,2.0,0.0,2023,Bochum,5
2023-05-06,Sat,Bundesliga,Away,L,1.0,3.0,Hoffenheim,,19.0,6.0,14.0,17.0,4.0,0.0,2.0,1.0,2023,Ein Frankfurt,5
2023-05-06,Sat,Bundesliga,Home,L,0.0,1.0,RB Leipzig,,5.0,2.0,9.0,11.0,2.0,0.0,4.0,0.0,2023,Freiburg,5
2023-05-06,Sat,Bundesliga,Home,W,2.0,1.0,Stuttgart,,7.0,3.0,9.0,19.0,4.0,0.0,1.0,0.0,2023,Hertha,5
2023-05-06,Sat,Bundesliga,Home,W,3.0,1.0,Ein Frankfurt,,8.0,5.0,17.0,14.0,2.0,1.0,4.0,0.0,2023,Hoffenheim,5
2023-05-06,Sat,Bundesliga,Home,W,2.0,0.0,Bochum,,25.0,9.0,7.0,13.0,2.0,0.0,1.0,0.0,2023,M'gladbach,5
2023-05-06,Sat,Bundesliga,Away,W,1.0,0.0,Freiburg,,13.0,6.0,11.0,9.0,4.0,0.0,2.0,0.0,2023,RB Leipzig,5
2023-05-06,Sat,Bundesliga,Away,L,1.0,2.0,Hertha,,16.0,4.0,19.0,9.0,1.0,0.0,4.0,0.0,2023,Stuttgart,5
2023-05-06,Sat,Bundesliga,Away,L,0.0,1.0,Augsburg,,12.0,4.0,14.0,10.0,2.0,0.0,2.0,0.0,2023,Union Berlin,5
2023-05-06,Sat,Bundesliga,Home,L,1.0,2.0,Bayern Munich,,12.0,2.0,14.0,11.0,2.0,0.0,1.0,0.0,2023,Werder Bremen,5
2023-05-07,Sun,Bundesliga,Home,W,6.0,0.0,Wolfsburg,,20.0,10.0,11.0,14.0,0.0,0.0,1.0,0.0,2023,Dortmund,6
2023-05-07,Sun,Bundesliga,Away,L,0.0,6.0,Dortmund,,10.0,3.0,14.0,11.0,1.0,0.0,0.0,0.0,2023,Wolfsburg,6
2023-05-12,Fri,Bundesliga,Home,W,5.0,2.0,Hertha,,28.0,15.0,11.0,14.0,2.0,0.0,7.0,0.0,2023,FC Koln,4
2023-05-12,Fri,Bundesliga,Away,L,2.0,5.0,FC Koln,,9.0,3.0,14.0,11.0,7.0,0.0,2.0,0.0,2023,Hertha,4
2023-05-13,Sat,Bundesliga,Away,L,2.0,3.0,Bochum,,12.0,2.0,16.0,13.0,2.0,0.0,3.0,0.0,2023,Augsburg,5
2023-05-13,Sat,Bundesliga,Home,W,6.0,0.0,Schalke 04,,23.0,14.0,10.0,10.0,0.0,0.0,3.0,0.0,2023,Bayern Munich,5
2023-05-13,Sat,Bundesliga,Home,W,3.0,2.0,Augsburg,,15.0,8.0,13.0,16.0,3.0,0.0,2.0,0.0,2023,Bochum,5
2023-05-13,Sat,Bundesliga,Home,W,5.0,2.0,M'gladbach,,33.0,13.0,10.0,12.0,0.0,0.0,2.0,0.0,2023,Dortmund,5
2023-05-13,Sat,Bundesliga,Home,W,3.0,0.0,Mainz,,17.0,7.0,4.0,10.0,1.0,0.0,3.0,0.0,2023,Ein Frankfurt,5
2023-05-13,Sat,Bundesliga,Away,L,2.0,4.0,Union Berlin,,13.0,8.0,13.0,18.0,1.0,0.0,3.0,0.0,2023,Freiburg,5
2023-05-13,Sat,Bundesliga,Away,L,1.0,2.0,Wolfsburg,,10.0,2.0,12.0,17.0,2.0,0.0,2.0,0.0,2023,Hoffenheim,5
2023-05-13,Sat,Bundesliga,Away,L,2.0,5.0,Dortmund,,13.0,8.0,12.0,10.0,2.0,0.0,0.0,0.0,2023,M'gladbach,5
2023-05-13,Sat,Bundesliga,Away,L,0.0,3.0,Ein Frankfurt,,10.0,4.0,10.0,4.0,3.0,0.0,1.0,0.0,2023,Mainz,5
2023-05-13,Sat,Bundesliga,Away,L,0.0,6.0,Bayern Munich,,8.0,0.0,10.0,10.0,3.0,0.0,0.0,0.0,2023,Schalke 04,5
2023-05-13,Sat,Bundesliga,Home,W,4.0,2.0,Freiburg,,10.0,4.0,18.0,13.0,3.0,0.0,1.0,0.0,2023,Union Berlin,5
2023-05-13,Sat,Bundesliga,Home,W,2.0,1.0,Hoffenheim,,8.0,3.0,17.0,12.0,2.0,0.0,2.0,0.0,2023,Wolfsburg,5
2023-05-14,Sun,Bundesliga,Away,D,1.0,1.0,Stuttgart,,12.0,3.0,14.0,7.0,4.0,0.0,3.0,0.0,2023,Leverkusen,6
2023-05-14,Sun,Bundesliga,Home,W,2.0,1.0,Werder Bremen,,20.0,7.0,12.0,20.0,2.0,0.0,5.0,0.0,2023,RB Leipzig,6
2023-05-14,Sun,Bundesliga,Home,D,1.0,1.0,Leverkusen,,9.0,1.0,7.0,14.0,3.0,0.0,4.0,0.0,2023,Stuttgart,6
2023-05-14,Sun,Bundesliga,Away,L,1.0,2.0,RB Leipzig,,6.0,2.0,20.0,12.0,5.0,0.0,2.0,0.0,2023,Werder Bremen,6
2023-05-19,Fri,Bundesliga,Home,W,2.0,0.0,Wolfsburg,,16.0,7.0,15.0,16.0,1.0,1.0,3.0,0.0,2023,Freiburg,4
2023-05-19,Fri,Bundesliga,Away,L,0.0,2.0,Freiburg,,9.0,2.0,16.0,15.0,3.0,0.0,1.0,1.0,2023,Wolfsburg,4
2023-05-20,Sat,Bundesliga,Home,L,1.0,3.0,RB Leipzig,,17.0,4.0,8.0,11.0,1.0,0.0,1.0,0.0,2023,Bayern Munich,5
2023-05-20,Sat,Bundesliga,Away,D,1.0,1.0,Hertha,,17.0,6.0,10.0,7.0,1.0,0.0,1.0,0.0,2023,Bochum,5
2023-05-20,Sat,Bundesliga,Away,D,2.0,2.0,Schalke 04,,6.0,3.0,16.0,11.0,4.0,0.0,3.0,0.0,2023,Ein Frankfurt,5
2023-05-20,Sat,Bundesliga,Away,D,1.0,1.0,Werder Bremen,,13.0,4.0,9.0,10.0,2.0,0.0,4.0,0.0,2023,FC Koln,5
2023-05-20,Sat,Bundesliga,Home,D,1.0,1.0,Bochum,,14.0,4.0,7.0,10.0,1.0,0.0,1.0,0.0,2023,Hertha,5
2023-05-20,Sat,Bundesliga,Home,W,4.0,2.0,Union Berlin,,10.0,5.0,15.0,15.0,4.0,0.0,5.0,0.0,2023,Hoffenheim,5
2023-05-20,Sat,Bundesliga,Away,W,3.0,1.0,Bayern Munich,,16.0,8.0,11.0,8.0,1.0,0.0,1.0,0.0,2023,RB Leipzig,5
2023-05-20,Sat,Bundesliga,Home,D,2.0,2.0,Ein Frankfurt,,11.0,4.0,11.0,16.0,3.0,0.0,4.0,0.0,2023,Schalke 04,5
2023-05-20,Sat,Bundesliga,Away,L,2.0,4.0,Hoffenheim,,20.0,4.0,15.0,15.0,5.0,0.0,4.0,0.0,2023,Union Berlin,5
2023-05-20,Sat,Bundesliga,Home,D,1.0,1.0,FC Koln,,13.0,6.0,10.0,9.0,4.0,0.0,2.0,0.0,2023,Werder Bremen,5
2023-05-21,Sun,Bundesliga,Home,L,0.0,3.0,Dortmund,,4.0,1.0,12.0,9.0,3.0,1.0,3.0,0.0,2023,Augsburg,6
2023-05-21,Sun,Bundesliga,Away,W,3.0,0.0,Augsburg,,28.0,10.0,9.0,12.0,3.0,0.0,3.0,1.0,2023,Dortmund,6
2023-05-21,Sun,Bundesliga,Home,D,2.0,2.0,M'gladbach,,13.0,6.0,12.0,15.0,3.0,1.0,3.0,0.0,2023,Leverkusen,6
2023-05-21,Sun,Bundesliga,Away,D,2.0,2.0,Leverkusen,,9.0,5.0,15.0,12.0,3.0,0.0,3.0,1.0,2023,M'gladbach,6
2023-05-21,Sun,Bundesliga,Home,L,1.0,4.0,Stuttgart,,9.0,6.0,18.0,11.0,3.0,0.0,1.0,0.0,2023,Mainz,6
2023-05-21,Sun,Bundesliga,Away,W,4.0,1.0,Mainz,,8.0,6.0,11.0,18.0,1.0,0.0,3.0,0.0,2023,Stuttgart,6
2023-05-27,Sat,Bundesliga,Away,L,0.0,2.0,M'gladbach,,9.0,3.0,19.0,5.0,1.0,1.0,0.0,0.0,2023,Augsburg,5
2023-05-27,Sat,Bundesliga,Away,W,2.0,1.0,FC Koln,,11.0,3.0,8.0,11.0,0.0,0.0,3.0,0.0,2023,Bayern Munich,5
2023-05-27,Sat,Bundesliga,Home,W,3.0,0.0,Leverkusen,,10.0,5.0,12.0,12.0,5.0,0.0,5.0,1.0,2023,Bochum,5
2023-05-27,Sat,Bundesliga,Home,D,2.0,2.0,Mainz,,30.0,12.0,5.0,14.0,1.0,0.0,1.0,0.0,2023,Dortmund,5
2023-05-27,Sat,Bundesliga,Home,W,2.0,1.0,Freiburg,,14.0,8.0,13.0,10.0,4.0,0.0,2.0,0.0,2023,Ein Frankfurt,5
2023-05-27,Sat,Bundesliga,Home,L,1.0,2.0,Bayern Munich,,9.0,3.0,11.0,8.0,3.0,0.0,0.0,0.0,2023,FC Koln,5
2023-05-27,Sat,Bundesliga,Away,L,1.0,2.0,Ein Frankfurt,,13.0,7.0,10.0,13.0,2.0,0.0,4.0,0.0,2023,Freiburg,5
2023-05-27,Sat,Bundesliga,Away,W,2.0,1.0,Wolfsburg,,9.0,5.0,18.0,9.0,5.0,0.0,1.0,0.0,2023,Hertha,5
2023-05-27,Sat,Bundesliga,Away,D,1.0,1.0,Stuttgart,,8.0,2.0,10.0,12.0,0.0,0.0,0.0,0.0,2023,Hoffenheim,5
2023-05-27,Sat,Bundesliga,Away,L,0.0,3.0,Bochum,,11.0,2.0,12.0,12.0,5.0,1.0,5.0,0.0,2023,Leverkusen,5
2023-05-27,Sat,Bundesliga,Home,W,2.0,0.0,Augsburg,,17.0,7.0,5.0,19.0,0.0,0.0,1.0,1.0,2023,M'gladbach,5
2023-05-27,Sat,Bundesliga,Away,D,2.0,2.0,Dortmund,,10.0,4.0,14.0,5.0,1.0,0.0,1.0,0.0,2023,Mainz,5
2023-05-27,Sat,Bundesliga,Home,W,4.0,2.0,Schalke 04,,19.0,12.0,13.0,11.0,2.0,0.0,2.0,0.0,2023,RB Leipzig,5
2023-05-27,Sat,Bundesliga,Away,L,2.0,4.0,RB Leipzig,,16.0,4.0,11.0,13.0,2.0,0.0,2.0,0.0,2023,Schalke 04,5
2023-05-27,Sat,Bundesliga,Home,D,1.0,1.0,Hoffenheim,,19.0,4.0,12.0,10.0,0.0,0.0,0.0,0.0,2023,Stuttgart,5
2023-05-27,Sat,Bundesliga,Home,W,1.0,0.0,Werder Bremen,,16.0,4.0,9.0,10.0,1.0,0.0,3.0,0.0,2023,Union Berlin,5
2023-05-27,Sat,Bundesliga,Away,L,0.0,1.0,Union Berlin,,7.0,4.0,10.0,9.0,3.0,0.0,1.0,0.0,2023,Werder Bremen,5
2023-05-27,Sat,Bundesliga,Home,L,1.0,2.0,Hertha,,19.0,9.0,9.0,18.0,1.0,0.0,5.0,0.0,2023,Wolfsburg,5
2023-08-18,Fri,Bundesliga,Away,W,4.0,0.0,Werder Bremen,,25.0,10.0,11.0,16.0,1.0,0.0,2.0,0.0,2024,Bayern Munich,4
2023-08-18,Fri,Bundesliga,Home,L,0.0,4.0,Bayern Munich,,6.0,1.0,16.0,11.0,2.0,0.0,1.0,0.0,2024,Werder Bremen,4
2023-08-19,Sat,Bundesliga,Home,D,4.0,4.0,M'gladbach,,20.0,8.0,9.0,14.0,1.0,0.0,2.0,0.0,2024,Augsburg,5
2023-08-19,Sat,Bundesliga,Away,L,0.0,5.0,Stuttgart,,4.0,1.0,12.0,5.0,1.0,0.0,1.0,0.0,2024,Bochum,5
2023-08-19,Sat,Bundesliga,Home,W,1.0,0.0,FC Koln,,12.0,2.0,13.0,11.0,1.0,0.0,0.0,0.0,2024,Dortmund,5
2023-08-19,Sat,Bundesliga,Away,L,0.0,1.0,Dortmund,,11.0,4.0,11.0,13.0,0.0,0.0,1.0,0.0,2024,FC Koln,5
2023-08-19,Sat,Bundesliga,Away,W,2.0,1.0,Hoffenheim,,17.0,8.0,9.0,9.0,1.0,0.0,0.0,0.0,2024,Freiburg,5
2023-08-19,Sat,Bundesliga,Away,L,0.0,2.0,Wolfsburg,,13.0,1.0,9.0,10.0,0.0,0.0,3.0,0.0,2024,Heidenheim,5
2023-08-19,Sat,Bundesliga,Home,L,1.0,2.0,Freiburg,,24.0,5.0,9.0,9.0,0.0,0.0,1.0,0.0,2024,Hoffenheim,5
2023-08-19,Sat,Bundesliga,Home,W,3.0,2.0,RB Leipzig,,11.0,7.0,13.0,10.0,1.0,0.0,2.0,0.0,2024,Leverkusen,5
2023-08-19,Sat,Bundesliga,Away,D,4.0,4.0,Augsburg,,9.0,6.0,14.0,9.0,2.0,0.0,1.0,0.0,2024,M'gladbach,5
2023-08-19,Sat,Bundesliga,Away,L,2.0,3.0,Leverkusen,,13.0,6.0,10.0,13.0,2.0,0.0,1.0,0.0,2024,RB Leipzig,5
2023-08-19,Sat,Bundesliga,Home,W,5.0,0.0,Bochum,,19.0,9.0,5.0,12.0,1.0,0.0,1.0,0.0,2024,Stuttgart,5
2023-08-19,Sat,Bundesliga,Home,W,2.0,0.0,Heidenheim,,18.0,8.0,10.0,9.0,3.0,0.0,0.0,0.0,2024,Wolfsburg,5
2023-08-20,Sun,Bundesliga,Away,L,0.0,1.0,Ein Frankfurt,,11.0,2.0,14.0,9.0,3.0,0.0,2.0,0.0,2024,Darmstadt,6
2023-08-20,Sun,Bundesliga,Home,W,1.0,0.0,Darmstadt,,10.0,4.0,9.0,14.0,2.0,0.0,3.0,0.0,2024,Ein Frankfurt,6
2023-08-20,Sun,Bundesliga,Away,L,1.0,4.0,Union Berlin,,9.0,3.0,16.0,15.0,5.0,0.0,1.0,0.0,2024,Mainz,6
2023-08-20,Sun,Bundesliga,Home,W,4.0,1.0,Mainz,,12.0,7.0,15.0,16.0,1.0,0.0,5.0,0.0,2024,Union Berlin,6
2023-08-25,Fri,Bundesliga,Home,W,5.0,1.0,Stuttgart,,20.0,11.0,12.0,10.0,1.0,0.0,1.0,0.0,2024,RB Leipzig,4
2023-08-25,Fri,Bundesliga,Away,L,1.0,5.0,RB Leipzig,,8.0,3.0,10.0,12.0,1.0,0.0,1.0,0.0,2024,Stuttgart,4
2023-08-26,Sat,Bundesliga,Home,D,1.0,1.0,Dortmund,,17.0,6.0,21.0,7.0,2.0,0.0,1.0,0.0,2024,Bochum,5
2023-08-26,Sat,Bundesliga,Home,L,1.0,4.0,Union Berlin,,18.0,6.0,15.0,12.0,2.0,0.0,2.0,1.0,2024,Darmstadt,5
2023-08-26,Sat,Bundesliga,Away,D,1.0,1.0,Bochum,,13.0,3.0,7.0,21.0,1.0,0.0,2.0,0.0,2024,Dortmund,5
2023-08-26,Sat,Bundesliga,Home,L,1.0,2.0,Wolfsburg,,14.0,2.0,6.0,10.0,1.0,0.0,5.0,0.0,2024,FC Koln,5
2023-08-26,Sat,Bundesliga,Home,W,1.0,0.0,Werder Bremen,,23.0,6.0,9.0,8.0,2.0,0.0,2.0,0.0,2024,Freiburg,5
2023-08-26,Sat,Bundesliga,Home,L,2.0,3.0,Hoffenheim,,19.0,9.0,13.0,9.0,1.0,0.0,5.0,0.0,2024,Heidenheim,5
2023-08-26,Sat,Bundesliga,Away,W,3.0,2.0,Heidenheim,,16.0,6.0,9.0,13.0,5.0,0.0,1.0,0.0,2024,Hoffenheim,5
2023-08-26,Sat,Bundesliga,Away,W,3.0,0.0,M'gladbach,,24.0,10.0,8.0,7.0,3.0,0.0,2.0,0.0,2024,Leverkusen,5
2023-08-26,Sat,Bundesliga,Home,L,0.0,3.0,Leverkusen,,13.0,2.0,7.0,8.0,2.0,0.0,3.0,0.0,2024,M'gladbach,5
2023-08-26,Sat,Bundesliga,Away,W,4.0,1.0,Darmstadt,,12.0,6.0,12.0,15.0,2.0,1.0,2.0,0.0,2024,Union Berlin,5
2023-08-26,Sat,Bundesliga,Away,L,0.0,1.0,Freiburg,,16.0,2.0,8.0,9.0,2.0,0.0,2.0,0.0,2024,Werder Bremen,5
2023-08-26,Sat,Bundesliga,Away,W,2.0,1.0,FC Koln,,9.0,6.0,10.0,6.0,5.0,0.0,1.0,0.0,2024,Wolfsburg,5
2023-08-27,Sun,Bundesliga,Away,L,1.0,3.0,Bayern Munich,,11.0,2.0,8.0,13.0,2.0,0.0,1.0,0.0,2024,Augsburg,6
2023-08-27,Sun,Bundesliga,Home,W,3.0,1.0,Augsburg,,19.0,6.0,13.0,8.0,1.0,0.0,2.0,0.0,2024,Bayern Munich,6
2023-08-27,Sun,Bundesliga,Away,D,1.0,1.0,Mainz,,8.0,2.0,12.0,23.0,4.0,1.0,3.0,0.0,2024,Ein Frankfurt,6
2023-08-27,Sun,Bundesliga,Home,D,1.0,1.0,Ein Frankfurt,,13.0,7.0,23.0,12.0,3.0,0.0,4.0,1.0,2024,Mainz,6
2023-09-01,Fri,Bundesliga,Home,D,2.0,2.0,Heidenheim,,20.0,9.0,9.0,22.0,3.0,0.0,3.0,0.0,2024,Dortmund,4
2023-09-01,Fri,Bundesliga,Away,D,2.0,2.0,Dortmund,,15.0,6.0,22.0,9.0,3.0,0.0,3.0,0.0,2024,Heidenheim,4
2023-09-02,Sat,Bundesliga,Home,D,2.0,2.0,Bochum,,11.0,3.0,15.0,13.0,2.0,0.0,2.0,0.0,2024,Augsburg,5
2023-09-02,Sat,Bundesliga,Away,W,2.0,1.0,M'gladbach,,25.0,9.0,20.0,5.0,2.0,0.0,0.0,0.0,2024,Bayern Munich,5
2023-09-02,Sat,Bundesliga,Away,D,2.0,2.0,Augsburg,,22.0,9.0,13.0,15.0,2.0,0.0,2.0,0.0,2024,Bochum,5
2023-09-02,Sat,Bundesliga,Away,L,1.0,5.0,Leverkusen,,5.0,1.0,11.0,8.0,2.0,0.0,3.0,0.0,2024,Darmstadt,5
2023-09-02,Sat,Bundesliga,Away,L,0.0,5.0,Stuttgart,,11.0,5.0,10.0,9.0,1.0,0.0,1.0,0.0,2024,Freiburg,5
2023-09-02,Sat,Bundesliga,Home,W,3.0,1.0,Wolfsburg,,11.0,5.0,12.0,15.0,2.0,0.0,2.0,0.0,2024,Hoffenheim,5
2023-09-02,Sat,Bundesliga,Home,W,5.0,1.0,Darmstadt,,24.0,13.0,8.0,11.0,3.0,0.0,2.0,0.0,2024,Leverkusen,5
2023-09-02,Sat,Bundesliga,Home,L,1.0,2.0,Bayern Munich,,8.0,3.0,5.0,20.0,0.0,0.0,2.0,0.0,2024,M'gladbach,5
2023-09-02,Sat,Bundesliga,Away,L,0.0,4.0,Werder Bremen,,12.0,3.0,14.0,18.0,2.0,0.0,2.0,0.0,2024,Mainz,5
2023-09-02,Sat,Bundesliga,Home,W,5.0,0.0,Freiburg,,13.0,6.0,9.0,10.0,1.0,0.0,1.0,0.0,2024,Stuttgart,5
2023-09-02,Sat,Bundesliga,Home,W,4.0,0.0,Mainz,,12.0,6.0,18.0,14.0,2.0,0.0,2.0,0.0,2024,Werder Bremen,5
2023-09-02,Sat,Bundesliga,Away,L,1.0,3.0,Hoffenheim,,14.0,7.0,15.0,12.0,2.0,0.0,2.0,0.0,2024,Wolfsburg,5
2023-09-03,Sun,Bundesliga,Home,D,1.0,1.0,FC Koln,,12.0,4.0,10.0,10.0,1.0,0.0,3.0,0.0,2024,Ein Frankfurt,6
2023-09-03,Sun,Bundesliga,Away,D,1.0,1.0,Ein Frankfurt,,6.0,2.0,10.0,10.0,3.0,0.0,1.0,0.0,2024,FC Koln,6
2023-09-03,Sun,Bundesliga,Away,W,3.0,0.0,Union Berlin,,15.0,8.0,9.0,16.0,1.0,0.0,3.0,1.0,2024,RB Leipzig,6
2023-09-03,Sun,Bundesliga,Home,L,0.0,3.0,RB Leipzig,,4.0,1.0,16.0,9.0,3.0,1.0,1.0,0.0,2024,Union Berlin,6
2023-09-15,Fri,Bundesliga,Home,D,2.0,2.0,Leverkusen,,15.0,9.0,6.0,6.0,0.0,0.0,3.0,0.0,2024,Bayern Munich,4
2023-09-15,Fri,Bundesliga,Away,D,2.0,2.0,Bayern Munich,,12.0,5.0,6.0,6.0,3.0,0.0,0.0,0.0,2024,Leverkusen,4
2023-09-16,Sat,Bundesliga,Away,L,0.0,3.0,RB Leipzig,,16.0,4.0,12.0,16.0,0.0,0.0,0.0,0.0,2024,Augsburg,5
2023-09-16,Sat,Bundesliga,Home,D,1.0,1.0,Ein Frankfurt,,24.0,10.0,13.0,14.0,3.0,0.0,2.0,0.0,2024,Bochum,5
2023-09-16,Sat,Bundesliga,Away,W,4.0,2.0,Freiburg,,14.0,6.0,16.0,12.0,3.0,0.0,2.0,1.0,2024,Dortmund,5
2023-09-16,Sat,Bundesliga,Away,D,1.0,1.0,Bochum,,8.0,6.0,14.0,13.0,2.0,0.0,3.0,0.0,2024,Ein Frankfurt,5
2023-09-16,Sat,Bundesliga,Home,L,1.0,3.0,Hoffenheim,,17.0,7.0,15.0,14.0,4.0,1.0,4.0,0.0,2024,FC Koln,5
2023-09-16,Sat,Bundesliga,Home,L,2.0,4.0,Dortmund,,14.0,4.0,12.0,16.0,2.0,1.0,3.0,0.0,2024,Freiburg,5
2023-09-16,Sat,Bundesliga,Away,W,3.0,1.0,FC Koln,,17.0,5.0,14.0,15.0,4.0,0.0,4.0,1.0,2024,Hoffenheim,5
2023-09-16,Sat,Bundesliga,Home,L,1.0,3.0,Stuttgart,,15.0,3.0,12.0,9.0,1.0,0.0,2.0,0.0,2024,Mainz,5
2023-09-16,Sat,Bundesliga,Home,W,3.0,0.0,Augsburg,,9.0,6.0,16.0,12.0,0.0,0.0,0.0,0.0,2024,RB Leipzig,5
2023-09-16,Sat,Bundesliga,Away,W,3.0,1.0,Mainz,,16.0,6.0,9.0,12.0,2.0,0.0,1.0,0.0,2024,Stuttgart,5
2023-09-16,Sat,Bundesliga,Away,L,1.0,2.0,Wolfsburg,,17.0,5.0,8.0,6.0,0.0,0.0,1.0,0.0,2024,Union Berlin,5
2023-09-16,Sat,Bundesliga,Home,W,2.0,1.0,Union Berlin,,8.0,3.0,6.0,8.0,1.0,0.0,0.0,0.0,2024,Wolfsburg,5
2023-09-17,Sun,Bundesliga,Home,D,3.0,3.0,M'gladbach,,15.0,8.0,12.0,8.0,1.0,1.0,1.0,0.0,2024,Darmstadt,6
2023-09-17,Sun,Bundesliga,Home,W,4.0,2.0,Werder Bremen,,19.0,4.0,21.0,9.0,1.0,0.0,1.0,0.0,2024,Heidenheim,6
2023-09-17,Sun,Bundesliga,Away,D,3.0,3.0,Darmstadt,,21.0,10.0,8.0,12.0,1.0,0.0,1.0,1.0,2024,M'gladbach,6
2023-09-17,Sun,Bundesliga,Away,L,2.0,4.0,Heidenheim,,11.0,4.0,9.0,21.0,1.0,0.0,1.0,0.0,2024,Werder Bremen,6
2023-09-22,Fri,Bundesliga,Away,L,1.0,3.0,Stuttgart,,3.0,0.0,12.0,7.0,6.0,0.0,1.0,0.0,2024,Darmstadt,4
2023-09-22,Fri,Bundesliga,Home,W,3.0,1.0,Darmstadt,,18.0,11.0,7.0,12.0,1.0,0.0,6.0,0.0,2024,Stuttgart,4
2023-09-23,Sat,Bundesliga,Home,W,2.0,1.0,Mainz,,6.0,3.0,16.0,14.0,2.0,1.0,3.0,0.0,2024,Augsburg,5
2023-09-23,Sat,Bundesliga,Home,W,7.0,0.0,Bochum,,26.0,16.0,8.0,10.0,0.0,0.0,1.0,0.0,2024,Bayern Munich,5
2023-09-23,Sat,Bundesliga,Away,L,0.0,7.0,Bayern Munich,,4.0,1.0,10.0,8.0,1.0,0.0,0.0,0.0,2024,Bochum,5
2023-09-23,Sat,Bundesliga,Home,W,1.0,0.0,Wolfsburg,,18.0,4.0,9.0,14.0,0.0,0.0,1.0,0.0,2024,Dortmund,5
2023-09-23,Sat,Bundesliga,Away,L,1.0,2.0,Werder Bremen,,13.0,5.0,16.0,18.0,1.0,0.0,2.0,0.0,2024,FC Koln,5
2023-09-23,Sat,Bundesliga,Away,W,2.0,0.0,Union Berlin,,11.0,4.0,13.0,11.0,3.0,0.0,1.0,0.0,2024,Hoffenheim,5
2023-09-23,Sat,Bundesliga,Home,L,0.0,1.0,RB Leipzig,,13.0,1.0,14.0,7.0,1.0,0.0,1.0,0.0,2024,M'gladbach,5
2023-09-23,Sat,Bundesliga,Away,L,1.0,2.0,Augsburg,,13.0,3.0,14.0,16.0,3.0,0.0,2.0,1.0,2024,Mainz,5
2023-09-23,Sat,Bundesliga,Away,W,1.0,0.0,M'gladbach,,8.0,4.0,7.0,14.0,1.0,0.0,1.0,0.0,2024,RB Leipzig,5
2023-09-23,Sat,Bundesliga,Home,L,0.0,2.0,Hoffenheim,,22.0,6.0,11.0,13.0,1.0,0.0,3.0,0.0,2024,Union Berlin,5
2023-09-23,Sat,Bundesliga,Home,W,2.0,1.0,FC Koln,,17.0,6.0,18.0,16.0,2.0,0.0,1.0,0.0,2024,Werder Bremen,5
2023-09-23,Sat,Bundesliga,Away,L,0.0,1.0,Dortmund,,8.0,2.0,14.0,9.0,1.0,0.0,0.0,0.0,2024,Wolfsburg,5
2023-09-24,Sun,Bundesliga,Home,D,0.0,0.0,Freiburg,,13.0,5.0,12.0,5.0,4.0,0.0,2.0,0.0,2024,Ein Frankfurt,6
2023-09-24,Sun,Bundesliga,Away,D,0.0,0.0,Ein Frankfurt,,9.0,2.0,5.0,12.0,2.0,0.0,4.0,0.0,2024,Freiburg,6
2023-09-24,Sun,Bundesliga,Away,L,1.0,4.0,Leverkusen,,1.0,1.0,10.0,9.0,1.0,0.0,1.0,0.0,2024,Heidenheim,6
2023-09-24,Sun,Bundesliga,Home,W,4.0,1.0,Heidenheim,,20.0,10.0,9.0,10.0,1.0,0.0,1.0,0.0,2024,Leverkusen,6
2023-09-29,Fri,Bundesliga,Away,W,3.0,1.0,Hoffenheim,,6.0,5.0,16.0,14.0,4.0,1.0,3.0,0.0,2024,Dortmund,4
2023-09-29,Fri,Bundesliga,Home,L,1.0,3.0,Dortmund,,15.0,5.0,14.0,16.0,3.0,0.0,4.0,1.0,2024,Hoffenheim,4
2023-09-30,Sat,Bundesliga,Away,D,2.0,2.0,RB Leipzig,,11.0,5.0,11.0,10.0,5.0,0.0,2.0,0.0,2024,Bayern Munich,5
2023-09-30,Sat,Bundesliga,Home,L,1.0,3.0,M'gladbach,,23.0,5.0,12.0,12.0,2.0,0.0,3.0,0.0,2024,Bochum,5
2023-09-30,Sat,Bundesliga,Away,L,0.0,2.0,Wolfsburg,,7.0,3.0,18.0,11.0,6.0,1.0,1.0,0.0,2024,Ein Frankfurt,5
2023-09-30,Sat,Bundesliga,Home,L,0.0,2.0,Stuttgart,,14.0,5.0,16.0,8.0,2.0,0.0,1.0,0.0,2024,FC Koln,5
2023-09-30,Sat,Bundesliga,Home,W,1.0,0.0,Union Berlin,,9.0,4.0,11.0,14.0,1.0,0.0,2.0,0.0,2024,Heidenheim,5
2023-09-30,Sat,Bundesliga,Away,W,3.0,0.0,Mainz,,6.0,3.0,11.0,13.0,1.0,0.0,4.0,0.0,2024,Leverkusen,5
2023-09-30,Sat,Bundesliga,Away,W,3.0,1.0,Bochum,,25.0,9.0,12.0,12.0,3.0,0.0,2.0,0.0,2024,M'gladbach,5
2023-09-30,Sat,Bundesliga,Home,L,0.0,3.0,Leverkusen,,10.0,3.0,13.0,11.0,4.0,0.0,1.0,0.0,2024,Mainz,5
2023-09-30,Sat,Bundesliga,Home,D,2.0,2.0,Bayern Munich,,7.0,2.0,10.0,11.0,2.0,0.0,5.0,0.0,2024,RB Leipzig,5
2023-09-30,Sat,Bundesliga,Away,W,2.0,0.0,FC Koln,,18.0,4.0,8.0,16.0,1.0,0.0,2.0,0.0,2024,Stuttgart,5
2023-09-30,Sat,Bundesliga,Away,L,0.0,1.0,Heidenheim,,19.0,8.0,14.0,11.0,2.0,0.0,1.0,0.0,2024,Union Berlin,5
2023-09-30,Sat,Bundesliga,Home,W,2.0,0.0,Ein Frankfurt,,19.0,7.0,11.0,18.0,1.0,0.0,6.0,1.0,2024,Wolfsburg,5
2023-10-01,Sun,Bundesliga,Away,L,0.0,2.0,Freiburg,,13.0,4.0,17.0,13.0,2.0,0.0,2.0,0.0,2024,Augsburg,6
2023-10-01,Sun,Bundesliga,Home,W,4.0,2.0,Werder Bremen,,14.0,5.0,19.0,19.0,3.0,0.0,2.0,0.0,2024,Darmstadt,6
2023-10-01,Sun,Bundesliga,Home,W,2.0,0.0,Augsburg,,7.0,3.0,13.0,17.0,2.0,0.0,2.0,0.0,2024,Freiburg,6
2023-10-01,Sun,Bundesliga,Away,L,2.0,4.0,Darmstadt,,10.0,7.0,19.0,19.0,2.0,0.0,3.0,0.0,2024,Werder Bremen,6
2023-10-06,Fri,Bundesliga,Home,D,2.0,2.0,Mainz,,20.0,9.0,9.0,9.0,3.0,0.0,1.0,0.0,2024,M'gladbach,4
2023-10-06,Fri,Bundesliga,Away,D,2.0,2.0,M'gladbach,,13.0,7.0,9.0,9.0,1.0,0.0,3.0,0.0,2024,Mainz,4
2023-10-07,Sat,Bundesliga,Home,L,1.0,2.0,Darmstadt,,17.0,3.0,13.0,12.0,4.0,0.0,2.0,0.0,2024,Augsburg,5
2023-10-07,Sat,Bundesliga,Away,D,0.0,0.0,RB Leipzig,,9.0,2.0,13.0,10.0,4.0,0.0,2.0,0.0,2024,Bochum,5
2023-10-07,Sat,Bundesliga,Away,W,2.0,1.0,Augsburg,,17.0,5.0,12.0,13.0,2.0,0.0,4.0,0.0,2024,Darmstadt,5
2023-10-07,Sat,Bundesliga,Home,W,4.0,2.0,Union Berlin,,12.0,7.0,7.0,15.0,1.0,0.0,1.0,0.0,2024,Dortmund,5
2023-10-07,Sat,Bundesliga,Away,W,3.0,2.0,Werder Bremen,,11.0,4.0,6.0,15.0,4.0,0.0,5.0,0.0,2024,Hoffenheim,5
2023-10-07,Sat,Bundesliga,Home,D,0.0,0.0,Bochum,,18.0,5.0,10.0,13.0,2.0,0.0,4.0,0.0,2024,RB Leipzig,5
2023-10-07,Sat,Bundesliga,Home,W,3.0,1.0,Wolfsburg,,13.0,7.0,13.0,14.0,1.0,0.0,3.0,0.0,2024,Stuttgart,5
2023-10-07,Sat,Bundesliga,Away,L,2.0,4.0,Dortmund,,12.0,6.0,15.0,7.0,1.0,0.0,1.0,0.0,2024,Union Berlin,5
2023-10-07,Sat,Bundesliga,Home,L,2.0,3.0,Hoffenheim,,13.0,3.0,15.0,6.0,5.0,0.0,4.0,0.0,2024,Werder Bremen,5
2023-10-07,Sat,Bundesliga,Away,L,1.0,3.0,Stuttgart,,12.0,5.0,14.0,13.0,3.0,0.0,1.0,0.0,2024,Wolfsburg,5
2023-10-08,Sun,Bundesliga,Home,W,3.0,0.0,Freiburg,,21.0,5.0,7.0,8.0,1.0,0.0,0.0,0.0,2024,Bayern Munich,6
2023-10-08,Sun,Bundesliga,Home,W,2.0,0.0,Heidenheim,,12.0,6.0,14.0,10.0,2.0,0.0,3.0,0.0,2024,Ein Frankfurt,6
2023-10-08,Sun,Bundesliga,Away,L,0.0,3.0,Leverkusen,,7.0,3.0,7.0,9.0,0.0,0.0,3.0,0.0,2024,FC Koln,6
2023-10-08,Sun,Bundesliga,Away,L,0.0,3.0,Bayern Munich,,2.0,0.0,8.0,7.0,0.0,0.0,1.0,0.0,2024,Freiburg,6
2023-10-08,Sun,Bundesliga,Away,L,0.0,2.0,Ein Frankfurt,,7.0,2.0,10.0,14.0,3.0,0.0,2.0,0.0,2024,Heidenheim,6
2023-10-08,Sun,Bundesliga,Home,W,3.0,0.0,FC Koln,,21.0,10.0,9.0,7.0,3.0,0.0,0.0,0.0,2024,Leverkusen,6
2023-10-20,Fri,Bundesliga,Home,W,1.0,0.0,Werder Bremen,,22.0,5.0,5.0,10.0,1.0,0.0,5.0,0.0,2024,Dortmund,4
2023-10-20,Fri,Bundesliga,Away,L,0.0,1.0,Dortmund,,6.0,1.0,10.0,5.0,5.0,0.0,1.0,0.0,2024,Werder Bremen,4
2023-10-21,Sat,Bundesliga,Away,W,3.0,1.0,Mainz,,12.0,5.0,10.0,12.0,2.0,0.0,3.0,0.0,2024,Bayern Munich,5
2023-10-21,Sat,Bundesliga,Away,L,1.0,2.0,Freiburg,,13.0,5.0,16.0,11.0,4.0,0.0,3.0,0.0,2024,Bochum,5
2023-10-21,Sat,Bundesliga,Home,L,1.0,3.0,RB Leipzig,,16.0,3.0,16.0,12.0,6.0,0.0,3.0,0.0,2024,Darmstadt,5
2023-10-21,Sat,Bundesliga,Away,W,3.0,1.0,Hoffenheim,,13.0,5.0,7.0,7.0,0.0,0.0,3.0,0.0,2024,Ein Frankfurt,5
2023-10-21,Sat,Bundesliga,Home,W,2.0,1.0,Bochum,,15.0,5.0,11.0,16.0,3.0,0.0,4.0,0.0,2024,Freiburg,5
2023-10-21,Sat,Bundesliga,Home,L,1.0,3.0,Ein Frankfurt,,14.0,5.0,7.0,7.0,3.0,0.0,0.0,0.0,2024,Hoffenheim,5
2023-10-21,Sat,Bundesliga,Away,W,2.0,1.0,Wolfsburg,,13.0,6.0,14.0,15.0,5.0,0.0,3.0,0.0,2024,Leverkusen,5
2023-10-21,Sat,Bundesliga,Home,L,1.0,3.0,Bayern Munich,,14.0,3.0,12.0,10.0,3.0,0.0,2.0,0.0,2024,Mainz,5
2023-10-21,Sat,Bundesliga,Away,W,3.0,1.0,Darmstadt,,10.0,7.0,12.0,16.0,3.0,0.0,6.0,0.0,2024,RB Leipzig,5
2023-10-21,Sat,Bundesliga,Away,W,3.0,0.0,Union Berlin,,10.0,5.0,12.0,12.0,1.0,0.0,2.0,0.0,2024,Stuttgart,5
2023-10-21,Sat,Bundesliga,Home,L,0.0,3.0,Stuttgart,,10.0,2.0,12.0,12.0,2.0,0.0,1.0,0.0,2024,Union Berlin,5
2023-10-21,Sat,Bundesliga,Home,L,1.0,2.0,Leverkusen,,18.0,7.0,15.0,14.0,3.0,0.0,5.0,0.0,2024,Wolfsburg,5
2023-10-22,Sun,Bundesliga,Away,W,5.0,2.0,Heidenheim,,9.0,6.0,11.0,11.0,2.0,0.0,3.0,0.0,2024,Augsburg,6
2023-10-22,Sun,Bundesliga,Home,W,3.0,1.0,M'gladbach,,21.0,8.0,13.0,10.0,0.0,0.0,2.0,1.0,2024,FC Koln,6
2023-10-22,Sun,Bundesliga,Home,L,2.0,5.0,Augsburg,,16.0,5.0,11.0,11.0,3.0,0.0,2.0,0.0,2024,Heidenheim,6
2023-10-22,Sun,Bundesliga,Away,L,1.0,3.0,FC Koln,,5.0,2.0,10.0,13.0,2.0,1.0,0.0,0.0,2024,M'gladbach,6
2023-10-27,Fri,Bundesliga,Home,D,2.0,2.0,Mainz,,10.0,4.0,14.0,21.0,3.0,0.0,3.0,0.0,2024,Bochum,4
2023-10-27,Fri,Bundesliga,Away,D,2.0,2.0,Bochum,,10.0,4.0,21.0,14.0,3.0,0.0,3.0,0.0,2024,Mainz,4
2023-10-28,Sat,Bundesliga,Home,W,3.0,2.0,Wolfsburg,,9.0,5.0,19.0,14.0,6.0,1.0,4.0,0.0,2024,Augsburg,5
2023-10-28,Sat,Bundesliga,Home,W,8.0,0.0,Darmstadt,,28.0,16.0,15.0,13.0,1.0,1.0,2.0,2.0,2024,Bayern Munich,5
2023-10-28,Sat,Bundesliga,Away,L,0.0,8.0,Bayern Munich,,10.0,4.0,13.0,15.0,2.0,2.0,1.0,1.0,2024,Darmstadt,5
2023-10-28,Sat,Bundesliga,Away,L,0.0,6.0,RB Leipzig,,6.0,1.0,13.0,8.0,4.0,1.0,2.0,0.0,2024,FC Koln,5
2023-10-28,Sat,Bundesliga,Away,L,1.0,2.0,M'gladbach,,8.0,3.0,18.0,5.0,3.0,0.0,0.0,0.0,2024,Heidenheim,5
2023-10-28,Sat,Bundesliga,Away,W,3.0,2.0,Stuttgart,,7.0,5.0,11.0,13.0,1.0,0.0,2.0,0.0,2024,Hoffenheim,5
2023-10-28,Sat,Bundesliga,Home,W,2.0,1.0,Heidenheim,,11.0,6.0,5.0,18.0,0.0,0.0,3.0,0.0,2024,M'gladbach,5
2023-10-28,Sat,Bundesliga,Home,W,6.0,0.0,FC Koln,,24.0,13.0,8.0,13.0,2.0,0.0,4.0,1.0,2024,RB Leipzig,5
2023-10-28,Sat,Bundesliga,Home,L,2.0,3.0,Hoffenheim,,23.0,10.0,13.0,11.0,2.0,0.0,1.0,0.0,2024,Stuttgart,5
2023-10-28,Sat,Bundesliga,Away,L,0.0,2.0,Werder Bremen,,7.0,2.0,14.0,12.0,4.0,1.0,1.0,0.0,2024,Union Berlin,5
2023-10-28,Sat,Bundesliga,Home,W,2.0,0.0,Union Berlin,,9.0,3.0,12.0,14.0,1.0,0.0,4.0,1.0,2024,Werder Bremen,5
2023-10-28,Sat,Bundesliga,Away,L,2.0,3.0,Augsburg,,13.0,6.0,14.0,19.0,4.0,0.0,6.0,1.0,2024,Wolfsburg,5
2023-10-29,Sun,Bundesliga,Away,D,3.0,3.0,Ein Frankfurt,,14.0,4.0,10.0,11.0,2.0,0.0,3.0,0.0,2024,Dortmund,6
2023-10-29,Sun,Bundesliga,Home,D,3.0,3.0,Dortmund,,11.0,7.0,11.0,10.0,3.0,0.0,2.0,0.0,2024,Ein Frankfurt,6
2023-10-29,Sun,Bundesliga,Away,L,1.0,2.0,Leverkusen,,10.0,4.0,10.0,9.0,2.0,0.0,0.0,0.0,2024,Freiburg,6
2023-10-29,Sun,Bundesliga,Home,W,2.0,1.0,Freiburg,,19.0,4.0,9.0,10.0,0.0,0.0,2.0,0.0,2024,Leverkusen,6
2023-11-03,Fri,Bundesliga,Away,W,2.0,1.0,Darmstadt,,9.0,4.0,16.0,7.0,5.0,0.0,2.0,1.0,2024,Bochum,4
2023-11-03,Fri,Bundesliga,Home,L,1.0,2.0,Bochum,,15.0,4.0,7.0,16.0,2.0,1.0,5.0,0.0,2024,Darmstadt,4
2023-11-04,Sat,Bundesliga,Away,D,1.0,1.0,FC Koln,,18.0,3.0,10.0,10.0,4.0,0.0,1.0,0.0,2024,Augsburg,5
2023-11-04,Sat,Bundesliga,Away,W,4.0,0.0,Dortmund,,14.0,8.0,6.0,14.0,2.0,0.0,3.0,0.0,2024,Bayern Munich,5
2023-11-04,Sat,Bundesliga,Home,L,0.0,4.0,Bayern Munich,,15.0,1.0,14.0,6.0,3.0,0.0,2.0,0.0,2024,Dortmund,5
2023-11-04,Sat,Bundesliga,Away,W,3.0,0.0,Union Berlin,,4.0,3.0,8.0,13.0,1.0,0.0,0.0,0.0,2024,Ein Frankfurt,5
2023-11-04,Sat,Bundesliga,Home,D,1.0,1.0,Augsburg,,28.0,12.0,10.0,10.0,1.0,0.0,4.0,0.0,2024,FC Koln,5
2023-11-04,Sat,Bundesliga,Home,D,3.0,3.0,M'gladbach,,15.0,8.0,7.0,10.0,2.0,0.0,2.0,0.0,2024,Freiburg,5
2023-11-04,Sat,Bundesliga,Home,L,2.0,3.0,Leverkusen,,12.0,7.0,6.0,10.0,3.0,0.0,2.0,0.0,2024,Hoffenheim,5
2023-11-04,Sat,Bundesliga,Away,W,3.0,2.0,Hoffenheim,,10.0,4.0,10.0,6.0,2.0,0.0,3.0,0.0,2024,Leverkusen,5
2023-11-04,Sat,Bundesliga,Away,D,3.0,3.0,Freiburg,,10.0,5.0,10.0,7.0,2.0,0.0,2.0,0.0,2024,M'gladbach,5
2023-11-04,Sat,Bundesliga,Home,W,2.0,0.0,RB Leipzig,,10.0,3.0,13.0,9.0,3.0,0.0,1.0,0.0,2024,Mainz,5
2023-11-04,Sat,Bundesliga,Away,L,0.0,2.0,Mainz,,10.0,2.0,9.0,13.0,1.0,0.0,3.0,0.0,2024,RB Leipzig,5
2023-11-04,Sat,Bundesliga,Home,L,0.0,3.0,Ein Frankfurt,,10.0,3.0,13.0,8.0,0.0,0.0,1.0,0.0,2024,Union Berlin,5
2023-11-05,Sun,Bundesliga,Home,W,2.0,0.0,Stuttgart,,19.0,2.0,7.0,13.0,2.0,0.0,2.0,0.0,2024,Heidenheim,6
2023-11-05,Sun,Bundesliga,Away,L,0.0,2.0,Heidenheim,,14.0,2.0,13.0,7.0,2.0,0.0,2.0,0.0,2024,Stuttgart,6
2023-11-05,Sun,Bundesliga,Away,D,2.0,2.0,Wolfsburg,,13.0,4.0,17.0,14.0,1.0,0.0,4.0,1.0,2024,Werder Bremen,6
2023-11-05,Sun,Bundesliga,Home,D,2.0,2.0,Werder Bremen,,15.0,5.0,14.0,17.0,4.0,1.0,1.0,0.0,2024,Wolfsburg,6
2023-11-10,Fri,Bundesliga,Home,W,4.0,0.0,Wolfsburg,,16.0,8.0,7.0,12.0,1.0,0.0,3.0,0.0,2024,M'gladbach,4
2023-11-10,Fri,Bundesliga,Away,L,0.0,4.0,M'gladbach,,12.0,4.0,12.0,7.0,3.0,0.0,1.0,0.0,2024,Wolfsburg,4
2023-11-11,Sat,Bundesliga,Home,D,1.0,1.0,Hoffenheim,,11.0,6.0,9.0,11.0,1.0,0.0,2.0,0.0,2024,Augsburg,5
2023-11-11,Sat,Bundesliga,Home,W,4.0,2.0,Heidenheim,,18.0,8.0,8.0,8.0,1.0,0.0,0.0,0.0,2024,Bayern Munich,5
2023-11-11,Sat,Bundesliga,Home,D,1.0,1.0,FC Koln,,25.0,9.0,14.0,19.0,4.0,0.0,1.0,0.0,2024,Bochum,5
2023-11-11,Sat,Bundesliga,Home,D,0.0,0.0,Mainz,,9.0,3.0,20.0,15.0,3.0,0.0,3.0,0.0,2024,Darmstadt,5
2023-11-11,Sat,Bundesliga,Away,L,1.0,2.0,Stuttgart,,5.0,1.0,16.0,13.0,3.0,0.0,2.0,0.0,2024,Dortmund,5
2023-11-11,Sat,Bundesliga,Away,D,1.0,1.0,Bochum,,10.0,6.0,19.0,14.0,1.0,0.0,4.0,0.0,2024,FC Koln,5
2023-11-11,Sat,Bundesliga,Away,L,2.0,4.0,Bayern Munich,,7.0,2.0,8.0,8.0,0.0,0.0,1.0,0.0,2024,Heidenheim,5
2023-11-11,Sat,Bundesliga,Away,D,1.0,1.0,Augsburg,,12.0,6.0,11.0,9.0,2.0,0.0,1.0,0.0,2024,Hoffenheim,5
2023-11-11,Sat,Bundesliga,Away,D,0.0,0.0,Darmstadt,,9.0,0.0,15.0,20.0,3.0,0.0,3.0,0.0,2024,Mainz,5
2023-11-11,Sat,Bundesliga,Home,W,2.0,1.0,Dortmund,,22.0,10.0,13.0,16.0,2.0,0.0,3.0,0.0,2024,Stuttgart,5
2023-11-12,Sun,Bundesliga,Away,D,2.0,2.0,Werder Bremen,,14.0,3.0,10.0,3.0,3.0,0.0,1.0,0.0,2024,Ein Frankfurt,6
2023-11-12,Sun,Bundesliga,Away,L,1.0,3.0,RB Leipzig,,9.0,3.0,12.0,10.0,0.0,0.0,2.0,0.0,2024,Freiburg,6
2023-11-12,Sun,Bundesliga,Home,W,4.0,0.0,Union Berlin,,19.0,10.0,8.0,5.0,0.0,0.0,1.0,0.0,2024,Leverkusen,6
2023-11-12,Sun,Bundesliga,Home,W,3.0,1.0,Freiburg,,15.0,6.0,10.0,12.0,2.0,0.0,0.0,0.0,2024,RB Leipzig,6
2023-11-12,Sun,Bundesliga,Away,L,0.0,4.0,Leverkusen,,2.0,2.0,5.0,8.0,1.0,0.0,0.0,0.0,2024,Union Berlin,6
2023-11-12,Sun,Bundesliga,Home,D,2.0,2.0,Ein Frankfurt,,14.0,5.0,3.0,10.0,1.0,0.0,3.0,0.0,2024,Werder Bremen,6
2023-11-24,Fri,Bundesliga,Away,W,1.0,0.0,FC Koln,,19.0,5.0,4.0,6.0,1.0,0.0,0.0,0.0,2024,Bayern Munich,4
2023-11-24,Fri,Bundesliga,Home,L,0.0,1.0,Bayern Munich,,6.0,2.0,6.0,4.0,0.0,0.0,1.0,0.0,2024,FC Koln,4
2023-11-25,Sat,Bundesliga,Away,D,1.0,1.0,Union Berlin,,11.0,2.0,15.0,10.0,2.0,0.0,2.0,0.0,2024,Augsburg,5
2023-11-25,Sat,Bundesliga,Away,D,1.0,1.0,Freiburg,,7.0,1.0,15.0,15.0,0.0,0.0,2.0,0.0,2024,Darmstadt,5
2023-11-25,Sat,Bundesliga,Home,W,4.0,2.0,M'gladbach,,20.0,13.0,11.0,11.0,1.0,0.0,2.0,0.0,2024,Dortmund,5
2023-11-25,Sat,Bundesliga,Home,L,1.0,2.0,Stuttgart,,14.0,1.0,14.0,8.0,0.0,0.0,1.0,0.0,2024,Ein Frankfurt,5
2023-11-25,Sat,Bundesliga,Home,D,1.0,1.0,Darmstadt,,16.0,3.0,15.0,15.0,2.0,0.0,0.0,0.0,2024,Freiburg,5
2023-11-25,Sat,Bundesliga,Away,W,3.0,0.0,Werder Bremen,,13.0,4.0,4.0,15.0,1.0,0.0,3.0,0.0,2024,Leverkusen,5
2023-11-25,Sat,Bundesliga,Away,L,2.0,4.0,Dortmund,,10.0,3.0,11.0,11.0,2.0,0.0,1.0,0.0,2024,M'gladbach,5
2023-11-25,Sat,Bundesliga,Away,L,1.0,2.0,Wolfsburg,,26.0,10.0,11.0,18.0,2.0,0.0,4.0,0.0,2024,RB Leipzig,5
2023-11-25,Sat,Bundesliga,Away,W,2.0,1.0,Ein Frankfurt,,11.0,5.0,8.0,14.0,1.0,0.0,0.0,0.0,2024,Stuttgart,5
2023-11-25,Sat,Bundesliga,Home,D,1.0,1.0,Augsburg,,16.0,6.0,10.0,15.0,2.0,0.0,2.0,0.0,2024,Union Berlin,5
2023-11-25,Sat,Bundesliga,Home,L,0.0,3.0,Leverkusen,,2.0,1.0,15.0,4.0,3.0,0.0,1.0,0.0,2024,Werder Bremen,5
2023-11-25,Sat,Bundesliga,Home,W,2.0,1.0,RB Leipzig,,10.0,4.0,18.0,11.0,4.0,0.0,2.0,0.0,2024,Wolfsburg,5
2023-11-26,Sun,Bundesliga,Away,D,0.0,0.0,Heidenheim,,9.0,2.0,7.0,14.0,3.0,0.0,4.0,0.0,2024,Bochum,6
2023-11-26,Sun,Bundesliga,Home,D,0.0,0.0,Bochum,,9.0,3.0,14.0,7.0,4.0,0.0,3.0,0.0,2024,Heidenheim,6
2023-11-26,Sun,Bundesliga,Home,D,1.0,1.0,Mainz,,15.0,6.0,9.0,14.0,4.0,0.0,4.0,0.0,2024,Hoffenheim,6
2023-11-26,Sun,Bundesliga,Away,D,1.0,1.0,Hoffenheim,,15.0,6.0,14.0,9.0,4.0,0.0,4.0,0.0,2024,Mainz,6
2023-12-01,Fri,Bundesliga,Home,L,0.0,1.0,FC Koln,,11.0,1.0,12.0,12.0,1.0,0.0,3.0,0.0,2024,Darmstadt,4
2023-12-01,Fri,Bundesliga,Away,W,1.0,0.0,Darmstadt,,11.0,6.0,12.0,12.0,3.0,0.0,1.0,0.0,2024,FC Koln,4
2023-12-02,Sat,Bundesliga,Home,W,3.0,1.0,Wolfsburg,,19.0,9.0,14.0,13.0,6.0,0.0,2.0,0.0,2024,Bochum,5
2023-12-02,Sat,Bundesliga,Away,L,1.0,2.0,RB Leipzig,,7.0,1.0,16.0,13.0,2.0,0.0,2.0,0.0,2024,Heidenheim,5
2023-12-02,Sat,Bundesliga,Away,L,1.0,2.0,M'gladbach,,17.0,5.0,14.0,12.0,2.0,0.0,2.0,0.0,2024,Hoffenheim,5
2023-12-02,Sat,Bundesliga,Home,W,2.0,1.0,Hoffenheim,,9.0,3.0,12.0,14.0,2.0,0.0,2.0,0.0,2024,M'gladbach,5
2023-12-02,Sat,Bundesliga,Home,W,2.0,1.0,Heidenheim,,23.0,8.0,13.0,16.0,2.0,0.0,2.0,0.0,2024,RB Leipzig,5
2023-12-02,Sat,Bundesliga,Home,W,2.0,0.0,Werder Bremen,,17.0,6.0,7.0,9.0,1.0,0.0,0.0,0.0,2024,Stuttgart,5
2023-12-02,Sat,Bundesliga,Away,L,0.0,2.0,Stuttgart,,11.0,3.0,9.0,7.0,0.0,0.0,1.0,0.0,2024,Werder Bremen,5
2023-12-02,Sat,Bundesliga,Away,L,1.0,3.0,Bochum,,15.0,6.0,13.0,14.0,2.0,0.0,6.0,0.0,2024,Wolfsburg,5
2023-12-03,Sun,Bundesliga,Home,W,2.0,1.0,Ein Frankfurt,,9.0,4.0,9.0,10.0,1.0,0.0,1.0,0.0,2024,Augsburg,6
2023-12-03,Sun,Bundesliga,Away,D,1.0,1.0,Leverkusen,,6.0,2.0,12.0,12.0,2.0,0.0,3.0,0.0,2024,Dortmund,6
2023-12-03,Sun,Bundesliga,Away,L,1.0,2.0,Augsburg,,12.0,6.0,10.0,9.0,1.0,0.0,1.0,0.0,2024,Ein Frankfurt,6
2023-12-03,Sun,Bundesliga,Away,W,1.0,0.0,Mainz,,13.0,5.0,11.0,16.0,1.0,0.0,1.0,0.0,2024,Freiburg,6
2023-12-03,Sun,Bundesliga,Home,D,1.0,1.0,Dortmund,,22.0,6.0,12.0,12.0,3.0,0.0,2.0,0.0,2024,Leverkusen,6
2023-12-03,Sun,Bundesliga,Home,L,0.0,1.0,Freiburg,,19.0,6.0,16.0,11.0,1.0,0.0,1.0,0.0,2024,Mainz,6
2023-12-08,Fri,Bundesliga,Away,L,1.0,3.0,Hoffenheim,,22.0,5.0,11.0,18.0,2.0,0.0,3.0,0.0,2024,Bochum,4
2023-12-08,Fri,Bundesliga,Home,W,3.0,1.0,Bochum,,18.0,7.0,18.0,11.0,3.0,0.0,2.0,0.0,2024,Hoffenheim,4
2023-12-09,Sat,Bundesliga,Away,L,0.0,2.0,Werder Bremen,,11.0,1.0,9.0,13.0,2.0,0.0,1.0,0.0,2024,Augsburg,5
2023-12-09,Sat,Bundesliga,Away,L,1.0,5.0,Ein Frankfurt,,17.0,6.0,7.0,8.0,2.0,0.0,1.0,0.0,2024,Bayern Munich,5
2023-12-09,Sat,Bundesliga,Away,L,2.0,3.0,Heidenheim,,20.0,7.0,13.0,17.0,2.0,0.0,2.0,0.0,2024,Darmstadt,5
2023-12-09,Sat,Bundesliga,Home,L,2.0,3.0,RB Leipzig,,18.0,6.0,6.0,11.0,1.0,1.0,3.0,0.0,2024,Dortmund,5
2023-12-09,Sat,Bundesliga,Home,W,5.0,1.0,Bayern Munich,,14.0,6.0,8.0,7.0,1.0,0.0,2.0,0.0,2024,Ein Frankfurt,5
2023-12-09,Sat,Bundesliga,Away,W,1.0,0.0,Wolfsburg,,4.0,1.0,16.0,11.0,4.0,0.0,1.0,0.0,2024,Freiburg,5
2023-12-09,Sat,Bundesliga,Home,W,3.0,2.0,Darmstadt,,16.0,7.0,17.0,13.0,2.0,0.0,2.0,0.0,2024,Heidenheim,5
2023-12-09,Sat,Bundesliga,Away,L,1.0,3.0,Union Berlin,,13.0,4.0,8.0,9.0,3.0,0.0,1.0,0.0,2024,M'gladbach,5
2023-12-09,Sat,Bundesliga,Away,W,3.0,2.0,Dortmund,,24.0,8.0,11.0,6.0,3.0,0.0,1.0,1.0,2024,RB Leipzig,5
2023-12-09,Sat,Bundesliga,Home,W,3.0,1.0,M'gladbach,,16.0,6.0,9.0,8.0,1.0,0.0,3.0,0.0,2024,Union Berlin,5
2023-12-09,Sat,Bundesliga,Home,W,2.0,0.0,Augsburg,,12.0,5.0,13.0,9.0,1.0,0.0,2.0,0.0,2024,Werder Bremen,5
2023-12-09,Sat,Bundesliga,Home,L,0.0,1.0,Freiburg,,10.0,3.0,11.0,16.0,1.0,0.0,4.0,0.0,2024,Wolfsburg,5
2023-12-10,Sun,Bundesliga,Home,D,0.0,0.0,Mainz,,7.0,3.0,10.0,10.0,2.0,0.0,4.0,0.0,2024,FC Koln,6
2023-12-10,Sun,Bundesliga,Away,D,1.0,1.0,Stuttgart,,20.0,6.0,7.0,8.0,1.0,0.0,1.0,0.0,2024,Leverkusen,6
2023-12-10,Sun,Bundesliga,Away,D,0.0,0.0,FC Koln,,13.0,5.0,10.0,10.0,4.0,0.0,2.0,0.0,2024,Mainz,6
2023-12-10,Sun,Bundesliga,Home,D,1.0,1.0,Leverkusen,,22.0,12.0,8.0,7.0,1.0,0.0,1.0,0.0,2024,Stuttgart,6
2023-12-15,Fri,Bundesliga,Home,D,2.0,2.0,Werder Bremen,,15.0,4.0,10.0,12.0,4.0,0.0,2.0,0.0,2024,M'gladbach,4
2023-12-15,Fri,Bundesliga,Away,D,2.0,2.0,M'gladbach,,10.0,5.0,12.0,10.0,2.0,0.0,4.0,0.0,2024,Werder Bremen,4
2023-12-16,Sat,Bundesliga,Home,D,1.0,1.0,Dortmund,,20.0,4.0,13.0,4.0,2.0,0.0,1.0,0.0,2024,Augsburg,5
2023-12-16,Sat,Bundesliga,Home,W,3.0,0.0,Union Berlin,,21.0,7.0,12.0,13.0,2.0,0.0,2.0,0.0,2024,Bochum,5
2023-12-16,Sat,Bundesliga,Home,L,0.0,1.0,Wolfsburg,,14.0,4.0,16.0,10.0,2.0,0.0,0.0,1.0,2024,Darmstadt,5
2023-12-16,Sat,Bundesliga,Away,D,1.0,1.0,Augsburg,,24.0,6.0,4.0,13.0,1.0,0.0,2.0,0.0,2024,Dortmund,5
2023-12-16,Sat,Bundesliga,Away,W,1.0,0.0,Mainz,,5.0,2.0,20.0,9.0,3.0,0.0,3.0,0.0,2024,Heidenheim,5
2023-12-16,Sat,Bundesliga,Away,L,1.0,3.0,RB Leipzig,,10.0,4.0,9.0,11.0,2.0,0.0,3.0,0.0,2024,Hoffenheim,5
2023-12-16,Sat,Bundesliga,Home,L,0.0,1.0,Heidenheim,,16.0,4.0,9.0,20.0,3.0,0.0,3.0,0.0,2024,Mainz,5
2023-12-16,Sat,Bundesliga,Home,W,3.0,1.0,Hoffenheim,,23.0,11.0,11.0,9.0,3.0,0.0,2.0,0.0,2024,RB Leipzig,5
2023-12-16,Sat,Bundesliga,Away,L,0.0,3.0,Bochum,,10.0,2.0,13.0,12.0,2.0,0.0,2.0,0.0,2024,Union Berlin,5
2023-12-16,Sat,Bundesliga,Away,W,1.0,0.0,Darmstadt,,11.0,3.0,10.0,16.0,0.0,1.0,2.0,0.0,2024,Wolfsburg,5
2023-12-17,Sun,Bundesliga,Home,W,3.0,0.0,Stuttgart,,17.0,8.0,7.0,8.0,0.0,0.0,3.0,0.0,2024,Bayern Munich,6
2023-12-17,Sun,Bundesliga,Away,L,0.0,3.0,Leverkusen,,4.0,2.0,13.0,4.0,1.0,0.0,1.0,0.0,2024,Ein Frankfurt,6
2023-12-17,Sun,Bundesliga,Away,L,0.0,2.0,Freiburg,,7.0,1.0,10.0,13.0,4.0,1.0,1.0,0.0,2024,FC Koln,6
2023-12-17,Sun,Bundesliga,Home,W,2.0,0.0,FC Koln,,23.0,7.0,13.0,10.0,1.0,0.0,4.0,1.0,2024,Freiburg,6
2023-12-17,Sun,Bundesliga,Home,W,3.0,0.0,Ein Frankfurt,,14.0,6.0,4.0,13.0,1.0,0.0,1.0,0.0,2024,Leverkusen,6
2023-12-17,Sun,Bundesliga,Away,L,0.0,3.0,Bayern Munich,,5.0,2.0,8.0,7.0,3.0,0.0,0.0,0.0,2024,Stuttgart,6
2023-12-19,Tue,Bundesliga,Away,D,3.0,3.0,Hoffenheim,,14.0,3.0,15.0,9.0,4.0,0.0,2.0,0.0,2024,Darmstadt,1
2023-12-19,Tue,Bundesliga,Home,D,1.0,1.0,Mainz,,21.0,8.0,11.0,14.0,0.0,0.0,4.0,0.0,2024,Dortmund,1
2023-12-19,Tue,Bundesliga,Home,D,3.0,3.0,Darmstadt,,13.0,4.0,9.0,15.0,2.0,0.0,4.0,0.0,2024,Hoffenheim,1
2023-12-19,Tue,Bundesliga,Away,D,1.0,1.0,Dortmund,,11.0,6.0,14.0,11.0,4.0,0.0,0.0,0.0,2024,Mainz,1
2023-12-19,Tue,Bundesliga,Away,D,1.0,1.0,Werder Bremen,,18.0,9.0,9.0,15.0,2.0,0.0,4.0,0.0,2024,RB Leipzig,1
2023-12-19,Tue,Bundesliga,Home,D,1.0,1.0,RB Leipzig,,11.0,3.0,15.0,9.0,4.0,0.0,2.0,0.0,2024,Werder Bremen,1
2023-12-20,Wed,Bundesliga,Away,L,0.0,3.0,Stuttgart,,6.0,5.0,14.0,8.0,4.0,0.0,0.0,0.0,2024,Augsburg,2
2023-12-20,Wed,Bundesliga,Away,W,2.0,1.0,Wolfsburg,,20.0,7.0,12.0,14.0,2.0,0.0,4.0,0.0,2024,Bayern Munich,2
2023-12-20,Wed,Bundesliga,Away,L,0.0,4.0,Leverkusen,,6.0,1.0,12.0,7.0,2.0,0.0,0.0,0.0,2024,Bochum,2
2023-12-20,Wed,Bundesliga,Home,W,2.0,1.0,M'gladbach,,15.0,7.0,11.0,14.0,1.0,0.0,6.0,1.0,2024,Ein Frankfurt,2
2023-12-20,Wed,Bundesliga,Away,L,0.0,2.0,Union Berlin,,15.0,7.0,7.0,10.0,0.0,0.0,0.0,0.0,2024,FC Koln,2
2023-12-20,Wed,Bundesliga,Away,L,2.0,3.0,Heidenheim,,10.0,4.0,12.0,20.0,4.0,0.0,3.0,0.0,2024,Freiburg,2
2023-12-20,Wed,Bundesliga,Home,W,3.0,2.0,Freiburg,,14.0,3.0,20.0,12.0,3.0,0.0,4.0,0.0,2024,Heidenheim,2
2023-12-20,Wed,Bundesliga,Home,W,4.0,0.0,Bochum,,15.0,8.0,7.0,12.0,0.0,0.0,2.0,0.0,2024,Leverkusen,2
2023-12-20,Wed,Bundesliga,Away,L,1.0,2.0,Ein Frankfurt,,7.0,2.0,14.0,11.0,6.0,1.0,1.0,0.0,2024,M'gladbach,2
2023-12-20,Wed,Bundesliga,Home,W,3.0,0.0,Augsburg,,17.0,7.0,8.0,14.0,0.0,0.0,4.0,0.0,2024,Stuttgart,2
2023-12-20,Wed,Bundesliga,Home,W,2.0,0.0,FC Koln,,12.0,8.0,10.0,7.0,0.0,0.0,0.0,0.0,2024,Union Berlin,2
2023-12-20,Wed,Bundesliga,Home,L,1.0,2.0,Bayern Munich,,5.0,4.0,14.0,12.0,4.0,0.0,2.0,0.0,2024,Wolfsburg,2
2024-01-12,Fri,Bundesliga,Home,W,3.0,0.0,Hoffenheim,,27.0,12.0,8.0,6.0,1.0,0.0,3.0,1.0,2024,Bayern Munich,4
2024-01-12,Fri,Bundesliga,Away,L,0.0,3.0,Bayern Munich,,12.0,4.0,6.0,8.0,3.0,1.0,1.0,0.0,2024,Hoffenheim,4
2024-01-13,Sat,Bundesliga,Home,L,0.0,1.0,Leverkusen,,2.0,0.0,11.0,4.0,3.0,0.0,1.0,0.0,2024,Augsburg,5
2024-01-13,Sat,Bundesliga,Home,L,0.0,3.0,Dortmund,,10.0,2.0,10.0,13.0,1.0,0.0,3.0,0.0,2024,Darmstadt,5
2024-01-13,Sat,Bundesliga,Away,W,3.0,0.0,Darmstadt,,17.0,8.0,13.0,10.0,3.0,0.0,1.0,0.0,2024,Dortmund,5
2024-01-13,Sat,Bundesliga,Away,W,1.0,0.0,RB Leipzig,,5.0,1.0,16.0,7.0,2.0,0.0,0.0,0.0,2024,Ein Frankfurt,5
2024-01-13,Sat,Bundesliga,Home,D,1.0,1.0,Heidenheim,,13.0,6.0,12.0,11.0,2.0,0.0,1.0,0.0,2024,FC Koln,5
2024-01-13,Sat,Bundesliga,Home,D,0.0,0.0,Union Berlin,,14.0,4.0,7.0,9.0,0.0,0.0,2.0,0.0,2024,Freiburg,5
2024-01-13,Sat,Bundesliga,Away,D,1.0,1.0,FC Koln,,10.0,2.0,11.0,12.0,1.0,0.0,2.0,0.0,2024,Heidenheim,5
2024-01-13,Sat,Bundesliga,Away,W,1.0,0.0,Augsburg,,25.0,6.0,4.0,11.0,1.0,0.0,3.0,0.0,2024,Leverkusen,5
2024-01-13,Sat,Bundesliga,Home,D,1.0,1.0,Wolfsburg,,12.0,4.0,21.0,16.0,3.0,0.0,4.0,0.0,2024,Mainz,5
2024-01-13,Sat,Bundesliga,Home,L,0.0,1.0,Ein Frankfurt,,26.0,7.0,7.0,16.0,0.0,0.0,2.0,0.0,2024,RB Leipzig,5
2024-01-13,Sat,Bundesliga,Away,D,0.0,0.0,Freiburg,,8.0,4.0,9.0,7.0,2.0,0.0,0.0,0.0,2024,Union Berlin,5
2024-01-13,Sat,Bundesliga,Away,D,1.0,1.0,Mainz,,9.0,4.0,16.0,21.0,4.0,0.0,3.0,0.0,2024,Wolfsburg,5
2024-01-14,Sun,Bundesliga,Home,D,1.0,1.0,Werder Bremen,,13.0,4.0,14.0,14.0,6.0,0.0,5.0,0.0,2024,Bochum,6
2024-01-14,Sun,Bundesliga,Home,W,3.0,1.0,Stuttgart,,8.0,4.0,7.0,11.0,3.0,0.0,3.0,0.0,2024,M'gladbach,6
2024-01-14,Sun,Bundesliga,Away,L,1.0,3.0,M'gladbach,,14.0,2.0,11.0,7.0,3.0,0.0,3.0,0.0,2024,Stuttgart,6
2024-01-14,Sun,Bundesliga,Away,D,1.0,1.0,Bochum,,15.0,4.0,14.0,14.0,5.0,0.0,6.0,0.0,2024,Werder Bremen,6
2024-01-20,Sat,Bundesliga,Home,W,1.0,0.0,Stuttgart,,6.0,1.0,16.0,16.0,5.0,0.0,3.0,0.0,2024,Bochum,5
2024-01-20,Sat,Bundesliga,Home,D,2.0,2.0,Ein Frankfurt,,13.0,3.0,11.0,7.0,1.0,0.0,1.0,0.0,2024,Darmstadt,5
2024-01-20,Sat,Bundesliga,Away,W,4.0,0.0,FC Koln,,11.0,7.0,7.0,16.0,2.0,0.0,2.0,0.0,2024,Dortmund,5
2024-01-20,Sat,Bundesliga,Away,D,2.0,2.0,Darmstadt,,7.0,4.0,7.0,11.0,1.0,0.0,1.0,0.0,2024,Ein Frankfurt,5
2024-01-20,Sat,Bundesliga,Home,L,0.0,4.0,Dortmund,,16.0,5.0,16.0,7.0,2.0,0.0,2.0,0.0,2024,FC Koln,5
2024-01-20,Sat,Bundesliga,Home,W,3.0,2.0,Hoffenheim,,16.0,8.0,18.0,10.0,3.0,1.0,3.0,0.0,2024,Freiburg,5
2024-01-20,Sat,Bundesliga,Home,D,1.0,1.0,Wolfsburg,,12.0,3.0,11.0,10.0,0.0,0.0,1.0,0.0,2024,Heidenheim,5
2024-01-20,Sat,Bundesliga,Away,L,2.0,3.0,Freiburg,,16.0,4.0,10.0,18.0,3.0,0.0,3.0,1.0,2024,Hoffenheim,5
2024-01-20,Sat,Bundesliga,Away,W,3.0,2.0,RB Leipzig,,18.0,5.0,11.0,11.0,3.0,0.0,2.0,0.0,2024,Leverkusen,5
2024-01-20,Sat,Bundesliga,Home,L,2.0,3.0,Leverkusen,,11.0,6.0,11.0,11.0,2.0,0.0,3.0,0.0,2024,RB Leipzig,5
2024-01-20,Sat,Bundesliga,Away,L,0.0,1.0,Bochum,,17.0,4.0,16.0,16.0,3.0,0.0,5.0,0.0,2024,Stuttgart,5
2024-01-20,Sat,Bundesliga,Away,D,1.0,1.0,Heidenheim,,12.0,3.0,10.0,11.0,1.0,0.0,0.0,0.0,2024,Wolfsburg,5
2024-01-21,Sun,Bundesliga,Away,W,2.0,1.0,M'gladbach,,15.0,7.0,20.0,10.0,2.0,0.0,1.0,0.0,2024,Augsburg,6
2024-01-21,Sun,Bundesliga,Home,L,0.0,1.0,Werder Bremen,,21.0,6.0,12.0,7.0,2.0,0.0,1.0,0.0,2024,Bayern Munich,6
2024-01-21,Sun,Bundesliga,Home,L,1.0,2.0,Augsburg,,18.0,4.0,10.0,20.0,1.0,0.0,2.0,0.0,2024,M'gladbach,6
2024-01-21,Sun,Bundesliga,Away,W,1.0,0.0,Bayern Munich,,8.0,3.0,7.0,12.0,1.0,0.0,2.0,0.0,2024,Werder Bremen,6
2024-01-24,Wed,Bundesliga,Home,W,1.0,0.0,Union Berlin,,24.0,10.0,5.0,9.0,2.0,0.0,4.0,0.0,2024,Bayern Munich,2
2024-01-24,Wed,Bundesliga,Away,L,0.0,1.0,Bayern Munich,,4.0,1.0,9.0,5.0,4.0,0.0,2.0,0.0,2024,Union Berlin,2
2024-01-26,Fri,Bundesliga,Home,W,1.0,0.0,Mainz,,13.0,4.0,10.0,12.0,2.0,0.0,1.0,0.0,2024,Ein Frankfurt,4
2024-01-26,Fri,Bundesliga,Away,L,0.0,1.0,Ein Frankfurt,,7.0,0.0,12.0,10.0,1.0,0.0,2.0,0.0,2024,Mainz,4
2024-01-27,Sat,Bundesliga,Home,L,2.0,3.0,Bayern Munich,,14.0,7.0,12.0,11.0,2.0,0.0,6.0,0.0,2024,Augsburg,5
2024-01-27,Sat,Bundesliga,Away,W,3.0,2.0,Augsburg,,13.0,4.0,11.0,12.0,6.0,0.0,2.0,0.0,2024,Bayern Munich,5
2024-01-27,Sat,Bundesliga,Away,D,1.0,1.0,Wolfsburg,,6.0,2.0,12.0,17.0,3.0,0.0,5.0,0.0,2024,FC Koln,5
2024-01-27,Sat,Bundesliga,Away,L,1.0,3.0,Werder Bremen,,7.0,4.0,10.0,14.0,1.0,0.0,2.0,0.0,2024,Freiburg,5
2024-01-27,Sat,Bundesliga,Away,D,1.0,1.0,Hoffenheim,,15.0,3.0,13.0,11.0,0.0,0.0,4.0,0.0,2024,Heidenheim,5
2024-01-27,Sat,Bundesliga,Home,D,1.0,1.0,Heidenheim,,20.0,8.0,11.0,13.0,4.0,0.0,0.0,0.0,2024,Hoffenheim,5
2024-01-27,Sat,Bundesliga,Home,D,0.0,0.0,M'gladbach,,28.0,8.0,15.0,6.0,3.0,0.0,1.0,0.0,2024,Leverkusen,5
2024-01-27,Sat,Bundesliga,Away,D,0.0,0.0,Leverkusen,,4.0,3.0,6.0,15.0,1.0,0.0,3.0,0.0,2024,M'gladbach,5
2024-01-27,Sat,Bundesliga,Away,L,2.0,5.0,Stuttgart,,4.0,2.0,11.0,9.0,4.0,0.0,1.0,0.0,2024,RB Leipzig,5
2024-01-27,Sat,Bundesliga,Home,W,5.0,2.0,RB Leipzig,,19.0,11.0,9.0,11.0,1.0,0.0,4.0,0.0,2024,Stuttgart,5
2024-01-27,Sat,Bundesliga,Home,W,3.0,1.0,Freiburg,,14.0,4.0,14.0,10.0,2.0,0.0,1.0,0.0,2024,Werder Bremen,5
2024-01-27,Sat,Bundesliga,Home,D,1.0,1.0,FC Koln,,12.0,5.0,17.0,12.0,5.0,0.0,3.0,0.0,2024,Wolfsburg,5
2024-01-28,Sun,Bundesliga,Away,L,1.0,3.0,Dortmund,,10.0,4.0,16.0,10.0,3.0,0.0,1.0,0.0,2024,Bochum,6
2024-01-28,Sun,Bundesliga,Away,L,0.0,1.0,Union Berlin,,15.0,1.0,9.0,13.0,2.0,0.0,3.0,0.0,2024,Darmstadt,6
2024-01-28,Sun,Bundesliga,Home,W,3.0,1.0,Bochum,,15.0,6.0,10.0,16.0,1.0,0.0,3.0,0.0,2024,Dortmund,6
2024-01-28,Sun,Bundesliga,Home,W,1.0,0.0,Darmstadt,,19.0,6.0,13.0,9.0,3.0,0.0,2.0,0.0,2024,Union Berlin,6
2024-02-02,Fri,Bundesliga,Away,D,0.0,0.0,Heidenheim,,13.0,5.0,7.0,7.0,2.0,0.0,0.0,0.0,2024,Dortmund,4
2024-02-02,Fri,Bundesliga,Home,D,0.0,0.0,Dortmund,,11.0,0.0,7.0,7.0,0.0,0.0,2.0,0.0,2024,Heidenheim,4
2024-02-03,Sat,Bundesliga,Away,D,1.0,1.0,Bochum,,12.0,6.0,14.0,17.0,1.0,0.0,3.0,0.0,2024,Augsburg,5
2024-02-03,Sat,Bundesliga,Home,W,3.0,1.0,M'gladbach,,21.0,6.0,11.0,9.0,0.0,0.0,1.0,0.0,2024,Bayern Munich,5
2024-02-03,Sat,Bundesliga,Home,D,1.0,1.0,Augsburg,,9.0,4.0,17.0,14.0,3.0,0.0,1.0,0.0,2024,Bochum,5
2024-02-03,Sat,Bundesliga,Home,L,0.0,2.0,Leverkusen,,8.0,6.0,14.0,8.0,2.0,0.0,2.0,0.0,2024,Darmstadt,5
2024-02-03,Sat,Bundesliga,Away,L,0.0,2.0,FC Koln,,11.0,4.0,13.0,8.0,4.0,2.0,1.0,0.0,2024,Ein Frankfurt,5
2024-02-03,Sat,Bundesliga,Home,W,2.0,0.0,Ein Frankfurt,,14.0,4.0,8.0,13.0,1.0,0.0,4.0,2.0,2024,FC Koln,5
2024-02-03,Sat,Bundesliga,Home,L,1.0,3.0,Stuttgart,,7.0,4.0,10.0,7.0,4.0,1.0,2.0,0.0,2024,Freiburg,5
2024-02-03,Sat,Bundesliga,Away,W,2.0,0.0,Darmstadt,,18.0,7.0,8.0,14.0,2.0,0.0,2.0,0.0,2024,Leverkusen,5
2024-02-03,Sat,Bundesliga,Away,L,1.0,3.0,Bayern Munich,,11.0,4.0,9.0,11.0,1.0,0.0,0.0,0.0,2024,M'gladbach,5
2024-02-03,Sat,Bundesliga,Home,L,0.0,1.0,Werder Bremen,,20.0,5.0,22.0,16.0,4.0,0.0,3.0,0.0,2024,Mainz,5
2024-02-03,Sat,Bundesliga,Away,W,3.0,1.0,Freiburg,,17.0,9.0,7.0,10.0,2.0,0.0,4.0,1.0,2024,Stuttgart,5
2024-02-03,Sat,Bundesliga,Away,W,1.0,0.0,Mainz,,6.0,1.0,16.0,22.0,3.0,0.0,4.0,0.0,2024,Werder Bremen,5
2024-02-04,Sun,Bundesliga,Away,D,2.0,2.0,Wolfsburg,,17.0,7.0,16.0,12.0,3.0,0.0,2.0,0.0,2024,Hoffenheim,6
2024-02-04,Sun,Bundesliga,Home,W,2.0,0.0,Union Berlin,,16.0,6.0,13.0,11.0,1.0,0.0,2.0,1.0,2024,RB Leipzig,6
2024-02-04,Sun,Bundesliga,Away,L,0.0,2.0,RB Leipzig,,10.0,2.0,11.0,13.0,2.0,1.0,1.0,0.0,2024,Union Berlin,6
2024-02-04,Sun,Bundesliga,Home,D,2.0,2.0,Hoffenheim,,14.0,8.0,12.0,16.0,2.0,0.0,3.0,0.0,2024,Wolfsburg,6
2024-02-07,Wed,Bundesliga,Home,D,1.0,1.0,Union Berlin,,16.0,7.0,14.0,15.0,2.0,0.0,4.0,0.0,2024,Mainz,2
2024-02-07,Wed,Bundesliga,Away,D,1.0,1.0,Mainz,,15.0,4.0,15.0,14.0,4.0,0.0,2.0,0.0,2024,Union Berlin,2
2024-02-09,Fri,Bundesliga,Home,W,3.0,0.0,Freiburg,,17.0,8.0,13.0,7.0,2.0,0.0,0.0,0.0,2024,Dortmund,4
2024-02-09,Fri,Bundesliga,Away,L,0.0,3.0,Dortmund,,6.0,3.0,7.0,13.0,0.0,0.0,2.0,0.0,2024,Freiburg,4
2024-02-10,Sat,Bundesliga,Home,D,2.0,2.0,RB Leipzig,,11.0,4.0,15.0,10.0,5.0,0.0,1.0,0.0,2024,Augsburg,5
2024-02-10,Sat,Bundesliga,Away,L,0.0,3.0,Leverkusen,,8.0,1.0,13.0,13.0,2.0,0.0,3.0,0.0,2024,Bayern Munich,5
2024-02-10,Sat,Bundesliga,Away,D,1.0,1.0,Ein Frankfurt,,14.0,5.0,12.0,6.0,2.0,0.0,2.0,0.0,2024,Bochum,5
2024-02-10,Sat,Bundesliga,Away,D,0.0,0.0,M'gladbach,,10.0,1.0,15.0,11.0,5.0,0.0,0.0,0.0,2024,Darmstadt,5
2024-02-10,Sat,Bundesliga,Home,D,1.0,1.0,Bochum,,8.0,2.0,6.0,12.0,2.0,0.0,2.0,0.0,2024,Ein Frankfurt,5
2024-02-10,Sat,Bundesliga,Away,W,2.0,1.0,Werder Bremen,,10.0,3.0,13.0,10.0,2.0,0.0,1.0,0.0,2024,Heidenheim,5
2024-02-10,Sat,Bundesliga,Home,W,3.0,0.0,Bayern Munich,,14.0,8.0,13.0,13.0,3.0,0.0,2.0,0.0,2024,Leverkusen,5
2024-02-10,Sat,Bundesliga,Home,D,0.0,0.0,Darmstadt,,22.0,8.0,11.0,15.0,0.0,0.0,5.0,0.0,2024,M'gladbach,5
2024-02-10,Sat,Bundesliga,Away,D,2.0,2.0,Augsburg,,9.0,6.0,10.0,15.0,1.0,0.0,5.0,0.0,2024,RB Leipzig,5
2024-02-10,Sat,Bundesliga,Home,W,1.0,0.0,Wolfsburg,,7.0,2.0,12.0,9.0,1.0,0.0,2.0,0.0,2024,Union Berlin,5
2024-02-10,Sat,Bundesliga,Home,L,1.0,2.0,Heidenheim,,14.0,3.0,10.0,13.0,1.0,0.0,2.0,0.0,2024,Werder Bremen,5
2024-02-10,Sat,Bundesliga,Away,L,0.0,1.0,Union Berlin,,15.0,5.0,9.0,12.0,2.0,0.0,1.0,0.0,2024,Wolfsburg,5
2024-02-11,Sun,Bundesliga,Away,D,1.0,1.0,Hoffenheim,,5.0,1.0,13.0,12.0,4.0,0.0,3.0,0.0,2024,FC Koln,6
2024-02-11,Sun,Bundesliga,Home,D,1.0,1.0,FC Koln,,10.0,4.0,12.0,13.0,3.0,0.0,4.0,0.0,2024,Hoffenheim,6
2024-02-11,Sun,Bundesliga,Away,L,1.0,3.0,Stuttgart,,16.0,6.0,9.0,7.0,1.0,0.0,1.0,0.0,2024,Mainz,6
2024-02-11,Sun,Bundesliga,Home,W,3.0,1.0,Mainz,,10.0,7.0,7.0,9.0,1.0,0.0,1.0,0.0,2024,Stuttgart,6
2024-02-16,Fri,Bundesliga,Home,L,0.0,1.0,Werder Bremen,,10.0,2.0,16.0,11.0,4.0,0.0,4.0,0.0,2024,FC Koln,4
2024-02-16,Fri,Bundesliga,Away,W,1.0,0.0,FC Koln,,13.0,4.0,11.0,16.0,4.0,0.0,4.0,0.0,2024,Werder Bremen,4
2024-02-17,Sat,Bundesliga,Away,L,0.0,1.0,Mainz,,10.0,4.0,16.0,8.0,2.0,1.0,3.0,0.0,2024,Augsburg,5
2024-02-17,Sat,Bundesliga,Home,L,1.0,2.0,Stuttgart,,21.0,9.0,15.0,14.0,4.0,0.0,5.0,1.0,2024,Darmstadt,5
2024-02-17,Sat,Bundesliga,Away,D,1.0,1.0,Wolfsburg,,12.0,5.0,5.0,18.0,1.0,0.0,3.0,0.0,2024,Dortmund,5
2024-02-17,Sat,Bundesliga,Home,L,1.0,2.0,Leverkusen,,6.0,3.0,15.0,5.0,2.0,0.0,1.0,0.0,2024,Heidenheim,5
2024-02-17,Sat,Bundesliga,Home,L,0.0,1.0,Union Berlin,,16.0,4.0,10.0,7.0,3.0,1.0,4.0,1.0,2024,Hoffenheim,5
2024-02-17,Sat,Bundesliga,Away,W,2.0,1.0,Heidenheim,,17.0,4.0,5.0,15.0,1.0,0.0,2.0,0.0,2024,Leverkusen,5
2024-02-17,Sat,Bundesliga,Away,L,0.0,2.0,RB Leipzig,,13.0,0.0,13.0,12.0,5.0,0.0,1.0,0.0,2024,M'gladbach,5
2024-02-17,Sat,Bundesliga,Home,W,1.0,0.0,Augsburg,,19.0,4.0,8.0,16.0,3.0,0.0,2.0,1.0,2024,Mainz,5
2024-02-17,Sat,Bundesliga,Home,W,2.0,0.0,M'gladbach,,16.0,9.0,12.0,13.0,1.0,0.0,5.0,0.0,2024,RB Leipzig,5
2024-02-17,Sat,Bundesliga,Away,W,2.0,1.0,Darmstadt,,13.0,4.0,14.0,15.0,5.0,1.0,4.0,0.0,2024,Stuttgart,5
2024-02-17,Sat,Bundesliga,Away,W,1.0,0.0,Hoffenheim,,10.0,3.0,7.0,10.0,4.0,1.0,3.0,1.0,2024,Union Berlin,5
2024-02-17,Sat,Bundesliga,Home,D,1.0,1.0,Dortmund,,9.0,4.0,18.0,5.0,3.0,0.0,1.0,0.0,2024,Wolfsburg,5
2024-02-18,Sun,Bundesliga,Away,L,2.0,3.0,Bochum,,26.0,10.0,10.0,12.0,4.0,1.0,2.0,0.0,2024,Bayern Munich,6
2024-02-18,Sun,Bundesliga,Home,W,3.0,2.0,Bayern Munich,,14.0,5.0,12.0,10.0,2.0,0.0,4.0,1.0,2024,Bochum,6
2024-02-18,Sun,Bundesliga,Away,D,3.0,3.0,Freiburg,,10.0,6.0,10.0,8.0,0.0,0.0,0.0,0.0,2024,Ein Frankfurt,6
2024-02-18,Sun,Bundesliga,Home,D,3.0,3.0,Ein Frankfurt,,13.0,8.0,8.0,10.0,0.0,0.0,0.0,0.0,2024,Freiburg,6
2024-02-23,Fri,Bundesliga,Home,W,2.0,1.0,Mainz,,18.0,7.0,14.0,16.0,3.0,0.0,5.0,1.0,2024,Leverkusen,4
2024-02-23,Fri,Bundesliga,Away,L,1.0,2.0,Leverkusen,,13.0,4.0,16.0,14.0,5.0,1.0,3.0,0.0,2024,Mainz,4
2024-02-24,Sat,Bundesliga,Home,W,2.0,1.0,RB Leipzig,,16.0,4.0,11.0,10.0,3.0,0.0,3.0,0.0,2024,Bayern Munich,5
2024-02-24,Sat,Bundesliga,Away,L,2.0,5.0,M'gladbach,,15.0,5.0,13.0,13.0,4.0,0.0,2.0,0.0,2024,Bochum,5
2024-02-24,Sat,Bundesliga,Away,D,1.0,1.0,Werder Bremen,,11.0,3.0,13.0,10.0,4.0,0.0,3.0,0.0,2024,Darmstadt,5
2024-02-24,Sat,Bundesliga,Away,D,1.0,1.0,Stuttgart,,12.0,6.0,13.0,11.0,0.0,0.0,1.0,0.0,2024,FC Koln,5
2024-02-24,Sat,Bundesliga,Away,D,2.0,2.0,Union Berlin,,9.0,4.0,12.0,9.0,1.0,0.0,2.0,0.0,2024,Heidenheim,5
2024-02-24,Sat,Bundesliga,Home,W,5.0,2.0,Bochum,,22.0,6.0,13.0,13.0,2.0,0.0,4.0,0.0,2024,M'gladbach,5
2024-02-24,Sat,Bundesliga,Away,L,1.0,2.0,Bayern Munich,,11.0,5.0,10.0,11.0,3.0,0.0,3.0,0.0,2024,RB Leipzig,5
2024-02-24,Sat,Bundesliga,Home,D,1.0,1.0,FC Koln,,13.0,5.0,11.0,13.0,1.0,0.0,0.0,0.0,2024,Stuttgart,5
2024-02-24,Sat,Bundesliga,Home,D,2.0,2.0,Heidenheim,,12.0,3.0,9.0,12.0,2.0,0.0,1.0,0.0,2024,Union Berlin,5
2024-02-24,Sat,Bundesliga,Home,D,1.0,1.0,Darmstadt,,13.0,4.0,10.0,13.0,3.0,0.0,4.0,0.0,2024,Werder Bremen,5
2024-02-25,Sun,Bundesliga,Home,W,2.0,1.0,Freiburg,,21.0,8.0,16.0,11.0,3.0,0.0,1.0,0.0,2024,Augsburg,6
2024-02-25,Sun,Bundesliga,Home,L,2.0,3.0,Hoffenheim,,19.0,7.0,7.0,10.0,2.0,0.0,3.0,0.0,2024,Dortmund,6
2024-02-25,Sun,Bundesliga,Home,D,2.0,2.0,Wolfsburg,,12.0,5.0,9.0,7.0,2.0,0.0,1.0,0.0,2024,Ein Frankfurt,6
2024-02-25,Sun,Bundesliga,Away,L,1.0,2.0,Augsburg,,5.0,1.0,11.0,16.0,1.0,0.0,3.0,0.0,2024,Freiburg,6
2024-02-25,Sun,Bundesliga,Away,W,3.0,2.0,Dortmund,,7.0,5.0,10.0,7.0,3.0,0.0,2.0,0.0,2024,Hoffenheim,6
2024-02-25,Sun,Bundesliga,Away,D,2.0,2.0,Ein Frankfurt,,14.0,8.0,7.0,9.0,1.0,0.0,2.0,0.0,2024,Wolfsburg,6
2024-03-01,Fri,Bundesliga,Away,D,2.0,2.0,Freiburg,,21.0,9.0,7.0,11.0,2.0,0.0,1.0,0.0,2024,Bayern Munich,4
2024-03-01,Fri,Bundesliga,Home,D,2.0,2.0,Bayern Munich,,17.0,5.0,11.0,7.0,1.0,0.0,2.0,0.0,2024,Freiburg,4
2024-03-02,Sat,Bundesliga,Away,W,6.0,0.0,Darmstadt,,21.0,6.0,12.0,4.0,0.0,0.0,2.0,0.0,2024,Augsburg,5
2024-03-02,Sat,Bundesliga,Home,L,1.0,4.0,RB Leipzig,,15.0,4.0,13.0,10.0,3.0,1.0,2.0,0.0,2024,Bochum,5
2024-03-02,Sat,Bundesliga,Home,L,0.0,6.0,Augsburg,,10.0,5.0,4.0,12.0,2.0,0.0,0.0,0.0,2024,Darmstadt,5
2024-03-02,Sat,Bundesliga,Away,W,2.0,0.0,Union Berlin,,12.0,7.0,8.0,11.0,1.0,0.0,2.0,0.0,2024,Dortmund,5
2024-03-02,Sat,Bundesliga,Away,W,2.0,1.0,Heidenheim,,11.0,6.0,10.0,6.0,4.0,0.0,1.0,0.0,2024,Ein Frankfurt,5
2024-03-02,Sat,Bundesliga,Home,L,1.0,2.0,Ein Frankfurt,,16.0,3.0,6.0,10.0,1.0,0.0,4.0,0.0,2024,Heidenheim,5
2024-03-02,Sat,Bundesliga,Away,D,1.0,1.0,Mainz,,14.0,5.0,15.0,12.0,1.0,0.0,5.0,1.0,2024,M'gladbach,5
2024-03-02,Sat,Bundesliga,Home,D,1.0,1.0,M'gladbach,,21.0,5.0,12.0,15.0,5.0,1.0,1.0,0.0,2024,Mainz,5
2024-03-02,Sat,Bundesliga,Away,W,4.0,1.0,Bochum,,10.0,4.0,10.0,13.0,2.0,0.0,3.0,1.0,2024,RB Leipzig,5
2024-03-02,Sat,Bundesliga,Away,W,3.0,2.0,Wolfsburg,,7.0,3.0,12.0,20.0,2.0,0.0,3.0,0.0,2024,Stuttgart,5
2024-03-02,Sat,Bundesliga,Home,L,0.0,2.0,Dortmund,,13.0,5.0,11.0,8.0,2.0,0.0,1.0,0.0,2024,Union Berlin,5
2024-03-02,Sat,Bundesliga,Home,L,2.0,3.0,Stuttgart,,12.0,2.0,20.0,12.0,3.0,0.0,2.0,0.0,2024,Wolfsburg,5
2024-03-03,Sun,Bundesliga,Home,L,0.0,2.0,Leverkusen,,6.0,0.0,10.0,9.0,2.0,1.0,2.0,0.0,2024,FC Koln,6
2024-03-03,Sun,Bundesliga,Home,W,2.0,1.0,Werder Bremen,,14.0,7.0,11.0,10.0,5.0,1.0,1.0,0.0,2024,Hoffenheim,6
2024-03-03,Sun,Bundesliga,Away,W,2.0,0.0,FC Koln,,17.0,6.0,9.0,10.0,2.0,0.0,2.0,1.0,2024,Leverkusen,6
2024-03-03,Sun,Bundesliga,Away,L,1.0,2.0,Hoffenheim,,18.0,8.0,10.0,11.0,1.0,0.0,5.0,1.0,2024,Werder Bremen,6
2024-03-08,Fri,Bundesliga,Home,W,2.0,0.0,Union Berlin,,14.0,5.0,7.0,14.0,1.0,0.0,2.0,1.0,2024,Stuttgart,4
2024-03-08,Fri,Bundesliga,Away,L,0.0,2.0,Stuttgart,,10.0,4.0,14.0,7.0,2.0,1.0,1.0,0.0,2024,Union Berlin,4
2024-03-09,Sat,Bundesliga,Home,W,1.0,0.0,Heidenheim,,8.0,4.0,14.0,20.0,1.0,0.0,3.0,0.0,2024,Augsburg,5
2024-03-09,Sat,Bundesliga,Home,W,8.0,1.0,Mainz,,25.0,12.0,8.0,7.0,1.0,0.0,1.0,0.0,2024,Bayern Munich,5
2024-03-09,Sat,Bundesliga,Away,L,0.0,2.0,RB Leipzig,,9.0,4.0,14.0,3.0,3.0,0.0,0.0,0.0,2024,Darmstadt,5
2024-03-09,Sat,Bundesliga,Away,W,2.0,1.0,Werder Bremen,,13.0,6.0,8.0,6.0,2.0,1.0,1.0,0.0,2024,Dortmund,5
2024-03-09,Sat,Bundesliga,Away,D,3.0,3.0,M'gladbach,,12.0,5.0,15.0,15.0,4.0,0.0,3.0,0.0,2024,FC Koln,5
2024-03-09,Sat,Bundesliga,Away,L,0.0,1.0,Augsburg,,6.0,1.0,20.0,14.0,3.0,0.0,1.0,0.0,2024,Heidenheim,5
2024-03-09,Sat,Bundesliga,Home,D,3.0,3.0,FC Koln,,16.0,5.0,15.0,15.0,3.0,0.0,4.0,0.0,2024,M'gladbach,5
2024-03-09,Sat,Bundesliga,Away,L,1.0,8.0,Bayern Munich,,13.0,3.0,7.0,8.0,1.0,0.0,1.0,0.0,2024,Mainz,5
2024-03-09,Sat,Bundesliga,Home,W,2.0,0.0,Darmstadt,,28.0,8.0,3.0,14.0,0.0,0.0,3.0,0.0,2024,RB Leipzig,5
2024-03-09,Sat,Bundesliga,Home,L,1.0,2.0,Dortmund,,15.0,5.0,6.0,8.0,1.0,0.0,2.0,1.0,2024,Werder Bremen,5
2024-03-10,Sun,Bundesliga,Home,L,1.0,2.0,Freiburg,,18.0,6.0,11.0,11.0,3.0,0.0,7.0,0.0,2024,Bochum,6
2024-03-10,Sun,Bundesliga,Home,W,3.0,1.0,Hoffenheim,,17.0,7.0,11.0,10.0,2.0,0.0,3.0,2.0,2024,Ein Frankfurt,6
2024-03-10,Sun,Bundesliga,Away,W,2.0,1.0,Bochum,,9.0,5.0,11.0,11.0,7.0,0.0,3.0,0.0,2024,Freiburg,6
2024-03-10,Sun,Bundesliga,Away,L,1.0,3.0,Ein Frankfurt,,6.0,2.0,10.0,11.0,3.0,2.0,2.0,0.0,2024,Hoffenheim,6
2024-03-10,Sun,Bundesliga,Home,W,2.0,0.0,Wolfsburg,,19.0,7.0,6.0,7.0,1.0,0.0,3.0,1.0,2024,Leverkusen,6
2024-03-10,Sun,Bundesliga,Away,L,0.0,2.0,Leverkusen,,2.0,1.0,7.0,6.0,3.0,1.0,1.0,0.0,2024,Wolfsburg,6
2024-03-15,Fri,Bundesliga,Home,L,1.0,5.0,RB Leipzig,,9.0,2.0,11.0,12.0,2.0,0.0,2.0,0.0,2024,FC Koln,4
2024-03-15,Fri,Bundesliga,Away,W,5.0,1.0,FC Koln,,23.0,7.0,12.0,11.0,2.0,0.0,2.0,0.0,2024,RB Leipzig,4
2024-03-16,Sat,Bundesliga,Away,W,3.0,1.0,Wolfsburg,,14.0,5.0,19.0,12.0,3.0,0.0,1.0,1.0,2024,Augsburg,5
2024-03-16,Sat,Bundesliga,Away,W,5.0,2.0,Darmstadt,,26.0,6.0,6.0,9.0,0.0,0.0,1.0,0.0,2024,Bayern Munich,5
2024-03-16,Sat,Bundesliga,Away,L,0.0,2.0,Mainz,,11.0,4.0,15.0,15.0,3.0,0.0,4.0,0.0,2024,Bochum,5
2024-03-16,Sat,Bundesliga,Home,L,2.0,5.0,Bayern Munich,,7.0,3.0,9.0,6.0,1.0,0.0,0.0,0.0,2024,Darmstadt,5
2024-03-16,Sat,Bundesliga,Home,D,1.0,1.0,M'gladbach,,16.0,5.0,16.0,8.0,1.0,0.0,3.0,0.0,2024,Heidenheim,5
2024-03-16,Sat,Bundesliga,Home,L,0.0,3.0,Stuttgart,,8.0,1.0,8.0,12.0,1.0,0.0,0.0,0.0,2024,Hoffenheim,5
2024-03-16,Sat,Bundesliga,Away,D,1.0,1.0,Heidenheim,,6.0,2.0,8.0,16.0,3.0,0.0,1.0,0.0,2024,M'gladbach,5
2024-03-16,Sat,Bundesliga,Home,W,2.0,0.0,Bochum,,13.0,4.0,15.0,15.0,4.0,0.0,3.0,0.0,2024,Mainz,5
2024-03-16,Sat,Bundesliga,Away,W,3.0,0.0,Hoffenheim,,25.0,12.0,12.0,8.0,0.0,0.0,1.0,0.0,2024,Stuttgart,5
2024-03-16,Sat,Bundesliga,Home,W,2.0,1.0,Werder Bremen,,11.0,5.0,16.0,16.0,3.0,0.0,5.0,0.0,2024,Union Berlin,5
2024-03-16,Sat,Bundesliga,Away,L,1.0,2.0,Union Berlin,,10.0,2.0,16.0,16.0,5.0,0.0,3.0,0.0,2024,Werder Bremen,5
2024-03-16,Sat,Bundesliga,Home,L,1.0,3.0,Augsburg,,15.0,4.0,12.0,19.0,1.0,1.0,3.0,0.0,2024,Wolfsburg,5
2024-03-17,Sun,Bundesliga,Home,W,3.0,1.0,Ein Frankfurt,,16.0,6.0,5.0,9.0,1.0,0.0,2.0,0.0,2024,Dortmund,6
2024-03-17,Sun,Bundesliga,Away,L,1.0,3.0,Dortmund,,8.0,6.0,9.0,5.0,2.0,0.0,1.0,0.0,2024,Ein Frankfurt,6
2024-03-17,Sun,Bundesliga,Home,L,2.0,3.0,Leverkusen,,9.0,3.0,13.0,6.0,1.0,0.0,0.0,0.0,2024,Freiburg,6
2024-03-17,Sun,Bundesliga,Away,W,3.0,2.0,Freiburg,,18.0,7.0,6.0,13.0,0.0,0.0,1.0,0.0,2024,Leverkusen,6
2024-03-30,Sat,Bundesliga,Home,L,0.0,2.0,Dortmund,,16.0,3.0,7.0,7.0,0.0,0.0,0.0,0.0,2024,Bayern Munich,5
2024-03-30,Sat,Bundesliga,Away,W,2.0,0.0,Bayern Munich,,11.0,5.0,7.0,7.0,0.0,0.0,0.0,0.0,2024,Dortmund,5
2024-03-30,Sat,Bundesliga,Home,D,0.0,0.0,Union Berlin,,18.0,4.0,8.0,14.0,3.0,0.0,1.0,0.0,2024,Ein Frankfurt,5
2024-03-30,Sat,Bundesliga,Away,W,3.0,0.0,M'gladbach,,13.0,8.0,7.0,11.0,0.0,0.0,1.0,0.0,2024,Freiburg,5
2024-03-30,Sat,Bundesliga,Away,L,1.0,2.0,Leverkusen,,6.0,2.0,8.0,9.0,1.0,0.0,0.0,0.0,2024,Hoffenheim,5
2024-03-30,Sat,Bundesliga,Home,W,2.0,1.0,Hoffenheim,,36.0,12.0,9.0,8.0,0.0,0.0,1.0,0.0,2024,Leverkusen,5
2024-03-30,Sat,Bundesliga,Home,L,0.0,3.0,Freiburg,,18.0,4.0,11.0,7.0,1.0,0.0,0.0,0.0,2024,M'gladbach,5
2024-03-30,Sat,Bundesliga,Away,D,0.0,0.0,RB Leipzig,,8.0,2.0,15.0,10.0,5.0,0.0,2.0,0.0,2024,Mainz,5
2024-03-30,Sat,Bundesliga,Home,D,0.0,0.0,Mainz,,23.0,10.0,10.0,15.0,2.0,0.0,5.0,0.0,2024,RB Leipzig,5
2024-03-30,Sat,Bundesliga,Away,D,0.0,0.0,Ein Frankfurt,,10.0,2.0,14.0,8.0,1.0,0.0,3.0,0.0,2024,Union Berlin,5
2024-03-30,Sat,Bundesliga,Home,L,0.0,2.0,Wolfsburg,,6.0,1.0,13.0,15.0,4.0,1.0,4.0,1.0,2024,Werder Bremen,5
2024-03-30,Sat,Bundesliga,Away,W,2.0,0.0,Werder Bremen,,15.0,5.0,15.0,13.0,4.0,1.0,4.0,1.0,2024,Wolfsburg,5
2024-03-31,Sun,Bundesliga,Home,D,1.0,1.0,FC Koln,,24.0,6.0,9.0,13.0,0.0,0.0,3.0,0.0,2024,Augsburg,6
2024-03-31,Sun,Bundesliga,Home,D,2.0,2.0,Darmstadt,,20.0,7.0,7.0,15.0,2.0,0.0,2.0,0.0,2024,Bochum,6
2024-03-31,Sun,Bundesliga,Away,D,2.0,2.0,Bochum,,13.0,3.0,15.0,7.0,2.0,0.0,2.0,0.0,2024,Darmstadt,6
2024-03-31,Sun,Bundesliga,Away,D,1.0,1.0,Augsburg,,12.0,2.0,13.0,9.0,3.0,0.0,0.0,0.0,2024,FC Koln,6
2024-03-31,Sun,Bundesliga,Away,D,3.0,3.0,Stuttgart,,6.0,3.0,9.0,5.0,0.0,1.0,1.0,0.0,2024,Heidenheim,6
2024-03-31,Sun,Bundesliga,Home,D,3.0,3.0,Heidenheim,,20.0,6.0,5.0,9.0,1.0,0.0,0.0,1.0,2024,Stuttgart,6
2024-04-05,Fri,Bundesliga,Home,D,1.0,1.0,Werder Bremen,,19.0,5.0,10.0,14.0,3.0,1.0,2.0,1.0,2024,Ein Frankfurt,4
2024-04-05,Fri,Bundesliga,Away,D,1.0,1.0,Ein Frankfurt,,10.0,7.0,14.0,10.0,2.0,1.0,3.0,1.0,2024,Werder Bremen,4
2024-04-06,Sat,Bundesliga,Away,L,2.0,3.0,Heidenheim,,15.0,8.0,8.0,9.0,0.0,0.0,2.0,0.0,2024,Bayern Munich,5
2024-04-06,Sat,Bundesliga,Away,L,1.0,2.0,FC Koln,,8.0,2.0,13.0,16.0,3.0,0.0,3.0,0.0,2024,Bochum,5
2024-04-06,Sat,Bundesliga,Away,L,0.0,4.0,Mainz,,14.0,2.0,9.0,16.0,3.0,0.0,2.0,0.0,2024,Darmstadt,5
2024-04-06,Sat,Bundesliga,Home,L,0.0,1.0,Stuttgart,,14.0,7.0,8.0,8.0,2.0,0.0,4.0,0.0,2024,Dortmund,5
2024-04-06,Sat,Bundesliga,Home,W,2.0,1.0,Bochum,,17.0,6.0,16.0,13.0,3.0,0.0,3.0,0.0,2024,FC Koln,5
2024-04-06,Sat,Bundesliga,Home,L,1.0,4.0,RB Leipzig,,15.0,4.0,7.0,12.0,3.0,0.0,4.0,0.0,2024,Freiburg,5
2024-04-06,Sat,Bundesliga,Home,W,3.0,2.0,Bayern Munich,,9.0,4.0,9.0,8.0,2.0,0.0,0.0,0.0,2024,Heidenheim,5
2024-04-06,Sat,Bundesliga,Away,W,1.0,0.0,Union Berlin,,19.0,8.0,14.0,10.0,2.0,0.0,3.0,1.0,2024,Leverkusen,5
2024-04-06,Sat,Bundesliga,Home,W,4.0,0.0,Darmstadt,,18.0,9.0,16.0,9.0,2.0,0.0,3.0,0.0,2024,Mainz,5
2024-04-06,Sat,Bundesliga,Away,W,4.0,1.0,Freiburg,,15.0,6.0,12.0,7.0,4.0,0.0,3.0,0.0,2024,RB Leipzig,5
2024-04-06,Sat,Bundesliga,Away,W,1.0,0.0,Dortmund,,10.0,2.0,8.0,8.0,4.0,0.0,2.0,0.0,2024,Stuttgart,5
2024-04-06,Sat,Bundesliga,Home,L,0.0,1.0,Leverkusen,,8.0,1.0,10.0,14.0,3.0,1.0,2.0,0.0,2024,Union Berlin,5
2024-04-07,Sun,Bundesliga,Away,L,1.0,3.0,Hoffenheim,,14.0,7.0,14.0,8.0,1.0,0.0,3.0,0.0,2024,Augsburg,6
2024-04-07,Sun,Bundesliga,Home,W,3.0,1.0,Augsburg,,17.0,6.0,8.0,14.0,3.0,0.0,1.0,0.0,2024,Hoffenheim,6
2024-04-07,Sun,Bundesliga,Away,W,3.0,1.0,Wolfsburg,,10.0,6.0,12.0,9.0,2.0,0.0,2.0,0.0,2024,M'gladbach,6
2024-04-07,Sun,Bundesliga,Home,L,1.0,3.0,M'gladbach,,13.0,4.0,9.0,12.0,2.0,0.0,2.0,0.0,2024,Wolfsburg,6
2024-04-12,Fri,Bundesliga,Home,W,2.0,0.0,Union Berlin,,12.0,4.0,15.0,14.0,1.0,0.0,1.0,0.0,2024,Augsburg,4
2024-04-12,Fri,Bundesliga,Away,L,0.0,2.0,Augsburg,,17.0,4.0,14.0,15.0,1.0,0.0,1.0,0.0,2024,Union Berlin,4
2024-04-13,Sat,Bundesliga,Home,W,2.0,0.0,FC Koln,,17.0,7.0,3.0,15.0,0.0,0.0,3.0,0.0,2024,Bayern Munich,5
2024-04-13,Sat,Bundesliga,Home,D,1.0,1.0,Heidenheim,,24.0,5.0,12.0,22.0,4.0,0.0,1.0,0.0,2024,Bochum,5
2024-04-13,Sat,Bundesliga,Away,W,2.0,1.0,M'gladbach,,12.0,4.0,11.0,13.0,4.0,1.0,1.0,0.0,2024,Dortmund,5
2024-04-13,Sat,Bundesliga,Away,L,0.0,3.0,Stuttgart,,10.0,3.0,15.0,4.0,3.0,0.0,1.0,0.0,2024,Ein Frankfurt,5
2024-04-13,Sat,Bundesliga,Away,L,0.0,2.0,Bayern Munich,,11.0,5.0,15.0,3.0,3.0,0.0,0.0,0.0,2024,FC Koln,5
2024-04-13,Sat,Bundesliga,Away,D,1.0,1.0,Bochum,,10.0,3.0,22.0,12.0,1.0,0.0,4.0,0.0,2024,Heidenheim,5
2024-04-13,Sat,Bundesliga,Away,L,1.0,4.0,Mainz,,5.0,1.0,14.0,12.0,2.0,0.0,0.0,0.0,2024,Hoffenheim,5
2024-04-13,Sat,Bundesliga,Home,L,1.0,2.0,Dortmund,,16.0,5.0,13.0,11.0,1.0,0.0,4.0,1.0,2024,M'gladbach,5
2024-04-13,Sat,Bundesliga,Home,W,4.0,1.0,Hoffenheim,,23.0,8.0,12.0,14.0,0.0,0.0,2.0,0.0,2024,Mainz,5
2024-04-13,Sat,Bundesliga,Home,W,3.0,0.0,Wolfsburg,,15.0,6.0,12.0,7.0,2.0,0.0,4.0,0.0,2024,RB Leipzig,5
2024-04-13,Sat,Bundesliga,Home,W,3.0,0.0,Ein Frankfurt,,9.0,6.0,4.0,15.0,1.0,0.0,3.0,0.0,2024,Stuttgart,5
2024-04-13,Sat,Bundesliga,Away,L,0.0,3.0,RB Leipzig,,10.0,3.0,7.0,12.0,4.0,0.0,2.0,0.0,2024,Wolfsburg,5
2024-04-14,Sun,Bundesliga,Home,L,0.0,1.0,Freiburg,,16.0,4.0,6.0,12.0,0.0,0.0,1.0,0.0,2024,Darmstadt,6
2024-04-14,Sun,Bundesliga,Away,W,1.0,0.0,Darmstadt,,9.0,3.0,12.0,6.0,1.0,0.0,0.0,0.0,2024,Freiburg,6
2024-04-14,Sun,Bundesliga,Home,W,5.0,0.0,Werder Bremen,,19.0,10.0,10.0,4.0,2.0,0.0,1.0,0.0,2024,Leverkusen,6
2024-04-14,Sun,Bundesliga,Away,L,0.0,5.0,Leverkusen,,7.0,3.0,4.0,10.0,1.0,0.0,2.0,0.0,2024,Werder Bremen,6
2024-04-19,Fri,Bundesliga,Away,L,1.0,3.0,Ein Frankfurt,,6.0,1.0,19.0,2.0,3.0,0.0,3.0,0.0,2024,Augsburg,4
2024-04-19,Fri,Bundesliga,Home,W,3.0,1.0,Augsburg,,12.0,7.0,2.0,19.0,3.0,0.0,3.0,0.0,2024,Ein Frankfurt,4
2024-04-20,Sat,Bundesliga,Away,W,5.0,1.0,Union Berlin,,18.0,9.0,4.0,5.0,0.0,0.0,0.0,0.0,2024,Bayern Munich,5
2024-04-20,Sat,Bundesliga,Away,L,0.0,1.0,Wolfsburg,,9.0,1.0,16.0,11.0,3.0,0.0,4.0,0.0,2024,Bochum,5
2024-04-20,Sat,Bundesliga,Away,W,2.0,0.0,FC Koln,,12.0,6.0,13.0,10.0,1.0,0.0,0.0,0.0,2024,Darmstadt,5
2024-04-20,Sat,Bundesliga,Home,L,0.0,2.0,Darmstadt,,18.0,4.0,10.0,13.0,0.0,0.0,1.0,0.0,2024,FC Koln,5
2024-04-20,Sat,Bundesliga,Home,L,1.0,2.0,RB Leipzig,,9.0,5.0,14.0,7.0,3.0,0.0,1.0,0.0,2024,Heidenheim,5
2024-04-20,Sat,Bundesliga,Home,W,4.0,3.0,M'gladbach,,27.0,9.0,6.0,11.0,1.0,0.0,3.0,0.0,2024,Hoffenheim,5
2024-04-20,Sat,Bundesliga,Away,L,3.0,4.0,Hoffenheim,,13.0,7.0,11.0,6.0,3.0,0.0,1.0,0.0,2024,M'gladbach,5
2024-04-20,Sat,Bundesliga,Away,W,2.0,1.0,Heidenheim,,11.0,4.0,7.0,14.0,1.0,0.0,3.0,0.0,2024,RB Leipzig,5
2024-04-20,Sat,Bundesliga,Home,L,1.0,5.0,Bayern Munich,,15.0,4.0,5.0,4.0,0.0,0.0,0.0,0.0,2024,Union Berlin,5
2024-04-20,Sat,Bundesliga,Home,W,1.0,0.0,Bochum,,10.0,5.0,11.0,16.0,4.0,0.0,3.0,0.0,2024,Wolfsburg,5
2024-04-21,Sun,Bundesliga,Home,D,1.0,1.0,Leverkusen,,9.0,2.0,14.0,11.0,4.0,0.0,3.0,0.0,2024,Dortmund,6
2024-04-21,Sun,Bundesliga,Home,D,1.0,1.0,Mainz,,7.0,3.0,17.0,15.0,3.0,0.0,4.0,0.0,2024,Freiburg,6
2024-04-21,Sun,Bundesliga,Away,D,1.0,1.0,Dortmund,,13.0,5.0,11.0,14.0,3.0,0.0,4.0,0.0,2024,Leverkusen,6
2024-04-21,Sun,Bundesliga,Away,D,1.0,1.0,Freiburg,,17.0,4.0,15.0,17.0,4.0,0.0,3.0,0.0,2024,Mainz,6
2024-04-21,Sun,Bundesliga,Away,L,1.0,2.0,Werder Bremen,,14.0,5.0,10.0,11.0,3.0,0.0,3.0,0.0,2024,Stuttgart,6
2024-04-21,Sun,Bundesliga,Home,W,2.0,1.0,Stuttgart,,9.0,2.0,11.0,10.0,3.0,0.0,3.0,0.0,2024,Werder Bremen,6
2024-04-26,Fri,Bundesliga,Home,W,3.0,2.0,Hoffenheim,,35.0,13.0,13.0,10.0,1.0,0.0,1.0,0.0,2024,Bochum,4
2024-04-26,Fri,Bundesliga,Away,L,2.0,3.0,Bochum,,12.0,4.0,10.0,13.0,1.0,0.0,1.0,0.0,2024,Hoffenheim,4
2024-04-27,Sat,Bundesliga,Home,L,0.0,3.0,Werder Bremen,,14.0,1.0,18.0,8.0,1.0,0.0,2.0,0.0,2024,Augsburg,5
2024-04-27,Sat,Bundesliga,Home,W,2.0,1.0,Ein Frankfurt,,19.0,9.0,11.0,7.0,0.0,0.0,3.0,0.0,2024,Bayern Munich,5
2024-04-27,Sat,Bundesliga,Away,L,1.0,4.0,RB Leipzig,,12.0,5.0,7.0,11.0,2.0,0.0,1.0,0.0,2024,Dortmund,5
2024-04-27,Sat,Bundesliga,Away,L,1.0,2.0,Bayern Munich,,10.0,3.0,7.0,11.0,3.0,0.0,0.0,0.0,2024,Ein Frankfurt,5
2024-04-27,Sat,Bundesliga,Home,L,1.0,2.0,Wolfsburg,,16.0,3.0,12.0,7.0,4.0,1.0,2.0,0.0,2024,Freiburg,5
2024-04-27,Sat,Bundesliga,Home,D,2.0,2.0,Stuttgart,,14.0,6.0,10.0,19.0,4.0,0.0,3.0,0.0,2024,Leverkusen,5
2024-04-27,Sat,Bundesliga,Home,W,4.0,1.0,Dortmund,,21.0,7.0,11.0,7.0,1.0,0.0,2.0,0.0,2024,RB Leipzig,5
2024-04-27,Sat,Bundesliga,Away,D,2.0,2.0,Leverkusen,,11.0,4.0,19.0,10.0,3.0,0.0,4.0,0.0,2024,Stuttgart,5
2024-04-27,Sat,Bundesliga,Away,W,3.0,0.0,Augsburg,,16.0,8.0,8.0,18.0,2.0,0.0,1.0,0.0,2024,Werder Bremen,5
2024-04-27,Sat,Bundesliga,Away,W,2.0,1.0,Freiburg,,13.0,5.0,7.0,12.0,2.0,0.0,4.0,1.0,2024,Wolfsburg,5
2024-04-28,Sun,Bundesliga,Home,L,0.0,1.0,Heidenheim,,12.0,4.0,14.0,12.0,2.0,0.0,1.0,0.0,2024,Darmstadt,6
2024-04-28,Sun,Bundesliga,Away,D,1.0,1.0,Mainz,,16.0,6.0,13.0,17.0,4.0,0.0,4.0,1.0,2024,FC Koln,6
2024-04-28,Sun,Bundesliga,Away,W,1.0,0.0,Darmstadt,,19.0,6.0,12.0,14.0,1.0,0.0,2.0,0.0,2024,Heidenheim,6
2024-04-28,Sun,Bundesliga,Home,D,0.0,0.0,Union Berlin,,13.0,4.0,3.0,13.0,2.0,0.0,2.0,0.0,2024,M'gladbach,6
2024-04-28,Sun,Bundesliga,Home,D,1.0,1.0,FC Koln,,16.0,4.0,17.0,13.0,4.0,1.0,4.0,0.0,2024,Mainz,6
2024-04-28,Sun,Bundesliga,Away,D,0.0,0.0,M'gladbach,,14.0,7.0,13.0,3.0,2.0,0.0,2.0,0.0,2024,Union Berlin,6
2024-05-03,Fri,Bundesliga,Home,D,1.0,1.0,RB Leipzig,,18.0,8.0,6.0,8.0,1.0,0.0,3.0,1.0,2024,Hoffenheim,4
2024-05-03,Fri,Bundesliga,Away,D,1.0,1.0,Hoffenheim,,8.0,5.0,8.0,6.0,3.0,1.0,1.0,0.0,2024,RB Leipzig,4
2024-05-04,Sat,Bundesliga,Away,L,1.0,5.0,Dortmund,,20.0,4.0,11.0,4.0,1.0,0.0,0.0,0.0,2024,Augsburg,5
2024-05-04,Sat,Bundesliga,Away,L,1.0,3.0,Stuttgart,,10.0,3.0,8.0,10.0,2.0,0.0,1.0,0.0,2024,Bayern Munich,5
2024-05-04,Sat,Bundesliga,Away,L,0.0,3.0,Wolfsburg,,6.0,1.0,13.0,11.0,3.0,0.0,0.0,0.0,2024,Darmstadt,5
2024-05-04,Sat,Bundesliga,Home,W,5.0,1.0,Augsburg,,21.0,10.0,4.0,11.0,0.0,0.0,1.0,0.0,2024,Dortmund,5
2024-05-04,Sat,Bundesliga,Home,D,0.0,0.0,Freiburg,,20.0,7.0,10.0,9.0,1.0,0.0,1.0,0.0,2024,FC Koln,5
2024-05-04,Sat,Bundesliga,Away,D,0.0,0.0,FC Koln,,4.0,0.0,9.0,10.0,1.0,0.0,1.0,0.0,2024,Freiburg,5
2024-05-04,Sat,Bundesliga,Away,D,2.0,2.0,Werder Bremen,,17.0,7.0,7.0,6.0,0.0,0.0,0.0,0.0,2024,M'gladbach,5
2024-05-04,Sat,Bundesliga,Home,W,3.0,1.0,Bayern Munich,,24.0,11.0,10.0,8.0,1.0,0.0,2.0,0.0,2024,Stuttgart,5
2024-05-04,Sat,Bundesliga,Home,D,2.0,2.0,M'gladbach,,17.0,6.0,6.0,7.0,0.0,0.0,0.0,0.0,2024,Werder Bremen,5
2024-05-04,Sat,Bundesliga,Home,W,3.0,0.0,Darmstadt,,18.0,6.0,11.0,13.0,0.0,0.0,3.0,0.0,2024,Wolfsburg,5
2024-05-05,Sun,Bundesliga,Away,W,4.0,3.0,Union Berlin,,17.0,5.0,16.0,13.0,1.0,0.0,0.0,0.0,2024,Bochum,6
2024-05-05,Sun,Bundesliga,Home,L,1.0,5.0,Leverkusen,,16.0,5.0,10.0,4.0,0.0,0.0,0.0,0.0,2024,Ein Frankfurt,6
2024-05-05,Sun,Bundesliga,Home,D,1.0,1.0,Mainz,,16.0,6.0,8.0,8.0,2.0,0.0,3.0,0.0,2024,Heidenheim,6
2024-05-05,Sun,Bundesliga,Away,W,5.0,1.0,Ein Frankfurt,,10.0,6.0,4.0,10.0,0.0,0.0,0.0,0.0,2024,Leverkusen,6
2024-05-05,Sun,Bundesliga,Away,D,1.0,1.0,Heidenheim,,10.0,4.0,8.0,8.0,3.0,0.0,2.0,0.0,2024,Mainz,6
2024-05-05,Sun,Bundesliga,Home,L,3.0,4.0,Bochum,,12.0,6.0,13.0,16.0,0.0,0.0,1.0,0.0,2024,Union Berlin,6
2024-05-10,Fri,Bundesliga,Home,L,0.0,1.0,Stuttgart,,9.0,1.0,15.0,9.0,4.0,0.0,2.0,0.0,2024,Augsburg,4
2024-05-10,Fri,Bundesliga,Away,W,1.0,0.0,Augsburg,,19.0,7.0,9.0,15.0,2.0,0.0,4.0,0.0,2024,Stuttgart,4
2024-05-11,Sat,Bundesliga,Away,L,0.0,3.0,Mainz,,10.0,2.0,11.0,14.0,2.0,0.0,2.0,0.0,2024,Dortmund,5
2024-05-11,Sat,Bundesliga,Away,D,1.0,1.0,M'gladbach,,16.0,1.0,10.0,9.0,0.0,0.0,1.0,0.0,2024,Ein Frankfurt,5
2024-05-11,Sat,Bundesliga,Home,W,3.0,2.0,Union Berlin,,18.0,5.0,15.0,16.0,3.0,0.0,2.0,0.0,2024,FC Koln,5
2024-05-11,Sat,Bundesliga,Home,D,1.0,1.0,Heidenheim,,19.0,3.0,9.0,11.0,1.0,0.0,1.0,0.0,2024,Freiburg,5
2024-05-11,Sat,Bundesliga,Away,D,1.0,1.0,Freiburg,,9.0,3.0,11.0,9.0,1.0,0.0,1.0,0.0,2024,Heidenheim,5
2024-05-11,Sat,Bundesliga,Home,D,1.0,1.0,Ein Frankfurt,,6.0,3.0,9.0,10.0,1.0,0.0,0.0,0.0,2024,M'gladbach,5
2024-05-11,Sat,Bundesliga,Home,W,3.0,0.0,Dortmund,,14.0,6.0,14.0,11.0,2.0,0.0,2.0,0.0,2024,Mainz,5
2024-05-11,Sat,Bundesliga,Home,D,1.0,1.0,Werder Bremen,,13.0,5.0,12.0,6.0,1.0,0.0,0.0,0.0,2024,RB Leipzig,5
2024-05-11,Sat,Bundesliga,Away,L,2.0,3.0,FC Koln,,14.0,6.0,16.0,15.0,2.0,0.0,3.0,0.0,2024,Union Berlin,5
2024-05-11,Sat,Bundesliga,Away,D,1.0,1.0,RB Leipzig,,10.0,1.0,6.0,12.0,0.0,0.0,1.0,0.0,2024,Werder Bremen,5
2024-05-12,Sun,Bundesliga,Home,W,2.0,0.0,Wolfsburg,,5.0,3.0,7.0,8.0,0.0,0.0,2.0,0.0,2024,Bayern Munich,6
2024-05-12,Sun,Bundesliga,Home,L,0.0,5.0,Leverkusen,,2.0,0.0,5.0,10.0,2.0,1.0,1.0,0.0,2024,Bochum,6
2024-05-12,Sun,Bundesliga,Home,L,0.0,6.0,Hoffenheim,,9.0,1.0,9.0,3.0,3.0,0.0,0.0,0.0,2024,Darmstadt,6
2024-05-12,Sun,Bundesliga,Away,W,6.0,0.0,Darmstadt,,12.0,7.0,3.0,9.0,0.0,0.0,3.0,0.0,2024,Hoffenheim,6
2024-05-12,Sun,Bundesliga,Away,W,5.0,0.0,Bochum,,28.0,10.0,10.0,5.0,1.0,0.0,2.0,1.0,2024,Leverkusen,6
2024-05-12,Sun,Bundesliga,Away,L,0.0,2.0,Bayern Munich,,5.0,2.0,8.0,7.0,2.0,0.0,0.0,0.0,2024,Wolfsburg,6
2024-05-18,Sat,Bundesliga,Away,L,1.0,2.0,Leverkusen,,8.0,2.0,7.0,6.0,1.0,0.0,0.0,0.0,2024,Augsburg,5
2024-05-18,Sat,Bundesliga,Away,L,2.0,4.0,Hoffenheim,,12.0,4.0,9.0,7.0,1.0,0.0,3.0,0.0,2024,Bayern Munich,5
2024-05-18,Sat,Bundesliga,Away,L,1.0,4.0,Werder Bremen,,26.0,8.0,12.0,12.0,1.0,0.0,1.0,0.0,2024,Bochum,5
2024-05-18,Sat,Bundesliga,Away,L,0.0,4.0,Dortmund,,7.0,1.0,10.0,4.0,3.0,0.0,0.0,0.0,2024,Darmstadt,5
2024-05-18,Sat,Bundesliga,Home,W,4.0,0.0,Darmstadt,,21.0,10.0,4.0,10.0,0.0,0.0,3.0,0.0,2024,Dortmund,5
2024-05-18,Sat,Bundesliga,Home,D,2.0,2.0,RB Leipzig,,19.0,6.0,10.0,11.0,2.0,0.0,2.0,0.0,2024,Ein Frankfurt,5
2024-05-18,Sat,Bundesliga,Away,L,1.0,4.0,Heidenheim,,19.0,9.0,20.0,9.0,3.0,0.0,1.0,0.0,2024,FC Koln,5
2024-05-18,Sat,Bundesliga,Away,L,1.0,2.0,Union Berlin,,11.0,5.0,9.0,14.0,4.0,0.0,7.0,0.0,2024,Freiburg,5
2024-05-18,Sat,Bundesliga,Home,W,4.0,1.0,FC Koln,,13.0,7.0,9.0,20.0,1.0,0.0,3.0,0.0,2024,Heidenheim,5
2024-05-18,Sat,Bundesliga,Home,W,4.0,2.0,Bayern Munich,,17.0,9.0,7.0,9.0,3.0,0.0,1.0,0.0,2024,Hoffenheim,5
2024-05-18,Sat,Bundesliga,Home,W,2.0,1.0,Augsburg,,19.0,8.0,6.0,7.0,0.0,0.0,1.0,0.0,2024,Leverkusen,5
2024-05-18,Sat,Bundesliga,Away,L,0.0,4.0,Stuttgart,,13.0,5.0,9.0,4.0,2.0,0.0,1.0,0.0,2024,M'gladbach,5
2024-05-18,Sat,Bundesliga,Away,W,3.0,1.0,Wolfsburg,,12.0,6.0,15.0,13.0,3.0,0.0,2.0,0.0,2024,Mainz,5
2024-05-18,Sat,Bundesliga,Away,D,2.0,2.0,Ein Frankfurt,,9.0,5.0,11.0,10.0,2.0,0.0,2.0,0.0,2024,RB Leipzig,5
2024-05-18,Sat,Bundesliga,Home,W,4.0,0.0,M'gladbach,,21.0,11.0,4.0,9.0,1.0,0.0,2.0,0.0,2024,Stuttgart,5
2024-05-18,Sat,Bundesliga,Home,W,2.0,1.0,Freiburg,,14.0,5.0,14.0,9.0,7.0,0.0,4.0,0.0,2024,Union Berlin,5
2024-05-18,Sat,Bundesliga,Home,W,4.0,1.0,Bochum,,25.0,12.0,12.0,12.0,1.0,0.0,1.0,0.0,2024,Werder Bremen,5
2024-05-18,Sat,Bundesliga,Home,L,1.0,3.0,Mainz,,12.0,4.0,13.0,15.0,2.0,0.0,3.0,0.0,2024,Wolfsburg,5
2024-08-23,Fri,Bundesliga,Away,W,3.0,2.0,M'gladbach,,25.0,9.0,7.0,11.0,0.0,0.0,1.0,0.0,2025,Leverkusen,4
2024-08-23,Fri,Bundesliga,Home,L,2.0,3.0,Leverkusen,,14.0,7.0,11.0,7.0,1.0,0.0,0.0,0.0,2025,M'gladbach,4
2024-08-24,Sat,Bundesliga,Home,D,2.0,2.0,Werder Bremen,,10.0,3.0,11.0,10.0,3.0,0.0,1.0,0.0,2025,Augsburg,5
2024-08-24,Sat,Bundesliga,Away,L,0.0,1.0,RB Leipzig,,10.0,4.0,17.0,9.0,3.0,0.0,1.0,1.0,2025,Bochum,5
2024-08-24,Sat,Bundesliga,Home,W,2.0,0.0,Ein Frankfurt,,17.0,5.0,6.0,3.0,0.0,0.0,1.0,0.0,2025,Dortmund,5
2024-08-24,Sat,Bundesliga,Away,L,0.0,2.0,Dortmund,,7.0,2.0,3.0,6.0,1.0,0.0,0.0,0.0,2025,Ein Frankfurt,5
2024-08-24,Sat,Bundesliga,Home,W,3.0,1.0,Stuttgart,,15.0,4.0,7.0,10.0,2.0,0.0,1.0,0.0,2025,Freiburg,5
2024-08-24,Sat,Bundesliga,Home,W,3.0,2.0,Holstein Kiel,,20.0,8.0,8.0,14.0,2.0,0.0,3.0,1.0,2025,Hoffenheim,5
2024-08-24,Sat,Bundesliga,Away,L,2.0,3.0,Hoffenheim,,15.0,6.0,14.0,8.0,3.0,1.0,2.0,0.0,2025,Holstein Kiel,5
2024-08-24,Sat,Bundesliga,Home,D,1.0,1.0,Union Berlin,,15.0,3.0,9.0,15.0,1.0,0.0,3.0,0.0,2025,Mainz,5
2024-08-24,Sat,Bundesliga,Home,W,1.0,0.0,Bochum,,12.0,3.0,9.0,17.0,1.0,1.0,3.0,0.0,2025,RB Leipzig,5
2024-08-24,Sat,Bundesliga,Away,L,1.0,3.0,Freiburg,,9.0,2.0,10.0,7.0,1.0,0.0,2.0,0.0,2025,Stuttgart,5
2024-08-24,Sat,Bundesliga,Away,D,1.0,1.0,Mainz,,15.0,4.0,15.0,9.0,3.0,0.0,1.0,0.0,2025,Union Berlin,5
2024-08-24,Sat,Bundesliga,Away,D,2.0,2.0,Augsburg,,12.0,6.0,10.0,11.0,1.0,0.0,3.0,0.0,2025,Werder Bremen,5
2024-08-25,Sun,Bundesliga,Away,W,3.0,2.0,Wolfsburg,,14.0,8.0,11.0,13.0,3.0,0.0,2.0,0.0,2025,Bayern Munich,6
2024-08-25,Sun,Bundesliga,Away,W,2.0,0.0,St Pauli,,6.0,3.0,15.0,10.0,3.0,0.0,2.0,0.0,2025,Heidenheim,6
2024-08-25,Sun,Bundesliga,Home,L,0.0,2.0,Heidenheim,,11.0,3.0,10.0,15.0,2.0,0.0,3.0,0.0,2025,St Pauli,6
2024-08-25,Sun,Bundesliga,Home,L,2.0,3.0,Bayern Munich,,11.0,2.0,13.0,11.0,2.0,0.0,3.0,0.0,2025,Wolfsburg,6
2024-08-30,Fri,Bundesliga,Away,L,0.0,1.0,Union Berlin,,8.0,2.0,11.0,10.0,1.0,0.0,3.0,0.0,2025,St Pauli,4
2024-08-30,Fri,Bundesliga,Home,W,1.0,0.0,St Pauli,,10.0,5.0,10.0,11.0,3.0,0.0,1.0,0.0,2025,Union Berlin,4
2024-08-31,Sat,Bundesliga,Home,L,0.0,2.0,M'gladbach,,16.0,4.0,9.0,10.0,1.0,0.0,0.0,0.0,2025,Bochum,5
2024-08-31,Sat,Bundesliga,Away,D,0.0,0.0,Werder Bremen,,9.0,4.0,16.0,11.0,7.0,1.0,2.0,0.0,2025,Dortmund,5
2024-08-31,Sat,Bundesliga,Home,W,3.0,1.0,Hoffenheim,,17.0,7.0,10.0,10.0,0.0,0.0,3.0,0.0,2025,Ein Frankfurt,5
2024-08-31,Sat,Bundesliga,Away,L,1.0,3.0,Ein Frankfurt,,10.0,3.0,10.0,10.0,3.0,0.0,0.0,0.0,2025,Hoffenheim,5
2024-08-31,Sat,Bundesliga,Home,L,0.0,2.0,Wolfsburg,,12.0,5.0,17.0,14.0,4.0,0.0,7.0,0.0,2025,Holstein Kiel,5
2024-08-31,Sat,Bundesliga,Home,L,2.0,3.0,RB Leipzig,,27.0,10.0,7.0,8.0,3.0,0.0,1.0,0.0,2025,Leverkusen,5
2024-08-31,Sat,Bundesliga,Away,W,2.0,0.0,Bochum,,15.0,6.0,10.0,9.0,0.0,0.0,1.0,0.0,2025,M'gladbach,5
2024-08-31,Sat,Bundesliga,Away,D,3.0,3.0,Stuttgart,,9.0,7.0,12.0,6.0,2.0,0.0,4.0,0.0,2025,Mainz,5
2024-08-31,Sat,Bundesliga,Away,W,3.0,2.0,Leverkusen,,10.0,4.0,8.0,7.0,1.0,0.0,3.0,0.0,2025,RB Leipzig,5
2024-08-31,Sat,Bundesliga,Home,D,3.0,3.0,Mainz,,28.0,13.0,6.0,12.0,4.0,0.0,2.0,0.0,2025,Stuttgart,5
2024-08-31,Sat,Bundesliga,Home,D,0.0,0.0,Dortmund,,5.0,1.0,11.0,16.0,2.0,0.0,7.0,1.0,2025,Werder Bremen,5
2024-08-31,Sat,Bundesliga,Away,W,2.0,0.0,Holstein Kiel,,12.0,4.0,14.0,17.0,7.0,0.0,4.0,0.0,2025,Wolfsburg,5
2024-09-01,Sun,Bundesliga,Away,L,0.0,4.0,Heidenheim,,15.0,1.0,11.0,15.0,3.0,0.0,0.0,0.0,2025,Augsburg,6
2024-09-01,Sun,Bundesliga,Home,W,2.0,0.0,Freiburg,,11.0,4.0,13.0,12.0,1.0,0.0,0.0,0.0,2025,Bayern Munich,6
2024-09-01,Sun,Bundesliga,Away,L,0.0,2.0,Bayern Munich,,8.0,4.0,12.0,13.0,0.0,0.0,1.0,0.0,2025,Freiburg,6
2024-09-01,Sun,Bundesliga,Home,W,4.0,0.0,Augsburg,,17.0,9.0,15.0,11.0,0.0,0.0,3.0,0.0,2025,Heidenheim,6
2024-09-13,Fri,Bundesliga,Home,W,4.0,2.0,Heidenheim,,13.0,7.0,13.0,18.0,2.0,0.0,2.0,0.0,2025,Dortmund,4
2024-09-13,Fri,Bundesliga,Away,L,2.0,4.0,Dortmund,,11.0,4.0,18.0,13.0,2.0,0.0,2.0,0.0,2025,Heidenheim,4
2024-09-14,Sat,Bundesliga,Away,W,6.0,1.0,Holstein Kiel,,23.0,13.0,11.0,12.0,1.0,0.0,0.0,0.0,2025,Bayern Munich,5
2024-09-14,Sat,Bundesliga,Away,L,1.0,2.0,Freiburg,,13.0,2.0,16.0,5.0,3.0,0.0,0.0,0.0,2025,Bochum,5
2024-09-14,Sat,Bundesliga,Away,W,2.0,1.0,Wolfsburg,,15.0,7.0,18.0,7.0,2.0,0.0,1.0,0.0,2025,Ein Frankfurt,5
2024-09-14,Sat,Bundesliga,Home,W,2.0,1.0,Bochum,,27.0,9.0,5.0,16.0,0.0,0.0,3.0,0.0,2025,Freiburg,5
2024-09-14,Sat,Bundesliga,Home,L,1.0,4.0,Leverkusen,,14.0,5.0,9.0,10.0,2.0,0.0,2.0,0.0,2025,Hoffenheim,5
2024-09-14,Sat,Bundesliga,Home,L,1.0,6.0,Bayern Munich,,5.0,1.0,12.0,11.0,0.0,0.0,1.0,0.0,2025,Holstein Kiel,5
2024-09-14,Sat,Bundesliga,Away,W,4.0,1.0,Hoffenheim,,20.0,8.0,10.0,9.0,2.0,0.0,2.0,0.0,2025,Leverkusen,5
2024-09-14,Sat,Bundesliga,Home,L,1.0,3.0,Stuttgart,,15.0,7.0,14.0,12.0,2.0,0.0,2.0,0.0,2025,M'gladbach,5
2024-09-14,Sat,Bundesliga,Home,D,0.0,0.0,Union Berlin,,16.0,3.0,9.0,19.0,2.0,0.0,3.0,0.0,2025,RB Leipzig,5
2024-09-14,Sat,Bundesliga,Away,W,3.0,1.0,M'gladbach,,12.0,7.0,12.0,14.0,2.0,0.0,2.0,0.0,2025,Stuttgart,5
2024-09-14,Sat,Bundesliga,Away,D,0.0,0.0,RB Leipzig,,11.0,3.0,19.0,9.0,3.0,0.0,2.0,0.0,2025,Union Berlin,5
2024-09-14,Sat,Bundesliga,Home,L,1.0,2.0,Ein Frankfurt,,17.0,4.0,7.0,18.0,1.0,0.0,2.0,0.0,2025,Wolfsburg,5
2024-09-15,Sun,Bundesliga,Home,W,3.0,1.0,St Pauli,,18.0,10.0,12.0,10.0,4.0,0.0,3.0,0.0,2025,Augsburg,6
2024-09-15,Sun,Bundesliga,Home,L,1.0,2.0,Werder Bremen,,11.0,5.0,12.0,7.0,3.0,0.0,1.0,1.0,2025,Mainz,6
2024-09-15,Sun,Bundesliga,Away,L,1.0,3.0,Augsburg,,12.0,3.0,10.0,12.0,3.0,0.0,4.0,0.0,2025,St Pauli,6
2024-09-15,Sun,Bundesliga,Away,W,2.0,1.0,Mainz,,11.0,5.0,7.0,12.0,1.0,1.0,3.0,0.0,2025,Werder Bremen,6
2024-09-20,Fri,Bundesliga,Home,L,2.0,3.0,Mainz,,30.0,9.0,7.0,12.0,3.0,1.0,5.0,1.0,2025,Augsburg,4
2024-09-20,Fri,Bundesliga,Away,W,3.0,2.0,Augsburg,,5.0,3.0,12.0,7.0,5.0,1.0,3.0,1.0,2025,Mainz,4
2024-09-21,Sat,Bundesliga,Away,W,5.0,0.0,Werder Bremen,,25.0,7.0,13.0,4.0,3.0,0.0,0.0,0.0,2025,Bayern Munich,5
2024-09-21,Sat,Bundesliga,Home,D,2.0,2.0,Holstein Kiel,,14.0,3.0,20.0,9.0,4.0,0.0,1.0,0.0,2025,Bochum,5
2024-09-21,Sat,Bundesliga,Home,W,2.0,0.0,M'gladbach,,14.0,4.0,10.0,12.0,1.0,0.0,1.0,0.0,2025,Ein Frankfurt,5
2024-09-21,Sat,Bundesliga,Away,W,3.0,0.0,Heidenheim,,14.0,5.0,7.0,6.0,1.0,0.0,1.0,0.0,2025,Freiburg,5
2024-09-21,Sat,Bundesliga,Home,L,0.0,3.0,Freiburg,,7.0,2.0,6.0,7.0,1.0,0.0,1.0,0.0,2025,Heidenheim,5
2024-09-21,Sat,Bundesliga,Away,L,1.0,2.0,Union Berlin,,6.0,3.0,18.0,17.0,3.0,0.0,3.0,0.0,2025,Hoffenheim,5
2024-09-21,Sat,Bundesliga,Away,D,2.0,2.0,Bochum,,13.0,4.0,9.0,20.0,1.0,0.0,4.0,0.0,2025,Holstein Kiel,5
2024-09-21,Sat,Bundesliga,Away,L,0.0,2.0,Ein Frankfurt,,22.0,7.0,12.0,10.0,1.0,0.0,1.0,0.0,2025,M'gladbach,5
2024-09-21,Sat,Bundesliga,Home,W,2.0,1.0,Hoffenheim,,12.0,2.0,17.0,18.0,3.0,0.0,3.0,0.0,2025,Union Berlin,5
2024-09-21,Sat,Bundesliga,Home,L,0.0,5.0,Bayern Munich,,0.0,0.0,4.0,13.0,0.0,0.0,3.0,0.0,2025,Werder Bremen,5
2024-09-22,Sun,Bundesliga,Away,L,1.0,5.0,Stuttgart,,6.0,3.0,6.0,10.0,3.0,0.0,1.0,0.0,2025,Dortmund,6
2024-09-22,Sun,Bundesliga,Home,W,4.0,3.0,Wolfsburg,,20.0,7.0,6.0,14.0,4.0,0.0,5.0,1.0,2025,Leverkusen,6
2024-09-22,Sun,Bundesliga,Away,D,0.0,0.0,St Pauli,,10.0,5.0,9.0,6.0,1.0,0.0,2.0,0.0,2025,RB Leipzig,6
2024-09-22,Sun,Bundesliga,Home,D,0.0,0.0,RB Leipzig,,15.0,4.0,6.0,9.0,2.0,0.0,1.0,0.0,2025,St Pauli,6
2024-09-22,Sun,Bundesliga,Home,W,5.0,1.0,Dortmund,,16.0,9.0,10.0,6.0,1.0,0.0,3.0,0.0,2025,Stuttgart,6
2024-09-22,Sun,Bundesliga,Away,L,3.0,4.0,Leverkusen,,8.0,4.0,14.0,6.0,5.0,1.0,4.0,0.0,2025,Wolfsburg,6
2024-09-27,Fri,Bundesliga,Away,L,2.0,4.0,Dortmund,,10.0,6.0,9.0,12.0,0.0,0.0,2.0,0.0,2025,Bochum,4
2024-09-27,Fri,Bundesliga,Home,W,4.0,2.0,Bochum,,23.0,8.0,12.0,9.0,2.0,0.0,0.0,0.0,2025,Dortmund,4
2024-09-28,Sat,Bundesliga,Away,L,0.0,4.0,RB Leipzig,,7.0,1.0,13.0,9.0,2.0,0.0,1.0,0.0,2025,Augsburg,5
2024-09-28,Sat,Bundesliga,Home,D,1.0,1.0,Leverkusen,,18.0,3.0,11.0,15.0,1.0,0.0,3.0,0.0,2025,Bayern Munich,5
2024-09-28,Sat,Bundesliga,Home,L,0.0,3.0,St Pauli,,6.0,2.0,7.0,18.0,3.0,0.0,3.0,0.0,2025,Freiburg,5
2024-09-28,Sat,Bundesliga,Away,W,2.0,0.0,Mainz,,14.0,7.0,10.0,10.0,4.0,1.0,4.0,1.0,2025,Heidenheim,5
2024-09-28,Sat,Bundesliga,Away,D,1.0,1.0,Bayern Munich,,3.0,3.0,15.0,11.0,3.0,0.0,1.0,0.0,2025,Leverkusen,5
2024-09-28,Sat,Bundesliga,Home,W,1.0,0.0,Union Berlin,,8.0,3.0,10.0,12.0,3.0,0.0,1.0,0.0,2025,M'gladbach,5
2024-09-28,Sat,Bundesliga,Home,L,0.0,2.0,Heidenheim,,7.0,2.0,10.0,10.0,4.0,1.0,4.0,1.0,2025,Mainz,5
2024-09-28,Sat,Bundesliga,Home,W,4.0,0.0,Augsburg,,14.0,7.0,9.0,13.0,1.0,0.0,2.0,0.0,2025,RB Leipzig,5
2024-09-28,Sat,Bundesliga,Away,W,3.0,0.0,Freiburg,,10.0,4.0,18.0,7.0,3.0,0.0,3.0,0.0,2025,St Pauli,5
2024-09-28,Sat,Bundesliga,Away,D,2.0,2.0,Wolfsburg,,17.0,5.0,10.0,20.0,2.0,1.0,5.0,0.0,2025,Stuttgart,5
2024-09-28,Sat,Bundesliga,Away,L,0.0,1.0,M'gladbach,,9.0,3.0,12.0,10.0,1.0,0.0,3.0,0.0,2025,Union Berlin,5
2024-09-28,Sat,Bundesliga,Home,D,2.0,2.0,Stuttgart,,5.0,2.0,20.0,10.0,5.0,0.0,2.0,1.0,2025,Wolfsburg,5
2024-09-29,Sun,Bundesliga,Away,W,4.0,2.0,Holstein Kiel,,18.0,10.0,13.0,12.0,3.0,0.0,1.0,0.0,2025,Ein Frankfurt,6
2024-09-29,Sun,Bundesliga,Home,L,3.0,4.0,Werder Bremen,,10.0,5.0,12.0,19.0,3.0,1.0,3.0,0.0,2025,Hoffenheim,6
2024-09-29,Sun,Bundesliga,Home,L,2.0,4.0,Ein Frankfurt,,10.0,5.0,12.0,13.0,1.0,0.0,3.0,0.0,2025,Holstein Kiel,6
2024-09-29,Sun,Bundesliga,Away,W,4.0,3.0,Hoffenheim,,18.0,10.0,19.0,12.0,3.0,0.0,3.0,1.0,2025,Werder Bremen,6
2024-10-04,Fri,Bundesliga,Home,W,2.0,1.0,M'gladbach,,13.0,5.0,13.0,15.0,2.0,0.0,4.0,0.0,2025,Augsburg,4
2024-10-04,Fri,Bundesliga,Away,L,1.0,2.0,Augsburg,,11.0,5.0,15.0,13.0,4.0,0.0,2.0,0.0,2025,M'gladbach,4
2024-10-05,Sat,Bundesliga,Home,L,1.0,3.0,Wolfsburg,,17.0,5.0,11.0,12.0,1.0,0.0,2.0,0.0,2025,Bochum,5
2024-10-05,Sat,Bundesliga,Away,L,1.0,2.0,Union Berlin,,9.0,5.0,17.0,15.0,4.0,0.0,4.0,0.0,2025,Dortmund,5
2024-10-05,Sat,Bundesliga,Away,W,1.0,0.0,Werder Bremen,,13.0,3.0,9.0,7.0,2.0,0.0,1.0,0.0,2025,Freiburg,5
2024-10-05,Sat,Bundesliga,Away,D,2.0,2.0,Leverkusen,,8.0,4.0,9.0,5.0,2.0,0.0,2.0,0.0,2025,Holstein Kiel,5
2024-10-05,Sat,Bundesliga,Home,D,2.0,2.0,Holstein Kiel,,24.0,7.0,5.0,9.0,2.0,0.0,2.0,0.0,2025,Leverkusen,5
2024-10-05,Sat,Bundesliga,Away,W,3.0,0.0,St Pauli,,8.0,4.0,16.0,12.0,3.0,0.0,0.0,0.0,2025,Mainz,5
2024-10-05,Sat,Bundesliga,Home,L,0.0,3.0,Mainz,,17.0,4.0,12.0,16.0,0.0,0.0,3.0,0.0,2025,St Pauli,5
2024-10-05,Sat,Bundesliga,Home,W,2.0,1.0,Dortmund,,13.0,5.0,15.0,17.0,4.0,0.0,4.0,0.0,2025,Union Berlin,5
2024-10-05,Sat,Bundesliga,Home,L,0.0,1.0,Freiburg,,11.0,3.0,7.0,9.0,1.0,0.0,2.0,0.0,2025,Werder Bremen,5
2024-10-05,Sat,Bundesliga,Away,W,3.0,1.0,Bochum,,15.0,5.0,12.0,11.0,2.0,0.0,1.0,0.0,2025,Wolfsburg,5
2024-10-06,Sun,Bundesliga,Away,D,3.0,3.0,Ein Frankfurt,,22.0,13.0,6.0,10.0,1.0,0.0,1.0,0.0,2025,Bayern Munich,6
2024-10-06,Sun,Bundesliga,Home,D,3.0,3.0,Bayern Munich,,5.0,4.0,10.0,6.0,1.0,0.0,1.0,0.0,2025,Ein Frankfurt,6
2024-10-06,Sun,Bundesliga,Home,L,0.0,1.0,RB Leipzig,,15.0,4.0,12.0,13.0,2.0,0.0,2.0,0.0,2025,Heidenheim,6
2024-10-06,Sun,Bundesliga,Away,D,1.0,1.0,Stuttgart,,7.0,5.0,7.0,10.0,4.0,0.0,1.0,0.0,2025,Hoffenheim,6
2024-10-06,Sun,Bundesliga,Away,W,1.0,0.0,Heidenheim,,12.0,2.0,13.0,12.0,2.0,0.0,2.0,0.0,2025,RB Leipzig,6
2024-10-06,Sun,Bundesliga,Home,D,1.0,1.0,Hoffenheim,,18.0,7.0,10.0,7.0,1.0,0.0,4.0,0.0,2025,Stuttgart,6
2024-10-18,Fri,Bundesliga,Home,W,2.0,1.0,St Pauli,,20.0,7.0,8.0,7.0,2.0,0.0,1.0,0.0,2025,Dortmund,4
2024-10-18,Fri,Bundesliga,Away,L,1.0,2.0,Dortmund,,10.0,3.0,7.0,8.0,1.0,0.0,2.0,0.0,2025,St Pauli,4
2024-10-19,Sat,Bundesliga,Away,L,1.0,3.0,Freiburg,,9.0,3.0,7.0,11.0,1.0,0.0,1.0,0.0,2025,Augsburg,5
2024-10-19,Sat,Bundesliga,Home,W,4.0,0.0,Stuttgart,,22.0,10.0,6.0,10.0,0.0,0.0,2.0,0.0,2025,Bayern Munich,5
2024-10-19,Sat,Bundesliga,Away,L,1.0,3.0,Hoffenheim,,13.0,4.0,12.0,10.0,1.0,0.0,1.0,0.0,2025,Bochum,5
2024-10-19,Sat,Bundesliga,Away,L,1.0,2.0,Leverkusen,,9.0,2.0,5.0,9.0,1.0,0.0,2.0,0.0,2025,Ein Frankfurt,5
2024-10-19,Sat,Bundesliga,Home,W,3.0,1.0,Augsburg,,15.0,6.0,11.0,7.0,1.0,0.0,1.0,0.0,2025,Freiburg,5
2024-10-19,Sat,Bundesliga,Away,L,2.0,3.0,M'gladbach,,19.0,6.0,9.0,15.0,3.0,0.0,3.0,0.0,2025,Heidenheim,5
2024-10-19,Sat,Bundesliga,Home,W,3.0,1.0,Bochum,,12.0,7.0,10.0,12.0,1.0,0.0,1.0,0.0,2025,Hoffenheim,5
2024-10-19,Sat,Bundesliga,Home,W,2.0,1.0,Ein Frankfurt,,27.0,9.0,9.0,5.0,2.0,0.0,1.0,0.0,2025,Leverkusen,5
2024-10-19,Sat,Bundesliga,Home,W,3.0,2.0,Heidenheim,,20.0,10.0,15.0,9.0,3.0,0.0,3.0,0.0,2025,M'gladbach,5
2024-10-19,Sat,Bundesliga,Home,L,0.0,2.0,RB Leipzig,,16.0,2.0,12.0,15.0,1.0,0.0,3.0,0.0,2025,Mainz,5
2024-10-19,Sat,Bundesliga,Away,W,2.0,0.0,Mainz,,11.0,5.0,15.0,12.0,3.0,0.0,1.0,0.0,2025,RB Leipzig,5
2024-10-19,Sat,Bundesliga,Away,L,0.0,4.0,Bayern Munich,,4.0,1.0,10.0,6.0,2.0,0.0,0.0,0.0,2025,Stuttgart,5
2024-10-20,Sun,Bundesliga,Home,L,0.0,2.0,Union Berlin,,12.0,5.0,8.0,11.0,2.0,0.0,1.0,0.0,2025,Holstein Kiel,6
2024-10-20,Sun,Bundesliga,Away,W,2.0,0.0,Holstein Kiel,,14.0,4.0,11.0,8.0,1.0,0.0,2.0,0.0,2025,Union Berlin,6
2024-10-20,Sun,Bundesliga,Away,W,4.0,2.0,Wolfsburg,,15.0,7.0,9.0,15.0,1.0,0.0,1.0,1.0,2025,Werder Bremen,6
2024-10-20,Sun,Bundesliga,Home,L,2.0,4.0,Werder Bremen,,14.0,6.0,15.0,9.0,1.0,1.0,1.0,0.0,2025,Wolfsburg,6
2024-10-25,Fri,Bundesliga,Away,D,1.0,1.0,Mainz,,9.0,5.0,16.0,16.0,2.0,0.0,3.0,0.0,2025,M'gladbach,4
2024-10-25,Fri,Bundesliga,Home,D,1.0,1.0,M'gladbach,,23.0,6.0,16.0,16.0,3.0,0.0,2.0,0.0,2025,Mainz,4
2024-10-26,Sat,Bundesliga,Home,W,2.0,1.0,Dortmund,,12.0,4.0,13.0,10.0,3.0,0.0,3.0,1.0,2025,Augsburg,5
2024-10-26,Sat,Bundesliga,Away,L,1.0,2.0,Augsburg,,11.0,4.0,10.0,13.0,3.0,1.0,3.0,0.0,2025,Dortmund,5
2024-10-26,Sat,Bundesliga,Away,L,1.0,3.0,RB Leipzig,,15.0,5.0,7.0,9.0,2.0,0.0,3.0,0.0,2025,Freiburg,5
2024-10-26,Sat,Bundesliga,Away,L,1.0,2.0,Stuttgart,,9.0,3.0,17.0,6.0,6.0,1.0,3.0,1.0,2025,Holstein Kiel,5
2024-10-26,Sat,Bundesliga,Away,D,2.0,2.0,Werder Bremen,,15.0,6.0,11.0,9.0,1.0,0.0,1.0,0.0,2025,Leverkusen,5
2024-10-26,Sat,Bundesliga,Home,W,3.0,1.0,Freiburg,,12.0,9.0,9.0,7.0,3.0,0.0,2.0,0.0,2025,RB Leipzig,5
2024-10-26,Sat,Bundesliga,Home,D,0.0,0.0,Wolfsburg,,14.0,5.0,9.0,12.0,0.0,0.0,3.0,0.0,2025,St Pauli,5
2024-10-26,Sat,Bundesliga,Home,W,2.0,1.0,Holstein Kiel,,16.0,6.0,6.0,17.0,3.0,1.0,6.0,1.0,2025,Stuttgart,5
2024-10-26,Sat,Bundesliga,Home,D,2.0,2.0,Leverkusen,,13.0,8.0,9.0,11.0,1.0,0.0,1.0,0.0,2025,Werder Bremen,5
2024-10-26,Sat,Bundesliga,Away,D,0.0,0.0,St Pauli,,10.0,4.0,12.0,9.0,3.0,0.0,0.0,0.0,2025,Wolfsburg,5
2024-10-27,Sun,Bundesliga,Away,W,5.0,0.0,Bochum,,17.0,9.0,6.0,15.0,1.0,0.0,1.0,0.0,2025,Bayern Munich,6
2024-10-27,Sun,Bundesliga,Home,L,0.0,5.0,Bayern Munich,,6.0,2.0,15.0,6.0,1.0,0.0,1.0,0.0,2025,Bochum,6
2024-10-27,Sun,Bundesliga,Away,D,1.0,1.0,Union Berlin,,17.0,5.0,7.0,13.0,3.0,1.0,5.0,0.0,2025,Ein Frankfurt,6
2024-10-27,Sun,Bundesliga,Home,D,0.0,0.0,Hoffenheim,,17.0,3.0,12.0,16.0,1.0,0.0,2.0,0.0,2025,Heidenheim,6
2024-10-27,Sun,Bundesliga,Away,D,0.0,0.0,Heidenheim,,12.0,4.0,16.0,12.0,2.0,0.0,1.0,0.0,2025,Hoffenheim,6
2024-10-27,Sun,Bundesliga,Home,D,1.0,1.0,Ein Frankfurt,,13.0,4.0,13.0,7.0,5.0,0.0,3.0,1.0,2025,Union Berlin,6
2024-11-01,Fri,Bundesliga,Home,D,0.0,0.0,Stuttgart,,19.0,5.0,13.0,14.0,3.0,0.0,4.0,0.0,2025,Leverkusen,4
2024-11-01,Fri,Bundesliga,Away,D,0.0,0.0,Leverkusen,,4.0,1.0,14.0,13.0,4.0,0.0,3.0,0.0,2025,Stuttgart,4
2024-11-02,Sat,Bundesliga,Away,D,1.0,1.0,Wolfsburg,,3.0,1.0,14.0,7.0,3.0,0.0,1.0,0.0,2025,Augsburg,5
2024-11-02,Sat,Bundesliga,Home,W,3.0,0.0,Union Berlin,,16.0,7.0,2.0,9.0,0.0,0.0,2.0,0.0,2025,Bayern Munich,5
2024-11-02,Sat,Bundesliga,Away,L,2.0,7.0,Ein Frankfurt,,11.0,8.0,15.0,6.0,2.0,0.0,1.0,0.0,2025,Bochum,5
2024-11-02,Sat,Bundesliga,Home,W,2.0,1.0,RB Leipzig,,19.0,7.0,11.0,12.0,3.0,0.0,4.0,0.0,2025,Dortmund,5
2024-11-02,Sat,Bundesliga,Home,W,7.0,2.0,Bochum,,18.0,9.0,6.0,15.0,1.0,0.0,2.0,0.0,2025,Ein Frankfurt,5
2024-11-02,Sat,Bundesliga,Away,L,0.0,1.0,Holstein Kiel,,17.0,4.0,14.0,16.0,5.0,0.0,4.0,0.0,2025,Heidenheim,5
2024-11-02,Sat,Bundesliga,Home,L,0.0,2.0,St Pauli,,12.0,6.0,10.0,10.0,0.0,0.0,2.0,0.0,2025,Hoffenheim,5
2024-11-02,Sat,Bundesliga,Home,W,1.0,0.0,Heidenheim,,11.0,6.0,16.0,14.0,4.0,0.0,5.0,0.0,2025,Holstein Kiel,5
2024-11-02,Sat,Bundesliga,Away,L,1.0,2.0,Dortmund,,7.0,3.0,12.0,11.0,4.0,0.0,3.0,0.0,2025,RB Leipzig,5
2024-11-02,Sat,Bundesliga,Away,W,2.0,0.0,Hoffenheim,,7.0,3.0,10.0,10.0,2.0,0.0,0.0,0.0,2025,St Pauli,5
2024-11-02,Sat,Bundesliga,Away,L,0.0,3.0,Bayern Munich,,8.0,1.0,9.0,2.0,2.0,0.0,0.0,0.0,2025,Union Berlin,5
2024-11-02,Sat,Bundesliga,Home,D,1.0,1.0,Augsburg,,18.0,6.0,7.0,14.0,1.0,0.0,3.0,0.0,2025,Wolfsburg,5
2024-11-03,Sun,Bundesliga,Home,D,0.0,0.0,Mainz,,10.0,2.0,9.0,12.0,1.0,0.0,2.0,0.0,2025,Freiburg,6
2024-11-03,Sun,Bundesliga,Home,W,4.0,1.0,Werder Bremen,,16.0,8.0,12.0,10.0,1.0,0.0,4.0,1.0,2025,M'gladbach,6
2024-11-03,Sun,Bundesliga,Away,D,0.0,0.0,Freiburg,,9.0,2.0,12.0,9.0,2.0,0.0,1.0,0.0,2025,Mainz,6
2024-11-03,Sun,Bundesliga,Away,L,1.0,4.0,M'gladbach,,15.0,5.0,10.0,12.0,4.0,1.0,1.0,0.0,2025,Werder Bremen,6
2024-11-08,Fri,Bundesliga,Away,D,0.0,0.0,Union Berlin,,14.0,4.0,8.0,11.0,0.0,0.0,2.0,0.0,2025,Freiburg,4
2024-11-08,Fri,Bundesliga,Home,D,0.0,0.0,Freiburg,,12.0,6.0,11.0,8.0,2.0,0.0,0.0,0.0,2025,Union Berlin,4
2024-11-09,Sat,Bundesliga,Away,W,1.0,0.0,St Pauli,,13.0,6.0,7.0,10.0,2.0,0.0,2.0,0.0,2025,Bayern Munich,5
2024-11-09,Sat,Bundesliga,Home,D,1.0,1.0,Leverkusen,,15.0,3.0,10.0,9.0,0.0,0.0,1.0,0.0,2025,Bochum,5
2024-11-09,Sat,Bundesliga,Away,L,1.0,3.0,Mainz,,2.0,1.0,5.0,17.0,1.0,1.0,3.0,0.0,2025,Dortmund,5
2024-11-09,Sat,Bundesliga,Away,L,1.0,2.0,Werder Bremen,,12.0,5.0,19.0,10.0,2.0,0.0,3.0,0.0,2025,Holstein Kiel,5
2024-11-09,Sat,Bundesliga,Away,D,1.0,1.0,Bochum,,11.0,3.0,9.0,10.0,1.0,0.0,0.0,0.0,2025,Leverkusen,5
2024-11-09,Sat,Bundesliga,Away,D,0.0,0.0,RB Leipzig,,14.0,4.0,7.0,14.0,2.0,0.0,2.0,0.0,2025,M'gladbach,5
2024-11-09,Sat,Bundesliga,Home,W,3.0,1.0,Dortmund,,13.0,9.0,17.0,5.0,3.0,0.0,1.0,1.0,2025,Mainz,5
2024-11-09,Sat,Bundesliga,Home,D,0.0,0.0,M'gladbach,,11.0,4.0,14.0,7.0,2.0,0.0,2.0,0.0,2025,RB Leipzig,5
2024-11-09,Sat,Bundesliga,Home,L,0.0,1.0,Bayern Munich,,3.0,0.0,10.0,7.0,2.0,0.0,2.0,0.0,2025,St Pauli,5
2024-11-09,Sat,Bundesliga,Home,W,2.0,1.0,Holstein Kiel,,16.0,5.0,10.0,19.0,3.0,0.0,2.0,0.0,2025,Werder Bremen,5
2024-11-10,Sun,Bundesliga,Home,D,0.0,0.0,Hoffenheim,,16.0,4.0,16.0,7.0,2.0,0.0,3.0,0.0,2025,Augsburg,6
2024-11-10,Sun,Bundesliga,Away,W,3.0,2.0,Stuttgart,,8.0,5.0,15.0,10.0,3.0,0.0,2.0,0.0,2025,Ein Frankfurt,6
2024-11-10,Sun,Bundesliga,Home,L,1.0,3.0,Wolfsburg,,19.0,4.0,9.0,23.0,1.0,0.0,6.0,0.0,2025,Heidenheim,6
2024-11-10,Sun,Bundesliga,Away,D,0.0,0.0,Augsburg,,11.0,2.0,7.0,16.0,3.0,0.0,2.0,0.0,2025,Hoffenheim,6
2024-11-10,Sun,Bundesliga,Home,L,2.0,3.0,Ein Frankfurt,,22.0,11.0,10.0,15.0,2.0,0.0,3.0,0.0,2025,Stuttgart,6
2024-11-10,Sun,Bundesliga,Away,W,3.0,1.0,Heidenheim,,13.0,6.0,23.0,9.0,6.0,0.0,1.0,0.0,2025,Wolfsburg,6
2024-11-22,Fri,Bundesliga,Away,L,0.0,3.0,Bayern Munich,,2.0,1.0,9.0,9.0,2.0,1.0,0.0,0.0,2025,Augsburg,4
2024-11-22,Fri,Bundesliga,Home,W,3.0,0.0,Augsburg,,33.0,14.0,9.0,9.0,0.0,0.0,2.0,1.0,2025,Bayern Munich,4
2024-11-23,Sat,Bundesliga,Away,L,0.0,2.0,Stuttgart,,9.0,2.0,16.0,7.0,3.0,0.0,2.0,0.0,2025,Bochum,5
2024-11-23,Sat,Bundesliga,Home,W,4.0,0.0,Freiburg,,19.0,7.0,11.0,4.0,1.0,0.0,2.0,2.0,2025,Dortmund,5
2024-11-23,Sat,Bundesliga,Home,W,1.0,0.0,Werder Bremen,,15.0,5.0,15.0,9.0,2.0,0.0,2.0,0.0,2025,Ein Frankfurt,5
2024-11-23,Sat,Bundesliga,Away,L,0.0,4.0,Dortmund,,7.0,3.0,4.0,11.0,2.0,2.0,1.0,0.0,2025,Freiburg,5
2024-11-23,Sat,Bundesliga,Away,L,2.0,5.0,Leverkusen,,6.0,3.0,11.0,8.0,0.0,0.0,0.0,0.0,2025,Heidenheim,5
2024-11-23,Sat,Bundesliga,Home,W,4.0,3.0,RB Leipzig,,20.0,7.0,14.0,12.0,2.0,0.0,1.0,0.0,2025,Hoffenheim,5
2024-11-23,Sat,Bundesliga,Home,W,5.0,2.0,Heidenheim,,20.0,10.0,8.0,11.0,0.0,0.0,0.0,0.0,2025,Leverkusen,5
2024-11-23,Sat,Bundesliga,Away,L,3.0,4.0,Hoffenheim,,14.0,6.0,12.0,14.0,1.0,0.0,2.0,0.0,2025,RB Leipzig,5
2024-11-23,Sat,Bundesliga,Home,W,2.0,0.0,Bochum,,15.0,5.0,7.0,16.0,2.0,0.0,3.0,0.0,2025,Stuttgart,5
2024-11-23,Sat,Bundesliga,Away,L,0.0,1.0,Wolfsburg,,11.0,4.0,15.0,7.0,2.0,0.0,1.0,0.0,2025,Union Berlin,5
2024-11-23,Sat,Bundesliga,Away,L,0.0,1.0,Ein Frankfurt,,8.0,1.0,9.0,15.0,2.0,0.0,2.0,0.0,2025,Werder Bremen,5
2024-11-23,Sat,Bundesliga,Home,W,1.0,0.0,Union Berlin,,10.0,5.0,7.0,15.0,1.0,0.0,2.0,0.0,2025,Wolfsburg,5
2024-11-24,Sun,Bundesliga,Home,L,0.0,3.0,Mainz,,7.0,2.0,11.0,7.0,1.0,0.0,0.0,0.0,2025,Holstein Kiel,6
2024-11-24,Sun,Bundesliga,Home,W,2.0,0.0,St Pauli,,15.0,4.0,7.0,8.0,1.0,0.0,0.0,0.0,2025,M'gladbach,6
2024-11-24,Sun,Bundesliga,Away,W,3.0,0.0,Holstein Kiel,,18.0,7.0,7.0,11.0,0.0,0.0,1.0,0.0,2025,Mainz,6
2024-11-24,Sun,Bundesliga,Away,L,0.0,2.0,M'gladbach,,15.0,3.0,8.0,7.0,0.0,0.0,1.0,0.0,2025,St Pauli,6
2024-11-29,Fri,Bundesliga,Away,L,1.0,3.0,St Pauli,,10.0,3.0,11.0,10.0,5.0,0.0,2.0,0.0,2025,Holstein Kiel,4
2024-11-29,Fri,Bundesliga,Home,W,3.0,1.0,Holstein Kiel,,11.0,4.0,10.0,11.0,2.0,0.0,5.0,0.0,2025,St Pauli,4
2024-11-30,Sat,Bundesliga,Home,W,1.0,0.0,Bochum,,16.0,4.0,8.0,22.0,3.0,0.0,3.0,0.0,2025,Augsburg,5
2024-11-30,Sat,Bundesliga,Away,D,1.0,1.0,Dortmund,,14.0,5.0,7.0,11.0,2.0,0.0,2.0,0.0,2025,Bayern Munich,5
2024-11-30,Sat,Bundesliga,Away,L,0.0,1.0,Augsburg,,7.0,1.0,22.0,8.0,3.0,0.0,3.0,0.0,2025,Bochum,5
2024-11-30,Sat,Bundesliga,Home,D,1.0,1.0,Bayern Munich,,7.0,2.0,11.0,7.0,2.0,0.0,2.0,0.0,2025,Dortmund,5
2024-11-30,Sat,Bundesliga,Home,W,3.0,1.0,M'gladbach,,17.0,7.0,5.0,14.0,1.0,0.0,1.0,0.0,2025,Freiburg,5
2024-11-30,Sat,Bundesliga,Away,W,2.0,1.0,Union Berlin,,8.0,3.0,11.0,18.0,2.0,0.0,4.0,0.0,2025,Leverkusen,5
2024-11-30,Sat,Bundesliga,Away,L,1.0,3.0,Freiburg,,15.0,4.0,14.0,5.0,1.0,0.0,1.0,0.0,2025,M'gladbach,5
2024-11-30,Sat,Bundesliga,Home,L,1.0,5.0,Wolfsburg,,9.0,4.0,11.0,6.0,2.0,0.0,1.0,0.0,2025,RB Leipzig,5
2024-11-30,Sat,Bundesliga,Away,D,2.0,2.0,Werder Bremen,,10.0,4.0,13.0,8.0,1.0,0.0,1.0,0.0,2025,Stuttgart,5
2024-11-30,Sat,Bundesliga,Home,L,1.0,2.0,Leverkusen,,8.0,2.0,18.0,11.0,4.0,0.0,2.0,0.0,2025,Union Berlin,5
2024-11-30,Sat,Bundesliga,Home,D,2.0,2.0,Stuttgart,,20.0,6.0,8.0,13.0,1.0,0.0,1.0,0.0,2025,Werder Bremen,5
2024-11-30,Sat,Bundesliga,Away,W,5.0,1.0,RB Leipzig,,13.0,8.0,6.0,11.0,1.0,0.0,2.0,0.0,2025,Wolfsburg,5
2024-12-01,Sun,Bundesliga,Away,W,4.0,0.0,Heidenheim,,14.0,8.0,9.0,7.0,2.0,0.0,0.0,0.0,2025,Ein Frankfurt,6
2024-12-01,Sun,Bundesliga,Home,L,0.0,4.0,Ein Frankfurt,,8.0,1.0,7.0,9.0,0.0,0.0,2.0,0.0,2025,Heidenheim,6
2024-12-01,Sun,Bundesliga,Away,L,0.0,2.0,Mainz,,10.0,2.0,12.0,13.0,3.0,0.0,1.0,0.0,2025,Hoffenheim,6
2024-12-01,Sun,Bundesliga,Home,W,2.0,0.0,Hoffenheim,,18.0,8.0,13.0,12.0,1.0,0.0,3.0,0.0,2025,Mainz,6
2024-12-06,Fri,Bundesliga,Home,W,3.0,2.0,Union Berlin,,7.0,5.0,14.0,19.0,1.0,0.0,6.0,0.0,2025,Stuttgart,4
2024-12-06,Fri,Bundesliga,Away,L,2.0,3.0,Stuttgart,,14.0,3.0,19.0,14.0,6.0,0.0,1.0,0.0,2025,Union Berlin,4
2024-12-07,Sat,Bundesliga,Away,D,2.0,2.0,Ein Frankfurt,,8.0,3.0,9.0,17.0,2.0,0.0,2.0,0.0,2025,Augsburg,5
2024-12-07,Sat,Bundesliga,Home,W,4.0,2.0,Heidenheim,,21.0,10.0,4.0,5.0,1.0,0.0,0.0,0.0,2025,Bayern Munich,5
2024-12-07,Sat,Bundesliga,Home,L,0.0,1.0,Werder Bremen,,12.0,2.0,12.0,10.0,1.0,0.0,1.0,0.0,2025,Bochum,5
2024-12-07,Sat,Bundesliga,Away,D,1.0,1.0,M'gladbach,,16.0,3.0,11.0,16.0,2.0,0.0,3.0,1.0,2025,Dortmund,5
2024-12-07,Sat,Bundesliga,Home,D,2.0,2.0,Augsburg,,16.0,4.0,17.0,9.0,2.0,0.0,2.0,0.0,2025,Ein Frankfurt,5
2024-12-07,Sat,Bundesliga,Away,L,2.0,4.0,Bayern Munich,,2.0,2.0,5.0,4.0,0.0,0.0,1.0,0.0,2025,Heidenheim,5
2024-12-07,Sat,Bundesliga,Home,L,0.0,2.0,RB Leipzig,,17.0,5.0,11.0,13.0,4.0,0.0,3.0,0.0,2025,Holstein Kiel,5
2024-12-07,Sat,Bundesliga,Home,W,2.0,1.0,St Pauli,,6.0,2.0,8.0,10.0,1.0,0.0,3.0,0.0,2025,Leverkusen,5
2024-12-07,Sat,Bundesliga,Home,D,1.0,1.0,Dortmund,,9.0,3.0,16.0,11.0,3.0,1.0,2.0,0.0,2025,M'gladbach,5
2024-12-07,Sat,Bundesliga,Away,W,2.0,0.0,Holstein Kiel,,9.0,5.0,13.0,11.0,3.0,0.0,4.0,0.0,2025,RB Leipzig,5
2024-12-07,Sat,Bundesliga,Away,L,1.0,2.0,Leverkusen,,12.0,4.0,10.0,8.0,3.0,0.0,1.0,0.0,2025,St Pauli,5
2024-12-07,Sat,Bundesliga,Away,W,1.0,0.0,Bochum,,9.0,1.0,10.0,12.0,1.0,0.0,1.0,0.0,2025,Werder Bremen,5
2024-12-08,Sun,Bundesliga,Away,D,1.0,1.0,Hoffenheim,,11.0,4.0,5.0,10.0,1.0,0.0,1.0,0.0,2025,Freiburg,6
2024-12-08,Sun,Bundesliga,Home,D,1.0,1.0,Freiburg,,15.0,5.0,10.0,5.0,1.0,0.0,1.0,0.0,2025,Hoffenheim,6
2024-12-08,Sun,Bundesliga,Away,L,3.0,4.0,Wolfsburg,,12.0,5.0,15.0,10.0,4.0,0.0,3.0,0.0,2025,Mainz,6
2024-12-08,Sun,Bundesliga,Home,W,4.0,3.0,Mainz,,10.0,5.0,10.0,15.0,3.0,0.0,4.0,0.0,2025,Wolfsburg,6
2024-12-13,Fri,Bundesliga,Home,W,3.0,2.0,Wolfsburg,,18.0,9.0,11.0,3.0,4.0,0.0,1.0,0.0,2025,Freiburg,4
2024-12-13,Fri,Bundesliga,Away,L,2.0,3.0,Freiburg,,20.0,5.0,3.0,11.0,1.0,0.0,4.0,0.0,2025,Wolfsburg,4
2024-12-14,Sat,Bundesliga,Home,L,0.0,2.0,Leverkusen,,8.0,4.0,12.0,5.0,3.0,0.0,0.0,0.0,2025,Augsburg,5
2024-12-14,Sat,Bundesliga,Away,L,1.0,2.0,Mainz,,13.0,1.0,12.0,21.0,2.0,0.0,3.0,0.0,2025,Bayern Munich,5
2024-12-14,Sat,Bundesliga,Away,W,2.0,0.0,Union Berlin,,,,,,,,,,2025,Bochum,5
2024-12-14,Sat,Bundesliga,Away,L,1.0,4.0,M'gladbach,,11.0,3.0,14.0,10.0,1.0,0.0,1.0,0.0,2025,Holstein Kiel,5
2024-12-14,Sat,Bundesliga,Away,W,2.0,0.0,Augsburg,,14.0,3.0,5.0,12.0,0.0,0.0,3.0,0.0,2025,Leverkusen,5
2024-12-14,Sat,Bundesliga,Home,W,4.0,1.0,Holstein Kiel,,15.0,6.0,10.0,14.0,1.0,0.0,1.0,0.0,2025,M'gladbach,5
2024-12-14,Sat,Bundesliga,Home,W,2.0,1.0,Bayern Munich,,8.0,4.0,21.0,12.0,3.0,0.0,2.0,0.0,2025,Mainz,5
2024-12-14,Sat,Bundesliga,Home,L,0.0,2.0,Werder Bremen,,15.0,4.0,10.0,9.0,2.0,0.0,3.0,0.0,2025,St Pauli,5
2024-12-14,Sat,Bundesliga,Home,L,0.0,2.0,Bochum,,,,,,,,,,2025,Union Berlin,5
2024-12-14,Sat,Bundesliga,Away,W,2.0,0.0,St Pauli,,8.0,4.0,9.0,10.0,3.0,0.0,2.0,0.0,2025,Werder Bremen,5
2024-12-15,Sun,Bundesliga,Home,D,1.0,1.0,Hoffenheim,,6.0,2.0,9.0,10.0,5.0,0.0,2.0,0.0,2025,Dortmund,6
2024-12-15,Sun,Bundesliga,Away,L,1.0,2.0,RB Leipzig,,16.0,3.0,10.0,15.0,3.0,0.0,1.0,0.0,2025,Ein Frankfurt,6
2024-12-15,Sun,Bundesliga,Home,L,1.0,3.0,Stuttgart,,9.0,2.0,25.0,13.0,4.0,0.0,3.0,0.0,2025,Heidenheim,6
2024-12-15,Sun,Bundesliga,Away,D,1.0,1.0,Dortmund,,12.0,1.0,10.0,9.0,2.0,0.0,5.0,0.0,2025,Hoffenheim,6
2024-12-15,Sun,Bundesliga,Home,W,2.0,1.0,Ein Frankfurt,,19.0,9.0,15.0,10.0,1.0,0.0,3.0,0.0,2025,RB Leipzig,6
2024-12-15,Sun,Bundesliga,Away,W,3.0,1.0,Heidenheim,,18.0,7.0,13.0,25.0,3.0,0.0,4.0,0.0,2025,Stuttgart,6
2024-12-20,Fri,Bundesliga,Home,W,5.0,1.0,RB Leipzig,,22.0,9.0,9.0,10.0,5.0,0.0,2.0,0.0,2025,Bayern Munich,4
2024-12-20,Fri,Bundesliga,Away,L,1.0,5.0,Bayern Munich,,4.0,1.0,10.0,9.0,2.0,0.0,5.0,0.0,2025,RB Leipzig,4
2024-12-21,Sat,Bundesliga,Away,L,1.0,5.0,Holstein Kiel,,17.0,4.0,13.0,11.0,4.0,0.0,0.0,0.0,2025,Augsburg,5
2024-12-21,Sat,Bundesliga,Home,L,1.0,3.0,Mainz,,34.0,9.0,10.0,10.0,1.0,0.0,1.0,1.0,2025,Ein Frankfurt,5
2024-12-21,Sat,Bundesliga,Away,L,1.0,5.0,Leverkusen,,8.0,2.0,9.0,8.0,2.0,0.0,1.0,0.0,2025,Freiburg,5
2024-12-21,Sat,Bundesliga,Home,L,1.0,2.0,M'gladbach,,18.0,8.0,14.0,6.0,0.0,0.0,0.0,0.0,2025,Hoffenheim,5
2024-12-21,Sat,Bundesliga,Home,W,5.0,1.0,Augsburg,,8.0,6.0,11.0,13.0,0.0,0.0,4.0,0.0,2025,Holstein Kiel,5
2024-12-21,Sat,Bundesliga,Home,W,5.0,1.0,Freiburg,,20.0,12.0,8.0,9.0,1.0,0.0,2.0,0.0,2025,Leverkusen,5
2024-12-21,Sat,Bundesliga,Away,W,2.0,1.0,Hoffenheim,,5.0,3.0,6.0,14.0,0.0,0.0,0.0,0.0,2025,M'gladbach,5
2024-12-21,Sat,Bundesliga,Away,W,3.0,1.0,Ein Frankfurt,,9.0,3.0,10.0,10.0,1.0,1.0,1.0,0.0,2025,Mainz,5
2024-12-21,Sat,Bundesliga,Away,W,1.0,0.0,Stuttgart,,11.0,5.0,11.0,10.0,2.0,0.0,2.0,0.0,2025,St Pauli,5
2024-12-21,Sat,Bundesliga,Home,L,0.0,1.0,St Pauli,,25.0,5.0,10.0,11.0,2.0,0.0,2.0,0.0,2025,Stuttgart,5
2024-12-21,Sat,Bundesliga,Away,L,1.0,4.0,Werder Bremen,,16.0,4.0,12.0,9.0,2.0,0.0,2.0,0.0,2025,Union Berlin,5
2024-12-21,Sat,Bundesliga,Home,W,4.0,1.0,Union Berlin,,11.0,6.0,9.0,12.0,2.0,0.0,2.0,0.0,2025,Werder Bremen,5
2024-12-22,Sun,Bundesliga,Home,W,2.0,0.0,Heidenheim,,14.0,4.0,18.0,15.0,2.0,0.0,7.0,0.0,2025,Bochum,6
2024-12-22,Sun,Bundesliga,Away,W,3.0,1.0,Wolfsburg,,12.0,4.0,8.0,8.0,2.0,1.0,3.0,0.0,2025,Dortmund,6
2024-12-22,Sun,Bundesliga,Away,L,0.0,2.0,Bochum,,10.0,2.0,15.0,18.0,7.0,0.0,2.0,0.0,2025,Heidenheim,6
2024-12-22,Sun,Bundesliga,Home,L,1.0,3.0,Dortmund,,14.0,5.0,8.0,8.0,3.0,0.0,2.0,1.0,2025,Wolfsburg,6
2025-01-10,Fri,Bundesliga,Home,L,2.0,3.0,Leverkusen,,12.0,5.0,8.0,6.0,1.0,0.0,2.0,0.0,2025,Dortmund,4
2025-01-10,Fri,Bundesliga,Away,W,3.0,2.0,Dortmund,,7.0,5.0,6.0,8.0,2.0,0.0,1.0,0.0,2025,Leverkusen,4
2025-01-11,Sat,Bundesliga,Away,W,1.0,0.0,M'gladbach,,23.0,10.0,7.0,10.0,1.0,0.0,3.0,0.0,2025,Bayern Munich,5
2025-01-11,Sat,Bundesliga,Away,L,0.0,2.0,Mainz,,11.0,2.0,16.0,6.0,2.0,0.0,0.0,0.0,2025,Bochum,5
2025-01-11,Sat,Bundesliga,Away,W,1.0,0.0,St Pauli,,14.0,6.0,7.0,8.0,3.0,0.0,0.0,0.0,2025,Ein Frankfurt,5
2025-01-11,Sat,Bundesliga,Home,W,3.0,2.0,Holstein Kiel,,14.0,5.0,9.0,12.0,2.0,0.0,3.0,0.0,2025,Freiburg,5
2025-01-11,Sat,Bundesliga,Home,W,2.0,0.0,Union Berlin,,16.0,9.0,8.0,10.0,0.0,0.0,1.0,1.0,2025,Heidenheim,5
2025-01-11,Sat,Bundesliga,Home,L,0.0,1.0,Wolfsburg,,15.0,2.0,15.0,14.0,1.0,0.0,2.0,0.0,2025,Hoffenheim,5
2025-01-11,Sat,Bundesliga,Away,L,2.0,3.0,Freiburg,,14.0,7.0,12.0,9.0,3.0,0.0,2.0,0.0,2025,Holstein Kiel,5
2025-01-11,Sat,Bundesliga,Home,L,0.0,1.0,Bayern Munich,,5.0,0.0,10.0,7.0,3.0,0.0,1.0,0.0,2025,M'gladbach,5
2025-01-11,Sat,Bundesliga,Home,W,2.0,0.0,Bochum,,10.0,5.0,6.0,16.0,0.0,0.0,2.0,0.0,2025,Mainz,5
2025-01-11,Sat,Bundesliga,Home,L,0.0,1.0,Ein Frankfurt,,18.0,4.0,8.0,7.0,0.0,0.0,3.0,0.0,2025,St Pauli,5
2025-01-11,Sat,Bundesliga,Away,L,0.0,2.0,Heidenheim,,10.0,6.0,10.0,8.0,1.0,1.0,0.0,0.0,2025,Union Berlin,5
2025-01-11,Sat,Bundesliga,Away,W,1.0,0.0,Hoffenheim,,12.0,3.0,14.0,15.0,2.0,0.0,1.0,0.0,2025,Wolfsburg,5
2025-01-12,Sun,Bundesliga,Home,L,0.0,1.0,Stuttgart,,8.0,2.0,11.0,14.0,5.0,0.0,1.0,0.0,2025,Augsburg,6
2025-01-12,Sun,Bundesliga,Home,W,4.0,2.0,Werder Bremen,,18.0,7.0,7.0,12.0,1.0,0.0,1.0,0.0,2025,RB Leipzig,6
2025-01-12,Sun,Bundesliga,Away,W,1.0,0.0,Augsburg,,13.0,5.0,14.0,11.0,1.0,0.0,5.0,0.0,2025,Stuttgart,6
2025-01-12,Sun,Bundesliga,Away,L,2.0,4.0,RB Leipzig,,7.0,2.0,12.0,7.0,1.0,0.0,1.0,0.0,2025,Werder Bremen,6
2025-01-14,Tue,Bundesliga,Away,L,2.0,4.0,Holstein Kiel,,16.0,4.0,11.0,13.0,2.0,0.0,2.0,1.0,2025,Dortmund,1
2025-01-14,Tue,Bundesliga,Home,W,4.0,1.0,Freiburg,,23.0,8.0,8.0,11.0,1.0,0.0,1.0,0.0,2025,Ein Frankfurt,1
2025-01-14,Tue,Bundesliga,Away,L,1.0,4.0,Ein Frankfurt,,7.0,5.0,11.0,8.0,1.0,0.0,1.0,0.0,2025,Freiburg,1
2025-01-14,Tue,Bundesliga,Home,W,4.0,2.0,Dortmund,,11.0,7.0,13.0,11.0,2.0,1.0,2.0,0.0,2025,Holstein Kiel,1
2025-01-14,Tue,Bundesliga,Home,W,1.0,0.0,Mainz,,20.0,9.0,4.0,14.0,2.0,0.0,3.0,0.0,2025,Leverkusen,1
2025-01-14,Tue,Bundesliga,Away,L,1.0,5.0,Wolfsburg,,9.0,5.0,7.0,10.0,0.0,0.0,1.0,0.0,2025,M'gladbach,1
2025-01-14,Tue,Bundesliga,Away,L,0.0,1.0,Leverkusen,,7.0,4.0,14.0,4.0,3.0,0.0,2.0,0.0,2025,Mainz,1
2025-01-14,Tue,Bundesliga,Home,W,5.0,1.0,M'gladbach,,16.0,5.0,10.0,7.0,1.0,0.0,0.0,0.0,2025,Wolfsburg,1
2025-01-15,Wed,Bundesliga,Away,W,2.0,0.0,Union Berlin,,11.0,5.0,9.0,15.0,2.0,0.0,1.0,0.0,2025,Augsburg,2
2025-01-15,Wed,Bundesliga,Home,W,5.0,0.0,Hoffenheim,,25.0,10.0,8.0,10.0,1.0,0.0,1.0,0.0,2025,Bayern Munich,2
2025-01-15,Wed,Bundesliga,Home,W,1.0,0.0,St Pauli,,13.0,5.0,7.0,15.0,1.0,0.0,3.0,1.0,2025,Bochum,2
2025-01-15,Wed,Bundesliga,Away,D,3.0,3.0,Werder Bremen,,14.0,5.0,15.0,10.0,3.0,0.0,5.0,0.0,2025,Heidenheim,2
2025-01-15,Wed,Bundesliga,Away,L,0.0,5.0,Bayern Munich,,5.0,2.0,10.0,8.0,1.0,0.0,1.0,0.0,2025,Hoffenheim,2
2025-01-15,Wed,Bundesliga,Away,L,1.0,2.0,Stuttgart,,6.0,3.0,19.0,10.0,7.0,2.0,2.0,0.0,2025,RB Leipzig,2
2025-01-15,Wed,Bundesliga,Away,L,0.0,1.0,Bochum,,12.0,1.0,15.0,7.0,3.0,1.0,1.0,0.0,2025,St Pauli,2
2025-01-15,Wed,Bundesliga,Home,W,2.0,1.0,RB Leipzig,,14.0,6.0,10.0,19.0,2.0,0.0,7.0,2.0,2025,Stuttgart,2
2025-01-15,Wed,Bundesliga,Home,L,0.0,2.0,Augsburg,,13.0,2.0,15.0,9.0,1.0,0.0,2.0,0.0,2025,Union Berlin,2
2025-01-15,Wed,Bundesliga,Home,D,3.0,3.0,Heidenheim,,12.0,5.0,10.0,15.0,5.0,0.0,3.0,0.0,2025,Werder Bremen,2
2025-01-17,Fri,Bundesliga,Away,L,0.0,2.0,Ein Frankfurt,,12.0,3.0,6.0,8.0,2.0,0.0,0.0,0.0,2025,Dortmund,4
2025-01-17,Fri,Bundesliga,Home,W,2.0,0.0,Dortmund,,13.0,5.0,8.0,6.0,0.0,0.0,2.0,0.0,2025,Ein Frankfurt,4
2025-01-18,Sat,Bundesliga,Home,W,3.0,2.0,Wolfsburg,,25.0,10.0,10.0,9.0,2.0,0.0,3.0,0.0,2025,Bayern Munich,5
2025-01-18,Sat,Bundesliga,Home,D,3.0,3.0,RB Leipzig,,14.0,3.0,14.0,7.0,4.0,0.0,0.0,0.0,2025,Bochum,5
2025-01-18,Sat,Bundesliga,Away,L,0.0,4.0,Stuttgart,,4.0,0.0,12.0,8.0,3.0,0.0,5.0,0.0,2025,Freiburg,5
2025-01-18,Sat,Bundesliga,Home,L,0.0,2.0,St Pauli,,8.0,1.0,11.0,17.0,1.0,0.0,2.0,0.0,2025,Heidenheim,5
2025-01-18,Sat,Bundesliga,Away,W,3.0,1.0,Holstein Kiel,,11.0,6.0,14.0,13.0,1.0,0.0,2.0,0.0,2025,Hoffenheim,5
2025-01-18,Sat,Bundesliga,Home,L,1.0,3.0,Hoffenheim,,12.0,3.0,13.0,14.0,2.0,0.0,1.0,0.0,2025,Holstein Kiel,5
2025-01-18,Sat,Bundesliga,Home,W,3.0,1.0,M'gladbach,,10.0,5.0,12.0,10.0,0.0,0.0,2.0,0.0,2025,Leverkusen,5
2025-01-18,Sat,Bundesliga,Away,L,1.0,3.0,Leverkusen,,7.0,4.0,10.0,12.0,2.0,0.0,0.0,0.0,2025,M'gladbach,5
2025-01-18,Sat,Bundesliga,Away,D,3.0,3.0,Bochum,,11.0,3.0,7.0,14.0,0.0,0.0,4.0,0.0,2025,RB Leipzig,5
2025-01-18,Sat,Bundesliga,Away,W,2.0,0.0,Heidenheim,,7.0,4.0,17.0,11.0,2.0,0.0,1.0,0.0,2025,St Pauli,5
2025-01-18,Sat,Bundesliga,Home,W,4.0,0.0,Freiburg,,12.0,7.0,8.0,12.0,5.0,0.0,3.0,0.0,2025,Stuttgart,5
2025-01-18,Sat,Bundesliga,Away,L,2.0,3.0,Bayern Munich,,7.0,3.0,9.0,10.0,3.0,0.0,2.0,0.0,2025,Wolfsburg,5
2025-01-19,Sun,Bundesliga,Away,W,2.0,0.0,Werder Bremen,,9.0,4.0,14.0,8.0,2.0,0.0,1.0,0.0,2025,Augsburg,6
2025-01-19,Sun,Bundesliga,Away,L,1.0,2.0,Union Berlin,,9.0,1.0,10.0,12.0,2.0,0.0,2.0,0.0,2025,Mainz,6
2025-01-19,Sun,Bundesliga,Home,W,2.0,1.0,Mainz,,12.0,4.0,12.0,10.0,2.0,0.0,2.0,0.0,2025,Union Berlin,6
2025-01-19,Sun,Bundesliga,Home,L,0.0,2.0,Augsburg,,20.0,2.0,8.0,14.0,1.0,0.0,2.0,0.0,2025,Werder Bremen,6
2025-01-24,Fri,Bundesliga,Away,D,2.0,2.0,Wolfsburg,,5.0,2.0,10.0,9.0,4.0,0.0,2.0,0.0,2025,Holstein Kiel,4
2025-01-24,Fri,Bundesliga,Home,D,2.0,2.0,Holstein Kiel,,22.0,5.0,9.0,10.0,2.0,0.0,4.0,0.0,2025,Wolfsburg,4
2025-01-25,Sat,Bundesliga,Home,W,2.0,1.0,Heidenheim,,11.0,7.0,8.0,9.0,1.0,0.0,0.0,0.0,2025,Augsburg,5
2025-01-25,Sat,Bundesliga,Away,W,2.0,1.0,Freiburg,,7.0,3.0,9.0,15.0,2.0,0.0,4.0,0.0,2025,Bayern Munich,5
2025-01-25,Sat,Bundesliga,Away,L,0.0,3.0,M'gladbach,,10.0,4.0,15.0,6.0,3.0,0.0,1.0,0.0,2025,Bochum,5
2025-01-25,Sat,Bundesliga,Home,D,2.0,2.0,Werder Bremen,,8.0,4.0,11.0,15.0,1.0,1.0,4.0,0.0,2025,Dortmund,5
2025-01-25,Sat,Bundesliga,Home,L,1.0,2.0,Bayern Munich,,7.0,2.0,15.0,9.0,4.0,0.0,2.0,0.0,2025,Freiburg,5
2025-01-25,Sat,Bundesliga,Away,L,1.0,2.0,Augsburg,,11.0,6.0,9.0,8.0,0.0,0.0,1.0,0.0,2025,Heidenheim,5
2025-01-25,Sat,Bundesliga,Away,D,2.0,2.0,RB Leipzig,,13.0,7.0,6.0,12.0,0.0,0.0,0.0,0.0,2025,Leverkusen,5
2025-01-25,Sat,Bundesliga,Home,W,3.0,0.0,Bochum,,16.0,6.0,6.0,15.0,1.0,0.0,3.0,0.0,2025,M'gladbach,5
2025-01-25,Sat,Bundesliga,Home,W,2.0,0.0,Stuttgart,,11.0,4.0,12.0,8.0,4.0,0.0,3.0,0.0,2025,Mainz,5
2025-01-25,Sat,Bundesliga,Home,D,2.0,2.0,Leverkusen,,8.0,4.0,12.0,6.0,0.0,0.0,0.0,0.0,2025,RB Leipzig,5
2025-01-25,Sat,Bundesliga,Away,L,0.0,2.0,Mainz,,10.0,5.0,8.0,12.0,3.0,0.0,4.0,0.0,2025,Stuttgart,5
2025-01-25,Sat,Bundesliga,Away,D,2.0,2.0,Dortmund,,13.0,4.0,15.0,11.0,4.0,0.0,1.0,1.0,2025,Werder Bremen,5
2025-01-26,Sun,Bundesliga,Away,D,2.0,2.0,Hoffenheim,,12.0,7.0,8.0,16.0,0.0,0.0,3.0,0.0,2025,Ein Frankfurt,6
2025-01-26,Sun,Bundesliga,Home,D,2.0,2.0,Ein Frankfurt,,24.0,8.0,16.0,8.0,3.0,0.0,0.0,0.0,2025,Hoffenheim,6
2025-01-26,Sun,Bundesliga,Home,W,3.0,0.0,Union Berlin,,16.0,5.0,6.0,15.0,0.0,0.0,3.0,0.0,2025,St Pauli,6
2025-01-26,Sun,Bundesliga,Away,L,0.0,3.0,St Pauli,,14.0,2.0,15.0,6.0,3.0,0.0,0.0,0.0,2025,Union Berlin,6
2025-01-31,Fri,Bundesliga,Away,L,0.0,1.0,Werder Bremen,,13.0,2.0,13.0,14.0,4.0,0.0,8.0,3.0,2025,Mainz,4
2025-01-31,Fri,Bundesliga,Home,W,1.0,0.0,Mainz,,12.0,5.0,14.0,13.0,8.0,3.0,4.0,0.0,2025,Werder Bremen,4
2025-02-01,Sat,Bundesliga,Away,D,1.0,1.0,St Pauli,,2.0,1.0,18.0,16.0,3.0,0.0,1.0,0.0,2025,Augsburg,5
2025-02-01,Sat,Bundesliga,Home,W,4.0,3.0,Holstein Kiel,,29.0,12.0,7.0,10.0,1.0,0.0,1.0,0.0,2025,Bayern Munich,5
2025-02-01,Sat,Bundesliga,Home,L,0.0,1.0,Freiburg,,22.0,4.0,15.0,10.0,3.0,0.0,2.0,0.0,2025,Bochum,5
2025-02-01,Sat,Bundesliga,Away,W,2.0,1.0,Heidenheim,,16.0,5.0,9.0,11.0,0.0,0.0,0.0,0.0,2025,Dortmund,5
2025-02-01,Sat,Bundesliga,Away,W,1.0,0.0,Bochum,,13.0,5.0,10.0,15.0,2.0,0.0,3.0,0.0,2025,Freiburg,5
2025-02-01,Sat,Bundesliga,Home,L,1.0,2.0,Dortmund,,11.0,5.0,11.0,9.0,0.0,0.0,0.0,0.0,2025,Heidenheim,5
2025-02-01,Sat,Bundesliga,Away,L,3.0,4.0,Bayern Munich,,10.0,6.0,10.0,7.0,1.0,0.0,1.0,0.0,2025,Holstein Kiel,5
2025-02-01,Sat,Bundesliga,Away,W,2.0,1.0,Stuttgart,,12.0,6.0,11.0,11.0,2.0,0.0,2.0,0.0,2025,M'gladbach,5
2025-02-01,Sat,Bundesliga,Away,D,0.0,0.0,Union Berlin,,6.0,2.0,12.0,5.0,2.0,0.0,3.0,0.0,2025,RB Leipzig,5
2025-02-01,Sat,Bundesliga,Home,D,1.0,1.0,Augsburg,,5.0,1.0,16.0,18.0,1.0,0.0,3.0,0.0,2025,St Pauli,5
2025-02-01,Sat,Bundesliga,Home,L,1.0,2.0,M'gladbach,,10.0,3.0,11.0,11.0,2.0,0.0,2.0,0.0,2025,Stuttgart,5
2025-02-01,Sat,Bundesliga,Home,D,0.0,0.0,RB Leipzig,,21.0,6.0,5.0,12.0,3.0,0.0,2.0,0.0,2025,Union Berlin,5
2025-02-02,Sun,Bundesliga,Home,D,1.0,1.0,Wolfsburg,,16.0,4.0,8.0,8.0,1.0,0.0,3.0,0.0,2025,Ein Frankfurt,6
2025-02-02,Sun,Bundesliga,Away,L,1.0,3.0,Leverkusen,,16.0,7.0,7.0,14.0,3.0,0.0,4.0,1.0,2025,Hoffenheim,6
2025-02-02,Sun,Bundesliga,Home,W,3.0,1.0,Hoffenheim,,9.0,5.0,14.0,7.0,4.0,1.0,3.0,0.0,2025,Leverkusen,6
2025-02-02,Sun,Bundesliga,Away,D,1.0,1.0,Ein Frankfurt,,11.0,2.0,8.0,8.0,3.0,0.0,1.0,0.0,2025,Wolfsburg,6
2025-02-07,Fri,Bundesliga,Home,W,3.0,0.0,Werder Bremen,,21.0,12.0,9.0,8.0,1.0,0.0,3.0,0.0,2025,Bayern Munich,4
2025-02-07,Fri,Bundesliga,Away,L,0.0,3.0,Bayern Munich,,2.0,0.0,8.0,9.0,3.0,0.0,1.0,0.0,2025,Werder Bremen,4
2025-02-08,Sat,Bundesliga,Away,D,0.0,0.0,Mainz,,9.0,2.0,9.0,12.0,3.0,0.0,3.0,0.0,2025,Augsburg,5
2025-02-08,Sat,Bundesliga,Home,L,1.0,2.0,Stuttgart,,16.0,5.0,13.0,14.0,5.0,1.0,2.0,0.0,2025,Dortmund,5
2025-02-08,Sat,Bundesliga,Away,D,1.0,1.0,M'gladbach,,15.0,7.0,9.0,10.0,3.0,0.0,3.0,0.0,2025,Ein Frankfurt,5
2025-02-08,Sat,Bundesliga,Home,W,1.0,0.0,Heidenheim,,9.0,3.0,11.0,8.0,3.0,0.0,1.0,0.0,2025,Freiburg,5
2025-02-08,Sat,Bundesliga,Away,L,0.0,1.0,Freiburg,,11.0,5.0,8.0,11.0,1.0,0.0,3.0,0.0,2025,Heidenheim,5
2025-02-08,Sat,Bundesliga,Home,L,0.0,4.0,Union Berlin,,16.0,4.0,9.0,16.0,2.0,0.0,1.0,0.0,2025,Hoffenheim,5
2025-02-08,Sat,Bundesliga,Away,D,0.0,0.0,Wolfsburg,,15.0,1.0,8.0,7.0,3.0,0.0,2.0,0.0,2025,Leverkusen,5
2025-02-08,Sat,Bundesliga,Home,D,1.0,1.0,Ein Frankfurt,,8.0,3.0,10.0,9.0,3.0,0.0,3.0,0.0,2025,M'gladbach,5
2025-02-08,Sat,Bundesliga,Home,D,0.0,0.0,Augsburg,,9.0,5.0,12.0,9.0,3.0,0.0,3.0,0.0,2025,Mainz,5
2025-02-08,Sat,Bundesliga,Away,W,2.0,1.0,Dortmund,,4.0,2.0,14.0,13.0,2.0,0.0,5.0,1.0,2025,Stuttgart,5
2025-02-08,Sat,Bundesliga,Away,W,4.0,0.0,Hoffenheim,,22.0,7.0,16.0,9.0,1.0,0.0,2.0,0.0,2025,Union Berlin,5
2025-02-08,Sat,Bundesliga,Home,D,0.0,0.0,Leverkusen,,13.0,8.0,7.0,8.0,2.0,0.0,3.0,0.0,2025,Wolfsburg,5
2025-02-09,Sun,Bundesliga,Away,D,2.0,2.0,Holstein Kiel,,21.0,6.0,17.0,11.0,2.0,0.0,2.0,0.0,2025,Bochum,6
2025-02-09,Sun,Bundesliga,Home,D,2.0,2.0,Bochum,,10.0,3.0,11.0,17.0,2.0,0.0,2.0,0.0,2025,Holstein Kiel,6
2025-02-09,Sun,Bundesliga,Home,W,2.0,0.0,St Pauli,,11.0,6.0,12.0,8.0,2.0,1.0,2.0,0.0,2025,RB Leipzig,6
2025-02-09,Sun,Bundesliga,Away,L,0.0,2.0,RB Leipzig,,7.0,4.0,8.0,12.0,2.0,0.0,2.0,1.0,2025,St Pauli,6
2025-02-14,Fri,Bundesliga,Home,D,0.0,0.0,RB Leipzig,,11.0,2.0,12.0,12.0,2.0,0.0,1.0,0.0,2025,Augsburg,4
2025-02-14,Fri,Bundesliga,Away,D,0.0,0.0,Augsburg,,14.0,4.0,12.0,12.0,1.0,0.0,2.0,0.0,2025,RB Leipzig,4
2025-02-15,Sat,Bundesliga,Away,D,0.0,0.0,Leverkusen,,2.0,0.0,13.0,16.0,3.0,0.0,2.0,0.0,2025,Bayern Munich,5
2025-02-15,Sat,Bundesliga,Home,W,2.0,0.0,Dortmund,,18.0,9.0,12.0,4.0,1.0,0.0,0.0,0.0,2025,Bochum,5
2025-02-15,Sat,Bundesliga,Away,L,0.0,2.0,Bochum,,17.0,2.0,4.0,12.0,0.0,0.0,1.0,0.0,2025,Dortmund,5
2025-02-15,Sat,Bundesliga,Away,W,1.0,0.0,St Pauli,,6.0,4.0,10.0,10.0,0.0,0.0,1.0,0.0,2025,Freiburg,5
2025-02-15,Sat,Bundesliga,Home,D,0.0,0.0,Bayern Munich,,15.0,3.0,16.0,13.0,2.0,0.0,3.0,0.0,2025,Leverkusen,5
2025-02-15,Sat,Bundesliga,Away,W,2.0,1.0,Union Berlin,,9.0,5.0,8.0,9.0,1.0,0.0,0.0,0.0,2025,M'gladbach,5
2025-02-15,Sat,Bundesliga,Home,L,0.0,1.0,Freiburg,,5.0,1.0,10.0,10.0,1.0,0.0,0.0,0.0,2025,St Pauli,5
2025-02-15,Sat,Bundesliga,Home,L,1.0,2.0,Wolfsburg,,10.0,4.0,10.0,15.0,3.0,0.0,4.0,0.0,2025,Stuttgart,5
2025-02-15,Sat,Bundesliga,Home,L,1.0,2.0,M'gladbach,,18.0,3.0,9.0,8.0,0.0,0.0,1.0,0.0,2025,Union Berlin,5
2025-02-15,Sat,Bundesliga,Away,W,2.0,1.0,Stuttgart,,7.0,3.0,15.0,10.0,4.0,0.0,3.0,0.0,2025,Wolfsburg,5
2025-02-16,Sun,Bundesliga,Home,W,3.0,1.0,Holstein Kiel,,20.0,9.0,16.0,10.0,2.0,0.0,0.0,0.0,2025,Ein Frankfurt,6
2025-02-16,Sun,Bundesliga,Home,L,0.0,2.0,Mainz,,12.0,3.0,9.0,16.0,1.0,0.0,3.0,0.0,2025,Heidenheim,6
2025-02-16,Sun,Bundesliga,Away,W,3.0,1.0,Werder Bremen,,16.0,7.0,12.0,14.0,3.0,0.0,2.0,0.0,2025,Hoffenheim,6
2025-02-16,Sun,Bundesliga,Away,L,1.0,3.0,Ein Frankfurt,,10.0,4.0,10.0,16.0,0.0,0.0,2.0,0.0,2025,Holstein Kiel,6
2025-02-16,Sun,Bundesliga,Away,W,2.0,0.0,Heidenheim,,6.0,5.0,16.0,9.0,3.0,0.0,1.0,0.0,2025,Mainz,6
2025-02-16,Sun,Bundesliga,Home,L,1.0,3.0,Hoffenheim,,14.0,1.0,14.0,12.0,2.0,0.0,3.0,0.0,2025,Werder Bremen,6
2025-02-21,Fri,Bundesliga,Home,W,5.0,0.0,Werder Bremen,,13.0,8.0,14.0,8.0,3.0,0.0,0.0,0.0,2025,Freiburg,4
2025-02-21,Fri,Bundesliga,Away,L,0.0,5.0,Freiburg,,9.0,3.0,8.0,14.0,0.0,0.0,3.0,0.0,2025,Werder Bremen,4
2025-02-22,Sat,Bundesliga,Away,W,3.0,0.0,M'gladbach,,17.0,4.0,9.0,10.0,2.0,0.0,3.0,1.0,2025,Augsburg,5
2025-02-22,Sat,Bundesliga,Away,D,1.0,1.0,Wolfsburg,,11.0,5.0,15.0,8.0,3.0,0.0,2.0,0.0,2025,Bochum,5
2025-02-22,Sat,Bundesliga,Home,W,6.0,0.0,Union Berlin,,24.0,8.0,10.0,11.0,2.0,0.0,2.0,0.0,2025,Dortmund,5
2025-02-22,Sat,Bundesliga,Home,L,0.0,2.0,Leverkusen,,4.0,3.0,11.0,10.0,4.0,0.0,1.0,0.0,2025,Holstein Kiel,5
2025-02-22,Sat,Bundesliga,Away,W,2.0,0.0,Holstein Kiel,,18.0,8.0,10.0,11.0,1.0,0.0,4.0,0.0,2025,Leverkusen,5
2025-02-22,Sat,Bundesliga,Home,L,0.0,3.0,Augsburg,,8.0,5.0,10.0,9.0,3.0,1.0,2.0,0.0,2025,M'gladbach,5
2025-02-22,Sat,Bundesliga,Home,W,2.0,0.0,St Pauli,,10.0,5.0,9.0,10.0,3.0,0.0,3.0,0.0,2025,Mainz,5
2025-02-22,Sat,Bundesliga,Away,L,0.0,2.0,Mainz,,12.0,0.0,10.0,9.0,3.0,0.0,3.0,0.0,2025,St Pauli,5
2025-02-22,Sat,Bundesliga,Away,L,0.0,6.0,Dortmund,,6.0,1.0,11.0,10.0,2.0,0.0,2.0,0.0,2025,Union Berlin,5
2025-02-22,Sat,Bundesliga,Home,D,1.0,1.0,Bochum,,13.0,6.0,8.0,15.0,2.0,0.0,3.0,0.0,2025,Wolfsburg,5
2025-02-23,Sun,Bundesliga,Home,W,4.0,0.0,Ein Frankfurt,,19.0,12.0,8.0,7.0,1.0,0.0,1.0,0.0,2025,Bayern Munich,6
2025-02-23,Sun,Bundesliga,Away,L,0.0,4.0,Bayern Munich,,7.0,2.0,7.0,8.0,1.0,0.0,1.0,0.0,2025,Ein Frankfurt,6
2025-02-23,Sun,Bundesliga,Away,D,2.0,2.0,RB Leipzig,,4.0,2.0,15.0,15.0,3.0,0.0,3.0,0.0,2025,Heidenheim,6
2025-02-23,Sun,Bundesliga,Home,D,1.0,1.0,Stuttgart,,9.0,2.0,8.0,10.0,0.0,0.0,0.0,0.0,2025,Hoffenheim,6
2025-02-23,Sun,Bundesliga,Home,D,2.0,2.0,Heidenheim,,17.0,6.0,15.0,15.0,3.0,0.0,3.0,0.0,2025,RB Leipzig,6
2025-02-23,Sun,Bundesliga,Away,D,1.0,1.0,Hoffenheim,,14.0,7.0,10.0,8.0,0.0,0.0,0.0,0.0,2025,Stuttgart,6
2025-02-28,Fri,Bundesliga,Away,W,3.0,1.0,Stuttgart,,17.0,8.0,13.0,12.0,3.0,0.0,5.0,0.0,2025,Bayern Munich,4
2025-02-28,Fri,Bundesliga,Home,L,1.0,3.0,Bayern Munich,,12.0,3.0,12.0,13.0,5.0,0.0,3.0,0.0,2025,Stuttgart,4
2025-03-01,Sat,Bundesliga,Home,L,0.0,1.0,Hoffenheim,,12.0,3.0,16.0,17.0,0.0,0.0,1.0,0.0,2025,Bochum,5
2025-03-01,Sat,Bundesliga,Away,W,2.0,0.0,St Pauli,,14.0,3.0,13.0,11.0,2.0,0.0,1.0,0.0,2025,Dortmund,5
2025-03-01,Sat,Bundesliga,Home,L,1.0,4.0,Leverkusen,,7.0,3.0,9.0,7.0,1.0,0.0,1.0,0.0,2025,Ein Frankfurt,5
2025-03-01,Sat,Bundesliga,Home,L,0.0,3.0,M'gladbach,,20.0,5.0,9.0,15.0,2.0,0.0,3.0,0.0,2025,Heidenheim,5
2025-03-01,Sat,Bundesliga,Away,W,1.0,0.0,Bochum,,10.0,2.0,17.0,16.0,1.0,0.0,0.0,0.0,2025,Hoffenheim,5
2025-03-01,Sat,Bundesliga,Away,W,4.0,1.0,Ein Frankfurt,,20.0,9.0,7.0,9.0,1.0,0.0,1.0,0.0,2025,Leverkusen,5
2025-03-01,Sat,Bundesliga,Away,W,3.0,0.0,Heidenheim,,13.0,5.0,15.0,9.0,3.0,0.0,2.0,0.0,2025,M'gladbach,5
2025-03-01,Sat,Bundesliga,Away,W,2.0,1.0,RB Leipzig,,15.0,3.0,15.0,8.0,1.0,0.0,1.0,0.0,2025,Mainz,5
2025-03-01,Sat,Bundesliga,Home,L,1.0,2.0,Mainz,,13.0,4.0,8.0,15.0,1.0,0.0,1.0,0.0,2025,RB Leipzig,5
2025-03-01,Sat,Bundesliga,Home,L,0.0,2.0,Dortmund,,7.0,1.0,11.0,13.0,1.0,0.0,2.0,0.0,2025,St Pauli,5
2025-03-01,Sat,Bundesliga,Home,L,1.0,2.0,Wolfsburg,,15.0,7.0,13.0,9.0,2.0,0.0,0.0,0.0,2025,Werder Bremen,5
2025-03-01,Sat,Bundesliga,Away,W,2.0,1.0,Werder Bremen,,9.0,3.0,9.0,13.0,0.0,0.0,2.0,0.0,2025,Wolfsburg,5
2025-03-02,Sun,Bundesliga,Home,D,0.0,0.0,Freiburg,,13.0,5.0,13.0,9.0,1.0,0.0,1.0,0.0,2025,Augsburg,6
2025-03-02,Sun,Bundesliga,Away,D,0.0,0.0,Augsburg,,7.0,3.0,9.0,13.0,1.0,0.0,1.0,0.0,2025,Freiburg,6
2025-03-02,Sun,Bundesliga,Away,W,1.0,0.0,Union Berlin,,10.0,3.0,12.0,16.0,0.0,0.0,4.0,0.0,2025,Holstein Kiel,6
2025-03-02,Sun,Bundesliga,Home,L,0.0,1.0,Holstein Kiel,,14.0,3.0,16.0,12.0,4.0,0.0,0.0,0.0,2025,Union Berlin,6
2025-03-07,Fri,Bundesliga,Home,L,1.0,3.0,Mainz,,12.0,4.0,6.0,6.0,0.0,0.0,1.0,0.0,2025,M'gladbach,4
2025-03-07,Fri,Bundesliga,Away,W,3.0,1.0,M'gladbach,,16.0,8.0,6.0,6.0,1.0,0.0,0.0,0.0,2025,Mainz,4
2025-03-08,Sat,Bundesliga,Away,W,1.0,0.0,Dortmund,,6.0,1.0,12.0,6.0,4.0,0.0,1.0,0.0,2025,Augsburg,5
2025-03-08,Sat,Bundesliga,Home,L,2.0,3.0,Bochum,,14.0,5.0,7.0,14.0,0.0,1.0,6.0,0.0,2025,Bayern Munich,5
2025-03-08,Sat,Bundesliga,Away,W,3.0,2.0,Bayern Munich,,8.0,5.0,14.0,7.0,6.0,0.0,0.0,1.0,2025,Bochum,5
2025-03-08,Sat,Bundesliga,Home,L,0.0,1.0,Augsburg,,14.0,1.0,6.0,12.0,1.0,0.0,4.0,0.0,2025,Dortmund,5
2025-03-08,Sat,Bundesliga,Home,D,0.0,0.0,RB Leipzig,,10.0,2.0,6.0,11.0,0.0,0.0,3.0,0.0,2025,Freiburg,5
2025-03-08,Sat,Bundesliga,Home,D,2.0,2.0,Stuttgart,,17.0,5.0,8.0,9.0,1.0,1.0,2.0,0.0,2025,Holstein Kiel,5
2025-03-08,Sat,Bundesliga,Home,L,0.0,2.0,Werder Bremen,,18.0,4.0,12.0,10.0,4.0,0.0,4.0,0.0,2025,Leverkusen,5
2025-03-08,Sat,Bundesliga,Away,D,0.0,0.0,Freiburg,,18.0,3.0,11.0,6.0,3.0,0.0,0.0,0.0,2025,RB Leipzig,5
2025-03-08,Sat,Bundesliga,Away,D,1.0,1.0,Wolfsburg,,14.0,4.0,13.0,11.0,0.0,0.0,1.0,0.0,2025,St Pauli,5
2025-03-08,Sat,Bundesliga,Away,D,2.0,2.0,Holstein Kiel,,5.0,2.0,9.0,8.0,2.0,0.0,1.0,1.0,2025,Stuttgart,5
2025-03-08,Sat,Bundesliga,Away,W,2.0,0.0,Leverkusen,,11.0,7.0,10.0,12.0,4.0,0.0,4.0,0.0,2025,Werder Bremen,5
2025-03-08,Sat,Bundesliga,Home,D,1.0,1.0,St Pauli,,16.0,4.0,11.0,13.0,1.0,0.0,0.0,0.0,2025,Wolfsburg,5
2025-03-09,Sun,Bundesliga,Home,L,1.0,2.0,Union Berlin,,14.0,3.0,10.0,8.0,3.0,0.0,0.0,0.0,2025,Ein Frankfurt,6
2025-03-09,Sun,Bundesliga,Away,D,1.0,1.0,Hoffenheim,,23.0,5.0,11.0,9.0,3.0,0.0,2.0,0.0,2025,Heidenheim,6
2025-03-09,Sun,Bundesliga,Home,D,1.0,1.0,Heidenheim,,16.0,3.0,9.0,11.0,2.0,0.0,3.0,0.0,2025,Hoffenheim,6
2025-03-09,Sun,Bundesliga,Away,W,2.0,1.0,Ein Frankfurt,,11.0,3.0,8.0,10.0,0.0,0.0,3.0,0.0,2025,Union Berlin,6
2025-03-14,Fri,Bundesliga,Away,L,0.0,1.0,St Pauli,,4.0,0.0,8.0,6.0,1.0,0.0,0.0,0.0,2025,Hoffenheim,4
2025-03-14,Fri,Bundesliga,Home,W,1.0,0.0,Hoffenheim,,10.0,5.0,6.0,8.0,0.0,0.0,1.0,0.0,2025,St Pauli,4
2025-03-15,Sat,Bundesliga,Home,W,1.0,0.0,Wolfsburg,,9.0,2.0,7.0,9.0,1.0,0.0,2.0,0.0,2025,Augsburg,5
2025-03-15,Sat,Bundesliga,Away,D,1.0,1.0,Union Berlin,,18.0,4.0,8.0,13.0,2.0,0.0,1.0,0.0,2025,Bayern Munich,5
2025-03-15,Sat,Bundesliga,Away,L,0.0,2.0,RB Leipzig,,25.0,9.0,10.0,14.0,3.0,0.0,3.0,0.0,2025,Dortmund,5
2025-03-15,Sat,Bundesliga,Away,D,2.0,2.0,Mainz,,24.0,8.0,7.0,7.0,2.0,0.0,1.0,1.0,2025,Freiburg,5
2025-03-15,Sat,Bundesliga,Away,W,4.0,2.0,Werder Bremen,,13.0,7.0,7.0,10.0,2.0,1.0,1.0,0.0,2025,M'gladbach,5
2025-03-15,Sat,Bundesliga,Home,D,2.0,2.0,Freiburg,,9.0,4.0,7.0,7.0,1.0,1.0,2.0,0.0,2025,Mainz,5
2025-03-15,Sat,Bundesliga,Home,W,2.0,0.0,Dortmund,,15.0,5.0,14.0,10.0,3.0,0.0,3.0,0.0,2025,RB Leipzig,5
2025-03-15,Sat,Bundesliga,Home,D,1.0,1.0,Bayern Munich,,7.0,3.0,13.0,8.0,1.0,0.0,2.0,0.0,2025,Union Berlin,5
2025-03-15,Sat,Bundesliga,Home,L,2.0,4.0,M'gladbach,,23.0,2.0,10.0,7.0,1.0,0.0,2.0,1.0,2025,Werder Bremen,5
2025-03-15,Sat,Bundesliga,Away,L,0.0,1.0,Augsburg,,13.0,2.0,9.0,7.0,2.0,0.0,1.0,0.0,2025,Wolfsburg,5
2025-03-16,Sun,Bundesliga,Home,L,1.0,3.0,Ein Frankfurt,,17.0,7.0,7.0,9.0,4.0,0.0,1.0,0.0,2025,Bochum,6
2025-03-16,Sun,Bundesliga,Away,W,3.0,1.0,Bochum,,18.0,7.0,9.0,7.0,1.0,0.0,4.0,0.0,2025,Ein Frankfurt,6
2025-03-16,Sun,Bundesliga,Home,W,3.0,1.0,Holstein Kiel,,14.0,5.0,15.0,13.0,1.0,0.0,3.0,0.0,2025,Heidenheim,6
2025-03-16,Sun,Bundesliga,Away,L,1.0,3.0,Heidenheim,,16.0,4.0,13.0,15.0,3.0,0.0,1.0,0.0,2025,Holstein Kiel,6
2025-03-16,Sun,Bundesliga,Away,W,4.0,3.0,Stuttgart,,16.0,4.0,14.0,13.0,2.0,0.0,3.0,0.0,2025,Leverkusen,6
2025-03-16,Sun,Bundesliga,Home,L,3.0,4.0,Leverkusen,,11.0,6.0,13.0,14.0,3.0,0.0,2.0,0.0,2025,Stuttgart,6
2025-03-28,Fri,Bundesliga,Away,L,1.0,3.0,Leverkusen,,8.0,3.0,12.0,6.0,1.0,0.0,0.0,0.0,2025,Bochum,4
2025-03-28,Fri,Bundesliga,Home,W,3.0,1.0,Bochum,,14.0,5.0,6.0,12.0,0.0,0.0,1.0,0.0,2025,Leverkusen,4
2025-03-29,Sat,Bundesliga,Away,D,1.0,1.0,Hoffenheim,,11.0,4.0,12.0,14.0,2.0,0.0,1.0,0.0,2025,Augsburg,5
2025-03-29,Sat,Bundesliga,Home,W,3.0,2.0,St Pauli,,19.0,9.0,13.0,4.0,3.0,0.0,0.0,0.0,2025,Bayern Munich,5
2025-03-29,Sat,Bundesliga,Home,W,1.0,0.0,Stuttgart,,19.0,6.0,9.0,6.0,1.0,0.0,3.0,1.0,2025,Ein Frankfurt,5
2025-03-29,Sat,Bundesliga,Away,W,1.0,0.0,Wolfsburg,,11.0,4.0,10.0,8.0,4.0,0.0,2.0,0.0,2025,Heidenheim,5
2025-03-29,Sat,Bundesliga,Home,D,1.0,1.0,Augsburg,,13.0,4.0,14.0,12.0,1.0,0.0,2.0,0.0,2025,Hoffenheim,5
2025-03-29,Sat,Bundesliga,Home,L,0.0,3.0,Werder Bremen,,11.0,0.0,13.0,8.0,4.0,0.0,1.0,0.0,2025,Holstein Kiel,5
2025-03-29,Sat,Bundesliga,Home,W,1.0,0.0,RB Leipzig,,16.0,3.0,5.0,9.0,2.0,0.0,2.0,0.0,2025,M'gladbach,5
2025-03-29,Sat,Bundesliga,Away,L,0.0,1.0,M'gladbach,,19.0,3.0,9.0,5.0,2.0,0.0,2.0,0.0,2025,RB Leipzig,5
2025-03-29,Sat,Bundesliga,Away,L,2.0,3.0,Bayern Munich,,10.0,4.0,4.0,13.0,0.0,0.0,3.0,0.0,2025,St Pauli,5
2025-03-29,Sat,Bundesliga,Away,L,0.0,1.0,Ein Frankfurt,,8.0,2.0,6.0,9.0,3.0,1.0,1.0,0.0,2025,Stuttgart,5
2025-03-29,Sat,Bundesliga,Away,W,3.0,0.0,Holstein Kiel,,14.0,7.0,8.0,13.0,1.0,0.0,4.0,0.0,2025,Werder Bremen,5
2025-03-29,Sat,Bundesliga,Home,L,0.0,1.0,Heidenheim,,11.0,2.0,8.0,10.0,2.0,0.0,4.0,0.0,2025,Wolfsburg,5
2025-03-30,Sun,Bundesliga,Home,W,3.0,1.0,Mainz,,18.0,7.0,10.0,8.0,2.0,0.0,0.0,0.0,2025,Dortmund,6
2025-03-30,Sun,Bundesliga,Home,L,1.0,2.0,Union Berlin,,9.0,3.0,8.0,11.0,3.0,0.0,4.0,0.0,2025,Freiburg,6
2025-03-30,Sun,Bundesliga,Away,L,1.0,3.0,Dortmund,,12.0,3.0,8.0,10.0,0.0,0.0,2.0,0.0,2025,Mainz,6
2025-03-30,Sun,Bundesliga,Away,W,2.0,1.0,Freiburg,,10.0,6.0,11.0,8.0,4.0,0.0,3.0,0.0,2025,Union Berlin,6
2025-04-04,Fri,Bundesliga,Home,L,1.0,3.0,Bayern Munich,,6.0,3.0,8.0,8.0,4.0,1.0,0.0,0.0,2025,Augsburg,4
2025-04-04,Fri,Bundesliga,Away,W,3.0,1.0,Augsburg,,19.0,7.0,8.0,8.0,0.0,0.0,4.0,1.0,2025,Bayern Munich,4
2025-04-05,Sat,Bundesliga,Home,L,0.0,4.0,Stuttgart,,11.0,2.0,17.0,13.0,1.0,0.0,1.0,0.0,2025,Bochum,5
2025-04-05,Sat,Bundesliga,Away,W,4.0,1.0,Freiburg,,18.0,7.0,6.0,8.0,0.0,0.0,1.0,0.0,2025,Dortmund,5
2025-04-05,Sat,Bundesliga,Away,L,0.0,2.0,Werder Bremen,,9.0,0.0,15.0,8.0,3.0,0.0,3.0,0.0,2025,Ein Frankfurt,5
2025-04-05,Sat,Bundesliga,Home,L,1.0,4.0,Dortmund,,12.0,3.0,8.0,6.0,1.0,0.0,0.0,0.0,2025,Freiburg,5
2025-04-05,Sat,Bundesliga,Home,L,0.0,1.0,Leverkusen,,10.0,2.0,14.0,10.0,1.0,0.0,0.0,0.0,2025,Heidenheim,5
2025-04-05,Sat,Bundesliga,Away,L,1.0,3.0,RB Leipzig,,9.0,5.0,12.0,10.0,3.0,1.0,0.0,0.0,2025,Hoffenheim,5
2025-04-05,Sat,Bundesliga,Away,D,1.0,1.0,Mainz,,10.0,5.0,8.0,12.0,4.0,0.0,4.0,0.0,2025,Holstein Kiel,5
2025-04-05,Sat,Bundesliga,Away,W,1.0,0.0,Heidenheim,,6.0,2.0,10.0,14.0,0.0,0.0,1.0,0.0,2025,Leverkusen,5
2025-04-05,Sat,Bundesliga,Home,D,1.0,1.0,Holstein Kiel,,13.0,3.0,12.0,8.0,4.0,0.0,4.0,0.0,2025,Mainz,5
2025-04-05,Sat,Bundesliga,Home,W,3.0,1.0,Hoffenheim,,16.0,5.0,10.0,12.0,0.0,0.0,3.0,1.0,2025,RB Leipzig,5
2025-04-05,Sat,Bundesliga,Away,W,4.0,0.0,Bochum,,14.0,6.0,13.0,17.0,1.0,0.0,1.0,0.0,2025,Stuttgart,5
2025-04-05,Sat,Bundesliga,Home,W,2.0,0.0,Ein Frankfurt,,12.0,4.0,8.0,15.0,3.0,0.0,3.0,0.0,2025,Werder Bremen,5
2025-04-06,Sun,Bundesliga,Away,D,1.0,1.0,St Pauli,,5.0,3.0,13.0,6.0,2.0,0.0,0.0,0.0,2025,M'gladbach,6
2025-04-06,Sun,Bundesliga,Home,D,1.0,1.0,M'gladbach,,26.0,9.0,6.0,13.0,0.0,0.0,2.0,0.0,2025,St Pauli,6
2025-04-06,Sun,Bundesliga,Home,W,1.0,0.0,Wolfsburg,,13.0,3.0,13.0,14.0,0.0,0.0,1.0,0.0,2025,Union Berlin,6
2025-04-06,Sun,Bundesliga,Away,L,0.0,1.0,Union Berlin,,12.0,3.0,14.0,13.0,1.0,0.0,0.0,0.0,2025,Wolfsburg,6
2025-04-11,Fri,Bundesliga,Away,W,3.0,2.0,Wolfsburg,,16.0,5.0,13.0,14.0,3.0,0.0,2.0,0.0,2025,RB Leipzig,4
2025-04-11,Fri,Bundesliga,Home,L,2.0,3.0,RB Leipzig,,17.0,6.0,14.0,13.0,2.0,0.0,3.0,0.0,2025,Wolfsburg,4
2025-04-12,Sat,Bundesliga,Away,W,2.0,1.0,Bochum,,12.0,5.0,9.0,14.0,1.0,1.0,2.0,0.0,2025,Augsburg,5
2025-04-12,Sat,Bundesliga,Home,D,2.0,2.0,Dortmund,,28.0,11.0,8.0,5.0,0.0,0.0,0.0,0.0,2025,Bayern Munich,5
2025-04-12,Sat,Bundesliga,Home,L,1.0,2.0,Augsburg,,25.0,9.0,14.0,9.0,2.0,0.0,1.0,1.0,2025,Bochum,5
2025-04-12,Sat,Bundesliga,Away,D,2.0,2.0,Bayern Munich,,11.0,3.0,5.0,8.0,0.0,0.0,0.0,0.0,2025,Dortmund,5
2025-04-12,Sat,Bundesliga,Away,W,2.0,1.0,M'gladbach,,19.0,7.0,11.0,4.0,1.0,0.0,0.0,0.0,2025,Freiburg,5
2025-04-12,Sat,Bundesliga,Home,W,2.0,0.0,Mainz,,8.0,5.0,18.0,11.0,4.0,0.0,2.0,1.0,2025,Hoffenheim,5
2025-04-12,Sat,Bundesliga,Home,L,1.0,2.0,St Pauli,,6.0,2.0,15.0,11.0,3.0,0.0,4.0,0.0,2025,Holstein Kiel,5
2025-04-12,Sat,Bundesliga,Home,D,0.0,0.0,Union Berlin,,16.0,3.0,10.0,13.0,2.0,0.0,1.0,0.0,2025,Leverkusen,5
2025-04-12,Sat,Bundesliga,Home,L,1.0,2.0,Freiburg,,10.0,1.0,4.0,11.0,0.0,0.0,1.0,0.0,2025,M'gladbach,5
2025-04-12,Sat,Bundesliga,Away,L,0.0,2.0,Hoffenheim,,14.0,1.0,11.0,18.0,2.0,1.0,4.0,0.0,2025,Mainz,5
2025-04-12,Sat,Bundesliga,Away,W,2.0,1.0,Holstein Kiel,,14.0,6.0,11.0,15.0,4.0,0.0,3.0,0.0,2025,St Pauli,5
2025-04-12,Sat,Bundesliga,Away,D,0.0,0.0,Leverkusen,,7.0,3.0,13.0,10.0,1.0,0.0,2.0,0.0,2025,Union Berlin,5
2025-04-13,Sun,Bundesliga,Home,W,3.0,0.0,Heidenheim,,19.0,8.0,6.0,7.0,1.0,0.0,1.0,0.0,2025,Ein Frankfurt,6
2025-04-13,Sun,Bundesliga,Away,L,0.0,3.0,Ein Frankfurt,,14.0,3.0,7.0,6.0,1.0,0.0,1.0,0.0,2025,Heidenheim,6
2025-04-13,Sun,Bundesliga,Home,L,1.0,2.0,Werder Bremen,,12.0,4.0,12.0,13.0,3.0,1.0,2.0,0.0,2025,Stuttgart,6
2025-04-13,Sun,Bundesliga,Away,W,2.0,1.0,Stuttgart,,14.0,5.0,13.0,12.0,2.0,0.0,3.0,1.0,2025,Werder Bremen,6
2025-04-19,Sat,Bundesliga,Away,W,4.0,0.0,Heidenheim,,18.0,11.0,11.0,8.0,1.0,0.0,3.0,0.0,2025,Bayern Munich,5
2025-04-19,Sat,Bundesliga,Away,L,0.0,1.0,Werder Bremen,,12.0,1.0,20.0,9.0,3.0,1.0,3.0,0.0,2025,Bochum,5
2025-04-19,Sat,Bundesliga,Home,W,3.0,2.0,Hoffenheim,,12.0,6.0,14.0,13.0,3.0,0.0,2.0,0.0,2025,Freiburg,5
2025-04-19,Sat,Bundesliga,Home,L,0.0,4.0,Bayern Munich,,4.0,1.0,8.0,11.0,3.0,0.0,1.0,0.0,2025,Heidenheim,5
2025-04-19,Sat,Bundesliga,Away,L,2.0,3.0,Freiburg,,19.0,6.0,13.0,14.0,2.0,0.0,3.0,0.0,2025,Hoffenheim,5
2025-04-19,Sat,Bundesliga,Away,D,1.0,1.0,RB Leipzig,,13.0,3.0,9.0,5.0,2.0,0.0,1.0,0.0,2025,Holstein Kiel,5
2025-04-19,Sat,Bundesliga,Home,D,2.0,2.0,Wolfsburg,,18.0,7.0,15.0,8.0,2.0,0.0,3.0,0.0,2025,Mainz,5
2025-04-19,Sat,Bundesliga,Home,D,1.0,1.0,Holstein Kiel,,10.0,4.0,5.0,9.0,1.0,0.0,2.0,0.0,2025,RB Leipzig,5
2025-04-19,Sat,Bundesliga,Away,D,4.0,4.0,Union Berlin,,13.0,6.0,9.0,8.0,2.0,0.0,0.0,0.0,2025,Stuttgart,5
2025-04-19,Sat,Bundesliga,Home,D,4.0,4.0,Stuttgart,,12.0,5.0,8.0,9.0,0.0,0.0,2.0,0.0,2025,Union Berlin,5
2025-04-19,Sat,Bundesliga,Home,W,1.0,0.0,Bochum,,14.0,4.0,9.0,20.0,3.0,0.0,3.0,1.0,2025,Werder Bremen,5
2025-04-19,Sat,Bundesliga,Away,D,2.0,2.0,Mainz,,16.0,4.0,8.0,15.0,3.0,0.0,2.0,0.0,2025,Wolfsburg,5
2025-04-20,Sun,Bundesliga,Home,D,0.0,0.0,Ein Frankfurt,,13.0,2.0,6.0,8.0,2.0,0.0,1.0,0.0,2025,Augsburg,6
2025-04-20,Sun,Bundesliga,Home,W,3.0,2.0,M'gladbach,,14.0,6.0,13.0,10.0,1.0,0.0,2.0,0.0,2025,Dortmund,6
2025-04-20,Sun,Bundesliga,Away,D,0.0,0.0,Augsburg,,8.0,5.0,8.0,6.0,1.0,0.0,2.0,0.0,2025,Ein Frankfurt,6
2025-04-20,Sun,Bundesliga,Away,D,1.0,1.0,St Pauli,,6.0,4.0,12.0,12.0,4.0,0.0,1.0,0.0,2025,Leverkusen,6
2025-04-20,Sun,Bundesliga,Away,L,2.0,3.0,Dortmund,,6.0,3.0,10.0,13.0,2.0,0.0,1.0,0.0,2025,M'gladbach,6
2025-04-20,Sun,Bundesliga,Home,D,1.0,1.0,Leverkusen,,10.0,5.0,12.0,12.0,1.0,0.0,4.0,0.0,2025,St Pauli,6
2025-04-25,Fri,Bundesliga,Away,W,1.0,0.0,Stuttgart,,6.0,2.0,16.0,14.0,4.0,0.0,0.0,0.0,2025,Heidenheim,4
2025-04-25,Fri,Bundesliga,Home,L,0.0,1.0,Heidenheim,,19.0,3.0,14.0,16.0,0.0,0.0,4.0,0.0,2025,Stuttgart,4
2025-04-26,Sat,Bundesliga,Away,L,0.0,2.0,Leverkusen,,11.0,2.0,10.0,10.0,1.0,0.0,0.0,0.0,2025,Augsburg,5
2025-04-26,Sat,Bundesliga,Home,W,3.0,0.0,Mainz,,14.0,6.0,13.0,17.0,2.0,0.0,2.0,0.0,2025,Bayern Munich,5
2025-04-26,Sat,Bundesliga,Away,W,3.0,2.0,Hoffenheim,,16.0,8.0,9.0,17.0,1.0,0.0,5.0,0.0,2025,Dortmund,5
2025-04-26,Sat,Bundesliga,Home,W,4.0,0.0,RB Leipzig,,9.0,6.0,10.0,13.0,1.0,0.0,2.0,1.0,2025,Ein Frankfurt,5
2025-04-26,Sat,Bundesliga,Away,W,1.0,0.0,Wolfsburg,,15.0,2.0,9.0,6.0,1.0,0.0,3.0,1.0,2025,Freiburg,5
2025-04-26,Sat,Bundesliga,Home,L,2.0,3.0,Dortmund,,11.0,3.0,17.0,9.0,5.0,0.0,1.0,0.0,2025,Hoffenheim,5
2025-04-26,Sat,Bundesliga,Home,W,4.0,3.0,M'gladbach,,22.0,11.0,13.0,11.0,2.0,0.0,1.0,0.0,2025,Holstein Kiel,5
2025-04-26,Sat,Bundesliga,Home,W,2.0,0.0,Augsburg,,14.0,5.0,10.0,10.0,0.0,0.0,1.0,0.0,2025,Leverkusen,5
2025-04-26,Sat,Bundesliga,Away,L,3.0,4.0,Holstein Kiel,,16.0,7.0,11.0,13.0,1.0,0.0,2.0,0.0,2025,M'gladbach,5
2025-04-26,Sat,Bundesliga,Away,L,0.0,3.0,Bayern Munich,,8.0,3.0,17.0,13.0,2.0,0.0,2.0,0.0,2025,Mainz,5
2025-04-26,Sat,Bundesliga,Away,L,0.0,4.0,Ein Frankfurt,,7.0,3.0,13.0,10.0,2.0,1.0,1.0,0.0,2025,RB Leipzig,5
2025-04-26,Sat,Bundesliga,Home,L,0.0,1.0,Freiburg,,8.0,1.0,6.0,9.0,3.0,1.0,1.0,0.0,2025,Wolfsburg,5
2025-04-27,Sun,Bundesliga,Home,D,1.0,1.0,Union Berlin,,10.0,4.0,11.0,9.0,3.0,0.0,2.0,0.0,2025,Bochum,6
2025-04-27,Sun,Bundesliga,Away,D,0.0,0.0,Werder Bremen,,10.0,4.0,16.0,9.0,3.0,1.0,2.0,0.0,2025,St Pauli,6
2025-04-27,Sun,Bundesliga,Away,D,1.0,1.0,Bochum,,5.0,1.0,9.0,11.0,2.0,0.0,3.0,0.0,2025,Union Berlin,6
2025-04-27,Sun,Bundesliga,Home,D,0.0,0.0,St Pauli,,11.0,2.0,9.0,16.0,2.0,0.0,3.0,1.0,2025,Werder Bremen,6
2025-05-02,Fri,Bundesliga,Away,D,0.0,0.0,Heidenheim,,14.0,3.0,14.0,8.0,1.0,0.0,0.0,0.0,2025,Bochum,4
2025-05-02,Fri,Bundesliga,Home,D,0.0,0.0,Bochum,,11.0,3.0,8.0,14.0,0.0,0.0,1.0,0.0,2025,Heidenheim,4
2025-05-03,Sat,Bundesliga,Away,D,3.0,3.0,RB Leipzig,,20.0,6.0,6.0,9.0,1.0,0.0,3.0,0.0,2025,Bayern Munich,5
2025-05-03,Sat,Bundesliga,Home,W,4.0,0.0,Wolfsburg,,11.0,5.0,13.0,6.0,0.0,0.0,1.0,0.0,2025,Dortmund,5
2025-05-03,Sat,Bundesliga,Away,D,4.0,4.0,M'gladbach,,26.0,8.0,8.0,6.0,0.0,0.0,0.0,0.0,2025,Hoffenheim,5
2025-05-03,Sat,Bundesliga,Home,D,4.0,4.0,Hoffenheim,,12.0,7.0,6.0,8.0,0.0,0.0,0.0,0.0,2025,M'gladbach,5
2025-05-03,Sat,Bundesliga,Home,D,3.0,3.0,Bayern Munich,,8.0,6.0,9.0,6.0,3.0,0.0,1.0,0.0,2025,RB Leipzig,5
2025-05-03,Sat,Bundesliga,Home,L,0.0,1.0,Stuttgart,,6.0,1.0,17.0,12.0,6.0,2.0,3.0,0.0,2025,St Pauli,5
2025-05-03,Sat,Bundesliga,Away,W,1.0,0.0,St Pauli,,21.0,8.0,12.0,17.0,3.0,0.0,6.0,2.0,2025,Stuttgart,5
2025-05-03,Sat,Bundesliga,Home,D,2.0,2.0,Werder Bremen,,17.0,7.0,9.0,8.0,2.0,0.0,3.0,0.0,2025,Union Berlin,5
2025-05-03,Sat,Bundesliga,Away,D,2.0,2.0,Union Berlin,,13.0,6.0,8.0,9.0,3.0,0.0,2.0,0.0,2025,Werder Bremen,5
2025-05-03,Sat,Bundesliga,Away,L,0.0,4.0,Dortmund,,11.0,2.0,6.0,13.0,1.0,0.0,0.0,0.0,2025,Wolfsburg,5
2025-05-04,Sun,Bundesliga,Home,L,1.0,3.0,Holstein Kiel,,27.0,10.0,4.0,20.0,0.0,0.0,2.0,0.0,2025,Augsburg,6
2025-05-04,Sun,Bundesliga,Away,D,1.0,1.0,Mainz,,8.0,2.0,10.0,10.0,0.0,0.0,1.0,0.0,2025,Ein Frankfurt,6
2025-05-04,Sun,Bundesliga,Home,D,2.0,2.0,Leverkusen,,8.0,4.0,10.0,16.0,1.0,0.0,2.0,0.0,2025,Freiburg,6
2025-05-04,Sun,Bundesliga,Away,W,3.0,1.0,Augsburg,,7.0,5.0,20.0,4.0,2.0,0.0,0.0,0.0,2025,Holstein Kiel,6
2025-05-04,Sun,Bundesliga,Away,D,2.0,2.0,Freiburg,,5.0,2.0,16.0,10.0,2.0,0.0,1.0,0.0,2025,Leverkusen,6
2025-05-04,Sun,Bundesliga,Home,D,1.0,1.0,Ein Frankfurt,,12.0,3.0,10.0,10.0,1.0,0.0,0.0,0.0,2025,Mainz,6
2025-05-09,Fri,Bundesliga,Away,D,2.0,2.0,Wolfsburg,,17.0,7.0,10.0,11.0,2.0,0.0,0.0,0.0,2025,Hoffenheim,4
2025-05-09,Fri,Bundesliga,Home,D,2.0,2.0,Hoffenheim,,14.0,5.0,11.0,10.0,0.0,0.0,2.0,0.0,2025,Wolfsburg,4
2025-05-10,Sat,Bundesliga,Home,W,2.0,0.0,M'gladbach,,24.0,9.0,3.0,8.0,1.0,0.0,1.0,0.0,2025,Bayern Munich,5
2025-05-10,Sat,Bundesliga,Home,L,1.0,4.0,Mainz,,11.0,6.0,9.0,6.0,3.0,0.0,0.0,0.0,2025,Bochum,5
2025-05-10,Sat,Bundesliga,Away,W,2.0,1.0,Holstein Kiel,,9.0,4.0,13.0,9.0,0.0,0.0,1.0,0.0,2025,Freiburg,5
2025-05-10,Sat,Bundesliga,Away,W,3.0,0.0,Union Berlin,,8.0,4.0,7.0,14.0,0.0,0.0,2.0,0.0,2025,Heidenheim,5
2025-05-10,Sat,Bundesliga,Home,L,1.0,2.0,Freiburg,,15.0,3.0,9.0,13.0,1.0,0.0,0.0,0.0,2025,Holstein Kiel,5
2025-05-10,Sat,Bundesliga,Away,L,0.0,2.0,Bayern Munich,,16.0,6.0,8.0,3.0,1.0,0.0,1.0,0.0,2025,M'gladbach,5
2025-05-10,Sat,Bundesliga,Away,W,4.0,1.0,Bochum,,22.0,8.0,6.0,9.0,0.0,0.0,3.0,0.0,2025,Mainz,5
2025-05-10,Sat,Bundesliga,Away,D,0.0,0.0,Werder Bremen,,16.0,4.0,13.0,6.0,3.0,0.0,1.0,0.0,2025,RB Leipzig,5
2025-05-10,Sat,Bundesliga,Home,L,0.0,3.0,Heidenheim,,10.0,1.0,14.0,7.0,2.0,0.0,0.0,0.0,2025,Union Berlin,5
2025-05-10,Sat,Bundesliga,Home,D,0.0,0.0,RB Leipzig,,21.0,6.0,6.0,13.0,1.0,0.0,3.0,0.0,2025,Werder Bremen,5
2025-05-11,Sun,Bundesliga,Away,L,0.0,4.0,Stuttgart,,7.0,0.0,7.0,9.0,1.0,1.0,1.0,0.0,2025,Augsburg,6
2025-05-11,Sun,Bundesliga,Away,W,4.0,2.0,Leverkusen,,9.0,5.0,8.0,7.0,2.0,0.0,0.0,0.0,2025,Dortmund,6
2025-05-11,Sun,Bundesliga,Home,D,2.0,2.0,St Pauli,,13.0,5.0,11.0,12.0,2.0,0.0,2.0,0.0,2025,Ein Frankfurt,6
2025-05-11,Sun,Bundesliga,Home,L,2.0,4.0,Dortmund,,19.0,10.0,7.0,8.0,0.0,0.0,2.0,0.0,2025,Leverkusen,6
2025-05-11,Sun,Bundesliga,Away,D,2.0,2.0,Ein Frankfurt,,5.0,2.0,12.0,11.0,2.0,0.0,2.0,0.0,2025,St Pauli,6
2025-05-11,Sun,Bundesliga,Home,W,4.0,0.0,Augsburg,,29.0,11.0,9.0,7.0,1.0,0.0,1.0,1.0,2025,Stuttgart,6
2025-05-17,Sat,Bundesliga,Home,L,1.0,2.0,Union Berlin,,19.0,4.0,6.0,5.0,0.0,0.0,0.0,0.0,2025,Augsburg,5
2025-05-17,Sat,Bundesliga,Away,W,4.0,0.0,Hoffenheim,,14.0,5.0,7.0,9.0,0.0,0.0,0.0,0.0,2025,Bayern Munich,5
2025-05-17,Sat,Bundesliga,Away,W,2.0,0.0,St Pauli,,9.0,6.0,11.0,3.0,0.0,0.0,0.0,0.0,2025,Bochum,5
2025-05-17,Sat,Bundesliga,Home,W,3.0,0.0,Holstein Kiel,,19.0,6.0,12.0,6.0,3.0,0.0,1.0,1.0,2025,Dortmund,5
2025-05-17,Sat,Bundesliga,Away,W,3.0,1.0,Freiburg,,11.0,6.0,16.0,13.0,4.0,0.0,2.0,0.0,2025,Ein Frankfurt,5
2025-05-17,Sat,Bundesliga,Home,L,1.0,3.0,Ein Frankfurt,,8.0,1.0,13.0,16.0,2.0,0.0,4.0,0.0,2025,Freiburg,5
2025-05-17,Sat,Bundesliga,Home,L,1.0,4.0,Werder Bremen,,21.0,8.0,11.0,11.0,2.0,0.0,2.0,0.0,2025,Heidenheim,5
2025-05-17,Sat,Bundesliga,Home,L,0.0,4.0,Bayern Munich,,6.0,2.0,9.0,7.0,0.0,0.0,0.0,0.0,2025,Hoffenheim,5
2025-05-17,Sat,Bundesliga,Away,L,0.0,3.0,Dortmund,,4.0,2.0,6.0,12.0,1.0,1.0,3.0,0.0,2025,Holstein Kiel,5
2025-05-17,Sat,Bundesliga,Away,D,2.0,2.0,Mainz,,7.0,4.0,13.0,14.0,6.0,0.0,2.0,0.0,2025,Leverkusen,5
2025-05-17,Sat,Bundesliga,Home,L,0.0,1.0,Wolfsburg,,16.0,3.0,6.0,4.0,0.0,0.0,0.0,0.0,2025,M'gladbach,5
2025-05-17,Sat,Bundesliga,Home,D,2.0,2.0,Leverkusen,,20.0,6.0,14.0,13.0,2.0,0.0,6.0,0.0,2025,Mainz,5
2025-05-17,Sat,Bundesliga,Home,L,2.0,3.0,Stuttgart,,8.0,5.0,9.0,9.0,1.0,0.0,0.0,0.0,2025,RB Leipzig,5
2025-05-17,Sat,Bundesliga,Home,L,0.0,2.0,Bochum,,10.0,2.0,3.0,11.0,0.0,0.0,0.0,0.0,2025,St Pauli,5
2025-05-17,Sat,Bundesliga,Away,W,3.0,2.0,RB Leipzig,,15.0,7.0,9.0,9.0,0.0,0.0,1.0,0.0,2025,Stuttgart,5
2025-05-17,Sat,Bundesliga,Away,W,2.0,1.0,Augsburg,,6.0,4.0,5.0,6.0,0.0,0.0,0.0,0.0,2025,Union Berlin,5
2025-05-17,Sat,Bundesliga,Away,W,4.0,1.0,Heidenheim,,13.0,7.0,11.0,11.0,2.0,0.0,2.0,0.0,2025,Werder Bremen,5
2025-05-17,Sat,Bundesliga,Away,W,1.0,0.0,M'gladbach,,17.0,6.0,4.0,6.0,0.0,0.0,0.0,0.0,2025,Wolfsburg,5
