date,day,comp,venue,result,gf,ga,opponent,referee,sh,sot,foul_comm,foul_rec,yc_rec,rc_rec,yc_opp,rc_opp,season,team,day_code
2020-08-21,Fri,Ligue 1,Home,D,0.0,0.0,Nantes,,5.0,1.0,10.0,15.0,2.0,1.0,3.0,0.0,2021,Bordeaux,4
2020-08-21,Fri,Ligue 1,Away,D,0.0,0.0,Bordeaux,,6.0,1.0,15.0,10.0,3.0,0.0,2.0,1.0,2021,Nantes,4
2020-08-22,Sat,Ligue 1,Away,W,1.0,0.0,Dijon,,12.0,4.0,8.0,15.0,0.0,0.0,0.0,0.0,2021,Angers,5
2020-08-22,Sat,Ligue 1,Home,L,0.0,1.0,Angers,,9.0,1.0,15.0,8.0,0.0,0.0,0.0,0.0,2021,Dijon,5
2020-08-22,Sat,Ligue 1,Home,D,1.0,1.0,Rennes,,5.0,1.0,12.0,16.0,0.0,1.0,1.0,1.0,2021,Lille,5
2020-08-22,Sat,Ligue 1,Away,D,1.0,1.0,Lille,,16.0,3.0,16.0,12.0,1.0,1.0,0.0,1.0,2021,Rennes,5
2020-08-23,Sun,Ligue 1,Away,L,0.0,4.0,Nimes,,10.0,3.0,17.0,14.0,3.0,1.0,2.0,0.0,2021,Brest,6
2020-08-23,Sun,Ligue 1,Away,L,1.0,2.0,Nice,,17.0,4.0,18.0,17.0,3.0,0.0,2.0,0.0,2021,Lens,6
2020-08-23,Sun,Ligue 1,Home,W,3.0,1.0,Strasbourg,,10.0,7.0,17.0,10.0,3.0,0.0,2.0,0.0,2021,Lorient,6
2020-08-23,Sun,Ligue 1,Home,D,2.0,2.0,Reims,,22.0,5.0,8.0,14.0,1.0,0.0,3.0,0.0,2021,Monaco,6
2020-08-23,Sun,Ligue 1,Home,W,2.0,1.0,Lens,,4.0,2.0,17.0,18.0,2.0,0.0,3.0,0.0,2021,Nice,6
2020-08-23,Sun,Ligue 1,Home,W,4.0,0.0,Brest,,12.0,5.0,14.0,17.0,2.0,0.0,3.0,1.0,2021,Nimes,6
2020-08-23,Sun,Ligue 1,Away,D,2.0,2.0,Monaco,,9.0,3.0,14.0,8.0,3.0,0.0,1.0,0.0,2021,Reims,6
2020-08-23,Sun,Ligue 1,Away,L,1.0,3.0,Lorient,,7.0,1.0,10.0,17.0,2.0,0.0,3.0,0.0,2021,Strasbourg,6
2020-08-28,Fri,Ligue 1,Away,L,1.0,4.0,Lyon,,6.0,2.0,7.0,12.0,3.0,0.0,3.0,0.0,2021,Dijon,4
2020-08-28,Fri,Ligue 1,Home,W,4.0,1.0,Dijon,,27.0,12.0,12.0,7.0,3.0,0.0,3.0,0.0,2021,Lyon,4
2020-08-29,Sat,Ligue 1,Away,L,1.0,2.0,Rennes,,11.0,3.0,16.0,18.0,2.0,1.0,3.0,1.0,2021,Montpellier,5
2020-08-29,Sat,Ligue 1,Away,W,2.0,0.0,Strasbourg,,3.0,2.0,11.0,14.0,6.0,0.0,2.0,0.0,2021,Nice,5
2020-08-29,Sat,Ligue 1,Home,W,2.0,1.0,Montpellier,,16.0,7.0,18.0,16.0,3.0,1.0,2.0,1.0,2021,Rennes,5
2020-08-29,Sat,Ligue 1,Home,L,0.0,2.0,Nice,,6.0,0.0,14.0,11.0,2.0,0.0,6.0,0.0,2021,Strasbourg,5
2020-08-30,Sun,Ligue 1,Home,L,0.0,2.0,Bordeaux,,12.0,2.0,12.0,19.0,1.0,0.0,3.0,0.0,2021,Angers,6
2020-08-30,Sun,Ligue 1,Away,W,2.0,0.0,Angers,,7.0,7.0,19.0,12.0,3.0,0.0,1.0,0.0,2021,Bordeaux,6
2020-08-30,Sun,Ligue 1,Home,L,2.0,3.0,Marseille,,19.0,4.0,17.0,13.0,2.0,0.0,4.0,0.0,2021,Brest,6
2020-08-30,Sun,Ligue 1,Away,W,1.0,0.0,Reims,,10.0,3.0,11.0,20.0,1.0,0.0,4.0,0.0,2021,Lille,6
2020-08-30,Sun,Ligue 1,Away,L,0.0,2.0,St Etienne,,6.0,1.0,23.0,14.0,1.0,0.0,2.0,0.0,2021,Lorient,6
2020-08-30,Sun,Ligue 1,Away,W,3.0,2.0,Brest,,7.0,4.0,13.0,17.0,4.0,0.0,2.0,0.0,2021,Marseille,6
2020-08-30,Sun,Ligue 1,Home,L,0.0,1.0,Monaco,,14.0,4.0,14.0,20.0,0.0,0.0,5.0,1.0,2021,Metz,6
2020-08-30,Sun,Ligue 1,Away,W,1.0,0.0,Metz,,3.0,2.0,20.0,14.0,5.0,1.0,0.0,0.0,2021,Monaco,6
2020-08-30,Sun,Ligue 1,Home,W,2.0,1.0,Nimes,,8.0,5.0,16.0,9.0,3.0,2.0,2.0,0.0,2021,Nantes,6
2020-08-30,Sun,Ligue 1,Away,L,1.0,2.0,Nantes,,17.0,9.0,9.0,16.0,2.0,0.0,3.0,2.0,2021,Nimes,6
2020-08-30,Sun,Ligue 1,Home,L,0.0,1.0,Lille,,4.0,0.0,20.0,11.0,4.0,0.0,1.0,0.0,2021,Reims,6
2020-08-30,Sun,Ligue 1,Home,W,2.0,0.0,Lorient,,13.0,5.0,14.0,23.0,2.0,0.0,1.0,0.0,2021,St Etienne,6
2020-09-10,Thu,Ligue 1,Home,W,1.0,0.0,Paris SG,,7.0,3.0,21.0,10.0,2.0,0.0,2.0,0.0,2021,Lens,3
2020-09-10,Thu,Ligue 1,Away,L,0.0,1.0,Lens,,8.0,1.0,10.0,21.0,2.0,0.0,2.0,0.0,2021,Paris SG,3
2020-09-11,Fri,Ligue 1,Home,D,0.0,0.0,Lyon,,5.0,0.0,12.0,19.0,2.0,0.0,3.0,0.0,2021,Bordeaux,4
2020-09-11,Fri,Ligue 1,Away,D,0.0,0.0,Bordeaux,,20.0,3.0,19.0,12.0,3.0,0.0,2.0,0.0,2021,Lyon,4
2020-09-12,Sat,Ligue 1,Home,W,3.0,1.0,Nice,,20.0,13.0,17.0,16.0,0.0,0.0,2.0,0.0,2021,Montpellier,5
2020-09-12,Sat,Ligue 1,Away,L,1.0,3.0,Montpellier,,9.0,1.0,16.0,17.0,2.0,0.0,0.0,0.0,2021,Nice,5
2020-09-12,Sat,Ligue 1,Home,W,2.0,0.0,Strasbourg,,10.0,4.0,13.0,19.0,1.0,0.0,3.0,0.0,2021,St Etienne,5
2020-09-12,Sat,Ligue 1,Away,L,0.0,2.0,St Etienne,,14.0,7.0,19.0,13.0,3.0,0.0,1.0,0.0,2021,Strasbourg,5
2020-09-13,Sun,Ligue 1,Home,W,1.0,0.0,Reims,,20.0,7.0,12.0,12.0,4.0,1.0,2.0,1.0,2021,Angers,6
2020-09-13,Sun,Ligue 1,Away,W,2.0,0.0,Dijon,,19.0,5.0,16.0,16.0,0.0,0.0,2.0,1.0,2021,Brest,6
2020-09-13,Sun,Ligue 1,Home,L,0.0,2.0,Brest,,7.0,3.0,16.0,16.0,2.0,1.0,0.0,0.0,2021,Dijon,6
2020-09-13,Sun,Ligue 1,Away,W,3.0,2.0,Lorient,,12.0,6.0,16.0,20.0,3.0,1.0,4.0,0.0,2021,Lens,6
2020-09-13,Sun,Ligue 1,Home,W,1.0,0.0,Metz,,16.0,6.0,12.0,14.0,4.0,0.0,4.0,0.0,2021,Lille,6
2020-09-13,Sun,Ligue 1,Home,L,2.0,3.0,Lens,,6.0,3.0,20.0,16.0,4.0,0.0,3.0,1.0,2021,Lorient,6
2020-09-13,Sun,Ligue 1,Away,W,1.0,0.0,Paris SG,,5.0,2.0,19.0,17.0,8.0,2.0,6.0,3.0,2021,Marseille,6
2020-09-13,Sun,Ligue 1,Away,L,0.0,1.0,Lille,,5.0,1.0,14.0,12.0,4.0,0.0,4.0,0.0,2021,Metz,6
2020-09-13,Sun,Ligue 1,Home,W,2.0,1.0,Nantes,,18.0,5.0,14.0,11.0,3.0,0.0,1.0,0.0,2021,Monaco,6
2020-09-13,Sun,Ligue 1,Away,L,1.0,2.0,Monaco,,7.0,2.0,11.0,14.0,1.0,0.0,3.0,0.0,2021,Nantes,6
2020-09-13,Sun,Ligue 1,Home,L,2.0,4.0,Rennes,,17.0,9.0,17.0,13.0,2.0,0.0,6.0,0.0,2021,Nimes,6
2020-09-13,Sun,Ligue 1,Home,L,0.0,1.0,Marseille,,14.0,4.0,17.0,19.0,6.0,3.0,8.0,2.0,2021,Paris SG,6
2020-09-13,Sun,Ligue 1,Away,L,0.0,1.0,Angers,,7.0,2.0,12.0,12.0,2.0,1.0,4.0,1.0,2021,Reims,6
2020-09-13,Sun,Ligue 1,Away,W,4.0,2.0,Nimes,,10.0,6.0,13.0,17.0,6.0,0.0,2.0,0.0,2021,Rennes,6
2020-09-15,Tue,Ligue 1,Away,L,1.0,2.0,Montpellier,,19.0,7.0,13.0,13.0,2.0,1.0,3.0,1.0,2021,Lyon,1
2020-09-15,Tue,Ligue 1,Home,W,2.0,1.0,Lyon,,10.0,3.0,13.0,13.0,3.0,1.0,2.0,1.0,2021,Montpellier,1
2020-09-16,Wed,Ligue 1,Away,L,0.0,1.0,Paris SG,,7.0,1.0,6.0,8.0,2.0,0.0,3.0,1.0,2021,Metz,2
2020-09-16,Wed,Ligue 1,Home,W,1.0,0.0,Metz,,20.0,8.0,8.0,6.0,3.0,1.0,2.0,0.0,2021,Paris SG,2
2020-09-17,Thu,Ligue 1,Home,L,0.0,2.0,St Etienne,,13.0,2.0,13.0,15.0,2.0,0.0,2.0,0.0,2021,Marseille,3
2020-09-17,Thu,Ligue 1,Away,W,2.0,0.0,Marseille,,12.0,5.0,15.0,13.0,2.0,0.0,2.0,0.0,2021,St Etienne,3
2020-09-18,Fri,Ligue 1,Home,D,0.0,0.0,Nimes,,16.0,3.0,18.0,12.0,3.0,0.0,2.0,0.0,2021,Lyon,4
2020-09-18,Fri,Ligue 1,Away,D,0.0,0.0,Lyon,,10.0,3.0,12.0,18.0,2.0,0.0,3.0,0.0,2021,Nimes,4
2020-09-19,Sat,Ligue 1,Away,L,1.0,2.0,Lens,,7.0,3.0,15.0,15.0,5.0,1.0,5.0,0.0,2021,Bordeaux,5
2020-09-19,Sat,Ligue 1,Home,W,2.0,1.0,Bordeaux,,19.0,5.0,15.0,15.0,5.0,0.0,5.0,1.0,2021,Lens,5
2020-09-19,Sat,Ligue 1,Away,L,1.0,2.0,Rennes,,14.0,2.0,11.0,11.0,2.0,0.0,1.0,0.0,2021,Monaco,5
2020-09-19,Sat,Ligue 1,Home,W,2.0,1.0,Monaco,,14.0,3.0,11.0,11.0,1.0,0.0,2.0,0.0,2021,Rennes,5
2020-09-20,Sun,Ligue 1,Away,L,1.0,4.0,Montpellier,,14.0,3.0,5.0,14.0,3.0,0.0,4.0,0.0,2021,Angers,6
2020-09-20,Sun,Ligue 1,Home,W,3.0,2.0,Lorient,,14.0,6.0,20.0,13.0,2.0,0.0,1.0,0.0,2021,Brest,6
2020-09-20,Sun,Ligue 1,Away,L,0.0,1.0,Strasbourg,,6.0,2.0,16.0,10.0,1.0,0.0,1.0,0.0,2021,Dijon,6
2020-09-20,Sun,Ligue 1,Away,D,1.0,1.0,Marseille,,14.0,7.0,18.0,12.0,3.0,0.0,3.0,0.0,2021,Lille,6
2020-09-20,Sun,Ligue 1,Away,L,2.0,3.0,Brest,,9.0,4.0,13.0,20.0,1.0,0.0,2.0,0.0,2021,Lorient,6
2020-09-20,Sun,Ligue 1,Home,D,1.0,1.0,Lille,,11.0,2.0,12.0,18.0,3.0,0.0,3.0,0.0,2021,Marseille,6
2020-09-20,Sun,Ligue 1,Home,W,2.0,1.0,Reims,,14.0,4.0,14.0,7.0,1.0,0.0,4.0,1.0,2021,Metz,6
2020-09-20,Sun,Ligue 1,Home,W,4.0,1.0,Angers,,14.0,9.0,14.0,5.0,4.0,0.0,3.0,0.0,2021,Montpellier,6
2020-09-20,Sun,Ligue 1,Home,D,2.0,2.0,St Etienne,,15.0,3.0,12.0,17.0,2.0,0.0,2.0,0.0,2021,Nantes,6
2020-09-20,Sun,Ligue 1,Home,L,0.0,3.0,Paris SG,,14.0,5.0,9.0,9.0,1.0,0.0,2.0,0.0,2021,Nice,6
2020-09-20,Sun,Ligue 1,Away,W,3.0,0.0,Nice,,14.0,6.0,9.0,9.0,2.0,0.0,1.0,0.0,2021,Paris SG,6
2020-09-20,Sun,Ligue 1,Away,L,1.0,2.0,Metz,,10.0,4.0,7.0,14.0,4.0,1.0,1.0,0.0,2021,Reims,6
2020-09-20,Sun,Ligue 1,Away,D,2.0,2.0,Nantes,,6.0,4.0,17.0,12.0,2.0,0.0,2.0,0.0,2021,St Etienne,6
2020-09-20,Sun,Ligue 1,Home,W,1.0,0.0,Dijon,,17.0,6.0,10.0,16.0,1.0,0.0,1.0,0.0,2021,Strasbourg,6
2020-09-25,Fri,Ligue 1,Home,W,2.0,0.0,Nantes,,12.0,4.0,16.0,12.0,0.0,0.0,2.0,0.0,2021,Lille,4
2020-09-25,Fri,Ligue 1,Away,L,0.0,2.0,Lille,,12.0,6.0,12.0,16.0,2.0,0.0,0.0,0.0,2021,Nantes,4
2020-09-26,Sat,Ligue 1,Home,D,1.0,1.0,Metz,,17.0,3.0,15.0,11.0,0.0,0.0,2.0,0.0,2021,Marseille,5
2020-09-26,Sat,Ligue 1,Away,D,1.0,1.0,Marseille,,14.0,3.0,11.0,15.0,2.0,0.0,0.0,0.0,2021,Metz,5
2020-09-26,Sat,Ligue 1,Away,W,3.0,0.0,St Etienne,,10.0,6.0,12.0,11.0,1.0,0.0,1.0,0.0,2021,Rennes,5
2020-09-26,Sat,Ligue 1,Home,L,0.0,3.0,Rennes,,6.0,4.0,11.0,12.0,1.0,0.0,1.0,0.0,2021,St Etienne,5
2020-09-27,Sun,Ligue 1,Home,W,3.0,2.0,Brest,,12.0,5.0,17.0,21.0,3.0,0.0,2.0,0.0,2021,Angers,6
2020-09-27,Sun,Ligue 1,Home,D,0.0,0.0,Nice,,18.0,5.0,9.0,15.0,1.0,0.0,1.0,0.0,2021,Bordeaux,6
2020-09-27,Sun,Ligue 1,Away,L,2.0,3.0,Angers,,14.0,6.0,21.0,17.0,2.0,0.0,3.0,0.0,2021,Brest,6
2020-09-27,Sun,Ligue 1,Home,D,2.0,2.0,Montpellier,,15.0,6.0,15.0,11.0,4.0,0.0,1.0,0.0,2021,Dijon,6
2020-09-27,Sun,Ligue 1,Away,D,1.0,1.0,Nimes,,15.0,6.0,16.0,10.0,3.0,0.0,0.0,0.0,2021,Lens,6
2020-09-27,Sun,Ligue 1,Home,D,1.0,1.0,Lyon,,4.0,2.0,19.0,7.0,2.0,0.0,0.0,0.0,2021,Lorient,6
2020-09-27,Sun,Ligue 1,Away,D,1.0,1.0,Lorient,,19.0,6.0,7.0,19.0,0.0,0.0,2.0,0.0,2021,Lyon,6
2020-09-27,Sun,Ligue 1,Home,W,3.0,2.0,Strasbourg,,11.0,5.0,11.0,12.0,3.0,2.0,1.0,0.0,2021,Monaco,6
2020-09-27,Sun,Ligue 1,Away,D,2.0,2.0,Dijon,,14.0,5.0,11.0,15.0,1.0,0.0,4.0,0.0,2021,Montpellier,6
2020-09-27,Sun,Ligue 1,Away,D,0.0,0.0,Bordeaux,,13.0,2.0,15.0,9.0,1.0,0.0,1.0,0.0,2021,Nice,6
2020-09-27,Sun,Ligue 1,Home,D,1.0,1.0,Lens,,13.0,4.0,10.0,16.0,0.0,0.0,3.0,0.0,2021,Nimes,6
2020-09-27,Sun,Ligue 1,Away,W,2.0,0.0,Reims,,21.0,7.0,10.0,11.0,2.0,0.0,2.0,0.0,2021,Paris SG,6
2020-09-27,Sun,Ligue 1,Home,L,0.0,2.0,Paris SG,,8.0,3.0,11.0,10.0,2.0,0.0,2.0,0.0,2021,Reims,6
2020-09-27,Sun,Ligue 1,Away,L,2.0,3.0,Monaco,,11.0,5.0,12.0,11.0,1.0,0.0,3.0,2.0,2021,Strasbourg,6
2020-10-02,Fri,Ligue 1,Away,L,1.0,6.0,Paris SG,,8.0,2.0,9.0,11.0,2.0,0.0,1.0,0.0,2021,Angers,4
2020-10-02,Fri,Ligue 1,Home,W,6.0,1.0,Angers,,18.0,12.0,11.0,9.0,1.0,0.0,2.0,0.0,2021,Paris SG,4
2020-10-03,Sat,Ligue 1,Home,W,2.0,0.0,St Etienne,,13.0,5.0,23.0,10.0,1.0,0.0,1.0,2.0,2021,Lens,5
2020-10-03,Sat,Ligue 1,Away,L,1.0,2.0,Nice,,11.0,1.0,8.0,13.0,1.0,1.0,2.0,0.0,2021,Nantes,5
2020-10-03,Sat,Ligue 1,Home,W,2.0,1.0,Nantes,,18.0,7.0,13.0,8.0,2.0,0.0,1.0,1.0,2021,Nice,5
2020-10-03,Sat,Ligue 1,Away,L,0.0,2.0,Lens,,2.0,1.0,10.0,23.0,1.0,2.0,1.0,0.0,2021,St Etienne,5
2020-10-04,Sun,Ligue 1,Home,W,3.0,0.0,Dijon,,17.0,7.0,15.0,14.0,2.0,0.0,3.0,0.0,2021,Bordeaux,6
2020-10-04,Sun,Ligue 1,Home,W,1.0,0.0,Monaco,,7.0,5.0,10.0,17.0,3.0,0.0,4.0,0.0,2021,Brest,6
2020-10-04,Sun,Ligue 1,Away,L,0.0,3.0,Bordeaux,,5.0,1.0,14.0,15.0,3.0,0.0,2.0,0.0,2021,Dijon,6
2020-10-04,Sun,Ligue 1,Away,W,3.0,0.0,Strasbourg,,12.0,6.0,10.0,11.0,1.0,0.0,1.0,0.0,2021,Lille,6
2020-10-04,Sun,Ligue 1,Away,L,1.0,3.0,Metz,,10.0,4.0,14.0,10.0,2.0,0.0,1.0,0.0,2021,Lorient,6
2020-10-04,Sun,Ligue 1,Home,D,1.0,1.0,Marseille,,24.0,3.0,14.0,10.0,1.0,0.0,1.0,1.0,2021,Lyon,6
2020-10-04,Sun,Ligue 1,Away,D,1.0,1.0,Lyon,,4.0,1.0,10.0,14.0,1.0,1.0,1.0,0.0,2021,Marseille,6
2020-10-04,Sun,Ligue 1,Home,W,3.0,1.0,Lorient,,16.0,8.0,10.0,14.0,1.0,0.0,2.0,0.0,2021,Metz,6
2020-10-04,Sun,Ligue 1,Away,L,0.0,1.0,Brest,,21.0,2.0,17.0,10.0,4.0,0.0,3.0,0.0,2021,Monaco,6
2020-10-04,Sun,Ligue 1,Home,L,0.0,1.0,Nimes,,12.0,2.0,14.0,15.0,2.0,0.0,1.0,0.0,2021,Montpellier,6
2020-10-04,Sun,Ligue 1,Away,W,1.0,0.0,Montpellier,,8.0,1.0,15.0,14.0,1.0,0.0,2.0,0.0,2021,Nimes,6
2020-10-04,Sun,Ligue 1,Away,D,2.0,2.0,Rennes,,9.0,4.0,16.0,12.0,3.0,0.0,4.0,0.0,2021,Reims,6
2020-10-04,Sun,Ligue 1,Home,D,2.0,2.0,Reims,,18.0,3.0,12.0,16.0,4.0,0.0,3.0,0.0,2021,Rennes,6
2020-10-04,Sun,Ligue 1,Home,L,0.0,3.0,Lille,,14.0,3.0,11.0,10.0,1.0,0.0,1.0,0.0,2021,Strasbourg,6
2020-10-16,Fri,Ligue 1,Home,D,1.0,1.0,Rennes,,12.0,4.0,22.0,13.0,4.0,0.0,2.0,0.0,2021,Dijon,4
2020-10-16,Fri,Ligue 1,Home,L,0.0,4.0,Paris SG,,5.0,2.0,10.0,12.0,1.0,1.0,2.0,0.0,2021,Nimes,4
2020-10-16,Fri,Ligue 1,Away,W,4.0,0.0,Nimes,,30.0,11.0,12.0,10.0,2.0,0.0,1.0,1.0,2021,Paris SG,4
2020-10-16,Fri,Ligue 1,Away,D,1.0,1.0,Dijon,,12.0,3.0,13.0,22.0,2.0,0.0,4.0,0.0,2021,Rennes,4
2020-10-17,Sat,Ligue 1,Away,L,1.0,3.0,Marseille,,8.0,4.0,13.0,13.0,1.0,0.0,3.0,0.0,2021,Bordeaux,5
2020-10-17,Sat,Ligue 1,Away,W,3.0,1.0,Reims,,14.0,4.0,11.0,14.0,1.0,0.0,4.0,2.0,2021,Lorient,5
2020-10-17,Sat,Ligue 1,Home,W,3.0,1.0,Bordeaux,,6.0,4.0,13.0,13.0,3.0,0.0,1.0,0.0,2021,Marseille,5
2020-10-17,Sat,Ligue 1,Home,L,1.0,3.0,Lorient,,6.0,3.0,14.0,11.0,4.0,2.0,1.0,0.0,2021,Reims,5
2020-10-18,Sun,Ligue 1,Home,D,1.0,1.0,Metz,,7.0,2.0,18.0,13.0,4.0,0.0,2.0,0.0,2021,Angers,6
2020-10-18,Sun,Ligue 1,Away,L,1.0,3.0,Nantes,,14.0,5.0,15.0,15.0,2.0,0.0,3.0,0.0,2021,Brest,6
2020-10-18,Sun,Ligue 1,Away,L,0.0,4.0,Lille,,7.0,2.0,16.0,13.0,3.0,2.0,0.0,0.0,2021,Lens,6
2020-10-18,Sun,Ligue 1,Home,W,4.0,0.0,Lens,,17.0,6.0,13.0,16.0,0.0,0.0,3.0,2.0,2021,Lille,6
2020-10-18,Sun,Ligue 1,Away,W,3.0,2.0,Strasbourg,,14.0,8.0,8.0,13.0,3.0,0.0,2.0,0.0,2021,Lyon,6
2020-10-18,Sun,Ligue 1,Away,D,1.0,1.0,Angers,,7.0,3.0,13.0,18.0,2.0,0.0,4.0,0.0,2021,Metz,6
2020-10-18,Sun,Ligue 1,Home,D,1.0,1.0,Montpellier,,21.0,7.0,13.0,13.0,2.0,0.0,1.0,1.0,2021,Monaco,6
2020-10-18,Sun,Ligue 1,Away,D,1.0,1.0,Monaco,,3.0,2.0,13.0,13.0,1.0,1.0,2.0,0.0,2021,Montpellier,6
2020-10-18,Sun,Ligue 1,Home,W,3.0,1.0,Brest,,12.0,8.0,15.0,15.0,3.0,0.0,2.0,0.0,2021,Nantes,6
2020-10-18,Sun,Ligue 1,Away,W,3.0,1.0,St Etienne,,11.0,5.0,10.0,15.0,5.0,0.0,2.0,0.0,2021,Nice,6
2020-10-18,Sun,Ligue 1,Home,L,1.0,3.0,Nice,,11.0,4.0,15.0,10.0,2.0,0.0,5.0,0.0,2021,St Etienne,6
2020-10-18,Sun,Ligue 1,Home,L,2.0,3.0,Lyon,,20.0,9.0,13.0,8.0,2.0,0.0,3.0,0.0,2021,Strasbourg,6
2020-10-23,Fri,Ligue 1,Away,W,2.0,1.0,Rennes,,10.0,4.0,5.0,11.0,0.0,0.0,2.0,0.0,2021,Angers,4
2020-10-23,Fri,Ligue 1,Home,L,1.0,2.0,Angers,,11.0,1.0,11.0,5.0,2.0,0.0,0.0,0.0,2021,Rennes,4
2020-10-24,Sat,Ligue 1,Away,L,0.0,4.0,Paris SG,,16.0,3.0,18.0,12.0,2.0,0.0,0.0,0.0,2021,Dijon,5
2020-10-24,Sat,Ligue 1,Home,L,0.0,1.0,Marseille,,13.0,3.0,10.0,12.0,3.0,0.0,3.0,0.0,2021,Lorient,5
2020-10-24,Sat,Ligue 1,Away,W,1.0,0.0,Lorient,,15.0,3.0,12.0,10.0,3.0,0.0,3.0,0.0,2021,Marseille,5
2020-10-24,Sat,Ligue 1,Home,W,4.0,0.0,Dijon,,20.0,9.0,12.0,18.0,0.0,0.0,2.0,0.0,2021,Paris SG,5
2020-10-25,Sun,Ligue 1,Home,W,2.0,0.0,Nimes,,20.0,6.0,9.0,16.0,3.0,0.0,3.0,0.0,2021,Bordeaux,6
2020-10-25,Sun,Ligue 1,Home,L,0.0,3.0,Strasbourg,,14.0,4.0,8.0,11.0,1.0,0.0,3.0,0.0,2021,Brest,6
2020-10-25,Sun,Ligue 1,Away,D,1.0,1.0,Nice,,12.0,4.0,18.0,13.0,6.0,0.0,1.0,0.0,2021,Lille,6
2020-10-25,Sun,Ligue 1,Home,W,4.0,1.0,Monaco,,15.0,6.0,12.0,15.0,3.0,1.0,4.0,0.0,2021,Lyon,6
2020-10-25,Sun,Ligue 1,Home,W,2.0,0.0,St Etienne,,6.0,3.0,11.0,18.0,3.0,0.0,3.0,0.0,2021,Metz,6
2020-10-25,Sun,Ligue 1,Away,L,1.0,4.0,Lyon,,18.0,5.0,15.0,12.0,4.0,0.0,3.0,1.0,2021,Monaco,6
2020-10-25,Sun,Ligue 1,Home,L,0.0,4.0,Reims,,5.0,1.0,7.0,11.0,1.0,2.0,0.0,0.0,2021,Montpellier,6
2020-10-25,Sun,Ligue 1,Home,D,1.0,1.0,Lille,,8.0,3.0,13.0,18.0,1.0,0.0,6.0,0.0,2021,Nice,6
2020-10-25,Sun,Ligue 1,Away,L,0.0,2.0,Bordeaux,,8.0,4.0,16.0,9.0,3.0,0.0,3.0,0.0,2021,Nimes,6
2020-10-25,Sun,Ligue 1,Away,W,4.0,0.0,Montpellier,,24.0,9.0,11.0,7.0,0.0,0.0,1.0,2.0,2021,Reims,6
2020-10-25,Sun,Ligue 1,Away,L,0.0,2.0,Metz,,10.0,0.0,18.0,11.0,3.0,0.0,3.0,0.0,2021,St Etienne,6
2020-10-25,Sun,Ligue 1,Away,W,3.0,0.0,Brest,,7.0,5.0,11.0,8.0,3.0,0.0,1.0,0.0,2021,Strasbourg,6
2020-10-31,Sat,Ligue 1,Away,L,1.0,2.0,Rennes,,9.0,4.0,12.0,2.0,3.0,0.0,1.0,0.0,2021,Brest,5
2020-10-31,Sat,Ligue 1,Home,L,0.0,3.0,Paris SG,,6.0,1.0,13.0,13.0,2.0,0.0,1.0,0.0,2021,Nantes,5
2020-10-31,Sat,Ligue 1,Away,W,3.0,0.0,Nantes,,13.0,4.0,13.0,13.0,1.0,0.0,2.0,0.0,2021,Paris SG,5
2020-10-31,Sat,Ligue 1,Home,W,2.0,1.0,Brest,,24.0,8.0,2.0,12.0,1.0,0.0,3.0,0.0,2021,Rennes,5
2020-11-01,Sun,Ligue 1,Home,L,0.0,3.0,Nice,,11.0,5.0,18.0,12.0,5.0,0.0,2.0,0.0,2021,Angers,6
2020-11-01,Sun,Ligue 1,Away,L,0.0,4.0,Monaco,,5.0,0.0,12.0,10.0,2.0,0.0,2.0,0.0,2021,Bordeaux,6
2020-11-01,Sun,Ligue 1,Home,D,0.0,0.0,Lorient,,11.0,2.0,18.0,13.0,2.0,0.0,1.0,0.0,2021,Dijon,6
2020-11-01,Sun,Ligue 1,Home,D,1.0,1.0,Lyon,,15.0,6.0,14.0,10.0,3.0,0.0,3.0,1.0,2021,Lille,6
2020-11-01,Sun,Ligue 1,Away,D,0.0,0.0,Dijon,,9.0,1.0,13.0,18.0,1.0,0.0,2.0,0.0,2021,Lorient,6
2020-11-01,Sun,Ligue 1,Away,D,1.0,1.0,Lille,,8.0,1.0,10.0,14.0,3.0,1.0,3.0,0.0,2021,Lyon,6
2020-11-01,Sun,Ligue 1,Away,W,1.0,0.0,Nimes,,8.0,5.0,15.0,13.0,2.0,1.0,3.0,0.0,2021,Metz,6
2020-11-01,Sun,Ligue 1,Home,W,4.0,0.0,Bordeaux,,17.0,6.0,10.0,12.0,2.0,0.0,2.0,0.0,2021,Monaco,6
2020-11-01,Sun,Ligue 1,Away,W,1.0,0.0,St Etienne,,10.0,2.0,17.0,16.0,3.0,0.0,3.0,0.0,2021,Montpellier,6
2020-11-01,Sun,Ligue 1,Away,W,3.0,0.0,Angers,,12.0,5.0,12.0,18.0,2.0,0.0,5.0,0.0,2021,Nice,6
2020-11-01,Sun,Ligue 1,Home,L,0.0,1.0,Metz,,16.0,2.0,13.0,15.0,3.0,0.0,2.0,1.0,2021,Nimes,6
2020-11-01,Sun,Ligue 1,Home,W,2.0,1.0,Strasbourg,,12.0,4.0,13.0,13.0,0.0,0.0,2.0,0.0,2021,Reims,6
2020-11-01,Sun,Ligue 1,Home,L,0.0,1.0,Montpellier,,8.0,0.0,16.0,17.0,3.0,0.0,3.0,0.0,2021,St Etienne,6
2020-11-01,Sun,Ligue 1,Away,L,1.0,2.0,Reims,,9.0,3.0,13.0,13.0,2.0,0.0,0.0,0.0,2021,Strasbourg,6
2020-11-06,Fri,Ligue 1,Away,W,1.0,0.0,Strasbourg,,1.0,1.0,17.0,13.0,4.0,0.0,0.0,0.0,2021,Marseille,4
2020-11-06,Fri,Ligue 1,Home,L,0.0,1.0,Marseille,,9.0,2.0,13.0,17.0,0.0,0.0,4.0,0.0,2021,Strasbourg,4
2020-11-07,Sat,Ligue 1,Home,L,0.0,2.0,Montpellier,,9.0,1.0,14.0,10.0,2.0,0.0,1.0,0.0,2021,Bordeaux,5
2020-11-07,Sat,Ligue 1,Away,W,2.0,0.0,Bordeaux,,9.0,3.0,10.0,14.0,1.0,0.0,2.0,0.0,2021,Montpellier,5
2020-11-07,Sat,Ligue 1,Home,W,3.0,0.0,Rennes,,9.0,6.0,19.0,15.0,3.0,0.0,0.0,0.0,2021,Paris SG,5
2020-11-07,Sat,Ligue 1,Away,L,0.0,3.0,Paris SG,,16.0,3.0,15.0,19.0,0.0,0.0,3.0,0.0,2021,Rennes,5
2020-11-08,Sun,Ligue 1,Away,W,5.0,1.0,Nimes,,15.0,8.0,15.0,12.0,5.0,0.0,2.0,0.0,2021,Angers,6
2020-11-08,Sun,Ligue 1,Home,W,3.0,2.0,Lille,,12.0,8.0,13.0,15.0,4.0,0.0,3.0,0.0,2021,Brest,6
2020-11-08,Sun,Ligue 1,Away,D,1.0,1.0,Metz,,14.0,6.0,11.0,16.0,1.0,0.0,2.0,0.0,2021,Dijon,6
2020-11-08,Sun,Ligue 1,Home,D,4.0,4.0,Reims,,14.0,5.0,12.0,7.0,3.0,0.0,1.0,0.0,2021,Lens,6
2020-11-08,Sun,Ligue 1,Away,L,2.0,3.0,Brest,,22.0,7.0,15.0,13.0,3.0,0.0,4.0,0.0,2021,Lille,6
2020-11-08,Sun,Ligue 1,Home,L,0.0,2.0,Nantes,,18.0,4.0,17.0,9.0,3.0,0.0,1.0,0.0,2021,Lorient,6
2020-11-08,Sun,Ligue 1,Home,W,2.0,1.0,St Etienne,,18.0,6.0,19.0,19.0,5.0,0.0,3.0,0.0,2021,Lyon,6
2020-11-08,Sun,Ligue 1,Home,D,1.0,1.0,Dijon,,14.0,4.0,16.0,11.0,2.0,0.0,1.0,0.0,2021,Metz,6
2020-11-08,Sun,Ligue 1,Away,W,2.0,1.0,Nice,,15.0,8.0,16.0,8.0,2.0,0.0,2.0,0.0,2021,Monaco,6
2020-11-08,Sun,Ligue 1,Away,W,2.0,0.0,Lorient,,16.0,4.0,9.0,17.0,1.0,0.0,3.0,0.0,2021,Nantes,6
2020-11-08,Sun,Ligue 1,Home,L,1.0,2.0,Monaco,,8.0,4.0,8.0,16.0,2.0,0.0,2.0,0.0,2021,Nice,6
2020-11-08,Sun,Ligue 1,Home,L,1.0,5.0,Angers,,11.0,4.0,12.0,15.0,2.0,0.0,5.0,0.0,2021,Nimes,6
2020-11-08,Sun,Ligue 1,Away,D,4.0,4.0,Lens,,8.0,6.0,7.0,12.0,1.0,0.0,3.0,0.0,2021,Reims,6
2020-11-08,Sun,Ligue 1,Away,L,1.0,2.0,Lyon,,16.0,4.0,19.0,19.0,3.0,0.0,5.0,0.0,2021,St Etienne,6
2020-11-20,Fri,Ligue 1,Away,W,1.0,0.0,Rennes,,6.0,3.0,19.0,18.0,2.0,0.0,2.0,0.0,2021,Bordeaux,4
2020-11-20,Fri,Ligue 1,Home,W,3.0,2.0,Paris SG,,15.0,5.0,12.0,19.0,2.0,0.0,3.0,1.0,2021,Monaco,4
2020-11-20,Fri,Ligue 1,Away,L,2.0,3.0,Monaco,,9.0,4.0,19.0,12.0,3.0,1.0,2.0,0.0,2021,Paris SG,4
2020-11-20,Fri,Ligue 1,Home,L,0.0,1.0,Bordeaux,,14.0,2.0,18.0,19.0,2.0,0.0,2.0,0.0,2021,Rennes,4
2020-11-21,Sat,Ligue 1,Home,W,4.0,1.0,St Etienne,,10.0,5.0,12.0,10.0,1.0,0.0,1.0,0.0,2021,Brest,5
2020-11-21,Sat,Ligue 1,Away,L,1.0,4.0,Brest,,17.0,1.0,10.0,12.0,1.0,0.0,1.0,0.0,2021,St Etienne,5
2020-11-22,Sun,Ligue 1,Home,L,0.0,1.0,Lyon,,20.0,8.0,12.0,12.0,2.0,0.0,3.0,0.0,2021,Angers,6
2020-11-22,Sun,Ligue 1,Home,L,0.0,1.0,Lens,,10.0,2.0,14.0,6.0,2.0,0.0,0.0,0.0,2021,Dijon,6
2020-11-22,Sun,Ligue 1,Away,W,1.0,0.0,Dijon,,6.0,2.0,6.0,14.0,0.0,0.0,2.0,0.0,2021,Lens,6
2020-11-22,Sun,Ligue 1,Home,W,4.0,0.0,Lorient,,31.0,13.0,10.0,11.0,1.0,0.0,3.0,0.0,2021,Lille,6
2020-11-22,Sun,Ligue 1,Away,L,0.0,4.0,Lille,,7.0,2.0,11.0,10.0,3.0,0.0,1.0,0.0,2021,Lorient,6
2020-11-22,Sun,Ligue 1,Away,W,1.0,0.0,Angers,,5.0,2.0,12.0,12.0,3.0,0.0,2.0,0.0,2021,Lyon,6
2020-11-22,Sun,Ligue 1,Away,D,1.0,1.0,Nantes,,10.0,4.0,14.0,13.0,3.0,0.0,2.0,0.0,2021,Metz,6
2020-11-22,Sun,Ligue 1,Home,W,4.0,3.0,Strasbourg,,21.0,9.0,16.0,11.0,2.0,0.0,1.0,0.0,2021,Montpellier,6
2020-11-22,Sun,Ligue 1,Home,D,1.0,1.0,Metz,,17.0,5.0,13.0,14.0,2.0,0.0,3.0,0.0,2021,Nantes,6
2020-11-22,Sun,Ligue 1,Away,W,1.0,0.0,Reims,,6.0,5.0,11.0,18.0,1.0,0.0,3.0,0.0,2021,Nimes,6
2020-11-22,Sun,Ligue 1,Home,L,0.0,1.0,Nimes,,16.0,6.0,18.0,11.0,3.0,0.0,1.0,0.0,2021,Reims,6
2020-11-22,Sun,Ligue 1,Away,L,3.0,4.0,Montpellier,,9.0,5.0,11.0,16.0,1.0,0.0,2.0,0.0,2021,Strasbourg,6
2020-11-25,Wed,Ligue 1,Home,D,1.0,1.0,Nantes,,7.0,1.0,14.0,18.0,4.0,0.0,2.0,0.0,2021,Lens,2
2020-11-25,Wed,Ligue 1,Away,D,1.0,1.0,Lens,,11.0,3.0,18.0,14.0,2.0,0.0,4.0,0.0,2021,Nantes,2
2020-11-27,Fri,Ligue 1,Away,D,1.0,1.0,Strasbourg,,21.0,7.0,12.0,11.0,0.0,0.0,0.0,1.0,2021,Rennes,4
2020-11-27,Fri,Ligue 1,Home,D,1.0,1.0,Rennes,,6.0,3.0,11.0,12.0,0.0,1.0,0.0,0.0,2021,Strasbourg,4
2020-11-28,Sat,Ligue 1,Away,D,2.0,2.0,Paris SG,,18.0,4.0,10.0,8.0,1.0,0.0,1.0,0.0,2021,Bordeaux,5
2020-11-28,Sat,Ligue 1,Home,W,3.0,1.0,Nantes,,15.0,9.0,16.0,11.0,4.0,0.0,2.0,0.0,2021,Marseille,5
2020-11-28,Sat,Ligue 1,Away,L,1.0,3.0,Marseille,,6.0,2.0,11.0,16.0,2.0,0.0,4.0,0.0,2021,Nantes,5
2020-11-28,Sat,Ligue 1,Home,D,2.0,2.0,Bordeaux,,16.0,9.0,8.0,10.0,1.0,0.0,1.0,0.0,2021,Paris SG,5
2020-11-29,Sun,Ligue 1,Away,W,3.0,1.0,Lens,,18.0,7.0,13.0,15.0,2.0,0.0,2.0,0.0,2021,Angers,6
2020-11-29,Sun,Ligue 1,Away,W,2.0,0.0,Metz,,10.0,3.0,10.0,11.0,1.0,0.0,2.0,0.0,2021,Brest,6
2020-11-29,Sun,Ligue 1,Away,W,3.0,1.0,Nice,,9.0,4.0,21.0,7.0,3.0,0.0,3.0,0.0,2021,Dijon,6
2020-11-29,Sun,Ligue 1,Home,L,1.0,3.0,Angers,,13.0,5.0,15.0,13.0,2.0,0.0,2.0,0.0,2021,Lens,6
2020-11-29,Sun,Ligue 1,Away,D,1.0,1.0,St Etienne,,9.0,2.0,13.0,15.0,1.0,0.0,4.0,0.0,2021,Lille,6
2020-11-29,Sun,Ligue 1,Home,L,0.0,1.0,Montpellier,,8.0,2.0,13.0,14.0,2.0,0.0,1.0,0.0,2021,Lorient,6
2020-11-29,Sun,Ligue 1,Home,W,3.0,0.0,Reims,,14.0,4.0,19.0,11.0,2.0,0.0,1.0,1.0,2021,Lyon,6
2020-11-29,Sun,Ligue 1,Home,L,0.0,2.0,Brest,,15.0,6.0,11.0,10.0,2.0,0.0,1.0,0.0,2021,Metz,6
2020-11-29,Sun,Ligue 1,Home,W,3.0,0.0,Nimes,,18.0,5.0,16.0,9.0,1.0,0.0,1.0,1.0,2021,Monaco,6
2020-11-29,Sun,Ligue 1,Away,W,1.0,0.0,Lorient,,16.0,3.0,14.0,13.0,1.0,0.0,2.0,0.0,2021,Montpellier,6
2020-11-29,Sun,Ligue 1,Home,L,1.0,3.0,Dijon,,24.0,7.0,7.0,21.0,3.0,0.0,3.0,0.0,2021,Nice,6
2020-11-29,Sun,Ligue 1,Away,L,0.0,3.0,Monaco,,6.0,2.0,9.0,16.0,1.0,1.0,1.0,0.0,2021,Nimes,6
2020-11-29,Sun,Ligue 1,Away,L,0.0,3.0,Lyon,,10.0,2.0,11.0,19.0,1.0,1.0,2.0,0.0,2021,Reims,6
2020-11-29,Sun,Ligue 1,Home,D,1.0,1.0,Lille,,7.0,5.0,15.0,13.0,4.0,0.0,1.0,0.0,2021,St Etienne,6
2020-12-04,Fri,Ligue 1,Away,W,2.0,0.0,Nimes,,17.0,4.0,18.0,11.0,4.0,1.0,3.0,1.0,2021,Marseille,4
2020-12-04,Fri,Ligue 1,Home,L,0.0,2.0,Marseille,,7.0,0.0,11.0,18.0,3.0,1.0,4.0,1.0,2021,Nimes,4
2020-12-05,Sat,Ligue 1,Away,W,2.0,0.0,Rennes,,6.0,4.0,16.0,18.0,3.0,0.0,1.0,0.0,2021,Lens,5
2020-12-05,Sat,Ligue 1,Home,L,1.0,3.0,Paris SG,,17.0,2.0,12.0,14.0,1.0,0.0,3.0,0.0,2021,Montpellier,5
2020-12-05,Sat,Ligue 1,Away,W,3.0,1.0,Montpellier,,13.0,6.0,14.0,12.0,3.0,0.0,1.0,0.0,2021,Paris SG,5
2020-12-05,Sat,Ligue 1,Home,L,0.0,2.0,Lens,,10.0,4.0,18.0,16.0,1.0,0.0,3.0,0.0,2021,Rennes,5
2020-12-06,Sun,Ligue 1,Home,W,2.0,0.0,Lorient,,10.0,3.0,13.0,11.0,3.0,0.0,0.0,0.0,2021,Angers,6
2020-12-06,Sun,Ligue 1,Home,W,1.0,0.0,Brest,,21.0,6.0,10.0,11.0,0.0,0.0,3.0,0.0,2021,Bordeaux,6
2020-12-06,Sun,Ligue 1,Away,L,0.0,1.0,Bordeaux,,8.0,3.0,11.0,10.0,3.0,0.0,0.0,0.0,2021,Brest,6
2020-12-06,Sun,Ligue 1,Home,D,0.0,0.0,St Etienne,,6.0,1.0,15.0,13.0,0.0,0.0,1.0,0.0,2021,Dijon,6
2020-12-06,Sun,Ligue 1,Home,W,2.0,1.0,Monaco,,10.0,5.0,12.0,11.0,3.0,0.0,0.0,0.0,2021,Lille,6
2020-12-06,Sun,Ligue 1,Away,L,0.0,2.0,Angers,,12.0,3.0,11.0,13.0,0.0,0.0,3.0,0.0,2021,Lorient,6
2020-12-06,Sun,Ligue 1,Away,W,3.0,1.0,Metz,,18.0,5.0,14.0,14.0,0.0,1.0,1.0,1.0,2021,Lyon,6
2020-12-06,Sun,Ligue 1,Home,L,1.0,3.0,Lyon,,12.0,5.0,14.0,14.0,1.0,1.0,0.0,1.0,2021,Metz,6
2020-12-06,Sun,Ligue 1,Away,L,1.0,2.0,Lille,,8.0,3.0,11.0,12.0,0.0,0.0,3.0,0.0,2021,Monaco,6
2020-12-06,Sun,Ligue 1,Home,L,0.0,4.0,Strasbourg,,14.0,2.0,13.0,13.0,3.0,0.0,2.0,0.0,2021,Nantes,6
2020-12-06,Sun,Ligue 1,Away,D,0.0,0.0,Reims,,12.0,4.0,13.0,12.0,2.0,0.0,1.0,0.0,2021,Nice,6
2020-12-06,Sun,Ligue 1,Home,D,0.0,0.0,Nice,,11.0,2.0,12.0,13.0,1.0,0.0,2.0,0.0,2021,Reims,6
2020-12-06,Sun,Ligue 1,Away,D,0.0,0.0,Dijon,,7.0,2.0,13.0,15.0,1.0,0.0,0.0,0.0,2021,St Etienne,6
2020-12-06,Sun,Ligue 1,Away,W,4.0,0.0,Nantes,,13.0,9.0,13.0,13.0,2.0,0.0,3.0,0.0,2021,Strasbourg,6
2020-12-11,Fri,Ligue 1,Away,D,0.0,0.0,St Etienne,,8.0,3.0,15.0,16.0,3.0,0.0,3.0,0.0,2021,Angers,4
2020-12-11,Fri,Ligue 1,Home,D,0.0,0.0,Angers,,14.0,3.0,16.0,15.0,3.0,0.0,3.0,0.0,2021,St Etienne,4
2020-12-12,Sat,Ligue 1,Home,L,2.0,3.0,Montpellier,,14.0,4.0,11.0,14.0,1.0,0.0,1.0,0.0,2021,Lens,5
2020-12-12,Sat,Ligue 1,Home,W,2.0,1.0,Monaco,,5.0,2.0,22.0,10.0,3.0,0.0,2.0,0.0,2021,Marseille,5
2020-12-12,Sat,Ligue 1,Away,L,1.0,2.0,Marseille,,9.0,4.0,10.0,22.0,2.0,0.0,3.0,0.0,2021,Monaco,5
2020-12-12,Sat,Ligue 1,Away,W,3.0,2.0,Lens,,10.0,7.0,14.0,11.0,1.0,0.0,1.0,0.0,2021,Montpellier,5
2020-12-13,Sun,Ligue 1,Away,L,1.0,2.0,Lille,,4.0,3.0,10.0,14.0,2.0,0.0,0.0,0.0,2021,Bordeaux,6
2020-12-13,Sun,Ligue 1,Home,W,2.0,1.0,Reims,,10.0,6.0,12.0,11.0,1.0,0.0,1.0,0.0,2021,Brest,6
2020-12-13,Sun,Ligue 1,Away,D,1.0,1.0,Nantes,,13.0,4.0,16.0,11.0,2.0,0.0,2.0,0.0,2021,Dijon,6
2020-12-13,Sun,Ligue 1,Home,W,2.0,1.0,Bordeaux,,15.0,5.0,14.0,10.0,0.0,0.0,2.0,0.0,2021,Lille,6
2020-12-13,Sun,Ligue 1,Home,W,3.0,0.0,Nimes,,13.0,5.0,18.0,7.0,2.0,0.0,0.0,0.0,2021,Lorient,6
2020-12-13,Sun,Ligue 1,Away,W,1.0,0.0,Paris SG,,8.0,5.0,17.0,11.0,1.0,1.0,4.0,0.0,2021,Lyon,6
2020-12-13,Sun,Ligue 1,Away,D,2.0,2.0,Strasbourg,,6.0,3.0,16.0,11.0,4.0,0.0,3.0,0.0,2021,Metz,6
2020-12-13,Sun,Ligue 1,Home,D,1.0,1.0,Dijon,,17.0,6.0,11.0,16.0,2.0,0.0,2.0,0.0,2021,Nantes,6
2020-12-13,Sun,Ligue 1,Home,L,0.0,1.0,Rennes,,11.0,3.0,16.0,10.0,2.0,0.0,1.0,0.0,2021,Nice,6
2020-12-13,Sun,Ligue 1,Away,L,0.0,3.0,Lorient,,6.0,2.0,7.0,18.0,0.0,0.0,2.0,0.0,2021,Nimes,6
2020-12-13,Sun,Ligue 1,Home,L,0.0,1.0,Lyon,,7.0,1.0,11.0,17.0,4.0,0.0,1.0,1.0,2021,Paris SG,6
2020-12-13,Sun,Ligue 1,Away,L,1.0,2.0,Brest,,10.0,4.0,11.0,12.0,1.0,0.0,1.0,0.0,2021,Reims,6
2020-12-13,Sun,Ligue 1,Away,W,1.0,0.0,Nice,,16.0,6.0,10.0,16.0,1.0,0.0,2.0,0.0,2021,Rennes,6
2020-12-13,Sun,Ligue 1,Home,D,2.0,2.0,Metz,,18.0,4.0,11.0,16.0,3.0,0.0,4.0,0.0,2021,Strasbourg,6
2020-12-16,Wed,Ligue 1,Home,L,0.0,2.0,Strasbourg,,8.0,2.0,9.0,11.0,1.0,0.0,2.0,0.0,2021,Angers,2
2020-12-16,Wed,Ligue 1,Home,L,1.0,2.0,St Etienne,,11.0,3.0,12.0,14.0,3.0,0.0,2.0,0.0,2021,Bordeaux,2
2020-12-16,Wed,Ligue 1,Away,D,2.0,2.0,Lyon,,8.0,2.0,5.0,13.0,0.0,1.0,3.0,0.0,2021,Brest,2
2020-12-16,Wed,Ligue 1,Home,L,0.0,2.0,Lille,,6.0,1.0,21.0,8.0,0.0,0.0,0.0,0.0,2021,Dijon,2
2020-12-16,Wed,Ligue 1,Away,W,3.0,0.0,Monaco,,8.0,4.0,17.0,8.0,4.0,0.0,2.0,1.0,2021,Lens,2
2020-12-16,Wed,Ligue 1,Away,W,2.0,0.0,Dijon,,10.0,5.0,8.0,21.0,0.0,0.0,0.0,0.0,2021,Lille,2
2020-12-16,Wed,Ligue 1,Away,L,0.0,2.0,Paris SG,,8.0,3.0,9.0,19.0,0.0,1.0,3.0,0.0,2021,Lorient,2
2020-12-16,Wed,Ligue 1,Home,D,2.0,2.0,Brest,,28.0,11.0,13.0,5.0,3.0,0.0,0.0,1.0,2021,Lyon,2
2020-12-16,Wed,Ligue 1,Away,L,1.0,2.0,Rennes,,8.0,1.0,15.0,19.0,4.0,1.0,1.0,0.0,2021,Marseille,2
2020-12-16,Wed,Ligue 1,Away,W,2.0,0.0,Montpellier,,9.0,5.0,9.0,11.0,3.0,0.0,3.0,0.0,2021,Metz,2
2020-12-16,Wed,Ligue 1,Home,L,0.0,3.0,Lens,,7.0,1.0,8.0,17.0,2.0,1.0,4.0,0.0,2021,Monaco,2
2020-12-16,Wed,Ligue 1,Home,L,0.0,2.0,Metz,,14.0,3.0,11.0,9.0,3.0,0.0,3.0,0.0,2021,Montpellier,2
2020-12-16,Wed,Ligue 1,Away,L,2.0,3.0,Reims,,18.0,7.0,13.0,13.0,2.0,0.0,2.0,0.0,2021,Nantes,2
2020-12-16,Wed,Ligue 1,Away,W,2.0,0.0,Nimes,,14.0,6.0,10.0,8.0,2.0,1.0,1.0,0.0,2021,Nice,2
2020-12-16,Wed,Ligue 1,Home,L,0.0,2.0,Nice,,15.0,4.0,8.0,10.0,1.0,0.0,2.0,1.0,2021,Nimes,2
2020-12-16,Wed,Ligue 1,Home,W,2.0,0.0,Lorient,,24.0,8.0,19.0,9.0,3.0,0.0,0.0,1.0,2021,Paris SG,2
2020-12-16,Wed,Ligue 1,Home,W,3.0,2.0,Nantes,,13.0,4.0,13.0,13.0,2.0,0.0,2.0,0.0,2021,Reims,2
2020-12-16,Wed,Ligue 1,Home,W,2.0,1.0,Marseille,,15.0,5.0,19.0,15.0,1.0,0.0,4.0,1.0,2021,Rennes,2
2020-12-16,Wed,Ligue 1,Away,W,2.0,1.0,Bordeaux,,19.0,8.0,14.0,12.0,2.0,0.0,3.0,0.0,2021,St Etienne,2
2020-12-16,Wed,Ligue 1,Away,W,2.0,0.0,Angers,,7.0,3.0,11.0,9.0,2.0,0.0,1.0,0.0,2021,Strasbourg,2
2020-12-19,Sat,Ligue 1,Away,L,0.0,2.0,Metz,,17.0,3.0,8.0,17.0,1.0,0.0,1.0,0.0,2021,Lens,5
2020-12-19,Sat,Ligue 1,Away,W,4.0,1.0,Nice,,13.0,9.0,9.0,17.0,1.0,0.0,1.0,0.0,2021,Lyon,5
2020-12-19,Sat,Ligue 1,Home,D,1.0,1.0,Reims,,12.0,6.0,11.0,10.0,1.0,0.0,3.0,0.0,2021,Marseille,5
2020-12-19,Sat,Ligue 1,Home,W,2.0,0.0,Lens,,12.0,4.0,17.0,8.0,1.0,0.0,1.0,0.0,2021,Metz,5
2020-12-19,Sat,Ligue 1,Home,L,1.0,4.0,Lyon,,8.0,1.0,17.0,9.0,1.0,0.0,1.0,0.0,2021,Nice,5
2020-12-19,Sat,Ligue 1,Away,D,1.0,1.0,Marseille,,2.0,1.0,10.0,11.0,3.0,0.0,1.0,0.0,2021,Reims,5
2020-12-20,Sun,Ligue 1,Away,D,1.0,1.0,Nantes,,12.0,6.0,13.0,16.0,0.0,0.0,3.0,0.0,2021,Angers,6
2020-12-20,Sun,Ligue 1,Away,W,2.0,0.0,Strasbourg,,11.0,6.0,12.0,15.0,1.0,0.0,2.0,0.0,2021,Bordeaux,6
2020-12-20,Sun,Ligue 1,Home,D,2.0,2.0,Montpellier,,17.0,7.0,14.0,15.0,2.0,0.0,1.0,0.0,2021,Brest,6
2020-12-20,Sun,Ligue 1,Home,L,0.0,1.0,Monaco,,11.0,1.0,13.0,14.0,2.0,0.0,1.0,0.0,2021,Dijon,6
2020-12-20,Sun,Ligue 1,Home,D,0.0,0.0,Paris SG,,8.0,3.0,12.0,11.0,0.0,0.0,2.0,0.0,2021,Lille,6
2020-12-20,Sun,Ligue 1,Home,L,0.0,3.0,Rennes,,11.0,2.0,19.0,9.0,1.0,0.0,2.0,0.0,2021,Lorient,6
2020-12-20,Sun,Ligue 1,Away,W,1.0,0.0,Dijon,,13.0,6.0,14.0,13.0,1.0,0.0,2.0,0.0,2021,Monaco,6
2020-12-20,Sun,Ligue 1,Away,D,2.0,2.0,Brest,,10.0,4.0,15.0,14.0,1.0,0.0,2.0,0.0,2021,Montpellier,6
2020-12-20,Sun,Ligue 1,Home,D,1.0,1.0,Angers,,9.0,2.0,16.0,13.0,3.0,0.0,0.0,0.0,2021,Nantes,6
2020-12-20,Sun,Ligue 1,Away,D,2.0,2.0,St Etienne,,9.0,4.0,9.0,15.0,3.0,0.0,2.0,0.0,2021,Nimes,6
2020-12-20,Sun,Ligue 1,Away,D,0.0,0.0,Lille,,8.0,1.0,11.0,12.0,2.0,0.0,0.0,0.0,2021,Paris SG,6
2020-12-20,Sun,Ligue 1,Away,W,3.0,0.0,Lorient,,15.0,4.0,9.0,19.0,2.0,0.0,1.0,0.0,2021,Rennes,6
2020-12-20,Sun,Ligue 1,Home,D,2.0,2.0,Nimes,,18.0,9.0,15.0,9.0,2.0,0.0,3.0,0.0,2021,St Etienne,6
2020-12-20,Sun,Ligue 1,Home,L,0.0,2.0,Bordeaux,,10.0,3.0,15.0,12.0,2.0,0.0,1.0,0.0,2021,Strasbourg,6
2020-12-23,Wed,Ligue 1,Home,W,2.0,1.0,Marseille,,9.0,2.0,14.0,14.0,2.0,0.0,4.0,0.0,2021,Angers,2
2020-12-23,Wed,Ligue 1,Home,L,1.0,3.0,Reims,,9.0,3.0,11.0,12.0,3.0,0.0,1.0,0.0,2021,Bordeaux,2
2020-12-23,Wed,Ligue 1,Away,L,1.0,2.0,Lens,,10.0,3.0,13.0,13.0,2.0,0.0,0.0,0.0,2021,Brest,2
2020-12-23,Wed,Ligue 1,Away,W,3.0,1.0,Nimes,,14.0,4.0,11.0,10.0,2.0,0.0,2.0,1.0,2021,Dijon,2
2020-12-23,Wed,Ligue 1,Home,W,2.0,1.0,Brest,,11.0,4.0,13.0,13.0,0.0,0.0,2.0,0.0,2021,Lens,2
2020-12-23,Wed,Ligue 1,Away,W,3.0,2.0,Montpellier,,9.0,7.0,11.0,13.0,2.0,0.0,3.0,0.0,2021,Lille,2
2020-12-23,Wed,Ligue 1,Away,D,2.0,2.0,Nice,,24.0,6.0,13.0,11.0,4.0,0.0,3.0,1.0,2021,Lorient,2
2020-12-23,Wed,Ligue 1,Home,W,3.0,0.0,Nantes,,22.0,11.0,11.0,13.0,1.0,0.0,3.0,0.0,2021,Lyon,2
2020-12-23,Wed,Ligue 1,Away,L,1.0,2.0,Angers,,9.0,3.0,14.0,14.0,4.0,0.0,2.0,0.0,2021,Marseille,2
2020-12-23,Wed,Ligue 1,Away,L,0.0,1.0,Rennes,,9.0,4.0,18.0,14.0,1.0,0.0,1.0,0.0,2021,Metz,2
2020-12-23,Wed,Ligue 1,Home,D,2.0,2.0,St Etienne,,2.0,2.0,12.0,13.0,3.0,1.0,2.0,0.0,2021,Monaco,2
2020-12-23,Wed,Ligue 1,Home,L,2.0,3.0,Lille,,17.0,6.0,13.0,11.0,3.0,0.0,2.0,0.0,2021,Montpellier,2
2020-12-23,Wed,Ligue 1,Away,L,0.0,3.0,Lyon,,18.0,4.0,13.0,11.0,3.0,0.0,1.0,0.0,2021,Nantes,2
2020-12-23,Wed,Ligue 1,Home,D,2.0,2.0,Lorient,,3.0,3.0,11.0,13.0,3.0,1.0,4.0,0.0,2021,Nice,2
2020-12-23,Wed,Ligue 1,Home,L,1.0,3.0,Dijon,,8.0,1.0,10.0,11.0,2.0,1.0,2.0,0.0,2021,Nimes,2
2020-12-23,Wed,Ligue 1,Home,W,4.0,0.0,Strasbourg,,17.0,8.0,7.0,9.0,0.0,0.0,0.0,0.0,2021,Paris SG,2
2020-12-23,Wed,Ligue 1,Away,W,3.0,1.0,Bordeaux,,10.0,5.0,12.0,11.0,1.0,0.0,3.0,0.0,2021,Reims,2
2020-12-23,Wed,Ligue 1,Home,W,1.0,0.0,Metz,,11.0,6.0,14.0,18.0,1.0,0.0,1.0,0.0,2021,Rennes,2
2020-12-23,Wed,Ligue 1,Away,D,2.0,2.0,Monaco,,18.0,6.0,13.0,12.0,2.0,0.0,3.0,1.0,2021,St Etienne,2
2020-12-23,Wed,Ligue 1,Away,L,0.0,4.0,Paris SG,,8.0,2.0,9.0,7.0,0.0,0.0,0.0,0.0,2021,Strasbourg,2
2021-01-06,Wed,Ligue 1,Away,W,2.0,1.0,Lille,,7.0,3.0,10.0,12.0,1.0,0.0,3.0,0.0,2021,Angers,2
2021-01-06,Wed,Ligue 1,Away,D,0.0,0.0,Metz,,12.0,3.0,20.0,10.0,2.0,0.0,1.0,0.0,2021,Bordeaux,2
2021-01-06,Wed,Ligue 1,Home,W,2.0,0.0,Nice,,10.0,6.0,12.0,8.0,2.0,0.0,3.0,0.0,2021,Brest,2
2021-01-06,Wed,Ligue 1,Away,D,0.0,0.0,Reims,,8.0,0.0,8.0,13.0,3.0,0.0,2.0,0.0,2021,Dijon,2
2021-01-06,Wed,Ligue 1,Away,L,2.0,3.0,Lyon,,10.0,2.0,10.0,7.0,2.0,0.0,1.0,0.0,2021,Lens,2
2021-01-06,Wed,Ligue 1,Home,L,1.0,2.0,Angers,,7.0,2.0,12.0,10.0,3.0,0.0,1.0,0.0,2021,Lille,2
2021-01-06,Wed,Ligue 1,Home,L,2.0,5.0,Monaco,,11.0,5.0,9.0,9.0,1.0,1.0,3.0,0.0,2021,Lorient,2
2021-01-06,Wed,Ligue 1,Home,W,3.0,2.0,Lens,,11.0,6.0,7.0,10.0,1.0,0.0,2.0,0.0,2021,Lyon,2
2021-01-06,Wed,Ligue 1,Home,W,3.0,1.0,Montpellier,,18.0,8.0,4.0,6.0,0.0,0.0,0.0,0.0,2021,Marseille,2
2021-01-06,Wed,Ligue 1,Home,D,0.0,0.0,Bordeaux,,9.0,3.0,10.0,20.0,1.0,0.0,2.0,0.0,2021,Metz,2
2021-01-06,Wed,Ligue 1,Away,W,5.0,2.0,Lorient,,16.0,9.0,9.0,9.0,3.0,0.0,1.0,1.0,2021,Monaco,2
2021-01-06,Wed,Ligue 1,Away,L,1.0,3.0,Marseille,,13.0,5.0,6.0,4.0,0.0,0.0,0.0,0.0,2021,Montpellier,2
2021-01-06,Wed,Ligue 1,Home,D,0.0,0.0,Rennes,,7.0,2.0,13.0,13.0,2.0,0.0,2.0,0.0,2021,Nantes,2
2021-01-06,Wed,Ligue 1,Away,L,0.0,2.0,Brest,,12.0,6.0,8.0,12.0,3.0,0.0,2.0,0.0,2021,Nice,2
2021-01-06,Wed,Ligue 1,Away,L,0.0,5.0,Strasbourg,,6.0,2.0,6.0,12.0,2.0,0.0,1.0,0.0,2021,Nimes,2
2021-01-06,Wed,Ligue 1,Away,D,1.0,1.0,St Etienne,,10.0,4.0,12.0,13.0,1.0,0.0,1.0,0.0,2021,Paris SG,2
2021-01-06,Wed,Ligue 1,Home,D,0.0,0.0,Dijon,,9.0,3.0,13.0,8.0,2.0,0.0,3.0,0.0,2021,Reims,2
2021-01-06,Wed,Ligue 1,Away,D,0.0,0.0,Nantes,,8.0,0.0,13.0,13.0,2.0,0.0,2.0,0.0,2021,Rennes,2
2021-01-06,Wed,Ligue 1,Home,D,1.0,1.0,Paris SG,,11.0,5.0,13.0,12.0,1.0,0.0,1.0,0.0,2021,St Etienne,2
2021-01-06,Wed,Ligue 1,Home,W,5.0,0.0,Nimes,,21.0,12.0,12.0,6.0,1.0,0.0,2.0,0.0,2021,Strasbourg,2
2021-01-09,Sat,Ligue 1,Away,L,0.0,3.0,Monaco,,6.0,2.0,10.0,9.0,0.0,0.0,2.0,0.0,2021,Angers,5
2021-01-09,Sat,Ligue 1,Home,W,2.0,1.0,Lorient,,16.0,6.0,10.0,10.0,2.0,0.0,0.0,0.0,2021,Bordeaux,5
2021-01-09,Sat,Ligue 1,Away,L,0.0,3.0,Paris SG,,12.0,2.0,13.0,7.0,1.0,0.0,1.0,0.0,2021,Brest,5
2021-01-09,Sat,Ligue 1,Home,D,0.0,0.0,Marseille,,5.0,0.0,13.0,13.0,3.0,0.0,2.0,0.0,2021,Dijon,5
2021-01-09,Sat,Ligue 1,Home,L,0.0,1.0,Strasbourg,,11.0,2.0,16.0,15.0,1.0,0.0,1.0,0.0,2021,Lens,5
2021-01-09,Sat,Ligue 1,Away,W,1.0,0.0,Nimes,,10.0,2.0,13.0,12.0,3.0,0.0,0.0,0.0,2021,Lille,5
2021-01-09,Sat,Ligue 1,Away,L,1.0,2.0,Bordeaux,,12.0,4.0,10.0,10.0,0.0,0.0,2.0,0.0,2021,Lorient,5
2021-01-09,Sat,Ligue 1,Away,D,2.0,2.0,Rennes,,13.0,4.0,16.0,12.0,2.0,0.0,1.0,0.0,2021,Lyon,5
2021-01-09,Sat,Ligue 1,Away,D,0.0,0.0,Dijon,,11.0,4.0,13.0,13.0,2.0,0.0,3.0,0.0,2021,Marseille,5
2021-01-09,Sat,Ligue 1,Home,D,1.0,1.0,Nice,,16.0,5.0,19.0,8.0,2.0,0.0,2.0,0.0,2021,Metz,5
2021-01-09,Sat,Ligue 1,Home,W,3.0,0.0,Angers,,14.0,5.0,9.0,10.0,2.0,0.0,0.0,0.0,2021,Monaco,5
2021-01-09,Sat,Ligue 1,Home,D,1.0,1.0,Nantes,,8.0,6.0,18.0,11.0,5.0,0.0,0.0,0.0,2021,Montpellier,5
2021-01-09,Sat,Ligue 1,Away,D,1.0,1.0,Montpellier,,12.0,3.0,11.0,18.0,0.0,0.0,5.0,0.0,2021,Nantes,5
2021-01-09,Sat,Ligue 1,Away,D,1.0,1.0,Metz,,11.0,4.0,8.0,19.0,2.0,0.0,2.0,0.0,2021,Nice,5
2021-01-09,Sat,Ligue 1,Home,L,0.0,1.0,Lille,,7.0,0.0,12.0,13.0,0.0,0.0,3.0,0.0,2021,Nimes,5
2021-01-09,Sat,Ligue 1,Home,W,3.0,0.0,Brest,,22.0,11.0,7.0,13.0,1.0,0.0,1.0,0.0,2021,Paris SG,5
2021-01-09,Sat,Ligue 1,Home,W,3.0,1.0,St Etienne,,7.0,3.0,19.0,17.0,2.0,0.0,4.0,0.0,2021,Reims,5
2021-01-09,Sat,Ligue 1,Home,D,2.0,2.0,Lyon,,14.0,6.0,12.0,16.0,1.0,0.0,2.0,0.0,2021,Rennes,5
2021-01-09,Sat,Ligue 1,Away,L,1.0,3.0,Reims,,14.0,6.0,17.0,19.0,4.0,0.0,2.0,0.0,2021,St Etienne,5
2021-01-09,Sat,Ligue 1,Away,W,1.0,0.0,Lens,,10.0,4.0,15.0,16.0,1.0,0.0,1.0,0.0,2021,Strasbourg,5
2021-01-15,Fri,Ligue 1,Away,W,3.0,2.0,Montpellier,,16.0,5.0,12.0,17.0,3.0,0.0,2.0,0.0,2021,Monaco,4
2021-01-15,Fri,Ligue 1,Home,L,2.0,3.0,Monaco,,9.0,3.0,17.0,12.0,2.0,0.0,3.0,0.0,2021,Montpellier,4
2021-01-16,Sat,Ligue 1,Home,L,0.0,1.0,Paris SG,,11.0,4.0,11.0,13.0,0.0,0.0,2.0,0.0,2021,Angers,5
2021-01-16,Sat,Ligue 1,Home,L,1.0,2.0,Nimes,,14.0,6.0,13.0,6.0,2.0,0.0,2.0,0.0,2021,Marseille,5
2021-01-16,Sat,Ligue 1,Away,W,2.0,1.0,Marseille,,8.0,5.0,6.0,13.0,2.0,0.0,2.0,0.0,2021,Nimes,5
2021-01-16,Sat,Ligue 1,Away,W,1.0,0.0,Angers,,12.0,3.0,13.0,11.0,2.0,0.0,0.0,0.0,2021,Paris SG,5
2021-01-17,Sun,Ligue 1,Away,W,3.0,0.0,Nice,,17.0,9.0,7.0,8.0,1.0,0.0,0.0,0.0,2021,Bordeaux,6
2021-01-17,Sun,Ligue 1,Home,L,1.0,2.0,Rennes,,14.0,4.0,9.0,8.0,1.0,0.0,1.0,0.0,2021,Brest,6
2021-01-17,Sun,Ligue 1,Away,D,1.0,1.0,Nantes,,8.0,1.0,19.0,14.0,3.0,0.0,3.0,0.0,2021,Lens,6
2021-01-17,Sun,Ligue 1,Home,W,2.0,1.0,Reims,,16.0,8.0,13.0,11.0,2.0,0.0,1.0,0.0,2021,Lille,6
2021-01-17,Sun,Ligue 1,Home,L,0.0,1.0,Metz,,23.0,5.0,14.0,11.0,1.0,0.0,3.0,0.0,2021,Lyon,6
2021-01-17,Sun,Ligue 1,Away,W,1.0,0.0,Lyon,,17.0,3.0,11.0,14.0,3.0,0.0,1.0,0.0,2021,Metz,6
2021-01-17,Sun,Ligue 1,Home,D,1.0,1.0,Lens,,10.0,2.0,14.0,19.0,3.0,0.0,3.0,0.0,2021,Nantes,6
2021-01-17,Sun,Ligue 1,Home,L,0.0,3.0,Bordeaux,,10.0,1.0,8.0,7.0,0.0,0.0,1.0,0.0,2021,Nice,6
2021-01-17,Sun,Ligue 1,Away,L,1.0,2.0,Lille,,8.0,4.0,11.0,13.0,1.0,0.0,2.0,0.0,2021,Reims,6
2021-01-17,Sun,Ligue 1,Away,W,2.0,1.0,Brest,,7.0,4.0,8.0,9.0,1.0,0.0,1.0,0.0,2021,Rennes,6
2021-01-17,Sun,Ligue 1,Away,L,0.0,1.0,Strasbourg,,8.0,3.0,9.0,23.0,2.0,0.0,2.0,0.0,2021,St Etienne,6
2021-01-17,Sun,Ligue 1,Home,W,1.0,0.0,St Etienne,,15.0,3.0,23.0,9.0,2.0,0.0,2.0,0.0,2021,Strasbourg,6
2021-01-20,Wed,Ligue 1,Away,W,1.0,0.0,Marseille,,13.0,4.0,11.0,13.0,3.0,0.0,5.0,0.0,2021,Lens,2
2021-01-20,Wed,Ligue 1,Home,L,0.0,1.0,Lens,,4.0,1.0,13.0,11.0,5.0,0.0,3.0,0.0,2021,Marseille,2
2021-01-22,Fri,Ligue 1,Away,L,0.0,4.0,Paris SG,,5.0,1.0,12.0,16.0,1.0,1.0,2.0,0.0,2021,Montpellier,4
2021-01-22,Fri,Ligue 1,Home,W,4.0,0.0,Montpellier,,26.0,8.0,16.0,12.0,2.0,0.0,1.0,1.0,2021,Paris SG,4
2021-01-23,Sat,Ligue 1,Home,L,0.0,1.0,Nice,,13.0,3.0,9.0,14.0,2.0,0.0,1.0,0.0,2021,Lens,5
2021-01-23,Sat,Ligue 1,Away,L,1.0,3.0,Monaco,,5.0,1.0,21.0,18.0,5.0,0.0,3.0,0.0,2021,Marseille,5
2021-01-23,Sat,Ligue 1,Home,W,3.0,1.0,Marseille,,8.0,6.0,18.0,21.0,3.0,0.0,5.0,0.0,2021,Monaco,5
2021-01-23,Sat,Ligue 1,Away,W,1.0,0.0,Lens,,7.0,2.0,14.0,9.0,1.0,0.0,2.0,0.0,2021,Nice,5
2021-01-24,Sun,Ligue 1,Away,L,1.0,2.0,Bordeaux,,15.0,7.0,20.0,11.0,2.0,0.0,1.0,0.0,2021,Angers,6
2021-01-24,Sun,Ligue 1,Home,W,2.0,1.0,Angers,,7.0,3.0,11.0,20.0,1.0,0.0,2.0,0.0,2021,Bordeaux,6
2021-01-24,Sun,Ligue 1,Away,L,0.0,1.0,Reims,,17.0,1.0,11.0,16.0,0.0,0.0,3.0,0.0,2021,Brest,6
2021-01-24,Sun,Ligue 1,Home,D,1.0,1.0,Strasbourg,,5.0,3.0,14.0,9.0,1.0,0.0,0.0,0.0,2021,Dijon,6
2021-01-24,Sun,Ligue 1,Away,W,1.0,0.0,Rennes,,9.0,4.0,15.0,12.0,2.0,0.0,2.0,0.0,2021,Lille,6
2021-01-24,Sun,Ligue 1,Away,W,5.0,0.0,St Etienne,,19.0,12.0,9.0,13.0,1.0,0.0,3.0,0.0,2021,Lyon,6
2021-01-24,Sun,Ligue 1,Home,W,2.0,0.0,Nantes,,14.0,4.0,15.0,15.0,3.0,0.0,1.0,0.0,2021,Metz,6
2021-01-24,Sun,Ligue 1,Away,L,0.0,2.0,Metz,,8.0,0.0,15.0,15.0,1.0,0.0,3.0,0.0,2021,Nantes,6
2021-01-24,Sun,Ligue 1,Home,W,1.0,0.0,Brest,,12.0,2.0,16.0,11.0,3.0,0.0,0.0,0.0,2021,Reims,6
2021-01-24,Sun,Ligue 1,Home,L,0.0,1.0,Lille,,11.0,2.0,12.0,15.0,2.0,0.0,2.0,0.0,2021,Rennes,6
2021-01-24,Sun,Ligue 1,Home,L,0.0,5.0,Lyon,,3.0,0.0,13.0,9.0,3.0,0.0,1.0,0.0,2021,St Etienne,6
2021-01-24,Sun,Ligue 1,Away,D,1.0,1.0,Dijon,,15.0,2.0,9.0,14.0,0.0,0.0,1.0,0.0,2021,Strasbourg,6
2021-01-27,Wed,Ligue 1,Away,L,2.0,3.0,Lorient,,7.0,2.0,17.0,13.0,3.0,0.0,2.0,0.0,2021,Dijon,2
2021-01-27,Wed,Ligue 1,Home,W,3.0,2.0,Dijon,,14.0,5.0,13.0,17.0,2.0,0.0,3.0,0.0,2021,Lorient,2
2021-01-29,Fri,Ligue 1,Away,L,1.0,2.0,Lyon,,12.0,2.0,6.0,17.0,2.0,0.0,1.0,0.0,2021,Bordeaux,4
2021-01-29,Fri,Ligue 1,Home,W,2.0,1.0,Bordeaux,,10.0,4.0,17.0,6.0,1.0,0.0,2.0,0.0,2021,Lyon,4
2021-01-30,Sat,Ligue 1,Away,W,2.0,1.0,Montpellier,,11.0,2.0,17.0,15.0,4.0,0.0,4.0,0.0,2021,Lens,5
2021-01-30,Sat,Ligue 1,Home,L,1.0,2.0,Lens,,17.0,7.0,15.0,17.0,4.0,0.0,4.0,0.0,2021,Montpellier,5
2021-01-31,Sun,Ligue 1,Home,W,3.0,1.0,Nimes,,12.0,5.0,9.0,7.0,1.0,0.0,3.0,0.0,2021,Angers,6
2021-01-31,Sun,Ligue 1,Home,L,2.0,4.0,Metz,,10.0,5.0,13.0,14.0,1.0,0.0,3.0,0.0,2021,Brest,6
2021-01-31,Sun,Ligue 1,Away,L,0.0,1.0,Lille,,11.0,3.0,7.0,12.0,2.0,0.0,2.0,0.0,2021,Dijon,6
2021-01-31,Sun,Ligue 1,Home,W,1.0,0.0,Dijon,,14.0,2.0,12.0,7.0,2.0,0.0,2.0,0.0,2021,Lille,6
2021-01-31,Sun,Ligue 1,Home,W,3.0,2.0,Paris SG,,16.0,5.0,15.0,9.0,4.0,0.0,2.0,0.0,2021,Lorient,6
2021-01-31,Sun,Ligue 1,Away,W,4.0,2.0,Brest,,15.0,6.0,14.0,13.0,3.0,0.0,1.0,0.0,2021,Metz,6
2021-01-31,Sun,Ligue 1,Away,W,2.0,1.0,Nantes,,14.0,5.0,14.0,11.0,3.0,0.0,4.0,1.0,2021,Monaco,6
2021-01-31,Sun,Ligue 1,Home,L,1.0,2.0,Monaco,,9.0,3.0,11.0,14.0,4.0,1.0,3.0,0.0,2021,Nantes,6
2021-01-31,Sun,Ligue 1,Home,L,0.0,1.0,St Etienne,,7.0,2.0,11.0,11.0,2.0,0.0,2.0,0.0,2021,Nice,6
2021-01-31,Sun,Ligue 1,Away,L,1.0,3.0,Angers,,8.0,4.0,7.0,9.0,3.0,0.0,1.0,0.0,2021,Nimes,6
2021-01-31,Sun,Ligue 1,Away,L,2.0,3.0,Lorient,,14.0,3.0,9.0,15.0,2.0,0.0,4.0,0.0,2021,Paris SG,6
2021-01-31,Sun,Ligue 1,Away,W,1.0,0.0,Strasbourg,,10.0,5.0,8.0,17.0,2.0,0.0,1.0,0.0,2021,Reims,6
2021-01-31,Sun,Ligue 1,Away,W,1.0,0.0,Nice,,10.0,1.0,11.0,11.0,2.0,0.0,2.0,0.0,2021,St Etienne,6
2021-01-31,Sun,Ligue 1,Home,L,0.0,1.0,Reims,,12.0,2.0,17.0,8.0,1.0,0.0,2.0,0.0,2021,Strasbourg,6
2021-02-03,Wed,Ligue 1,Away,D,0.0,0.0,Reims,,6.0,2.0,8.0,6.0,1.0,0.0,2.0,0.0,2021,Angers,2
2021-02-03,Wed,Ligue 1,Home,L,0.0,3.0,Lille,,10.0,4.0,8.0,17.0,1.0,0.0,2.0,0.0,2021,Bordeaux,2
2021-02-03,Wed,Ligue 1,Away,D,2.0,2.0,Strasbourg,,3.0,2.0,14.0,12.0,0.0,0.0,2.0,0.0,2021,Brest,2
2021-02-03,Wed,Ligue 1,Home,L,0.0,1.0,Lyon,,14.0,2.0,15.0,12.0,2.0,0.0,0.0,0.0,2021,Dijon,2
2021-02-03,Wed,Ligue 1,Home,D,2.0,2.0,Marseille,,21.0,3.0,18.0,14.0,4.0,0.0,2.0,0.0,2021,Lens,2
2021-02-03,Wed,Ligue 1,Away,W,3.0,0.0,Bordeaux,,11.0,6.0,17.0,8.0,2.0,0.0,1.0,0.0,2021,Lille,2
2021-02-03,Wed,Ligue 1,Away,D,1.0,1.0,Rennes,,12.0,3.0,6.0,17.0,1.0,0.0,2.0,0.0,2021,Lorient,2
2021-02-03,Wed,Ligue 1,Away,W,1.0,0.0,Dijon,,16.0,8.0,12.0,15.0,0.0,0.0,2.0,0.0,2021,Lyon,2
2021-02-03,Wed,Ligue 1,Away,D,2.0,2.0,Lens,,11.0,4.0,14.0,18.0,2.0,0.0,4.0,0.0,2021,Marseille,2
2021-02-03,Wed,Ligue 1,Home,D,1.0,1.0,Montpellier,,17.0,6.0,15.0,15.0,6.0,0.0,1.0,0.0,2021,Metz,2
2021-02-03,Wed,Ligue 1,Home,W,2.0,1.0,Nice,,15.0,6.0,16.0,19.0,0.0,0.0,4.0,0.0,2021,Monaco,2
2021-02-03,Wed,Ligue 1,Away,D,1.0,1.0,Metz,,15.0,4.0,15.0,15.0,1.0,0.0,6.0,0.0,2021,Montpellier,2
2021-02-03,Wed,Ligue 1,Away,D,1.0,1.0,St Etienne,,13.0,6.0,19.0,15.0,1.0,0.0,3.0,0.0,2021,Nantes,2
2021-02-03,Wed,Ligue 1,Away,L,1.0,2.0,Monaco,,5.0,2.0,19.0,16.0,4.0,0.0,0.0,0.0,2021,Nice,2
2021-02-03,Wed,Ligue 1,Away,L,0.0,3.0,Paris SG,,19.0,6.0,11.0,13.0,1.0,0.0,0.0,0.0,2021,Nimes,2
2021-02-03,Wed,Ligue 1,Home,W,3.0,0.0,Nimes,,14.0,6.0,13.0,11.0,0.0,0.0,1.0,0.0,2021,Paris SG,2
2021-02-03,Wed,Ligue 1,Home,D,0.0,0.0,Angers,,10.0,2.0,6.0,8.0,2.0,0.0,1.0,0.0,2021,Reims,2
2021-02-03,Wed,Ligue 1,Home,D,1.0,1.0,Lorient,,10.0,6.0,17.0,6.0,2.0,0.0,1.0,0.0,2021,Rennes,2
2021-02-03,Wed,Ligue 1,Home,D,1.0,1.0,Nantes,,14.0,8.0,15.0,19.0,3.0,0.0,1.0,0.0,2021,St Etienne,2
2021-02-03,Wed,Ligue 1,Home,D,2.0,2.0,Brest,,9.0,4.0,12.0,14.0,2.0,0.0,0.0,0.0,2021,Strasbourg,2
2021-02-06,Sat,Ligue 1,Home,D,0.0,0.0,Rennes,,10.0,3.0,13.0,11.0,2.0,0.0,4.0,0.0,2021,Lens,5
2021-02-06,Sat,Ligue 1,Home,W,1.0,0.0,Reims,,10.0,4.0,12.0,12.0,0.0,0.0,4.0,0.0,2021,Lorient,5
2021-02-06,Sat,Ligue 1,Home,W,3.0,0.0,Strasbourg,,16.0,8.0,7.0,10.0,2.0,0.0,2.0,1.0,2021,Lyon,5
2021-02-06,Sat,Ligue 1,Away,L,0.0,1.0,Lorient,,13.0,3.0,12.0,12.0,4.0,0.0,0.0,0.0,2021,Reims,5
2021-02-06,Sat,Ligue 1,Away,D,0.0,0.0,Lens,,10.0,1.0,11.0,13.0,4.0,0.0,2.0,0.0,2021,Rennes,5
2021-02-06,Sat,Ligue 1,Away,L,0.0,3.0,Lyon,,8.0,1.0,10.0,7.0,2.0,1.0,2.0,0.0,2021,Strasbourg,5
2021-02-07,Sun,Ligue 1,Away,L,0.0,3.0,Nice,,10.0,3.0,9.0,11.0,1.0,0.0,2.0,0.0,2021,Angers,6
2021-02-07,Sun,Ligue 1,Away,L,1.0,2.0,Brest,,8.0,4.0,15.0,11.0,3.0,0.0,1.0,0.0,2021,Bordeaux,6
2021-02-07,Sun,Ligue 1,Home,W,2.0,1.0,Bordeaux,,24.0,6.0,11.0,15.0,1.0,0.0,3.0,0.0,2021,Brest,6
2021-02-07,Sun,Ligue 1,Away,L,2.0,4.0,Montpellier,,13.0,5.0,14.0,12.0,3.0,1.0,3.0,0.0,2021,Dijon,6
2021-02-07,Sun,Ligue 1,Away,W,2.0,0.0,Nantes,,14.0,3.0,13.0,13.0,0.0,0.0,3.0,0.0,2021,Lille,6
2021-02-07,Sun,Ligue 1,Home,L,0.0,2.0,Paris SG,,12.0,4.0,12.0,12.0,1.0,1.0,2.0,0.0,2021,Marseille,6
2021-02-07,Sun,Ligue 1,Away,L,0.0,1.0,St Etienne,,10.0,0.0,9.0,9.0,2.0,0.0,2.0,0.0,2021,Metz,6
2021-02-07,Sun,Ligue 1,Away,W,4.0,3.0,Nimes,,11.0,5.0,16.0,12.0,2.0,0.0,2.0,0.0,2021,Monaco,6
2021-02-07,Sun,Ligue 1,Home,W,4.0,2.0,Dijon,,25.0,11.0,12.0,14.0,3.0,0.0,3.0,1.0,2021,Montpellier,6
2021-02-07,Sun,Ligue 1,Home,L,0.0,2.0,Lille,,6.0,1.0,13.0,13.0,3.0,0.0,0.0,0.0,2021,Nantes,6
2021-02-07,Sun,Ligue 1,Home,W,3.0,0.0,Angers,,11.0,2.0,11.0,9.0,2.0,0.0,1.0,0.0,2021,Nice,6
2021-02-07,Sun,Ligue 1,Home,L,3.0,4.0,Monaco,,9.0,4.0,12.0,16.0,2.0,0.0,2.0,0.0,2021,Nimes,6
2021-02-07,Sun,Ligue 1,Away,W,2.0,0.0,Marseille,,9.0,2.0,12.0,12.0,2.0,0.0,1.0,1.0,2021,Paris SG,6
2021-02-07,Sun,Ligue 1,Home,W,1.0,0.0,Metz,,12.0,3.0,9.0,9.0,2.0,0.0,2.0,0.0,2021,St Etienne,6
2021-02-13,Sat,Ligue 1,Away,D,1.0,1.0,Reims,,17.0,6.0,7.0,9.0,0.0,0.0,2.0,0.0,2021,Lens,5
2021-02-13,Sat,Ligue 1,Home,L,1.0,2.0,Montpellier,,24.0,8.0,9.0,12.0,0.0,0.0,1.0,0.0,2021,Lyon,5
2021-02-13,Sat,Ligue 1,Away,W,2.0,1.0,Lyon,,12.0,5.0,12.0,9.0,1.0,0.0,0.0,0.0,2021,Montpellier,5
2021-02-13,Sat,Ligue 1,Away,L,1.0,2.0,Paris SG,,13.0,5.0,6.0,12.0,0.0,0.0,2.0,0.0,2021,Nice,5
2021-02-13,Sat,Ligue 1,Home,W,2.0,1.0,Nice,,17.0,4.0,12.0,6.0,2.0,0.0,0.0,0.0,2021,Paris SG,5
2021-02-13,Sat,Ligue 1,Home,D,1.0,1.0,Lens,,9.0,6.0,9.0,7.0,2.0,0.0,0.0,0.0,2021,Reims,5
2021-02-14,Sun,Ligue 1,Home,L,1.0,3.0,Nantes,,8.0,3.0,18.0,21.0,2.0,0.0,3.0,0.0,2021,Angers,6
2021-02-14,Sun,Ligue 1,Home,D,0.0,0.0,Marseille,,18.0,1.0,13.0,17.0,1.0,0.0,1.0,2.0,2021,Bordeaux,6
2021-02-14,Sun,Ligue 1,Away,D,0.0,0.0,Lille,,3.0,1.0,15.0,16.0,1.0,0.0,2.0,0.0,2021,Brest,6
2021-02-14,Sun,Ligue 1,Home,L,0.0,2.0,Nimes,,10.0,3.0,17.0,13.0,4.0,1.0,1.0,0.0,2021,Dijon,6
2021-02-14,Sun,Ligue 1,Home,D,0.0,0.0,Brest,,14.0,0.0,16.0,15.0,2.0,0.0,1.0,0.0,2021,Lille,6
2021-02-14,Sun,Ligue 1,Away,D,2.0,2.0,Monaco,,5.0,2.0,13.0,13.0,3.0,0.0,3.0,0.0,2021,Lorient,6
2021-02-14,Sun,Ligue 1,Away,D,0.0,0.0,Bordeaux,,5.0,1.0,17.0,13.0,1.0,2.0,1.0,0.0,2021,Marseille,6
2021-02-14,Sun,Ligue 1,Home,L,1.0,2.0,Strasbourg,,14.0,3.0,13.0,12.0,2.0,0.0,1.0,0.0,2021,Metz,6
2021-02-14,Sun,Ligue 1,Home,D,2.0,2.0,Lorient,,12.0,4.0,13.0,13.0,3.0,0.0,3.0,0.0,2021,Monaco,6
2021-02-14,Sun,Ligue 1,Away,W,3.0,1.0,Angers,,7.0,3.0,21.0,18.0,3.0,0.0,2.0,0.0,2021,Nantes,6
2021-02-14,Sun,Ligue 1,Away,W,2.0,0.0,Dijon,,8.0,4.0,13.0,17.0,1.0,0.0,4.0,1.0,2021,Nimes,6
2021-02-14,Sun,Ligue 1,Home,L,0.0,2.0,St Etienne,,13.0,2.0,18.0,16.0,5.0,0.0,2.0,0.0,2021,Rennes,6
2021-02-14,Sun,Ligue 1,Away,W,2.0,0.0,Rennes,,6.0,3.0,16.0,18.0,2.0,0.0,5.0,0.0,2021,St Etienne,6
2021-02-14,Sun,Ligue 1,Away,W,2.0,1.0,Metz,,12.0,2.0,12.0,13.0,1.0,0.0,2.0,0.0,2021,Strasbourg,6
2021-02-17,Wed,Ligue 1,Home,W,3.0,2.0,Nice,,8.0,4.0,10.0,13.0,2.0,0.0,1.0,0.0,2021,Marseille,2
2021-02-17,Wed,Ligue 1,Away,L,2.0,3.0,Marseille,,10.0,4.0,13.0,10.0,1.0,0.0,2.0,0.0,2021,Nice,2
2021-02-19,Fri,Ligue 1,Home,L,2.0,3.0,Lyon,,19.0,7.0,9.0,12.0,2.0,0.0,2.0,0.0,2021,Brest,4
2021-02-19,Fri,Ligue 1,Away,W,3.0,2.0,Brest,,17.0,7.0,12.0,9.0,2.0,0.0,2.0,0.0,2021,Lyon,4
2021-02-20,Sat,Ligue 1,Away,D,1.0,1.0,Nantes,,7.0,3.0,15.0,11.0,1.0,1.0,4.0,0.0,2021,Marseille,5
2021-02-20,Sat,Ligue 1,Home,D,1.0,1.0,Marseille,,6.0,1.0,11.0,15.0,4.0,0.0,1.0,1.0,2021,Nantes,5
2021-02-20,Sat,Ligue 1,Away,D,1.0,1.0,St Etienne,,4.0,2.0,11.0,10.0,2.0,0.0,0.0,0.0,2021,Reims,5
2021-02-20,Sat,Ligue 1,Home,D,1.0,1.0,Reims,,18.0,8.0,10.0,11.0,0.0,0.0,2.0,0.0,2021,St Etienne,5
2021-02-21,Sun,Ligue 1,Away,D,0.0,0.0,Strasbourg,,7.0,3.0,10.0,23.0,1.0,0.0,2.0,0.0,2021,Angers,6
2021-02-21,Sun,Ligue 1,Away,L,0.0,2.0,Nimes,,11.0,4.0,12.0,10.0,3.0,1.0,0.0,0.0,2021,Bordeaux,6
2021-02-21,Sun,Ligue 1,Away,L,1.0,2.0,Lens,,12.0,4.0,12.0,13.0,0.0,1.0,3.0,0.0,2021,Dijon,6
2021-02-21,Sun,Ligue 1,Home,W,2.0,1.0,Dijon,,11.0,4.0,13.0,12.0,3.0,0.0,0.0,1.0,2021,Lens,6
2021-02-21,Sun,Ligue 1,Away,W,4.0,1.0,Lorient,,16.0,7.0,10.0,9.0,0.0,0.0,2.0,0.0,2021,Lille,6
2021-02-21,Sun,Ligue 1,Home,L,1.0,4.0,Lille,,8.0,3.0,9.0,10.0,2.0,0.0,0.0,0.0,2021,Lorient,6
2021-02-21,Sun,Ligue 1,Away,W,2.0,1.0,Nice,,11.0,4.0,12.0,16.0,1.0,0.0,1.0,0.0,2021,Metz,6
2021-02-21,Sun,Ligue 1,Away,W,2.0,0.0,Paris SG,,5.0,3.0,10.0,12.0,1.0,0.0,4.0,0.0,2021,Monaco,6
2021-02-21,Sun,Ligue 1,Home,W,2.0,1.0,Rennes,,12.0,7.0,10.0,12.0,1.0,0.0,2.0,0.0,2021,Montpellier,6
2021-02-21,Sun,Ligue 1,Home,L,1.0,2.0,Metz,,12.0,3.0,16.0,12.0,1.0,0.0,1.0,0.0,2021,Nice,6
2021-02-21,Sun,Ligue 1,Home,W,2.0,0.0,Bordeaux,,8.0,3.0,10.0,12.0,0.0,0.0,3.0,1.0,2021,Nimes,6
2021-02-21,Sun,Ligue 1,Home,L,0.0,2.0,Monaco,,10.0,1.0,12.0,10.0,4.0,0.0,1.0,0.0,2021,Paris SG,6
2021-02-21,Sun,Ligue 1,Away,L,1.0,2.0,Montpellier,,14.0,5.0,12.0,10.0,2.0,0.0,1.0,0.0,2021,Rennes,6
2021-02-21,Sun,Ligue 1,Home,D,0.0,0.0,Angers,,16.0,2.0,23.0,10.0,2.0,0.0,1.0,0.0,2021,Strasbourg,6
2021-02-24,Wed,Ligue 1,Away,L,0.0,1.0,Nimes,,11.0,3.0,14.0,10.0,4.0,0.0,2.0,0.0,2021,Lorient,2
2021-02-24,Wed,Ligue 1,Home,W,1.0,0.0,Lorient,,7.0,2.0,10.0,14.0,2.0,0.0,4.0,0.0,2021,Nimes,2
2021-02-26,Fri,Ligue 1,Away,W,2.0,1.0,Rennes,,14.0,7.0,18.0,17.0,2.0,0.0,0.0,0.0,2021,Nice,4
2021-02-26,Fri,Ligue 1,Home,L,1.0,2.0,Nice,,17.0,5.0,17.0,18.0,0.0,0.0,2.0,0.0,2021,Rennes,4
2021-02-27,Sat,Ligue 1,Home,L,1.0,2.0,Metz,,8.0,1.0,18.0,12.0,1.0,0.0,2.0,0.0,2021,Bordeaux,5
2021-02-27,Sat,Ligue 1,Home,L,0.0,4.0,Paris SG,,5.0,1.0,10.0,9.0,2.0,0.0,1.0,0.0,2021,Dijon,5
2021-02-27,Sat,Ligue 1,Away,W,2.0,1.0,Bordeaux,,15.0,5.0,12.0,18.0,2.0,0.0,1.0,0.0,2021,Metz,5
2021-02-27,Sat,Ligue 1,Away,W,4.0,0.0,Dijon,,7.0,5.0,9.0,10.0,1.0,0.0,2.0,0.0,2021,Paris SG,5
2021-02-28,Sun,Ligue 1,Home,D,2.0,2.0,Lens,,6.0,3.0,13.0,16.0,0.0,0.0,0.0,0.0,2021,Angers,6
2021-02-28,Sun,Ligue 1,Away,L,0.0,2.0,Monaco,,7.0,1.0,6.0,14.0,0.0,0.0,2.0,0.0,2021,Brest,6
2021-02-28,Sun,Ligue 1,Away,D,2.0,2.0,Angers,,14.0,4.0,16.0,13.0,0.0,0.0,0.0,0.0,2021,Lens,6
2021-02-28,Sun,Ligue 1,Home,D,1.0,1.0,Strasbourg,,14.0,5.0,10.0,14.0,0.0,0.0,2.0,0.0,2021,Lille,6
2021-02-28,Sun,Ligue 1,Home,W,2.0,1.0,St Etienne,,11.0,3.0,12.0,15.0,1.0,0.0,3.0,0.0,2021,Lorient,6
2021-02-28,Sun,Ligue 1,Away,D,1.0,1.0,Marseille,,11.0,1.0,11.0,13.0,4.0,1.0,4.0,0.0,2021,Lyon,6
2021-02-28,Sun,Ligue 1,Home,D,1.0,1.0,Lyon,,12.0,2.0,13.0,11.0,4.0,0.0,4.0,1.0,2021,Marseille,6
2021-02-28,Sun,Ligue 1,Home,W,2.0,0.0,Brest,,15.0,9.0,14.0,6.0,2.0,0.0,0.0,0.0,2021,Monaco,6
2021-02-28,Sun,Ligue 1,Away,D,0.0,0.0,Reims,,9.0,3.0,10.0,9.0,1.0,0.0,1.0,0.0,2021,Montpellier,6
2021-02-28,Sun,Ligue 1,Away,D,1.0,1.0,Nimes,,8.0,1.0,25.0,16.0,1.0,0.0,2.0,1.0,2021,Nantes,6
2021-02-28,Sun,Ligue 1,Home,D,1.0,1.0,Nantes,,8.0,4.0,16.0,25.0,2.0,1.0,1.0,0.0,2021,Nimes,6
2021-02-28,Sun,Ligue 1,Home,D,0.0,0.0,Montpellier,,9.0,2.0,9.0,10.0,1.0,0.0,1.0,0.0,2021,Reims,6
2021-02-28,Sun,Ligue 1,Away,L,1.0,2.0,Lorient,,9.0,2.0,15.0,12.0,3.0,0.0,1.0,0.0,2021,St Etienne,6
2021-02-28,Sun,Ligue 1,Away,D,1.0,1.0,Lille,,10.0,3.0,14.0,10.0,2.0,0.0,0.0,0.0,2021,Strasbourg,6
2021-03-03,Wed,Ligue 1,Away,W,1.0,0.0,Metz,,8.0,4.0,9.0,18.0,2.0,0.0,2.0,1.0,2021,Angers,2
2021-03-03,Wed,Ligue 1,Home,L,0.0,1.0,Paris SG,,11.0,2.0,8.0,15.0,3.0,0.0,3.0,0.0,2021,Bordeaux,2
2021-03-03,Wed,Ligue 1,Home,W,3.0,1.0,Dijon,,10.0,3.0,17.0,13.0,3.0,0.0,1.0,0.0,2021,Brest,2
2021-03-03,Wed,Ligue 1,Away,L,1.0,3.0,Brest,,10.0,2.0,13.0,17.0,1.0,0.0,3.0,0.0,2021,Dijon,2
2021-03-03,Wed,Ligue 1,Away,W,3.0,2.0,St Etienne,,9.0,5.0,12.0,13.0,2.0,0.0,3.0,0.0,2021,Lens,2
2021-03-03,Wed,Ligue 1,Home,W,2.0,0.0,Marseille,,23.0,8.0,12.0,7.0,0.0,0.0,1.0,0.0,2021,Lille,2
2021-03-03,Wed,Ligue 1,Away,D,1.0,1.0,Montpellier,,14.0,6.0,15.0,17.0,3.0,0.0,2.0,0.0,2021,Lorient,2
2021-03-03,Wed,Ligue 1,Home,W,1.0,0.0,Rennes,,15.0,7.0,12.0,15.0,1.0,0.0,3.0,0.0,2021,Lyon,2
2021-03-03,Wed,Ligue 1,Away,L,0.0,2.0,Lille,,3.0,1.0,7.0,12.0,1.0,0.0,0.0,0.0,2021,Marseille,2
2021-03-03,Wed,Ligue 1,Home,L,0.0,1.0,Angers,,15.0,1.0,18.0,9.0,2.0,1.0,2.0,0.0,2021,Metz,2
2021-03-03,Wed,Ligue 1,Away,L,0.0,1.0,Strasbourg,,5.0,1.0,12.0,10.0,0.0,0.0,3.0,0.0,2021,Monaco,2
2021-03-03,Wed,Ligue 1,Home,D,1.0,1.0,Lorient,,10.0,4.0,17.0,15.0,2.0,0.0,3.0,0.0,2021,Montpellier,2
2021-03-03,Wed,Ligue 1,Home,L,1.0,2.0,Reims,,12.0,5.0,10.0,15.0,0.0,0.0,5.0,0.0,2021,Nantes,2
2021-03-03,Wed,Ligue 1,Home,W,2.0,1.0,Nimes,,10.0,4.0,14.0,8.0,3.0,0.0,3.0,0.0,2021,Nice,2
2021-03-03,Wed,Ligue 1,Away,L,1.0,2.0,Nice,,22.0,7.0,8.0,14.0,3.0,0.0,3.0,0.0,2021,Nimes,2
2021-03-03,Wed,Ligue 1,Away,W,1.0,0.0,Bordeaux,,12.0,3.0,15.0,8.0,3.0,0.0,3.0,0.0,2021,Paris SG,2
2021-03-03,Wed,Ligue 1,Away,W,2.0,1.0,Nantes,,4.0,2.0,15.0,10.0,5.0,0.0,0.0,0.0,2021,Reims,2
2021-03-03,Wed,Ligue 1,Away,L,0.0,1.0,Lyon,,12.0,1.0,15.0,12.0,3.0,0.0,1.0,0.0,2021,Rennes,2
2021-03-03,Wed,Ligue 1,Home,L,2.0,3.0,Lens,,19.0,4.0,13.0,12.0,3.0,0.0,2.0,0.0,2021,St Etienne,2
2021-03-03,Wed,Ligue 1,Home,W,1.0,0.0,Monaco,,17.0,2.0,10.0,12.0,3.0,0.0,0.0,0.0,2021,Strasbourg,2
2021-03-10,Wed,Ligue 1,Home,W,1.0,0.0,Rennes,,9.0,2.0,15.0,19.0,2.0,0.0,4.0,0.0,2021,Marseille,2
2021-03-10,Wed,Ligue 1,Away,L,0.0,1.0,Marseille,,10.0,2.0,19.0,15.0,4.0,0.0,2.0,0.0,2021,Rennes,2
2021-03-12,Fri,Ligue 1,Away,D,1.0,1.0,Reims,,17.0,6.0,12.0,11.0,1.0,0.0,3.0,0.0,2021,Lyon,4
2021-03-12,Fri,Ligue 1,Home,D,1.0,1.0,Lyon,,14.0,5.0,11.0,12.0,3.0,0.0,1.0,0.0,2021,Reims,4
2021-03-13,Sat,Ligue 1,Home,L,0.0,1.0,St Etienne,,4.0,1.0,8.0,14.0,1.0,0.0,2.0,0.0,2021,Angers,5
2021-03-13,Sat,Ligue 1,Away,L,1.0,3.0,Marseille,,6.0,1.0,12.0,15.0,1.0,0.0,3.0,0.0,2021,Brest,5
2021-03-13,Sat,Ligue 1,Home,W,3.0,1.0,Brest,,12.0,6.0,15.0,12.0,3.0,0.0,1.0,0.0,2021,Marseille,5
2021-03-13,Sat,Ligue 1,Away,W,1.0,0.0,Angers,,7.0,3.0,14.0,8.0,2.0,0.0,1.0,0.0,2021,St Etienne,5
2021-03-14,Sun,Ligue 1,Away,W,3.0,1.0,Dijon,,10.0,6.0,7.0,15.0,1.0,0.0,5.0,0.0,2021,Bordeaux,6
2021-03-14,Sun,Ligue 1,Home,L,1.0,3.0,Bordeaux,,13.0,3.0,15.0,7.0,5.0,0.0,1.0,0.0,2021,Dijon,6
2021-03-14,Sun,Ligue 1,Home,D,2.0,2.0,Metz,,16.0,6.0,17.0,8.0,4.0,0.0,3.0,0.0,2021,Lens,6
2021-03-14,Sun,Ligue 1,Away,D,0.0,0.0,Monaco,,5.0,2.0,11.0,11.0,3.0,0.0,3.0,0.0,2021,Lille,6
2021-03-14,Sun,Ligue 1,Home,D,1.0,1.0,Nice,,17.0,7.0,2.0,12.0,2.0,0.0,2.0,0.0,2021,Lorient,6
2021-03-14,Sun,Ligue 1,Away,D,2.0,2.0,Lens,,7.0,4.0,8.0,17.0,3.0,0.0,4.0,0.0,2021,Metz,6
2021-03-14,Sun,Ligue 1,Home,D,0.0,0.0,Lille,,8.0,4.0,11.0,11.0,3.0,0.0,3.0,0.0,2021,Monaco,6
2021-03-14,Sun,Ligue 1,Away,D,1.0,1.0,Nimes,,12.0,5.0,19.0,11.0,0.0,0.0,2.0,0.0,2021,Montpellier,6
2021-03-14,Sun,Ligue 1,Away,W,2.0,1.0,Paris SG,,8.0,5.0,15.0,14.0,2.0,0.0,2.0,0.0,2021,Nantes,6
2021-03-14,Sun,Ligue 1,Away,D,1.0,1.0,Lorient,,6.0,2.0,12.0,2.0,2.0,0.0,2.0,0.0,2021,Nice,6
2021-03-14,Sun,Ligue 1,Home,D,1.0,1.0,Montpellier,,12.0,7.0,11.0,19.0,2.0,0.0,0.0,0.0,2021,Nimes,6
2021-03-14,Sun,Ligue 1,Home,L,1.0,2.0,Nantes,,11.0,5.0,14.0,15.0,2.0,0.0,2.0,0.0,2021,Paris SG,6
2021-03-14,Sun,Ligue 1,Home,W,1.0,0.0,Strasbourg,,11.0,2.0,13.0,13.0,0.0,0.0,2.0,0.0,2021,Rennes,6
2021-03-14,Sun,Ligue 1,Away,L,0.0,1.0,Rennes,,6.0,1.0,13.0,13.0,2.0,0.0,0.0,0.0,2021,Strasbourg,6
2021-03-19,Fri,Ligue 1,Away,W,4.0,0.0,St Etienne,,15.0,4.0,11.0,7.0,2.0,0.0,1.0,0.0,2021,Monaco,4
2021-03-19,Fri,Ligue 1,Home,L,0.0,4.0,Monaco,,9.0,3.0,7.0,11.0,1.0,0.0,2.0,0.0,2021,St Etienne,4
2021-03-20,Sat,Ligue 1,Away,L,0.0,3.0,Nice,,7.0,2.0,16.0,11.0,1.0,0.0,1.0,0.0,2021,Marseille,5
2021-03-20,Sat,Ligue 1,Home,L,1.0,3.0,Rennes,,14.0,2.0,11.0,12.0,0.0,0.0,2.0,1.0,2021,Metz,5
2021-03-20,Sat,Ligue 1,Home,W,3.0,0.0,Marseille,,17.0,7.0,11.0,16.0,1.0,0.0,1.0,0.0,2021,Nice,5
2021-03-20,Sat,Ligue 1,Away,W,3.0,1.0,Metz,,9.0,5.0,12.0,11.0,2.0,1.0,0.0,0.0,2021,Rennes,5
2021-03-21,Sun,Ligue 1,Away,D,0.0,0.0,Brest,,15.0,5.0,11.0,17.0,3.0,0.0,1.0,0.0,2021,Angers,6
2021-03-21,Sun,Ligue 1,Away,L,1.0,3.0,Montpellier,,13.0,3.0,10.0,8.0,2.0,0.0,1.0,0.0,2021,Bordeaux,6
2021-03-21,Sun,Ligue 1,Home,D,0.0,0.0,Angers,,11.0,2.0,17.0,11.0,1.0,0.0,3.0,0.0,2021,Brest,6
2021-03-21,Sun,Ligue 1,Home,L,0.0,1.0,Reims,,10.0,4.0,10.0,10.0,3.0,0.0,0.0,0.0,2021,Dijon,6
2021-03-21,Sun,Ligue 1,Away,W,2.0,1.0,Strasbourg,,12.0,4.0,10.0,9.0,5.0,0.0,2.0,0.0,2021,Lens,6
2021-03-21,Sun,Ligue 1,Home,L,1.0,2.0,Nimes,,15.0,4.0,19.0,10.0,2.0,0.0,0.0,0.0,2021,Lille,6
2021-03-21,Sun,Ligue 1,Away,D,1.0,1.0,Nantes,,15.0,3.0,8.0,11.0,1.0,0.0,0.0,0.0,2021,Lorient,6
2021-03-21,Sun,Ligue 1,Home,L,2.0,4.0,Paris SG,,8.0,7.0,14.0,15.0,2.0,0.0,0.0,0.0,2021,Lyon,6
2021-03-21,Sun,Ligue 1,Home,W,3.0,1.0,Bordeaux,,23.0,9.0,8.0,10.0,1.0,0.0,2.0,0.0,2021,Montpellier,6
2021-03-21,Sun,Ligue 1,Home,D,1.0,1.0,Lorient,,8.0,3.0,11.0,8.0,0.0,0.0,1.0,0.0,2021,Nantes,6
2021-03-21,Sun,Ligue 1,Away,W,2.0,1.0,Lille,,10.0,4.0,10.0,19.0,0.0,0.0,2.0,0.0,2021,Nimes,6
2021-03-21,Sun,Ligue 1,Away,W,4.0,2.0,Lyon,,14.0,9.0,15.0,14.0,0.0,0.0,2.0,0.0,2021,Paris SG,6
2021-03-21,Sun,Ligue 1,Away,W,1.0,0.0,Dijon,,9.0,2.0,10.0,10.0,0.0,0.0,3.0,0.0,2021,Reims,6
2021-03-21,Sun,Ligue 1,Home,L,1.0,2.0,Lens,,17.0,5.0,9.0,10.0,2.0,0.0,5.0,0.0,2021,Strasbourg,6
2021-04-03,Sat,Ligue 1,Home,D,1.0,1.0,Lyon,,10.0,4.0,12.0,14.0,3.0,0.0,3.0,1.0,2021,Lens,5
2021-04-03,Sat,Ligue 1,Away,W,1.0,0.0,Paris SG,,3.0,3.0,12.0,18.0,4.0,1.0,6.0,1.0,2021,Lille,5
2021-04-03,Sat,Ligue 1,Away,D,1.0,1.0,Lens,,15.0,6.0,14.0,12.0,3.0,1.0,3.0,0.0,2021,Lyon,5
2021-04-03,Sat,Ligue 1,Away,L,0.0,4.0,Monaco,,6.0,1.0,15.0,16.0,6.0,1.0,0.0,0.0,2021,Metz,5
2021-04-03,Sat,Ligue 1,Home,W,4.0,0.0,Metz,,15.0,6.0,16.0,15.0,0.0,0.0,6.0,1.0,2021,Monaco,5
2021-04-03,Sat,Ligue 1,Home,L,0.0,1.0,Lille,,16.0,3.0,18.0,12.0,6.0,1.0,4.0,1.0,2021,Paris SG,5
2021-04-04,Sun,Ligue 1,Home,D,1.0,1.0,Montpellier,,14.0,4.0,15.0,9.0,1.0,0.0,1.0,0.0,2021,Angers,6
2021-04-04,Sun,Ligue 1,Home,L,2.0,3.0,Strasbourg,,14.0,6.0,8.0,15.0,1.0,0.0,1.0,0.0,2021,Bordeaux,6
2021-04-04,Sun,Ligue 1,Away,L,0.0,1.0,Lorient,,5.0,1.0,23.0,9.0,2.0,1.0,3.0,0.0,2021,Brest,6
2021-04-04,Sun,Ligue 1,Away,L,0.0,2.0,Marseille,,4.0,1.0,9.0,11.0,4.0,0.0,2.0,0.0,2021,Dijon,6
2021-04-04,Sun,Ligue 1,Home,W,1.0,0.0,Brest,,13.0,4.0,9.0,23.0,3.0,0.0,2.0,1.0,2021,Lorient,6
2021-04-04,Sun,Ligue 1,Home,W,2.0,0.0,Dijon,,16.0,3.0,11.0,9.0,2.0,0.0,4.0,0.0,2021,Marseille,6
2021-04-04,Sun,Ligue 1,Away,D,1.0,1.0,Angers,,8.0,3.0,9.0,15.0,1.0,0.0,1.0,0.0,2021,Montpellier,6
2021-04-04,Sun,Ligue 1,Home,L,1.0,2.0,Nice,,18.0,6.0,15.0,14.0,1.0,0.0,2.0,0.0,2021,Nantes,6
2021-04-04,Sun,Ligue 1,Away,W,2.0,1.0,Nantes,,17.0,8.0,14.0,15.0,2.0,0.0,1.0,0.0,2021,Nice,6
2021-04-04,Sun,Ligue 1,Home,L,0.0,2.0,St Etienne,,14.0,3.0,12.0,19.0,5.0,0.0,2.0,0.0,2021,Nimes,6
2021-04-04,Sun,Ligue 1,Home,D,2.0,2.0,Rennes,,9.0,4.0,7.0,11.0,3.0,1.0,3.0,0.0,2021,Reims,6
2021-04-04,Sun,Ligue 1,Away,D,2.0,2.0,Reims,,19.0,8.0,11.0,7.0,3.0,0.0,3.0,1.0,2021,Rennes,6
2021-04-04,Sun,Ligue 1,Away,W,2.0,0.0,Nimes,,15.0,5.0,19.0,12.0,2.0,0.0,5.0,0.0,2021,St Etienne,6
2021-04-04,Sun,Ligue 1,Away,W,3.0,2.0,Bordeaux,,12.0,5.0,15.0,8.0,1.0,0.0,1.0,0.0,2021,Strasbourg,6
2021-04-09,Fri,Ligue 1,Away,W,2.0,0.0,Metz,,9.0,6.0,13.0,16.0,2.0,0.0,2.0,0.0,2021,Lille,4
2021-04-09,Fri,Ligue 1,Home,L,0.0,2.0,Lille,,18.0,7.0,16.0,13.0,2.0,0.0,2.0,0.0,2021,Metz,4
2021-04-10,Sat,Ligue 1,Away,D,3.0,3.0,Montpellier,,13.0,8.0,12.0,17.0,2.0,1.0,2.0,0.0,2021,Marseille,5
2021-04-10,Sat,Ligue 1,Home,D,3.0,3.0,Marseille,,20.0,7.0,17.0,12.0,2.0,0.0,2.0,1.0,2021,Montpellier,5
2021-04-10,Sat,Ligue 1,Away,W,4.0,1.0,Strasbourg,,16.0,7.0,6.0,8.0,1.0,0.0,0.0,0.0,2021,Paris SG,5
2021-04-10,Sat,Ligue 1,Home,L,1.0,4.0,Paris SG,,9.0,3.0,8.0,6.0,0.0,0.0,1.0,0.0,2021,Strasbourg,5
2021-04-11,Sun,Ligue 1,Away,L,0.0,3.0,Lyon,,11.0,3.0,14.0,15.0,0.0,0.0,0.0,0.0,2021,Angers,6
2021-04-11,Sun,Ligue 1,Away,L,1.0,4.0,St Etienne,,10.0,2.0,17.0,12.0,0.0,0.0,3.0,0.0,2021,Bordeaux,6
2021-04-11,Sun,Ligue 1,Home,D,1.0,1.0,Nimes,,22.0,4.0,15.0,16.0,4.0,0.0,1.0,0.0,2021,Brest,6
2021-04-11,Sun,Ligue 1,Away,L,0.0,3.0,Monaco,,6.0,1.0,16.0,10.0,1.0,0.0,1.0,0.0,2021,Dijon,6
2021-04-11,Sun,Ligue 1,Home,W,4.0,1.0,Lorient,,14.0,6.0,11.0,8.0,0.0,0.0,0.0,0.0,2021,Lens,6
2021-04-11,Sun,Ligue 1,Away,L,1.0,4.0,Lens,,17.0,6.0,8.0,11.0,0.0,0.0,0.0,0.0,2021,Lorient,6
2021-04-11,Sun,Ligue 1,Home,W,3.0,0.0,Angers,,16.0,6.0,15.0,14.0,0.0,0.0,0.0,0.0,2021,Lyon,6
2021-04-11,Sun,Ligue 1,Home,W,3.0,0.0,Dijon,,16.0,10.0,10.0,16.0,1.0,0.0,1.0,0.0,2021,Monaco,6
2021-04-11,Sun,Ligue 1,Away,L,0.0,1.0,Rennes,,4.0,2.0,15.0,16.0,2.0,0.0,6.0,0.0,2021,Nantes,6
2021-04-11,Sun,Ligue 1,Home,D,0.0,0.0,Reims,,13.0,2.0,13.0,11.0,0.0,0.0,1.0,0.0,2021,Nice,6
2021-04-11,Sun,Ligue 1,Away,D,1.0,1.0,Brest,,5.0,3.0,16.0,15.0,1.0,0.0,4.0,0.0,2021,Nimes,6
2021-04-11,Sun,Ligue 1,Away,D,0.0,0.0,Nice,,10.0,1.0,11.0,13.0,1.0,0.0,0.0,0.0,2021,Reims,6
2021-04-11,Sun,Ligue 1,Home,W,1.0,0.0,Nantes,,14.0,4.0,16.0,15.0,6.0,0.0,2.0,0.0,2021,Rennes,6
2021-04-11,Sun,Ligue 1,Home,W,4.0,1.0,Bordeaux,,17.0,7.0,12.0,17.0,3.0,0.0,0.0,0.0,2021,St Etienne,6
2021-04-16,Fri,Ligue 1,Home,D,1.0,1.0,Montpellier,,20.0,9.0,14.0,11.0,3.0,0.0,1.0,0.0,2021,Lille,4
2021-04-16,Fri,Ligue 1,Away,D,1.0,1.0,Lille,,10.0,4.0,11.0,14.0,1.0,0.0,3.0,0.0,2021,Montpellier,4
2021-04-17,Sat,Ligue 1,Home,L,0.0,3.0,Rennes,,10.0,3.0,11.0,10.0,2.0,0.0,0.0,0.0,2021,Angers,5
2021-04-17,Sat,Ligue 1,Away,L,2.0,3.0,Marseille,,12.0,6.0,15.0,9.0,0.0,0.0,1.0,0.0,2021,Lorient,5
2021-04-17,Sat,Ligue 1,Home,W,3.0,2.0,Lorient,,13.0,5.0,9.0,15.0,1.0,0.0,0.0,0.0,2021,Marseille,5
2021-04-17,Sat,Ligue 1,Away,W,3.0,0.0,Angers,,9.0,3.0,10.0,11.0,0.0,0.0,2.0,0.0,2021,Rennes,5
2021-04-18,Sun,Ligue 1,Home,L,0.0,3.0,Monaco,,7.0,2.0,13.0,11.0,4.0,1.0,1.0,0.0,2021,Bordeaux,6
2021-04-18,Sun,Ligue 1,Home,D,1.0,1.0,Lens,,7.0,5.0,14.0,16.0,2.0,1.0,7.0,2.0,2021,Brest,6
2021-04-18,Sun,Ligue 1,Home,W,2.0,0.0,Nice,,9.0,3.0,8.0,13.0,1.0,0.0,1.0,0.0,2021,Dijon,6
2021-04-18,Sun,Ligue 1,Away,D,1.0,1.0,Brest,,8.0,2.0,16.0,14.0,7.0,2.0,2.0,1.0,2021,Lens,6
2021-04-18,Sun,Ligue 1,Away,W,2.0,1.0,Nantes,,11.0,4.0,10.0,16.0,1.0,0.0,0.0,0.0,2021,Lyon,6
2021-04-18,Sun,Ligue 1,Away,D,0.0,0.0,Reims,,11.0,2.0,17.0,13.0,1.0,0.0,3.0,0.0,2021,Metz,6
2021-04-18,Sun,Ligue 1,Away,W,3.0,0.0,Bordeaux,,13.0,6.0,11.0,13.0,1.0,0.0,4.0,1.0,2021,Monaco,6
2021-04-18,Sun,Ligue 1,Home,L,1.0,2.0,Lyon,,12.0,3.0,16.0,10.0,0.0,0.0,1.0,0.0,2021,Nantes,6
2021-04-18,Sun,Ligue 1,Away,L,0.0,2.0,Dijon,,10.0,2.0,13.0,8.0,1.0,0.0,1.0,0.0,2021,Nice,6
2021-04-18,Sun,Ligue 1,Home,D,1.0,1.0,Strasbourg,,5.0,1.0,10.0,17.0,0.0,0.0,2.0,1.0,2021,Nimes,6
2021-04-18,Sun,Ligue 1,Home,W,3.0,2.0,St Etienne,,17.0,5.0,13.0,15.0,1.0,0.0,1.0,0.0,2021,Paris SG,6
2021-04-18,Sun,Ligue 1,Home,D,0.0,0.0,Metz,,15.0,6.0,13.0,17.0,3.0,0.0,1.0,0.0,2021,Reims,6
2021-04-18,Sun,Ligue 1,Away,L,2.0,3.0,Paris SG,,7.0,5.0,15.0,13.0,1.0,0.0,1.0,0.0,2021,St Etienne,6
2021-04-18,Sun,Ligue 1,Away,D,1.0,1.0,Nimes,,7.0,3.0,17.0,10.0,2.0,1.0,0.0,0.0,2021,Strasbourg,6
2021-04-23,Fri,Ligue 1,Away,W,3.0,1.0,Reims,,11.0,6.0,2.0,9.0,0.0,0.0,2.0,1.0,2021,Marseille,4
2021-04-23,Fri,Ligue 1,Home,L,1.0,3.0,Marseille,,10.0,1.0,9.0,2.0,2.0,1.0,0.0,0.0,2021,Reims,4
2021-04-24,Sat,Ligue 1,Away,W,2.0,1.0,St Etienne,,12.0,7.0,11.0,17.0,1.0,0.0,2.0,0.0,2021,Brest,5
2021-04-24,Sat,Ligue 1,Home,L,1.0,3.0,Paris SG,,8.0,3.0,12.0,12.0,1.0,0.0,4.0,0.0,2021,Metz,5
2021-04-24,Sat,Ligue 1,Away,W,3.0,1.0,Metz,,19.0,8.0,12.0,12.0,4.0,0.0,1.0,0.0,2021,Paris SG,5
2021-04-24,Sat,Ligue 1,Home,L,1.0,2.0,Brest,,6.0,3.0,17.0,11.0,2.0,0.0,1.0,0.0,2021,St Etienne,5
2021-04-25,Sun,Ligue 1,Home,L,0.0,1.0,Monaco,,4.0,0.0,18.0,11.0,2.0,0.0,2.0,0.0,2021,Angers,6
2021-04-25,Sun,Ligue 1,Away,L,1.0,4.0,Lorient,,13.0,7.0,14.0,9.0,3.0,0.0,2.0,0.0,2021,Bordeaux,6
2021-04-25,Sun,Ligue 1,Away,L,1.0,5.0,Rennes,,4.0,1.0,8.0,13.0,3.0,0.0,6.0,0.0,2021,Dijon,6
2021-04-25,Sun,Ligue 1,Home,W,2.0,1.0,Nimes,,7.0,4.0,14.0,15.0,1.0,1.0,2.0,0.0,2021,Lens,6
2021-04-25,Sun,Ligue 1,Away,W,3.0,2.0,Lyon,,16.0,7.0,13.0,9.0,3.0,0.0,0.0,0.0,2021,Lille,6
2021-04-25,Sun,Ligue 1,Home,W,4.0,1.0,Bordeaux,,13.0,7.0,9.0,14.0,2.0,0.0,3.0,0.0,2021,Lorient,6
2021-04-25,Sun,Ligue 1,Home,L,2.0,3.0,Lille,,7.0,2.0,9.0,13.0,0.0,0.0,3.0,0.0,2021,Lyon,6
2021-04-25,Sun,Ligue 1,Away,W,1.0,0.0,Angers,,10.0,3.0,11.0,18.0,2.0,0.0,2.0,0.0,2021,Monaco,6
2021-04-25,Sun,Ligue 1,Away,L,1.0,3.0,Nice,,14.0,3.0,17.0,13.0,2.0,0.0,1.0,0.0,2021,Montpellier,6
2021-04-25,Sun,Ligue 1,Away,W,2.0,1.0,Strasbourg,,7.0,5.0,13.0,15.0,3.0,0.0,1.0,0.0,2021,Nantes,6
2021-04-25,Sun,Ligue 1,Home,W,3.0,1.0,Montpellier,,18.0,8.0,13.0,17.0,1.0,0.0,2.0,0.0,2021,Nice,6
2021-04-25,Sun,Ligue 1,Away,L,1.0,2.0,Lens,,16.0,2.0,15.0,14.0,2.0,0.0,1.0,1.0,2021,Nimes,6
2021-04-25,Sun,Ligue 1,Home,W,5.0,1.0,Dijon,,25.0,12.0,13.0,8.0,6.0,0.0,3.0,0.0,2021,Rennes,6
2021-04-25,Sun,Ligue 1,Home,L,1.0,2.0,Nantes,,12.0,4.0,15.0,13.0,1.0,0.0,3.0,0.0,2021,Strasbourg,6
2021-04-30,Fri,Ligue 1,Home,D,1.0,1.0,Strasbourg,,8.0,4.0,10.0,14.0,4.0,0.0,2.0,0.0,2021,Marseille,4
2021-04-30,Fri,Ligue 1,Away,D,1.0,1.0,Marseille,,8.0,5.0,14.0,10.0,2.0,0.0,4.0,0.0,2021,Strasbourg,4
2021-05-01,Sat,Ligue 1,Away,L,1.0,2.0,Paris SG,,15.0,3.0,16.0,14.0,2.0,0.0,4.0,0.0,2021,Lens,5
2021-05-01,Sat,Ligue 1,Home,W,2.0,0.0,Nice,,12.0,4.0,9.0,12.0,2.0,0.0,3.0,1.0,2021,Lille,5
2021-05-01,Sat,Ligue 1,Away,L,0.0,2.0,Lille,,0.0,0.0,12.0,9.0,3.0,1.0,2.0,0.0,2021,Nice,5
2021-05-01,Sat,Ligue 1,Home,W,2.0,1.0,Lens,,14.0,6.0,14.0,16.0,4.0,0.0,2.0,0.0,2021,Paris SG,5
2021-05-02,Sun,Ligue 1,Away,L,0.0,2.0,Lorient,,9.0,2.0,13.0,8.0,3.0,1.0,3.0,1.0,2021,Angers,6
2021-05-02,Sun,Ligue 1,Home,W,1.0,0.0,Rennes,,9.0,4.0,14.0,14.0,4.0,0.0,1.0,1.0,2021,Bordeaux,6
2021-05-02,Sun,Ligue 1,Home,L,1.0,4.0,Nantes,,16.0,7.0,12.0,10.0,2.0,0.0,0.0,0.0,2021,Brest,6
2021-05-02,Sun,Ligue 1,Home,L,1.0,5.0,Metz,,10.0,4.0,11.0,16.0,1.0,1.0,1.0,0.0,2021,Dijon,6
2021-05-02,Sun,Ligue 1,Home,W,2.0,0.0,Angers,,13.0,4.0,8.0,13.0,3.0,1.0,3.0,1.0,2021,Lorient,6
2021-05-02,Sun,Ligue 1,Away,W,3.0,2.0,Monaco,,17.0,5.0,16.0,23.0,4.0,1.0,1.0,0.0,2021,Lyon,6
2021-05-02,Sun,Ligue 1,Away,W,5.0,1.0,Dijon,,14.0,6.0,16.0,11.0,1.0,0.0,1.0,1.0,2021,Metz,6
2021-05-02,Sun,Ligue 1,Home,L,2.0,3.0,Lyon,,12.0,4.0,23.0,16.0,1.0,0.0,4.0,1.0,2021,Monaco,6
2021-05-02,Sun,Ligue 1,Home,L,1.0,2.0,St Etienne,,13.0,2.0,15.0,12.0,2.0,0.0,1.0,0.0,2021,Montpellier,6
2021-05-02,Sun,Ligue 1,Away,W,4.0,1.0,Brest,,12.0,6.0,10.0,12.0,0.0,0.0,2.0,0.0,2021,Nantes,6
2021-05-02,Sun,Ligue 1,Home,D,2.0,2.0,Reims,,18.0,7.0,15.0,13.0,2.0,0.0,2.0,0.0,2021,Nimes,6
2021-05-02,Sun,Ligue 1,Away,D,2.0,2.0,Nimes,,12.0,7.0,13.0,15.0,2.0,0.0,2.0,0.0,2021,Reims,6
2021-05-02,Sun,Ligue 1,Away,L,0.0,1.0,Bordeaux,,9.0,2.0,14.0,14.0,1.0,1.0,4.0,0.0,2021,Rennes,6
2021-05-02,Sun,Ligue 1,Away,W,2.0,1.0,Montpellier,,19.0,7.0,12.0,15.0,1.0,0.0,2.0,0.0,2021,St Etienne,6
2021-05-07,Fri,Ligue 1,Home,L,0.0,3.0,Lille,,11.0,5.0,15.0,9.0,3.0,1.0,2.0,0.0,2021,Lens,4
2021-05-07,Fri,Ligue 1,Away,W,3.0,0.0,Lens,,11.0,6.0,9.0,15.0,2.0,0.0,3.0,1.0,2021,Lille,4
2021-05-08,Sat,Ligue 1,Away,L,0.0,3.0,Nantes,,10.0,2.0,20.0,13.0,5.0,0.0,0.0,0.0,2021,Bordeaux,5
2021-05-08,Sat,Ligue 1,Away,L,1.0,4.0,Lyon,,8.0,2.0,10.0,17.0,2.0,0.0,2.0,0.0,2021,Lorient,5
2021-05-08,Sat,Ligue 1,Home,W,4.0,1.0,Lorient,,25.0,11.0,17.0,10.0,2.0,0.0,2.0,0.0,2021,Lyon,5
2021-05-08,Sat,Ligue 1,Home,W,3.0,0.0,Bordeaux,,11.0,3.0,13.0,20.0,0.0,0.0,5.0,0.0,2021,Nantes,5
2021-05-09,Sun,Ligue 1,Home,W,3.0,0.0,Dijon,,11.0,4.0,8.0,11.0,0.0,0.0,0.0,0.0,2021,Angers,6
2021-05-09,Sun,Ligue 1,Away,L,2.0,3.0,Nice,,9.0,2.0,11.0,8.0,1.0,0.0,1.0,1.0,2021,Brest,6
2021-05-09,Sun,Ligue 1,Away,L,0.0,3.0,Angers,,5.0,1.0,11.0,8.0,0.0,0.0,0.0,0.0,2021,Dijon,6
2021-05-09,Sun,Ligue 1,Away,L,0.0,1.0,St Etienne,,15.0,4.0,12.0,22.0,3.0,0.0,1.0,0.0,2021,Marseille,6
2021-05-09,Sun,Ligue 1,Home,L,0.0,3.0,Nimes,,11.0,2.0,13.0,12.0,1.0,0.0,2.0,0.0,2021,Metz,6
2021-05-09,Sun,Ligue 1,Away,W,1.0,0.0,Reims,,7.0,2.0,13.0,11.0,3.0,0.0,1.0,0.0,2021,Monaco,6
2021-05-09,Sun,Ligue 1,Away,W,3.0,2.0,Strasbourg,,6.0,3.0,16.0,16.0,3.0,0.0,2.0,0.0,2021,Montpellier,6
2021-05-09,Sun,Ligue 1,Home,W,3.0,2.0,Brest,,14.0,5.0,8.0,11.0,1.0,1.0,1.0,0.0,2021,Nice,6
2021-05-09,Sun,Ligue 1,Away,W,3.0,0.0,Metz,,10.0,5.0,12.0,13.0,2.0,0.0,1.0,0.0,2021,Nimes,6
2021-05-09,Sun,Ligue 1,Away,D,1.0,1.0,Rennes,,12.0,4.0,11.0,12.0,1.0,1.0,4.0,0.0,2021,Paris SG,6
2021-05-09,Sun,Ligue 1,Home,L,0.0,1.0,Monaco,,8.0,2.0,11.0,13.0,1.0,0.0,3.0,0.0,2021,Reims,6
2021-05-09,Sun,Ligue 1,Home,D,1.0,1.0,Paris SG,,19.0,10.0,12.0,11.0,4.0,0.0,1.0,1.0,2021,Rennes,6
2021-05-09,Sun,Ligue 1,Home,W,1.0,0.0,Marseille,,18.0,5.0,22.0,12.0,1.0,0.0,3.0,0.0,2021,St Etienne,6
2021-05-09,Sun,Ligue 1,Home,L,2.0,3.0,Montpellier,,18.0,7.0,16.0,16.0,2.0,0.0,3.0,0.0,2021,Strasbourg,6
2021-05-16,Sun,Ligue 1,Away,L,2.0,3.0,Marseille,,11.0,5.0,12.0,16.0,2.0,0.0,3.0,0.0,2021,Angers,6
2021-05-16,Sun,Ligue 1,Home,W,3.0,0.0,Lens,,11.0,4.0,16.0,15.0,2.0,0.0,2.0,0.0,2021,Bordeaux,6
2021-05-16,Sun,Ligue 1,Away,D,0.0,0.0,Montpellier,,22.0,9.0,13.0,18.0,3.0,0.0,0.0,1.0,2021,Brest,6
2021-05-16,Sun,Ligue 1,Home,L,0.0,4.0,Nantes,,10.0,1.0,12.0,10.0,2.0,0.0,1.0,0.0,2021,Dijon,6
2021-05-16,Sun,Ligue 1,Away,L,0.0,3.0,Bordeaux,,14.0,4.0,15.0,16.0,2.0,0.0,2.0,0.0,2021,Lens,6
2021-05-16,Sun,Ligue 1,Home,D,0.0,0.0,St Etienne,,14.0,3.0,11.0,14.0,1.0,0.0,2.0,0.0,2021,Lille,6
2021-05-16,Sun,Ligue 1,Home,W,2.0,1.0,Metz,,6.0,2.0,16.0,19.0,1.0,0.0,4.0,0.0,2021,Lorient,6
2021-05-16,Sun,Ligue 1,Away,W,5.0,2.0,Nimes,,21.0,13.0,13.0,7.0,0.0,0.0,0.0,0.0,2021,Lyon,6
2021-05-16,Sun,Ligue 1,Home,W,3.0,2.0,Angers,,16.0,11.0,16.0,12.0,3.0,0.0,2.0,0.0,2021,Marseille,6
2021-05-16,Sun,Ligue 1,Away,L,1.0,2.0,Lorient,,3.0,1.0,19.0,16.0,4.0,0.0,1.0,0.0,2021,Metz,6
2021-05-16,Sun,Ligue 1,Home,W,2.0,1.0,Rennes,,11.0,3.0,12.0,14.0,2.0,0.0,2.0,1.0,2021,Monaco,6
2021-05-16,Sun,Ligue 1,Home,D,0.0,0.0,Brest,,4.0,2.0,18.0,13.0,0.0,1.0,3.0,0.0,2021,Montpellier,6
2021-05-16,Sun,Ligue 1,Away,W,4.0,0.0,Dijon,,16.0,4.0,10.0,12.0,1.0,0.0,2.0,0.0,2021,Nantes,6
2021-05-16,Sun,Ligue 1,Home,L,0.0,2.0,Strasbourg,,7.0,3.0,9.0,10.0,2.0,0.0,1.0,0.0,2021,Nice,6
2021-05-16,Sun,Ligue 1,Home,L,2.0,5.0,Lyon,,8.0,4.0,7.0,13.0,0.0,0.0,0.0,0.0,2021,Nimes,6
2021-05-16,Sun,Ligue 1,Home,W,4.0,0.0,Reims,,28.0,10.0,14.0,4.0,0.0,0.0,0.0,1.0,2021,Paris SG,6
2021-05-16,Sun,Ligue 1,Away,L,0.0,4.0,Paris SG,,2.0,0.0,4.0,14.0,0.0,1.0,0.0,0.0,2021,Reims,6
2021-05-16,Sun,Ligue 1,Away,L,1.0,2.0,Monaco,,9.0,2.0,14.0,12.0,2.0,1.0,2.0,0.0,2021,Rennes,6
2021-05-16,Sun,Ligue 1,Away,D,0.0,0.0,Lille,,8.0,1.0,14.0,11.0,2.0,0.0,1.0,0.0,2021,St Etienne,6
2021-05-16,Sun,Ligue 1,Away,W,2.0,0.0,Nice,,11.0,5.0,10.0,9.0,1.0,0.0,2.0,0.0,2021,Strasbourg,6
2021-05-23,Sun,Ligue 1,Home,L,1.0,2.0,Lille,,10.0,4.0,10.0,14.0,0.0,0.0,2.0,0.0,2021,Angers,6
2021-05-23,Sun,Ligue 1,Away,W,2.0,1.0,Reims,,12.0,5.0,6.0,11.0,1.0,0.0,1.0,0.0,2021,Bordeaux,6
2021-05-23,Sun,Ligue 1,Home,L,0.0,2.0,Paris SG,,6.0,5.0,7.0,6.0,1.0,0.0,2.0,0.0,2021,Brest,6
2021-05-23,Sun,Ligue 1,Away,W,1.0,0.0,St Etienne,,10.0,2.0,10.0,13.0,0.0,0.0,1.0,0.0,2021,Dijon,6
2021-05-23,Sun,Ligue 1,Home,D,0.0,0.0,Monaco,,4.0,1.0,16.0,6.0,3.0,0.0,2.0,0.0,2021,Lens,6
2021-05-23,Sun,Ligue 1,Away,W,2.0,1.0,Angers,,5.0,2.0,14.0,10.0,2.0,0.0,0.0,0.0,2021,Lille,6
2021-05-23,Sun,Ligue 1,Away,D,1.0,1.0,Strasbourg,,7.0,1.0,9.0,17.0,1.0,0.0,1.0,0.0,2021,Lorient,6
2021-05-23,Sun,Ligue 1,Home,L,2.0,3.0,Nice,,12.0,6.0,8.0,10.0,1.0,0.0,2.0,0.0,2021,Lyon,6
2021-05-23,Sun,Ligue 1,Away,D,1.0,1.0,Metz,,9.0,2.0,9.0,14.0,2.0,0.0,3.0,0.0,2021,Marseille,6
2021-05-23,Sun,Ligue 1,Home,D,1.0,1.0,Marseille,,10.0,3.0,14.0,9.0,3.0,0.0,2.0,0.0,2021,Metz,6
2021-05-23,Sun,Ligue 1,Away,D,0.0,0.0,Lens,,19.0,3.0,6.0,16.0,2.0,0.0,3.0,0.0,2021,Monaco,6
2021-05-23,Sun,Ligue 1,Away,W,2.0,1.0,Nantes,,8.0,5.0,11.0,8.0,2.0,0.0,2.0,0.0,2021,Montpellier,6
2021-05-23,Sun,Ligue 1,Home,L,1.0,2.0,Montpellier,,15.0,5.0,8.0,11.0,2.0,0.0,2.0,0.0,2021,Nantes,6
2021-05-23,Sun,Ligue 1,Away,W,3.0,2.0,Lyon,,14.0,6.0,10.0,8.0,2.0,0.0,1.0,0.0,2021,Nice,6
2021-05-23,Sun,Ligue 1,Away,L,0.0,2.0,Rennes,,9.0,2.0,10.0,11.0,0.0,0.0,1.0,0.0,2021,Nimes,6
2021-05-23,Sun,Ligue 1,Away,W,2.0,0.0,Brest,,9.0,4.0,6.0,7.0,2.0,0.0,1.0,0.0,2021,Paris SG,6
2021-05-23,Sun,Ligue 1,Home,L,1.0,2.0,Bordeaux,,10.0,3.0,11.0,6.0,1.0,0.0,1.0,0.0,2021,Reims,6
2021-05-23,Sun,Ligue 1,Home,W,2.0,0.0,Nimes,,13.0,6.0,11.0,10.0,1.0,0.0,0.0,0.0,2021,Rennes,6
2021-05-23,Sun,Ligue 1,Home,L,0.0,1.0,Dijon,,19.0,5.0,13.0,10.0,1.0,0.0,0.0,0.0,2021,St Etienne,6
2021-05-23,Sun,Ligue 1,Home,D,1.0,1.0,Lorient,,6.0,2.0,17.0,9.0,1.0,0.0,1.0,0.0,2021,Strasbourg,6
2021-08-06,Fri,Ligue 1,Home,D,1.0,1.0,Nantes,,15.0,3.0,6.0,14.0,0.0,0.0,0.0,0.0,2022,Monaco,4
2021-08-06,Fri,Ligue 1,Away,D,1.0,1.0,Monaco,,5.0,1.0,14.0,6.0,0.0,0.0,0.0,0.0,2022,Nantes,4
2021-08-07,Sat,Ligue 1,Away,D,1.0,1.0,Lyon,,13.0,8.0,12.0,10.0,1.0,0.0,1.0,0.0,2022,Brest,5
2021-08-07,Sat,Ligue 1,Home,D,1.0,1.0,Brest,,17.0,4.0,10.0,12.0,1.0,0.0,1.0,0.0,2022,Lyon,5
2021-08-07,Sat,Ligue 1,Away,W,2.0,1.0,Troyes,,12.0,3.0,15.0,3.0,4.0,0.0,1.0,0.0,2022,Paris SG,5
2021-08-07,Sat,Ligue 1,Home,L,1.0,2.0,Paris SG,,15.0,7.0,3.0,15.0,1.0,0.0,4.0,0.0,2022,Troyes,5
2021-08-08,Sun,Ligue 1,Away,W,2.0,0.0,Strasbourg,,9.0,2.0,18.0,18.0,3.0,0.0,2.0,0.0,2022,Angers,6
2021-08-08,Sun,Ligue 1,Home,L,0.0,2.0,Clermont,,10.0,6.0,13.0,9.0,1.0,0.0,0.0,0.0,2022,Bordeaux,6
2021-08-08,Sun,Ligue 1,Away,W,2.0,0.0,Bordeaux,,19.0,10.0,9.0,13.0,0.0,0.0,1.0,0.0,2022,Clermont,6
2021-08-08,Sun,Ligue 1,Away,D,1.0,1.0,Rennes,,11.0,6.0,14.0,10.0,2.0,0.0,0.0,0.0,2022,Lens,6
2021-08-08,Sun,Ligue 1,Away,D,3.0,3.0,Metz,,18.0,7.0,10.0,9.0,2.0,0.0,1.0,1.0,2022,Lille,6
2021-08-08,Sun,Ligue 1,Away,D,1.0,1.0,St Etienne,,12.0,3.0,14.0,10.0,3.0,0.0,2.0,0.0,2022,Lorient,6
2021-08-08,Sun,Ligue 1,Away,W,3.0,2.0,Montpellier,,21.0,7.0,5.0,10.0,1.0,0.0,0.0,0.0,2022,Marseille,6
2021-08-08,Sun,Ligue 1,Home,D,3.0,3.0,Lille,,12.0,5.0,9.0,10.0,1.0,1.0,2.0,0.0,2022,Metz,6
2021-08-08,Sun,Ligue 1,Home,L,2.0,3.0,Marseille,,8.0,1.0,10.0,5.0,0.0,0.0,1.0,0.0,2022,Montpellier,6
2021-08-08,Sun,Ligue 1,Home,D,0.0,0.0,Reims,,12.0,2.0,10.0,8.0,1.0,0.0,1.0,0.0,2022,Nice,6
2021-08-08,Sun,Ligue 1,Away,D,0.0,0.0,Nice,,5.0,0.0,8.0,10.0,1.0,0.0,1.0,0.0,2022,Reims,6
2021-08-08,Sun,Ligue 1,Home,D,1.0,1.0,Lens,,10.0,2.0,10.0,14.0,0.0,0.0,2.0,0.0,2022,Rennes,6
2021-08-08,Sun,Ligue 1,Home,D,1.0,1.0,Lorient,,20.0,3.0,10.0,14.0,2.0,0.0,3.0,0.0,2022,St Etienne,6
2021-08-08,Sun,Ligue 1,Home,L,0.0,2.0,Angers,,7.0,1.0,18.0,18.0,2.0,0.0,3.0,0.0,2022,Strasbourg,6
2021-08-13,Fri,Ligue 1,Home,W,1.0,0.0,Monaco,,2.0,2.0,17.0,15.0,3.0,0.0,2.0,0.0,2022,Lorient,4
2021-08-13,Fri,Ligue 1,Away,L,0.0,1.0,Lorient,,12.0,3.0,15.0,17.0,2.0,0.0,3.0,0.0,2022,Monaco,4
2021-08-14,Sat,Ligue 1,Home,L,0.0,4.0,Nice,,11.0,2.0,9.0,13.0,3.0,0.0,1.0,0.0,2022,Lille,5
2021-08-14,Sat,Ligue 1,Away,W,4.0,0.0,Lille,,11.0,7.0,13.0,9.0,1.0,0.0,3.0,0.0,2022,Nice,5
2021-08-14,Sat,Ligue 1,Home,W,4.0,2.0,Strasbourg,,11.0,6.0,6.0,18.0,1.0,0.0,4.0,1.0,2022,Paris SG,5
2021-08-14,Sat,Ligue 1,Away,L,2.0,4.0,Paris SG,,8.0,2.0,18.0,6.0,4.0,1.0,1.0,0.0,2022,Strasbourg,5
2021-08-15,Sun,Ligue 1,Home,W,3.0,0.0,Lyon,,13.0,6.0,11.0,17.0,1.0,0.0,5.0,1.0,2022,Angers,6
2021-08-15,Sun,Ligue 1,Away,D,2.0,2.0,Marseille,,8.0,2.0,11.0,6.0,2.0,0.0,2.0,1.0,2022,Bordeaux,6
2021-08-15,Sun,Ligue 1,Home,D,1.0,1.0,Rennes,,10.0,5.0,7.0,16.0,2.0,0.0,3.0,0.0,2022,Brest,6
2021-08-15,Sun,Ligue 1,Home,W,2.0,0.0,Troyes,,18.0,8.0,6.0,11.0,1.0,0.0,3.0,1.0,2022,Clermont,6
2021-08-15,Sun,Ligue 1,Home,D,2.0,2.0,St Etienne,,22.0,7.0,10.0,17.0,1.0,0.0,6.0,0.0,2022,Lens,6
2021-08-15,Sun,Ligue 1,Away,L,0.0,3.0,Angers,,8.0,3.0,17.0,11.0,5.0,1.0,1.0,0.0,2022,Lyon,6
2021-08-15,Sun,Ligue 1,Home,D,2.0,2.0,Bordeaux,,10.0,2.0,6.0,11.0,2.0,1.0,2.0,0.0,2022,Marseille,6
2021-08-15,Sun,Ligue 1,Away,L,0.0,2.0,Nantes,,10.0,5.0,11.0,18.0,0.0,0.0,2.0,0.0,2022,Metz,6
2021-08-15,Sun,Ligue 1,Away,D,3.0,3.0,Reims,,15.0,5.0,12.0,11.0,1.0,0.0,2.0,0.0,2022,Montpellier,6
2021-08-15,Sun,Ligue 1,Home,W,2.0,0.0,Metz,,11.0,7.0,18.0,11.0,2.0,0.0,0.0,0.0,2022,Nantes,6
2021-08-15,Sun,Ligue 1,Home,D,3.0,3.0,Montpellier,,19.0,9.0,11.0,12.0,2.0,0.0,1.0,0.0,2022,Reims,6
2021-08-15,Sun,Ligue 1,Away,D,1.0,1.0,Brest,,6.0,2.0,16.0,7.0,3.0,0.0,2.0,0.0,2022,Rennes,6
2021-08-15,Sun,Ligue 1,Away,D,2.0,2.0,Lens,,12.0,7.0,17.0,10.0,6.0,0.0,1.0,0.0,2022,St Etienne,6
2021-08-15,Sun,Ligue 1,Away,L,0.0,2.0,Clermont,,6.0,1.0,11.0,6.0,3.0,1.0,1.0,0.0,2022,Troyes,6
2021-08-20,Fri,Ligue 1,Home,L,2.0,4.0,Paris SG,,11.0,3.0,8.0,7.0,1.0,0.0,2.0,0.0,2022,Brest,4
2021-08-20,Fri,Ligue 1,Away,W,4.0,2.0,Brest,,16.0,8.0,7.0,8.0,2.0,0.0,1.0,0.0,2022,Paris SG,4
2021-08-21,Sat,Ligue 1,Away,W,2.0,0.0,Monaco,,4.0,2.0,14.0,11.0,1.0,1.0,1.0,1.0,2022,Lens,5
2021-08-21,Sat,Ligue 1,Away,D,1.0,1.0,St Etienne,,8.0,6.0,10.0,14.0,3.0,0.0,1.0,0.0,2022,Lille,5
2021-08-21,Sat,Ligue 1,Home,L,0.0,2.0,Lens,,9.0,2.0,11.0,14.0,1.0,1.0,1.0,1.0,2022,Monaco,5
2021-08-21,Sat,Ligue 1,Home,D,1.0,1.0,Lille,,10.0,2.0,14.0,10.0,1.0,0.0,3.0,0.0,2022,St Etienne,5
2021-08-22,Sun,Ligue 1,Away,D,1.0,1.0,Bordeaux,,6.0,3.0,5.0,19.0,0.0,0.0,2.0,0.0,2022,Angers,6
2021-08-22,Sun,Ligue 1,Home,D,1.0,1.0,Angers,,14.0,5.0,19.0,5.0,2.0,0.0,0.0,0.0,2022,Bordeaux,6
2021-08-22,Sun,Ligue 1,Away,D,3.0,3.0,Lyon,,17.0,5.0,6.0,10.0,2.0,0.0,2.0,0.0,2022,Clermont,6
2021-08-22,Sun,Ligue 1,Away,L,1.0,3.0,Montpellier,,5.0,4.0,13.0,8.0,6.0,2.0,0.0,0.0,2022,Lorient,6
2021-08-22,Sun,Ligue 1,Home,D,3.0,3.0,Clermont,,21.0,9.0,10.0,6.0,2.0,0.0,2.0,0.0,2022,Lyon,6
2021-08-22,Sun,Ligue 1,Home,D,1.0,1.0,Reims,,10.0,4.0,19.0,14.0,4.0,1.0,2.0,1.0,2022,Metz,6
2021-08-22,Sun,Ligue 1,Home,W,3.0,1.0,Lorient,,32.0,11.0,8.0,13.0,0.0,0.0,6.0,2.0,2022,Montpellier,6
2021-08-22,Sun,Ligue 1,Away,L,0.0,1.0,Rennes,,4.0,1.0,13.0,14.0,2.0,0.0,2.0,0.0,2022,Nantes,6
2021-08-22,Sun,Ligue 1,Away,D,1.0,1.0,Metz,,12.0,3.0,14.0,19.0,2.0,1.0,4.0,1.0,2022,Reims,6
2021-08-22,Sun,Ligue 1,Home,W,1.0,0.0,Nantes,,14.0,5.0,14.0,13.0,2.0,0.0,2.0,0.0,2022,Rennes,6
2021-08-22,Sun,Ligue 1,Home,D,1.0,1.0,Troyes,,14.0,4.0,16.0,17.0,3.0,0.0,1.0,0.0,2022,Strasbourg,6
2021-08-22,Sun,Ligue 1,Away,D,1.0,1.0,Strasbourg,,10.0,6.0,17.0,16.0,1.0,0.0,3.0,0.0,2022,Troyes,6
2021-08-27,Fri,Ligue 1,Away,W,1.0,0.0,Nantes,,12.0,5.0,11.0,7.0,2.0,1.0,2.0,0.0,2022,Lyon,4
2021-08-27,Fri,Ligue 1,Home,L,0.0,1.0,Lyon,,18.0,5.0,7.0,11.0,2.0,0.0,2.0,1.0,2022,Nantes,4
2021-08-28,Sat,Ligue 1,Away,L,0.0,4.0,Nice,,13.0,4.0,11.0,18.0,2.0,0.0,3.0,0.0,2022,Bordeaux,5
2021-08-28,Sat,Ligue 1,Home,W,3.0,1.0,St Etienne,,19.0,5.0,11.0,18.0,1.0,0.0,3.0,0.0,2022,Marseille,5
2021-08-28,Sat,Ligue 1,Home,W,4.0,0.0,Bordeaux,,11.0,5.0,18.0,11.0,3.0,0.0,2.0,0.0,2022,Nice,5
2021-08-28,Sat,Ligue 1,Away,L,1.0,3.0,Marseille,,11.0,7.0,18.0,11.0,3.0,0.0,1.0,0.0,2022,St Etienne,5
2021-08-29,Sun,Ligue 1,Home,W,2.0,0.0,Rennes,,16.0,4.0,14.0,10.0,1.0,0.0,2.0,1.0,2022,Angers,6
2021-08-29,Sun,Ligue 1,Away,L,1.0,3.0,Strasbourg,,11.0,5.0,10.0,12.0,1.0,0.0,1.0,0.0,2022,Brest,6
2021-08-29,Sun,Ligue 1,Home,D,2.0,2.0,Metz,,16.0,4.0,11.0,15.0,1.0,0.0,2.0,0.0,2022,Clermont,6
2021-08-29,Sun,Ligue 1,Home,D,2.0,2.0,Lorient,,19.0,9.0,10.0,10.0,2.0,0.0,4.0,0.0,2022,Lens,6
2021-08-29,Sun,Ligue 1,Home,W,2.0,1.0,Montpellier,,15.0,4.0,15.0,19.0,3.0,0.0,7.0,1.0,2022,Lille,6
2021-08-29,Sun,Ligue 1,Away,D,2.0,2.0,Lens,,15.0,7.0,10.0,10.0,4.0,0.0,2.0,0.0,2022,Lorient,6
2021-08-29,Sun,Ligue 1,Away,D,2.0,2.0,Clermont,,12.0,4.0,15.0,11.0,2.0,0.0,1.0,0.0,2022,Metz,6
2021-08-29,Sun,Ligue 1,Away,W,2.0,1.0,Troyes,,7.0,4.0,11.0,11.0,2.0,0.0,1.0,0.0,2022,Monaco,6
2021-08-29,Sun,Ligue 1,Away,L,1.0,2.0,Lille,,6.0,3.0,19.0,15.0,7.0,1.0,3.0,0.0,2022,Montpellier,6
2021-08-29,Sun,Ligue 1,Away,W,2.0,0.0,Reims,,12.0,3.0,13.0,13.0,3.0,0.0,1.0,0.0,2022,Paris SG,6
2021-08-29,Sun,Ligue 1,Home,L,0.0,2.0,Paris SG,,11.0,4.0,13.0,13.0,1.0,0.0,3.0,0.0,2022,Reims,6
2021-08-29,Sun,Ligue 1,Away,L,0.0,2.0,Angers,,7.0,2.0,10.0,14.0,2.0,1.0,1.0,0.0,2022,Rennes,6
2021-08-29,Sun,Ligue 1,Home,W,3.0,1.0,Brest,,11.0,5.0,12.0,10.0,1.0,0.0,1.0,0.0,2022,Strasbourg,6
2021-08-29,Sun,Ligue 1,Home,L,1.0,2.0,Monaco,,12.0,3.0,11.0,11.0,1.0,0.0,2.0,0.0,2022,Troyes,6
2021-09-10,Fri,Ligue 1,Away,L,1.0,2.0,Lorient,,9.0,3.0,11.0,13.0,2.0,0.0,2.0,0.0,2022,Lille,4
2021-09-10,Fri,Ligue 1,Home,W,2.0,1.0,Lille,,14.0,7.0,13.0,11.0,2.0,0.0,2.0,0.0,2022,Lorient,4
2021-09-11,Sat,Ligue 1,Away,L,0.0,4.0,Paris SG,,14.0,2.0,9.0,13.0,1.0,0.0,0.0,0.0,2022,Clermont,5
2021-09-11,Sat,Ligue 1,Away,W,2.0,0.0,Monaco,,13.0,5.0,8.0,17.0,1.0,0.0,4.0,0.0,2022,Marseille,5
2021-09-11,Sat,Ligue 1,Home,L,0.0,2.0,Marseille,,7.0,0.0,17.0,8.0,4.0,0.0,1.0,0.0,2022,Monaco,5
2021-09-11,Sat,Ligue 1,Home,W,4.0,0.0,Clermont,,13.0,7.0,13.0,9.0,0.0,0.0,1.0,0.0,2022,Paris SG,5
2021-09-12,Sun,Ligue 1,Away,D,1.0,1.0,Brest,,8.0,2.0,9.0,19.0,2.0,0.0,3.0,1.0,2022,Angers,6
2021-09-12,Sun,Ligue 1,Home,L,2.0,3.0,Lens,,11.0,3.0,8.0,11.0,3.0,0.0,2.0,0.0,2022,Bordeaux,6
2021-09-12,Sun,Ligue 1,Home,D,1.0,1.0,Angers,,12.0,6.0,19.0,9.0,3.0,1.0,2.0,0.0,2022,Brest,6
2021-09-12,Sun,Ligue 1,Away,W,3.0,2.0,Bordeaux,,12.0,5.0,11.0,8.0,2.0,0.0,3.0,0.0,2022,Lens,6
2021-09-12,Sun,Ligue 1,Home,W,3.0,1.0,Strasbourg,,14.0,7.0,8.0,11.0,2.0,0.0,1.0,0.0,2022,Lyon,6
2021-09-12,Sun,Ligue 1,Home,L,0.0,2.0,Troyes,,16.0,2.0,15.0,14.0,2.0,0.0,1.0,0.0,2022,Metz,6
2021-09-12,Sun,Ligue 1,Home,W,2.0,0.0,St Etienne,,11.0,4.0,15.0,17.0,1.0,0.0,4.0,0.0,2022,Montpellier,6
2021-09-12,Sun,Ligue 1,Home,L,0.0,2.0,Nice,,19.0,7.0,7.0,13.0,2.0,0.0,3.0,0.0,2022,Nantes,6
2021-09-12,Sun,Ligue 1,Away,W,2.0,0.0,Nantes,,9.0,3.0,13.0,7.0,3.0,0.0,2.0,0.0,2022,Nice,6
2021-09-12,Sun,Ligue 1,Away,W,2.0,0.0,Rennes,,7.0,3.0,11.0,18.0,2.0,0.0,1.0,0.0,2022,Reims,6
2021-09-12,Sun,Ligue 1,Home,L,0.0,2.0,Reims,,9.0,1.0,18.0,11.0,1.0,0.0,2.0,0.0,2022,Rennes,6
2021-09-12,Sun,Ligue 1,Away,L,0.0,2.0,Montpellier,,14.0,2.0,17.0,15.0,4.0,0.0,1.0,0.0,2022,St Etienne,6
2021-09-12,Sun,Ligue 1,Away,L,1.0,3.0,Lyon,,12.0,4.0,11.0,8.0,1.0,0.0,2.0,0.0,2022,Strasbourg,6
2021-09-12,Sun,Ligue 1,Away,W,2.0,0.0,Metz,,10.0,5.0,14.0,15.0,1.0,0.0,2.0,0.0,2022,Troyes,6
2021-09-17,Fri,Ligue 1,Away,L,0.0,3.0,Strasbourg,,15.0,5.0,8.0,16.0,4.0,0.0,2.0,0.0,2022,Metz,4
2021-09-17,Fri,Ligue 1,Home,W,3.0,0.0,Metz,,10.0,6.0,16.0,8.0,2.0,0.0,4.0,0.0,2022,Strasbourg,4
2021-09-18,Sat,Ligue 1,Away,W,2.0,1.0,St Etienne,,13.0,3.0,11.0,9.0,4.0,0.0,1.0,0.0,2022,Bordeaux,5
2021-09-18,Sat,Ligue 1,Home,W,1.0,0.0,Lille,,13.0,4.0,12.0,8.0,2.0,0.0,2.0,0.0,2022,Lens,5
2021-09-18,Sat,Ligue 1,Away,L,0.0,1.0,Lens,,6.0,2.0,8.0,12.0,2.0,0.0,2.0,0.0,2022,Lille,5
2021-09-18,Sat,Ligue 1,Home,L,1.0,2.0,Bordeaux,,12.0,5.0,9.0,11.0,1.0,0.0,4.0,0.0,2022,St Etienne,5
2021-09-19,Sun,Ligue 1,Home,L,1.0,4.0,Nantes,,10.0,5.0,10.0,16.0,2.0,0.0,2.0,0.0,2022,Angers,6
2021-09-19,Sun,Ligue 1,Away,D,1.0,1.0,Clermont,,5.0,1.0,19.0,7.0,1.0,0.0,1.0,1.0,2022,Brest,6
2021-09-19,Sun,Ligue 1,Home,D,1.0,1.0,Brest,,7.0,4.0,7.0,19.0,1.0,1.0,1.0,0.0,2022,Clermont,6
2021-09-19,Sun,Ligue 1,Away,D,0.0,0.0,Reims,,6.0,3.0,14.0,12.0,3.0,0.0,2.0,0.0,2022,Lorient,6
2021-09-19,Sun,Ligue 1,Away,L,1.0,2.0,Paris SG,,12.0,5.0,19.0,13.0,1.0,0.0,3.0,0.0,2022,Lyon,6
2021-09-19,Sun,Ligue 1,Home,W,2.0,0.0,Rennes,,17.0,6.0,5.0,17.0,0.0,0.0,2.0,0.0,2022,Marseille,6
2021-09-19,Sun,Ligue 1,Away,D,2.0,2.0,Nice,,8.0,3.0,12.0,17.0,3.0,0.0,2.0,0.0,2022,Monaco,6
2021-09-19,Sun,Ligue 1,Away,D,1.0,1.0,Troyes,,6.0,2.0,11.0,16.0,4.0,1.0,4.0,0.0,2022,Montpellier,6
2021-09-19,Sun,Ligue 1,Away,W,4.0,1.0,Angers,,8.0,4.0,16.0,10.0,2.0,0.0,2.0,0.0,2022,Nantes,6
2021-09-19,Sun,Ligue 1,Home,D,2.0,2.0,Monaco,,12.0,3.0,17.0,12.0,2.0,0.0,3.0,0.0,2022,Nice,6
2021-09-19,Sun,Ligue 1,Home,W,2.0,1.0,Lyon,,14.0,5.0,13.0,19.0,3.0,0.0,1.0,0.0,2022,Paris SG,6
2021-09-19,Sun,Ligue 1,Home,D,0.0,0.0,Lorient,,10.0,2.0,12.0,14.0,2.0,0.0,3.0,0.0,2022,Reims,6
2021-09-19,Sun,Ligue 1,Away,L,0.0,2.0,Marseille,,13.0,2.0,17.0,5.0,2.0,0.0,0.0,0.0,2022,Rennes,6
2021-09-19,Sun,Ligue 1,Home,D,1.0,1.0,Montpellier,,8.0,3.0,16.0,11.0,4.0,0.0,4.0,1.0,2022,Troyes,6
2021-09-22,Wed,Ligue 1,Home,D,0.0,0.0,Marseille,,9.0,1.0,9.0,7.0,1.0,0.0,3.0,0.0,2022,Angers,2
2021-09-22,Wed,Ligue 1,Away,D,3.0,3.0,Montpellier,,15.0,7.0,8.0,10.0,2.0,0.0,0.0,0.0,2022,Bordeaux,2
2021-09-22,Wed,Ligue 1,Away,L,1.0,3.0,Nantes,,10.0,2.0,13.0,8.0,2.0,0.0,1.0,0.0,2022,Brest,2
2021-09-22,Wed,Ligue 1,Away,L,0.0,6.0,Rennes,,4.0,1.0,5.0,14.0,1.0,0.0,2.0,0.0,2022,Clermont,2
2021-09-22,Wed,Ligue 1,Home,L,0.0,1.0,Strasbourg,,17.0,4.0,14.0,7.0,2.0,1.0,3.0,0.0,2022,Lens,2
2021-09-22,Wed,Ligue 1,Home,W,2.0,1.0,Reims,,7.0,4.0,16.0,14.0,2.0,0.0,1.0,0.0,2022,Lille,2
2021-09-22,Wed,Ligue 1,Home,W,1.0,0.0,Nice,,8.0,1.0,12.0,16.0,2.0,1.0,4.0,0.0,2022,Lorient,2
2021-09-22,Wed,Ligue 1,Home,W,3.0,1.0,Troyes,,15.0,8.0,7.0,9.0,1.0,0.0,3.0,0.0,2022,Lyon,2
2021-09-22,Wed,Ligue 1,Away,D,0.0,0.0,Angers,,6.0,1.0,7.0,9.0,3.0,0.0,1.0,0.0,2022,Marseille,2
2021-09-22,Wed,Ligue 1,Home,L,1.0,2.0,Paris SG,,6.0,2.0,12.0,12.0,6.0,1.0,2.0,0.0,2022,Metz,2
2021-09-22,Wed,Ligue 1,Home,W,3.0,1.0,St Etienne,,14.0,6.0,16.0,13.0,1.0,0.0,1.0,1.0,2022,Monaco,2
2021-09-22,Wed,Ligue 1,Home,D,3.0,3.0,Bordeaux,,15.0,6.0,10.0,8.0,0.0,0.0,2.0,0.0,2022,Montpellier,2
2021-09-22,Wed,Ligue 1,Home,W,3.0,1.0,Brest,,14.0,6.0,8.0,13.0,1.0,0.0,2.0,0.0,2022,Nantes,2
2021-09-22,Wed,Ligue 1,Away,L,0.0,1.0,Lorient,,13.0,1.0,16.0,12.0,4.0,0.0,2.0,1.0,2022,Nice,2
2021-09-22,Wed,Ligue 1,Away,W,2.0,1.0,Metz,,15.0,5.0,12.0,12.0,2.0,0.0,6.0,1.0,2022,Paris SG,2
2021-09-22,Wed,Ligue 1,Away,L,1.0,2.0,Lille,,11.0,5.0,14.0,16.0,1.0,0.0,2.0,0.0,2022,Reims,2
2021-09-22,Wed,Ligue 1,Home,W,6.0,0.0,Clermont,,21.0,10.0,14.0,5.0,2.0,0.0,1.0,0.0,2022,Rennes,2
2021-09-22,Wed,Ligue 1,Away,L,1.0,3.0,Monaco,,9.0,3.0,13.0,16.0,1.0,1.0,1.0,0.0,2022,St Etienne,2
2021-09-22,Wed,Ligue 1,Away,W,1.0,0.0,Lens,,6.0,1.0,7.0,14.0,3.0,0.0,2.0,1.0,2022,Strasbourg,2
2021-09-22,Wed,Ligue 1,Away,L,1.0,3.0,Lyon,,12.0,7.0,9.0,7.0,3.0,0.0,1.0,0.0,2022,Troyes,2
2021-09-25,Sat,Ligue 1,Away,W,2.0,1.0,Strasbourg,,16.0,7.0,12.0,16.0,4.0,0.0,4.0,1.0,2022,Lille,5
2021-09-25,Sat,Ligue 1,Away,D,1.0,1.0,Lyon,,12.0,5.0,10.0,9.0,2.0,0.0,1.0,1.0,2022,Lorient,5
2021-09-25,Sat,Ligue 1,Home,D,1.0,1.0,Lorient,,12.0,2.0,9.0,10.0,1.0,1.0,2.0,0.0,2022,Lyon,5
2021-09-25,Sat,Ligue 1,Away,L,0.0,2.0,Paris SG,,10.0,4.0,8.0,10.0,1.0,0.0,0.0,0.0,2022,Montpellier,5
2021-09-25,Sat,Ligue 1,Away,W,3.0,0.0,St Etienne,,14.0,9.0,13.0,9.0,2.0,0.0,0.0,0.0,2022,Nice,5
2021-09-25,Sat,Ligue 1,Home,W,2.0,0.0,Montpellier,,16.0,5.0,10.0,8.0,0.0,0.0,1.0,0.0,2022,Paris SG,5
2021-09-25,Sat,Ligue 1,Home,L,0.0,3.0,Nice,,11.0,6.0,9.0,13.0,0.0,0.0,2.0,0.0,2022,St Etienne,5
2021-09-25,Sat,Ligue 1,Home,L,1.0,2.0,Lille,,10.0,3.0,16.0,12.0,4.0,1.0,4.0,0.0,2022,Strasbourg,5
2021-09-26,Sun,Ligue 1,Away,D,1.0,1.0,Troyes,,17.0,6.0,8.0,9.0,2.0,0.0,4.0,1.0,2022,Angers,6
2021-09-26,Sun,Ligue 1,Home,D,1.0,1.0,Rennes,,10.0,3.0,6.0,20.0,1.0,0.0,4.0,0.0,2022,Bordeaux,6
2021-09-26,Sun,Ligue 1,Home,L,1.0,2.0,Metz,,11.0,2.0,16.0,16.0,3.0,0.0,2.0,0.0,2022,Brest,6
2021-09-26,Sun,Ligue 1,Home,L,1.0,3.0,Monaco,,12.0,4.0,9.0,12.0,2.0,0.0,4.0,0.0,2022,Clermont,6
2021-09-26,Sun,Ligue 1,Away,W,3.0,2.0,Marseille,,14.0,5.0,14.0,4.0,1.0,0.0,2.0,0.0,2022,Lens,6
2021-09-26,Sun,Ligue 1,Home,L,2.0,3.0,Lens,,14.0,4.0,4.0,14.0,2.0,0.0,1.0,0.0,2022,Marseille,6
2021-09-26,Sun,Ligue 1,Away,W,2.0,1.0,Brest,,6.0,4.0,16.0,16.0,2.0,0.0,3.0,0.0,2022,Metz,6
2021-09-26,Sun,Ligue 1,Away,W,3.0,1.0,Clermont,,6.0,3.0,12.0,9.0,4.0,0.0,2.0,0.0,2022,Monaco,6
2021-09-26,Sun,Ligue 1,Away,L,1.0,3.0,Reims,,11.0,2.0,10.0,14.0,1.0,0.0,1.0,0.0,2022,Nantes,6
2021-09-26,Sun,Ligue 1,Home,W,3.0,1.0,Nantes,,9.0,5.0,14.0,10.0,1.0,0.0,1.0,0.0,2022,Reims,6
2021-09-26,Sun,Ligue 1,Away,D,1.0,1.0,Bordeaux,,18.0,8.0,20.0,6.0,4.0,0.0,1.0,0.0,2022,Rennes,6
2021-09-26,Sun,Ligue 1,Home,D,1.0,1.0,Angers,,6.0,3.0,9.0,8.0,4.0,1.0,2.0,0.0,2022,Troyes,6
2021-10-01,Fri,Ligue 1,Home,W,2.0,0.0,Reims,,13.0,7.0,13.0,13.0,3.0,0.0,1.0,1.0,2022,Lens,4
2021-10-01,Fri,Ligue 1,Away,L,0.0,2.0,Lens,,3.0,0.0,13.0,13.0,1.0,1.0,3.0,0.0,2022,Reims,4
2021-10-02,Sat,Ligue 1,Away,L,1.0,2.0,Nice,,6.0,2.0,12.0,8.0,1.0,0.0,1.0,0.0,2022,Brest,5
2021-10-02,Sat,Ligue 1,Home,D,1.0,1.0,Strasbourg,,12.0,4.0,12.0,14.0,2.0,0.0,0.0,0.0,2022,Montpellier,5
2021-10-02,Sat,Ligue 1,Home,W,2.0,1.0,Brest,,20.0,9.0,8.0,12.0,1.0,0.0,1.0,0.0,2022,Nice,5
2021-10-02,Sat,Ligue 1,Away,D,1.0,1.0,Montpellier,,6.0,3.0,14.0,12.0,0.0,0.0,2.0,0.0,2022,Strasbourg,5
2021-10-03,Sun,Ligue 1,Home,W,3.0,2.0,Metz,,18.0,5.0,16.0,11.0,1.0,0.0,3.0,0.0,2022,Angers,6
2021-10-03,Sun,Ligue 1,Away,L,0.0,3.0,Monaco,,4.0,1.0,13.0,12.0,1.0,0.0,2.0,0.0,2022,Bordeaux,6
2021-10-03,Sun,Ligue 1,Away,D,1.0,1.0,Lorient,,8.0,4.0,12.0,19.0,1.0,0.0,2.0,0.0,2022,Clermont,6
2021-10-03,Sun,Ligue 1,Home,W,2.0,0.0,Marseille,,12.0,5.0,10.0,13.0,2.0,0.0,3.0,1.0,2022,Lille,6
2021-10-03,Sun,Ligue 1,Home,D,1.0,1.0,Clermont,,6.0,1.0,19.0,12.0,2.0,0.0,1.0,0.0,2022,Lorient,6
2021-10-03,Sun,Ligue 1,Away,D,1.0,1.0,St Etienne,,15.0,5.0,10.0,14.0,3.0,1.0,2.0,0.0,2022,Lyon,6
2021-10-03,Sun,Ligue 1,Away,L,0.0,2.0,Lille,,10.0,3.0,13.0,10.0,3.0,1.0,2.0,0.0,2022,Marseille,6
2021-10-03,Sun,Ligue 1,Away,L,2.0,3.0,Angers,,2.0,2.0,11.0,16.0,3.0,0.0,1.0,0.0,2022,Metz,6
2021-10-03,Sun,Ligue 1,Home,W,3.0,0.0,Bordeaux,,12.0,4.0,12.0,13.0,2.0,0.0,1.0,0.0,2022,Monaco,6
2021-10-03,Sun,Ligue 1,Home,W,2.0,0.0,Troyes,,8.0,4.0,14.0,10.0,2.0,0.0,2.0,0.0,2022,Nantes,6
2021-10-03,Sun,Ligue 1,Away,L,0.0,2.0,Rennes,,13.0,0.0,4.0,9.0,3.0,0.0,2.0,0.0,2022,Paris SG,6
2021-10-03,Sun,Ligue 1,Home,W,2.0,0.0,Paris SG,,12.0,4.0,9.0,4.0,2.0,0.0,3.0,0.0,2022,Rennes,6
2021-10-03,Sun,Ligue 1,Home,D,1.0,1.0,Lyon,,18.0,6.0,14.0,10.0,2.0,0.0,3.0,1.0,2022,St Etienne,6
2021-10-03,Sun,Ligue 1,Away,L,0.0,2.0,Nantes,,15.0,4.0,10.0,14.0,2.0,0.0,2.0,0.0,2022,Troyes,6
2021-10-15,Fri,Ligue 1,Away,L,1.0,2.0,Paris SG,,7.0,2.0,10.0,8.0,2.0,0.0,1.0,0.0,2022,Angers,4
2021-10-15,Fri,Ligue 1,Home,W,2.0,1.0,Angers,,13.0,2.0,8.0,10.0,1.0,0.0,2.0,0.0,2022,Paris SG,4
2021-10-16,Sat,Ligue 1,Home,W,1.0,0.0,Lille,,9.0,3.0,9.0,8.0,1.0,0.0,2.0,0.0,2022,Clermont,5
2021-10-16,Sat,Ligue 1,Away,L,0.0,1.0,Clermont,,9.0,2.0,8.0,9.0,2.0,0.0,1.0,0.0,2022,Lille,5
2021-10-16,Sat,Ligue 1,Home,W,2.0,0.0,Monaco,,14.0,8.0,8.0,10.0,1.0,0.0,2.0,0.0,2022,Lyon,5
2021-10-16,Sat,Ligue 1,Away,L,0.0,2.0,Lyon,,9.0,3.0,10.0,8.0,2.0,0.0,1.0,0.0,2022,Monaco,5
2021-10-17,Sun,Ligue 1,Home,D,1.0,1.0,Nantes,,8.0,1.0,10.0,16.0,2.0,0.0,3.0,0.0,2022,Bordeaux,6
2021-10-17,Sun,Ligue 1,Home,D,1.0,1.0,Reims,,9.0,4.0,18.0,13.0,3.0,0.0,4.0,0.0,2022,Brest,6
2021-10-17,Sun,Ligue 1,Away,L,0.0,1.0,Montpellier,,19.0,5.0,16.0,8.0,4.0,0.0,4.0,1.0,2022,Lens,6
2021-10-17,Sun,Ligue 1,Away,L,1.0,4.0,Marseille,,15.0,7.0,10.0,7.0,1.0,0.0,0.0,0.0,2022,Lorient,6
2021-10-17,Sun,Ligue 1,Home,W,4.0,1.0,Lorient,,16.0,6.0,7.0,10.0,0.0,0.0,1.0,0.0,2022,Marseille,6
2021-10-17,Sun,Ligue 1,Home,L,0.0,3.0,Rennes,,9.0,2.0,14.0,9.0,3.0,0.0,1.0,0.0,2022,Metz,6
2021-10-17,Sun,Ligue 1,Home,W,1.0,0.0,Lens,,15.0,6.0,8.0,16.0,4.0,1.0,4.0,0.0,2022,Montpellier,6
2021-10-17,Sun,Ligue 1,Away,D,1.0,1.0,Bordeaux,,13.0,7.0,16.0,10.0,3.0,0.0,2.0,0.0,2022,Nantes,6
2021-10-17,Sun,Ligue 1,Away,L,0.0,1.0,Troyes,,11.0,3.0,20.0,10.0,1.0,0.0,2.0,0.0,2022,Nice,6
2021-10-17,Sun,Ligue 1,Away,D,1.0,1.0,Brest,,13.0,2.0,13.0,18.0,4.0,0.0,3.0,0.0,2022,Reims,6
2021-10-17,Sun,Ligue 1,Away,W,3.0,0.0,Metz,,21.0,8.0,9.0,14.0,1.0,0.0,3.0,0.0,2022,Rennes,6
2021-10-17,Sun,Ligue 1,Away,L,1.0,5.0,Strasbourg,,4.0,2.0,10.0,18.0,2.0,1.0,3.0,0.0,2022,St Etienne,6
2021-10-17,Sun,Ligue 1,Home,W,5.0,1.0,St Etienne,,12.0,6.0,18.0,10.0,3.0,0.0,2.0,1.0,2022,Strasbourg,6
2021-10-17,Sun,Ligue 1,Home,W,1.0,0.0,Nice,,8.0,3.0,10.0,20.0,2.0,0.0,1.0,0.0,2022,Troyes,6
2021-10-22,Fri,Ligue 1,Away,D,2.0,2.0,St Etienne,,4.0,2.0,18.0,12.0,3.0,0.0,0.0,0.0,2022,Angers,4
2021-10-22,Fri,Ligue 1,Home,D,2.0,2.0,Angers,,17.0,6.0,12.0,18.0,0.0,0.0,3.0,0.0,2022,St Etienne,4
2021-10-23,Sat,Ligue 1,Away,D,1.0,1.0,Lille,,13.0,5.0,15.0,10.0,2.0,0.0,1.0,0.0,2022,Brest,5
2021-10-23,Sat,Ligue 1,Away,L,1.0,2.0,Nantes,,4.0,1.0,11.0,15.0,0.0,1.0,1.0,1.0,2022,Clermont,5
2021-10-23,Sat,Ligue 1,Home,D,1.0,1.0,Brest,,13.0,3.0,10.0,15.0,1.0,0.0,2.0,0.0,2022,Lille,5
2021-10-23,Sat,Ligue 1,Home,W,2.0,1.0,Clermont,,8.0,4.0,15.0,11.0,1.0,1.0,0.0,1.0,2022,Nantes,5
2021-10-24,Sun,Ligue 1,Away,D,1.0,1.0,Lorient,,11.0,5.0,13.0,12.0,2.0,1.0,4.0,0.0,2022,Bordeaux,6
2021-10-24,Sun,Ligue 1,Home,W,4.0,1.0,Metz,,11.0,5.0,9.0,13.0,2.0,0.0,3.0,0.0,2022,Lens,6
2021-10-24,Sun,Ligue 1,Home,D,1.0,1.0,Bordeaux,,14.0,4.0,12.0,13.0,4.0,0.0,2.0,1.0,2022,Lorient,6
2021-10-24,Sun,Ligue 1,Away,L,2.0,3.0,Nice,,13.0,8.0,7.0,11.0,0.0,1.0,1.0,0.0,2022,Lyon,6
2021-10-24,Sun,Ligue 1,Home,D,0.0,0.0,Paris SG,,15.0,1.0,7.0,8.0,1.0,0.0,2.0,1.0,2022,Marseille,6
2021-10-24,Sun,Ligue 1,Away,L,1.0,4.0,Lens,,9.0,4.0,13.0,9.0,3.0,0.0,2.0,0.0,2022,Metz,6
2021-10-24,Sun,Ligue 1,Home,W,3.0,1.0,Montpellier,,14.0,4.0,14.0,16.0,1.0,0.0,4.0,0.0,2022,Monaco,6
2021-10-24,Sun,Ligue 1,Away,L,1.0,3.0,Monaco,,12.0,3.0,16.0,14.0,4.0,0.0,1.0,0.0,2022,Montpellier,6
2021-10-24,Sun,Ligue 1,Home,W,3.0,2.0,Lyon,,17.0,7.0,11.0,7.0,1.0,0.0,0.0,1.0,2022,Nice,6
2021-10-24,Sun,Ligue 1,Away,D,0.0,0.0,Marseille,,10.0,4.0,8.0,7.0,2.0,1.0,1.0,0.0,2022,Paris SG,6
2021-10-24,Sun,Ligue 1,Home,L,1.0,2.0,Troyes,,18.0,5.0,14.0,13.0,4.0,1.0,2.0,0.0,2022,Reims,6
2021-10-24,Sun,Ligue 1,Home,W,1.0,0.0,Strasbourg,,17.0,3.0,6.0,11.0,1.0,0.0,2.0,0.0,2022,Rennes,6
2021-10-24,Sun,Ligue 1,Away,L,0.0,1.0,Rennes,,8.0,2.0,11.0,6.0,2.0,0.0,1.0,0.0,2022,Strasbourg,6
2021-10-24,Sun,Ligue 1,Away,W,2.0,1.0,Reims,,7.0,4.0,13.0,14.0,2.0,0.0,4.0,1.0,2022,Troyes,6
2021-10-27,Wed,Ligue 1,Away,D,1.0,1.0,Nice,,7.0,1.0,8.0,16.0,2.0,0.0,2.0,0.0,2022,Marseille,2
2021-10-27,Wed,Ligue 1,Home,D,1.0,1.0,Marseille,,11.0,3.0,16.0,8.0,2.0,0.0,2.0,0.0,2022,Nice,2
2021-10-29,Fri,Ligue 1,Away,L,1.0,2.0,Paris SG,,11.0,3.0,10.0,7.0,5.0,0.0,1.0,0.0,2022,Lille,4
2021-10-29,Fri,Ligue 1,Home,W,2.0,1.0,Lille,,17.0,6.0,7.0,10.0,1.0,0.0,5.0,0.0,2022,Paris SG,4
2021-10-30,Sat,Ligue 1,Away,L,1.0,2.0,Lyon,,18.0,10.0,13.0,7.0,2.0,0.0,1.0,0.0,2022,Lens,5
2021-10-30,Sat,Ligue 1,Home,W,2.0,1.0,Lens,,13.0,4.0,7.0,13.0,1.0,0.0,2.0,0.0,2022,Lyon,5
2021-10-30,Sat,Ligue 1,Home,D,1.0,1.0,St Etienne,,9.0,4.0,16.0,11.0,0.0,0.0,3.0,0.0,2022,Metz,5
2021-10-30,Sat,Ligue 1,Away,D,1.0,1.0,Metz,,10.0,3.0,11.0,16.0,3.0,0.0,0.0,0.0,2022,St Etienne,5
2021-10-31,Sun,Ligue 1,Home,L,1.0,2.0,Nice,,3.0,2.0,14.0,9.0,1.0,0.0,2.0,0.0,2022,Angers,6
2021-10-31,Sun,Ligue 1,Home,W,3.0,2.0,Reims,,17.0,7.0,5.0,10.0,3.0,0.0,2.0,0.0,2022,Bordeaux,6
2021-10-31,Sun,Ligue 1,Home,W,2.0,0.0,Monaco,,7.0,3.0,8.0,17.0,1.0,0.0,5.0,0.0,2022,Brest,6
2021-10-31,Sun,Ligue 1,Home,L,0.0,1.0,Marseille,,12.0,1.0,14.0,11.0,1.0,0.0,4.0,0.0,2022,Clermont,6
2021-10-31,Sun,Ligue 1,Away,L,0.0,4.0,Strasbourg,,5.0,0.0,10.0,12.0,0.0,0.0,1.0,0.0,2022,Lorient,6
2021-10-31,Sun,Ligue 1,Away,W,1.0,0.0,Clermont,,9.0,4.0,11.0,14.0,4.0,0.0,1.0,0.0,2022,Marseille,6
2021-10-31,Sun,Ligue 1,Away,L,0.0,2.0,Brest,,5.0,2.0,17.0,8.0,5.0,0.0,1.0,0.0,2022,Monaco,6
2021-10-31,Sun,Ligue 1,Home,W,2.0,0.0,Nantes,,19.0,10.0,12.0,23.0,3.0,0.0,5.0,0.0,2022,Montpellier,6
2021-10-31,Sun,Ligue 1,Away,L,0.0,2.0,Montpellier,,12.0,1.0,23.0,12.0,5.0,0.0,3.0,0.0,2022,Nantes,6
2021-10-31,Sun,Ligue 1,Away,W,2.0,1.0,Angers,,14.0,5.0,9.0,14.0,2.0,0.0,1.0,0.0,2022,Nice,6
2021-10-31,Sun,Ligue 1,Away,L,2.0,3.0,Bordeaux,,12.0,8.0,10.0,5.0,2.0,0.0,3.0,0.0,2022,Reims,6
2021-10-31,Sun,Ligue 1,Away,D,2.0,2.0,Troyes,,13.0,5.0,15.0,6.0,1.0,0.0,0.0,0.0,2022,Rennes,6
2021-10-31,Sun,Ligue 1,Home,W,4.0,0.0,Lorient,,15.0,6.0,12.0,10.0,1.0,0.0,0.0,0.0,2022,Strasbourg,6
2021-10-31,Sun,Ligue 1,Home,D,2.0,2.0,Rennes,,14.0,5.0,6.0,15.0,0.0,0.0,1.0,0.0,2022,Troyes,6
2021-11-05,Fri,Ligue 1,Home,W,4.0,0.0,Troyes,,28.0,12.0,14.0,8.0,1.0,0.0,1.0,0.0,2022,Lens,4
2021-11-05,Fri,Ligue 1,Away,L,0.0,4.0,Lens,,14.0,6.0,8.0,14.0,1.0,0.0,1.0,0.0,2022,Troyes,4
2021-11-06,Sat,Ligue 1,Away,D,1.0,1.0,Lille,,9.0,5.0,9.0,13.0,2.0,0.0,2.0,1.0,2022,Angers,5
2021-11-06,Sat,Ligue 1,Home,L,2.0,3.0,Paris SG,,18.0,6.0,9.0,10.0,2.0,0.0,1.0,0.0,2022,Bordeaux,5
2021-11-06,Sat,Ligue 1,Home,D,1.0,1.0,Angers,,11.0,6.0,13.0,9.0,2.0,1.0,2.0,0.0,2022,Lille,5
2021-11-06,Sat,Ligue 1,Away,W,3.0,2.0,Bordeaux,,9.0,5.0,10.0,9.0,1.0,0.0,2.0,0.0,2022,Paris SG,5
2021-11-07,Sun,Ligue 1,Away,W,2.0,1.0,Lorient,,16.0,5.0,8.0,10.0,1.0,0.0,1.0,1.0,2022,Brest,6
2021-11-07,Sun,Ligue 1,Away,L,2.0,3.0,St Etienne,,9.0,4.0,10.0,7.0,1.0,0.0,1.0,0.0,2022,Clermont,6
2021-11-07,Sun,Ligue 1,Home,L,1.0,2.0,Brest,,9.0,3.0,10.0,8.0,1.0,1.0,1.0,0.0,2022,Lorient,6
2021-11-07,Sun,Ligue 1,Away,L,1.0,4.0,Rennes,,6.0,4.0,12.0,12.0,2.0,0.0,2.0,0.0,2022,Lyon,6
2021-11-07,Sun,Ligue 1,Home,D,0.0,0.0,Metz,,15.0,3.0,8.0,9.0,1.0,0.0,3.0,1.0,2022,Marseille,6
2021-11-07,Sun,Ligue 1,Away,D,0.0,0.0,Marseille,,12.0,4.0,9.0,8.0,3.0,1.0,1.0,0.0,2022,Metz,6
2021-11-07,Sun,Ligue 1,Away,D,0.0,0.0,Reims,,12.0,3.0,13.0,9.0,2.0,0.0,0.0,0.0,2022,Monaco,6
2021-11-07,Sun,Ligue 1,Away,W,1.0,0.0,Nice,,8.0,2.0,7.0,9.0,0.0,0.0,2.0,0.0,2022,Montpellier,6
2021-11-07,Sun,Ligue 1,Home,D,2.0,2.0,Strasbourg,,20.0,6.0,15.0,12.0,2.0,0.0,1.0,1.0,2022,Nantes,6
2021-11-07,Sun,Ligue 1,Home,L,0.0,1.0,Montpellier,,22.0,6.0,9.0,7.0,2.0,0.0,0.0,0.0,2022,Nice,6
2021-11-07,Sun,Ligue 1,Home,D,0.0,0.0,Monaco,,11.0,4.0,9.0,13.0,0.0,0.0,2.0,0.0,2022,Reims,6
2021-11-07,Sun,Ligue 1,Home,W,4.0,1.0,Lyon,,25.0,12.0,12.0,12.0,2.0,0.0,2.0,0.0,2022,Rennes,6
2021-11-07,Sun,Ligue 1,Home,W,3.0,2.0,Clermont,,18.0,4.0,7.0,10.0,1.0,0.0,1.0,0.0,2022,St Etienne,6
2021-11-07,Sun,Ligue 1,Away,D,2.0,2.0,Nantes,,17.0,6.0,12.0,15.0,1.0,1.0,2.0,0.0,2022,Strasbourg,6
2021-11-19,Fri,Ligue 1,Away,D,2.0,2.0,Monaco,,15.0,8.0,16.0,15.0,5.0,0.0,3.0,1.0,2022,Lille,4
2021-11-19,Fri,Ligue 1,Home,D,2.0,2.0,Lille,,17.0,8.0,15.0,16.0,3.0,1.0,5.0,0.0,2022,Monaco,4
2021-11-20,Sat,Ligue 1,Away,L,0.0,2.0,Rennes,,4.0,2.0,10.0,9.0,3.0,1.0,1.0,0.0,2022,Montpellier,5
2021-11-20,Sat,Ligue 1,Away,L,1.0,3.0,Paris SG,,12.0,6.0,12.0,8.0,2.0,0.0,1.0,1.0,2022,Nantes,5
2021-11-20,Sat,Ligue 1,Home,W,3.0,1.0,Nantes,,14.0,7.0,8.0,12.0,1.0,1.0,2.0,0.0,2022,Paris SG,5
2021-11-20,Sat,Ligue 1,Home,W,2.0,0.0,Montpellier,,30.0,7.0,9.0,10.0,1.0,0.0,3.0,1.0,2022,Rennes,5
2021-11-21,Sun,Ligue 1,Home,W,1.0,0.0,Lorient,,8.0,4.0,15.0,13.0,4.0,0.0,0.0,0.0,2022,Angers,6
2021-11-21,Sun,Ligue 1,Away,D,3.0,3.0,Metz,,19.0,5.0,11.0,12.0,2.0,0.0,2.0,1.0,2022,Bordeaux,6
2021-11-21,Sun,Ligue 1,Home,W,4.0,0.0,Lens,,13.0,5.0,7.0,7.0,1.0,0.0,2.0,1.0,2022,Brest,6
2021-11-21,Sun,Ligue 1,Home,L,1.0,2.0,Nice,,18.0,6.0,7.0,16.0,1.0,0.0,4.0,0.0,2022,Clermont,6
2021-11-21,Sun,Ligue 1,Away,L,0.0,4.0,Brest,,14.0,5.0,7.0,7.0,2.0,1.0,1.0,0.0,2022,Lens,6
2021-11-21,Sun,Ligue 1,Away,L,0.0,1.0,Angers,,10.0,3.0,13.0,15.0,0.0,0.0,4.0,0.0,2022,Lorient,6
2021-11-21,Sun,Ligue 1,Home,D,3.0,3.0,Bordeaux,,20.0,9.0,12.0,11.0,2.0,1.0,2.0,0.0,2022,Metz,6
2021-11-21,Sun,Ligue 1,Away,W,2.0,1.0,Clermont,,9.0,4.0,16.0,7.0,4.0,0.0,1.0,0.0,2022,Nice,6
2021-11-21,Sun,Ligue 1,Away,D,1.0,1.0,Strasbourg,,10.0,3.0,13.0,8.0,4.0,0.0,1.0,0.0,2022,Reims,6
2021-11-21,Sun,Ligue 1,Away,W,1.0,0.0,Troyes,,14.0,4.0,11.0,13.0,4.0,0.0,1.0,0.0,2022,St Etienne,6
2021-11-21,Sun,Ligue 1,Home,D,1.0,1.0,Reims,,21.0,3.0,8.0,13.0,1.0,0.0,4.0,0.0,2022,Strasbourg,6
2021-11-21,Sun,Ligue 1,Home,L,0.0,1.0,St Etienne,,15.0,3.0,13.0,11.0,1.0,0.0,4.0,0.0,2022,Troyes,6
2021-11-26,Fri,Ligue 1,Away,D,2.0,2.0,Lens,,12.0,5.0,6.0,15.0,0.0,0.0,2.0,0.0,2022,Angers,4
2021-11-26,Fri,Ligue 1,Home,D,2.0,2.0,Angers,,9.0,4.0,15.0,6.0,2.0,0.0,0.0,0.0,2022,Lens,4
2021-11-27,Sat,Ligue 1,Home,D,1.0,1.0,Nantes,,10.0,3.0,7.0,12.0,1.0,0.0,2.0,1.0,2022,Lille,5
2021-11-27,Sat,Ligue 1,Away,W,1.0,0.0,Nice,,4.0,1.0,12.0,13.0,2.0,0.0,2.0,0.0,2022,Metz,5
2021-11-27,Sat,Ligue 1,Away,D,1.0,1.0,Lille,,7.0,3.0,12.0,7.0,2.0,1.0,1.0,0.0,2022,Nantes,5
2021-11-27,Sat,Ligue 1,Home,L,0.0,1.0,Metz,,20.0,2.0,13.0,12.0,2.0,0.0,2.0,0.0,2022,Nice,5
2021-11-28,Sun,Ligue 1,Home,L,1.0,2.0,Brest,,16.0,4.0,13.0,11.0,3.0,0.0,1.0,0.0,2022,Bordeaux,6
2021-11-28,Sun,Ligue 1,Away,W,2.0,1.0,Bordeaux,,14.0,4.0,11.0,13.0,1.0,0.0,3.0,0.0,2022,Brest,6
2021-11-28,Sun,Ligue 1,Away,L,0.0,1.0,Reims,,4.0,0.0,13.0,13.0,2.0,0.0,2.0,0.0,2022,Clermont,6
2021-11-28,Sun,Ligue 1,Home,L,0.0,2.0,Rennes,,6.0,0.0,11.0,11.0,0.0,0.0,2.0,0.0,2022,Lorient,6
2021-11-28,Sun,Ligue 1,Away,W,1.0,0.0,Montpellier,,11.0,3.0,15.0,7.0,4.0,0.0,1.0,0.0,2022,Lyon,6
2021-11-28,Sun,Ligue 1,Home,W,1.0,0.0,Troyes,,14.0,4.0,10.0,17.0,1.0,0.0,4.0,0.0,2022,Marseille,6
2021-11-28,Sun,Ligue 1,Home,D,1.0,1.0,Strasbourg,,8.0,3.0,12.0,9.0,2.0,0.0,1.0,0.0,2022,Monaco,6
2021-11-28,Sun,Ligue 1,Home,L,0.0,1.0,Lyon,,15.0,6.0,7.0,15.0,1.0,0.0,4.0,0.0,2022,Montpellier,6
2021-11-28,Sun,Ligue 1,Away,W,3.0,1.0,St Etienne,,15.0,8.0,10.0,7.0,1.0,0.0,3.0,1.0,2022,Paris SG,6
2021-11-28,Sun,Ligue 1,Home,W,1.0,0.0,Clermont,,12.0,3.0,13.0,13.0,2.0,0.0,2.0,0.0,2022,Reims,6
2021-11-28,Sun,Ligue 1,Away,W,2.0,0.0,Lorient,,11.0,5.0,11.0,11.0,2.0,0.0,0.0,0.0,2022,Rennes,6
2021-11-28,Sun,Ligue 1,Home,L,1.0,3.0,Paris SG,,8.0,4.0,7.0,10.0,3.0,1.0,1.0,0.0,2022,St Etienne,6
2021-11-28,Sun,Ligue 1,Away,D,1.0,1.0,Monaco,,7.0,4.0,9.0,12.0,1.0,0.0,2.0,0.0,2022,Strasbourg,6
2021-11-28,Sun,Ligue 1,Away,L,0.0,1.0,Marseille,,5.0,2.0,17.0,10.0,4.0,0.0,1.0,0.0,2022,Troyes,6
2021-12-01,Wed,Ligue 1,Home,L,1.0,3.0,Monaco,,9.0,3.0,13.0,18.0,1.0,0.0,2.0,0.0,2022,Angers,2
2021-12-01,Wed,Ligue 1,Away,L,2.0,5.0,Strasbourg,,13.0,2.0,13.0,14.0,3.0,0.0,2.0,0.0,2022,Bordeaux,2
2021-12-01,Wed,Ligue 1,Home,W,1.0,0.0,St Etienne,,8.0,3.0,8.0,9.0,2.0,0.0,3.0,0.0,2022,Brest,2
2021-12-01,Wed,Ligue 1,Home,D,2.0,2.0,Lens,,19.0,7.0,7.0,13.0,4.0,1.0,5.0,0.0,2022,Clermont,2
2021-12-01,Wed,Ligue 1,Away,D,2.0,2.0,Clermont,,9.0,2.0,13.0,7.0,5.0,0.0,4.0,1.0,2022,Lens,2
2021-12-01,Wed,Ligue 1,Away,W,2.0,1.0,Rennes,,6.0,2.0,12.0,12.0,1.0,0.0,2.0,0.0,2022,Lille,2
2021-12-01,Wed,Ligue 1,Away,L,0.0,2.0,Troyes,,9.0,3.0,11.0,12.0,1.0,0.0,1.0,0.0,2022,Lorient,2
2021-12-01,Wed,Ligue 1,Home,L,1.0,2.0,Reims,,14.0,6.0,14.0,17.0,3.0,0.0,2.0,0.0,2022,Lyon,2
2021-12-01,Wed,Ligue 1,Away,W,1.0,0.0,Nantes,,15.0,5.0,7.0,13.0,2.0,0.0,3.0,1.0,2022,Marseille,2
2021-12-01,Wed,Ligue 1,Home,L,1.0,3.0,Montpellier,,20.0,7.0,14.0,9.0,2.0,0.0,2.0,0.0,2022,Metz,2
2021-12-01,Wed,Ligue 1,Away,W,3.0,1.0,Angers,,14.0,8.0,18.0,13.0,2.0,0.0,1.0,0.0,2022,Monaco,2
2021-12-01,Wed,Ligue 1,Away,W,3.0,1.0,Metz,,10.0,7.0,9.0,14.0,2.0,0.0,2.0,0.0,2022,Montpellier,2
2021-12-01,Wed,Ligue 1,Home,L,0.0,1.0,Marseille,,3.0,1.0,13.0,7.0,3.0,1.0,2.0,0.0,2022,Nantes,2
2021-12-01,Wed,Ligue 1,Away,D,0.0,0.0,Paris SG,,4.0,2.0,13.0,5.0,2.0,0.0,2.0,0.0,2022,Nice,2
2021-12-01,Wed,Ligue 1,Home,D,0.0,0.0,Nice,,22.0,5.0,5.0,13.0,2.0,0.0,2.0,0.0,2022,Paris SG,2
2021-12-01,Wed,Ligue 1,Away,W,2.0,1.0,Lyon,,8.0,4.0,17.0,14.0,2.0,0.0,3.0,0.0,2022,Reims,2
2021-12-01,Wed,Ligue 1,Home,L,1.0,2.0,Lille,,10.0,2.0,12.0,12.0,2.0,0.0,1.0,0.0,2022,Rennes,2
2021-12-01,Wed,Ligue 1,Away,L,0.0,1.0,Brest,,13.0,3.0,9.0,8.0,3.0,0.0,2.0,0.0,2022,St Etienne,2
2021-12-01,Wed,Ligue 1,Home,W,5.0,2.0,Bordeaux,,19.0,6.0,14.0,13.0,2.0,0.0,3.0,0.0,2022,Strasbourg,2
2021-12-01,Wed,Ligue 1,Home,W,2.0,0.0,Lorient,,10.0,3.0,12.0,11.0,1.0,0.0,1.0,0.0,2022,Troyes,2
2021-12-04,Sat,Ligue 1,Away,W,2.0,1.0,Marseille,,9.0,4.0,7.0,10.0,2.0,0.0,1.0,0.0,2022,Brest,5
2021-12-04,Sat,Ligue 1,Home,D,1.0,1.0,Paris SG,,18.0,7.0,12.0,9.0,2.0,0.0,2.0,0.0,2022,Lens,5
2021-12-04,Sat,Ligue 1,Home,W,2.0,1.0,Troyes,,13.0,4.0,11.0,9.0,3.0,0.0,4.0,0.0,2022,Lille,5
2021-12-04,Sat,Ligue 1,Home,L,1.0,2.0,Brest,,16.0,4.0,10.0,7.0,1.0,0.0,2.0,0.0,2022,Marseille,5
2021-12-04,Sat,Ligue 1,Away,D,1.0,1.0,Lens,,13.0,6.0,9.0,12.0,2.0,0.0,2.0,0.0,2022,Paris SG,5
2021-12-04,Sat,Ligue 1,Away,L,1.0,2.0,Lille,,7.0,3.0,9.0,11.0,4.0,0.0,3.0,0.0,2022,Troyes,5
2021-12-05,Sun,Ligue 1,Away,W,2.0,1.0,Reims,,13.0,4.0,13.0,8.0,3.0,0.0,4.0,1.0,2022,Angers,6
2021-12-05,Sun,Ligue 1,Home,D,2.0,2.0,Lyon,,12.0,5.0,11.0,9.0,0.0,0.0,0.0,0.0,2022,Bordeaux,6
2021-12-05,Sun,Ligue 1,Away,L,0.0,1.0,Montpellier,,10.0,3.0,15.0,19.0,3.0,1.0,3.0,0.0,2022,Clermont,6
2021-12-05,Sun,Ligue 1,Home,L,0.0,1.0,Nantes,,17.0,2.0,8.0,13.0,1.0,0.0,3.0,0.0,2022,Lorient,6
2021-12-05,Sun,Ligue 1,Away,D,2.0,2.0,Bordeaux,,19.0,5.0,9.0,11.0,0.0,0.0,0.0,0.0,2022,Lyon,6
2021-12-05,Sun,Ligue 1,Away,L,0.0,4.0,Monaco,,6.0,0.0,13.0,13.0,2.0,0.0,1.0,0.0,2022,Metz,6
2021-12-05,Sun,Ligue 1,Home,W,4.0,0.0,Metz,,8.0,5.0,13.0,13.0,1.0,0.0,2.0,0.0,2022,Monaco,6
2021-12-05,Sun,Ligue 1,Home,W,1.0,0.0,Clermont,,8.0,2.0,19.0,15.0,3.0,0.0,3.0,1.0,2022,Montpellier,6
2021-12-05,Sun,Ligue 1,Away,W,1.0,0.0,Lorient,,5.0,1.0,13.0,8.0,3.0,0.0,1.0,0.0,2022,Nantes,6
2021-12-05,Sun,Ligue 1,Home,L,0.0,3.0,Strasbourg,,12.0,5.0,9.0,14.0,3.0,0.0,3.0,0.0,2022,Nice,6
2021-12-05,Sun,Ligue 1,Home,L,1.0,2.0,Angers,,5.0,2.0,8.0,13.0,4.0,1.0,3.0,0.0,2022,Reims,6
2021-12-05,Sun,Ligue 1,Away,W,5.0,0.0,St Etienne,,18.0,10.0,7.0,10.0,0.0,0.0,1.0,0.0,2022,Rennes,6
2021-12-05,Sun,Ligue 1,Home,L,0.0,5.0,Rennes,,12.0,2.0,10.0,7.0,1.0,0.0,0.0,0.0,2022,St Etienne,6
2021-12-05,Sun,Ligue 1,Away,W,3.0,0.0,Nice,,15.0,5.0,14.0,9.0,3.0,0.0,3.0,0.0,2022,Strasbourg,6
2021-12-10,Fri,Ligue 1,Away,L,2.0,3.0,Nantes,,4.0,2.0,10.0,10.0,3.0,0.0,3.0,0.0,2022,Lens,4
2021-12-10,Fri,Ligue 1,Home,W,3.0,2.0,Lens,,15.0,5.0,10.0,10.0,3.0,0.0,3.0,0.0,2022,Nantes,4
2021-12-11,Sat,Ligue 1,Home,L,0.0,4.0,Montpellier,,17.0,6.0,16.0,6.0,2.0,0.0,1.0,0.0,2022,Brest,5
2021-12-11,Sat,Ligue 1,Away,W,4.0,0.0,Brest,,9.0,4.0,6.0,16.0,1.0,0.0,2.0,0.0,2022,Montpellier,5
2021-12-11,Sat,Ligue 1,Home,W,2.0,0.0,St Etienne,,17.0,6.0,19.0,16.0,2.0,0.0,2.0,1.0,2022,Reims,5
2021-12-11,Sat,Ligue 1,Away,L,0.0,2.0,Reims,,4.0,0.0,16.0,19.0,2.0,1.0,2.0,0.0,2022,St Etienne,5
2021-12-12,Sun,Ligue 1,Home,L,0.0,1.0,Clermont,,12.0,3.0,8.0,12.0,1.0,0.0,2.0,0.0,2022,Angers,6
2021-12-12,Sun,Ligue 1,Away,W,2.0,1.0,Troyes,,8.0,4.0,15.0,11.0,3.0,0.0,3.0,0.0,2022,Bordeaux,6
2021-12-12,Sun,Ligue 1,Away,W,1.0,0.0,Angers,,17.0,3.0,12.0,8.0,2.0,0.0,1.0,0.0,2022,Clermont,6
2021-12-12,Sun,Ligue 1,Home,D,0.0,0.0,Lyon,,14.0,2.0,11.0,15.0,2.0,0.0,6.0,0.0,2022,Lille,6
2021-12-12,Sun,Ligue 1,Away,L,1.0,4.0,Metz,,17.0,6.0,8.0,10.0,2.0,0.0,2.0,0.0,2022,Lorient,6
2021-12-12,Sun,Ligue 1,Away,D,0.0,0.0,Lille,,13.0,2.0,15.0,11.0,6.0,0.0,2.0,0.0,2022,Lyon,6
2021-12-12,Sun,Ligue 1,Away,W,2.0,0.0,Strasbourg,,8.0,3.0,12.0,10.0,1.0,0.0,2.0,0.0,2022,Marseille,6
2021-12-12,Sun,Ligue 1,Home,W,4.0,1.0,Lorient,,5.0,3.0,10.0,8.0,2.0,0.0,2.0,0.0,2022,Metz,6
2021-12-12,Sun,Ligue 1,Away,L,0.0,2.0,Paris SG,,13.0,3.0,15.0,8.0,4.0,0.0,3.0,0.0,2022,Monaco,6
2021-12-12,Sun,Ligue 1,Away,W,2.0,1.0,Rennes,,7.0,3.0,11.0,10.0,4.0,0.0,1.0,0.0,2022,Nice,6
2021-12-12,Sun,Ligue 1,Home,W,2.0,0.0,Monaco,,9.0,2.0,8.0,15.0,3.0,0.0,4.0,0.0,2022,Paris SG,6
2021-12-12,Sun,Ligue 1,Home,L,1.0,2.0,Nice,,20.0,8.0,10.0,11.0,1.0,0.0,4.0,0.0,2022,Rennes,6
2021-12-12,Sun,Ligue 1,Home,L,0.0,2.0,Marseille,,11.0,3.0,10.0,12.0,2.0,0.0,1.0,0.0,2022,Strasbourg,6
2021-12-12,Sun,Ligue 1,Home,L,1.0,2.0,Bordeaux,,21.0,3.0,11.0,15.0,3.0,0.0,3.0,0.0,2022,Troyes,6
2021-12-22,Wed,Ligue 1,Away,L,1.0,4.0,Montpellier,,13.0,6.0,13.0,13.0,1.0,0.0,1.0,0.0,2022,Angers,2
2021-12-22,Wed,Ligue 1,Home,L,2.0,3.0,Lille,,12.0,3.0,10.0,7.0,1.0,0.0,3.0,0.0,2022,Bordeaux,2
2021-12-22,Wed,Ligue 1,Away,D,1.0,1.0,Troyes,,8.0,2.0,10.0,16.0,1.0,0.0,4.0,1.0,2022,Brest,2
2021-12-22,Wed,Ligue 1,Away,L,1.0,2.0,Nice,,8.0,4.0,9.0,7.0,2.0,0.0,0.0,0.0,2022,Lens,2
2021-12-22,Wed,Ligue 1,Away,W,3.0,2.0,Bordeaux,,12.0,3.0,7.0,10.0,3.0,0.0,1.0,0.0,2022,Lille,2
2021-12-22,Wed,Ligue 1,Home,D,1.0,1.0,Paris SG,,17.0,5.0,6.0,8.0,1.0,0.0,3.0,1.0,2022,Lorient,2
2021-12-22,Wed,Ligue 1,Home,D,1.0,1.0,Metz,,18.0,6.0,12.0,19.0,2.0,0.0,3.0,0.0,2022,Lyon,2
2021-12-22,Wed,Ligue 1,Home,D,1.0,1.0,Reims,,14.0,5.0,12.0,6.0,4.0,1.0,4.0,1.0,2022,Marseille,2
2021-12-22,Wed,Ligue 1,Away,D,1.0,1.0,Lyon,,6.0,2.0,19.0,12.0,3.0,0.0,2.0,0.0,2022,Metz,2
2021-12-22,Wed,Ligue 1,Home,W,2.0,1.0,Rennes,,11.0,3.0,11.0,9.0,2.0,0.0,1.0,0.0,2022,Monaco,2
2021-12-22,Wed,Ligue 1,Home,W,4.0,1.0,Angers,,9.0,6.0,13.0,13.0,1.0,0.0,1.0,0.0,2022,Montpellier,2
2021-12-22,Wed,Ligue 1,Away,W,1.0,0.0,St Etienne,,8.0,3.0,12.0,13.0,1.0,0.0,1.0,0.0,2022,Nantes,2
2021-12-22,Wed,Ligue 1,Home,W,2.0,1.0,Lens,,9.0,3.0,7.0,9.0,0.0,0.0,2.0,0.0,2022,Nice,2
2021-12-22,Wed,Ligue 1,Away,D,1.0,1.0,Lorient,,17.0,4.0,8.0,6.0,3.0,1.0,1.0,0.0,2022,Paris SG,2
2021-12-22,Wed,Ligue 1,Away,D,1.0,1.0,Marseille,,7.0,2.0,6.0,12.0,4.0,1.0,4.0,1.0,2022,Reims,2
2021-12-22,Wed,Ligue 1,Away,L,1.0,2.0,Monaco,,16.0,6.0,9.0,11.0,1.0,0.0,2.0,0.0,2022,Rennes,2
2021-12-22,Wed,Ligue 1,Home,L,0.0,1.0,Nantes,,13.0,6.0,13.0,12.0,1.0,0.0,1.0,0.0,2022,St Etienne,2
2021-12-22,Wed,Ligue 1,Home,D,1.0,1.0,Brest,,15.0,4.0,16.0,10.0,4.0,1.0,1.0,0.0,2022,Troyes,2
2022-01-07,Fri,Ligue 1,Home,L,0.0,1.0,Marseille,,6.0,2.0,13.0,7.0,1.0,0.0,1.0,0.0,2022,Bordeaux,4
2022-01-07,Fri,Ligue 1,Away,W,1.0,0.0,Bordeaux,,18.0,6.0,7.0,13.0,1.0,0.0,1.0,0.0,2022,Marseille,4
2022-01-08,Sat,Ligue 1,Home,W,1.0,0.0,Rennes,,11.0,4.0,5.0,6.0,1.0,0.0,1.0,0.0,2022,Lens,5
2022-01-08,Sat,Ligue 1,Away,L,0.0,1.0,Lens,,5.0,0.0,6.0,5.0,1.0,0.0,1.0,0.0,2022,Rennes,5
2022-01-09,Sun,Ligue 1,Home,L,0.0,3.0,Nice,,26.0,10.0,5.0,11.0,0.0,0.0,3.0,1.0,2022,Brest,6
2022-01-09,Sun,Ligue 1,Home,D,0.0,0.0,Reims,,12.0,7.0,13.0,24.0,1.0,1.0,3.0,0.0,2022,Clermont,6
2022-01-09,Sun,Ligue 1,Home,D,1.0,1.0,Paris SG,,11.0,4.0,18.0,13.0,2.0,0.0,2.0,0.0,2022,Lyon,6
2022-01-09,Sun,Ligue 1,Home,L,0.0,2.0,Strasbourg,,7.0,1.0,11.0,6.0,1.0,0.0,1.0,0.0,2022,Metz,6
2022-01-09,Sun,Ligue 1,Away,D,0.0,0.0,Nantes,,9.0,1.0,12.0,17.0,2.0,0.0,1.0,0.0,2022,Monaco,6
2022-01-09,Sun,Ligue 1,Home,D,0.0,0.0,Monaco,,8.0,4.0,17.0,12.0,1.0,0.0,2.0,0.0,2022,Nantes,6
2022-01-09,Sun,Ligue 1,Away,W,3.0,0.0,Brest,,9.0,4.0,11.0,5.0,3.0,1.0,0.0,0.0,2022,Nice,6
2022-01-09,Sun,Ligue 1,Away,D,1.0,1.0,Lyon,,15.0,3.0,13.0,18.0,2.0,0.0,2.0,0.0,2022,Paris SG,6
2022-01-09,Sun,Ligue 1,Away,D,0.0,0.0,Clermont,,7.0,2.0,24.0,13.0,3.0,0.0,1.0,1.0,2022,Reims,6
2022-01-09,Sun,Ligue 1,Away,W,2.0,0.0,Metz,,19.0,7.0,6.0,11.0,1.0,0.0,1.0,0.0,2022,Strasbourg,6
2022-01-14,Fri,Ligue 1,Away,L,1.0,2.0,Nice,,11.0,3.0,17.0,8.0,1.0,0.0,2.0,0.0,2022,Nantes,4
2022-01-14,Fri,Ligue 1,Home,W,2.0,1.0,Nantes,,13.0,5.0,8.0,17.0,2.0,0.0,1.0,0.0,2022,Nice,4
2022-01-15,Sat,Ligue 1,Away,L,0.0,2.0,Paris SG,,6.0,3.0,8.0,10.0,3.0,0.0,5.0,0.0,2022,Brest,5
2022-01-15,Sat,Ligue 1,Away,W,2.0,1.0,St Etienne,,14.0,4.0,13.0,9.0,1.0,0.0,1.0,0.0,2022,Lens,5
2022-01-15,Sat,Ligue 1,Home,W,2.0,0.0,Brest,,20.0,9.0,10.0,8.0,5.0,0.0,3.0,0.0,2022,Paris SG,5
2022-01-15,Sat,Ligue 1,Home,L,1.0,2.0,Lens,,13.0,4.0,9.0,13.0,1.0,0.0,1.0,0.0,2022,St Etienne,5
2022-01-16,Sun,Ligue 1,Away,D,0.0,0.0,Lorient,,5.0,0.0,9.0,12.0,1.0,1.0,3.0,0.0,2022,Angers,6
2022-01-16,Sun,Ligue 1,Away,L,0.0,6.0,Rennes,,5.0,1.0,9.0,9.0,5.0,1.0,1.0,0.0,2022,Bordeaux,6
2022-01-16,Sun,Ligue 1,Away,L,0.0,4.0,Monaco,,6.0,1.0,10.0,9.0,1.0,0.0,0.0,0.0,2022,Clermont,6
2022-01-16,Sun,Ligue 1,Away,D,1.0,1.0,Marseille,,5.0,4.0,11.0,11.0,5.0,1.0,1.0,0.0,2022,Lille,6
2022-01-16,Sun,Ligue 1,Home,D,0.0,0.0,Angers,,14.0,4.0,12.0,9.0,3.0,0.0,1.0,1.0,2022,Lorient,6
2022-01-16,Sun,Ligue 1,Away,W,1.0,0.0,Troyes,,19.0,8.0,12.0,9.0,1.0,0.0,2.0,0.0,2022,Lyon,6
2022-01-16,Sun,Ligue 1,Home,D,1.0,1.0,Lille,,22.0,7.0,11.0,11.0,1.0,0.0,5.0,1.0,2022,Marseille,6
2022-01-16,Sun,Ligue 1,Away,W,1.0,0.0,Reims,,17.0,5.0,16.0,14.0,4.0,0.0,4.0,0.0,2022,Metz,6
2022-01-16,Sun,Ligue 1,Home,W,4.0,0.0,Clermont,,20.0,10.0,9.0,10.0,0.0,0.0,1.0,0.0,2022,Monaco,6
2022-01-16,Sun,Ligue 1,Away,L,1.0,3.0,Strasbourg,,9.0,5.0,9.0,18.0,2.0,1.0,2.0,0.0,2022,Montpellier,6
2022-01-16,Sun,Ligue 1,Home,L,0.0,1.0,Metz,,14.0,2.0,14.0,16.0,4.0,0.0,4.0,0.0,2022,Reims,6
2022-01-16,Sun,Ligue 1,Home,W,6.0,0.0,Bordeaux,,19.0,11.0,9.0,9.0,1.0,0.0,5.0,1.0,2022,Rennes,6
2022-01-16,Sun,Ligue 1,Home,W,3.0,1.0,Montpellier,,19.0,8.0,18.0,9.0,2.0,0.0,2.0,1.0,2022,Strasbourg,6
2022-01-16,Sun,Ligue 1,Home,L,0.0,1.0,Lyon,,6.0,2.0,9.0,12.0,2.0,0.0,1.0,0.0,2022,Troyes,6
2022-01-19,Wed,Ligue 1,Home,L,0.0,2.0,Strasbourg,,7.0,1.0,8.0,11.0,2.0,0.0,0.0,0.0,2022,Clermont,2
2022-01-19,Wed,Ligue 1,Home,W,3.0,1.0,Lorient,,13.0,5.0,8.0,11.0,0.0,0.0,0.0,0.0,2022,Lille,2
2022-01-19,Wed,Ligue 1,Away,L,1.0,3.0,Lille,,18.0,5.0,11.0,8.0,0.0,0.0,0.0,0.0,2022,Lorient,2
2022-01-19,Wed,Ligue 1,Home,L,0.0,1.0,Troyes,,11.0,2.0,12.0,10.0,5.0,1.0,1.0,0.0,2022,Montpellier,2
2022-01-19,Wed,Ligue 1,Away,W,2.0,0.0,Clermont,,15.0,5.0,11.0,8.0,0.0,0.0,2.0,0.0,2022,Strasbourg,2
2022-01-19,Wed,Ligue 1,Away,W,1.0,0.0,Montpellier,,13.0,5.0,10.0,12.0,1.0,0.0,5.0,1.0,2022,Troyes,2
2022-01-21,Fri,Ligue 1,Home,W,1.0,0.0,St Etienne,,11.0,4.0,15.0,17.0,1.0,0.0,4.0,0.0,2022,Lyon,4
2022-01-21,Fri,Ligue 1,Away,L,0.0,1.0,Lyon,,4.0,1.0,17.0,15.0,4.0,0.0,1.0,0.0,2022,St Etienne,4
2022-01-22,Sat,Ligue 1,Home,W,2.0,0.0,Lille,,9.0,3.0,7.0,10.0,2.0,0.0,3.0,0.0,2022,Brest,5
2022-01-22,Sat,Ligue 1,Home,L,0.0,2.0,Marseille,,9.0,3.0,7.0,6.0,3.0,0.0,2.0,0.0,2022,Lens,5
2022-01-22,Sat,Ligue 1,Away,L,0.0,2.0,Brest,,17.0,5.0,10.0,7.0,3.0,0.0,2.0,0.0,2022,Lille,5
2022-01-22,Sat,Ligue 1,Away,W,2.0,0.0,Lens,,10.0,7.0,6.0,7.0,2.0,0.0,3.0,0.0,2022,Marseille,5
2022-01-23,Sun,Ligue 1,Home,W,2.0,1.0,Troyes,,10.0,3.0,16.0,21.0,1.0,0.0,3.0,0.0,2022,Angers,6
2022-01-23,Sun,Ligue 1,Home,W,4.0,3.0,Strasbourg,,13.0,6.0,11.0,11.0,5.0,0.0,2.0,0.0,2022,Bordeaux,6
2022-01-23,Sun,Ligue 1,Home,W,2.0,1.0,Rennes,,12.0,4.0,9.0,17.0,2.0,0.0,3.0,0.0,2022,Clermont,6
2022-01-23,Sun,Ligue 1,Away,L,2.0,4.0,Nantes,,15.0,6.0,10.0,12.0,0.0,0.0,3.0,0.0,2022,Lorient,6
2022-01-23,Sun,Ligue 1,Home,L,0.0,2.0,Nice,,8.0,1.0,14.0,6.0,3.0,0.0,1.0,0.0,2022,Metz,6
2022-01-23,Sun,Ligue 1,Away,L,2.0,3.0,Montpellier,,17.0,7.0,10.0,10.0,2.0,0.0,2.0,0.0,2022,Monaco,6
2022-01-23,Sun,Ligue 1,Home,W,3.0,2.0,Monaco,,15.0,7.0,10.0,10.0,2.0,0.0,2.0,0.0,2022,Montpellier,6
2022-01-23,Sun,Ligue 1,Home,W,4.0,2.0,Lorient,,12.0,8.0,12.0,10.0,3.0,0.0,0.0,0.0,2022,Nantes,6
2022-01-23,Sun,Ligue 1,Away,W,2.0,0.0,Metz,,7.0,6.0,6.0,14.0,1.0,0.0,3.0,0.0,2022,Nice,6
2022-01-23,Sun,Ligue 1,Home,W,4.0,0.0,Reims,,22.0,8.0,6.0,10.0,0.0,0.0,1.0,0.0,2022,Paris SG,6
2022-01-23,Sun,Ligue 1,Away,L,0.0,4.0,Paris SG,,7.0,3.0,10.0,6.0,1.0,0.0,0.0,0.0,2022,Reims,6
2022-01-23,Sun,Ligue 1,Away,L,1.0,2.0,Clermont,,13.0,4.0,17.0,9.0,3.0,0.0,2.0,0.0,2022,Rennes,6
2022-01-23,Sun,Ligue 1,Away,L,3.0,4.0,Bordeaux,,18.0,6.0,11.0,11.0,2.0,0.0,5.0,0.0,2022,Strasbourg,6
2022-01-23,Sun,Ligue 1,Away,L,1.0,2.0,Angers,,11.0,6.0,21.0,16.0,3.0,0.0,1.0,0.0,2022,Troyes,6
2022-01-26,Wed,Ligue 1,Home,L,0.0,1.0,St Etienne,,7.0,4.0,7.0,13.0,1.0,0.0,1.0,0.0,2022,Angers,2
2022-01-26,Wed,Ligue 1,Away,W,1.0,0.0,Angers,,8.0,5.0,13.0,7.0,1.0,0.0,1.0,0.0,2022,St Etienne,2
2022-02-01,Tue,Ligue 1,Home,W,2.0,1.0,Marseille,,12.0,4.0,8.0,8.0,0.0,0.0,0.0,0.0,2022,Lyon,1
2022-02-01,Tue,Ligue 1,Away,L,1.0,2.0,Lyon,,9.0,1.0,8.0,8.0,0.0,0.0,0.0,0.0,2022,Marseille,1
2022-02-04,Fri,Ligue 1,Away,L,2.0,5.0,Marseille,,4.0,2.0,13.0,13.0,3.0,0.0,0.0,0.0,2022,Angers,4
2022-02-04,Fri,Ligue 1,Home,W,5.0,2.0,Angers,,18.0,8.0,13.0,13.0,0.0,0.0,3.0,0.0,2022,Marseille,4
2022-02-05,Sat,Ligue 1,Away,L,0.0,2.0,Monaco,,19.0,5.0,14.0,17.0,2.0,0.0,1.0,0.0,2022,Lyon,5
2022-02-05,Sat,Ligue 1,Home,W,2.0,0.0,Lyon,,10.0,6.0,17.0,14.0,1.0,0.0,2.0,0.0,2022,Monaco,5
2022-02-05,Sat,Ligue 1,Away,L,1.0,3.0,St Etienne,,3.0,2.0,4.0,11.0,0.0,0.0,1.0,0.0,2022,Montpellier,5
2022-02-05,Sat,Ligue 1,Home,W,3.0,1.0,Montpellier,,27.0,8.0,11.0,4.0,1.0,0.0,0.0,0.0,2022,St Etienne,5
2022-02-06,Sun,Ligue 1,Away,L,0.0,5.0,Reims,,6.0,0.0,12.0,5.0,1.0,1.0,0.0,0.0,2022,Bordeaux,6
2022-02-06,Sun,Ligue 1,Away,L,0.0,2.0,Rennes,,5.0,1.0,8.0,11.0,1.0,0.0,3.0,0.0,2022,Brest,6
2022-02-06,Sun,Ligue 1,Away,W,1.0,0.0,Nice,,14.0,5.0,9.0,10.0,1.0,0.0,1.0,0.0,2022,Clermont,6
2022-02-06,Sun,Ligue 1,Away,L,0.0,2.0,Lorient,,8.0,0.0,11.0,14.0,3.0,0.0,0.0,0.0,2022,Lens,6
2022-02-06,Sun,Ligue 1,Home,L,1.0,5.0,Paris SG,,10.0,5.0,19.0,9.0,2.0,0.0,1.0,0.0,2022,Lille,6
2022-02-06,Sun,Ligue 1,Home,W,2.0,0.0,Lens,,8.0,3.0,14.0,11.0,0.0,0.0,3.0,0.0,2022,Lorient,6
2022-02-06,Sun,Ligue 1,Away,D,0.0,0.0,Troyes,,6.0,0.0,14.0,8.0,2.0,0.0,1.0,0.0,2022,Metz,6
2022-02-06,Sun,Ligue 1,Away,L,0.0,1.0,Strasbourg,,10.0,2.0,8.0,7.0,3.0,0.0,3.0,0.0,2022,Nantes,6
2022-02-06,Sun,Ligue 1,Home,L,0.0,1.0,Clermont,,7.0,3.0,10.0,9.0,1.0,0.0,1.0,0.0,2022,Nice,6
2022-02-06,Sun,Ligue 1,Away,W,5.0,1.0,Lille,,18.0,7.0,9.0,19.0,1.0,0.0,2.0,0.0,2022,Paris SG,6
2022-02-06,Sun,Ligue 1,Home,W,5.0,0.0,Bordeaux,,16.0,7.0,5.0,12.0,0.0,0.0,1.0,1.0,2022,Reims,6
2022-02-06,Sun,Ligue 1,Home,W,2.0,0.0,Brest,,19.0,8.0,11.0,8.0,3.0,0.0,1.0,0.0,2022,Rennes,6
2022-02-06,Sun,Ligue 1,Home,W,1.0,0.0,Nantes,,13.0,3.0,7.0,8.0,3.0,0.0,3.0,0.0,2022,Strasbourg,6
2022-02-06,Sun,Ligue 1,Home,D,0.0,0.0,Metz,,9.0,2.0,8.0,14.0,1.0,0.0,2.0,0.0,2022,Troyes,6
2022-02-11,Fri,Ligue 1,Home,W,1.0,0.0,Rennes,,12.0,1.0,13.0,10.0,2.0,0.0,1.0,0.0,2022,Paris SG,4
2022-02-11,Fri,Ligue 1,Away,L,0.0,1.0,Paris SG,,13.0,1.0,10.0,13.0,1.0,0.0,2.0,0.0,2022,Rennes,4
2022-02-12,Sat,Ligue 1,Away,W,1.0,0.0,Montpellier,,16.0,7.0,15.0,13.0,4.0,0.0,3.0,0.0,2022,Lille,5
2022-02-12,Sat,Ligue 1,Home,W,2.0,0.0,Nice,,12.0,8.0,11.0,9.0,0.0,0.0,1.0,0.0,2022,Lyon,5
2022-02-12,Sat,Ligue 1,Home,L,0.0,1.0,Lille,,16.0,5.0,13.0,15.0,3.0,0.0,4.0,0.0,2022,Montpellier,5
2022-02-12,Sat,Ligue 1,Away,L,0.0,2.0,Lyon,,1.0,1.0,9.0,11.0,1.0,0.0,0.0,0.0,2022,Nice,5
2022-02-13,Sun,Ligue 1,Home,L,0.0,1.0,Strasbourg,,9.0,2.0,20.0,11.0,3.0,0.0,1.0,0.0,2022,Angers,6
2022-02-13,Sun,Ligue 1,Away,L,2.0,3.0,Lens,,10.0,4.0,7.0,9.0,2.0,0.0,3.0,0.0,2022,Bordeaux,6
2022-02-13,Sun,Ligue 1,Home,W,5.0,1.0,Troyes,,12.0,5.0,13.0,11.0,1.0,0.0,1.0,0.0,2022,Brest,6
2022-02-13,Sun,Ligue 1,Home,L,1.0,2.0,St Etienne,,9.0,3.0,16.0,10.0,4.0,0.0,1.0,0.0,2022,Clermont,6
2022-02-13,Sun,Ligue 1,Home,W,3.0,2.0,Bordeaux,,9.0,7.0,9.0,7.0,3.0,0.0,2.0,0.0,2022,Lens,6
2022-02-13,Sun,Ligue 1,Away,D,0.0,0.0,Monaco,,5.0,1.0,11.0,18.0,2.0,0.0,3.0,0.0,2022,Lorient,6
2022-02-13,Sun,Ligue 1,Away,W,2.0,1.0,Metz,,13.0,5.0,6.0,11.0,2.0,0.0,2.0,0.0,2022,Marseille,6
2022-02-13,Sun,Ligue 1,Home,L,1.0,2.0,Marseille,,11.0,4.0,11.0,6.0,2.0,0.0,2.0,0.0,2022,Metz,6
2022-02-13,Sun,Ligue 1,Home,D,0.0,0.0,Lorient,,15.0,4.0,18.0,11.0,3.0,0.0,2.0,0.0,2022,Monaco,6
2022-02-13,Sun,Ligue 1,Home,W,1.0,0.0,Reims,,11.0,3.0,17.0,8.0,1.0,0.0,0.0,1.0,2022,Nantes,6
2022-02-13,Sun,Ligue 1,Away,L,0.0,1.0,Nantes,,7.0,4.0,8.0,17.0,0.0,1.0,1.0,0.0,2022,Reims,6
2022-02-13,Sun,Ligue 1,Away,W,2.0,1.0,Clermont,,6.0,3.0,10.0,16.0,1.0,0.0,4.0,0.0,2022,St Etienne,6
2022-02-13,Sun,Ligue 1,Away,W,1.0,0.0,Angers,,8.0,2.0,11.0,20.0,1.0,0.0,3.0,0.0,2022,Strasbourg,6
2022-02-13,Sun,Ligue 1,Away,L,1.0,5.0,Brest,,5.0,2.0,11.0,13.0,1.0,0.0,1.0,0.0,2022,Troyes,6
2022-02-18,Fri,Ligue 1,Home,D,0.0,0.0,Metz,,13.0,1.0,10.0,13.0,4.0,1.0,4.0,1.0,2022,Lille,4
2022-02-18,Fri,Ligue 1,Away,D,0.0,0.0,Lille,,7.0,0.0,13.0,10.0,4.0,1.0,4.0,1.0,2022,Metz,4
2022-02-19,Sat,Ligue 1,Home,D,1.0,1.0,Lyon,,12.0,6.0,8.0,10.0,0.0,0.0,2.0,0.0,2022,Lens,5
2022-02-19,Sat,Ligue 1,Away,D,1.0,1.0,Lens,,10.0,2.0,10.0,8.0,2.0,0.0,0.0,0.0,2022,Lyon,5
2022-02-19,Sat,Ligue 1,Home,W,3.0,1.0,Paris SG,,13.0,7.0,16.0,10.0,2.0,0.0,6.0,0.0,2022,Nantes,5
2022-02-19,Sat,Ligue 1,Away,L,1.0,3.0,Nantes,,16.0,9.0,10.0,16.0,6.0,0.0,2.0,0.0,2022,Paris SG,5
2022-02-20,Sun,Ligue 1,Away,L,0.0,1.0,Nice,,11.0,2.0,17.0,11.0,2.0,0.0,2.0,0.0,2022,Angers,6
2022-02-20,Sun,Ligue 1,Home,D,1.0,1.0,Monaco,,11.0,3.0,13.0,13.0,3.0,0.0,4.0,1.0,2022,Bordeaux,6
2022-02-20,Sun,Ligue 1,Away,D,1.0,1.0,Reims,,15.0,4.0,17.0,10.0,2.0,0.0,1.0,0.0,2022,Brest,6
2022-02-20,Sun,Ligue 1,Away,W,2.0,0.0,Marseille,,4.0,3.0,9.0,11.0,2.0,0.0,2.0,0.0,2022,Clermont,6
2022-02-20,Sun,Ligue 1,Home,L,0.0,1.0,Montpellier,,16.0,3.0,15.0,9.0,2.0,0.0,2.0,0.0,2022,Lorient,6
2022-02-20,Sun,Ligue 1,Home,L,0.0,2.0,Clermont,,18.0,4.0,11.0,9.0,2.0,0.0,2.0,0.0,2022,Marseille,6
2022-02-20,Sun,Ligue 1,Away,D,1.0,1.0,Bordeaux,,13.0,4.0,13.0,13.0,4.0,1.0,3.0,0.0,2022,Monaco,6
2022-02-20,Sun,Ligue 1,Away,W,1.0,0.0,Lorient,,6.0,5.0,9.0,15.0,2.0,0.0,2.0,0.0,2022,Montpellier,6
2022-02-20,Sun,Ligue 1,Home,W,1.0,0.0,Angers,,9.0,5.0,11.0,17.0,2.0,0.0,2.0,0.0,2022,Nice,6
2022-02-20,Sun,Ligue 1,Home,D,1.0,1.0,Brest,,8.0,2.0,10.0,17.0,1.0,0.0,2.0,0.0,2022,Reims,6
2022-02-20,Sun,Ligue 1,Home,W,4.0,1.0,Troyes,,17.0,8.0,11.0,16.0,1.0,0.0,4.0,0.0,2022,Rennes,6
2022-02-20,Sun,Ligue 1,Home,D,2.0,2.0,Strasbourg,,9.0,4.0,12.0,5.0,3.0,0.0,2.0,0.0,2022,St Etienne,6
2022-02-20,Sun,Ligue 1,Away,D,2.0,2.0,St Etienne,,8.0,4.0,5.0,12.0,2.0,0.0,3.0,0.0,2022,Strasbourg,6
2022-02-20,Sun,Ligue 1,Away,L,1.0,4.0,Rennes,,4.0,1.0,16.0,11.0,4.0,0.0,1.0,0.0,2022,Troyes,6
2022-02-25,Fri,Ligue 1,Home,L,2.0,4.0,Rennes,,12.0,5.0,11.0,11.0,3.0,0.0,2.0,0.0,2022,Montpellier,4
2022-02-25,Fri,Ligue 1,Away,W,4.0,2.0,Montpellier,,11.0,9.0,11.0,11.0,2.0,0.0,3.0,0.0,2022,Rennes,4
2022-02-26,Sat,Ligue 1,Away,D,0.0,0.0,Strasbourg,,3.0,0.0,12.0,9.0,2.0,1.0,1.0,0.0,2022,Nice,5
2022-02-26,Sat,Ligue 1,Home,W,3.0,1.0,St Etienne,,21.0,8.0,9.0,13.0,2.0,0.0,1.0,0.0,2022,Paris SG,5
2022-02-26,Sat,Ligue 1,Away,L,1.0,3.0,Paris SG,,13.0,6.0,13.0,9.0,1.0,0.0,2.0,0.0,2022,St Etienne,5
2022-02-26,Sat,Ligue 1,Home,D,0.0,0.0,Nice,,17.0,6.0,9.0,12.0,1.0,0.0,2.0,1.0,2022,Strasbourg,5
2022-02-27,Sun,Ligue 1,Home,L,1.0,2.0,Lens,,13.0,4.0,13.0,16.0,4.0,1.0,3.0,0.0,2022,Angers,6
2022-02-27,Sun,Ligue 1,Away,D,1.0,1.0,Clermont,,10.0,3.0,13.0,5.0,2.0,0.0,1.0,0.0,2022,Bordeaux,6
2022-02-27,Sun,Ligue 1,Home,L,0.0,1.0,Lorient,,4.0,0.0,12.0,15.0,2.0,1.0,4.0,0.0,2022,Brest,6
2022-02-27,Sun,Ligue 1,Home,D,1.0,1.0,Bordeaux,,9.0,3.0,5.0,13.0,1.0,0.0,2.0,0.0,2022,Clermont,6
2022-02-27,Sun,Ligue 1,Away,W,2.0,1.0,Angers,,8.0,2.0,16.0,13.0,3.0,0.0,4.0,1.0,2022,Lens,6
2022-02-27,Sun,Ligue 1,Away,W,1.0,0.0,Lyon,,6.0,2.0,15.0,13.0,2.0,0.0,3.0,0.0,2022,Lille,6
2022-02-27,Sun,Ligue 1,Away,W,1.0,0.0,Brest,,17.0,8.0,15.0,12.0,4.0,0.0,2.0,1.0,2022,Lorient,6
2022-02-27,Sun,Ligue 1,Home,L,0.0,1.0,Lille,,20.0,8.0,13.0,15.0,3.0,0.0,2.0,0.0,2022,Lyon,6
2022-02-27,Sun,Ligue 1,Away,D,1.0,1.0,Troyes,,8.0,3.0,8.0,15.0,3.0,0.0,5.0,0.0,2022,Marseille,6
2022-02-27,Sun,Ligue 1,Home,D,0.0,0.0,Nantes,,8.0,0.0,14.0,15.0,1.0,1.0,2.0,0.0,2022,Metz,6
2022-02-27,Sun,Ligue 1,Home,L,1.0,2.0,Reims,,18.0,5.0,15.0,12.0,3.0,1.0,2.0,0.0,2022,Monaco,6
2022-02-27,Sun,Ligue 1,Away,D,0.0,0.0,Metz,,12.0,3.0,15.0,14.0,2.0,0.0,1.0,1.0,2022,Nantes,6
2022-02-27,Sun,Ligue 1,Away,W,2.0,1.0,Monaco,,12.0,7.0,12.0,15.0,2.0,0.0,3.0,1.0,2022,Reims,6
2022-02-27,Sun,Ligue 1,Home,D,1.0,1.0,Marseille,,9.0,3.0,15.0,8.0,5.0,0.0,3.0,0.0,2022,Troyes,6
2022-03-04,Fri,Ligue 1,Home,L,1.0,4.0,Lyon,,15.0,6.0,9.0,14.0,1.0,0.0,0.0,0.0,2022,Lorient,4
2022-03-04,Fri,Ligue 1,Away,W,4.0,1.0,Lorient,,15.0,7.0,14.0,9.0,0.0,0.0,1.0,0.0,2022,Lyon,4
2022-03-05,Sat,Ligue 1,Away,W,1.0,0.0,Lens,,5.0,3.0,11.0,14.0,1.0,0.0,1.0,0.0,2022,Brest,5
2022-03-05,Sat,Ligue 1,Home,L,0.0,1.0,Brest,,20.0,6.0,14.0,11.0,1.0,0.0,1.0,0.0,2022,Lens,5
2022-03-05,Sat,Ligue 1,Home,W,1.0,0.0,Paris SG,,11.0,6.0,15.0,10.0,1.0,0.0,0.0,0.0,2022,Nice,5
2022-03-05,Sat,Ligue 1,Away,L,0.0,1.0,Nice,,8.0,2.0,10.0,15.0,0.0,0.0,1.0,0.0,2022,Paris SG,5
2022-03-06,Sun,Ligue 1,Away,L,0.0,2.0,Rennes,,7.0,2.0,7.0,11.0,1.0,0.0,1.0,0.0,2022,Angers,6
2022-03-06,Sun,Ligue 1,Home,L,0.0,2.0,Troyes,,10.0,3.0,18.0,15.0,6.0,0.0,1.0,1.0,2022,Bordeaux,6
2022-03-06,Sun,Ligue 1,Away,L,0.0,4.0,Lille,,9.0,1.0,9.0,15.0,3.0,1.0,1.0,0.0,2022,Clermont,6
2022-03-06,Sun,Ligue 1,Home,W,4.0,0.0,Clermont,,15.0,8.0,15.0,9.0,1.0,0.0,3.0,1.0,2022,Lille,6
2022-03-06,Sun,Ligue 1,Home,L,0.0,1.0,Monaco,,13.0,2.0,13.0,9.0,2.0,0.0,1.0,0.0,2022,Marseille,6
2022-03-06,Sun,Ligue 1,Away,L,0.0,1.0,St Etienne,,5.0,2.0,18.0,11.0,4.0,0.0,3.0,0.0,2022,Metz,6
2022-03-06,Sun,Ligue 1,Away,W,1.0,0.0,Marseille,,5.0,3.0,9.0,13.0,1.0,0.0,2.0,0.0,2022,Monaco,6
2022-03-06,Sun,Ligue 1,Away,L,0.0,2.0,Nantes,,6.0,1.0,11.0,11.0,1.0,0.0,1.0,0.0,2022,Montpellier,6
2022-03-06,Sun,Ligue 1,Home,W,2.0,0.0,Montpellier,,16.0,5.0,11.0,11.0,1.0,0.0,1.0,0.0,2022,Nantes,6
2022-03-06,Sun,Ligue 1,Home,D,1.0,1.0,Strasbourg,,8.0,1.0,6.0,11.0,0.0,0.0,2.0,0.0,2022,Reims,6
2022-03-06,Sun,Ligue 1,Home,W,2.0,0.0,Angers,,15.0,4.0,11.0,7.0,1.0,0.0,1.0,0.0,2022,Rennes,6
2022-03-06,Sun,Ligue 1,Home,W,1.0,0.0,Metz,,13.0,5.0,11.0,18.0,3.0,0.0,4.0,0.0,2022,St Etienne,6
2022-03-06,Sun,Ligue 1,Away,D,1.0,1.0,Reims,,17.0,6.0,11.0,6.0,2.0,0.0,0.0,0.0,2022,Strasbourg,6
2022-03-06,Sun,Ligue 1,Away,W,2.0,0.0,Bordeaux,,10.0,2.0,15.0,18.0,1.0,1.0,6.0,0.0,2022,Troyes,6
2022-03-11,Fri,Ligue 1,Home,D,0.0,0.0,St Etienne,,10.0,2.0,14.0,12.0,1.0,0.0,1.0,0.0,2022,Lille,4
2022-03-11,Fri,Ligue 1,Away,D,0.0,0.0,Lille,,11.0,3.0,12.0,14.0,1.0,0.0,1.0,0.0,2022,St Etienne,4
2022-03-12,Sat,Ligue 1,Home,D,0.0,0.0,Nice,,24.0,7.0,10.0,8.0,3.0,0.0,2.0,1.0,2022,Montpellier,5
2022-03-12,Sat,Ligue 1,Away,L,0.0,1.0,Troyes,,6.0,1.0,16.0,7.0,1.0,0.0,1.0,0.0,2022,Nantes,5
2022-03-12,Sat,Ligue 1,Away,D,0.0,0.0,Montpellier,,8.0,0.0,8.0,10.0,2.0,1.0,3.0,0.0,2022,Nice,5
2022-03-12,Sat,Ligue 1,Home,W,1.0,0.0,Nantes,,11.0,2.0,7.0,16.0,1.0,0.0,1.0,0.0,2022,Troyes,5
2022-03-13,Sun,Ligue 1,Home,L,0.0,1.0,Reims,,20.0,7.0,19.0,8.0,6.0,1.0,3.0,1.0,2022,Angers,6
2022-03-13,Sun,Ligue 1,Away,L,0.0,3.0,Paris SG,,15.0,5.0,9.0,4.0,2.0,0.0,1.0,0.0,2022,Bordeaux,6
2022-03-13,Sun,Ligue 1,Home,L,1.0,4.0,Marseille,,8.0,2.0,11.0,14.0,1.0,0.0,4.0,0.0,2022,Brest,6
2022-03-13,Sun,Ligue 1,Home,L,0.0,2.0,Lorient,,10.0,1.0,14.0,14.0,1.0,0.0,2.0,0.0,2022,Clermont,6
2022-03-13,Sun,Ligue 1,Away,D,0.0,0.0,Metz,,11.0,0.0,14.0,11.0,2.0,0.0,5.0,0.0,2022,Lens,6
2022-03-13,Sun,Ligue 1,Away,W,2.0,0.0,Clermont,,9.0,6.0,14.0,14.0,2.0,0.0,1.0,0.0,2022,Lorient,6
2022-03-13,Sun,Ligue 1,Home,L,2.0,4.0,Rennes,,11.0,2.0,8.0,12.0,2.0,0.0,3.0,0.0,2022,Lyon,6
2022-03-13,Sun,Ligue 1,Away,W,4.0,1.0,Brest,,13.0,7.0,14.0,11.0,4.0,0.0,1.0,0.0,2022,Marseille,6
2022-03-13,Sun,Ligue 1,Home,D,0.0,0.0,Lens,,6.0,3.0,11.0,14.0,5.0,0.0,2.0,0.0,2022,Metz,6
2022-03-13,Sun,Ligue 1,Away,L,0.0,1.0,Strasbourg,,5.0,0.0,13.0,10.0,2.0,0.0,1.0,0.0,2022,Monaco,6
2022-03-13,Sun,Ligue 1,Home,W,3.0,0.0,Bordeaux,,12.0,5.0,4.0,9.0,1.0,0.0,2.0,0.0,2022,Paris SG,6
2022-03-13,Sun,Ligue 1,Away,W,1.0,0.0,Angers,,10.0,3.0,8.0,19.0,3.0,1.0,6.0,1.0,2022,Reims,6
2022-03-13,Sun,Ligue 1,Away,W,4.0,2.0,Lyon,,10.0,7.0,12.0,8.0,3.0,0.0,2.0,0.0,2022,Rennes,6
2022-03-13,Sun,Ligue 1,Home,W,1.0,0.0,Monaco,,11.0,3.0,10.0,13.0,1.0,0.0,2.0,0.0,2022,Strasbourg,6
2022-03-18,Fri,Ligue 1,Home,D,1.0,1.0,Troyes,,10.0,3.0,13.0,9.0,2.0,0.0,2.0,0.0,2022,St Etienne,4
2022-03-18,Fri,Ligue 1,Away,D,1.0,1.0,St Etienne,,8.0,4.0,9.0,13.0,2.0,0.0,2.0,0.0,2022,Troyes,4
2022-03-19,Sat,Ligue 1,Away,L,1.0,3.0,Lens,,10.0,3.0,12.0,15.0,1.0,0.0,1.0,0.0,2022,Clermont,5
2022-03-19,Sat,Ligue 1,Home,W,3.0,1.0,Clermont,,20.0,7.0,15.0,12.0,1.0,0.0,1.0,0.0,2022,Lens,5
2022-03-19,Sat,Ligue 1,Away,W,1.0,0.0,Nantes,,12.0,4.0,15.0,19.0,4.0,1.0,3.0,0.0,2022,Lille,5
2022-03-19,Sat,Ligue 1,Home,L,0.0,1.0,Lille,,11.0,3.0,19.0,15.0,3.0,0.0,4.0,1.0,2022,Nantes,5
2022-03-20,Sun,Ligue 1,Home,W,1.0,0.0,Brest,,9.0,3.0,11.0,9.0,2.0,0.0,1.0,0.0,2022,Angers,6
2022-03-20,Sun,Ligue 1,Home,L,0.0,2.0,Montpellier,,32.0,10.0,18.0,7.0,3.0,0.0,0.0,2.0,2022,Bordeaux,6
2022-03-20,Sun,Ligue 1,Away,L,0.0,1.0,Angers,,16.0,2.0,9.0,11.0,1.0,0.0,2.0,0.0,2022,Brest,6
2022-03-20,Sun,Ligue 1,Home,D,0.0,0.0,Strasbourg,,9.0,2.0,11.0,18.0,2.0,0.0,2.0,0.0,2022,Lorient,6
2022-03-20,Sun,Ligue 1,Away,D,0.0,0.0,Reims,,10.0,2.0,13.0,12.0,3.0,0.0,0.0,0.0,2022,Lyon,6
2022-03-20,Sun,Ligue 1,Home,W,2.0,1.0,Nice,,13.0,6.0,12.0,11.0,2.0,0.0,2.0,0.0,2022,Marseille,6
2022-03-20,Sun,Ligue 1,Away,L,1.0,6.0,Rennes,,2.0,1.0,11.0,13.0,2.0,0.0,1.0,0.0,2022,Metz,6
2022-03-20,Sun,Ligue 1,Home,W,3.0,0.0,Paris SG,,13.0,8.0,17.0,10.0,3.0,0.0,3.0,0.0,2022,Monaco,6
2022-03-20,Sun,Ligue 1,Away,W,2.0,0.0,Bordeaux,,7.0,2.0,7.0,18.0,0.0,2.0,3.0,0.0,2022,Montpellier,6
2022-03-20,Sun,Ligue 1,Away,L,1.0,2.0,Marseille,,9.0,3.0,11.0,12.0,2.0,0.0,2.0,0.0,2022,Nice,6
2022-03-20,Sun,Ligue 1,Away,L,0.0,3.0,Monaco,,13.0,6.0,10.0,17.0,3.0,0.0,3.0,0.0,2022,Paris SG,6
2022-03-20,Sun,Ligue 1,Home,D,0.0,0.0,Lyon,,5.0,2.0,12.0,13.0,0.0,0.0,3.0,0.0,2022,Reims,6
2022-03-20,Sun,Ligue 1,Home,W,6.0,1.0,Metz,,21.0,8.0,13.0,11.0,1.0,0.0,2.0,0.0,2022,Rennes,6
2022-03-20,Sun,Ligue 1,Away,D,0.0,0.0,Lorient,,13.0,4.0,18.0,11.0,2.0,0.0,2.0,0.0,2022,Strasbourg,6
2022-04-02,Sat,Ligue 1,Away,D,0.0,0.0,Lille,,2.0,0.0,15.0,13.0,4.0,1.0,2.0,0.0,2022,Bordeaux,5
2022-04-02,Sat,Ligue 1,Home,D,0.0,0.0,Bordeaux,,22.0,6.0,13.0,15.0,2.0,0.0,4.0,1.0,2022,Lille,5
2022-04-02,Sat,Ligue 1,Home,D,1.0,1.0,Rennes,,10.0,3.0,12.0,12.0,2.0,0.0,1.0,0.0,2022,Nice,5
2022-04-02,Sat,Ligue 1,Away,D,1.0,1.0,Nice,,13.0,4.0,12.0,12.0,1.0,0.0,2.0,0.0,2022,Rennes,5
2022-04-03,Sun,Ligue 1,Away,L,2.0,3.0,Lyon,,7.0,4.0,13.0,4.0,1.0,0.0,1.0,0.0,2022,Angers,6
2022-04-03,Sun,Ligue 1,Away,W,2.0,1.0,Montpellier,,12.0,6.0,14.0,16.0,4.0,0.0,2.0,0.0,2022,Brest,6
2022-04-03,Sun,Ligue 1,Home,L,2.0,3.0,Nantes,,12.0,4.0,10.0,10.0,5.0,1.0,1.0,0.0,2022,Clermont,6
2022-04-03,Sun,Ligue 1,Away,L,0.0,1.0,Strasbourg,,13.0,2.0,10.0,8.0,1.0,0.0,3.0,0.0,2022,Lens,6
2022-04-03,Sun,Ligue 1,Away,L,1.0,5.0,Paris SG,,11.0,4.0,14.0,7.0,1.0,0.0,2.0,0.0,2022,Lorient,6
2022-04-03,Sun,Ligue 1,Home,W,3.0,2.0,Angers,,15.0,5.0,4.0,13.0,1.0,0.0,1.0,0.0,2022,Lyon,6
2022-04-03,Sun,Ligue 1,Away,W,4.0,2.0,St Etienne,,15.0,9.0,12.0,14.0,1.0,0.0,2.0,0.0,2022,Marseille,6
2022-04-03,Sun,Ligue 1,Home,L,1.0,2.0,Monaco,,17.0,4.0,6.0,9.0,0.0,0.0,0.0,0.0,2022,Metz,6
2022-04-03,Sun,Ligue 1,Away,W,2.0,1.0,Metz,,14.0,4.0,9.0,6.0,0.0,0.0,0.0,0.0,2022,Monaco,6
2022-04-03,Sun,Ligue 1,Home,L,1.0,2.0,Brest,,9.0,3.0,16.0,14.0,2.0,0.0,4.0,0.0,2022,Montpellier,6
2022-04-03,Sun,Ligue 1,Away,W,3.0,2.0,Clermont,,9.0,4.0,10.0,10.0,1.0,0.0,5.0,1.0,2022,Nantes,6
2022-04-03,Sun,Ligue 1,Home,W,5.0,1.0,Lorient,,15.0,7.0,7.0,14.0,2.0,0.0,1.0,0.0,2022,Paris SG,6
2022-04-03,Sun,Ligue 1,Away,L,0.0,1.0,Troyes,,10.0,4.0,11.0,15.0,4.0,1.0,1.0,0.0,2022,Reims,6
2022-04-03,Sun,Ligue 1,Home,L,2.0,4.0,Marseille,,5.0,2.0,14.0,12.0,2.0,0.0,1.0,0.0,2022,St Etienne,6
2022-04-03,Sun,Ligue 1,Home,W,1.0,0.0,Lens,,13.0,3.0,8.0,10.0,3.0,0.0,1.0,0.0,2022,Strasbourg,6
2022-04-03,Sun,Ligue 1,Home,W,1.0,0.0,Reims,,19.0,5.0,15.0,11.0,1.0,0.0,4.0,1.0,2022,Troyes,6
2022-04-08,Fri,Ligue 1,Home,W,6.0,2.0,St Etienne,,18.0,12.0,18.0,18.0,2.0,0.0,5.0,1.0,2022,Lorient,4
2022-04-08,Fri,Ligue 1,Away,L,2.0,6.0,Lorient,,13.0,4.0,18.0,18.0,5.0,1.0,2.0,0.0,2022,St Etienne,4
2022-04-09,Sat,Ligue 1,Home,L,1.0,6.0,Paris SG,,10.0,4.0,8.0,7.0,1.0,0.0,1.0,0.0,2022,Clermont,5
2022-04-09,Sat,Ligue 1,Away,W,6.0,1.0,Clermont,,17.0,10.0,7.0,8.0,1.0,0.0,1.0,0.0,2022,Paris SG,5
2022-04-09,Sat,Ligue 1,Home,L,2.0,3.0,Rennes,,15.0,7.0,15.0,7.0,2.0,0.0,0.0,0.0,2022,Reims,5
2022-04-09,Sat,Ligue 1,Away,W,3.0,2.0,Reims,,14.0,8.0,7.0,15.0,0.0,0.0,2.0,0.0,2022,Rennes,5
2022-04-10,Sun,Ligue 1,Home,D,1.0,1.0,Lille,,13.0,3.0,10.0,12.0,3.0,0.0,2.0,0.0,2022,Angers,6
2022-04-10,Sun,Ligue 1,Home,W,3.0,1.0,Metz,,12.0,7.0,15.0,15.0,3.0,0.0,2.0,0.0,2022,Bordeaux,6
2022-04-10,Sun,Ligue 1,Home,D,1.0,1.0,Nantes,,12.0,6.0,10.0,13.0,1.0,0.0,3.0,0.0,2022,Brest,6
2022-04-10,Sun,Ligue 1,Home,W,3.0,0.0,Nice,,6.0,3.0,8.0,15.0,2.0,1.0,4.0,2.0,2022,Lens,6
2022-04-10,Sun,Ligue 1,Away,D,1.0,1.0,Angers,,17.0,3.0,12.0,10.0,2.0,0.0,3.0,0.0,2022,Lille,6
2022-04-10,Sun,Ligue 1,Away,D,1.0,1.0,Strasbourg,,13.0,3.0,14.0,19.0,1.0,0.0,3.0,0.0,2022,Lyon,6
2022-04-10,Sun,Ligue 1,Home,W,2.0,0.0,Montpellier,,11.0,5.0,12.0,13.0,0.0,0.0,2.0,1.0,2022,Marseille,6
2022-04-10,Sun,Ligue 1,Away,L,1.0,3.0,Bordeaux,,9.0,2.0,15.0,15.0,2.0,0.0,3.0,0.0,2022,Metz,6
2022-04-10,Sun,Ligue 1,Home,W,2.0,1.0,Troyes,,11.0,3.0,12.0,9.0,2.0,0.0,2.0,0.0,2022,Monaco,6
2022-04-10,Sun,Ligue 1,Away,L,0.0,2.0,Marseille,,6.0,2.0,13.0,12.0,2.0,1.0,0.0,0.0,2022,Montpellier,6
2022-04-10,Sun,Ligue 1,Away,D,1.0,1.0,Brest,,12.0,5.0,13.0,10.0,3.0,0.0,1.0,0.0,2022,Nantes,6
2022-04-10,Sun,Ligue 1,Away,L,0.0,3.0,Lens,,16.0,6.0,15.0,8.0,4.0,2.0,2.0,1.0,2022,Nice,6
2022-04-10,Sun,Ligue 1,Home,D,1.0,1.0,Lyon,,15.0,4.0,19.0,14.0,3.0,0.0,1.0,0.0,2022,Strasbourg,6
2022-04-10,Sun,Ligue 1,Away,L,1.0,2.0,Monaco,,8.0,1.0,9.0,12.0,2.0,0.0,2.0,0.0,2022,Troyes,6
2022-04-15,Fri,Ligue 1,Away,W,3.0,2.0,Rennes,,12.0,4.0,15.0,7.0,3.0,0.0,1.0,0.0,2022,Monaco,4
2022-04-15,Fri,Ligue 1,Home,L,2.0,3.0,Monaco,,13.0,4.0,7.0,15.0,1.0,0.0,3.0,0.0,2022,Rennes,4
2022-04-16,Sat,Ligue 1,Away,L,1.0,2.0,St Etienne,,7.0,3.0,10.0,10.0,2.0,0.0,0.0,0.0,2022,Brest,5
2022-04-16,Sat,Ligue 1,Away,W,2.0,1.0,Lille,,11.0,7.0,9.0,12.0,2.0,0.0,3.0,0.0,2022,Lens,5
2022-04-16,Sat,Ligue 1,Home,L,1.0,2.0,Lens,,17.0,5.0,12.0,9.0,3.0,0.0,2.0,0.0,2022,Lille,5
2022-04-16,Sat,Ligue 1,Home,W,2.0,1.0,Brest,,11.0,4.0,10.0,10.0,0.0,0.0,2.0,0.0,2022,St Etienne,5
2022-04-17,Sun,Ligue 1,Away,D,1.0,1.0,Nantes,,10.0,3.0,10.0,12.0,1.0,0.0,4.0,0.0,2022,Angers,6
2022-04-17,Sun,Ligue 1,Away,L,1.0,6.0,Lyon,,17.0,5.0,13.0,8.0,0.0,0.0,0.0,0.0,2022,Bordeaux,6
2022-04-17,Sun,Ligue 1,Away,D,1.0,1.0,Metz,,26.0,4.0,11.0,15.0,1.0,0.0,1.0,1.0,2022,Clermont,6
2022-04-17,Sun,Ligue 1,Away,L,1.0,2.0,Nice,,6.0,1.0,12.0,10.0,1.0,0.0,2.0,0.0,2022,Lorient,6
2022-04-17,Sun,Ligue 1,Home,W,6.0,1.0,Bordeaux,,15.0,9.0,8.0,13.0,0.0,0.0,0.0,0.0,2022,Lyon,6
2022-04-17,Sun,Ligue 1,Away,L,1.0,2.0,Paris SG,,3.0,1.0,12.0,16.0,1.0,0.0,6.0,0.0,2022,Marseille,6
2022-04-17,Sun,Ligue 1,Home,D,1.0,1.0,Clermont,,4.0,2.0,15.0,11.0,1.0,1.0,1.0,0.0,2022,Metz,6
2022-04-17,Sun,Ligue 1,Home,D,0.0,0.0,Reims,,14.0,3.0,9.0,12.0,0.0,0.0,3.0,0.0,2022,Montpellier,6
2022-04-17,Sun,Ligue 1,Home,D,1.0,1.0,Angers,,24.0,7.0,12.0,10.0,4.0,0.0,1.0,0.0,2022,Nantes,6
2022-04-17,Sun,Ligue 1,Home,W,2.0,1.0,Lorient,,15.0,2.0,10.0,12.0,2.0,0.0,1.0,0.0,2022,Nice,6
2022-04-17,Sun,Ligue 1,Home,W,2.0,1.0,Marseille,,7.0,3.0,16.0,12.0,6.0,0.0,1.0,0.0,2022,Paris SG,6
2022-04-17,Sun,Ligue 1,Away,D,0.0,0.0,Montpellier,,15.0,9.0,12.0,9.0,3.0,0.0,0.0,0.0,2022,Reims,6
2022-04-17,Sun,Ligue 1,Away,D,1.0,1.0,Troyes,,12.0,4.0,19.0,12.0,2.0,0.0,1.0,0.0,2022,Strasbourg,6
2022-04-17,Sun,Ligue 1,Home,D,1.0,1.0,Strasbourg,,11.0,3.0,12.0,19.0,1.0,0.0,2.0,0.0,2022,Troyes,6
2022-04-20,Wed,Ligue 1,Home,L,0.0,3.0,Paris SG,,8.0,1.0,5.0,10.0,1.0,0.0,2.0,1.0,2022,Angers,2
2022-04-20,Wed,Ligue 1,Home,D,2.0,2.0,St Etienne,,11.0,7.0,17.0,18.0,5.0,0.0,6.0,0.0,2022,Bordeaux,2
2022-04-20,Wed,Ligue 1,Home,W,2.0,1.0,Lyon,,9.0,3.0,15.0,12.0,2.0,0.0,2.0,0.0,2022,Brest,2
2022-04-20,Wed,Ligue 1,Away,W,1.0,0.0,Troyes,,3.0,1.0,15.0,11.0,6.0,1.0,3.0,1.0,2022,Clermont,2
2022-04-20,Wed,Ligue 1,Home,W,2.0,0.0,Montpellier,,12.0,5.0,11.0,10.0,1.0,0.0,0.0,0.0,2022,Lens,2
2022-04-20,Wed,Ligue 1,Away,L,1.0,2.0,Reims,,20.0,5.0,8.0,13.0,1.0,0.0,1.0,0.0,2022,Lille,2
2022-04-20,Wed,Ligue 1,Home,W,1.0,0.0,Metz,,15.0,5.0,13.0,17.0,2.0,0.0,2.0,0.0,2022,Lorient,2
2022-04-20,Wed,Ligue 1,Away,L,1.0,2.0,Brest,,18.0,5.0,12.0,15.0,2.0,0.0,2.0,0.0,2022,Lyon,2
2022-04-20,Wed,Ligue 1,Home,W,3.0,2.0,Nantes,,19.0,5.0,10.0,15.0,2.0,0.0,5.0,1.0,2022,Marseille,2
2022-04-20,Wed,Ligue 1,Away,L,0.0,1.0,Lorient,,20.0,5.0,17.0,13.0,2.0,0.0,2.0,0.0,2022,Metz,2
2022-04-20,Wed,Ligue 1,Home,W,1.0,0.0,Nice,,17.0,7.0,19.0,11.0,5.0,0.0,2.0,0.0,2022,Monaco,2
2022-04-20,Wed,Ligue 1,Away,L,0.0,2.0,Lens,,9.0,4.0,10.0,11.0,0.0,0.0,1.0,0.0,2022,Montpellier,2
2022-04-20,Wed,Ligue 1,Away,L,2.0,3.0,Marseille,,4.0,3.0,15.0,10.0,5.0,1.0,2.0,0.0,2022,Nantes,2
2022-04-20,Wed,Ligue 1,Away,L,0.0,1.0,Monaco,,15.0,2.0,11.0,19.0,2.0,0.0,5.0,0.0,2022,Nice,2
2022-04-20,Wed,Ligue 1,Away,W,3.0,0.0,Angers,,15.0,8.0,10.0,5.0,2.0,1.0,1.0,0.0,2022,Paris SG,2
2022-04-20,Wed,Ligue 1,Home,W,2.0,1.0,Lille,,10.0,4.0,13.0,8.0,1.0,0.0,1.0,0.0,2022,Reims,2
2022-04-20,Wed,Ligue 1,Away,L,1.0,2.0,Strasbourg,,10.0,3.0,11.0,16.0,2.0,0.0,1.0,0.0,2022,Rennes,2
2022-04-20,Wed,Ligue 1,Away,D,2.0,2.0,Bordeaux,,9.0,2.0,18.0,17.0,6.0,0.0,5.0,0.0,2022,St Etienne,2
2022-04-20,Wed,Ligue 1,Home,W,2.0,1.0,Rennes,,13.0,5.0,16.0,11.0,1.0,0.0,2.0,0.0,2022,Strasbourg,2
2022-04-20,Wed,Ligue 1,Home,L,0.0,1.0,Clermont,,16.0,3.0,11.0,15.0,3.0,1.0,6.0,1.0,2022,Troyes,2
2022-04-23,Sat,Ligue 1,Away,D,1.0,1.0,Paris SG,,8.0,3.0,12.0,17.0,2.0,1.0,4.0,0.0,2022,Lens,5
2022-04-23,Sat,Ligue 1,Home,W,5.0,2.0,Montpellier,,27.0,13.0,13.0,10.0,2.0,0.0,2.0,0.0,2022,Lyon,5
2022-04-23,Sat,Ligue 1,Away,W,4.0,1.0,St Etienne,,12.0,6.0,19.0,11.0,3.0,0.0,2.0,0.0,2022,Monaco,5
2022-04-23,Sat,Ligue 1,Away,L,2.0,5.0,Lyon,,11.0,7.0,10.0,13.0,2.0,0.0,2.0,0.0,2022,Montpellier,5
2022-04-23,Sat,Ligue 1,Home,D,1.0,1.0,Lens,,18.0,7.0,17.0,12.0,4.0,0.0,2.0,1.0,2022,Paris SG,5
2022-04-23,Sat,Ligue 1,Home,L,1.0,4.0,Monaco,,8.0,4.0,11.0,19.0,2.0,0.0,3.0,0.0,2022,St Etienne,5
2022-04-24,Sun,Ligue 1,Away,D,2.0,2.0,Clermont,,9.0,5.0,21.0,10.0,6.0,1.0,0.0,0.0,2022,Angers,6
2022-04-24,Sun,Ligue 1,Away,L,3.0,5.0,Nantes,,20.0,7.0,15.0,12.0,1.0,0.0,1.0,0.0,2022,Bordeaux,6
2022-04-24,Sun,Ligue 1,Away,W,1.0,0.0,Metz,,16.0,3.0,17.0,16.0,0.0,0.0,4.0,2.0,2022,Brest,6
2022-04-24,Sun,Ligue 1,Home,D,2.0,2.0,Angers,,12.0,6.0,10.0,21.0,0.0,0.0,6.0,1.0,2022,Clermont,6
2022-04-24,Sun,Ligue 1,Home,W,1.0,0.0,Strasbourg,,11.0,3.0,18.0,18.0,2.0,0.0,3.0,0.0,2022,Lille,6
2022-04-24,Sun,Ligue 1,Away,L,0.0,5.0,Rennes,,12.0,2.0,10.0,10.0,0.0,0.0,1.0,1.0,2022,Lorient,6
2022-04-24,Sun,Ligue 1,Away,W,1.0,0.0,Reims,,14.0,3.0,7.0,14.0,1.0,0.0,1.0,0.0,2022,Marseille,6
2022-04-24,Sun,Ligue 1,Home,L,0.0,1.0,Brest,,10.0,0.0,16.0,17.0,4.0,2.0,0.0,0.0,2022,Metz,6
2022-04-24,Sun,Ligue 1,Home,W,5.0,3.0,Bordeaux,,15.0,6.0,12.0,15.0,1.0,0.0,1.0,0.0,2022,Nantes,6
2022-04-24,Sun,Ligue 1,Home,W,1.0,0.0,Troyes,,18.0,3.0,18.0,11.0,0.0,0.0,1.0,0.0,2022,Nice,6
2022-04-24,Sun,Ligue 1,Home,L,0.0,1.0,Marseille,,10.0,3.0,14.0,7.0,1.0,0.0,1.0,0.0,2022,Reims,6
2022-04-24,Sun,Ligue 1,Home,W,5.0,0.0,Lorient,,10.0,7.0,10.0,10.0,1.0,1.0,0.0,0.0,2022,Rennes,6
2022-04-24,Sun,Ligue 1,Away,L,0.0,1.0,Lille,,11.0,3.0,18.0,18.0,3.0,0.0,2.0,0.0,2022,Strasbourg,6
2022-04-24,Sun,Ligue 1,Away,L,0.0,1.0,Nice,,9.0,3.0,11.0,18.0,1.0,0.0,0.0,0.0,2022,Troyes,6
2022-04-29,Fri,Ligue 1,Away,D,3.0,3.0,Strasbourg,,14.0,6.0,6.0,15.0,3.0,0.0,3.0,0.0,2022,Paris SG,4
2022-04-29,Fri,Ligue 1,Home,D,3.0,3.0,Paris SG,,14.0,2.0,15.0,6.0,3.0,0.0,3.0,0.0,2022,Strasbourg,4
2022-04-30,Sat,Ligue 1,Home,D,2.0,2.0,Nantes,,20.0,5.0,7.0,11.0,0.0,1.0,5.0,0.0,2022,Lens,5
2022-04-30,Sat,Ligue 1,Away,D,2.0,2.0,Lens,,13.0,5.0,11.0,7.0,5.0,0.0,0.0,1.0,2022,Nantes,5
2022-04-30,Sat,Ligue 1,Home,W,2.0,0.0,St Etienne,,13.0,3.0,11.0,15.0,1.0,0.0,4.0,0.0,2022,Rennes,5
2022-04-30,Sat,Ligue 1,Away,L,0.0,2.0,Rennes,,8.0,3.0,15.0,11.0,4.0,0.0,1.0,0.0,2022,St Etienne,5
2022-05-01,Sun,Ligue 1,Away,L,0.0,2.0,Monaco,,11.0,5.0,12.0,14.0,2.0,0.0,2.0,0.0,2022,Angers,6
2022-05-01,Sun,Ligue 1,Home,L,0.0,1.0,Nice,,5.0,1.0,10.0,12.0,1.0,0.0,2.0,0.0,2022,Bordeaux,6
2022-05-01,Sun,Ligue 1,Home,W,2.0,0.0,Clermont,,8.0,4.0,7.0,16.0,2.0,1.0,2.0,0.0,2022,Brest,6
2022-05-01,Sun,Ligue 1,Away,L,0.0,2.0,Brest,,16.0,7.0,16.0,7.0,2.0,0.0,2.0,1.0,2022,Clermont,6
2022-05-01,Sun,Ligue 1,Away,L,0.0,3.0,Troyes,,10.0,1.0,13.0,9.0,4.0,2.0,0.0,0.0,2022,Lille,6
2022-05-01,Sun,Ligue 1,Home,L,1.0,2.0,Reims,,20.0,8.0,15.0,13.0,2.0,0.0,1.0,0.0,2022,Lorient,6
2022-05-01,Sun,Ligue 1,Away,W,3.0,0.0,Marseille,,12.0,5.0,13.0,5.0,1.0,0.0,2.0,0.0,2022,Lyon,6
2022-05-01,Sun,Ligue 1,Home,L,0.0,3.0,Lyon,,9.0,2.0,5.0,13.0,2.0,0.0,1.0,0.0,2022,Marseille,6
2022-05-01,Sun,Ligue 1,Away,D,2.0,2.0,Montpellier,,17.0,5.0,15.0,9.0,3.0,0.0,2.0,0.0,2022,Metz,6
2022-05-01,Sun,Ligue 1,Home,W,2.0,0.0,Angers,,15.0,7.0,14.0,12.0,2.0,0.0,2.0,0.0,2022,Monaco,6
2022-05-01,Sun,Ligue 1,Home,D,2.0,2.0,Metz,,18.0,6.0,9.0,15.0,2.0,0.0,3.0,0.0,2022,Montpellier,6
2022-05-01,Sun,Ligue 1,Away,W,1.0,0.0,Bordeaux,,14.0,3.0,12.0,10.0,2.0,0.0,1.0,0.0,2022,Nice,6
2022-05-01,Sun,Ligue 1,Away,W,2.0,1.0,Lorient,,12.0,2.0,13.0,15.0,1.0,0.0,2.0,0.0,2022,Reims,6
2022-05-01,Sun,Ligue 1,Home,W,3.0,0.0,Lille,,9.0,5.0,9.0,13.0,0.0,0.0,4.0,2.0,2022,Troyes,6
2022-05-06,Fri,Ligue 1,Home,L,1.0,2.0,Monaco,,15.0,5.0,10.0,8.0,4.0,0.0,1.0,0.0,2022,Lille,4
2022-05-06,Fri,Ligue 1,Away,W,2.0,1.0,Lille,,9.0,3.0,8.0,10.0,1.0,0.0,4.0,0.0,2022,Monaco,4
2022-05-07,Sat,Ligue 1,Home,L,0.0,1.0,Strasbourg,,7.0,2.0,5.0,15.0,1.0,0.0,2.0,0.0,2022,Brest,5
2022-05-07,Sat,Ligue 1,Away,W,1.0,0.0,Brest,,14.0,5.0,15.0,5.0,2.0,0.0,1.0,0.0,2022,Strasbourg,5
2022-05-08,Sun,Ligue 1,Home,W,4.0,1.0,Bordeaux,,13.0,8.0,14.0,18.0,1.0,0.0,5.0,0.0,2022,Angers,6
2022-05-08,Sun,Ligue 1,Away,L,1.0,4.0,Angers,,7.0,3.0,18.0,14.0,5.0,0.0,1.0,0.0,2022,Bordeaux,6
2022-05-08,Sun,Ligue 1,Home,W,2.0,1.0,Montpellier,,12.0,4.0,10.0,15.0,2.0,0.0,4.0,0.0,2022,Clermont,6
2022-05-08,Sun,Ligue 1,Away,W,2.0,1.0,Reims,,21.0,5.0,9.0,12.0,2.0,0.0,1.0,0.0,2022,Lens,6
2022-05-08,Sun,Ligue 1,Home,L,0.0,3.0,Marseille,,7.0,0.0,22.0,10.0,1.0,0.0,1.0,0.0,2022,Lorient,6
2022-05-08,Sun,Ligue 1,Away,L,2.0,3.0,Metz,,17.0,5.0,8.0,19.0,2.0,1.0,3.0,0.0,2022,Lyon,6
2022-05-08,Sun,Ligue 1,Away,W,3.0,0.0,Lorient,,9.0,6.0,10.0,22.0,1.0,0.0,1.0,0.0,2022,Marseille,6
2022-05-08,Sun,Ligue 1,Home,W,3.0,2.0,Lyon,,15.0,8.0,19.0,8.0,3.0,0.0,2.0,1.0,2022,Metz,6
2022-05-08,Sun,Ligue 1,Away,L,1.0,2.0,Clermont,,10.0,2.0,15.0,10.0,4.0,0.0,2.0,0.0,2022,Montpellier,6
2022-05-08,Sun,Ligue 1,Home,D,2.0,2.0,Troyes,,17.0,7.0,10.0,19.0,1.0,0.0,2.0,0.0,2022,Paris SG,6
2022-05-08,Sun,Ligue 1,Home,L,1.0,2.0,Lens,,7.0,2.0,12.0,9.0,1.0,0.0,2.0,0.0,2022,Reims,6
2022-05-08,Sun,Ligue 1,Away,D,2.0,2.0,Paris SG,,9.0,3.0,19.0,10.0,2.0,0.0,1.0,0.0,2022,Troyes,6
2022-05-11,Wed,Ligue 1,Home,W,2.0,1.0,Rennes,,9.0,3.0,13.0,9.0,2.0,0.0,1.0,0.0,2022,Nantes,2
2022-05-11,Wed,Ligue 1,Home,W,4.0,2.0,St Etienne,,14.0,7.0,10.0,13.0,2.0,0.0,3.0,0.0,2022,Nice,2
2022-05-11,Wed,Ligue 1,Away,L,1.0,2.0,Nantes,,17.0,5.0,9.0,13.0,1.0,0.0,2.0,0.0,2022,Rennes,2
2022-05-11,Wed,Ligue 1,Away,L,2.0,4.0,Nice,,12.0,6.0,13.0,10.0,3.0,0.0,2.0,0.0,2022,St Etienne,2
2022-05-14,Sat,Ligue 1,Away,L,0.0,1.0,Metz,,11.0,4.0,17.0,18.0,1.0,0.0,3.0,0.0,2022,Angers,5
2022-05-14,Sat,Ligue 1,Home,D,0.0,0.0,Lorient,,14.0,1.0,10.0,11.0,4.0,1.0,4.0,0.0,2022,Bordeaux,5
2022-05-14,Sat,Ligue 1,Away,L,2.0,4.0,Monaco,,10.0,5.0,12.0,10.0,1.0,0.0,2.0,0.0,2022,Brest,5
2022-05-14,Sat,Ligue 1,Away,L,0.0,1.0,Strasbourg,,11.0,3.0,9.0,13.0,2.0,0.0,1.0,0.0,2022,Clermont,5
2022-05-14,Sat,Ligue 1,Away,W,3.0,1.0,Troyes,,15.0,9.0,9.0,9.0,2.0,0.0,1.0,0.0,2022,Lens,5
2022-05-14,Sat,Ligue 1,Away,W,3.0,1.0,Nice,,9.0,5.0,9.0,11.0,3.0,0.0,2.0,0.0,2022,Lille,5
2022-05-14,Sat,Ligue 1,Away,D,0.0,0.0,Bordeaux,,13.0,2.0,11.0,10.0,4.0,0.0,4.0,1.0,2022,Lorient,5
2022-05-14,Sat,Ligue 1,Home,W,3.0,2.0,Nantes,,17.0,6.0,12.0,10.0,1.0,0.0,0.0,0.0,2022,Lyon,5
2022-05-14,Sat,Ligue 1,Away,L,0.0,2.0,Rennes,,8.0,0.0,8.0,14.0,2.0,0.0,1.0,0.0,2022,Marseille,5
2022-05-14,Sat,Ligue 1,Home,W,1.0,0.0,Angers,,7.0,2.0,18.0,17.0,3.0,0.0,1.0,0.0,2022,Metz,5
2022-05-14,Sat,Ligue 1,Home,W,4.0,2.0,Brest,,25.0,9.0,10.0,12.0,2.0,0.0,1.0,0.0,2022,Monaco,5
2022-05-14,Sat,Ligue 1,Home,L,0.0,4.0,Paris SG,,10.0,3.0,9.0,7.0,2.0,0.0,4.0,0.0,2022,Montpellier,5
2022-05-14,Sat,Ligue 1,Away,L,2.0,3.0,Lyon,,17.0,6.0,10.0,12.0,0.0,0.0,1.0,0.0,2022,Nantes,5
2022-05-14,Sat,Ligue 1,Home,L,1.0,3.0,Lille,,16.0,6.0,11.0,9.0,2.0,0.0,3.0,0.0,2022,Nice,5
2022-05-14,Sat,Ligue 1,Away,W,4.0,0.0,Montpellier,,15.0,9.0,7.0,9.0,4.0,0.0,2.0,0.0,2022,Paris SG,5
2022-05-14,Sat,Ligue 1,Away,W,2.0,1.0,St Etienne,,17.0,7.0,9.0,8.0,0.0,0.0,1.0,0.0,2022,Reims,5
2022-05-14,Sat,Ligue 1,Home,W,2.0,0.0,Marseille,,12.0,4.0,14.0,8.0,1.0,0.0,2.0,0.0,2022,Rennes,5
2022-05-14,Sat,Ligue 1,Home,L,1.0,2.0,Reims,,16.0,7.0,8.0,9.0,1.0,0.0,0.0,0.0,2022,St Etienne,5
2022-05-14,Sat,Ligue 1,Home,W,1.0,0.0,Clermont,,11.0,6.0,13.0,9.0,1.0,0.0,2.0,0.0,2022,Strasbourg,5
2022-05-14,Sat,Ligue 1,Home,L,1.0,3.0,Lens,,6.0,2.0,9.0,9.0,1.0,0.0,2.0,0.0,2022,Troyes,5
2022-05-21,Sat,Ligue 1,Home,W,2.0,0.0,Montpellier,,19.0,3.0,17.0,12.0,1.0,0.0,4.0,0.0,2022,Angers,5
2022-05-21,Sat,Ligue 1,Away,W,4.0,2.0,Brest,,15.0,7.0,12.0,10.0,0.0,0.0,1.0,0.0,2022,Bordeaux,5
2022-05-21,Sat,Ligue 1,Home,L,2.0,4.0,Bordeaux,,11.0,7.0,10.0,12.0,1.0,0.0,0.0,0.0,2022,Brest,5
2022-05-21,Sat,Ligue 1,Home,L,1.0,2.0,Lyon,,18.0,3.0,10.0,15.0,2.0,0.0,2.0,0.0,2022,Clermont,5
2022-05-21,Sat,Ligue 1,Home,D,2.0,2.0,Monaco,,28.0,10.0,5.0,7.0,2.0,0.0,3.0,0.0,2022,Lens,5
2022-05-21,Sat,Ligue 1,Home,D,2.0,2.0,Rennes,,13.0,4.0,12.0,0.0,2.0,0.0,2.0,0.0,2022,Lille,5
2022-05-21,Sat,Ligue 1,Home,D,1.0,1.0,Troyes,,17.0,6.0,18.0,10.0,2.0,0.0,2.0,1.0,2022,Lorient,5
2022-05-21,Sat,Ligue 1,Away,W,2.0,1.0,Clermont,,21.0,5.0,15.0,10.0,2.0,0.0,2.0,0.0,2022,Lyon,5
2022-05-21,Sat,Ligue 1,Home,W,4.0,0.0,Strasbourg,,17.0,11.0,11.0,16.0,2.0,0.0,1.0,0.0,2022,Marseille,5
2022-05-21,Sat,Ligue 1,Away,L,0.0,5.0,Paris SG,,4.0,1.0,12.0,7.0,2.0,1.0,1.0,0.0,2022,Metz,5
2022-05-21,Sat,Ligue 1,Away,D,2.0,2.0,Lens,,12.0,5.0,7.0,5.0,3.0,0.0,2.0,0.0,2022,Monaco,5
2022-05-21,Sat,Ligue 1,Away,L,0.0,2.0,Angers,,14.0,1.0,12.0,17.0,4.0,0.0,1.0,0.0,2022,Montpellier,5
2022-05-21,Sat,Ligue 1,Home,D,1.0,1.0,St Etienne,,12.0,5.0,8.0,9.0,2.0,0.0,0.0,0.0,2022,Nantes,5
2022-05-21,Sat,Ligue 1,Away,W,3.0,2.0,Reims,,17.0,6.0,14.0,8.0,2.0,0.0,0.0,0.0,2022,Nice,5
2022-05-21,Sat,Ligue 1,Home,W,5.0,0.0,Metz,,27.0,12.0,7.0,12.0,1.0,0.0,2.0,1.0,2022,Paris SG,5
2022-05-21,Sat,Ligue 1,Home,L,2.0,3.0,Nice,,5.0,4.0,8.0,14.0,0.0,0.0,2.0,0.0,2022,Reims,5
2022-05-21,Sat,Ligue 1,Away,D,2.0,2.0,Lille,,13.0,3.0,0.0,12.0,2.0,0.0,2.0,0.0,2022,Rennes,5
2022-05-21,Sat,Ligue 1,Away,D,1.0,1.0,Nantes,,13.0,3.0,9.0,8.0,0.0,0.0,2.0,0.0,2022,St Etienne,5
2022-05-21,Sat,Ligue 1,Away,L,0.0,4.0,Marseille,,10.0,4.0,16.0,11.0,1.0,0.0,2.0,0.0,2022,Strasbourg,5
2022-05-21,Sat,Ligue 1,Away,D,1.0,1.0,Lorient,,8.0,3.0,10.0,18.0,2.0,1.0,2.0,0.0,2022,Troyes,5
2022-08-05,Fri,Ligue 1,Away,L,1.0,2.0,Lyon,,8.0,4.0,18.0,10.0,6.0,1.0,1.0,1.0,2023,Ajaccio,4
2022-08-05,Fri,Ligue 1,Home,W,2.0,1.0,Ajaccio,,11.0,6.0,10.0,18.0,1.0,1.0,6.0,1.0,2023,Lyon,4
2022-08-06,Sat,Ligue 1,Home,L,0.0,5.0,Paris SG,,7.0,1.0,13.0,13.0,2.0,0.0,1.0,0.0,2023,Clermont,5
2022-08-06,Sat,Ligue 1,Away,W,2.0,1.0,Strasbourg,,24.0,11.0,15.0,18.0,2.0,0.0,0.0,0.0,2023,Monaco,5
2022-08-06,Sat,Ligue 1,Away,W,5.0,0.0,Clermont,,18.0,12.0,13.0,13.0,1.0,0.0,2.0,0.0,2023,Paris SG,5
2022-08-06,Sat,Ligue 1,Home,L,1.0,2.0,Monaco,,11.0,7.0,18.0,15.0,0.0,0.0,2.0,0.0,2023,Strasbourg,5
2022-08-07,Sun,Ligue 1,Home,D,0.0,0.0,Nantes,,16.0,6.0,15.0,13.0,3.0,0.0,3.0,0.0,2023,Angers,6
2022-08-07,Sun,Ligue 1,Away,L,1.0,4.0,Lille,,10.0,2.0,9.0,10.0,1.0,0.0,2.0,0.0,2023,Auxerre,6
2022-08-07,Sun,Ligue 1,Away,L,2.0,3.0,Lens,,6.0,4.0,14.0,16.0,4.0,0.0,2.0,0.0,2023,Brest,6
2022-08-07,Sun,Ligue 1,Home,W,3.0,2.0,Brest,,17.0,7.0,16.0,14.0,2.0,0.0,4.0,0.0,2023,Lens,6
2022-08-07,Sun,Ligue 1,Home,W,4.0,1.0,Auxerre,,16.0,7.0,10.0,9.0,2.0,0.0,1.0,0.0,2023,Lille,6
2022-08-07,Sun,Ligue 1,Away,W,1.0,0.0,Rennes,,8.0,2.0,5.0,11.0,1.0,0.0,3.0,0.0,2023,Lorient,6
2022-08-07,Sun,Ligue 1,Home,W,4.0,1.0,Reims,,16.0,6.0,14.0,10.0,2.0,0.0,0.0,0.0,2023,Marseille,6
2022-08-07,Sun,Ligue 1,Home,W,3.0,2.0,Troyes,,17.0,6.0,13.0,10.0,1.0,0.0,0.0,0.0,2023,Montpellier,6
2022-08-07,Sun,Ligue 1,Away,D,0.0,0.0,Angers,,14.0,4.0,13.0,15.0,3.0,0.0,3.0,0.0,2023,Nantes,6
2022-08-07,Sun,Ligue 1,Away,D,1.0,1.0,Toulouse,,11.0,4.0,8.0,10.0,2.0,0.0,1.0,0.0,2023,Nice,6
2022-08-07,Sun,Ligue 1,Away,L,1.0,4.0,Marseille,,16.0,6.0,10.0,14.0,0.0,0.0,2.0,0.0,2023,Reims,6
2022-08-07,Sun,Ligue 1,Home,L,0.0,1.0,Lorient,,21.0,6.0,11.0,5.0,3.0,0.0,1.0,0.0,2023,Rennes,6
2022-08-07,Sun,Ligue 1,Home,D,1.0,1.0,Nice,,6.0,4.0,10.0,8.0,1.0,0.0,2.0,0.0,2023,Toulouse,6
2022-08-07,Sun,Ligue 1,Away,L,2.0,3.0,Montpellier,,15.0,10.0,10.0,13.0,0.0,0.0,1.0,0.0,2023,Troyes,6
2022-08-12,Fri,Ligue 1,Away,D,1.0,1.0,Nantes,,16.0,5.0,10.0,14.0,4.0,0.0,1.0,0.0,2023,Lille,4
2022-08-12,Fri,Ligue 1,Home,D,1.0,1.0,Lille,,10.0,1.0,14.0,10.0,1.0,0.0,4.0,0.0,2023,Nantes,4
2022-08-13,Sat,Ligue 1,Home,D,1.0,1.0,Rennes,,12.0,4.0,6.0,11.0,0.0,1.0,3.0,0.0,2023,Monaco,5
2022-08-13,Sat,Ligue 1,Away,L,2.0,5.0,Paris SG,,7.0,4.0,18.0,15.0,1.0,0.0,2.0,0.0,2023,Montpellier,5
2022-08-13,Sat,Ligue 1,Home,W,5.0,2.0,Montpellier,,20.0,10.0,15.0,18.0,2.0,0.0,1.0,0.0,2023,Paris SG,5
2022-08-13,Sat,Ligue 1,Away,D,1.0,1.0,Monaco,,24.0,8.0,11.0,6.0,3.0,0.0,0.0,1.0,2023,Rennes,5
2022-08-14,Sun,Ligue 1,Home,D,0.0,0.0,Lens,,9.0,2.0,16.0,18.0,5.0,0.0,2.0,0.0,2023,Ajaccio,6
2022-08-14,Sun,Ligue 1,Away,D,2.0,2.0,Auxerre,,11.0,2.0,16.0,10.0,3.0,0.0,5.0,1.0,2023,Angers,6
2022-08-14,Sun,Ligue 1,Home,D,2.0,2.0,Angers,,11.0,4.0,10.0,16.0,5.0,1.0,3.0,0.0,2023,Auxerre,6
2022-08-14,Sun,Ligue 1,Home,D,1.0,1.0,Marseille,,17.0,5.0,10.0,15.0,1.0,0.0,4.0,0.0,2023,Brest,6
2022-08-14,Sun,Ligue 1,Away,W,4.0,2.0,Reims,,10.0,5.0,8.0,18.0,3.0,0.0,3.0,1.0,2023,Clermont,6
2022-08-14,Sun,Ligue 1,Away,D,0.0,0.0,Ajaccio,,12.0,3.0,18.0,16.0,2.0,0.0,5.0,0.0,2023,Lens,6
2022-08-14,Sun,Ligue 1,Away,D,1.0,1.0,Brest,,5.0,2.0,15.0,10.0,4.0,0.0,1.0,0.0,2023,Marseille,6
2022-08-14,Sun,Ligue 1,Home,D,1.0,1.0,Strasbourg,,13.0,3.0,7.0,13.0,1.0,0.0,4.0,0.0,2023,Nice,6
2022-08-14,Sun,Ligue 1,Home,L,2.0,4.0,Clermont,,9.0,6.0,18.0,8.0,3.0,1.0,3.0,0.0,2023,Reims,6
2022-08-14,Sun,Ligue 1,Away,D,1.0,1.0,Nice,,9.0,5.0,13.0,7.0,4.0,0.0,1.0,0.0,2023,Strasbourg,6
2022-08-14,Sun,Ligue 1,Away,W,3.0,0.0,Troyes,,10.0,4.0,19.0,14.0,1.0,0.0,2.0,0.0,2023,Toulouse,6
2022-08-14,Sun,Ligue 1,Home,L,0.0,3.0,Toulouse,,12.0,2.0,14.0,19.0,2.0,0.0,1.0,0.0,2023,Troyes,6
2022-08-19,Fri,Ligue 1,Home,W,4.0,1.0,Troyes,,16.0,8.0,9.0,7.0,0.0,0.0,1.0,0.0,2023,Lyon,4
2022-08-19,Fri,Ligue 1,Away,L,1.0,4.0,Lyon,,4.0,1.0,7.0,9.0,1.0,0.0,0.0,0.0,2023,Troyes,4
2022-08-20,Sat,Ligue 1,Away,W,4.0,1.0,Monaco,,14.0,6.0,13.0,18.0,0.0,0.0,4.0,1.0,2023,Lens,5
2022-08-20,Sat,Ligue 1,Home,W,2.0,1.0,Nantes,,16.0,5.0,15.0,6.0,5.0,1.0,1.0,0.0,2023,Marseille,5
2022-08-20,Sat,Ligue 1,Home,L,1.0,4.0,Lens,,12.0,5.0,18.0,13.0,4.0,1.0,0.0,0.0,2023,Monaco,5
2022-08-20,Sat,Ligue 1,Away,L,1.0,2.0,Marseille,,12.0,3.0,6.0,15.0,1.0,0.0,5.0,1.0,2023,Nantes,5
2022-08-21,Sun,Ligue 1,Away,L,1.0,2.0,Rennes,,10.0,3.0,11.0,13.0,2.0,0.0,5.0,2.0,2023,Ajaccio,6
2022-08-21,Sun,Ligue 1,Home,L,1.0,3.0,Brest,,7.0,5.0,9.0,10.0,2.0,1.0,0.0,0.0,2023,Angers,6
2022-08-21,Sun,Ligue 1,Away,W,2.0,1.0,Montpellier,,7.0,2.0,13.0,10.0,3.0,2.0,1.0,2.0,2023,Auxerre,6
2022-08-21,Sun,Ligue 1,Away,W,3.0,1.0,Angers,,11.0,7.0,10.0,9.0,0.0,0.0,2.0,1.0,2023,Brest,6
2022-08-21,Sun,Ligue 1,Home,W,1.0,0.0,Nice,,7.0,2.0,4.0,21.0,1.0,0.0,2.0,2.0,2023,Clermont,6
2022-08-21,Sun,Ligue 1,Home,L,1.0,7.0,Paris SG,,16.0,10.0,13.0,8.0,2.0,0.0,1.0,0.0,2023,Lille,6
2022-08-21,Sun,Ligue 1,Away,D,2.0,2.0,Toulouse,,14.0,4.0,10.0,14.0,1.0,0.0,2.0,0.0,2023,Lorient,6
2022-08-21,Sun,Ligue 1,Home,L,1.0,2.0,Auxerre,,13.0,7.0,10.0,13.0,1.0,2.0,3.0,2.0,2023,Montpellier,6
2022-08-21,Sun,Ligue 1,Away,L,0.0,1.0,Clermont,,13.0,4.0,21.0,4.0,2.0,2.0,1.0,0.0,2023,Nice,6
2022-08-21,Sun,Ligue 1,Away,W,7.0,1.0,Lille,,16.0,9.0,8.0,13.0,1.0,0.0,2.0,0.0,2023,Paris SG,6
2022-08-21,Sun,Ligue 1,Away,D,1.0,1.0,Strasbourg,,12.0,6.0,16.0,12.0,4.0,0.0,1.0,0.0,2023,Reims,6
2022-08-21,Sun,Ligue 1,Home,W,2.0,1.0,Ajaccio,,16.0,7.0,13.0,11.0,5.0,2.0,2.0,0.0,2023,Rennes,6
2022-08-21,Sun,Ligue 1,Home,D,1.0,1.0,Reims,,12.0,3.0,12.0,16.0,1.0,0.0,4.0,0.0,2023,Strasbourg,6
2022-08-21,Sun,Ligue 1,Home,D,2.0,2.0,Lorient,,16.0,8.0,14.0,10.0,2.0,0.0,1.0,0.0,2023,Toulouse,6
2022-08-26,Fri,Ligue 1,Home,L,1.0,3.0,Lille,,13.0,2.0,13.0,13.0,3.0,0.0,2.0,0.0,2023,Ajaccio,4
2022-08-26,Fri,Ligue 1,Away,W,3.0,1.0,Ajaccio,,7.0,4.0,13.0,13.0,2.0,0.0,3.0,0.0,2023,Lille,4
2022-08-27,Sat,Ligue 1,Home,W,1.0,0.0,Strasbourg,,7.0,3.0,4.0,6.0,0.0,0.0,1.0,0.0,2023,Auxerre,5
2022-08-27,Sat,Ligue 1,Home,W,2.0,1.0,Rennes,,17.0,4.0,15.0,13.0,0.0,0.0,1.0,0.0,2023,Lens,5
2022-08-27,Sat,Ligue 1,Away,L,1.0,2.0,Lens,,12.0,6.0,13.0,15.0,1.0,0.0,0.0,0.0,2023,Rennes,5
2022-08-27,Sat,Ligue 1,Away,L,0.0,1.0,Auxerre,,14.0,4.0,6.0,4.0,1.0,0.0,0.0,0.0,2023,Strasbourg,5
2022-08-28,Sun,Ligue 1,Away,L,1.0,3.0,Troyes,,7.0,3.0,12.0,8.0,3.0,1.0,2.0,0.0,2023,Angers,6
2022-08-28,Sun,Ligue 1,Home,L,0.0,7.0,Montpellier,,6.0,0.0,15.0,16.0,0.0,1.0,2.0,0.0,2023,Brest,6
2022-08-28,Sun,Ligue 1,Away,L,1.0,2.0,Lorient,,9.0,2.0,9.0,12.0,3.0,1.0,1.0,0.0,2023,Clermont,6
2022-08-28,Sun,Ligue 1,Home,W,2.0,1.0,Clermont,,22.0,9.0,12.0,9.0,1.0,0.0,3.0,1.0,2023,Lorient,6
2022-08-28,Sun,Ligue 1,Away,D,1.0,1.0,Reims,,18.0,5.0,12.0,12.0,1.0,0.0,1.0,1.0,2023,Lyon,6
2022-08-28,Sun,Ligue 1,Away,W,3.0,0.0,Nice,,13.0,4.0,15.0,7.0,1.0,0.0,1.0,0.0,2023,Marseille,6
2022-08-28,Sun,Ligue 1,Away,D,1.0,1.0,Paris SG,,4.0,3.0,15.0,12.0,4.0,0.0,4.0,0.0,2023,Monaco,6
2022-08-28,Sun,Ligue 1,Away,W,7.0,0.0,Brest,,14.0,8.0,16.0,15.0,2.0,0.0,0.0,1.0,2023,Montpellier,6
2022-08-28,Sun,Ligue 1,Home,W,3.0,1.0,Toulouse,,16.0,8.0,11.0,9.0,0.0,0.0,3.0,0.0,2023,Nantes,6
2022-08-28,Sun,Ligue 1,Home,L,0.0,3.0,Marseille,,16.0,2.0,7.0,15.0,1.0,0.0,1.0,0.0,2023,Nice,6
2022-08-28,Sun,Ligue 1,Home,D,1.0,1.0,Monaco,,18.0,5.0,12.0,15.0,4.0,0.0,4.0,0.0,2023,Paris SG,6
2022-08-28,Sun,Ligue 1,Home,D,1.0,1.0,Lyon,,8.0,5.0,12.0,12.0,1.0,1.0,1.0,0.0,2023,Reims,6
2022-08-28,Sun,Ligue 1,Away,L,1.0,3.0,Nantes,,9.0,3.0,9.0,11.0,3.0,0.0,0.0,0.0,2023,Toulouse,6
2022-08-28,Sun,Ligue 1,Home,W,3.0,1.0,Angers,,25.0,11.0,8.0,12.0,2.0,0.0,3.0,1.0,2023,Troyes,6
2022-08-31,Wed,Ligue 1,Away,L,0.0,2.0,Montpellier,,15.0,0.0,17.0,9.0,4.0,1.0,2.0,1.0,2023,Ajaccio,2
2022-08-31,Wed,Ligue 1,Home,L,2.0,4.0,Reims,,10.0,3.0,9.0,15.0,1.0,0.0,6.0,1.0,2023,Angers,2
2022-08-31,Wed,Ligue 1,Away,L,1.0,2.0,Lyon,,6.0,2.0,13.0,13.0,2.0,0.0,0.0,0.0,2023,Auxerre,2
2022-08-31,Wed,Ligue 1,Away,L,1.0,3.0,Rennes,,7.0,2.0,6.0,11.0,0.0,0.0,2.0,0.0,2023,Brest,2
2022-08-31,Wed,Ligue 1,Away,L,0.0,1.0,Marseille,,3.0,0.0,12.0,16.0,2.0,0.0,2.0,0.0,2023,Clermont,2
2022-08-31,Wed,Ligue 1,Home,W,5.0,2.0,Lorient,,15.0,8.0,10.0,6.0,1.0,0.0,3.0,0.0,2023,Lens,2
2022-08-31,Wed,Ligue 1,Home,L,1.0,2.0,Nice,,18.0,6.0,15.0,21.0,1.0,0.0,4.0,0.0,2023,Lille,2
2022-08-31,Wed,Ligue 1,Away,L,2.0,5.0,Lens,,10.0,3.0,6.0,10.0,3.0,0.0,1.0,0.0,2023,Lorient,2
2022-08-31,Wed,Ligue 1,Home,W,2.0,1.0,Auxerre,,20.0,8.0,13.0,13.0,0.0,0.0,2.0,0.0,2023,Lyon,2
2022-08-31,Wed,Ligue 1,Home,W,1.0,0.0,Clermont,,21.0,7.0,16.0,12.0,2.0,0.0,2.0,0.0,2023,Marseille,2
2022-08-31,Wed,Ligue 1,Home,L,2.0,4.0,Troyes,,8.0,6.0,13.0,11.0,3.0,1.0,1.0,0.0,2023,Monaco,2
2022-08-31,Wed,Ligue 1,Home,W,2.0,0.0,Ajaccio,,9.0,4.0,9.0,17.0,2.0,1.0,4.0,1.0,2023,Montpellier,2
2022-08-31,Wed,Ligue 1,Away,D,1.0,1.0,Strasbourg,,12.0,3.0,18.0,13.0,3.0,0.0,0.0,0.0,2023,Nantes,2
2022-08-31,Wed,Ligue 1,Away,W,2.0,1.0,Lille,,3.0,2.0,21.0,15.0,4.0,0.0,1.0,0.0,2023,Nice,2
2022-08-31,Wed,Ligue 1,Away,W,3.0,0.0,Toulouse,,20.0,13.0,7.0,10.0,0.0,0.0,1.0,0.0,2023,Paris SG,2
2022-08-31,Wed,Ligue 1,Away,W,4.0,2.0,Angers,,11.0,5.0,15.0,9.0,6.0,1.0,1.0,0.0,2023,Reims,2
2022-08-31,Wed,Ligue 1,Home,W,3.0,1.0,Brest,,16.0,9.0,11.0,6.0,2.0,0.0,0.0,0.0,2023,Rennes,2
2022-08-31,Wed,Ligue 1,Home,D,1.0,1.0,Nantes,,5.0,2.0,13.0,18.0,0.0,0.0,3.0,0.0,2023,Strasbourg,2
2022-08-31,Wed,Ligue 1,Home,L,0.0,3.0,Paris SG,,14.0,7.0,10.0,7.0,1.0,0.0,0.0,0.0,2023,Toulouse,2
2022-08-31,Wed,Ligue 1,Away,W,4.0,2.0,Monaco,,19.0,11.0,11.0,13.0,1.0,0.0,3.0,1.0,2023,Troyes,2
2022-09-03,Sat,Ligue 1,Away,L,0.0,5.0,Lyon,,8.0,3.0,9.0,5.0,1.0,0.0,2.0,0.0,2023,Angers,5
2022-09-03,Sat,Ligue 1,Home,L,0.0,2.0,Marseille,,8.0,2.0,8.0,14.0,1.0,0.0,1.0,0.0,2023,Auxerre,5
2022-09-03,Sat,Ligue 1,Home,W,5.0,0.0,Angers,,16.0,9.0,5.0,9.0,2.0,0.0,1.0,0.0,2023,Lyon,5
2022-09-03,Sat,Ligue 1,Away,W,2.0,0.0,Auxerre,,15.0,7.0,14.0,8.0,1.0,0.0,1.0,0.0,2023,Marseille,5
2022-09-03,Sat,Ligue 1,Home,L,0.0,3.0,Paris SG,,10.0,1.0,6.0,12.0,1.0,1.0,4.0,0.0,2023,Nantes,5
2022-09-03,Sat,Ligue 1,Away,W,3.0,0.0,Nantes,,19.0,7.0,12.0,6.0,4.0,0.0,1.0,1.0,2023,Paris SG,5
2022-09-04,Sun,Ligue 1,Home,L,0.0,1.0,Lorient,,16.0,3.0,16.0,12.0,4.0,0.0,1.0,0.0,2023,Ajaccio,6
2022-09-04,Sun,Ligue 1,Home,D,1.0,1.0,Strasbourg,,11.0,2.0,15.0,9.0,3.0,0.0,1.0,1.0,2023,Brest,6
2022-09-04,Sun,Ligue 1,Home,W,2.0,0.0,Toulouse,,12.0,3.0,14.0,12.0,4.0,0.0,1.0,0.0,2023,Clermont,6
2022-09-04,Sun,Ligue 1,Away,D,1.0,1.0,Reims,,20.0,4.0,11.0,9.0,2.0,1.0,2.0,0.0,2023,Lens,6
2022-09-04,Sun,Ligue 1,Away,W,3.0,1.0,Montpellier,,26.0,7.0,11.0,8.0,4.0,0.0,0.0,1.0,2023,Lille,6
2022-09-04,Sun,Ligue 1,Away,W,1.0,0.0,Ajaccio,,7.0,4.0,12.0,16.0,1.0,0.0,4.0,0.0,2023,Lorient,6
2022-09-04,Sun,Ligue 1,Away,W,1.0,0.0,Nice,,14.0,2.0,12.0,10.0,1.0,0.0,2.0,0.0,2023,Monaco,6
2022-09-04,Sun,Ligue 1,Home,L,1.0,3.0,Lille,,4.0,2.0,8.0,11.0,0.0,1.0,4.0,0.0,2023,Montpellier,6
2022-09-04,Sun,Ligue 1,Home,L,0.0,1.0,Monaco,,12.0,5.0,10.0,12.0,2.0,0.0,1.0,0.0,2023,Nice,6
2022-09-04,Sun,Ligue 1,Home,D,1.0,1.0,Lens,,17.0,4.0,9.0,11.0,2.0,0.0,2.0,1.0,2023,Reims,6
2022-09-04,Sun,Ligue 1,Away,D,1.0,1.0,Troyes,,19.0,6.0,22.0,13.0,2.0,0.0,2.0,1.0,2023,Rennes,6
2022-09-04,Sun,Ligue 1,Away,D,1.0,1.0,Brest,,10.0,3.0,9.0,15.0,1.0,1.0,3.0,0.0,2023,Strasbourg,6
2022-09-04,Sun,Ligue 1,Away,L,0.0,2.0,Clermont,,14.0,4.0,12.0,14.0,1.0,0.0,4.0,0.0,2023,Toulouse,6
2022-09-04,Sun,Ligue 1,Home,D,1.0,1.0,Rennes,,9.0,1.0,13.0,22.0,2.0,1.0,2.0,0.0,2023,Troyes,6
2022-09-07,Wed,Ligue 1,Home,W,3.0,1.0,Lyon,,11.0,6.0,8.0,18.0,1.0,0.0,3.0,0.0,2023,Lorient,2
2022-09-07,Wed,Ligue 1,Away,L,1.0,3.0,Lorient,,15.0,7.0,18.0,8.0,3.0,0.0,1.0,0.0,2023,Lyon,2
2022-09-09,Fri,Ligue 1,Home,W,1.0,0.0,Troyes,,12.0,3.0,16.0,10.0,2.0,0.0,1.0,0.0,2023,Lens,4
2022-09-09,Fri,Ligue 1,Away,L,0.0,1.0,Lens,,7.0,2.0,10.0,16.0,1.0,0.0,2.0,0.0,2023,Troyes,4
2022-09-10,Sat,Ligue 1,Away,L,0.0,1.0,Paris SG,,6.0,3.0,16.0,13.0,2.0,0.0,4.0,0.0,2023,Brest,5
2022-09-10,Sat,Ligue 1,Away,L,1.0,2.0,Marseille,,7.0,3.0,17.0,22.0,1.0,0.0,5.0,0.0,2023,Lille,5
2022-09-10,Sat,Ligue 1,Home,W,2.0,1.0,Lille,,14.0,7.0,22.0,17.0,5.0,0.0,1.0,0.0,2023,Marseille,5
2022-09-10,Sat,Ligue 1,Home,W,1.0,0.0,Brest,,13.0,4.0,13.0,16.0,4.0,0.0,2.0,0.0,2023,Paris SG,5
2022-09-11,Sun,Ligue 1,Home,L,0.0,1.0,Nice,,9.0,3.0,9.0,11.0,1.0,0.0,5.0,0.0,2023,Ajaccio,6
2022-09-11,Sun,Ligue 1,Home,W,2.0,1.0,Montpellier,,11.0,5.0,15.0,12.0,2.0,0.0,4.0,0.0,2023,Angers,6
2022-09-11,Sun,Ligue 1,Away,L,0.0,5.0,Rennes,,7.0,3.0,9.0,11.0,0.0,0.0,1.0,0.0,2023,Auxerre,6
2022-09-11,Sun,Ligue 1,Away,D,0.0,0.0,Strasbourg,,10.0,4.0,15.0,20.0,2.0,0.0,4.0,1.0,2023,Clermont,6
2022-09-11,Sun,Ligue 1,Home,W,3.0,2.0,Nantes,,13.0,5.0,9.0,17.0,2.0,0.0,3.0,0.0,2023,Lorient,6
2022-09-11,Sun,Ligue 1,Away,L,1.0,2.0,Monaco,,20.0,6.0,9.0,12.0,2.0,0.0,1.0,0.0,2023,Lyon,6
2022-09-11,Sun,Ligue 1,Home,W,2.0,1.0,Lyon,,11.0,4.0,12.0,9.0,1.0,0.0,2.0,0.0,2023,Monaco,6
2022-09-11,Sun,Ligue 1,Away,L,1.0,2.0,Angers,,7.0,2.0,12.0,15.0,4.0,0.0,2.0,0.0,2023,Montpellier,6
2022-09-11,Sun,Ligue 1,Away,L,2.0,3.0,Lorient,,9.0,4.0,17.0,9.0,3.0,0.0,2.0,0.0,2023,Nantes,6
2022-09-11,Sun,Ligue 1,Away,W,1.0,0.0,Ajaccio,,12.0,3.0,11.0,9.0,5.0,0.0,1.0,0.0,2023,Nice,6
2022-09-11,Sun,Ligue 1,Away,L,0.0,1.0,Toulouse,,11.0,1.0,11.0,17.0,2.0,1.0,2.0,0.0,2023,Reims,6
2022-09-11,Sun,Ligue 1,Home,W,5.0,0.0,Auxerre,,12.0,9.0,11.0,9.0,1.0,0.0,0.0,0.0,2023,Rennes,6
2022-09-11,Sun,Ligue 1,Home,D,0.0,0.0,Clermont,,12.0,4.0,20.0,15.0,4.0,1.0,2.0,0.0,2023,Strasbourg,6
2022-09-11,Sun,Ligue 1,Home,W,1.0,0.0,Reims,,14.0,3.0,17.0,11.0,2.0,0.0,2.0,1.0,2023,Toulouse,6
2022-09-16,Fri,Ligue 1,Home,L,1.0,3.0,Lorient,,17.0,5.0,13.0,11.0,3.0,0.0,1.0,0.0,2023,Auxerre,4
2022-09-16,Fri,Ligue 1,Away,W,3.0,1.0,Auxerre,,12.0,8.0,11.0,13.0,1.0,0.0,3.0,0.0,2023,Lorient,4
2022-09-17,Sat,Ligue 1,Home,W,2.0,1.0,Toulouse,,10.0,4.0,20.0,14.0,2.0,0.0,0.0,0.0,2023,Lille,5
2022-09-17,Sat,Ligue 1,Home,W,2.0,1.0,Strasbourg,,10.0,4.0,11.0,20.0,4.0,0.0,4.0,0.0,2023,Montpellier,5
2022-09-17,Sat,Ligue 1,Away,L,1.0,2.0,Montpellier,,8.0,2.0,20.0,11.0,4.0,0.0,4.0,0.0,2023,Strasbourg,5
2022-09-17,Sat,Ligue 1,Away,L,1.0,2.0,Lille,,14.0,5.0,14.0,20.0,0.0,0.0,2.0,0.0,2023,Toulouse,5
2022-09-18,Sun,Ligue 1,Away,W,1.0,0.0,Brest,,6.0,4.0,12.0,13.0,2.0,0.0,2.0,0.0,2023,Ajaccio,6
2022-09-18,Sun,Ligue 1,Away,W,1.0,0.0,Nice,,16.0,3.0,11.0,9.0,4.0,1.0,0.0,1.0,2023,Angers,6
2022-09-18,Sun,Ligue 1,Home,L,0.0,1.0,Ajaccio,,8.0,4.0,13.0,12.0,2.0,0.0,2.0,0.0,2023,Brest,6
2022-09-18,Sun,Ligue 1,Home,L,1.0,3.0,Troyes,,14.0,2.0,8.0,15.0,0.0,0.0,3.0,0.0,2023,Clermont,6
2022-09-18,Sun,Ligue 1,Away,D,0.0,0.0,Nantes,,8.0,2.0,14.0,14.0,1.0,0.0,1.0,0.0,2023,Lens,6
2022-09-18,Sun,Ligue 1,Home,L,0.0,1.0,Paris SG,,12.0,3.0,14.0,4.0,0.0,0.0,2.0,0.0,2023,Lyon,6
2022-09-18,Sun,Ligue 1,Home,D,1.0,1.0,Rennes,,15.0,4.0,13.0,13.0,3.0,0.0,4.0,0.0,2023,Marseille,6
2022-09-18,Sun,Ligue 1,Away,W,3.0,0.0,Reims,,20.0,11.0,16.0,14.0,3.0,0.0,3.0,1.0,2023,Monaco,6
2022-09-18,Sun,Ligue 1,Home,D,0.0,0.0,Lens,,12.0,4.0,14.0,14.0,1.0,0.0,1.0,0.0,2023,Nantes,6
2022-09-18,Sun,Ligue 1,Home,L,0.0,1.0,Angers,,18.0,5.0,9.0,11.0,0.0,1.0,4.0,1.0,2023,Nice,6
2022-09-18,Sun,Ligue 1,Away,W,1.0,0.0,Lyon,,15.0,8.0,4.0,14.0,2.0,0.0,0.0,0.0,2023,Paris SG,6
2022-09-18,Sun,Ligue 1,Home,L,0.0,3.0,Monaco,,9.0,2.0,14.0,16.0,3.0,1.0,3.0,0.0,2023,Reims,6
2022-09-18,Sun,Ligue 1,Away,D,1.0,1.0,Marseille,,12.0,4.0,13.0,13.0,4.0,0.0,3.0,0.0,2023,Rennes,6
2022-09-18,Sun,Ligue 1,Away,W,3.0,1.0,Clermont,,9.0,4.0,15.0,8.0,3.0,0.0,0.0,0.0,2023,Troyes,6
2022-09-30,Fri,Ligue 1,Home,L,0.0,3.0,Marseille,,16.0,5.0,9.0,14.0,0.0,0.0,0.0,0.0,2023,Angers,4
2022-09-30,Fri,Ligue 1,Away,W,3.0,0.0,Angers,,15.0,7.0,14.0,9.0,0.0,0.0,0.0,0.0,2023,Marseille,4
2022-10-01,Sat,Ligue 1,Away,L,1.0,2.0,Paris SG,,4.0,1.0,9.0,16.0,1.0,0.0,1.0,0.0,2023,Nice,5
2022-10-01,Sat,Ligue 1,Home,W,2.0,1.0,Nice,,12.0,4.0,16.0,9.0,1.0,0.0,1.0,0.0,2023,Paris SG,5
2022-10-01,Sat,Ligue 1,Away,W,3.0,1.0,Strasbourg,,17.0,7.0,13.0,9.0,2.0,0.0,0.0,1.0,2023,Rennes,5
2022-10-01,Sat,Ligue 1,Home,L,1.0,3.0,Rennes,,9.0,3.0,9.0,13.0,0.0,1.0,2.0,0.0,2023,Strasbourg,5
2022-10-02,Sun,Ligue 1,Home,L,1.0,3.0,Clermont,,12.0,3.0,13.0,10.0,3.0,0.0,3.0,0.0,2023,Ajaccio,6
2022-10-02,Sun,Ligue 1,Home,D,1.0,1.0,Brest,,11.0,3.0,15.0,18.0,4.0,1.0,4.0,0.0,2023,Auxerre,6
2022-10-02,Sun,Ligue 1,Away,D,1.0,1.0,Auxerre,,9.0,2.0,18.0,15.0,4.0,0.0,4.0,1.0,2023,Brest,6
2022-10-02,Sun,Ligue 1,Away,W,3.0,1.0,Ajaccio,,7.0,3.0,10.0,13.0,3.0,0.0,3.0,0.0,2023,Clermont,6
2022-10-02,Sun,Ligue 1,Home,W,1.0,0.0,Lyon,,21.0,6.0,19.0,16.0,2.0,0.0,2.0,0.0,2023,Lens,6
2022-10-02,Sun,Ligue 1,Away,L,1.0,2.0,Lorient,,20.0,4.0,14.0,13.0,3.0,0.0,3.0,1.0,2023,Lille,6
2022-10-02,Sun,Ligue 1,Home,W,2.0,1.0,Lille,,7.0,4.0,13.0,14.0,3.0,1.0,3.0,0.0,2023,Lorient,6
2022-10-02,Sun,Ligue 1,Away,L,0.0,1.0,Lens,,4.0,0.0,16.0,19.0,2.0,0.0,2.0,0.0,2023,Lyon,6
2022-10-02,Sun,Ligue 1,Home,W,4.0,1.0,Nantes,,10.0,6.0,8.0,10.0,0.0,0.0,1.0,0.0,2023,Monaco,6
2022-10-02,Sun,Ligue 1,Away,L,2.0,4.0,Toulouse,,23.0,6.0,6.0,13.0,4.0,0.0,5.0,1.0,2023,Montpellier,6
2022-10-02,Sun,Ligue 1,Away,L,1.0,4.0,Monaco,,7.0,2.0,10.0,8.0,1.0,0.0,0.0,0.0,2023,Nantes,6
2022-10-02,Sun,Ligue 1,Away,D,2.0,2.0,Troyes,,5.0,2.0,13.0,13.0,2.0,1.0,4.0,0.0,2023,Reims,6
2022-10-02,Sun,Ligue 1,Home,W,4.0,2.0,Montpellier,,12.0,6.0,13.0,6.0,5.0,1.0,4.0,0.0,2023,Toulouse,6
2022-10-02,Sun,Ligue 1,Home,D,2.0,2.0,Reims,,19.0,6.0,13.0,13.0,4.0,0.0,2.0,1.0,2023,Troyes,6
2022-10-07,Fri,Ligue 1,Home,D,1.0,1.0,Toulouse,,19.0,8.0,13.0,11.0,2.0,0.0,2.0,0.0,2023,Lyon,4
2022-10-07,Fri,Ligue 1,Away,D,1.0,1.0,Lyon,,5.0,2.0,11.0,13.0,2.0,0.0,2.0,0.0,2023,Toulouse,4
2022-10-08,Sat,Ligue 1,Away,W,2.0,1.0,Marseille,,6.0,1.0,18.0,17.0,2.0,0.0,0.0,0.0,2023,Ajaccio,5
2022-10-08,Sat,Ligue 1,Home,L,1.0,2.0,Ajaccio,,10.0,2.0,17.0,18.0,0.0,0.0,2.0,0.0,2023,Marseille,5
2022-10-08,Sat,Ligue 1,Away,D,0.0,0.0,Reims,,11.0,3.0,12.0,20.0,5.0,1.0,3.0,0.0,2023,Paris SG,5
2022-10-08,Sat,Ligue 1,Home,D,0.0,0.0,Paris SG,,24.0,4.0,20.0,12.0,3.0,0.0,5.0,1.0,2023,Reims,5
2022-10-09,Sun,Ligue 1,Home,L,2.0,3.0,Strasbourg,,14.0,8.0,16.0,14.0,1.0,0.0,1.0,0.0,2023,Angers,6
2022-10-09,Sun,Ligue 1,Away,L,1.0,2.0,Clermont,,14.0,5.0,17.0,4.0,0.0,0.0,0.0,0.0,2023,Auxerre,6
2022-10-09,Sun,Ligue 1,Home,L,1.0,2.0,Lorient,,12.0,4.0,14.0,13.0,3.0,0.0,1.0,0.0,2023,Brest,6
2022-10-09,Sun,Ligue 1,Home,W,2.0,1.0,Auxerre,,10.0,6.0,4.0,17.0,0.0,0.0,0.0,0.0,2023,Clermont,6
2022-10-09,Sun,Ligue 1,Away,L,0.0,1.0,Lille,,10.0,3.0,15.0,19.0,5.0,0.0,3.0,0.0,2023,Lens,6
2022-10-09,Sun,Ligue 1,Home,W,1.0,0.0,Lens,,12.0,6.0,19.0,15.0,3.0,0.0,5.0,0.0,2023,Lille,6
2022-10-09,Sun,Ligue 1,Away,W,2.0,1.0,Brest,,14.0,5.0,13.0,14.0,1.0,0.0,3.0,0.0,2023,Lorient,6
2022-10-09,Sun,Ligue 1,Away,W,2.0,0.0,Montpellier,,11.0,7.0,16.0,13.0,3.0,0.0,2.0,0.0,2023,Monaco,6
2022-10-09,Sun,Ligue 1,Home,L,0.0,2.0,Monaco,,11.0,1.0,13.0,16.0,2.0,0.0,3.0,0.0,2023,Montpellier,6
2022-10-09,Sun,Ligue 1,Away,L,0.0,3.0,Rennes,,8.0,3.0,14.0,13.0,0.0,0.0,1.0,1.0,2023,Nantes,6
2022-10-09,Sun,Ligue 1,Home,W,3.0,2.0,Troyes,,14.0,6.0,8.0,9.0,1.0,0.0,1.0,0.0,2023,Nice,6
2022-10-09,Sun,Ligue 1,Home,W,3.0,0.0,Nantes,,14.0,4.0,13.0,14.0,1.0,1.0,0.0,0.0,2023,Rennes,6
2022-10-09,Sun,Ligue 1,Away,W,3.0,2.0,Angers,,15.0,7.0,14.0,16.0,1.0,0.0,1.0,0.0,2023,Strasbourg,6
2022-10-09,Sun,Ligue 1,Away,L,2.0,3.0,Nice,,17.0,6.0,9.0,8.0,1.0,0.0,1.0,0.0,2023,Troyes,6
2022-10-14,Fri,Ligue 1,Away,W,3.0,0.0,Strasbourg,,10.0,7.0,17.0,12.0,1.0,0.0,3.0,0.0,2023,Lille,4
2022-10-14,Fri,Ligue 1,Home,L,0.0,3.0,Lille,,12.0,1.0,12.0,17.0,3.0,0.0,1.0,0.0,2023,Strasbourg,4
2022-10-15,Sat,Ligue 1,Home,W,1.0,0.0,Montpellier,,17.0,5.0,12.0,10.0,2.0,0.0,2.0,0.0,2023,Lens,5
2022-10-15,Sat,Ligue 1,Home,D,0.0,0.0,Reims,,10.0,3.0,10.0,17.0,1.0,0.0,3.0,2.0,2023,Lorient,5
2022-10-15,Sat,Ligue 1,Away,L,0.0,1.0,Lens,,8.0,1.0,10.0,12.0,2.0,0.0,2.0,0.0,2023,Montpellier,5
2022-10-15,Sat,Ligue 1,Away,D,0.0,0.0,Lorient,,7.0,2.0,17.0,10.0,3.0,2.0,1.0,0.0,2023,Reims,5
2022-10-16,Sun,Ligue 1,Away,D,1.0,1.0,Troyes,,15.0,7.0,14.0,8.0,1.0,0.0,2.0,0.0,2023,Ajaccio,6
2022-10-16,Sun,Ligue 1,Away,L,2.0,3.0,Toulouse,,13.0,6.0,15.0,12.0,2.0,0.0,3.0,0.0,2023,Angers,6
2022-10-16,Sun,Ligue 1,Home,D,1.0,1.0,Nice,,11.0,3.0,11.0,3.0,0.0,0.0,0.0,0.0,2023,Auxerre,6
2022-10-16,Sun,Ligue 1,Away,L,1.0,4.0,Nantes,,11.0,2.0,10.0,12.0,2.0,0.0,0.0,0.0,2023,Brest,6
2022-10-16,Sun,Ligue 1,Away,D,1.0,1.0,Monaco,,21.0,7.0,11.0,8.0,4.0,0.0,2.0,1.0,2023,Clermont,6
2022-10-16,Sun,Ligue 1,Away,L,2.0,3.0,Rennes,,7.0,5.0,14.0,13.0,2.0,0.0,2.0,0.0,2023,Lyon,6
2022-10-16,Sun,Ligue 1,Away,L,0.0,1.0,Paris SG,,18.0,7.0,16.0,9.0,0.0,1.0,1.0,0.0,2023,Marseille,6
2022-10-16,Sun,Ligue 1,Home,D,1.0,1.0,Clermont,,6.0,4.0,8.0,11.0,2.0,1.0,4.0,0.0,2023,Monaco,6
2022-10-16,Sun,Ligue 1,Home,W,4.0,1.0,Brest,,17.0,6.0,12.0,10.0,0.0,0.0,2.0,0.0,2023,Nantes,6
2022-10-16,Sun,Ligue 1,Away,D,1.0,1.0,Auxerre,,9.0,2.0,3.0,11.0,0.0,0.0,0.0,0.0,2023,Nice,6
2022-10-16,Sun,Ligue 1,Home,W,1.0,0.0,Marseille,,23.0,8.0,9.0,16.0,1.0,0.0,0.0,1.0,2023,Paris SG,6
2022-10-16,Sun,Ligue 1,Home,W,3.0,2.0,Lyon,,14.0,5.0,13.0,14.0,2.0,0.0,2.0,0.0,2023,Rennes,6
2022-10-16,Sun,Ligue 1,Home,W,3.0,2.0,Angers,,14.0,7.0,12.0,15.0,3.0,0.0,2.0,0.0,2023,Toulouse,6
2022-10-16,Sun,Ligue 1,Home,D,1.0,1.0,Ajaccio,,9.0,2.0,8.0,14.0,2.0,0.0,1.0,0.0,2023,Troyes,6
2022-10-21,Fri,Ligue 1,Home,L,0.0,3.0,Paris SG,,8.0,1.0,13.0,13.0,0.0,0.0,1.0,0.0,2023,Ajaccio,4
2022-10-21,Fri,Ligue 1,Away,W,3.0,0.0,Ajaccio,,11.0,6.0,13.0,13.0,1.0,0.0,0.0,0.0,2023,Paris SG,4
2022-10-22,Sat,Ligue 1,Away,W,1.0,0.0,Marseille,,12.0,4.0,20.0,19.0,3.0,0.0,3.0,0.0,2023,Lens,5
2022-10-22,Sat,Ligue 1,Away,W,2.0,1.0,Montpellier,,21.0,10.0,18.0,9.0,2.0,1.0,2.0,1.0,2023,Lyon,5
2022-10-22,Sat,Ligue 1,Home,L,0.0,1.0,Lens,,13.0,3.0,19.0,20.0,3.0,0.0,3.0,0.0,2023,Marseille,5
2022-10-22,Sat,Ligue 1,Home,L,1.0,2.0,Lyon,,10.0,4.0,9.0,18.0,2.0,1.0,2.0,1.0,2023,Montpellier,5
2022-10-23,Sun,Ligue 1,Home,L,1.0,2.0,Rennes,,7.0,2.0,9.0,11.0,2.0,0.0,2.0,0.0,2023,Angers,6
2022-10-23,Sun,Ligue 1,Away,L,1.0,2.0,Reims,,10.0,2.0,12.0,13.0,0.0,0.0,4.0,0.0,2023,Auxerre,6
2022-10-23,Sun,Ligue 1,Away,W,3.0,1.0,Clermont,,19.0,11.0,17.0,10.0,1.0,0.0,4.0,0.0,2023,Brest,6
2022-10-23,Sun,Ligue 1,Home,L,1.0,3.0,Brest,,14.0,4.0,10.0,17.0,4.0,0.0,1.0,0.0,2023,Clermont,6
2022-10-23,Sun,Ligue 1,Home,W,4.0,3.0,Monaco,,20.0,7.0,8.0,10.0,1.0,0.0,2.0,0.0,2023,Lille,6
2022-10-23,Sun,Ligue 1,Away,D,2.0,2.0,Troyes,,21.0,5.0,9.0,8.0,0.0,0.0,2.0,0.0,2023,Lorient,6
2022-10-23,Sun,Ligue 1,Away,L,3.0,4.0,Lille,,9.0,6.0,10.0,8.0,2.0,0.0,1.0,0.0,2023,Monaco,6
2022-10-23,Sun,Ligue 1,Away,D,1.0,1.0,Nice,,11.0,4.0,9.0,9.0,4.0,2.0,3.0,0.0,2023,Nantes,6
2022-10-23,Sun,Ligue 1,Home,D,1.0,1.0,Nantes,,11.0,5.0,9.0,9.0,3.0,0.0,4.0,2.0,2023,Nice,6
2022-10-23,Sun,Ligue 1,Home,W,2.0,1.0,Auxerre,,19.0,10.0,13.0,12.0,4.0,0.0,0.0,0.0,2023,Reims,6
2022-10-23,Sun,Ligue 1,Away,W,2.0,1.0,Angers,,14.0,5.0,11.0,9.0,2.0,0.0,2.0,0.0,2023,Rennes,6
2022-10-23,Sun,Ligue 1,Away,D,2.0,2.0,Toulouse,,11.0,5.0,8.0,14.0,1.0,0.0,2.0,1.0,2023,Strasbourg,6
2022-10-23,Sun,Ligue 1,Home,D,2.0,2.0,Strasbourg,,17.0,6.0,14.0,8.0,2.0,1.0,1.0,0.0,2023,Toulouse,6
2022-10-23,Sun,Ligue 1,Home,D,2.0,2.0,Lorient,,13.0,4.0,8.0,9.0,2.0,0.0,0.0,0.0,2023,Troyes,6
2022-10-28,Fri,Ligue 1,Home,W,3.0,0.0,Toulouse,,13.0,8.0,12.0,13.0,2.0,0.0,1.0,0.0,2023,Lens,4
2022-10-28,Fri,Ligue 1,Away,L,0.0,3.0,Lens,,9.0,0.0,13.0,12.0,1.0,0.0,2.0,0.0,2023,Toulouse,4
2022-10-29,Sat,Ligue 1,Away,D,2.0,2.0,Strasbourg,,13.0,5.0,11.0,14.0,2.0,0.0,0.0,0.0,2023,Marseille,5
2022-10-29,Sat,Ligue 1,Home,W,4.0,3.0,Troyes,,19.0,11.0,9.0,12.0,0.0,0.0,3.0,0.0,2023,Paris SG,5
2022-10-29,Sat,Ligue 1,Home,D,2.0,2.0,Marseille,,12.0,5.0,14.0,11.0,0.0,0.0,2.0,0.0,2023,Strasbourg,5
2022-10-29,Sat,Ligue 1,Away,L,3.0,4.0,Paris SG,,16.0,5.0,12.0,9.0,3.0,0.0,0.0,0.0,2023,Troyes,5
2022-10-30,Sun,Ligue 1,Away,L,0.0,1.0,Auxerre,,5.0,1.0,12.0,13.0,1.0,1.0,1.0,1.0,2023,Ajaccio,6
2022-10-30,Sun,Ligue 1,Away,L,0.0,2.0,Monaco,,8.0,4.0,15.0,18.0,3.0,0.0,3.0,0.0,2023,Angers,6
2022-10-30,Sun,Ligue 1,Home,W,1.0,0.0,Ajaccio,,18.0,5.0,13.0,12.0,1.0,1.0,1.0,1.0,2023,Auxerre,6
2022-10-30,Sun,Ligue 1,Home,D,0.0,0.0,Reims,,12.0,4.0,15.0,13.0,1.0,0.0,1.0,0.0,2023,Brest,6
2022-10-30,Sun,Ligue 1,Away,D,1.0,1.0,Nantes,,10.0,6.0,9.0,15.0,2.0,0.0,0.0,0.0,2023,Clermont,6
2022-10-30,Sun,Ligue 1,Away,L,0.0,1.0,Lyon,,15.0,5.0,15.0,11.0,1.0,0.0,3.0,0.0,2023,Lille,6
2022-10-30,Sun,Ligue 1,Home,L,1.0,2.0,Nice,,14.0,8.0,7.0,7.0,0.0,0.0,1.0,0.0,2023,Lorient,6
2022-10-30,Sun,Ligue 1,Home,W,1.0,0.0,Lille,,6.0,3.0,11.0,15.0,3.0,0.0,1.0,0.0,2023,Lyon,6
2022-10-30,Sun,Ligue 1,Home,W,2.0,0.0,Angers,,8.0,5.0,18.0,15.0,3.0,0.0,3.0,0.0,2023,Monaco,6
2022-10-30,Sun,Ligue 1,Away,L,0.0,3.0,Rennes,,8.0,3.0,12.0,15.0,2.0,0.0,1.0,0.0,2023,Montpellier,6
2022-10-30,Sun,Ligue 1,Home,D,1.0,1.0,Clermont,,13.0,4.0,15.0,9.0,0.0,0.0,2.0,0.0,2023,Nantes,6
2022-10-30,Sun,Ligue 1,Away,W,2.0,1.0,Lorient,,16.0,5.0,7.0,7.0,1.0,0.0,0.0,0.0,2023,Nice,6
2022-10-30,Sun,Ligue 1,Away,D,0.0,0.0,Brest,,11.0,3.0,13.0,15.0,1.0,0.0,1.0,0.0,2023,Reims,6
2022-10-30,Sun,Ligue 1,Home,W,3.0,0.0,Montpellier,,14.0,3.0,15.0,12.0,1.0,0.0,2.0,0.0,2023,Rennes,6
2022-11-04,Fri,Ligue 1,Away,D,1.0,1.0,Troyes,,13.0,2.0,10.0,9.0,0.0,0.0,2.0,0.0,2023,Auxerre,4
2022-11-04,Fri,Ligue 1,Home,D,1.0,1.0,Auxerre,,21.0,6.0,9.0,10.0,2.0,0.0,0.0,0.0,2023,Troyes,4
2022-11-05,Sat,Ligue 1,Home,W,4.0,2.0,Strasbourg,,12.0,7.0,15.0,20.0,0.0,1.0,4.0,0.0,2023,Ajaccio,5
2022-11-05,Sat,Ligue 1,Home,L,1.0,2.0,Lens,,6.0,3.0,16.0,6.0,1.0,0.0,2.0,0.0,2023,Angers,5
2022-11-05,Sat,Ligue 1,Away,W,2.0,1.0,Angers,,12.0,4.0,6.0,16.0,2.0,0.0,1.0,0.0,2023,Lens,5
2022-11-05,Sat,Ligue 1,Away,L,2.0,4.0,Ajaccio,,9.0,5.0,20.0,15.0,4.0,0.0,0.0,1.0,2023,Strasbourg,5
2022-11-06,Sun,Ligue 1,Away,L,0.0,1.0,Nice,,12.0,2.0,11.0,6.0,1.0,0.0,1.0,0.0,2023,Brest,6
2022-11-06,Sun,Ligue 1,Home,D,1.0,1.0,Montpellier,,16.0,7.0,14.0,17.0,1.0,0.0,2.0,0.0,2023,Clermont,6
2022-11-06,Sun,Ligue 1,Home,D,1.0,1.0,Rennes,,19.0,7.0,9.0,14.0,4.0,0.0,1.0,1.0,2023,Lille,6
2022-11-06,Sun,Ligue 1,Home,L,1.0,2.0,Paris SG,,9.0,2.0,10.0,9.0,1.0,0.0,1.0,0.0,2023,Lorient,6
2022-11-06,Sun,Ligue 1,Away,L,0.0,1.0,Marseille,,11.0,4.0,13.0,9.0,1.0,0.0,0.0,0.0,2023,Lyon,6
2022-11-06,Sun,Ligue 1,Home,W,1.0,0.0,Lyon,,6.0,2.0,9.0,13.0,0.0,0.0,1.0,0.0,2023,Marseille,6
2022-11-06,Sun,Ligue 1,Away,W,2.0,0.0,Toulouse,,24.0,10.0,11.0,9.0,1.0,0.0,0.0,0.0,2023,Monaco,6
2022-11-06,Sun,Ligue 1,Away,D,1.0,1.0,Clermont,,7.0,3.0,17.0,14.0,2.0,0.0,1.0,0.0,2023,Montpellier,6
2022-11-06,Sun,Ligue 1,Away,L,0.0,1.0,Reims,,15.0,5.0,13.0,7.0,4.0,1.0,2.0,0.0,2023,Nantes,6
2022-11-06,Sun,Ligue 1,Home,W,1.0,0.0,Brest,,14.0,9.0,6.0,11.0,1.0,0.0,1.0,0.0,2023,Nice,6
2022-11-06,Sun,Ligue 1,Away,W,2.0,1.0,Lorient,,15.0,8.0,9.0,10.0,1.0,0.0,1.0,0.0,2023,Paris SG,6
2022-11-06,Sun,Ligue 1,Home,W,1.0,0.0,Nantes,,22.0,9.0,7.0,13.0,2.0,0.0,4.0,1.0,2023,Reims,6
2022-11-06,Sun,Ligue 1,Away,D,1.0,1.0,Lille,,3.0,2.0,14.0,9.0,1.0,1.0,4.0,0.0,2023,Rennes,6
2022-11-06,Sun,Ligue 1,Home,L,0.0,2.0,Monaco,,13.0,5.0,9.0,11.0,0.0,0.0,1.0,0.0,2023,Toulouse,6
2022-11-11,Fri,Ligue 1,Home,D,1.0,1.0,Nice,,9.0,3.0,7.0,7.0,1.0,0.0,0.0,0.0,2023,Lyon,4
2022-11-11,Fri,Ligue 1,Away,D,1.0,1.0,Lyon,,13.0,3.0,7.0,7.0,0.0,0.0,1.0,0.0,2023,Nice,4
2022-11-12,Sat,Ligue 1,Away,L,1.0,2.0,Lens,,5.0,2.0,17.0,19.0,3.0,0.0,1.0,0.0,2023,Clermont,5
2022-11-12,Sat,Ligue 1,Home,W,2.0,1.0,Clermont,,16.0,3.0,19.0,17.0,1.0,0.0,3.0,0.0,2023,Lens,5
2022-11-12,Sat,Ligue 1,Home,W,2.0,1.0,Toulouse,,16.0,8.0,9.0,10.0,0.0,0.0,0.0,0.0,2023,Rennes,5
2022-11-12,Sat,Ligue 1,Away,L,1.0,2.0,Rennes,,10.0,4.0,10.0,9.0,0.0,0.0,0.0,0.0,2023,Toulouse,5
2022-11-13,Sun,Ligue 1,Away,D,2.0,2.0,Nantes,,13.0,4.0,17.0,16.0,3.0,0.0,3.0,0.0,2023,Ajaccio,6
2022-11-13,Sun,Ligue 1,Away,L,0.0,1.0,Lille,,8.0,2.0,12.0,18.0,1.0,0.0,3.0,1.0,2023,Angers,6
2022-11-13,Sun,Ligue 1,Away,L,0.0,5.0,Paris SG,,9.0,3.0,7.0,5.0,0.0,0.0,0.0,0.0,2023,Auxerre,6
2022-11-13,Sun,Ligue 1,Home,W,2.0,1.0,Troyes,,15.0,5.0,13.0,12.0,3.0,0.0,2.0,1.0,2023,Brest,6
2022-11-13,Sun,Ligue 1,Home,W,1.0,0.0,Angers,,9.0,4.0,18.0,12.0,3.0,1.0,1.0,0.0,2023,Lille,6
2022-11-13,Sun,Ligue 1,Away,D,1.0,1.0,Strasbourg,,6.0,2.0,9.0,9.0,1.0,0.0,4.0,0.0,2023,Lorient,6
2022-11-13,Sun,Ligue 1,Away,W,3.0,2.0,Monaco,,11.0,3.0,9.0,17.0,1.0,0.0,3.0,0.0,2023,Marseille,6
2022-11-13,Sun,Ligue 1,Home,L,2.0,3.0,Marseille,,11.0,6.0,17.0,9.0,3.0,0.0,1.0,0.0,2023,Monaco,6
2022-11-13,Sun,Ligue 1,Home,D,1.0,1.0,Reims,,16.0,8.0,15.0,15.0,2.0,0.0,2.0,0.0,2023,Montpellier,6
2022-11-13,Sun,Ligue 1,Home,D,2.0,2.0,Ajaccio,,15.0,5.0,16.0,17.0,3.0,0.0,3.0,0.0,2023,Nantes,6
2022-11-13,Sun,Ligue 1,Home,W,5.0,0.0,Auxerre,,9.0,6.0,5.0,7.0,0.0,0.0,0.0,0.0,2023,Paris SG,6
2022-11-13,Sun,Ligue 1,Away,D,1.0,1.0,Montpellier,,17.0,4.0,15.0,15.0,2.0,0.0,2.0,0.0,2023,Reims,6
2022-11-13,Sun,Ligue 1,Home,D,1.0,1.0,Lorient,,20.0,4.0,9.0,9.0,4.0,0.0,1.0,0.0,2023,Strasbourg,6
2022-11-13,Sun,Ligue 1,Away,L,1.0,2.0,Brest,,8.0,2.0,12.0,13.0,2.0,1.0,3.0,0.0,2023,Troyes,6
2022-12-28,Wed,Ligue 1,Home,W,1.0,0.0,Angers,,11.0,3.0,13.0,13.0,1.0,0.0,0.0,0.0,2023,Ajaccio,2
2022-12-28,Wed,Ligue 1,Away,L,0.0,1.0,Ajaccio,,14.0,4.0,13.0,13.0,0.0,0.0,1.0,0.0,2023,Angers,2
2022-12-28,Wed,Ligue 1,Home,L,2.0,3.0,Monaco,,11.0,6.0,9.0,15.0,1.0,0.0,0.0,0.0,2023,Auxerre,2
2022-12-28,Wed,Ligue 1,Home,L,2.0,4.0,Lyon,,17.0,5.0,8.0,19.0,2.0,0.0,2.0,0.0,2023,Brest,2
2022-12-28,Wed,Ligue 1,Home,L,0.0,2.0,Lille,,9.0,3.0,9.0,17.0,4.0,1.0,2.0,0.0,2023,Clermont,2
2022-12-28,Wed,Ligue 1,Away,W,2.0,0.0,Clermont,,14.0,3.0,17.0,9.0,2.0,0.0,4.0,1.0,2023,Lille,2
2022-12-28,Wed,Ligue 1,Away,W,4.0,2.0,Brest,,17.0,10.0,19.0,8.0,2.0,0.0,2.0,0.0,2023,Lyon,2
2022-12-28,Wed,Ligue 1,Away,W,3.0,2.0,Auxerre,,6.0,3.0,15.0,9.0,0.0,0.0,1.0,0.0,2023,Monaco,2
2022-12-28,Wed,Ligue 1,Away,D,0.0,0.0,Troyes,,19.0,5.0,13.0,9.0,2.0,0.0,0.0,0.0,2023,Nantes,2
2022-12-28,Wed,Ligue 1,Home,W,2.0,1.0,Strasbourg,,9.0,6.0,6.0,12.0,4.0,1.0,1.0,0.0,2023,Paris SG,2
2022-12-28,Wed,Ligue 1,Away,L,1.0,2.0,Paris SG,,10.0,3.0,12.0,6.0,1.0,0.0,4.0,1.0,2023,Strasbourg,2
2022-12-28,Wed,Ligue 1,Home,D,0.0,0.0,Nantes,,6.0,2.0,9.0,13.0,0.0,0.0,2.0,0.0,2023,Troyes,2
2022-12-29,Thu,Ligue 1,Away,D,0.0,0.0,Nice,,10.0,2.0,18.0,11.0,3.0,0.0,2.0,0.0,2023,Lens,3
2022-12-29,Thu,Ligue 1,Home,L,0.0,2.0,Montpellier,,12.0,4.0,15.0,15.0,3.0,0.0,4.0,0.0,2023,Lorient,3
2022-12-29,Thu,Ligue 1,Home,W,6.0,1.0,Toulouse,,13.0,7.0,14.0,8.0,1.0,0.0,2.0,0.0,2023,Marseille,3
2022-12-29,Thu,Ligue 1,Away,W,2.0,0.0,Lorient,,14.0,6.0,15.0,15.0,4.0,0.0,3.0,0.0,2023,Montpellier,3
2022-12-29,Thu,Ligue 1,Home,D,0.0,0.0,Lens,,9.0,5.0,11.0,18.0,2.0,0.0,3.0,0.0,2023,Nice,3
2022-12-29,Thu,Ligue 1,Home,W,3.0,1.0,Rennes,,10.0,4.0,8.0,8.0,2.0,0.0,2.0,0.0,2023,Reims,3
2022-12-29,Thu,Ligue 1,Away,L,1.0,3.0,Reims,,11.0,5.0,8.0,8.0,2.0,0.0,2.0,0.0,2023,Rennes,3
2022-12-29,Thu,Ligue 1,Away,L,1.0,6.0,Marseille,,10.0,6.0,8.0,14.0,2.0,0.0,1.0,0.0,2023,Toulouse,3
2023-01-01,Sun,Ligue 1,Away,L,0.0,2.0,Toulouse,,1.0,0.0,15.0,15.0,1.0,0.0,3.0,0.0,2023,Ajaccio,6
2023-01-01,Sun,Ligue 1,Home,L,1.0,2.0,Lorient,,14.0,6.0,16.0,9.0,3.0,0.0,0.0,0.0,2023,Angers,6
2023-01-01,Sun,Ligue 1,Away,L,0.0,1.0,Nantes,,14.0,6.0,19.0,10.0,2.0,0.0,1.0,0.0,2023,Auxerre,6
2023-01-01,Sun,Ligue 1,Away,L,0.0,1.0,Monaco,,13.0,6.0,14.0,23.0,4.0,0.0,3.0,0.0,2023,Brest,6
2023-01-01,Sun,Ligue 1,Away,W,1.0,0.0,Lyon,,13.0,3.0,13.0,21.0,3.0,0.0,1.0,0.0,2023,Clermont,6
2023-01-01,Sun,Ligue 1,Home,W,3.0,1.0,Paris SG,,10.0,4.0,16.0,12.0,2.0,0.0,3.0,0.0,2023,Lens,6
2023-01-01,Sun,Ligue 1,Away,W,2.0,1.0,Angers,,10.0,5.0,9.0,16.0,0.0,0.0,3.0,0.0,2023,Lorient,6
2023-01-01,Sun,Ligue 1,Home,L,0.0,1.0,Clermont,,13.0,2.0,21.0,13.0,1.0,0.0,3.0,0.0,2023,Lyon,6
2023-01-01,Sun,Ligue 1,Home,W,1.0,0.0,Brest,,17.0,5.0,23.0,14.0,3.0,0.0,4.0,0.0,2023,Monaco,6
2023-01-01,Sun,Ligue 1,Home,W,1.0,0.0,Auxerre,,10.0,3.0,10.0,19.0,1.0,0.0,2.0,0.0,2023,Nantes,6
2023-01-01,Sun,Ligue 1,Away,L,1.0,3.0,Lens,,16.0,6.0,12.0,16.0,3.0,0.0,2.0,0.0,2023,Paris SG,6
2023-01-01,Sun,Ligue 1,Home,W,2.0,0.0,Ajaccio,,11.0,4.0,15.0,15.0,3.0,0.0,1.0,0.0,2023,Toulouse,6
2023-01-02,Mon,Ligue 1,Home,D,1.0,1.0,Reims,,14.0,5.0,8.0,12.0,1.0,0.0,1.0,0.0,2023,Lille,0
2023-01-02,Mon,Ligue 1,Away,W,2.0,1.0,Montpellier,,18.0,9.0,14.0,10.0,2.0,1.0,2.0,0.0,2023,Marseille,0
2023-01-02,Mon,Ligue 1,Home,L,1.0,2.0,Marseille,,8.0,1.0,10.0,14.0,2.0,0.0,2.0,1.0,2023,Montpellier,0
2023-01-02,Mon,Ligue 1,Away,L,1.0,2.0,Rennes,,7.0,3.0,7.0,16.0,1.0,0.0,1.0,0.0,2023,Nice,0
2023-01-02,Mon,Ligue 1,Away,D,1.0,1.0,Lille,,9.0,6.0,12.0,8.0,1.0,0.0,1.0,0.0,2023,Reims,0
2023-01-02,Mon,Ligue 1,Home,W,2.0,1.0,Nice,,20.0,5.0,16.0,7.0,1.0,0.0,1.0,0.0,2023,Rennes,0
2023-01-02,Mon,Ligue 1,Home,L,2.0,3.0,Troyes,,17.0,7.0,10.0,12.0,1.0,0.0,2.0,0.0,2023,Strasbourg,0
2023-01-02,Mon,Ligue 1,Away,W,3.0,2.0,Strasbourg,,9.0,5.0,12.0,10.0,2.0,0.0,1.0,0.0,2023,Troyes,0
2023-01-11,Wed,Ligue 1,Home,L,0.0,1.0,Reims,,11.0,1.0,20.0,22.0,3.0,0.0,3.0,0.0,2023,Ajaccio,2
2023-01-11,Wed,Ligue 1,Away,L,0.0,2.0,Paris SG,,6.0,0.0,10.0,5.0,2.0,0.0,1.0,0.0,2023,Angers,2
2023-01-11,Wed,Ligue 1,Home,L,0.0,5.0,Toulouse,,19.0,4.0,22.0,13.0,3.0,0.0,1.0,0.0,2023,Auxerre,2
2023-01-11,Wed,Ligue 1,Home,D,0.0,0.0,Lille,,5.0,0.0,15.0,12.0,0.0,0.0,1.0,0.0,2023,Brest,2
2023-01-11,Wed,Ligue 1,Home,W,2.0,1.0,Rennes,,11.0,5.0,12.0,13.0,0.0,0.0,2.0,2.0,2023,Clermont,2
2023-01-11,Wed,Ligue 1,Away,D,2.0,2.0,Strasbourg,,15.0,8.0,10.0,15.0,1.0,0.0,1.0,0.0,2023,Lens,2
2023-01-11,Wed,Ligue 1,Away,D,0.0,0.0,Brest,,11.0,4.0,12.0,15.0,1.0,0.0,0.0,0.0,2023,Lille,2
2023-01-11,Wed,Ligue 1,Home,D,2.0,2.0,Monaco,,8.0,6.0,8.0,13.0,1.0,0.0,1.0,0.0,2023,Lorient,2
2023-01-11,Wed,Ligue 1,Away,D,0.0,0.0,Nantes,,10.0,6.0,15.0,12.0,3.0,0.0,2.0,0.0,2023,Lyon,2
2023-01-11,Wed,Ligue 1,Away,W,2.0,0.0,Troyes,,13.0,4.0,13.0,12.0,3.0,0.0,2.0,0.0,2023,Marseille,2
2023-01-11,Wed,Ligue 1,Away,D,2.0,2.0,Lorient,,16.0,4.0,13.0,8.0,1.0,0.0,1.0,0.0,2023,Monaco,2
2023-01-11,Wed,Ligue 1,Away,L,1.0,6.0,Nice,,4.0,2.0,17.0,16.0,1.0,0.0,1.0,0.0,2023,Montpellier,2
2023-01-11,Wed,Ligue 1,Home,D,0.0,0.0,Lyon,,13.0,5.0,12.0,15.0,2.0,0.0,3.0,0.0,2023,Nantes,2
2023-01-11,Wed,Ligue 1,Home,W,6.0,1.0,Montpellier,,16.0,10.0,16.0,17.0,1.0,0.0,1.0,0.0,2023,Nice,2
2023-01-11,Wed,Ligue 1,Home,W,2.0,0.0,Angers,,9.0,6.0,5.0,10.0,1.0,0.0,2.0,0.0,2023,Paris SG,2
2023-01-11,Wed,Ligue 1,Away,W,1.0,0.0,Ajaccio,,9.0,3.0,22.0,20.0,3.0,0.0,3.0,0.0,2023,Reims,2
2023-01-11,Wed,Ligue 1,Away,L,1.0,2.0,Clermont,,9.0,2.0,13.0,12.0,2.0,2.0,0.0,0.0,2023,Rennes,2
2023-01-11,Wed,Ligue 1,Home,D,2.0,2.0,Lens,,9.0,6.0,15.0,10.0,1.0,0.0,1.0,0.0,2023,Strasbourg,2
2023-01-11,Wed,Ligue 1,Away,W,5.0,0.0,Auxerre,,9.0,7.0,13.0,22.0,1.0,0.0,3.0,0.0,2023,Toulouse,2
2023-01-11,Wed,Ligue 1,Home,L,0.0,2.0,Marseille,,5.0,1.0,12.0,13.0,2.0,0.0,3.0,0.0,2023,Troyes,2
2023-01-14,Sat,Ligue 1,Away,L,0.0,1.0,Lens,,6.0,1.0,16.0,21.0,4.0,1.0,2.0,0.0,2023,Auxerre,5
2023-01-14,Sat,Ligue 1,Home,W,1.0,0.0,Auxerre,,10.0,2.0,21.0,16.0,2.0,0.0,4.0,1.0,2023,Lens,5
2023-01-14,Sat,Ligue 1,Away,L,1.0,3.0,Marseille,,11.0,3.0,12.0,14.0,0.0,0.0,1.0,0.0,2023,Lorient,5
2023-01-14,Sat,Ligue 1,Home,L,1.0,2.0,Strasbourg,,28.0,7.0,10.0,16.0,1.0,0.0,3.0,0.0,2023,Lyon,5
2023-01-14,Sat,Ligue 1,Home,W,3.0,1.0,Lorient,,16.0,8.0,14.0,12.0,1.0,0.0,0.0,0.0,2023,Marseille,5
2023-01-14,Sat,Ligue 1,Away,W,2.0,1.0,Lyon,,8.0,6.0,16.0,10.0,3.0,0.0,1.0,0.0,2023,Strasbourg,5
2023-01-15,Sun,Ligue 1,Away,L,1.0,7.0,Monaco,,5.0,2.0,14.0,8.0,2.0,0.0,1.0,0.0,2023,Ajaccio,6
2023-01-15,Sun,Ligue 1,Home,L,1.0,2.0,Clermont,,5.0,1.0,15.0,11.0,2.0,0.0,2.0,0.0,2023,Angers,6
2023-01-15,Sun,Ligue 1,Away,D,1.0,1.0,Toulouse,,17.0,5.0,12.0,16.0,2.0,0.0,2.0,0.0,2023,Brest,6
2023-01-15,Sun,Ligue 1,Away,W,2.0,1.0,Angers,,10.0,6.0,11.0,15.0,2.0,0.0,2.0,0.0,2023,Clermont,6
2023-01-15,Sun,Ligue 1,Home,W,5.0,1.0,Troyes,,23.0,13.0,12.0,5.0,1.0,0.0,0.0,0.0,2023,Lille,6
2023-01-15,Sun,Ligue 1,Home,W,7.0,1.0,Ajaccio,,11.0,8.0,8.0,14.0,1.0,0.0,2.0,0.0,2023,Monaco,6
2023-01-15,Sun,Ligue 1,Home,L,0.0,3.0,Nantes,,11.0,5.0,13.0,14.0,1.0,2.0,2.0,0.0,2023,Montpellier,6
2023-01-15,Sun,Ligue 1,Away,W,3.0,0.0,Montpellier,,12.0,7.0,14.0,13.0,2.0,0.0,1.0,2.0,2023,Nantes,6
2023-01-15,Sun,Ligue 1,Away,D,0.0,0.0,Reims,,6.0,4.0,5.0,5.0,1.0,0.0,1.0,0.0,2023,Nice,6
2023-01-15,Sun,Ligue 1,Away,L,0.0,1.0,Rennes,,8.0,1.0,17.0,8.0,0.0,0.0,0.0,0.0,2023,Paris SG,6
2023-01-15,Sun,Ligue 1,Home,D,0.0,0.0,Nice,,13.0,2.0,5.0,5.0,1.0,0.0,1.0,0.0,2023,Reims,6
2023-01-15,Sun,Ligue 1,Home,W,1.0,0.0,Paris SG,,8.0,6.0,8.0,17.0,0.0,0.0,0.0,0.0,2023,Rennes,6
2023-01-15,Sun,Ligue 1,Home,D,1.0,1.0,Brest,,16.0,7.0,16.0,12.0,2.0,0.0,2.0,0.0,2023,Toulouse,6
2023-01-15,Sun,Ligue 1,Away,L,1.0,5.0,Lille,,10.0,2.0,5.0,12.0,0.0,0.0,1.0,0.0,2023,Troyes,6
2023-01-27,Fri,Ligue 1,Home,W,2.0,1.0,Rennes,,4.0,4.0,4.0,6.0,1.0,0.0,1.0,0.0,2023,Lorient,4
2023-01-27,Fri,Ligue 1,Away,L,1.0,2.0,Lorient,,19.0,6.0,6.0,4.0,1.0,0.0,1.0,0.0,2023,Rennes,4
2023-01-28,Sat,Ligue 1,Away,D,1.0,1.0,Troyes,,21.0,5.0,7.0,12.0,2.0,0.0,2.0,0.0,2023,Lens,5
2023-01-28,Sat,Ligue 1,Home,D,1.0,1.0,Monaco,,22.0,6.0,7.0,9.0,2.0,0.0,2.0,0.0,2023,Marseille,5
2023-01-28,Sat,Ligue 1,Away,D,1.0,1.0,Marseille,,11.0,4.0,9.0,7.0,2.0,0.0,2.0,0.0,2023,Monaco,5
2023-01-28,Sat,Ligue 1,Home,D,1.0,1.0,Lens,,6.0,1.0,12.0,7.0,2.0,0.0,2.0,0.0,2023,Troyes,5
2023-01-29,Sun,Ligue 1,Home,L,0.0,2.0,Lyon,,16.0,5.0,22.0,18.0,2.0,0.0,3.0,0.0,2023,Ajaccio,6
2023-01-29,Sun,Ligue 1,Away,L,0.0,4.0,Brest,,8.0,1.0,17.0,10.0,2.0,0.0,0.0,0.0,2023,Angers,6
2023-01-29,Sun,Ligue 1,Home,L,0.0,2.0,Montpellier,,16.0,5.0,13.0,18.0,1.0,0.0,3.0,0.0,2023,Auxerre,6
2023-01-29,Sun,Ligue 1,Home,W,4.0,0.0,Angers,,9.0,7.0,10.0,17.0,0.0,0.0,2.0,0.0,2023,Brest,6
2023-01-29,Sun,Ligue 1,Home,D,0.0,0.0,Nantes,,9.0,0.0,9.0,23.0,2.0,0.0,1.0,0.0,2023,Clermont,6
2023-01-29,Sun,Ligue 1,Away,L,0.0,1.0,Nice,,16.0,7.0,11.0,12.0,2.0,0.0,3.0,0.0,2023,Lille,6
2023-01-29,Sun,Ligue 1,Away,W,2.0,0.0,Ajaccio,,8.0,2.0,18.0,22.0,3.0,0.0,2.0,0.0,2023,Lyon,6
2023-01-29,Sun,Ligue 1,Away,W,2.0,0.0,Auxerre,,4.0,3.0,18.0,13.0,3.0,0.0,1.0,0.0,2023,Montpellier,6
2023-01-29,Sun,Ligue 1,Away,D,0.0,0.0,Clermont,,4.0,0.0,23.0,9.0,1.0,0.0,2.0,0.0,2023,Nantes,6
2023-01-29,Sun,Ligue 1,Home,W,1.0,0.0,Lille,,12.0,6.0,12.0,11.0,3.0,0.0,2.0,0.0,2023,Nice,6
2023-01-29,Sun,Ligue 1,Home,D,1.0,1.0,Reims,,12.0,5.0,5.0,10.0,2.0,1.0,1.0,0.0,2023,Paris SG,6
2023-01-29,Sun,Ligue 1,Away,D,1.0,1.0,Paris SG,,17.0,4.0,10.0,5.0,1.0,0.0,2.0,1.0,2023,Reims,6
2023-01-29,Sun,Ligue 1,Home,L,1.0,2.0,Toulouse,,11.0,2.0,14.0,10.0,2.0,1.0,2.0,0.0,2023,Strasbourg,6
2023-01-29,Sun,Ligue 1,Away,W,2.0,1.0,Strasbourg,,10.0,3.0,10.0,14.0,2.0,0.0,2.0,1.0,2023,Toulouse,6
2023-02-01,Wed,Ligue 1,Away,W,2.0,1.0,Angers,,9.0,4.0,11.0,18.0,2.0,0.0,1.0,1.0,2023,Ajaccio,2
2023-02-01,Wed,Ligue 1,Home,L,1.0,2.0,Ajaccio,,6.0,2.0,18.0,11.0,1.0,1.0,2.0,0.0,2023,Angers,2
2023-02-01,Wed,Ligue 1,Away,L,2.0,3.0,Monaco,,11.0,3.0,7.0,11.0,0.0,0.0,0.0,0.0,2023,Auxerre,2
2023-02-01,Wed,Ligue 1,Away,D,0.0,0.0,Lyon,,8.0,1.0,13.0,10.0,0.0,0.0,0.0,0.0,2023,Brest,2
2023-02-01,Wed,Ligue 1,Away,D,0.0,0.0,Lille,,13.0,5.0,11.0,15.0,1.0,0.0,0.0,0.0,2023,Clermont,2
2023-02-01,Wed,Ligue 1,Home,L,0.0,1.0,Nice,,9.0,4.0,12.0,8.0,0.0,0.0,2.0,0.0,2023,Lens,2
2023-02-01,Wed,Ligue 1,Home,D,0.0,0.0,Clermont,,22.0,5.0,15.0,11.0,0.0,0.0,1.0,0.0,2023,Lille,2
2023-02-01,Wed,Ligue 1,Away,L,2.0,4.0,Reims,,12.0,5.0,7.0,11.0,0.0,0.0,1.0,0.0,2023,Lorient,2
2023-02-01,Wed,Ligue 1,Home,D,0.0,0.0,Brest,,28.0,8.0,10.0,13.0,0.0,0.0,0.0,0.0,2023,Lyon,2
2023-02-01,Wed,Ligue 1,Away,W,2.0,0.0,Nantes,,13.0,4.0,16.0,14.0,3.0,0.0,4.0,0.0,2023,Marseille,2
2023-02-01,Wed,Ligue 1,Home,W,3.0,2.0,Auxerre,,16.0,6.0,11.0,7.0,0.0,0.0,0.0,0.0,2023,Monaco,2
2023-02-01,Wed,Ligue 1,Home,L,1.0,3.0,Paris SG,,6.0,3.0,9.0,12.0,1.0,0.0,1.0,0.0,2023,Montpellier,2
2023-02-01,Wed,Ligue 1,Home,L,0.0,2.0,Marseille,,12.0,2.0,14.0,16.0,4.0,0.0,3.0,0.0,2023,Nantes,2
2023-02-01,Wed,Ligue 1,Away,W,1.0,0.0,Lens,,14.0,6.0,8.0,12.0,2.0,0.0,0.0,0.0,2023,Nice,2
2023-02-01,Wed,Ligue 1,Away,W,3.0,1.0,Montpellier,,19.0,8.0,12.0,9.0,1.0,0.0,1.0,0.0,2023,Paris SG,2
2023-02-01,Wed,Ligue 1,Home,W,4.0,2.0,Lorient,,31.0,9.0,11.0,7.0,1.0,0.0,0.0,0.0,2023,Reims,2
2023-02-01,Wed,Ligue 1,Home,W,3.0,0.0,Strasbourg,,6.0,3.0,12.0,13.0,0.0,0.0,1.0,0.0,2023,Rennes,2
2023-02-01,Wed,Ligue 1,Away,L,0.0,3.0,Rennes,,3.0,0.0,13.0,12.0,1.0,0.0,0.0,0.0,2023,Strasbourg,2
2023-02-01,Wed,Ligue 1,Home,W,4.0,1.0,Troyes,,13.0,6.0,12.0,14.0,2.0,0.0,3.0,0.0,2023,Toulouse,2
2023-02-01,Wed,Ligue 1,Away,L,1.0,4.0,Toulouse,,11.0,3.0,14.0,12.0,3.0,0.0,2.0,0.0,2023,Troyes,2
2023-02-04,Sat,Ligue 1,Away,W,3.0,1.0,Rennes,,15.0,6.0,9.0,16.0,2.0,0.0,1.0,0.0,2023,Lille,5
2023-02-04,Sat,Ligue 1,Away,W,3.0,1.0,Troyes,,10.0,6.0,14.0,10.0,1.0,0.0,0.0,0.0,2023,Lyon,5
2023-02-04,Sat,Ligue 1,Home,W,2.0,1.0,Toulouse,,22.0,5.0,9.0,14.0,2.0,0.0,2.0,0.0,2023,Paris SG,5
2023-02-04,Sat,Ligue 1,Home,L,1.0,3.0,Lille,,10.0,6.0,16.0,9.0,1.0,0.0,2.0,0.0,2023,Rennes,5
2023-02-04,Sat,Ligue 1,Away,L,1.0,2.0,Paris SG,,14.0,5.0,14.0,9.0,2.0,0.0,2.0,0.0,2023,Toulouse,5
2023-02-04,Sat,Ligue 1,Home,L,1.0,3.0,Lyon,,8.0,2.0,10.0,14.0,0.0,0.0,1.0,0.0,2023,Troyes,5
2023-02-05,Sun,Ligue 1,Home,L,0.0,2.0,Nantes,,8.0,2.0,16.0,16.0,2.0,1.0,1.0,0.0,2023,Ajaccio,6
2023-02-05,Sun,Ligue 1,Away,D,0.0,0.0,Lorient,,13.0,5.0,16.0,16.0,4.0,0.0,2.0,0.0,2023,Angers,6
2023-02-05,Sun,Ligue 1,Home,D,0.0,0.0,Reims,,12.0,3.0,13.0,10.0,2.0,0.0,0.0,0.0,2023,Auxerre,6
2023-02-05,Sun,Ligue 1,Home,D,1.0,1.0,Lens,,16.0,3.0,15.0,9.0,4.0,0.0,2.0,0.0,2023,Brest,6
2023-02-05,Sun,Ligue 1,Home,L,0.0,2.0,Monaco,,8.0,3.0,9.0,21.0,1.0,0.0,2.0,0.0,2023,Clermont,6
2023-02-05,Sun,Ligue 1,Away,D,1.0,1.0,Brest,,20.0,7.0,9.0,15.0,2.0,0.0,4.0,0.0,2023,Lens,6
2023-02-05,Sun,Ligue 1,Home,D,0.0,0.0,Angers,,13.0,2.0,16.0,16.0,2.0,0.0,4.0,0.0,2023,Lorient,6
2023-02-05,Sun,Ligue 1,Home,L,1.0,3.0,Nice,,22.0,5.0,10.0,5.0,0.0,0.0,1.0,0.0,2023,Marseille,6
2023-02-05,Sun,Ligue 1,Away,W,2.0,0.0,Clermont,,14.0,5.0,21.0,9.0,2.0,0.0,1.0,0.0,2023,Monaco,6
2023-02-05,Sun,Ligue 1,Away,L,0.0,2.0,Strasbourg,,11.0,0.0,16.0,11.0,1.0,0.0,3.0,1.0,2023,Montpellier,6
2023-02-05,Sun,Ligue 1,Away,W,2.0,0.0,Ajaccio,,7.0,3.0,16.0,16.0,1.0,0.0,2.0,1.0,2023,Nantes,6
2023-02-05,Sun,Ligue 1,Away,W,3.0,1.0,Marseille,,14.0,8.0,5.0,10.0,1.0,0.0,0.0,0.0,2023,Nice,6
2023-02-05,Sun,Ligue 1,Away,D,0.0,0.0,Auxerre,,8.0,4.0,10.0,13.0,0.0,0.0,2.0,0.0,2023,Reims,6
2023-02-05,Sun,Ligue 1,Home,W,2.0,0.0,Montpellier,,6.0,2.0,11.0,16.0,3.0,1.0,1.0,0.0,2023,Strasbourg,6
2023-02-10,Fri,Ligue 1,Away,L,0.0,3.0,Nice,,6.0,3.0,7.0,9.0,0.0,0.0,1.0,0.0,2023,Ajaccio,4
2023-02-10,Fri,Ligue 1,Home,W,3.0,0.0,Ajaccio,,11.0,3.0,9.0,7.0,1.0,0.0,0.0,0.0,2023,Nice,4
2023-02-11,Sat,Ligue 1,Home,L,0.0,2.0,Marseille,,9.0,4.0,15.0,16.0,4.0,0.0,3.0,0.0,2023,Clermont,5
2023-02-11,Sat,Ligue 1,Away,W,2.0,0.0,Clermont,,17.0,5.0,16.0,15.0,3.0,0.0,4.0,0.0,2023,Marseille,5
2023-02-11,Sat,Ligue 1,Home,W,3.0,1.0,Paris SG,,19.0,9.0,9.0,11.0,0.0,0.0,1.0,0.0,2023,Monaco,5
2023-02-11,Sat,Ligue 1,Away,L,1.0,3.0,Monaco,,7.0,2.0,11.0,9.0,1.0,0.0,0.0,0.0,2023,Paris SG,5
2023-02-12,Sun,Ligue 1,Home,D,1.0,1.0,Auxerre,,10.0,5.0,10.0,9.0,2.0,0.0,0.0,0.0,2023,Angers,6
2023-02-12,Sun,Ligue 1,Away,D,1.0,1.0,Angers,,15.0,4.0,9.0,10.0,0.0,0.0,2.0,0.0,2023,Auxerre,6
2023-02-12,Sun,Ligue 1,Away,L,0.0,3.0,Montpellier,,10.0,2.0,20.0,15.0,2.0,0.0,1.0,0.0,2023,Brest,6
2023-02-12,Sun,Ligue 1,Away,L,1.0,2.0,Lyon,,14.0,4.0,11.0,15.0,1.0,0.0,1.0,0.0,2023,Lens,6
2023-02-12,Sun,Ligue 1,Home,W,2.0,0.0,Strasbourg,,14.0,10.0,13.0,13.0,1.0,0.0,2.0,0.0,2023,Lille,6
2023-02-12,Sun,Ligue 1,Away,L,0.0,1.0,Nantes,,9.0,5.0,11.0,12.0,0.0,0.0,0.0,0.0,2023,Lorient,6
2023-02-12,Sun,Ligue 1,Home,W,2.0,1.0,Lens,,11.0,5.0,15.0,11.0,1.0,0.0,1.0,0.0,2023,Lyon,6
2023-02-12,Sun,Ligue 1,Home,W,3.0,0.0,Brest,,16.0,7.0,15.0,20.0,1.0,0.0,2.0,0.0,2023,Montpellier,6
2023-02-12,Sun,Ligue 1,Home,W,1.0,0.0,Lorient,,13.0,6.0,12.0,11.0,0.0,0.0,0.0,0.0,2023,Nantes,6
2023-02-12,Sun,Ligue 1,Home,W,4.0,0.0,Troyes,,20.0,10.0,13.0,14.0,1.0,0.0,2.0,0.0,2023,Reims,6
2023-02-12,Sun,Ligue 1,Away,L,1.0,3.0,Toulouse,,13.0,4.0,17.0,12.0,1.0,0.0,1.0,0.0,2023,Rennes,6
2023-02-12,Sun,Ligue 1,Away,L,0.0,2.0,Lille,,5.0,0.0,13.0,13.0,2.0,0.0,1.0,0.0,2023,Strasbourg,6
2023-02-12,Sun,Ligue 1,Home,W,3.0,1.0,Rennes,,13.0,7.0,12.0,17.0,1.0,0.0,1.0,0.0,2023,Toulouse,6
2023-02-12,Sun,Ligue 1,Away,L,0.0,4.0,Reims,,7.0,2.0,14.0,13.0,2.0,0.0,1.0,0.0,2023,Troyes,6
2023-02-17,Fri,Ligue 1,Home,W,2.0,1.0,Lyon,,8.0,3.0,17.0,12.0,4.0,0.0,2.0,0.0,2023,Auxerre,4
2023-02-17,Fri,Ligue 1,Away,L,1.0,2.0,Auxerre,,6.0,4.0,12.0,17.0,2.0,0.0,4.0,0.0,2023,Lyon,4
2023-02-18,Sat,Ligue 1,Away,L,1.0,2.0,Strasbourg,,10.0,3.0,16.0,14.0,3.0,0.0,3.0,0.0,2023,Angers,5
2023-02-18,Sat,Ligue 1,Home,D,0.0,0.0,Reims,,16.0,1.0,9.0,13.0,1.0,0.0,1.0,0.0,2023,Nice,5
2023-02-18,Sat,Ligue 1,Away,D,0.0,0.0,Nice,,10.0,2.0,13.0,9.0,1.0,0.0,1.0,0.0,2023,Reims,5
2023-02-18,Sat,Ligue 1,Home,W,2.0,1.0,Angers,,18.0,5.0,14.0,16.0,3.0,0.0,3.0,0.0,2023,Strasbourg,5
2023-02-19,Sun,Ligue 1,Away,L,0.0,3.0,Lorient,,12.0,3.0,14.0,11.0,2.0,0.0,0.0,0.0,2023,Ajaccio,6
2023-02-19,Sun,Ligue 1,Home,L,1.0,2.0,Monaco,,13.0,3.0,7.0,10.0,1.0,0.0,2.0,0.0,2023,Brest,6
2023-02-19,Sun,Ligue 1,Away,L,0.0,2.0,Rennes,,7.0,3.0,10.0,9.0,2.0,0.0,0.0,0.0,2023,Clermont,6
2023-02-19,Sun,Ligue 1,Home,W,3.0,1.0,Nantes,,19.0,6.0,9.0,15.0,0.0,0.0,0.0,0.0,2023,Lens,6
2023-02-19,Sun,Ligue 1,Away,L,3.0,4.0,Paris SG,,16.0,7.0,19.0,9.0,4.0,0.0,2.0,0.0,2023,Lille,6
2023-02-19,Sun,Ligue 1,Home,W,3.0,0.0,Ajaccio,,10.0,6.0,11.0,14.0,0.0,0.0,2.0,0.0,2023,Lorient,6
2023-02-19,Sun,Ligue 1,Away,W,3.0,2.0,Toulouse,,15.0,7.0,10.0,8.0,2.0,0.0,0.0,0.0,2023,Marseille,6
2023-02-19,Sun,Ligue 1,Away,W,2.0,1.0,Brest,,10.0,3.0,10.0,7.0,2.0,0.0,1.0,0.0,2023,Monaco,6
2023-02-19,Sun,Ligue 1,Away,W,1.0,0.0,Troyes,,19.0,7.0,9.0,12.0,1.0,1.0,2.0,1.0,2023,Montpellier,6
2023-02-19,Sun,Ligue 1,Away,L,1.0,3.0,Lens,,6.0,3.0,15.0,9.0,0.0,0.0,0.0,0.0,2023,Nantes,6
2023-02-19,Sun,Ligue 1,Home,W,4.0,3.0,Lille,,12.0,10.0,9.0,19.0,2.0,0.0,4.0,0.0,2023,Paris SG,6
2023-02-19,Sun,Ligue 1,Home,W,2.0,0.0,Clermont,,18.0,6.0,9.0,10.0,0.0,0.0,2.0,0.0,2023,Rennes,6
2023-02-19,Sun,Ligue 1,Home,L,2.0,3.0,Marseille,,15.0,6.0,8.0,10.0,0.0,0.0,2.0,0.0,2023,Toulouse,6
2023-02-19,Sun,Ligue 1,Home,L,0.0,1.0,Montpellier,,4.0,2.0,12.0,9.0,2.0,1.0,1.0,1.0,2023,Troyes,6
2023-02-24,Fri,Ligue 1,Away,L,1.0,2.0,Lille,,3.0,0.0,11.0,8.0,2.0,1.0,2.0,0.0,2023,Brest,4
2023-02-24,Fri,Ligue 1,Home,W,2.0,1.0,Brest,,18.0,4.0,8.0,11.0,2.0,0.0,2.0,1.0,2023,Lille,4
2023-02-25,Sat,Ligue 1,Home,L,1.0,3.0,Lyon,,11.0,2.0,16.0,6.0,0.0,0.0,0.0,0.0,2023,Angers,5
2023-02-25,Sat,Ligue 1,Away,D,1.0,1.0,Montpellier,,19.0,6.0,13.0,12.0,3.0,0.0,0.0,0.0,2023,Lens,5
2023-02-25,Sat,Ligue 1,Away,W,3.0,1.0,Angers,,7.0,5.0,6.0,16.0,0.0,0.0,0.0,0.0,2023,Lyon,5
2023-02-25,Sat,Ligue 1,Home,D,1.0,1.0,Lens,,8.0,3.0,12.0,13.0,0.0,0.0,3.0,0.0,2023,Montpellier,5
2023-02-26,Sun,Ligue 1,Home,W,2.0,1.0,Troyes,,14.0,6.0,8.0,15.0,2.0,0.0,2.0,1.0,2023,Ajaccio,6
2023-02-26,Sun,Ligue 1,Away,W,1.0,0.0,Lorient,,9.0,1.0,21.0,12.0,3.0,0.0,2.0,0.0,2023,Auxerre,6
2023-02-26,Sun,Ligue 1,Home,D,1.0,1.0,Strasbourg,,11.0,4.0,17.0,25.0,1.0,0.0,4.0,0.0,2023,Clermont,6
2023-02-26,Sun,Ligue 1,Home,L,0.0,1.0,Auxerre,,18.0,4.0,12.0,21.0,2.0,0.0,3.0,0.0,2023,Lorient,6
2023-02-26,Sun,Ligue 1,Home,L,0.0,3.0,Paris SG,,19.0,6.0,20.0,14.0,0.0,0.0,0.0,0.0,2023,Marseille,6
2023-02-26,Sun,Ligue 1,Home,L,0.0,3.0,Nice,,15.0,4.0,8.0,12.0,0.0,0.0,1.0,0.0,2023,Monaco,6
2023-02-26,Sun,Ligue 1,Home,L,0.0,1.0,Rennes,,20.0,7.0,8.0,12.0,2.0,0.0,2.0,0.0,2023,Nantes,6
2023-02-26,Sun,Ligue 1,Away,W,3.0,0.0,Monaco,,12.0,7.0,12.0,8.0,1.0,0.0,0.0,0.0,2023,Nice,6
2023-02-26,Sun,Ligue 1,Away,W,3.0,0.0,Marseille,,12.0,7.0,14.0,20.0,0.0,0.0,0.0,0.0,2023,Paris SG,6
2023-02-26,Sun,Ligue 1,Home,W,3.0,0.0,Toulouse,,18.0,6.0,12.0,14.0,0.0,0.0,0.0,0.0,2023,Reims,6
2023-02-26,Sun,Ligue 1,Away,W,1.0,0.0,Nantes,,11.0,3.0,12.0,8.0,2.0,0.0,2.0,0.0,2023,Rennes,6
2023-02-26,Sun,Ligue 1,Away,D,1.0,1.0,Clermont,,12.0,6.0,25.0,17.0,4.0,0.0,1.0,0.0,2023,Strasbourg,6
2023-02-26,Sun,Ligue 1,Away,L,0.0,3.0,Reims,,13.0,6.0,14.0,12.0,0.0,0.0,0.0,0.0,2023,Toulouse,6
2023-02-26,Sun,Ligue 1,Away,L,1.0,2.0,Ajaccio,,11.0,5.0,15.0,8.0,2.0,1.0,2.0,0.0,2023,Troyes,6
2023-03-03,Fri,Ligue 1,Away,D,1.0,1.0,Nice,,3.0,1.0,12.0,10.0,1.0,0.0,0.0,0.0,2023,Auxerre,4
2023-03-03,Fri,Ligue 1,Home,D,1.0,1.0,Auxerre,,17.0,5.0,10.0,12.0,0.0,0.0,1.0,0.0,2023,Nice,4
2023-03-04,Sat,Ligue 1,Home,D,1.0,1.0,Lille,,10.0,1.0,18.0,14.0,2.0,0.0,4.0,0.0,2023,Lens,5
2023-03-04,Sat,Ligue 1,Away,D,1.0,1.0,Lens,,11.0,6.0,14.0,18.0,4.0,0.0,2.0,0.0,2023,Lille,5
2023-03-04,Sat,Ligue 1,Away,L,2.0,4.0,Paris SG,,8.0,5.0,8.0,7.0,2.0,0.0,0.0,0.0,2023,Nantes,5
2023-03-04,Sat,Ligue 1,Home,W,4.0,2.0,Nantes,,17.0,11.0,7.0,8.0,0.0,0.0,2.0,0.0,2023,Paris SG,5
2023-03-05,Sun,Ligue 1,Away,L,0.0,1.0,Reims,,5.0,1.0,21.0,19.0,3.0,0.0,3.0,0.0,2023,Ajaccio,6
2023-03-05,Sun,Ligue 1,Away,L,0.0,5.0,Montpellier,,10.0,4.0,18.0,10.0,4.0,1.0,1.0,0.0,2023,Angers,6
2023-03-05,Sun,Ligue 1,Away,W,1.0,0.0,Strasbourg,,8.0,1.0,17.0,14.0,1.0,0.0,2.0,0.0,2023,Brest,6
2023-03-05,Sun,Ligue 1,Away,W,1.0,0.0,Toulouse,,12.0,3.0,4.0,20.0,1.0,0.0,4.0,0.0,2023,Clermont,6
2023-03-05,Sun,Ligue 1,Away,D,0.0,0.0,Lyon,,11.0,1.0,6.0,19.0,0.0,0.0,1.0,0.0,2023,Lorient,6
2023-03-05,Sun,Ligue 1,Home,D,0.0,0.0,Lorient,,17.0,5.0,19.0,6.0,1.0,0.0,0.0,0.0,2023,Lyon,6
2023-03-05,Sun,Ligue 1,Away,W,1.0,0.0,Rennes,,11.0,4.0,10.0,10.0,1.0,0.0,1.0,0.0,2023,Marseille,6
2023-03-05,Sun,Ligue 1,Away,D,2.0,2.0,Troyes,,17.0,4.0,8.0,8.0,1.0,0.0,0.0,0.0,2023,Monaco,6
2023-03-05,Sun,Ligue 1,Home,W,5.0,0.0,Angers,,15.0,8.0,10.0,18.0,1.0,0.0,4.0,1.0,2023,Montpellier,6
2023-03-05,Sun,Ligue 1,Home,W,1.0,0.0,Ajaccio,,12.0,3.0,19.0,21.0,3.0,0.0,3.0,0.0,2023,Reims,6
2023-03-05,Sun,Ligue 1,Home,L,0.0,1.0,Marseille,,13.0,2.0,10.0,10.0,1.0,0.0,1.0,0.0,2023,Rennes,6
2023-03-05,Sun,Ligue 1,Home,L,0.0,1.0,Brest,,17.0,4.0,14.0,17.0,2.0,0.0,1.0,0.0,2023,Strasbourg,6
2023-03-05,Sun,Ligue 1,Home,L,0.0,1.0,Clermont,,9.0,0.0,20.0,4.0,4.0,0.0,1.0,0.0,2023,Toulouse,6
2023-03-05,Sun,Ligue 1,Home,D,2.0,2.0,Monaco,,13.0,6.0,8.0,8.0,0.0,0.0,1.0,0.0,2023,Troyes,6
2023-03-10,Fri,Ligue 1,Home,D,3.0,3.0,Lyon,,8.0,6.0,20.0,19.0,5.0,0.0,4.0,0.0,2023,Lille,4
2023-03-10,Fri,Ligue 1,Away,D,3.0,3.0,Lille,,6.0,5.0,19.0,20.0,4.0,0.0,5.0,0.0,2023,Lyon,4
2023-03-11,Sat,Ligue 1,Home,D,0.0,0.0,Rennes,,12.0,0.0,14.0,11.0,2.0,0.0,2.0,0.0,2023,Auxerre,5
2023-03-11,Sat,Ligue 1,Home,L,1.0,2.0,Paris SG,,7.0,2.0,6.0,12.0,1.0,0.0,1.0,0.0,2023,Brest,5
2023-03-11,Sat,Ligue 1,Away,W,2.0,1.0,Brest,,17.0,8.0,12.0,6.0,1.0,0.0,1.0,0.0,2023,Paris SG,5
2023-03-11,Sat,Ligue 1,Away,D,0.0,0.0,Auxerre,,7.0,2.0,11.0,14.0,2.0,0.0,2.0,0.0,2023,Rennes,5
2023-03-12,Sun,Ligue 1,Home,L,0.0,1.0,Montpellier,,7.0,1.0,13.0,18.0,2.0,0.0,2.0,0.0,2023,Ajaccio,6
2023-03-12,Sun,Ligue 1,Home,L,0.0,2.0,Toulouse,,13.0,2.0,8.0,11.0,0.0,0.0,1.0,0.0,2023,Angers,6
2023-03-12,Sun,Ligue 1,Home,L,0.0,4.0,Lens,,9.0,6.0,13.0,13.0,1.0,0.0,2.0,0.0,2023,Clermont,6
2023-03-12,Sun,Ligue 1,Away,W,4.0,0.0,Clermont,,13.0,6.0,13.0,13.0,2.0,0.0,1.0,0.0,2023,Lens,6
2023-03-12,Sun,Ligue 1,Home,W,2.0,0.0,Troyes,,16.0,6.0,11.0,10.0,0.0,0.0,2.0,0.0,2023,Lorient,6
2023-03-12,Sun,Ligue 1,Home,D,2.0,2.0,Strasbourg,,7.0,4.0,6.0,15.0,0.0,1.0,4.0,0.0,2023,Marseille,6
2023-03-12,Sun,Ligue 1,Home,L,0.0,1.0,Reims,,14.0,3.0,9.0,14.0,1.0,0.0,2.0,0.0,2023,Monaco,6
2023-03-12,Sun,Ligue 1,Away,W,1.0,0.0,Ajaccio,,12.0,4.0,18.0,13.0,2.0,0.0,2.0,0.0,2023,Montpellier,6
2023-03-12,Sun,Ligue 1,Home,D,2.0,2.0,Nice,,10.0,3.0,9.0,11.0,1.0,0.0,1.0,0.0,2023,Nantes,6
2023-03-12,Sun,Ligue 1,Away,D,2.0,2.0,Nantes,,16.0,8.0,11.0,9.0,1.0,0.0,1.0,0.0,2023,Nice,6
2023-03-12,Sun,Ligue 1,Away,W,1.0,0.0,Monaco,,17.0,8.0,14.0,9.0,2.0,0.0,1.0,0.0,2023,Reims,6
2023-03-12,Sun,Ligue 1,Away,D,2.0,2.0,Marseille,,24.0,9.0,15.0,6.0,4.0,0.0,0.0,1.0,2023,Strasbourg,6
2023-03-12,Sun,Ligue 1,Away,W,2.0,0.0,Angers,,8.0,5.0,11.0,8.0,1.0,0.0,0.0,0.0,2023,Toulouse,6
2023-03-12,Sun,Ligue 1,Away,L,0.0,2.0,Lorient,,9.0,2.0,10.0,11.0,2.0,0.0,0.0,0.0,2023,Troyes,6
2023-03-17,Fri,Ligue 1,Home,D,1.0,1.0,Nantes,,11.0,6.0,13.0,7.0,0.0,0.0,1.0,0.0,2023,Lyon,4
2023-03-17,Fri,Ligue 1,Away,D,1.0,1.0,Lyon,,11.0,5.0,7.0,13.0,1.0,0.0,0.0,0.0,2023,Nantes,4
2023-03-18,Sat,Ligue 1,Away,L,0.0,3.0,Lens,,3.0,1.0,15.0,7.0,0.0,0.0,0.0,0.0,2023,Angers,5
2023-03-18,Sat,Ligue 1,Home,W,3.0,0.0,Angers,,12.0,6.0,7.0,15.0,0.0,0.0,0.0,0.0,2023,Lens,5
2023-03-18,Sat,Ligue 1,Away,W,2.0,0.0,Toulouse,,18.0,5.0,2.0,12.0,0.0,0.0,2.0,0.0,2023,Lille,5
2023-03-18,Sat,Ligue 1,Home,L,0.0,2.0,Lille,,16.0,4.0,12.0,2.0,2.0,0.0,0.0,0.0,2023,Toulouse,5
2023-03-19,Sun,Ligue 1,Home,L,0.0,2.0,Monaco,,10.0,1.0,20.0,13.0,2.0,1.0,1.0,0.0,2023,Ajaccio,6
2023-03-19,Sun,Ligue 1,Away,L,0.0,2.0,Strasbourg,,8.0,1.0,11.0,14.0,1.0,0.0,2.0,0.0,2023,Auxerre,6
2023-03-19,Sun,Ligue 1,Away,D,2.0,2.0,Troyes,,9.0,2.0,10.0,12.0,1.0,0.0,1.0,0.0,2023,Brest,6
2023-03-19,Sun,Ligue 1,Away,L,1.0,2.0,Montpellier,,16.0,8.0,15.0,15.0,1.0,0.0,3.0,1.0,2023,Clermont,6
2023-03-19,Sun,Ligue 1,Away,D,1.0,1.0,Nice,,9.0,3.0,10.0,13.0,2.0,1.0,0.0,0.0,2023,Lorient,6
2023-03-19,Sun,Ligue 1,Away,W,2.0,1.0,Reims,,12.0,5.0,11.0,13.0,3.0,0.0,2.0,0.0,2023,Marseille,6
2023-03-19,Sun,Ligue 1,Away,W,2.0,0.0,Ajaccio,,8.0,4.0,13.0,20.0,1.0,0.0,2.0,1.0,2023,Monaco,6
2023-03-19,Sun,Ligue 1,Home,W,2.0,1.0,Clermont,,23.0,9.0,15.0,15.0,3.0,1.0,1.0,0.0,2023,Montpellier,6
2023-03-19,Sun,Ligue 1,Home,D,1.0,1.0,Lorient,,16.0,1.0,13.0,10.0,0.0,0.0,2.0,1.0,2023,Nice,6
2023-03-19,Sun,Ligue 1,Home,L,0.0,2.0,Rennes,,17.0,8.0,11.0,12.0,1.0,0.0,1.0,0.0,2023,Paris SG,6
2023-03-19,Sun,Ligue 1,Home,L,1.0,2.0,Marseille,,19.0,6.0,13.0,11.0,2.0,0.0,3.0,0.0,2023,Reims,6
2023-03-19,Sun,Ligue 1,Away,W,2.0,0.0,Paris SG,,10.0,3.0,12.0,11.0,1.0,0.0,1.0,0.0,2023,Rennes,6
2023-03-19,Sun,Ligue 1,Home,W,2.0,0.0,Auxerre,,13.0,6.0,14.0,11.0,2.0,0.0,1.0,0.0,2023,Strasbourg,6
2023-03-19,Sun,Ligue 1,Home,D,2.0,2.0,Brest,,15.0,5.0,12.0,10.0,1.0,0.0,1.0,0.0,2023,Troyes,6
2023-03-31,Fri,Ligue 1,Home,D,1.0,1.0,Montpellier,,13.0,2.0,15.0,9.0,2.0,0.0,2.0,0.0,2023,Marseille,4
2023-03-31,Fri,Ligue 1,Away,D,1.0,1.0,Marseille,,9.0,3.0,9.0,15.0,2.0,0.0,2.0,0.0,2023,Montpellier,4
2023-04-01,Sat,Ligue 1,Home,W,1.0,0.0,Troyes,,13.0,5.0,7.0,15.0,0.0,0.0,0.0,0.0,2023,Auxerre,5
2023-04-01,Sat,Ligue 1,Away,W,1.0,0.0,Rennes,,12.0,4.0,11.0,13.0,2.0,0.0,2.0,0.0,2023,Lens,5
2023-04-01,Sat,Ligue 1,Home,L,0.0,1.0,Lens,,10.0,3.0,13.0,11.0,2.0,0.0,2.0,0.0,2023,Rennes,5
2023-04-01,Sat,Ligue 1,Away,L,0.0,1.0,Auxerre,,14.0,2.0,15.0,7.0,0.0,0.0,0.0,0.0,2023,Troyes,5
2023-04-02,Sun,Ligue 1,Away,L,1.0,2.0,Clermont,,3.0,2.0,22.0,15.0,5.0,1.0,2.0,0.0,2023,Ajaccio,6
2023-04-02,Sun,Ligue 1,Home,D,1.0,1.0,Nice,,13.0,6.0,8.0,11.0,1.0,0.0,1.0,0.0,2023,Angers,6
2023-04-02,Sun,Ligue 1,Home,W,3.0,1.0,Toulouse,,17.0,7.0,16.0,12.0,2.0,0.0,5.0,1.0,2023,Brest,6
2023-04-02,Sun,Ligue 1,Home,W,2.0,1.0,Ajaccio,,14.0,6.0,15.0,22.0,2.0,0.0,5.0,1.0,2023,Clermont,6
2023-04-02,Sun,Ligue 1,Home,W,3.0,1.0,Lorient,,20.0,7.0,14.0,9.0,3.0,0.0,3.0,1.0,2023,Lille,6
2023-04-02,Sun,Ligue 1,Away,L,1.0,3.0,Lille,,2.0,1.0,9.0,14.0,3.0,1.0,3.0,0.0,2023,Lorient,6
2023-04-02,Sun,Ligue 1,Away,W,1.0,0.0,Paris SG,,10.0,3.0,16.0,10.0,3.0,0.0,3.0,0.0,2023,Lyon,6
2023-04-02,Sun,Ligue 1,Home,W,4.0,3.0,Strasbourg,,9.0,7.0,15.0,17.0,3.0,1.0,1.0,0.0,2023,Monaco,6
2023-04-02,Sun,Ligue 1,Home,L,0.0,3.0,Reims,,12.0,6.0,10.0,13.0,1.0,0.0,2.0,0.0,2023,Nantes,6
2023-04-02,Sun,Ligue 1,Away,D,1.0,1.0,Angers,,12.0,3.0,11.0,8.0,1.0,0.0,1.0,0.0,2023,Nice,6
2023-04-02,Sun,Ligue 1,Home,L,0.0,1.0,Lyon,,16.0,5.0,10.0,16.0,3.0,0.0,3.0,0.0,2023,Paris SG,6
2023-04-02,Sun,Ligue 1,Away,W,3.0,0.0,Nantes,,14.0,9.0,13.0,10.0,2.0,0.0,1.0,0.0,2023,Reims,6
2023-04-02,Sun,Ligue 1,Away,L,3.0,4.0,Monaco,,13.0,6.0,17.0,15.0,1.0,0.0,3.0,1.0,2023,Strasbourg,6
2023-04-02,Sun,Ligue 1,Away,L,1.0,3.0,Brest,,8.0,3.0,12.0,16.0,5.0,1.0,2.0,0.0,2023,Toulouse,6
2023-04-07,Fri,Ligue 1,Home,W,2.0,1.0,Strasbourg,,13.0,9.0,19.0,19.0,1.0,0.0,5.0,1.0,2023,Lens,4
2023-04-07,Fri,Ligue 1,Away,L,1.0,2.0,Lens,,13.0,3.0,19.0,19.0,5.0,1.0,1.0,0.0,2023,Strasbourg,4
2023-04-08,Sat,Ligue 1,Home,W,1.0,0.0,Lille,,7.0,5.0,18.0,18.0,2.0,0.0,3.0,0.0,2023,Angers,5
2023-04-08,Sat,Ligue 1,Away,L,0.0,1.0,Angers,,15.0,5.0,18.0,18.0,3.0,0.0,2.0,0.0,2023,Lille,5
2023-04-08,Sat,Ligue 1,Home,L,0.0,2.0,Paris SG,,21.0,7.0,8.0,2.0,1.0,0.0,0.0,0.0,2023,Nice,5
2023-04-08,Sat,Ligue 1,Away,W,2.0,0.0,Nice,,13.0,4.0,2.0,8.0,0.0,0.0,1.0,0.0,2023,Paris SG,5
2023-04-09,Sun,Ligue 1,Home,L,0.0,3.0,Auxerre,,9.0,2.0,13.0,15.0,1.0,0.0,3.0,0.0,2023,Ajaccio,6
2023-04-09,Sun,Ligue 1,Away,W,3.0,0.0,Ajaccio,,11.0,4.0,15.0,13.0,3.0,0.0,1.0,0.0,2023,Auxerre,6
2023-04-09,Sun,Ligue 1,Away,D,1.0,1.0,Reims,,12.0,5.0,13.0,9.0,1.0,0.0,0.0,0.0,2023,Brest,6
2023-04-09,Sun,Ligue 1,Away,W,2.0,0.0,Troyes,,12.0,4.0,9.0,18.0,2.0,0.0,3.0,0.0,2023,Clermont,6
2023-04-09,Sun,Ligue 1,Home,D,0.0,0.0,Marseille,,9.0,5.0,10.0,18.0,0.0,0.0,2.0,0.0,2023,Lorient,6
2023-04-09,Sun,Ligue 1,Home,W,3.0,1.0,Rennes,,11.0,3.0,14.0,17.0,2.0,0.0,2.0,0.0,2023,Lyon,6
2023-04-09,Sun,Ligue 1,Away,D,0.0,0.0,Lorient,,13.0,2.0,18.0,10.0,2.0,0.0,0.0,0.0,2023,Marseille,6
2023-04-09,Sun,Ligue 1,Away,D,2.0,2.0,Nantes,,16.0,10.0,11.0,13.0,1.0,0.0,3.0,0.0,2023,Monaco,6
2023-04-09,Sun,Ligue 1,Home,L,1.0,2.0,Toulouse,,16.0,8.0,16.0,19.0,0.0,0.0,2.0,0.0,2023,Montpellier,6
2023-04-09,Sun,Ligue 1,Home,D,2.0,2.0,Monaco,,9.0,2.0,13.0,11.0,3.0,0.0,1.0,0.0,2023,Nantes,6
2023-04-09,Sun,Ligue 1,Home,D,1.0,1.0,Brest,,22.0,7.0,9.0,13.0,0.0,0.0,1.0,0.0,2023,Reims,6
2023-04-09,Sun,Ligue 1,Away,L,1.0,3.0,Lyon,,11.0,3.0,17.0,14.0,2.0,0.0,2.0,0.0,2023,Rennes,6
2023-04-09,Sun,Ligue 1,Away,W,2.0,1.0,Montpellier,,15.0,8.0,19.0,16.0,2.0,0.0,0.0,0.0,2023,Toulouse,6
2023-04-09,Sun,Ligue 1,Home,L,0.0,2.0,Clermont,,9.0,3.0,18.0,9.0,3.0,0.0,2.0,0.0,2023,Troyes,6
2023-04-14,Fri,Ligue 1,Away,W,2.0,1.0,Toulouse,,14.0,3.0,10.0,14.0,4.0,0.0,1.0,0.0,2023,Lyon,4
2023-04-14,Fri,Ligue 1,Home,L,1.0,2.0,Lyon,,13.0,6.0,14.0,10.0,1.0,0.0,4.0,0.0,2023,Toulouse,4
2023-04-15,Sat,Ligue 1,Away,L,1.0,3.0,Paris SG,,14.0,7.0,8.0,12.0,0.0,1.0,0.0,0.0,2023,Lens,5
2023-04-15,Sat,Ligue 1,Home,W,3.0,1.0,Lens,,15.0,7.0,12.0,8.0,0.0,0.0,0.0,1.0,2023,Paris SG,5
2023-04-15,Sat,Ligue 1,Away,L,0.0,3.0,Rennes,,5.0,1.0,14.0,12.0,2.0,0.0,1.0,0.0,2023,Reims,5
2023-04-15,Sat,Ligue 1,Home,W,3.0,0.0,Reims,,23.0,8.0,12.0,14.0,1.0,0.0,2.0,0.0,2023,Rennes,5
2023-04-16,Sun,Ligue 1,Away,L,1.0,3.0,Strasbourg,,8.0,1.0,19.0,14.0,5.0,0.0,2.0,0.0,2023,Ajaccio,6
2023-04-16,Sun,Ligue 1,Away,L,1.0,2.0,Clermont,,7.0,4.0,15.0,12.0,3.0,0.0,1.0,2.0,2023,Angers,6
2023-04-16,Sun,Ligue 1,Home,W,2.0,1.0,Nantes,,13.0,7.0,14.0,8.0,2.0,0.0,2.0,0.0,2023,Auxerre,6
2023-04-16,Sun,Ligue 1,Home,W,1.0,0.0,Nice,,14.0,3.0,15.0,14.0,1.0,0.0,3.0,0.0,2023,Brest,6
2023-04-16,Sun,Ligue 1,Home,W,2.0,1.0,Angers,,12.0,5.0,12.0,15.0,1.0,2.0,3.0,0.0,2023,Clermont,6
2023-04-16,Sun,Ligue 1,Home,W,2.0,1.0,Montpellier,,17.0,7.0,15.0,19.0,1.0,0.0,3.0,0.0,2023,Lille,6
2023-04-16,Sun,Ligue 1,Away,L,1.0,3.0,Monaco,,7.0,4.0,10.0,18.0,1.0,0.0,0.0,0.0,2023,Lorient,6
2023-04-16,Sun,Ligue 1,Home,W,3.0,1.0,Troyes,,28.0,6.0,13.0,8.0,0.0,0.0,2.0,0.0,2023,Marseille,6
2023-04-16,Sun,Ligue 1,Home,W,3.0,1.0,Lorient,,11.0,7.0,18.0,10.0,0.0,0.0,1.0,0.0,2023,Monaco,6
2023-04-16,Sun,Ligue 1,Away,L,1.0,2.0,Lille,,4.0,1.0,19.0,15.0,3.0,0.0,1.0,0.0,2023,Montpellier,6
2023-04-16,Sun,Ligue 1,Away,L,1.0,2.0,Auxerre,,17.0,7.0,8.0,14.0,2.0,0.0,2.0,0.0,2023,Nantes,6
2023-04-16,Sun,Ligue 1,Away,L,0.0,1.0,Brest,,12.0,6.0,14.0,15.0,3.0,0.0,1.0,0.0,2023,Nice,6
2023-04-16,Sun,Ligue 1,Home,W,3.0,1.0,Ajaccio,,12.0,6.0,14.0,19.0,2.0,0.0,5.0,0.0,2023,Strasbourg,6
2023-04-16,Sun,Ligue 1,Away,L,1.0,3.0,Marseille,,4.0,2.0,8.0,13.0,2.0,0.0,0.0,0.0,2023,Troyes,6
2023-04-21,Fri,Ligue 1,Home,L,1.0,2.0,Paris SG,,16.0,4.0,6.0,8.0,0.0,0.0,0.0,0.0,2023,Angers,4
2023-04-21,Fri,Ligue 1,Away,W,2.0,1.0,Angers,,10.0,4.0,8.0,6.0,0.0,0.0,0.0,0.0,2023,Paris SG,4
2023-04-22,Sat,Ligue 1,Home,D,1.0,1.0,Lille,,8.0,4.0,12.0,12.0,0.0,0.0,1.0,0.0,2023,Auxerre,5
2023-04-22,Sat,Ligue 1,Home,W,3.0,0.0,Monaco,,21.0,8.0,8.0,14.0,0.0,0.0,2.0,0.0,2023,Lens,5
2023-04-22,Sat,Ligue 1,Away,D,1.0,1.0,Auxerre,,14.0,6.0,12.0,12.0,1.0,0.0,0.0,0.0,2023,Lille,5
2023-04-22,Sat,Ligue 1,Away,L,0.0,3.0,Lens,,11.0,4.0,14.0,8.0,2.0,0.0,0.0,0.0,2023,Monaco,5
2023-04-23,Sun,Ligue 1,Home,D,0.0,0.0,Brest,,3.0,2.0,11.0,20.0,2.0,1.0,2.0,0.0,2023,Ajaccio,6
2023-04-23,Sun,Ligue 1,Away,D,0.0,0.0,Ajaccio,,10.0,2.0,20.0,11.0,2.0,0.0,2.0,1.0,2023,Brest,6
2023-04-23,Sun,Ligue 1,Away,W,2.0,1.0,Nice,,9.0,3.0,9.0,19.0,2.0,0.0,1.0,0.0,2023,Clermont,6
2023-04-23,Sun,Ligue 1,Home,L,0.0,1.0,Toulouse,,9.0,1.0,13.0,12.0,3.0,0.0,2.0,0.0,2023,Lorient,6
2023-04-23,Sun,Ligue 1,Home,L,1.0,2.0,Marseille,,7.0,2.0,11.0,18.0,2.0,0.0,1.0,0.0,2023,Lyon,6
2023-04-23,Sun,Ligue 1,Away,W,2.0,1.0,Lyon,,14.0,7.0,18.0,11.0,1.0,0.0,2.0,0.0,2023,Marseille,6
2023-04-23,Sun,Ligue 1,Home,W,1.0,0.0,Rennes,,11.0,2.0,11.0,13.0,3.0,1.0,2.0,0.0,2023,Montpellier,6
2023-04-23,Sun,Ligue 1,Home,D,2.0,2.0,Troyes,,19.0,9.0,12.0,10.0,1.0,0.0,0.0,0.0,2023,Nantes,6
2023-04-23,Sun,Ligue 1,Home,L,1.0,2.0,Clermont,,15.0,5.0,19.0,9.0,1.0,0.0,2.0,0.0,2023,Nice,6
2023-04-23,Sun,Ligue 1,Home,L,0.0,2.0,Strasbourg,,15.0,5.0,11.0,12.0,2.0,0.0,1.0,0.0,2023,Reims,6
2023-04-23,Sun,Ligue 1,Away,L,0.0,1.0,Montpellier,,16.0,4.0,13.0,11.0,2.0,0.0,3.0,1.0,2023,Rennes,6
2023-04-23,Sun,Ligue 1,Away,W,2.0,0.0,Reims,,9.0,3.0,12.0,11.0,1.0,0.0,2.0,0.0,2023,Strasbourg,6
2023-04-23,Sun,Ligue 1,Away,W,1.0,0.0,Lorient,,13.0,4.0,12.0,13.0,2.0,0.0,3.0,0.0,2023,Toulouse,6
2023-04-23,Sun,Ligue 1,Away,D,2.0,2.0,Nantes,,9.0,4.0,10.0,12.0,0.0,0.0,1.0,0.0,2023,Troyes,6
2023-04-28,Fri,Ligue 1,Away,W,2.0,1.0,Strasbourg,,7.0,4.0,24.0,13.0,4.0,1.0,2.0,0.0,2023,Lyon,4
2023-04-28,Fri,Ligue 1,Home,L,1.0,2.0,Lyon,,11.0,3.0,13.0,24.0,2.0,0.0,4.0,1.0,2023,Strasbourg,4
2023-04-29,Sat,Ligue 1,Away,L,0.0,3.0,Lille,,2.0,0.0,13.0,10.0,2.0,0.0,1.0,0.0,2023,Ajaccio,5
2023-04-29,Sat,Ligue 1,Home,W,3.0,0.0,Ajaccio,,10.0,5.0,10.0,13.0,1.0,0.0,2.0,0.0,2023,Lille,5
2023-04-30,Sun,Ligue 1,Away,L,2.0,4.0,Rennes,,4.0,2.0,11.0,14.0,2.0,0.0,1.0,0.0,2023,Angers,6
2023-04-30,Sun,Ligue 1,Away,L,1.0,2.0,Marseille,,11.0,3.0,6.0,7.0,0.0,0.0,1.0,0.0,2023,Auxerre,6
2023-04-30,Sun,Ligue 1,Home,W,1.0,0.0,Reims,,6.0,2.0,8.0,12.0,0.0,1.0,2.0,0.0,2023,Clermont,6
2023-04-30,Sun,Ligue 1,Away,W,3.0,1.0,Paris SG,,14.0,7.0,17.0,15.0,3.0,0.0,4.0,1.0,2023,Lorient,6
2023-04-30,Sun,Ligue 1,Home,W,2.0,1.0,Auxerre,,26.0,4.0,7.0,6.0,1.0,0.0,0.0,0.0,2023,Marseille,6
2023-04-30,Sun,Ligue 1,Home,L,0.0,4.0,Montpellier,,7.0,4.0,11.0,12.0,2.0,0.0,1.0,0.0,2023,Monaco,6
2023-04-30,Sun,Ligue 1,Away,W,4.0,0.0,Monaco,,19.0,9.0,12.0,11.0,1.0,0.0,2.0,0.0,2023,Montpellier,6
2023-04-30,Sun,Ligue 1,Away,W,1.0,0.0,Troyes,,29.0,13.0,10.0,7.0,2.0,0.0,0.0,0.0,2023,Nice,6
2023-04-30,Sun,Ligue 1,Home,L,1.0,3.0,Lorient,,13.0,4.0,15.0,17.0,4.0,1.0,3.0,0.0,2023,Paris SG,6
2023-04-30,Sun,Ligue 1,Away,L,0.0,1.0,Clermont,,13.0,2.0,12.0,8.0,2.0,0.0,0.0,1.0,2023,Reims,6
2023-04-30,Sun,Ligue 1,Home,W,4.0,2.0,Angers,,13.0,4.0,14.0,11.0,1.0,0.0,2.0,0.0,2023,Rennes,6
2023-04-30,Sun,Ligue 1,Home,L,0.0,1.0,Nice,,9.0,6.0,7.0,10.0,0.0,0.0,2.0,0.0,2023,Troyes,6
2023-05-02,Tue,Ligue 1,Away,W,1.0,0.0,Toulouse,,11.0,3.0,7.0,5.0,2.0,0.0,1.0,0.0,2023,Lens,1
2023-05-02,Tue,Ligue 1,Home,L,0.0,1.0,Lens,,9.0,2.0,5.0,7.0,1.0,0.0,2.0,0.0,2023,Toulouse,1
2023-05-03,Wed,Ligue 1,Home,W,2.0,0.0,Nantes,,8.0,4.0,7.0,15.0,0.0,0.0,1.0,0.0,2023,Brest,2
2023-05-03,Wed,Ligue 1,Away,L,0.0,2.0,Brest,,13.0,5.0,15.0,7.0,1.0,0.0,0.0,0.0,2023,Nantes,2
2023-05-06,Sat,Ligue 1,Home,W,2.0,1.0,Marseille,,9.0,3.0,12.0,16.0,5.0,0.0,2.0,0.0,2023,Lens,5
2023-05-06,Sat,Ligue 1,Away,L,0.0,1.0,Reims,,11.0,5.0,10.0,17.0,3.0,0.0,2.0,0.0,2023,Lille,5
2023-05-06,Sat,Ligue 1,Away,L,1.0,2.0,Lens,,14.0,3.0,16.0,12.0,2.0,0.0,5.0,0.0,2023,Marseille,5
2023-05-06,Sat,Ligue 1,Home,W,2.0,1.0,Rennes,,11.0,4.0,11.0,11.0,0.0,0.0,1.0,0.0,2023,Nice,5
2023-05-06,Sat,Ligue 1,Home,W,1.0,0.0,Lille,,14.0,4.0,17.0,10.0,2.0,0.0,3.0,0.0,2023,Reims,5
2023-05-06,Sat,Ligue 1,Away,L,1.0,2.0,Nice,,14.0,4.0,11.0,11.0,1.0,0.0,0.0,0.0,2023,Rennes,5
2023-05-07,Sun,Ligue 1,Home,D,0.0,0.0,Toulouse,,4.0,2.0,10.0,8.0,3.0,0.0,0.0,0.0,2023,Ajaccio,6
2023-05-07,Sun,Ligue 1,Home,L,1.0,2.0,Monaco,,10.0,3.0,13.0,17.0,3.0,0.0,2.0,0.0,2023,Angers,6
2023-05-07,Sun,Ligue 1,Home,D,1.0,1.0,Clermont,,11.0,4.0,19.0,13.0,1.0,0.0,0.0,0.0,2023,Auxerre,6
2023-05-07,Sun,Ligue 1,Away,L,1.0,2.0,Lorient,,15.0,2.0,22.0,13.0,2.0,0.0,3.0,1.0,2023,Brest,6
2023-05-07,Sun,Ligue 1,Away,D,1.0,1.0,Auxerre,,9.0,4.0,13.0,19.0,0.0,0.0,1.0,0.0,2023,Clermont,6
2023-05-07,Sun,Ligue 1,Home,W,2.0,1.0,Brest,,6.0,3.0,13.0,22.0,3.0,1.0,2.0,0.0,2023,Lorient,6
2023-05-07,Sun,Ligue 1,Home,W,5.0,4.0,Montpellier,,16.0,8.0,12.0,14.0,0.0,0.0,3.0,0.0,2023,Lyon,6
2023-05-07,Sun,Ligue 1,Away,W,2.0,1.0,Angers,,14.0,6.0,17.0,13.0,2.0,0.0,3.0,0.0,2023,Monaco,6
2023-05-07,Sun,Ligue 1,Away,L,4.0,5.0,Lyon,,12.0,6.0,14.0,12.0,3.0,0.0,0.0,0.0,2023,Montpellier,6
2023-05-07,Sun,Ligue 1,Home,L,0.0,2.0,Strasbourg,,13.0,5.0,22.0,15.0,3.0,0.0,1.0,0.0,2023,Nantes,6
2023-05-07,Sun,Ligue 1,Away,W,3.0,1.0,Troyes,,31.0,12.0,5.0,5.0,0.0,0.0,1.0,0.0,2023,Paris SG,6
2023-05-07,Sun,Ligue 1,Away,W,2.0,0.0,Nantes,,8.0,6.0,15.0,22.0,1.0,0.0,3.0,0.0,2023,Strasbourg,6
2023-05-07,Sun,Ligue 1,Away,D,0.0,0.0,Ajaccio,,15.0,5.0,8.0,10.0,0.0,0.0,3.0,0.0,2023,Toulouse,6
2023-05-07,Sun,Ligue 1,Home,L,1.0,3.0,Paris SG,,7.0,3.0,5.0,5.0,1.0,0.0,0.0,0.0,2023,Troyes,6
2023-05-12,Fri,Ligue 1,Home,W,2.0,1.0,Reims,,8.0,6.0,6.0,19.0,1.0,1.0,3.0,0.0,2023,Lens,4
2023-05-12,Fri,Ligue 1,Away,L,1.0,2.0,Lens,,17.0,3.0,19.0,6.0,3.0,0.0,1.0,1.0,2023,Reims,4
2023-05-13,Sat,Ligue 1,Away,L,0.0,5.0,Paris SG,,7.0,2.0,6.0,7.0,1.0,1.0,1.0,1.0,2023,Ajaccio,5
2023-05-13,Sat,Ligue 1,Away,L,0.0,2.0,Strasbourg,,9.0,4.0,8.0,14.0,1.0,0.0,1.0,0.0,2023,Nice,5
2023-05-13,Sat,Ligue 1,Home,W,5.0,0.0,Ajaccio,,16.0,9.0,7.0,6.0,1.0,1.0,1.0,1.0,2023,Paris SG,5
2023-05-13,Sat,Ligue 1,Home,W,2.0,0.0,Nice,,12.0,3.0,14.0,8.0,1.0,0.0,1.0,0.0,2023,Strasbourg,5
2023-05-14,Sun,Ligue 1,Away,L,1.0,3.0,Marseille,,4.0,1.0,9.0,17.0,2.0,0.0,1.0,0.0,2023,Angers,6
2023-05-14,Sun,Ligue 1,Away,L,0.0,1.0,Brest,,10.0,2.0,8.0,8.0,0.0,0.0,0.0,0.0,2023,Auxerre,6
2023-05-14,Sun,Ligue 1,Home,W,1.0,0.0,Auxerre,,15.0,10.0,8.0,8.0,0.0,0.0,0.0,0.0,2023,Brest,6
2023-05-14,Sun,Ligue 1,Home,W,2.0,1.0,Lyon,,9.0,6.0,17.0,10.0,3.0,0.0,3.0,0.0,2023,Clermont,6
2023-05-14,Sun,Ligue 1,Away,D,0.0,0.0,Monaco,,10.0,4.0,13.0,19.0,2.0,0.0,0.0,0.0,2023,Lille,6
2023-05-14,Sun,Ligue 1,Away,D,1.0,1.0,Montpellier,,11.0,3.0,15.0,20.0,3.0,0.0,2.0,0.0,2023,Lorient,6
2023-05-14,Sun,Ligue 1,Away,L,1.0,2.0,Clermont,,15.0,4.0,10.0,17.0,3.0,0.0,3.0,0.0,2023,Lyon,6
2023-05-14,Sun,Ligue 1,Home,W,3.0,1.0,Angers,,14.0,6.0,17.0,9.0,1.0,0.0,2.0,0.0,2023,Marseille,6
2023-05-14,Sun,Ligue 1,Home,D,0.0,0.0,Lille,,8.0,1.0,19.0,13.0,0.0,0.0,2.0,0.0,2023,Monaco,6
2023-05-14,Sun,Ligue 1,Home,D,1.0,1.0,Lorient,,15.0,4.0,20.0,15.0,2.0,0.0,3.0,0.0,2023,Montpellier,6
2023-05-14,Sun,Ligue 1,Away,D,0.0,0.0,Toulouse,,8.0,1.0,13.0,6.0,1.0,0.0,1.0,0.0,2023,Nantes,6
2023-05-14,Sun,Ligue 1,Home,W,4.0,0.0,Troyes,,26.0,9.0,4.0,9.0,0.0,0.0,1.0,0.0,2023,Rennes,6
2023-05-14,Sun,Ligue 1,Home,D,0.0,0.0,Nantes,,14.0,6.0,6.0,13.0,1.0,0.0,1.0,0.0,2023,Toulouse,6
2023-05-14,Sun,Ligue 1,Away,L,0.0,4.0,Rennes,,4.0,0.0,9.0,4.0,1.0,0.0,0.0,0.0,2023,Troyes,6
2023-05-19,Fri,Ligue 1,Home,W,3.0,1.0,Monaco,,22.0,11.0,8.0,14.0,0.0,0.0,3.0,0.0,2023,Lyon,4
2023-05-19,Fri,Ligue 1,Away,L,1.0,3.0,Lyon,,16.0,9.0,14.0,8.0,3.0,0.0,0.0,0.0,2023,Monaco,4
2023-05-20,Sat,Ligue 1,Home,W,2.0,1.0,Marseille,,12.0,3.0,14.0,20.0,3.0,0.0,2.0,0.0,2023,Lille,5
2023-05-20,Sat,Ligue 1,Away,L,1.0,2.0,Lille,,8.0,3.0,20.0,14.0,2.0,0.0,3.0,0.0,2023,Marseille,5
2023-05-20,Sat,Ligue 1,Away,W,3.0,0.0,Nantes,,13.0,6.0,8.0,14.0,0.0,0.0,4.0,0.0,2023,Montpellier,5
2023-05-20,Sat,Ligue 1,Home,L,0.0,3.0,Montpellier,,13.0,3.0,14.0,8.0,4.0,0.0,0.0,0.0,2023,Nantes,5
2023-05-21,Sun,Ligue 1,Home,L,0.0,5.0,Rennes,,2.0,0.0,8.0,14.0,1.0,1.0,2.0,0.0,2023,Ajaccio,6
2023-05-21,Sun,Ligue 1,Away,D,2.0,2.0,Reims,,7.0,3.0,11.0,14.0,2.0,0.0,0.0,0.0,2023,Angers,6
2023-05-21,Sun,Ligue 1,Home,L,1.0,2.0,Paris SG,,14.0,7.0,11.0,6.0,1.0,0.0,0.0,0.0,2023,Auxerre,6
2023-05-21,Sun,Ligue 1,Home,W,2.0,1.0,Clermont,,10.0,3.0,16.0,11.0,3.0,0.0,4.0,0.0,2023,Brest,6
2023-05-21,Sun,Ligue 1,Away,L,1.0,2.0,Brest,,8.0,2.0,11.0,16.0,4.0,0.0,3.0,0.0,2023,Clermont,6
2023-05-21,Sun,Ligue 1,Away,W,3.0,1.0,Lorient,,15.0,7.0,13.0,14.0,2.0,0.0,2.0,0.0,2023,Lens,6
2023-05-21,Sun,Ligue 1,Home,L,1.0,3.0,Lens,,13.0,5.0,14.0,13.0,2.0,0.0,2.0,0.0,2023,Lorient,6
2023-05-21,Sun,Ligue 1,Home,D,0.0,0.0,Toulouse,,21.0,7.0,6.0,15.0,2.0,0.0,2.0,0.0,2023,Nice,6
2023-05-21,Sun,Ligue 1,Away,W,2.0,1.0,Auxerre,,15.0,4.0,6.0,11.0,0.0,0.0,1.0,0.0,2023,Paris SG,6
2023-05-21,Sun,Ligue 1,Home,D,2.0,2.0,Angers,,11.0,5.0,14.0,11.0,0.0,0.0,2.0,0.0,2023,Reims,6
2023-05-21,Sun,Ligue 1,Away,W,5.0,0.0,Ajaccio,,13.0,7.0,14.0,8.0,2.0,0.0,1.0,1.0,2023,Rennes,6
2023-05-21,Sun,Ligue 1,Away,D,1.0,1.0,Troyes,,16.0,5.0,17.0,9.0,1.0,1.0,1.0,1.0,2023,Strasbourg,6
2023-05-21,Sun,Ligue 1,Away,D,0.0,0.0,Nice,,7.0,4.0,15.0,6.0,2.0,0.0,2.0,0.0,2023,Toulouse,6
2023-05-21,Sun,Ligue 1,Home,D,1.0,1.0,Strasbourg,,8.0,3.0,9.0,17.0,1.0,1.0,1.0,1.0,2023,Troyes,6
2023-05-27,Sat,Ligue 1,Away,L,0.0,3.0,Lens,,6.0,0.0,12.0,12.0,2.0,0.0,1.0,0.0,2023,Ajaccio,5
2023-05-27,Sat,Ligue 1,Home,W,2.0,1.0,Troyes,,18.0,5.0,12.0,7.0,1.0,0.0,1.0,0.0,2023,Angers,5
2023-05-27,Sat,Ligue 1,Away,D,1.0,1.0,Toulouse,,16.0,2.0,14.0,18.0,3.0,0.0,1.0,0.0,2023,Auxerre,5
2023-05-27,Sat,Ligue 1,Away,W,2.0,1.0,Marseille,,15.0,5.0,16.0,14.0,2.0,0.0,2.0,0.0,2023,Brest,5
2023-05-27,Sat,Ligue 1,Home,W,2.0,0.0,Lorient,,18.0,7.0,13.0,12.0,0.0,0.0,0.0,0.0,2023,Clermont,5
2023-05-27,Sat,Ligue 1,Home,W,3.0,0.0,Ajaccio,,12.0,3.0,12.0,12.0,1.0,0.0,2.0,0.0,2023,Lens,5
2023-05-27,Sat,Ligue 1,Home,W,2.0,1.0,Nantes,,9.0,2.0,7.0,12.0,2.0,0.0,4.0,0.0,2023,Lille,5
2023-05-27,Sat,Ligue 1,Away,L,0.0,2.0,Clermont,,6.0,1.0,12.0,13.0,0.0,0.0,0.0,0.0,2023,Lorient,5
2023-05-27,Sat,Ligue 1,Home,W,3.0,0.0,Reims,,23.0,7.0,11.0,15.0,1.0,0.0,1.0,1.0,2023,Lyon,5
2023-05-27,Sat,Ligue 1,Home,L,1.0,2.0,Brest,,10.0,4.0,14.0,16.0,2.0,0.0,2.0,0.0,2023,Marseille,5
2023-05-27,Sat,Ligue 1,Away,L,0.0,2.0,Rennes,,11.0,3.0,7.0,11.0,3.0,0.0,0.0,0.0,2023,Monaco,5
2023-05-27,Sat,Ligue 1,Home,L,2.0,3.0,Nice,,14.0,8.0,12.0,16.0,0.0,0.0,3.0,0.0,2023,Montpellier,5
2023-05-27,Sat,Ligue 1,Away,L,1.0,2.0,Lille,,8.0,3.0,12.0,7.0,4.0,0.0,2.0,0.0,2023,Nantes,5
2023-05-27,Sat,Ligue 1,Away,W,3.0,2.0,Montpellier,,23.0,15.0,16.0,12.0,3.0,0.0,0.0,0.0,2023,Nice,5
2023-05-27,Sat,Ligue 1,Away,D,1.0,1.0,Strasbourg,,7.0,2.0,8.0,9.0,2.0,0.0,1.0,0.0,2023,Paris SG,5
2023-05-27,Sat,Ligue 1,Away,L,0.0,3.0,Lyon,,10.0,1.0,15.0,11.0,1.0,1.0,1.0,0.0,2023,Reims,5
2023-05-27,Sat,Ligue 1,Home,W,2.0,0.0,Monaco,,12.0,6.0,11.0,7.0,0.0,0.0,3.0,0.0,2023,Rennes,5
2023-05-27,Sat,Ligue 1,Home,D,1.0,1.0,Paris SG,,17.0,5.0,9.0,8.0,1.0,0.0,2.0,0.0,2023,Strasbourg,5
2023-05-27,Sat,Ligue 1,Home,D,1.0,1.0,Auxerre,,10.0,3.0,18.0,14.0,1.0,0.0,3.0,0.0,2023,Toulouse,5
2023-05-27,Sat,Ligue 1,Away,L,1.0,2.0,Angers,,5.0,3.0,7.0,12.0,1.0,0.0,1.0,0.0,2023,Troyes,5
2023-06-03,Sat,Ligue 1,Home,W,1.0,0.0,Marseille,,3.0,1.0,19.0,15.0,1.0,0.0,1.0,0.0,2023,Ajaccio,5
2023-06-03,Sat,Ligue 1,Away,L,0.0,1.0,Nantes,,5.0,1.0,13.0,12.0,0.0,0.0,1.0,0.0,2023,Angers,5
2023-06-03,Sat,Ligue 1,Home,L,1.0,3.0,Lens,,17.0,5.0,10.0,16.0,1.0,0.0,3.0,0.0,2023,Auxerre,5
2023-06-03,Sat,Ligue 1,Home,L,1.0,2.0,Rennes,,14.0,5.0,10.0,14.0,2.0,0.0,4.0,0.0,2023,Brest,5
2023-06-03,Sat,Ligue 1,Away,W,3.0,2.0,Paris SG,,12.0,5.0,11.0,17.0,1.0,0.0,2.0,0.0,2023,Clermont,5
2023-06-03,Sat,Ligue 1,Away,W,3.0,1.0,Auxerre,,15.0,7.0,16.0,10.0,3.0,0.0,1.0,0.0,2023,Lens,5
2023-06-03,Sat,Ligue 1,Away,D,1.0,1.0,Troyes,,18.0,7.0,15.0,9.0,4.0,0.0,0.0,0.0,2023,Lille,5
2023-06-03,Sat,Ligue 1,Home,W,2.0,1.0,Strasbourg,,5.0,3.0,9.0,15.0,1.0,0.0,1.0,0.0,2023,Lorient,5
2023-06-03,Sat,Ligue 1,Away,L,1.0,3.0,Nice,,16.0,7.0,12.0,8.0,1.0,0.0,0.0,0.0,2023,Lyon,5
2023-06-03,Sat,Ligue 1,Away,L,0.0,1.0,Ajaccio,,17.0,5.0,15.0,19.0,1.0,0.0,1.0,0.0,2023,Marseille,5
2023-06-03,Sat,Ligue 1,Home,L,1.0,2.0,Toulouse,,19.0,7.0,10.0,11.0,1.0,0.0,2.0,0.0,2023,Monaco,5
2023-06-03,Sat,Ligue 1,Away,W,3.0,1.0,Reims,,16.0,8.0,9.0,16.0,2.0,0.0,1.0,0.0,2023,Montpellier,5
2023-06-03,Sat,Ligue 1,Home,W,1.0,0.0,Angers,,11.0,7.0,12.0,13.0,1.0,0.0,0.0,0.0,2023,Nantes,5
2023-06-03,Sat,Ligue 1,Home,W,3.0,1.0,Lyon,,16.0,6.0,8.0,12.0,0.0,0.0,1.0,0.0,2023,Nice,5
2023-06-03,Sat,Ligue 1,Home,L,2.0,3.0,Clermont,,16.0,6.0,17.0,11.0,2.0,0.0,1.0,0.0,2023,Paris SG,5
2023-06-03,Sat,Ligue 1,Home,L,1.0,3.0,Montpellier,,11.0,5.0,16.0,9.0,1.0,0.0,2.0,0.0,2023,Reims,5
2023-06-03,Sat,Ligue 1,Away,W,2.0,1.0,Brest,,12.0,3.0,14.0,10.0,4.0,0.0,2.0,0.0,2023,Rennes,5
2023-06-03,Sat,Ligue 1,Away,L,1.0,2.0,Lorient,,15.0,7.0,15.0,9.0,1.0,0.0,1.0,0.0,2023,Strasbourg,5
2023-06-03,Sat,Ligue 1,Away,W,2.0,1.0,Monaco,,22.0,8.0,11.0,10.0,2.0,0.0,1.0,0.0,2023,Toulouse,5
2023-06-03,Sat,Ligue 1,Home,D,1.0,1.0,Lille,,8.0,3.0,9.0,15.0,0.0,0.0,4.0,0.0,2023,Troyes,5
2023-08-11,Fri,Ligue 1,Away,D,1.0,1.0,Nice,,12.0,5.0,9.0,13.0,2.0,0.0,3.0,0.0,2024,Lille,4
2023-08-11,Fri,Ligue 1,Home,D,1.0,1.0,Lille,,8.0,3.0,13.0,9.0,3.0,0.0,2.0,0.0,2024,Nice,4
2023-08-12,Sat,Ligue 1,Away,D,0.0,0.0,Paris SG,,4.0,0.0,6.0,8.0,0.0,0.0,0.0,0.0,2024,Lorient,5
2023-08-12,Sat,Ligue 1,Home,W,2.0,1.0,Reims,,14.0,4.0,7.0,16.0,1.0,0.0,3.0,0.0,2024,Marseille,5
2023-08-12,Sat,Ligue 1,Home,D,0.0,0.0,Lorient,,20.0,4.0,8.0,6.0,0.0,0.0,0.0,0.0,2024,Paris SG,5
2023-08-12,Sat,Ligue 1,Away,L,1.0,2.0,Marseille,,11.0,4.0,16.0,7.0,3.0,0.0,1.0,0.0,2024,Reims,5
2023-08-13,Sun,Ligue 1,Home,W,3.0,2.0,Lens,,15.0,8.0,13.0,15.0,2.0,0.0,3.0,1.0,2024,Brest,6
2023-08-13,Sun,Ligue 1,Home,L,2.0,4.0,Monaco,,15.0,7.0,7.0,16.0,0.0,0.0,4.0,0.0,2024,Clermont,6
2023-08-13,Sun,Ligue 1,Away,D,2.0,2.0,Montpellier,,12.0,4.0,12.0,8.0,2.0,0.0,1.0,0.0,2024,Le Havre,6
2023-08-13,Sun,Ligue 1,Away,L,2.0,3.0,Brest,,10.0,2.0,15.0,13.0,3.0,1.0,2.0,0.0,2024,Lens,6
2023-08-13,Sun,Ligue 1,Away,L,1.0,2.0,Strasbourg,,23.0,7.0,11.0,8.0,2.0,0.0,2.0,0.0,2024,Lyon,6
2023-08-13,Sun,Ligue 1,Away,L,1.0,5.0,Rennes,,9.0,3.0,10.0,7.0,2.0,0.0,0.0,0.0,2024,Metz,6
2023-08-13,Sun,Ligue 1,Away,W,4.0,2.0,Clermont,,14.0,8.0,16.0,7.0,4.0,0.0,0.0,0.0,2024,Monaco,6
2023-08-13,Sun,Ligue 1,Home,D,2.0,2.0,Le Havre,,15.0,5.0,8.0,12.0,1.0,0.0,2.0,0.0,2024,Montpellier,6
2023-08-13,Sun,Ligue 1,Home,L,1.0,2.0,Toulouse,,9.0,4.0,14.0,14.0,2.0,0.0,2.0,0.0,2024,Nantes,6
2023-08-13,Sun,Ligue 1,Home,W,5.0,1.0,Metz,,29.0,14.0,7.0,10.0,0.0,0.0,2.0,0.0,2024,Rennes,6
2023-08-13,Sun,Ligue 1,Home,W,2.0,1.0,Lyon,,8.0,2.0,8.0,11.0,2.0,0.0,2.0,0.0,2024,Strasbourg,6
2023-08-13,Sun,Ligue 1,Away,W,2.0,1.0,Nantes,,9.0,5.0,14.0,14.0,2.0,0.0,2.0,0.0,2024,Toulouse,6
2023-08-18,Fri,Ligue 1,Away,D,2.0,2.0,Metz,,22.0,5.0,9.0,15.0,2.0,0.0,3.0,1.0,2024,Marseille,4
2023-08-18,Fri,Ligue 1,Home,D,2.0,2.0,Marseille,,10.0,5.0,15.0,9.0,3.0,1.0,2.0,0.0,2024,Metz,4
2023-08-19,Sat,Ligue 1,Home,L,1.0,4.0,Montpellier,,7.0,3.0,20.0,10.0,4.0,1.0,1.0,0.0,2024,Lyon,5
2023-08-19,Sat,Ligue 1,Away,W,4.0,1.0,Lyon,,14.0,8.0,10.0,20.0,1.0,0.0,4.0,1.0,2024,Montpellier,5
2023-08-19,Sat,Ligue 1,Away,D,1.0,1.0,Toulouse,,16.0,3.0,11.0,8.0,3.0,0.0,0.0,0.0,2024,Paris SG,5
2023-08-19,Sat,Ligue 1,Home,D,1.0,1.0,Paris SG,,8.0,2.0,8.0,11.0,0.0,0.0,3.0,0.0,2024,Toulouse,5
2023-08-20,Sun,Ligue 1,Away,W,2.0,1.0,Le Havre,,10.0,5.0,15.0,18.0,2.0,0.0,0.0,0.0,2024,Brest,6
2023-08-20,Sun,Ligue 1,Away,L,0.0,2.0,Reims,,11.0,4.0,6.0,9.0,0.0,0.0,0.0,0.0,2024,Clermont,6
2023-08-20,Sun,Ligue 1,Home,L,1.0,2.0,Brest,,18.0,7.0,18.0,15.0,0.0,0.0,2.0,0.0,2024,Le Havre,6
2023-08-20,Sun,Ligue 1,Home,D,1.0,1.0,Rennes,,15.0,4.0,15.0,10.0,2.0,0.0,1.0,0.0,2024,Lens,6
2023-08-20,Sun,Ligue 1,Home,W,2.0,0.0,Nantes,,18.0,8.0,8.0,15.0,0.0,1.0,2.0,0.0,2024,Lille,6
2023-08-20,Sun,Ligue 1,Home,D,1.0,1.0,Nice,,9.0,2.0,8.0,10.0,1.0,0.0,1.0,0.0,2024,Lorient,6
2023-08-20,Sun,Ligue 1,Home,W,3.0,0.0,Strasbourg,,9.0,4.0,19.0,16.0,2.0,0.0,1.0,0.0,2024,Monaco,6
2023-08-20,Sun,Ligue 1,Away,L,0.0,2.0,Lille,,14.0,4.0,15.0,8.0,2.0,0.0,0.0,1.0,2024,Nantes,6
2023-08-20,Sun,Ligue 1,Away,D,1.0,1.0,Lorient,,21.0,8.0,10.0,8.0,1.0,0.0,1.0,0.0,2024,Nice,6
2023-08-20,Sun,Ligue 1,Home,W,2.0,0.0,Clermont,,8.0,4.0,9.0,6.0,0.0,0.0,0.0,0.0,2024,Reims,6
2023-08-20,Sun,Ligue 1,Away,D,1.0,1.0,Lens,,10.0,5.0,10.0,15.0,1.0,0.0,2.0,0.0,2024,Rennes,6
2023-08-20,Sun,Ligue 1,Away,L,0.0,3.0,Monaco,,4.0,1.0,16.0,19.0,1.0,0.0,2.0,0.0,2024,Strasbourg,6
2023-08-25,Fri,Ligue 1,Away,D,3.0,3.0,Nantes,,27.0,10.0,7.0,8.0,2.0,0.0,2.0,0.0,2024,Monaco,4
2023-08-25,Fri,Ligue 1,Home,D,3.0,3.0,Monaco,,3.0,3.0,8.0,7.0,2.0,0.0,2.0,0.0,2024,Nantes,4
2023-08-26,Sat,Ligue 1,Away,L,0.0,2.0,Marseille,,18.0,7.0,8.0,4.0,1.0,0.0,0.0,0.0,2024,Brest,5
2023-08-26,Sat,Ligue 1,Away,L,1.0,3.0,Paris SG,,12.0,4.0,16.0,8.0,5.0,0.0,0.0,0.0,2024,Lens,5
2023-08-26,Sat,Ligue 1,Home,W,2.0,0.0,Brest,,15.0,6.0,4.0,8.0,0.0,0.0,1.0,0.0,2024,Marseille,5
2023-08-26,Sat,Ligue 1,Home,W,3.0,1.0,Lens,,17.0,7.0,8.0,16.0,0.0,0.0,5.0,0.0,2024,Paris SG,5
2023-08-27,Sun,Ligue 1,Home,L,0.0,1.0,Metz,,16.0,4.0,8.0,10.0,1.0,0.0,1.0,0.0,2024,Clermont,6
2023-08-27,Sun,Ligue 1,Away,D,2.0,2.0,Rennes,,7.0,3.0,7.0,5.0,2.0,1.0,1.0,0.0,2024,Le Havre,6
2023-08-27,Sun,Ligue 1,Away,L,1.0,4.0,Lorient,,18.0,7.0,12.0,22.0,4.0,0.0,2.0,0.0,2024,Lille,6
2023-08-27,Sun,Ligue 1,Home,W,4.0,1.0,Lille,,9.0,6.0,22.0,12.0,2.0,0.0,4.0,0.0,2024,Lorient,6
2023-08-27,Sun,Ligue 1,Away,D,0.0,0.0,Nice,,6.0,1.0,14.0,8.0,4.0,0.0,1.0,0.0,2024,Lyon,6
2023-08-27,Sun,Ligue 1,Away,W,1.0,0.0,Clermont,,10.0,5.0,10.0,8.0,1.0,0.0,1.0,0.0,2024,Metz,6
2023-08-27,Sun,Ligue 1,Home,L,1.0,3.0,Reims,,19.0,3.0,9.0,19.0,1.0,0.0,1.0,0.0,2024,Montpellier,6
2023-08-27,Sun,Ligue 1,Home,D,0.0,0.0,Lyon,,21.0,4.0,8.0,14.0,1.0,0.0,4.0,0.0,2024,Nice,6
2023-08-27,Sun,Ligue 1,Away,W,3.0,1.0,Montpellier,,12.0,6.0,19.0,9.0,1.0,0.0,1.0,0.0,2024,Reims,6
2023-08-27,Sun,Ligue 1,Home,D,2.0,2.0,Le Havre,,22.0,8.0,5.0,7.0,1.0,0.0,2.0,1.0,2024,Rennes,6
2023-08-27,Sun,Ligue 1,Home,W,2.0,0.0,Toulouse,,11.0,3.0,16.0,17.0,1.0,0.0,3.0,0.0,2024,Strasbourg,6
2023-08-27,Sun,Ligue 1,Away,L,0.0,2.0,Strasbourg,,7.0,1.0,17.0,16.0,3.0,0.0,1.0,0.0,2024,Toulouse,6
2023-09-01,Fri,Ligue 1,Away,D,1.0,1.0,Nantes,,26.0,9.0,13.0,7.0,2.0,0.0,0.0,1.0,2024,Marseille,4
2023-09-01,Fri,Ligue 1,Home,D,1.0,1.0,Marseille,,10.0,2.0,7.0,13.0,0.0,1.0,2.0,0.0,2024,Nantes,4
2023-09-02,Sat,Ligue 1,Home,D,0.0,0.0,Rennes,,13.0,2.0,12.0,12.0,3.0,0.0,1.0,0.0,2024,Brest,5
2023-09-02,Sat,Ligue 1,Away,L,0.0,3.0,Monaco,,12.0,1.0,16.0,21.0,2.0,0.0,4.0,0.0,2024,Lens,5
2023-09-02,Sat,Ligue 1,Home,W,3.0,0.0,Lens,,11.0,6.0,21.0,16.0,4.0,0.0,2.0,0.0,2024,Monaco,5
2023-09-02,Sat,Ligue 1,Away,D,0.0,0.0,Brest,,6.0,3.0,12.0,12.0,1.0,0.0,3.0,0.0,2024,Rennes,5
2023-09-03,Sun,Ligue 1,Away,D,2.0,2.0,Toulouse,,15.0,3.0,17.0,19.0,3.0,0.0,1.0,0.0,2024,Clermont,6
2023-09-03,Sun,Ligue 1,Home,W,3.0,0.0,Lorient,,17.0,6.0,10.0,7.0,0.0,0.0,0.0,0.0,2024,Le Havre,6
2023-09-03,Sun,Ligue 1,Home,W,1.0,0.0,Montpellier,,15.0,6.0,15.0,14.0,2.0,0.0,1.0,0.0,2024,Lille,6
2023-09-03,Sun,Ligue 1,Away,L,0.0,3.0,Le Havre,,9.0,2.0,7.0,10.0,0.0,0.0,0.0,0.0,2024,Lorient,6
2023-09-03,Sun,Ligue 1,Home,L,1.0,4.0,Paris SG,,19.0,8.0,9.0,5.0,2.0,0.0,2.0,0.0,2024,Lyon,6
2023-09-03,Sun,Ligue 1,Home,D,2.0,2.0,Reims,,12.0,4.0,10.0,17.0,0.0,0.0,4.0,0.0,2024,Metz,6
2023-09-03,Sun,Ligue 1,Away,L,0.0,1.0,Lille,,9.0,5.0,14.0,15.0,1.0,0.0,2.0,0.0,2024,Montpellier,6
2023-09-03,Sun,Ligue 1,Home,W,2.0,0.0,Strasbourg,,16.0,6.0,7.0,12.0,2.0,0.0,1.0,0.0,2024,Nice,6
2023-09-03,Sun,Ligue 1,Away,W,4.0,1.0,Lyon,,22.0,8.0,5.0,9.0,2.0,0.0,2.0,0.0,2024,Paris SG,6
2023-09-03,Sun,Ligue 1,Away,D,2.0,2.0,Metz,,12.0,2.0,17.0,10.0,4.0,0.0,0.0,0.0,2024,Reims,6
2023-09-03,Sun,Ligue 1,Away,L,0.0,2.0,Nice,,4.0,0.0,12.0,7.0,1.0,0.0,2.0,0.0,2024,Strasbourg,6
2023-09-03,Sun,Ligue 1,Home,D,2.0,2.0,Clermont,,9.0,5.0,19.0,17.0,1.0,0.0,3.0,0.0,2024,Toulouse,6
2023-09-15,Fri,Ligue 1,Away,W,3.0,2.0,Paris SG,,14.0,8.0,17.0,8.0,5.0,0.0,2.0,0.0,2024,Nice,4
2023-09-15,Fri,Ligue 1,Home,L,2.0,3.0,Nice,,12.0,3.0,8.0,17.0,2.0,0.0,5.0,0.0,2024,Paris SG,4
2023-09-16,Sat,Ligue 1,Home,L,0.0,1.0,Metz,,31.0,10.0,12.0,12.0,1.0,0.0,2.0,0.0,2024,Lens,5
2023-09-16,Sat,Ligue 1,Away,D,2.0,2.0,Rennes,,10.0,6.0,16.0,11.0,4.0,0.0,1.0,0.0,2024,Lille,5
2023-09-16,Sat,Ligue 1,Away,W,1.0,0.0,Lens,,2.0,2.0,12.0,12.0,2.0,0.0,1.0,0.0,2024,Metz,5
2023-09-16,Sat,Ligue 1,Home,D,2.0,2.0,Lille,,7.0,4.0,11.0,16.0,1.0,0.0,4.0,0.0,2024,Rennes,5
2023-09-17,Sun,Ligue 1,Away,W,2.0,1.0,Reims,,18.0,7.0,11.0,7.0,4.0,0.0,2.0,0.0,2024,Brest,6
2023-09-17,Sun,Ligue 1,Home,L,0.0,1.0,Nantes,,16.0,3.0,16.0,16.0,2.0,0.0,2.0,0.0,2024,Clermont,6
2023-09-17,Sun,Ligue 1,Away,D,0.0,0.0,Lyon,,7.0,0.0,12.0,13.0,2.0,0.0,3.0,0.0,2024,Le Havre,6
2023-09-17,Sun,Ligue 1,Home,D,2.0,2.0,Monaco,,10.0,3.0,13.0,14.0,0.0,0.0,1.0,0.0,2024,Lorient,6
2023-09-17,Sun,Ligue 1,Home,D,0.0,0.0,Le Havre,,23.0,7.0,13.0,12.0,3.0,0.0,2.0,0.0,2024,Lyon,6
2023-09-17,Sun,Ligue 1,Home,D,0.0,0.0,Toulouse,,24.0,6.0,9.0,11.0,2.0,0.0,5.0,0.0,2024,Marseille,6
2023-09-17,Sun,Ligue 1,Away,D,2.0,2.0,Lorient,,20.0,7.0,14.0,13.0,1.0,0.0,0.0,0.0,2024,Monaco,6
2023-09-17,Sun,Ligue 1,Away,D,2.0,2.0,Strasbourg,,11.0,4.0,17.0,17.0,6.0,0.0,4.0,0.0,2024,Montpellier,6
2023-09-17,Sun,Ligue 1,Away,W,1.0,0.0,Clermont,,8.0,5.0,16.0,16.0,2.0,0.0,2.0,0.0,2024,Nantes,6
2023-09-17,Sun,Ligue 1,Home,L,1.0,2.0,Brest,,13.0,7.0,7.0,11.0,2.0,0.0,4.0,0.0,2024,Reims,6
2023-09-17,Sun,Ligue 1,Home,D,2.0,2.0,Montpellier,,14.0,7.0,17.0,17.0,4.0,0.0,6.0,0.0,2024,Strasbourg,6
2023-09-17,Sun,Ligue 1,Away,D,0.0,0.0,Marseille,,10.0,3.0,11.0,9.0,5.0,0.0,2.0,0.0,2024,Toulouse,6
2023-09-22,Fri,Ligue 1,Home,L,0.0,1.0,Nice,,9.0,3.0,13.0,15.0,1.0,0.0,1.0,0.0,2024,Monaco,4
2023-09-22,Fri,Ligue 1,Away,W,1.0,0.0,Monaco,,13.0,7.0,15.0,13.0,1.0,0.0,1.0,0.0,2024,Nice,4
2023-09-23,Sat,Ligue 1,Home,W,1.0,0.0,Lyon,,27.0,11.0,17.0,16.0,3.0,0.0,1.0,0.0,2024,Brest,5
2023-09-23,Sat,Ligue 1,Away,L,3.0,5.0,Nantes,,10.0,7.0,17.0,8.0,3.0,0.0,1.0,0.0,2024,Lorient,5
2023-09-23,Sat,Ligue 1,Away,L,0.0,1.0,Brest,,6.0,3.0,16.0,17.0,1.0,0.0,3.0,0.0,2024,Lyon,5
2023-09-23,Sat,Ligue 1,Home,W,5.0,3.0,Lorient,,19.0,9.0,8.0,17.0,1.0,0.0,3.0,0.0,2024,Nantes,5
2023-09-24,Sun,Ligue 1,Away,L,1.0,2.0,Le Havre,,11.0,4.0,17.0,15.0,3.0,0.0,2.0,0.0,2024,Clermont,6
2023-09-24,Sun,Ligue 1,Home,W,2.0,1.0,Clermont,,9.0,3.0,15.0,17.0,2.0,0.0,3.0,0.0,2024,Le Havre,6
2023-09-24,Sun,Ligue 1,Home,W,2.0,1.0,Toulouse,,27.0,7.0,16.0,15.0,2.0,0.0,1.0,0.0,2024,Lens,6
2023-09-24,Sun,Ligue 1,Away,L,0.0,4.0,Paris SG,,6.0,0.0,14.0,11.0,3.0,0.0,0.0,0.0,2024,Marseille,6
2023-09-24,Sun,Ligue 1,Home,L,0.0,1.0,Strasbourg,,13.0,1.0,16.0,15.0,2.0,0.0,0.0,0.0,2024,Metz,6
2023-09-24,Sun,Ligue 1,Home,D,0.0,0.0,Rennes,,13.0,4.0,10.0,15.0,2.0,0.0,1.0,0.0,2024,Montpellier,6
2023-09-24,Sun,Ligue 1,Home,W,4.0,0.0,Marseille,,15.0,5.0,11.0,14.0,0.0,0.0,3.0,0.0,2024,Paris SG,6
2023-09-24,Sun,Ligue 1,Away,D,0.0,0.0,Montpellier,,18.0,6.0,15.0,10.0,1.0,0.0,2.0,0.0,2024,Rennes,6
2023-09-24,Sun,Ligue 1,Away,W,1.0,0.0,Metz,,4.0,1.0,15.0,16.0,0.0,0.0,2.0,0.0,2024,Strasbourg,6
2023-09-24,Sun,Ligue 1,Away,L,1.0,2.0,Lens,,7.0,2.0,15.0,16.0,1.0,0.0,2.0,0.0,2024,Toulouse,6
2023-09-26,Tue,Ligue 1,Home,L,1.0,2.0,Reims,,14.0,3.0,4.0,19.0,1.0,0.0,2.0,0.0,2024,Lille,1
2023-09-26,Tue,Ligue 1,Away,W,2.0,1.0,Lille,,4.0,4.0,19.0,4.0,2.0,0.0,1.0,0.0,2024,Reims,1
2023-09-29,Fri,Ligue 1,Away,W,1.0,0.0,Strasbourg,,9.0,2.0,15.0,16.0,4.0,0.0,2.0,0.0,2024,Lens,4
2023-09-29,Fri,Ligue 1,Home,L,0.0,1.0,Lens,,8.0,2.0,16.0,15.0,2.0,0.0,4.0,0.0,2024,Strasbourg,4
2023-09-30,Sat,Ligue 1,Home,D,0.0,0.0,Paris SG,,12.0,3.0,11.0,16.0,2.0,0.0,3.0,0.0,2024,Clermont,5
2023-09-30,Sat,Ligue 1,Away,L,2.0,3.0,Monaco,,8.0,4.0,15.0,17.0,4.0,0.0,4.0,0.0,2024,Marseille,5
2023-09-30,Sat,Ligue 1,Home,W,3.0,2.0,Marseille,,10.0,7.0,17.0,15.0,4.0,0.0,4.0,0.0,2024,Monaco,5
2023-09-30,Sat,Ligue 1,Away,D,0.0,0.0,Clermont,,21.0,10.0,16.0,11.0,3.0,0.0,2.0,0.0,2024,Paris SG,5
2023-10-01,Sun,Ligue 1,Away,D,0.0,0.0,Nice,,7.0,2.0,9.0,13.0,3.0,0.0,1.0,0.0,2024,Brest,6
2023-10-01,Sun,Ligue 1,Home,L,0.0,2.0,Lille,,5.0,0.0,18.0,6.0,0.0,0.0,0.0,0.0,2024,Le Havre,6
2023-10-01,Sun,Ligue 1,Away,W,2.0,0.0,Le Havre,,16.0,6.0,6.0,18.0,0.0,0.0,0.0,0.0,2024,Lille,6
2023-10-01,Sun,Ligue 1,Home,L,0.0,3.0,Montpellier,,14.0,3.0,13.0,6.0,2.0,0.0,1.0,0.0,2024,Lorient,6
2023-10-01,Sun,Ligue 1,Away,L,0.0,2.0,Reims,,11.0,6.0,14.0,19.0,2.0,0.0,2.0,0.0,2024,Lyon,6
2023-10-01,Sun,Ligue 1,Away,L,0.0,3.0,Toulouse,,8.0,3.0,7.0,10.0,0.0,0.0,3.0,0.0,2024,Metz,6
2023-10-01,Sun,Ligue 1,Away,W,3.0,0.0,Lorient,,14.0,8.0,6.0,13.0,1.0,0.0,2.0,0.0,2024,Montpellier,6
2023-10-01,Sun,Ligue 1,Away,L,1.0,3.0,Rennes,,10.0,3.0,17.0,11.0,6.0,1.0,3.0,0.0,2024,Nantes,6
2023-10-01,Sun,Ligue 1,Home,D,0.0,0.0,Brest,,12.0,1.0,13.0,9.0,1.0,0.0,3.0,0.0,2024,Nice,6
2023-10-01,Sun,Ligue 1,Home,W,2.0,0.0,Lyon,,8.0,3.0,19.0,14.0,2.0,0.0,2.0,0.0,2024,Reims,6
2023-10-01,Sun,Ligue 1,Home,W,3.0,1.0,Nantes,,16.0,5.0,11.0,17.0,3.0,0.0,6.0,1.0,2024,Rennes,6
2023-10-01,Sun,Ligue 1,Home,W,3.0,0.0,Metz,,15.0,10.0,10.0,7.0,3.0,0.0,0.0,0.0,2024,Toulouse,6
2023-10-06,Fri,Ligue 1,Away,W,2.0,1.0,Strasbourg,,16.0,7.0,12.0,15.0,0.0,0.0,4.0,0.0,2024,Nantes,4
2023-10-06,Fri,Ligue 1,Home,L,1.0,2.0,Nantes,,11.0,3.0,15.0,12.0,4.0,0.0,0.0,0.0,2024,Strasbourg,4
2023-10-07,Sat,Ligue 1,Home,L,0.0,1.0,Nice,,10.0,3.0,9.0,10.0,0.0,0.0,1.0,0.0,2024,Metz,5
2023-10-07,Sat,Ligue 1,Away,W,3.0,1.0,Reims,,11.0,4.0,14.0,10.0,3.0,0.0,0.0,0.0,2024,Monaco,5
2023-10-07,Sat,Ligue 1,Away,W,1.0,0.0,Metz,,7.0,4.0,10.0,9.0,1.0,0.0,0.0,0.0,2024,Nice,5
2023-10-07,Sat,Ligue 1,Home,L,1.0,3.0,Monaco,,11.0,4.0,10.0,14.0,0.0,0.0,3.0,0.0,2024,Reims,5
2023-10-08,Sun,Ligue 1,Home,D,1.0,1.0,Toulouse,,13.0,2.0,18.0,18.0,2.0,0.0,2.0,0.0,2024,Brest,6
2023-10-08,Sun,Ligue 1,Away,L,0.0,3.0,Marseille,,7.0,1.0,16.0,6.0,3.0,1.0,0.0,0.0,2024,Le Havre,6
2023-10-08,Sun,Ligue 1,Home,D,1.0,1.0,Lille,,14.0,5.0,14.0,16.0,2.0,0.0,4.0,0.0,2024,Lens,6
2023-10-08,Sun,Ligue 1,Away,D,1.0,1.0,Lens,,8.0,3.0,16.0,14.0,4.0,0.0,2.0,0.0,2024,Lille,6
2023-10-08,Sun,Ligue 1,Away,D,3.0,3.0,Lyon,,6.0,5.0,10.0,22.0,0.0,0.0,0.0,0.0,2024,Lorient,6
2023-10-08,Sun,Ligue 1,Home,D,3.0,3.0,Lorient,,9.0,6.0,22.0,10.0,0.0,0.0,0.0,0.0,2024,Lyon,6
2023-10-08,Sun,Ligue 1,Home,W,3.0,0.0,Le Havre,,14.0,6.0,6.0,16.0,0.0,0.0,3.0,1.0,2024,Marseille,6
2023-10-08,Sun,Ligue 1,Away,W,3.0,1.0,Rennes,,17.0,7.0,15.0,12.0,0.0,0.0,1.0,0.0,2024,Paris SG,6
2023-10-08,Sun,Ligue 1,Home,L,1.0,3.0,Paris SG,,14.0,4.0,12.0,15.0,1.0,0.0,0.0,0.0,2024,Rennes,6
2023-10-08,Sun,Ligue 1,Away,D,1.0,1.0,Brest,,9.0,3.0,18.0,18.0,2.0,0.0,2.0,0.0,2024,Toulouse,6
2023-10-20,Fri,Ligue 1,Home,D,0.0,0.0,Lens,,14.0,5.0,16.0,9.0,2.0,0.0,3.0,0.0,2024,Le Havre,4
2023-10-20,Fri,Ligue 1,Away,D,0.0,0.0,Le Havre,,13.0,7.0,9.0,16.0,3.0,0.0,2.0,0.0,2024,Lens,4
2023-10-21,Sat,Ligue 1,Away,L,0.0,1.0,Nice,,9.0,1.0,6.0,13.0,3.0,1.0,4.0,0.0,2024,Marseille,5
2023-10-21,Sat,Ligue 1,Home,W,1.0,0.0,Marseille,,10.0,2.0,13.0,6.0,4.0,0.0,3.0,1.0,2024,Nice,5
2023-10-21,Sat,Ligue 1,Home,W,3.0,0.0,Strasbourg,,8.0,4.0,11.0,10.0,2.0,0.0,0.0,0.0,2024,Paris SG,5
2023-10-21,Sat,Ligue 1,Away,L,0.0,3.0,Paris SG,,7.0,1.0,10.0,11.0,0.0,0.0,2.0,0.0,2024,Strasbourg,5
2023-10-22,Sun,Ligue 1,Away,L,0.0,1.0,Lille,,9.0,1.0,13.0,12.0,3.0,0.0,2.0,0.0,2024,Brest,6
2023-10-22,Sun,Ligue 1,Away,W,2.0,1.0,Lyon,,12.0,5.0,12.0,16.0,6.0,0.0,4.0,0.0,2024,Clermont,6
2023-10-22,Sun,Ligue 1,Home,W,1.0,0.0,Brest,,6.0,4.0,12.0,13.0,2.0,0.0,3.0,0.0,2024,Lille,6
2023-10-22,Sun,Ligue 1,Home,W,2.0,1.0,Rennes,,5.0,4.0,5.0,14.0,0.0,0.0,2.0,0.0,2024,Lorient,6
2023-10-22,Sun,Ligue 1,Home,L,1.0,2.0,Clermont,,25.0,6.0,16.0,12.0,4.0,0.0,6.0,0.0,2024,Lyon,6
2023-10-22,Sun,Ligue 1,Away,L,1.0,2.0,Monaco,,8.0,4.0,11.0,12.0,3.0,0.0,1.0,0.0,2024,Metz,6
2023-10-22,Sun,Ligue 1,Home,W,2.0,1.0,Metz,,27.0,13.0,12.0,11.0,1.0,0.0,3.0,0.0,2024,Monaco,6
2023-10-22,Sun,Ligue 1,Away,L,0.0,2.0,Nantes,,11.0,6.0,13.0,16.0,1.0,0.0,2.0,0.0,2024,Montpellier,6
2023-10-22,Sun,Ligue 1,Home,W,2.0,0.0,Montpellier,,14.0,5.0,16.0,13.0,2.0,0.0,1.0,0.0,2024,Nantes,6
2023-10-22,Sun,Ligue 1,Away,D,1.0,1.0,Toulouse,,15.0,4.0,15.0,18.0,0.0,0.0,2.0,0.0,2024,Reims,6
2023-10-22,Sun,Ligue 1,Away,L,1.0,2.0,Lorient,,20.0,6.0,14.0,5.0,2.0,0.0,0.0,0.0,2024,Rennes,6
2023-10-22,Sun,Ligue 1,Home,D,1.0,1.0,Reims,,11.0,5.0,18.0,15.0,2.0,0.0,0.0,0.0,2024,Toulouse,6
2023-10-27,Fri,Ligue 1,Home,L,0.0,1.0,Nice,,8.0,3.0,14.0,12.0,0.0,0.0,2.0,0.0,2024,Clermont,4
2023-10-27,Fri,Ligue 1,Away,W,1.0,0.0,Clermont,,11.0,5.0,12.0,14.0,2.0,0.0,0.0,0.0,2024,Nice,4
2023-10-28,Sat,Ligue 1,Home,W,4.0,0.0,Nantes,,11.0,7.0,12.0,17.0,1.0,0.0,2.0,0.0,2024,Lens,5
2023-10-28,Sat,Ligue 1,Away,L,0.0,1.0,Reims,,9.0,1.0,7.0,16.0,3.0,0.0,1.0,0.0,2024,Lorient,5
2023-10-28,Sat,Ligue 1,Away,L,0.0,4.0,Lens,,11.0,1.0,17.0,12.0,2.0,0.0,1.0,0.0,2024,Nantes,5
2023-10-28,Sat,Ligue 1,Home,W,1.0,0.0,Lorient,,12.0,5.0,16.0,7.0,1.0,0.0,3.0,0.0,2024,Reims,5
2023-10-29,Sun,Ligue 1,Home,L,2.0,3.0,Paris SG,,20.0,5.0,14.0,10.0,3.0,0.0,4.0,0.0,2024,Brest,6
2023-10-29,Sun,Ligue 1,Away,D,0.0,0.0,Metz,,12.0,1.0,15.0,13.0,2.0,0.0,2.0,0.0,2024,Le Havre,6
2023-10-29,Sun,Ligue 1,Home,W,2.0,0.0,Monaco,,7.0,5.0,17.0,13.0,1.0,0.0,2.0,0.0,2024,Lille,6
2023-10-29,Sun,Ligue 1,Home,D,0.0,0.0,Le Havre,,9.0,3.0,13.0,15.0,2.0,0.0,2.0,0.0,2024,Metz,6
2023-10-29,Sun,Ligue 1,Away,L,0.0,2.0,Lille,,16.0,6.0,13.0,17.0,2.0,0.0,1.0,0.0,2024,Monaco,6
2023-10-29,Sun,Ligue 1,Home,W,3.0,0.0,Toulouse,,19.0,6.0,13.0,15.0,2.0,0.0,3.0,0.0,2024,Montpellier,6
2023-10-29,Sun,Ligue 1,Away,W,3.0,2.0,Brest,,17.0,10.0,10.0,14.0,4.0,0.0,3.0,0.0,2024,Paris SG,6
2023-10-29,Sun,Ligue 1,Home,D,1.0,1.0,Strasbourg,,20.0,3.0,14.0,16.0,2.0,0.0,2.0,0.0,2024,Rennes,6
2023-10-29,Sun,Ligue 1,Away,D,1.0,1.0,Rennes,,11.0,3.0,16.0,14.0,2.0,0.0,2.0,0.0,2024,Strasbourg,6
2023-10-29,Sun,Ligue 1,Away,L,0.0,3.0,Montpellier,,16.0,5.0,15.0,13.0,3.0,0.0,2.0,0.0,2024,Toulouse,6
2023-11-03,Fri,Ligue 1,Away,L,0.0,3.0,Paris SG,,7.0,2.0,13.0,10.0,0.0,0.0,1.0,0.0,2024,Montpellier,4
2023-11-03,Fri,Ligue 1,Home,W,3.0,0.0,Montpellier,,21.0,10.0,10.0,13.0,1.0,0.0,0.0,0.0,2024,Paris SG,4
2023-11-04,Sat,Ligue 1,Away,D,0.0,0.0,Lorient,,14.0,7.0,14.0,10.0,3.0,0.0,3.0,0.0,2024,Lens,5
2023-11-04,Sat,Ligue 1,Away,D,0.0,0.0,Marseille,,10.0,1.0,12.0,10.0,3.0,0.0,2.0,0.0,2024,Lille,5
2023-11-04,Sat,Ligue 1,Home,D,0.0,0.0,Lens,,7.0,2.0,10.0,14.0,3.0,0.0,3.0,0.0,2024,Lorient,5
2023-11-04,Sat,Ligue 1,Home,D,0.0,0.0,Lille,,8.0,3.0,10.0,12.0,2.0,0.0,3.0,0.0,2024,Marseille,5
2023-11-05,Sun,Ligue 1,Away,L,0.0,2.0,Monaco,,15.0,1.0,11.0,15.0,4.0,1.0,2.0,0.0,2024,Brest,6
2023-11-05,Sun,Ligue 1,Away,D,0.0,0.0,Strasbourg,,10.0,2.0,5.0,11.0,0.0,0.0,2.0,1.0,2024,Clermont,6
2023-11-05,Sun,Ligue 1,Away,W,2.0,1.0,Toulouse,,15.0,7.0,12.0,9.0,2.0,0.0,2.0,0.0,2024,Le Havre,6
2023-11-05,Sun,Ligue 1,Home,D,1.0,1.0,Metz,,15.0,4.0,16.0,14.0,1.0,0.0,1.0,0.0,2024,Lyon,6
2023-11-05,Sun,Ligue 1,Away,D,1.0,1.0,Lyon,,10.0,5.0,14.0,16.0,1.0,0.0,1.0,0.0,2024,Metz,6
2023-11-05,Sun,Ligue 1,Home,W,2.0,0.0,Brest,,12.0,6.0,15.0,11.0,2.0,0.0,4.0,1.0,2024,Monaco,6
2023-11-05,Sun,Ligue 1,Home,L,0.0,1.0,Reims,,17.0,4.0,5.0,11.0,1.0,0.0,2.0,0.0,2024,Nantes,6
2023-11-05,Sun,Ligue 1,Home,W,2.0,0.0,Rennes,,16.0,4.0,7.0,12.0,0.0,1.0,2.0,1.0,2024,Nice,6
2023-11-05,Sun,Ligue 1,Away,W,1.0,0.0,Nantes,,7.0,4.0,11.0,5.0,2.0,0.0,1.0,0.0,2024,Reims,6
2023-11-05,Sun,Ligue 1,Away,L,0.0,2.0,Nice,,11.0,4.0,12.0,7.0,2.0,1.0,0.0,1.0,2024,Rennes,6
2023-11-05,Sun,Ligue 1,Home,D,0.0,0.0,Clermont,,18.0,5.0,11.0,5.0,2.0,1.0,0.0,0.0,2024,Strasbourg,6
2023-11-05,Sun,Ligue 1,Home,L,1.0,2.0,Le Havre,,17.0,5.0,9.0,12.0,2.0,0.0,2.0,0.0,2024,Toulouse,6
2023-11-10,Fri,Ligue 1,Home,D,0.0,0.0,Nice,,9.0,1.0,11.0,15.0,0.0,0.0,4.0,0.0,2024,Montpellier,4
2023-11-10,Fri,Ligue 1,Away,D,0.0,0.0,Montpellier,,15.0,4.0,15.0,11.0,4.0,0.0,0.0,0.0,2024,Nice,4
2023-11-11,Sat,Ligue 1,Home,D,0.0,0.0,Monaco,,9.0,5.0,10.0,18.0,2.0,0.0,3.0,0.0,2024,Le Havre,5
2023-11-11,Sat,Ligue 1,Away,D,0.0,0.0,Le Havre,,10.0,4.0,18.0,10.0,3.0,0.0,2.0,0.0,2024,Monaco,5
2023-11-11,Sat,Ligue 1,Away,W,3.0,0.0,Reims,,14.0,6.0,6.0,14.0,0.0,0.0,1.0,0.0,2024,Paris SG,5
2023-11-11,Sat,Ligue 1,Home,L,0.0,3.0,Paris SG,,19.0,6.0,14.0,6.0,1.0,0.0,0.0,0.0,2024,Reims,5
2023-11-12,Sun,Ligue 1,Home,W,1.0,0.0,Lorient,,17.0,6.0,15.0,10.0,3.0,0.0,2.0,0.0,2024,Clermont,6
2023-11-12,Sun,Ligue 1,Home,W,1.0,0.0,Marseille,,14.0,3.0,19.0,15.0,2.0,0.0,2.0,0.0,2024,Lens,6
2023-11-12,Sun,Ligue 1,Home,D,1.0,1.0,Toulouse,,13.0,6.0,12.0,16.0,3.0,0.0,4.0,0.0,2024,Lille,6
2023-11-12,Sun,Ligue 1,Away,L,0.0,1.0,Clermont,,10.0,3.0,10.0,15.0,2.0,0.0,3.0,0.0,2024,Lorient,6
2023-11-12,Sun,Ligue 1,Away,W,1.0,0.0,Rennes,,12.0,5.0,18.0,5.0,1.0,0.0,3.0,1.0,2024,Lyon,6
2023-11-12,Sun,Ligue 1,Away,L,0.0,1.0,Lens,,8.0,2.0,15.0,19.0,2.0,0.0,2.0,0.0,2024,Marseille,6
2023-11-12,Sun,Ligue 1,Home,W,3.0,1.0,Nantes,,9.0,4.0,7.0,9.0,0.0,0.0,0.0,0.0,2024,Metz,6
2023-11-12,Sun,Ligue 1,Away,L,1.0,3.0,Metz,,16.0,3.0,9.0,7.0,0.0,0.0,0.0,0.0,2024,Nantes,6
2023-11-12,Sun,Ligue 1,Home,L,0.0,1.0,Lyon,,8.0,2.0,5.0,18.0,3.0,1.0,1.0,0.0,2024,Rennes,6
2023-11-12,Sun,Ligue 1,Away,D,1.0,1.0,Lille,,2.0,1.0,16.0,12.0,4.0,0.0,3.0,0.0,2024,Toulouse,6
2023-11-24,Fri,Ligue 1,Away,L,2.0,5.0,Paris SG,,14.0,7.0,19.0,9.0,1.0,0.0,0.0,0.0,2024,Monaco,4
2023-11-24,Fri,Ligue 1,Home,W,5.0,2.0,Monaco,,16.0,11.0,9.0,19.0,0.0,0.0,1.0,0.0,2024,Paris SG,4
2023-11-25,Sat,Ligue 1,Home,L,0.0,3.0,Lens,,13.0,4.0,16.0,17.0,2.0,1.0,3.0,1.0,2024,Clermont,5
2023-11-25,Sat,Ligue 1,Away,W,3.0,0.0,Clermont,,16.0,10.0,17.0,16.0,3.0,1.0,2.0,1.0,2024,Lens,5
2023-11-25,Sat,Ligue 1,Away,D,1.0,1.0,Strasbourg,,16.0,3.0,16.0,14.0,2.0,0.0,1.0,0.0,2024,Marseille,5
2023-11-25,Sat,Ligue 1,Home,D,1.0,1.0,Marseille,,15.0,7.0,14.0,16.0,1.0,0.0,2.0,0.0,2024,Strasbourg,5
2023-11-26,Sun,Ligue 1,Away,W,3.0,1.0,Montpellier,,17.0,5.0,18.0,11.0,2.0,0.0,2.0,0.0,2024,Brest,6
2023-11-26,Sun,Ligue 1,Away,D,0.0,0.0,Nantes,,6.0,0.0,17.0,10.0,2.0,1.0,1.0,0.0,2024,Le Havre,6
2023-11-26,Sun,Ligue 1,Away,W,2.0,0.0,Lyon,,15.0,8.0,5.0,17.0,2.0,0.0,2.0,0.0,2024,Lille,6
2023-11-26,Sun,Ligue 1,Home,L,2.0,3.0,Metz,,11.0,5.0,10.0,17.0,2.0,0.0,1.0,0.0,2024,Lorient,6
2023-11-26,Sun,Ligue 1,Home,L,0.0,2.0,Lille,,11.0,5.0,17.0,5.0,2.0,0.0,2.0,0.0,2024,Lyon,6
2023-11-26,Sun,Ligue 1,Away,W,3.0,2.0,Lorient,,14.0,5.0,17.0,10.0,1.0,0.0,2.0,0.0,2024,Metz,6
2023-11-26,Sun,Ligue 1,Home,L,1.0,3.0,Brest,,17.0,5.0,11.0,18.0,2.0,0.0,2.0,0.0,2024,Montpellier,6
2023-11-26,Sun,Ligue 1,Home,D,0.0,0.0,Le Havre,,19.0,3.0,10.0,17.0,1.0,0.0,2.0,1.0,2024,Nantes,6
2023-11-26,Sun,Ligue 1,Home,W,1.0,0.0,Toulouse,,8.0,3.0,9.0,19.0,0.0,0.0,4.0,0.0,2024,Nice,6
2023-11-26,Sun,Ligue 1,Away,L,1.0,3.0,Rennes,,15.0,5.0,18.0,10.0,2.0,0.0,2.0,0.0,2024,Reims,6
2023-11-26,Sun,Ligue 1,Home,W,3.0,1.0,Reims,,10.0,5.0,10.0,18.0,2.0,0.0,2.0,0.0,2024,Rennes,6
2023-11-26,Sun,Ligue 1,Away,L,0.0,1.0,Nice,,19.0,3.0,19.0,9.0,4.0,0.0,0.0,0.0,2024,Toulouse,6
2023-11-29,Wed,Ligue 1,Away,D,1.0,1.0,Montpellier,,5.0,1.0,14.0,23.0,4.0,0.0,3.0,0.0,2024,Clermont,2
2023-11-29,Wed,Ligue 1,Home,D,1.0,1.0,Clermont,,32.0,10.0,23.0,14.0,3.0,0.0,4.0,0.0,2024,Montpellier,2
2023-12-01,Fri,Ligue 1,Home,W,2.0,1.0,Strasbourg,,13.0,4.0,7.0,7.0,1.0,0.0,1.0,0.0,2024,Reims,4
2023-12-01,Fri,Ligue 1,Away,L,1.0,2.0,Reims,,10.0,3.0,7.0,7.0,1.0,0.0,1.0,0.0,2024,Strasbourg,4
2023-12-02,Sat,Ligue 1,Home,W,3.0,2.0,Lyon,,10.0,7.0,11.0,14.0,2.0,1.0,0.0,0.0,2024,Lens,5
2023-12-02,Sat,Ligue 1,Away,L,2.0,3.0,Lens,,12.0,7.0,14.0,11.0,0.0,0.0,2.0,1.0,2024,Lyon,5
2023-12-02,Sat,Ligue 1,Home,W,1.0,0.0,Nice,,13.0,4.0,15.0,18.0,3.0,0.0,0.0,0.0,2024,Nantes,5
2023-12-02,Sat,Ligue 1,Away,L,0.0,1.0,Nantes,,13.0,6.0,18.0,15.0,0.0,0.0,3.0,0.0,2024,Nice,5
2023-12-03,Sun,Ligue 1,Home,W,3.0,0.0,Clermont,,12.0,7.0,11.0,17.0,1.0,0.0,2.0,0.0,2024,Brest,6
2023-12-03,Sun,Ligue 1,Away,L,0.0,3.0,Brest,,10.0,1.0,17.0,11.0,2.0,0.0,1.0,0.0,2024,Clermont,6
2023-12-03,Sun,Ligue 1,Home,L,0.0,2.0,Paris SG,,22.0,7.0,11.0,9.0,2.0,0.0,1.0,1.0,2024,Le Havre,6
2023-12-03,Sun,Ligue 1,Home,W,2.0,0.0,Metz,,16.0,6.0,8.0,11.0,0.0,0.0,0.0,0.0,2024,Lille,6
2023-12-03,Sun,Ligue 1,Away,D,1.0,1.0,Toulouse,,11.0,5.0,10.0,16.0,4.0,0.0,2.0,0.0,2024,Lorient,6
2023-12-03,Sun,Ligue 1,Home,W,2.0,0.0,Rennes,,5.0,2.0,9.0,15.0,1.0,1.0,3.0,1.0,2024,Marseille,6
2023-12-03,Sun,Ligue 1,Away,L,0.0,2.0,Lille,,7.0,4.0,11.0,8.0,0.0,0.0,0.0,0.0,2024,Metz,6
2023-12-03,Sun,Ligue 1,Home,W,2.0,0.0,Montpellier,,27.0,9.0,15.0,13.0,2.0,0.0,3.0,1.0,2024,Monaco,6
2023-12-03,Sun,Ligue 1,Away,L,0.0,2.0,Monaco,,9.0,4.0,13.0,15.0,3.0,1.0,2.0,0.0,2024,Montpellier,6
2023-12-03,Sun,Ligue 1,Away,W,2.0,0.0,Le Havre,,9.0,5.0,9.0,11.0,1.0,1.0,2.0,0.0,2024,Paris SG,6
2023-12-03,Sun,Ligue 1,Away,L,0.0,2.0,Marseille,,10.0,0.0,15.0,9.0,3.0,1.0,1.0,1.0,2024,Rennes,6
2023-12-03,Sun,Ligue 1,Home,D,1.0,1.0,Lorient,,11.0,6.0,16.0,10.0,2.0,0.0,4.0,0.0,2024,Toulouse,6
2023-12-06,Wed,Ligue 1,Away,L,0.0,3.0,Marseille,,6.0,1.0,11.0,14.0,2.0,0.0,1.0,0.0,2024,Lyon,2
2023-12-06,Wed,Ligue 1,Home,W,3.0,0.0,Lyon,,12.0,5.0,14.0,11.0,1.0,0.0,2.0,0.0,2024,Marseille,2
2023-12-07,Thu,Ligue 1,Home,D,1.0,1.0,Strasbourg,,13.0,3.0,11.0,18.0,1.0,0.0,0.0,0.0,2024,Brest,3
2023-12-07,Thu,Ligue 1,Away,D,1.0,1.0,Brest,,9.0,5.0,18.0,11.0,0.0,0.0,1.0,0.0,2024,Strasbourg,3
2023-12-08,Fri,Ligue 1,Away,D,0.0,0.0,Montpellier,,13.0,5.0,11.0,16.0,3.0,0.0,2.0,0.0,2024,Lens,4
2023-12-08,Fri,Ligue 1,Home,D,0.0,0.0,Lens,,18.0,4.0,16.0,11.0,2.0,0.0,3.0,0.0,2024,Montpellier,4
2023-12-09,Sat,Ligue 1,Away,W,2.0,1.0,Rennes,,12.0,5.0,22.0,9.0,6.0,1.0,3.0,0.0,2024,Monaco,5
2023-12-09,Sat,Ligue 1,Away,L,1.0,2.0,Paris SG,,10.0,4.0,12.0,9.0,3.0,0.0,1.0,0.0,2024,Nantes,5
2023-12-09,Sat,Ligue 1,Home,W,2.0,1.0,Nantes,,16.0,6.0,9.0,12.0,1.0,0.0,3.0,0.0,2024,Paris SG,5
2023-12-09,Sat,Ligue 1,Home,L,1.0,2.0,Monaco,,15.0,5.0,9.0,22.0,3.0,0.0,6.0,1.0,2024,Rennes,5
2023-12-10,Sun,Ligue 1,Away,W,1.0,0.0,Metz,,4.0,3.0,16.0,14.0,2.0,0.0,3.0,0.0,2024,Brest,6
2023-12-10,Sun,Ligue 1,Home,D,0.0,0.0,Lille,,16.0,5.0,18.0,9.0,2.0,0.0,2.0,0.0,2024,Clermont,6
2023-12-10,Sun,Ligue 1,Away,L,1.0,2.0,Strasbourg,,15.0,3.0,15.0,14.0,1.0,0.0,3.0,0.0,2024,Le Havre,6
2023-12-10,Sun,Ligue 1,Away,D,0.0,0.0,Clermont,,12.0,3.0,9.0,18.0,2.0,0.0,2.0,0.0,2024,Lille,6
2023-12-10,Sun,Ligue 1,Home,L,2.0,4.0,Marseille,,15.0,9.0,17.0,17.0,5.0,0.0,3.0,1.0,2024,Lorient,6
2023-12-10,Sun,Ligue 1,Home,W,3.0,0.0,Toulouse,,15.0,7.0,15.0,15.0,2.0,0.0,3.0,0.0,2024,Lyon,6
2023-12-10,Sun,Ligue 1,Away,W,4.0,2.0,Lorient,,18.0,8.0,17.0,17.0,3.0,1.0,5.0,0.0,2024,Marseille,6
2023-12-10,Sun,Ligue 1,Home,L,0.0,1.0,Brest,,6.0,3.0,14.0,16.0,3.0,0.0,2.0,0.0,2024,Metz,6
2023-12-10,Sun,Ligue 1,Home,W,2.0,1.0,Reims,,15.0,5.0,13.0,6.0,2.0,0.0,3.0,0.0,2024,Nice,6
2023-12-10,Sun,Ligue 1,Away,L,1.0,2.0,Nice,,9.0,2.0,6.0,13.0,3.0,0.0,2.0,0.0,2024,Reims,6
2023-12-10,Sun,Ligue 1,Home,W,2.0,1.0,Le Havre,,12.0,3.0,14.0,15.0,3.0,0.0,1.0,0.0,2024,Strasbourg,6
2023-12-10,Sun,Ligue 1,Away,L,0.0,3.0,Lyon,,16.0,6.0,15.0,15.0,3.0,0.0,2.0,0.0,2024,Toulouse,6
2023-12-15,Fri,Ligue 1,Away,W,1.0,0.0,Monaco,,5.0,2.0,12.0,13.0,2.0,0.0,1.0,0.0,2024,Lyon,4
2023-12-15,Fri,Ligue 1,Home,L,0.0,1.0,Lyon,,19.0,4.0,13.0,12.0,1.0,0.0,2.0,0.0,2024,Monaco,4
2023-12-16,Sat,Ligue 1,Home,W,3.0,1.0,Nice,,9.0,5.0,13.0,9.0,3.0,1.0,2.0,1.0,2024,Le Havre,5
2023-12-16,Sat,Ligue 1,Home,W,2.0,0.0,Reims,,7.0,2.0,9.0,10.0,0.0,0.0,1.0,0.0,2024,Lens,5
2023-12-16,Sat,Ligue 1,Away,L,1.0,3.0,Le Havre,,13.0,6.0,9.0,13.0,2.0,1.0,3.0,1.0,2024,Nice,5
2023-12-16,Sat,Ligue 1,Away,L,0.0,2.0,Lens,,14.0,3.0,10.0,9.0,1.0,0.0,0.0,0.0,2024,Reims,5
2023-12-17,Sun,Ligue 1,Away,W,2.0,0.0,Nantes,,14.0,8.0,8.0,15.0,3.0,0.0,1.0,0.0,2024,Brest,6
2023-12-17,Sun,Ligue 1,Away,L,1.0,2.0,Marseille,,5.0,2.0,14.0,12.0,3.0,0.0,0.0,0.0,2024,Clermont,6
2023-12-17,Sun,Ligue 1,Home,D,1.0,1.0,Paris SG,,15.0,3.0,9.0,19.0,1.0,0.0,1.0,0.0,2024,Lille,6
2023-12-17,Sun,Ligue 1,Home,L,1.0,2.0,Strasbourg,,7.0,1.0,14.0,12.0,3.0,0.0,2.0,0.0,2024,Lorient,6
2023-12-17,Sun,Ligue 1,Home,W,2.0,1.0,Clermont,,15.0,6.0,12.0,14.0,0.0,0.0,3.0,0.0,2024,Marseille,6
2023-12-17,Sun,Ligue 1,Home,L,0.0,1.0,Montpellier,,19.0,4.0,15.0,14.0,2.0,0.0,2.0,0.0,2024,Metz,6
2023-12-17,Sun,Ligue 1,Away,W,1.0,0.0,Metz,,6.0,3.0,14.0,15.0,2.0,0.0,2.0,0.0,2024,Montpellier,6
2023-12-17,Sun,Ligue 1,Home,L,0.0,2.0,Brest,,12.0,4.0,15.0,8.0,1.0,0.0,3.0,0.0,2024,Nantes,6
2023-12-17,Sun,Ligue 1,Away,D,1.0,1.0,Lille,,10.0,2.0,19.0,9.0,1.0,0.0,1.0,0.0,2024,Paris SG,6
2023-12-17,Sun,Ligue 1,Away,D,0.0,0.0,Toulouse,,11.0,4.0,14.0,17.0,2.0,0.0,3.0,0.0,2024,Rennes,6
2023-12-17,Sun,Ligue 1,Away,W,2.0,1.0,Lorient,,12.0,9.0,12.0,14.0,2.0,0.0,3.0,0.0,2024,Strasbourg,6
2023-12-17,Sun,Ligue 1,Home,D,0.0,0.0,Rennes,,15.0,6.0,17.0,14.0,3.0,0.0,2.0,0.0,2024,Toulouse,6
2023-12-20,Wed,Ligue 1,Home,W,4.0,0.0,Lorient,,12.0,7.0,8.0,17.0,1.0,0.0,2.0,0.0,2024,Brest,2
2023-12-20,Wed,Ligue 1,Home,L,1.0,3.0,Rennes,,14.0,6.0,8.0,11.0,0.0,1.0,3.0,0.0,2024,Clermont,2
2023-12-20,Wed,Ligue 1,Away,L,0.0,1.0,Reims,,4.0,1.0,6.0,7.0,1.0,1.0,1.0,0.0,2024,Le Havre,2
2023-12-20,Wed,Ligue 1,Away,L,0.0,2.0,Nice,,10.0,3.0,11.0,14.0,2.0,0.0,2.0,0.0,2024,Lens,2
2023-12-20,Wed,Ligue 1,Away,L,1.0,2.0,Strasbourg,,9.0,2.0,10.0,19.0,2.0,0.0,1.0,0.0,2024,Lille,2
2023-12-20,Wed,Ligue 1,Away,L,0.0,4.0,Brest,,7.0,3.0,17.0,8.0,2.0,0.0,1.0,0.0,2024,Lorient,2
2023-12-20,Wed,Ligue 1,Home,W,1.0,0.0,Nantes,,8.0,7.0,8.0,14.0,1.0,1.0,2.0,0.0,2024,Lyon,2
2023-12-20,Wed,Ligue 1,Away,D,1.0,1.0,Montpellier,,17.0,4.0,13.0,21.0,1.0,0.0,2.0,0.0,2024,Marseille,2
2023-12-20,Wed,Ligue 1,Away,L,1.0,3.0,Paris SG,,3.0,1.0,9.0,6.0,1.0,0.0,0.0,0.0,2024,Metz,2
2023-12-20,Wed,Ligue 1,Away,W,2.0,1.0,Toulouse,,12.0,4.0,10.0,17.0,3.0,1.0,2.0,0.0,2024,Monaco,2
2023-12-20,Wed,Ligue 1,Home,D,1.0,1.0,Marseille,,12.0,6.0,21.0,13.0,2.0,0.0,1.0,0.0,2024,Montpellier,2
2023-12-20,Wed,Ligue 1,Away,L,0.0,1.0,Lyon,,7.0,0.0,14.0,8.0,2.0,0.0,1.0,1.0,2024,Nantes,2
2023-12-20,Wed,Ligue 1,Home,W,2.0,0.0,Lens,,14.0,5.0,14.0,11.0,2.0,0.0,2.0,0.0,2024,Nice,2
2023-12-20,Wed,Ligue 1,Home,W,3.0,1.0,Metz,,13.0,5.0,6.0,9.0,0.0,0.0,1.0,0.0,2024,Paris SG,2
2023-12-20,Wed,Ligue 1,Home,W,1.0,0.0,Le Havre,,22.0,7.0,7.0,6.0,1.0,0.0,1.0,1.0,2024,Reims,2
2023-12-20,Wed,Ligue 1,Away,W,3.0,1.0,Clermont,,25.0,11.0,11.0,8.0,3.0,0.0,0.0,1.0,2024,Rennes,2
2023-12-20,Wed,Ligue 1,Home,W,2.0,1.0,Lille,,9.0,2.0,19.0,10.0,1.0,0.0,2.0,0.0,2024,Strasbourg,2
2023-12-20,Wed,Ligue 1,Home,L,1.0,2.0,Monaco,,20.0,5.0,17.0,10.0,2.0,0.0,3.0,1.0,2024,Toulouse,2
2024-01-12,Fri,Ligue 1,Home,D,1.0,1.0,Strasbourg,,8.0,2.0,11.0,10.0,3.0,0.0,2.0,0.0,2024,Marseille,4
2024-01-12,Fri,Ligue 1,Away,D,1.0,1.0,Marseille,,18.0,4.0,10.0,11.0,2.0,0.0,3.0,0.0,2024,Strasbourg,4
2024-01-13,Sat,Ligue 1,Home,L,1.0,3.0,Reims,,9.0,5.0,11.0,9.0,3.0,0.0,2.0,0.0,2024,Monaco,5
2024-01-13,Sat,Ligue 1,Away,L,0.0,2.0,Rennes,,9.0,2.0,11.0,13.0,0.0,0.0,1.0,0.0,2024,Nice,5
2024-01-13,Sat,Ligue 1,Away,W,3.0,1.0,Monaco,,12.0,5.0,9.0,11.0,2.0,0.0,3.0,0.0,2024,Reims,5
2024-01-13,Sat,Ligue 1,Home,W,2.0,0.0,Nice,,15.0,5.0,13.0,11.0,1.0,0.0,0.0,0.0,2024,Rennes,5
2024-01-14,Sun,Ligue 1,Home,W,2.0,0.0,Montpellier,,26.0,9.0,6.0,7.0,1.0,0.0,2.0,0.0,2024,Brest,6
2024-01-14,Sun,Ligue 1,Away,W,2.0,1.0,Nantes,,15.0,6.0,5.0,10.0,1.0,0.0,1.0,1.0,2024,Clermont,6
2024-01-14,Sun,Ligue 1,Home,W,3.0,1.0,Lyon,,14.0,7.0,15.0,4.0,1.0,0.0,0.0,2.0,2024,Le Havre,6
2024-01-14,Sun,Ligue 1,Home,L,0.0,2.0,Paris SG,,17.0,5.0,10.0,8.0,0.0,1.0,1.0,0.0,2024,Lens,6
2024-01-14,Sun,Ligue 1,Home,W,3.0,0.0,Lorient,,24.0,10.0,10.0,22.0,1.0,0.0,4.0,0.0,2024,Lille,6
2024-01-14,Sun,Ligue 1,Away,L,0.0,3.0,Lille,,1.0,0.0,22.0,10.0,4.0,0.0,1.0,0.0,2024,Lorient,6
2024-01-14,Sun,Ligue 1,Away,L,1.0,3.0,Le Havre,,9.0,2.0,4.0,15.0,0.0,2.0,1.0,0.0,2024,Lyon,6
2024-01-14,Sun,Ligue 1,Home,L,0.0,1.0,Toulouse,,14.0,2.0,20.0,18.0,3.0,1.0,2.0,0.0,2024,Metz,6
2024-01-14,Sun,Ligue 1,Away,L,0.0,2.0,Brest,,9.0,4.0,7.0,6.0,2.0,0.0,1.0,0.0,2024,Montpellier,6
2024-01-14,Sun,Ligue 1,Home,L,1.0,2.0,Clermont,,20.0,9.0,10.0,5.0,1.0,1.0,1.0,0.0,2024,Nantes,6
2024-01-14,Sun,Ligue 1,Away,W,2.0,0.0,Lens,,15.0,7.0,8.0,10.0,1.0,0.0,0.0,1.0,2024,Paris SG,6
2024-01-14,Sun,Ligue 1,Away,W,1.0,0.0,Metz,,4.0,2.0,18.0,20.0,2.0,0.0,3.0,1.0,2024,Toulouse,6
2024-01-26,Fri,Ligue 1,Home,L,2.0,3.0,Rennes,,12.0,6.0,15.0,12.0,2.0,0.0,2.0,0.0,2024,Lyon,4
2024-01-26,Fri,Ligue 1,Away,W,3.0,2.0,Lyon,,11.0,5.0,12.0,15.0,2.0,0.0,2.0,0.0,2024,Rennes,4
2024-01-27,Sat,Ligue 1,Home,D,2.0,2.0,Monaco,,22.0,9.0,11.0,12.0,1.0,0.0,3.0,2.0,2024,Marseille,5
2024-01-27,Sat,Ligue 1,Away,L,0.0,1.0,Nice,,2.0,1.0,13.0,10.0,1.0,0.0,1.0,0.0,2024,Metz,5
2024-01-27,Sat,Ligue 1,Away,D,2.0,2.0,Marseille,,6.0,5.0,12.0,11.0,3.0,2.0,1.0,0.0,2024,Monaco,5
2024-01-27,Sat,Ligue 1,Home,W,1.0,0.0,Metz,,15.0,9.0,10.0,13.0,1.0,0.0,1.0,0.0,2024,Nice,5
2024-01-28,Sun,Ligue 1,Away,D,2.0,2.0,Paris SG,,9.0,6.0,10.0,12.0,3.0,0.0,5.0,1.0,2024,Brest,6
2024-01-28,Sun,Ligue 1,Home,D,1.0,1.0,Strasbourg,,14.0,6.0,12.0,16.0,1.0,0.0,3.0,0.0,2024,Clermont,6
2024-01-28,Sun,Ligue 1,Away,D,3.0,3.0,Lorient,,14.0,5.0,21.0,15.0,4.0,0.0,4.0,0.0,2024,Le Havre,6
2024-01-28,Sun,Ligue 1,Away,W,2.0,0.0,Toulouse,,13.0,5.0,14.0,11.0,3.0,0.0,3.0,0.0,2024,Lens,6
2024-01-28,Sun,Ligue 1,Away,D,0.0,0.0,Montpellier,,12.0,0.0,16.0,13.0,3.0,1.0,4.0,0.0,2024,Lille,6
2024-01-28,Sun,Ligue 1,Home,D,3.0,3.0,Le Havre,,13.0,6.0,15.0,21.0,4.0,0.0,4.0,0.0,2024,Lorient,6
2024-01-28,Sun,Ligue 1,Home,D,0.0,0.0,Lille,,12.0,7.0,13.0,16.0,4.0,0.0,3.0,1.0,2024,Montpellier,6
2024-01-28,Sun,Ligue 1,Away,D,0.0,0.0,Reims,,7.0,5.0,16.0,8.0,2.0,0.0,3.0,0.0,2024,Nantes,6
2024-01-28,Sun,Ligue 1,Home,D,2.0,2.0,Brest,,10.0,4.0,12.0,10.0,5.0,1.0,3.0,0.0,2024,Paris SG,6
2024-01-28,Sun,Ligue 1,Home,D,0.0,0.0,Nantes,,10.0,1.0,8.0,16.0,3.0,0.0,2.0,0.0,2024,Reims,6
2024-01-28,Sun,Ligue 1,Away,D,1.0,1.0,Clermont,,6.0,2.0,16.0,12.0,3.0,0.0,1.0,0.0,2024,Strasbourg,6
2024-01-28,Sun,Ligue 1,Home,L,0.0,2.0,Lens,,13.0,4.0,11.0,14.0,3.0,0.0,3.0,0.0,2024,Toulouse,6
2024-02-02,Fri,Ligue 1,Away,W,2.0,1.0,Strasbourg,,9.0,5.0,13.0,12.0,1.0,0.0,3.0,0.0,2024,Paris SG,4
2024-02-02,Fri,Ligue 1,Home,L,1.0,2.0,Paris SG,,20.0,8.0,12.0,13.0,3.0,0.0,1.0,0.0,2024,Strasbourg,4
2024-02-03,Sat,Ligue 1,Away,W,1.0,0.0,Nantes,,12.0,4.0,11.0,16.0,2.0,0.0,2.0,0.0,2024,Lens,5
2024-02-03,Sat,Ligue 1,Away,L,1.0,2.0,Rennes,,17.0,9.0,12.0,17.0,3.0,0.0,4.0,0.0,2024,Montpellier,5
2024-02-03,Sat,Ligue 1,Home,L,0.0,1.0,Lens,,7.0,2.0,16.0,11.0,2.0,0.0,2.0,0.0,2024,Nantes,5
2024-02-03,Sat,Ligue 1,Home,W,2.0,1.0,Montpellier,,9.0,3.0,17.0,12.0,4.0,0.0,3.0,0.0,2024,Rennes,5
2024-02-04,Sun,Ligue 1,Home,D,0.0,0.0,Nice,,17.0,2.0,12.0,12.0,3.0,0.0,1.0,0.0,2024,Brest,6
2024-02-04,Sun,Ligue 1,Away,L,0.0,4.0,Lille,,4.0,3.0,10.0,8.0,1.0,0.0,0.0,0.0,2024,Clermont,6
2024-02-04,Sun,Ligue 1,Away,D,1.0,1.0,Monaco,,3.0,0.0,11.0,16.0,2.0,0.0,3.0,0.0,2024,Le Havre,6
2024-02-04,Sun,Ligue 1,Home,W,4.0,0.0,Clermont,,23.0,13.0,8.0,10.0,0.0,0.0,1.0,0.0,2024,Lille,6
2024-02-04,Sun,Ligue 1,Away,W,2.0,1.0,Metz,,12.0,4.0,13.0,12.0,1.0,0.0,3.0,0.0,2024,Lorient,6
2024-02-04,Sun,Ligue 1,Home,W,1.0,0.0,Marseille,,12.0,7.0,14.0,10.0,2.0,0.0,1.0,0.0,2024,Lyon,6
2024-02-04,Sun,Ligue 1,Away,L,0.0,1.0,Lyon,,8.0,1.0,10.0,14.0,1.0,0.0,2.0,0.0,2024,Marseille,6
2024-02-04,Sun,Ligue 1,Home,L,1.0,2.0,Lorient,,10.0,3.0,12.0,13.0,3.0,0.0,1.0,0.0,2024,Metz,6
2024-02-04,Sun,Ligue 1,Home,D,1.0,1.0,Le Havre,,17.0,5.0,16.0,11.0,3.0,0.0,2.0,0.0,2024,Monaco,6
2024-02-04,Sun,Ligue 1,Away,D,0.0,0.0,Brest,,13.0,1.0,12.0,12.0,1.0,0.0,3.0,0.0,2024,Nice,6
2024-02-04,Sun,Ligue 1,Home,L,2.0,3.0,Toulouse,,17.0,5.0,13.0,16.0,2.0,0.0,3.0,0.0,2024,Reims,6
2024-02-04,Sun,Ligue 1,Away,W,3.0,2.0,Reims,,9.0,4.0,16.0,13.0,3.0,0.0,2.0,0.0,2024,Toulouse,6
2024-02-09,Fri,Ligue 1,Home,D,1.0,1.0,Metz,,18.0,6.0,12.0,16.0,2.0,1.0,0.0,0.0,2024,Marseille,4
2024-02-09,Fri,Ligue 1,Away,D,1.0,1.0,Marseille,,7.0,3.0,16.0,12.0,0.0,0.0,2.0,1.0,2024,Metz,4
2024-02-10,Sat,Ligue 1,Home,W,3.0,1.0,Strasbourg,,10.0,6.0,14.0,14.0,2.0,0.0,1.0,0.0,2024,Lens,5
2024-02-10,Sat,Ligue 1,Away,L,1.0,3.0,Paris SG,,10.0,3.0,10.0,12.0,3.0,0.0,2.0,0.0,2024,Lille,5
2024-02-10,Sat,Ligue 1,Home,W,3.0,1.0,Lille,,16.0,8.0,12.0,10.0,2.0,0.0,3.0,0.0,2024,Paris SG,5
2024-02-10,Sat,Ligue 1,Away,L,1.0,3.0,Lens,,19.0,5.0,14.0,14.0,1.0,0.0,2.0,0.0,2024,Strasbourg,5
2024-02-11,Sun,Ligue 1,Away,D,1.0,1.0,Clermont,,15.0,9.0,13.0,12.0,4.0,1.0,2.0,1.0,2024,Brest,6
2024-02-11,Sun,Ligue 1,Home,D,1.0,1.0,Brest,,7.0,2.0,12.0,13.0,2.0,1.0,4.0,1.0,2024,Clermont,6
2024-02-11,Sun,Ligue 1,Home,L,0.0,1.0,Rennes,,13.0,5.0,14.0,7.0,2.0,0.0,1.0,0.0,2024,Le Havre,6
2024-02-11,Sun,Ligue 1,Home,W,2.0,0.0,Reims,,17.0,5.0,9.0,14.0,1.0,0.0,1.0,0.0,2024,Lorient,6
2024-02-11,Sun,Ligue 1,Away,W,2.0,1.0,Montpellier,,19.0,5.0,11.0,11.0,2.0,0.0,1.0,0.0,2024,Lyon,6
2024-02-11,Sun,Ligue 1,Away,W,3.0,2.0,Nice,,9.0,5.0,14.0,17.0,4.0,0.0,5.0,1.0,2024,Monaco,6
2024-02-11,Sun,Ligue 1,Home,L,1.0,2.0,Lyon,,15.0,8.0,11.0,11.0,1.0,0.0,2.0,0.0,2024,Montpellier,6
2024-02-11,Sun,Ligue 1,Away,W,2.0,1.0,Toulouse,,5.0,2.0,13.0,10.0,1.0,0.0,2.0,0.0,2024,Nantes,6
2024-02-11,Sun,Ligue 1,Home,L,2.0,3.0,Monaco,,15.0,5.0,17.0,14.0,5.0,1.0,4.0,0.0,2024,Nice,6
2024-02-11,Sun,Ligue 1,Away,L,0.0,2.0,Lorient,,23.0,6.0,14.0,9.0,1.0,0.0,1.0,0.0,2024,Reims,6
2024-02-11,Sun,Ligue 1,Away,W,1.0,0.0,Le Havre,,11.0,2.0,7.0,14.0,1.0,0.0,2.0,0.0,2024,Rennes,6
2024-02-11,Sun,Ligue 1,Home,L,1.0,2.0,Nantes,,16.0,3.0,10.0,13.0,2.0,0.0,1.0,0.0,2024,Toulouse,6
2024-02-16,Fri,Ligue 1,Home,W,1.0,0.0,Nice,,9.0,1.0,8.0,12.0,0.0,0.0,1.0,0.0,2024,Lyon,4
2024-02-16,Fri,Ligue 1,Away,L,0.0,1.0,Lyon,,20.0,6.0,12.0,8.0,1.0,0.0,0.0,0.0,2024,Nice,4
2024-02-17,Sat,Ligue 1,Away,L,0.0,3.0,Lille,,6.0,2.0,17.0,11.0,3.0,0.0,2.0,0.0,2024,Le Havre,5
2024-02-17,Sat,Ligue 1,Home,W,3.0,0.0,Le Havre,,17.0,8.0,11.0,17.0,2.0,0.0,3.0,0.0,2024,Lille,5
2024-02-17,Sat,Ligue 1,Home,L,0.0,2.0,Paris SG,,12.0,7.0,10.0,12.0,1.0,0.0,0.0,0.0,2024,Nantes,5
2024-02-17,Sat,Ligue 1,Away,W,2.0,0.0,Nantes,,12.0,2.0,12.0,10.0,0.0,0.0,1.0,0.0,2024,Paris SG,5
2024-02-18,Sun,Ligue 1,Home,W,1.0,0.0,Marseille,,15.0,5.0,14.0,9.0,3.0,1.0,1.0,0.0,2024,Brest,6
2024-02-18,Sun,Ligue 1,Away,L,1.0,3.0,Rennes,,14.0,5.0,10.0,9.0,0.0,1.0,1.0,0.0,2024,Clermont,6
2024-02-18,Sun,Ligue 1,Away,D,1.0,1.0,Reims,,9.0,1.0,9.0,15.0,2.0,0.0,2.0,0.0,2024,Lens,6
2024-02-18,Sun,Ligue 1,Away,W,3.0,1.0,Strasbourg,,13.0,6.0,12.0,13.0,1.0,0.0,3.0,1.0,2024,Lorient,6
2024-02-18,Sun,Ligue 1,Away,L,0.0,1.0,Brest,,9.0,2.0,9.0,14.0,1.0,0.0,3.0,1.0,2024,Marseille,6
2024-02-18,Sun,Ligue 1,Away,L,0.0,3.0,Montpellier,,14.0,4.0,13.0,17.0,3.0,0.0,3.0,0.0,2024,Metz,6
2024-02-18,Sun,Ligue 1,Home,L,1.0,2.0,Toulouse,,22.0,5.0,18.0,12.0,1.0,0.0,3.0,0.0,2024,Monaco,6
2024-02-18,Sun,Ligue 1,Home,W,3.0,0.0,Metz,,21.0,7.0,17.0,13.0,3.0,0.0,3.0,0.0,2024,Montpellier,6
2024-02-18,Sun,Ligue 1,Home,D,1.0,1.0,Lens,,11.0,2.0,15.0,9.0,2.0,0.0,2.0,0.0,2024,Reims,6
2024-02-18,Sun,Ligue 1,Home,W,3.0,1.0,Clermont,,16.0,8.0,9.0,10.0,1.0,0.0,0.0,1.0,2024,Rennes,6
2024-02-18,Sun,Ligue 1,Home,L,1.0,3.0,Lorient,,18.0,4.0,13.0,12.0,3.0,1.0,1.0,0.0,2024,Strasbourg,6
2024-02-18,Sun,Ligue 1,Away,W,2.0,1.0,Monaco,,14.0,7.0,12.0,18.0,3.0,0.0,1.0,0.0,2024,Toulouse,6
2024-02-23,Fri,Ligue 1,Away,W,2.0,1.0,Metz,,11.0,5.0,12.0,13.0,2.0,0.0,1.0,0.0,2024,Lyon,4
2024-02-23,Fri,Ligue 1,Home,L,1.0,2.0,Lyon,,15.0,4.0,13.0,12.0,1.0,0.0,2.0,0.0,2024,Metz,4
2024-02-24,Sat,Ligue 1,Away,W,3.0,0.0,Strasbourg,,15.0,8.0,10.0,21.0,0.0,0.0,3.0,0.0,2024,Brest,5
2024-02-24,Sat,Ligue 1,Home,L,0.0,1.0,Nantes,,6.0,1.0,11.0,11.0,0.0,0.0,2.0,0.0,2024,Lorient,5
2024-02-24,Sat,Ligue 1,Away,W,1.0,0.0,Lorient,,7.0,6.0,11.0,11.0,2.0,0.0,0.0,0.0,2024,Nantes,5
2024-02-24,Sat,Ligue 1,Home,L,0.0,3.0,Brest,,6.0,2.0,21.0,10.0,3.0,0.0,0.0,0.0,2024,Strasbourg,5
2024-02-25,Sun,Ligue 1,Away,D,0.0,0.0,Nice,,13.0,5.0,12.0,8.0,1.0,0.0,2.0,0.0,2024,Clermont,6
2024-02-25,Sun,Ligue 1,Home,L,1.0,2.0,Reims,,18.0,4.0,11.0,13.0,3.0,0.0,3.0,1.0,2024,Le Havre,6
2024-02-25,Sun,Ligue 1,Home,L,2.0,3.0,Monaco,,20.0,10.0,10.0,13.0,6.0,0.0,3.0,0.0,2024,Lens,6
2024-02-25,Sun,Ligue 1,Away,L,1.0,3.0,Toulouse,,12.0,2.0,10.0,20.0,0.0,0.0,2.0,0.0,2024,Lille,6
2024-02-25,Sun,Ligue 1,Home,W,4.0,1.0,Montpellier,,16.0,6.0,8.0,12.0,2.0,0.0,4.0,0.0,2024,Marseille,6
2024-02-25,Sun,Ligue 1,Away,W,3.0,2.0,Lens,,15.0,9.0,13.0,10.0,3.0,0.0,6.0,0.0,2024,Monaco,6
2024-02-25,Sun,Ligue 1,Away,L,1.0,4.0,Marseille,,9.0,4.0,12.0,8.0,4.0,0.0,2.0,0.0,2024,Montpellier,6
2024-02-25,Sun,Ligue 1,Home,D,0.0,0.0,Clermont,,23.0,4.0,8.0,12.0,2.0,0.0,1.0,0.0,2024,Nice,6
2024-02-25,Sun,Ligue 1,Home,D,1.0,1.0,Rennes,,15.0,3.0,13.0,16.0,5.0,0.0,3.0,0.0,2024,Paris SG,6
2024-02-25,Sun,Ligue 1,Away,W,2.0,1.0,Le Havre,,16.0,5.0,13.0,11.0,3.0,1.0,3.0,0.0,2024,Reims,6
2024-02-25,Sun,Ligue 1,Away,D,1.0,1.0,Paris SG,,3.0,1.0,16.0,13.0,3.0,0.0,5.0,0.0,2024,Rennes,6
2024-02-25,Sun,Ligue 1,Home,W,3.0,1.0,Lille,,14.0,4.0,20.0,10.0,2.0,0.0,0.0,0.0,2024,Toulouse,6
2024-03-01,Fri,Ligue 1,Home,D,0.0,0.0,Paris SG,,14.0,6.0,10.0,13.0,0.0,0.0,0.0,0.0,2024,Monaco,4
2024-03-01,Fri,Ligue 1,Away,D,0.0,0.0,Monaco,,14.0,7.0,13.0,10.0,0.0,0.0,0.0,0.0,2024,Paris SG,4
2024-03-02,Sat,Ligue 1,Home,L,1.0,5.0,Marseille,,7.0,2.0,9.0,13.0,2.0,0.0,1.0,0.0,2024,Clermont,5
2024-03-02,Sat,Ligue 1,Away,W,1.0,0.0,Reims,,8.0,3.0,14.0,12.0,2.0,0.0,3.0,0.0,2024,Lille,5
2024-03-02,Sat,Ligue 1,Away,W,5.0,1.0,Clermont,,17.0,11.0,13.0,9.0,1.0,0.0,2.0,0.0,2024,Marseille,5
2024-03-02,Sat,Ligue 1,Home,L,0.0,1.0,Lille,,8.0,3.0,12.0,14.0,3.0,0.0,2.0,0.0,2024,Reims,5
2024-03-03,Sun,Ligue 1,Home,W,1.0,0.0,Le Havre,,8.0,4.0,21.0,15.0,4.0,0.0,1.0,0.0,2024,Brest,6
2024-03-03,Sun,Ligue 1,Away,L,0.0,1.0,Brest,,11.0,2.0,15.0,21.0,1.0,0.0,4.0,0.0,2024,Le Havre,6
2024-03-03,Sun,Ligue 1,Away,W,3.0,0.0,Lyon,,18.0,8.0,15.0,5.0,2.0,0.0,0.0,1.0,2024,Lens,6
2024-03-03,Sun,Ligue 1,Away,W,2.0,1.0,Rennes,,12.0,6.0,9.0,12.0,2.0,0.0,1.0,0.0,2024,Lorient,6
2024-03-03,Sun,Ligue 1,Home,L,0.0,3.0,Lens,,13.0,4.0,5.0,15.0,0.0,1.0,2.0,0.0,2024,Lyon,6
2024-03-03,Sun,Ligue 1,Away,W,2.0,0.0,Nantes,,13.0,4.0,11.0,7.0,2.0,0.0,3.0,0.0,2024,Metz,6
2024-03-03,Sun,Ligue 1,Home,D,2.0,2.0,Strasbourg,,21.0,7.0,12.0,17.0,1.0,0.0,3.0,0.0,2024,Montpellier,6
2024-03-03,Sun,Ligue 1,Home,L,0.0,2.0,Metz,,9.0,2.0,7.0,11.0,3.0,0.0,2.0,0.0,2024,Nantes,6
2024-03-03,Sun,Ligue 1,Away,L,1.0,2.0,Toulouse,,9.0,6.0,10.0,16.0,2.0,0.0,2.0,0.0,2024,Nice,6
2024-03-03,Sun,Ligue 1,Home,L,1.0,2.0,Lorient,,22.0,6.0,12.0,9.0,1.0,0.0,2.0,0.0,2024,Rennes,6
2024-03-03,Sun,Ligue 1,Away,D,2.0,2.0,Montpellier,,12.0,4.0,17.0,12.0,3.0,0.0,1.0,0.0,2024,Strasbourg,6
2024-03-03,Sun,Ligue 1,Home,W,2.0,1.0,Nice,,17.0,6.0,16.0,10.0,2.0,0.0,2.0,0.0,2024,Toulouse,6
2024-03-08,Fri,Ligue 1,Away,W,2.0,1.0,Nice,,7.0,2.0,11.0,13.0,2.0,0.0,1.0,0.0,2024,Montpellier,4
2024-03-08,Fri,Ligue 1,Home,L,1.0,2.0,Montpellier,,19.0,5.0,13.0,11.0,1.0,0.0,2.0,0.0,2024,Nice,4
2024-03-09,Sat,Ligue 1,Away,L,0.0,1.0,Lens,,9.0,3.0,10.0,13.0,2.0,0.0,1.0,0.0,2024,Brest,5
2024-03-09,Sat,Ligue 1,Home,W,1.0,0.0,Brest,,6.0,2.0,13.0,10.0,1.0,0.0,2.0,0.0,2024,Lens,5
2024-03-09,Sat,Ligue 1,Home,L,0.0,2.0,Lyon,,9.0,0.0,10.0,7.0,0.0,0.0,0.0,0.0,2024,Lorient,5
2024-03-09,Sat,Ligue 1,Away,W,2.0,0.0,Lorient,,13.0,6.0,7.0,10.0,0.0,0.0,0.0,0.0,2024,Lyon,5
2024-03-10,Sun,Ligue 1,Away,L,0.0,1.0,Metz,,13.0,6.0,10.0,10.0,3.0,0.0,1.0,0.0,2024,Clermont,6
2024-03-10,Sun,Ligue 1,Home,W,1.0,0.0,Toulouse,,12.0,4.0,12.0,17.0,1.0,0.0,1.0,0.0,2024,Le Havre,6
2024-03-10,Sun,Ligue 1,Home,D,2.0,2.0,Rennes,,15.0,8.0,17.0,20.0,5.0,0.0,2.0,0.0,2024,Lille,6
2024-03-10,Sun,Ligue 1,Home,W,2.0,0.0,Nantes,,12.0,4.0,11.0,16.0,2.0,0.0,3.0,0.0,2024,Marseille,6
2024-03-10,Sun,Ligue 1,Home,W,1.0,0.0,Clermont,,11.0,2.0,10.0,10.0,1.0,0.0,3.0,0.0,2024,Metz,6
2024-03-10,Sun,Ligue 1,Away,W,1.0,0.0,Strasbourg,,17.0,6.0,15.0,9.0,3.0,0.0,1.0,0.0,2024,Monaco,6
2024-03-10,Sun,Ligue 1,Away,L,0.0,2.0,Marseille,,10.0,3.0,16.0,11.0,3.0,0.0,2.0,0.0,2024,Nantes,6
2024-03-10,Sun,Ligue 1,Home,D,2.0,2.0,Reims,,19.0,6.0,10.0,12.0,2.0,0.0,2.0,0.0,2024,Paris SG,6
2024-03-10,Sun,Ligue 1,Away,D,2.0,2.0,Paris SG,,8.0,3.0,12.0,10.0,2.0,0.0,2.0,0.0,2024,Reims,6
2024-03-10,Sun,Ligue 1,Away,D,2.0,2.0,Lille,,11.0,3.0,20.0,17.0,2.0,0.0,5.0,0.0,2024,Rennes,6
2024-03-10,Sun,Ligue 1,Home,L,0.0,1.0,Monaco,,8.0,1.0,9.0,15.0,1.0,0.0,3.0,0.0,2024,Strasbourg,6
2024-03-10,Sun,Ligue 1,Away,L,0.0,1.0,Le Havre,,5.0,0.0,17.0,12.0,1.0,0.0,1.0,0.0,2024,Toulouse,6
2024-03-15,Fri,Ligue 1,Away,W,3.0,2.0,Toulouse,,18.0,6.0,12.0,18.0,2.0,0.0,2.0,0.0,2024,Lyon,4
2024-03-15,Fri,Ligue 1,Home,L,2.0,3.0,Lyon,,13.0,5.0,18.0,12.0,2.0,0.0,2.0,0.0,2024,Toulouse,4
2024-03-16,Sat,Ligue 1,Home,L,1.0,3.0,Nice,,20.0,4.0,9.0,12.0,4.0,0.0,3.0,0.0,2024,Lens,5
2024-03-16,Sat,Ligue 1,Home,L,1.0,3.0,Strasbourg,,11.0,2.0,16.0,15.0,2.0,0.0,3.0,0.0,2024,Nantes,5
2024-03-16,Sat,Ligue 1,Away,W,3.0,1.0,Lens,,7.0,3.0,12.0,9.0,3.0,0.0,4.0,0.0,2024,Nice,5
2024-03-16,Sat,Ligue 1,Away,W,3.0,1.0,Nantes,,11.0,6.0,15.0,16.0,3.0,0.0,2.0,0.0,2024,Strasbourg,5
2024-03-17,Sun,Ligue 1,Home,D,1.0,1.0,Lille,,16.0,4.0,9.0,12.0,3.0,0.0,0.0,0.0,2024,Brest,6
2024-03-17,Sun,Ligue 1,Home,W,2.0,1.0,Le Havre,,9.0,4.0,13.0,17.0,3.0,1.0,5.0,1.0,2024,Clermont,6
2024-03-17,Sun,Ligue 1,Away,L,1.0,2.0,Clermont,,14.0,5.0,17.0,13.0,5.0,1.0,3.0,1.0,2024,Le Havre,6
2024-03-17,Sun,Ligue 1,Away,D,1.0,1.0,Brest,,13.0,8.0,12.0,9.0,0.0,0.0,3.0,0.0,2024,Lille,6
2024-03-17,Sun,Ligue 1,Away,D,2.0,2.0,Monaco,,11.0,6.0,8.0,21.0,1.0,1.0,3.0,1.0,2024,Lorient,6
2024-03-17,Sun,Ligue 1,Away,L,0.0,2.0,Rennes,,8.0,1.0,12.0,9.0,3.0,0.0,1.0,0.0,2024,Marseille,6
2024-03-17,Sun,Ligue 1,Away,L,1.0,2.0,Reims,,12.0,4.0,10.0,17.0,4.0,0.0,4.0,0.0,2024,Metz,6
2024-03-17,Sun,Ligue 1,Home,D,2.0,2.0,Lorient,,23.0,8.0,21.0,8.0,3.0,1.0,1.0,1.0,2024,Monaco,6
2024-03-17,Sun,Ligue 1,Home,L,2.0,6.0,Paris SG,,12.0,7.0,9.0,13.0,0.0,0.0,3.0,0.0,2024,Montpellier,6
2024-03-17,Sun,Ligue 1,Away,W,6.0,2.0,Montpellier,,16.0,9.0,13.0,9.0,3.0,0.0,0.0,0.0,2024,Paris SG,6
2024-03-17,Sun,Ligue 1,Home,W,2.0,1.0,Metz,,17.0,7.0,17.0,10.0,4.0,0.0,4.0,0.0,2024,Reims,6
2024-03-17,Sun,Ligue 1,Home,W,2.0,0.0,Marseille,,7.0,4.0,9.0,12.0,1.0,0.0,3.0,0.0,2024,Rennes,6
2024-03-29,Fri,Ligue 1,Away,L,1.0,2.0,Lille,,9.0,3.0,17.0,13.0,3.0,0.0,3.0,0.0,2024,Lens,4
2024-03-29,Fri,Ligue 1,Home,W,2.0,1.0,Lens,,15.0,6.0,13.0,17.0,3.0,0.0,3.0,0.0,2024,Lille,4
2024-03-30,Sat,Ligue 1,Home,D,1.0,1.0,Reims,,16.0,3.0,7.0,10.0,2.0,0.0,3.0,0.0,2024,Lyon,5
2024-03-30,Sat,Ligue 1,Home,L,2.0,5.0,Monaco,,13.0,7.0,8.0,8.0,0.0,0.0,0.0,0.0,2024,Metz,5
2024-03-30,Sat,Ligue 1,Away,W,5.0,2.0,Metz,,17.0,7.0,8.0,8.0,0.0,0.0,0.0,0.0,2024,Monaco,5
2024-03-30,Sat,Ligue 1,Away,D,1.0,1.0,Lyon,,17.0,5.0,10.0,7.0,3.0,0.0,2.0,0.0,2024,Reims,5
2024-03-31,Sun,Ligue 1,Away,W,1.0,0.0,Lorient,,10.0,2.0,18.0,10.0,3.0,1.0,1.0,0.0,2024,Brest,6
2024-03-31,Sun,Ligue 1,Home,L,0.0,3.0,Toulouse,,15.0,5.0,15.0,12.0,3.0,0.0,1.0,0.0,2024,Clermont,6
2024-03-31,Sun,Ligue 1,Home,L,0.0,2.0,Montpellier,,14.0,3.0,10.0,12.0,2.0,0.0,2.0,0.0,2024,Le Havre,6
2024-03-31,Sun,Ligue 1,Home,L,0.0,1.0,Brest,,11.0,5.0,10.0,18.0,1.0,0.0,3.0,1.0,2024,Lorient,6
2024-03-31,Sun,Ligue 1,Home,L,0.0,2.0,Paris SG,,22.0,10.0,10.0,8.0,0.0,0.0,4.0,1.0,2024,Marseille,6
2024-03-31,Sun,Ligue 1,Away,W,2.0,0.0,Le Havre,,14.0,5.0,12.0,10.0,2.0,0.0,2.0,0.0,2024,Montpellier,6
2024-03-31,Sun,Ligue 1,Away,W,2.0,1.0,Nice,,13.0,4.0,19.0,7.0,5.0,0.0,2.0,0.0,2024,Nantes,6
2024-03-31,Sun,Ligue 1,Home,L,1.0,2.0,Nantes,,12.0,3.0,7.0,19.0,2.0,0.0,5.0,0.0,2024,Nice,6
2024-03-31,Sun,Ligue 1,Away,W,2.0,0.0,Marseille,,8.0,3.0,8.0,10.0,4.0,1.0,0.0,0.0,2024,Paris SG,6
2024-03-31,Sun,Ligue 1,Away,L,0.0,2.0,Strasbourg,,12.0,0.0,17.0,10.0,2.0,0.0,1.0,0.0,2024,Rennes,6
2024-03-31,Sun,Ligue 1,Home,W,2.0,0.0,Rennes,,14.0,7.0,10.0,17.0,1.0,0.0,2.0,0.0,2024,Strasbourg,6
2024-03-31,Sun,Ligue 1,Away,W,3.0,0.0,Clermont,,11.0,5.0,12.0,15.0,1.0,0.0,3.0,0.0,2024,Toulouse,6
2024-04-05,Fri,Ligue 1,Home,W,3.0,1.0,Marseille,,14.0,6.0,13.0,18.0,1.0,0.0,6.0,0.0,2024,Lille,4
2024-04-05,Fri,Ligue 1,Away,L,1.0,3.0,Lille,,13.0,4.0,18.0,13.0,6.0,0.0,1.0,0.0,2024,Marseille,4
2024-04-06,Sat,Ligue 1,Away,D,1.0,1.0,Paris SG,,6.0,3.0,7.0,11.0,0.0,0.0,1.0,0.0,2024,Clermont,5
2024-04-06,Sat,Ligue 1,Away,D,1.0,1.0,Lens,,11.0,3.0,10.0,13.0,5.0,0.0,2.0,0.0,2024,Le Havre,5
2024-04-06,Sat,Ligue 1,Home,D,1.0,1.0,Le Havre,,18.0,8.0,13.0,10.0,2.0,0.0,5.0,0.0,2024,Lens,5
2024-04-06,Sat,Ligue 1,Home,D,1.0,1.0,Clermont,,23.0,7.0,11.0,7.0,1.0,0.0,0.0,0.0,2024,Paris SG,5
2024-04-07,Sun,Ligue 1,Home,W,4.0,3.0,Metz,,24.0,10.0,11.0,17.0,0.0,0.0,1.0,0.0,2024,Brest,6
2024-04-07,Sun,Ligue 1,Away,L,0.0,2.0,Montpellier,,19.0,5.0,18.0,11.0,6.0,0.0,3.0,0.0,2024,Lorient,6
2024-04-07,Sun,Ligue 1,Away,W,3.0,1.0,Nantes,,19.0,10.0,14.0,8.0,2.0,0.0,2.0,0.0,2024,Lyon,6
2024-04-07,Sun,Ligue 1,Away,L,3.0,4.0,Brest,,8.0,6.0,17.0,11.0,1.0,0.0,0.0,0.0,2024,Metz,6
2024-04-07,Sun,Ligue 1,Home,W,1.0,0.0,Rennes,,16.0,5.0,16.0,17.0,3.0,1.0,1.0,1.0,2024,Monaco,6
2024-04-07,Sun,Ligue 1,Home,W,2.0,0.0,Lorient,,13.0,5.0,11.0,18.0,3.0,0.0,6.0,0.0,2024,Montpellier,6
2024-04-07,Sun,Ligue 1,Home,L,1.0,3.0,Lyon,,14.0,6.0,8.0,14.0,2.0,0.0,2.0,0.0,2024,Nantes,6
2024-04-07,Sun,Ligue 1,Away,D,0.0,0.0,Reims,,18.0,3.0,15.0,15.0,1.0,0.0,2.0,0.0,2024,Nice,6
2024-04-07,Sun,Ligue 1,Home,D,0.0,0.0,Nice,,10.0,3.0,15.0,15.0,2.0,0.0,1.0,0.0,2024,Reims,6
2024-04-07,Sun,Ligue 1,Away,L,0.0,1.0,Monaco,,12.0,7.0,17.0,16.0,1.0,1.0,3.0,1.0,2024,Rennes,6
2024-04-07,Sun,Ligue 1,Away,D,0.0,0.0,Toulouse,,8.0,1.0,17.0,16.0,0.0,0.0,2.0,0.0,2024,Strasbourg,6
2024-04-07,Sun,Ligue 1,Home,D,0.0,0.0,Strasbourg,,11.0,2.0,16.0,17.0,2.0,0.0,0.0,0.0,2024,Toulouse,6
2024-04-12,Fri,Ligue 1,Away,L,1.0,2.0,Metz,,17.0,2.0,17.0,11.0,5.0,0.0,2.0,0.0,2024,Lens,4
2024-04-12,Fri,Ligue 1,Home,W,2.0,1.0,Lens,,11.0,5.0,11.0,17.0,2.0,0.0,5.0,0.0,2024,Metz,4
2024-04-13,Sat,Ligue 1,Away,L,1.0,3.0,Strasbourg,,8.0,2.0,18.0,9.0,3.0,1.0,1.0,0.0,2024,Reims,5
2024-04-13,Sat,Ligue 1,Home,L,1.0,2.0,Toulouse,,19.0,4.0,20.0,18.0,3.0,0.0,3.0,0.0,2024,Rennes,5
2024-04-13,Sat,Ligue 1,Home,W,3.0,1.0,Reims,,13.0,6.0,9.0,18.0,1.0,0.0,3.0,1.0,2024,Strasbourg,5
2024-04-13,Sat,Ligue 1,Away,W,2.0,1.0,Rennes,,10.0,3.0,18.0,20.0,3.0,0.0,3.0,0.0,2024,Toulouse,5
2024-04-14,Sun,Ligue 1,Away,L,3.0,4.0,Lyon,,22.0,7.0,7.0,12.0,5.0,1.0,5.0,1.0,2024,Brest,6
2024-04-14,Sun,Ligue 1,Home,D,1.0,1.0,Montpellier,,10.0,2.0,12.0,14.0,1.0,0.0,1.0,0.0,2024,Clermont,6
2024-04-14,Sun,Ligue 1,Home,L,0.0,1.0,Nantes,,10.0,1.0,14.0,12.0,3.0,0.0,2.0,0.0,2024,Le Havre,6
2024-04-14,Sun,Ligue 1,Home,W,4.0,3.0,Brest,,16.0,8.0,12.0,7.0,5.0,1.0,5.0,1.0,2024,Lyon,6
2024-04-14,Sun,Ligue 1,Away,D,1.0,1.0,Clermont,,14.0,6.0,14.0,12.0,1.0,0.0,1.0,0.0,2024,Montpellier,6
2024-04-14,Sun,Ligue 1,Away,W,1.0,0.0,Le Havre,,12.0,4.0,12.0,14.0,2.0,0.0,3.0,0.0,2024,Nantes,6
2024-04-19,Fri,Ligue 1,Away,L,0.0,3.0,Nice,,9.0,4.0,7.0,11.0,2.0,0.0,0.0,0.0,2024,Lorient,4
2024-04-19,Fri,Ligue 1,Home,W,3.0,0.0,Lorient,,19.0,10.0,11.0,7.0,0.0,0.0,2.0,0.0,2024,Nice,4
2024-04-20,Sat,Ligue 1,Away,L,0.0,1.0,Lens,,8.0,1.0,17.0,17.0,4.0,0.0,1.0,0.0,2024,Clermont,5
2024-04-20,Sat,Ligue 1,Home,W,1.0,0.0,Clermont,,17.0,4.0,17.0,17.0,1.0,0.0,4.0,0.0,2024,Lens,5
2024-04-20,Sat,Ligue 1,Home,L,0.0,3.0,Rennes,,6.0,4.0,16.0,11.0,1.0,0.0,4.0,0.0,2024,Nantes,5
2024-04-20,Sat,Ligue 1,Away,W,3.0,0.0,Nantes,,14.0,5.0,11.0,16.0,4.0,0.0,1.0,0.0,2024,Rennes,5
2024-04-21,Sun,Ligue 1,Home,L,0.0,2.0,Monaco,,12.0,2.0,8.0,9.0,5.0,0.0,2.0,2.0,2024,Brest,6
2024-04-21,Sun,Ligue 1,Home,L,0.0,1.0,Metz,,16.0,4.0,9.0,19.0,2.0,0.0,3.0,0.0,2024,Le Havre,6
2024-04-21,Sun,Ligue 1,Home,W,1.0,0.0,Strasbourg,,6.0,2.0,11.0,19.0,2.0,0.0,3.0,0.0,2024,Lille,6
2024-04-21,Sun,Ligue 1,Away,L,1.0,4.0,Paris SG,,16.0,6.0,10.0,9.0,0.0,0.0,0.0,0.0,2024,Lyon,6
2024-04-21,Sun,Ligue 1,Away,D,2.0,2.0,Toulouse,,11.0,3.0,13.0,11.0,2.0,0.0,1.0,0.0,2024,Marseille,6
2024-04-21,Sun,Ligue 1,Away,W,1.0,0.0,Le Havre,,9.0,2.0,19.0,9.0,3.0,0.0,2.0,0.0,2024,Metz,6
2024-04-21,Sun,Ligue 1,Away,W,2.0,0.0,Brest,,8.0,3.0,9.0,8.0,2.0,2.0,5.0,0.0,2024,Monaco,6
2024-04-21,Sun,Ligue 1,Away,W,2.0,1.0,Reims,,12.0,5.0,10.0,15.0,3.0,0.0,3.0,0.0,2024,Montpellier,6
2024-04-21,Sun,Ligue 1,Home,W,4.0,1.0,Lyon,,14.0,6.0,9.0,10.0,0.0,0.0,0.0,0.0,2024,Paris SG,6
2024-04-21,Sun,Ligue 1,Home,L,1.0,2.0,Montpellier,,22.0,4.0,15.0,10.0,3.0,0.0,3.0,0.0,2024,Reims,6
2024-04-21,Sun,Ligue 1,Away,L,0.0,1.0,Lille,,8.0,2.0,19.0,11.0,3.0,0.0,2.0,0.0,2024,Strasbourg,6
2024-04-21,Sun,Ligue 1,Home,D,2.0,2.0,Marseille,,10.0,3.0,11.0,13.0,1.0,0.0,2.0,0.0,2024,Toulouse,6
2024-04-24,Wed,Ligue 1,Away,L,0.0,1.0,Monaco,,13.0,4.0,9.0,9.0,2.0,0.0,1.0,0.0,2024,Lille,2
2024-04-24,Wed,Ligue 1,Home,L,1.0,4.0,Paris SG,,11.0,6.0,8.0,7.0,1.0,0.0,1.0,0.0,2024,Lorient,2
2024-04-24,Wed,Ligue 1,Home,D,2.0,2.0,Nice,,11.0,4.0,10.0,14.0,2.0,1.0,3.0,0.0,2024,Marseille,2
2024-04-24,Wed,Ligue 1,Home,W,1.0,0.0,Lille,,19.0,7.0,9.0,9.0,1.0,0.0,2.0,0.0,2024,Monaco,2
2024-04-24,Wed,Ligue 1,Away,D,2.0,2.0,Marseille,,10.0,4.0,14.0,10.0,3.0,0.0,2.0,1.0,2024,Nice,2
2024-04-24,Wed,Ligue 1,Away,W,4.0,1.0,Lorient,,15.0,7.0,7.0,8.0,1.0,0.0,1.0,0.0,2024,Paris SG,2
2024-04-26,Fri,Ligue 1,Home,D,1.0,1.0,Nantes,,8.0,1.0,11.0,14.0,2.0,2.0,1.0,0.0,2024,Montpellier,4
2024-04-26,Fri,Ligue 1,Away,D,1.0,1.0,Montpellier,,15.0,5.0,14.0,11.0,1.0,0.0,2.0,2.0,2024,Nantes,4
2024-04-27,Sat,Ligue 1,Away,D,3.0,3.0,Paris SG,,6.0,4.0,8.0,10.0,1.0,0.0,2.0,0.0,2024,Le Havre,5
2024-04-27,Sat,Ligue 1,Home,D,3.0,3.0,Le Havre,,17.0,4.0,10.0,8.0,2.0,0.0,1.0,0.0,2024,Paris SG,5
2024-04-28,Sun,Ligue 1,Away,W,5.0,4.0,Rennes,,10.0,5.0,15.0,14.0,1.0,0.0,4.0,0.0,2024,Brest,6
2024-04-28,Sun,Ligue 1,Home,W,4.0,1.0,Reims,,12.0,6.0,9.0,12.0,0.0,0.0,3.0,1.0,2024,Clermont,6
2024-04-28,Sun,Ligue 1,Away,L,1.0,2.0,Marseille,,18.0,5.0,12.0,8.0,2.0,0.0,2.0,0.0,2024,Lens,6
2024-04-28,Sun,Ligue 1,Away,W,2.0,1.0,Metz,,14.0,4.0,12.0,15.0,2.0,0.0,1.0,0.0,2024,Lille,6
2024-04-28,Sun,Ligue 1,Home,L,1.0,2.0,Toulouse,,15.0,5.0,14.0,17.0,1.0,0.0,3.0,0.0,2024,Lorient,6
2024-04-28,Sun,Ligue 1,Home,W,3.0,2.0,Monaco,,15.0,4.0,15.0,14.0,1.0,0.0,3.0,0.0,2024,Lyon,6
2024-04-28,Sun,Ligue 1,Home,W,2.0,1.0,Lens,,13.0,6.0,8.0,12.0,2.0,0.0,2.0,0.0,2024,Marseille,6
2024-04-28,Sun,Ligue 1,Home,L,1.0,2.0,Lille,,5.0,2.0,15.0,12.0,1.0,0.0,2.0,0.0,2024,Metz,6
2024-04-28,Sun,Ligue 1,Away,L,2.0,3.0,Lyon,,13.0,5.0,14.0,15.0,3.0,0.0,1.0,0.0,2024,Monaco,6
2024-04-28,Sun,Ligue 1,Away,W,3.0,1.0,Strasbourg,,8.0,4.0,14.0,11.0,3.0,0.0,2.0,0.0,2024,Nice,6
2024-04-28,Sun,Ligue 1,Away,L,1.0,4.0,Clermont,,10.0,3.0,12.0,9.0,3.0,1.0,0.0,0.0,2024,Reims,6
2024-04-28,Sun,Ligue 1,Home,L,4.0,5.0,Brest,,21.0,7.0,14.0,15.0,4.0,0.0,1.0,0.0,2024,Rennes,6
2024-04-28,Sun,Ligue 1,Home,L,1.0,3.0,Nice,,13.0,5.0,11.0,14.0,2.0,0.0,3.0,0.0,2024,Strasbourg,6
2024-04-28,Sun,Ligue 1,Away,W,2.0,1.0,Lorient,,14.0,5.0,17.0,14.0,3.0,0.0,1.0,0.0,2024,Toulouse,6
2024-05-03,Fri,Ligue 1,Home,W,2.0,0.0,Lorient,,18.0,6.0,10.0,14.0,1.0,0.0,2.0,0.0,2024,Lens,4
2024-05-03,Fri,Ligue 1,Away,L,0.0,2.0,Lens,,11.0,5.0,14.0,10.0,2.0,0.0,1.0,0.0,2024,Lorient,4
2024-05-03,Fri,Ligue 1,Away,W,2.0,1.0,Toulouse,,5.0,3.0,14.0,17.0,4.0,1.0,3.0,1.0,2024,Montpellier,4
2024-05-03,Fri,Ligue 1,Home,L,1.0,2.0,Montpellier,,15.0,5.0,17.0,14.0,3.0,1.0,4.0,1.0,2024,Toulouse,4
2024-05-04,Sat,Ligue 1,Home,D,0.0,0.0,Nantes,,9.0,2.0,6.0,14.0,3.0,0.0,2.0,0.0,2024,Brest,5
2024-05-04,Sat,Ligue 1,Away,L,1.0,4.0,Monaco,,9.0,1.0,12.0,13.0,1.0,0.0,3.0,0.0,2024,Clermont,5
2024-05-04,Sat,Ligue 1,Home,W,3.0,1.0,Strasbourg,,15.0,7.0,6.0,13.0,3.0,0.0,1.0,0.0,2024,Le Havre,5
2024-05-04,Sat,Ligue 1,Home,L,2.0,3.0,Rennes,,7.0,4.0,15.0,14.0,2.0,1.0,3.0,0.0,2024,Metz,5
2024-05-04,Sat,Ligue 1,Home,W,4.0,1.0,Clermont,,23.0,8.0,13.0,12.0,3.0,0.0,1.0,0.0,2024,Monaco,5
2024-05-04,Sat,Ligue 1,Away,D,0.0,0.0,Brest,,9.0,1.0,14.0,6.0,2.0,0.0,3.0,0.0,2024,Nantes,5
2024-05-04,Sat,Ligue 1,Away,W,3.0,2.0,Metz,,21.0,9.0,14.0,15.0,3.0,0.0,2.0,1.0,2024,Rennes,5
2024-05-04,Sat,Ligue 1,Away,L,1.0,3.0,Le Havre,,5.0,3.0,13.0,6.0,1.0,0.0,3.0,0.0,2024,Strasbourg,5
2024-05-06,Mon,Ligue 1,Home,L,3.0,4.0,Lyon,,8.0,5.0,14.0,14.0,3.0,0.0,1.0,0.0,2024,Lille,0
2024-05-06,Mon,Ligue 1,Away,W,4.0,3.0,Lille,,11.0,7.0,14.0,14.0,1.0,0.0,3.0,0.0,2024,Lyon,0
2024-05-10,Fri,Ligue 1,Home,D,1.0,1.0,Reims,,16.0,5.0,12.0,12.0,2.0,0.0,3.0,0.0,2024,Brest,4
2024-05-10,Fri,Ligue 1,Away,L,0.0,1.0,Nice,,12.0,3.0,9.0,10.0,0.0,0.0,2.0,0.0,2024,Le Havre,4
2024-05-10,Fri,Ligue 1,Home,W,1.0,0.0,Le Havre,,13.0,6.0,10.0,9.0,2.0,0.0,0.0,0.0,2024,Nice,4
2024-05-10,Fri,Ligue 1,Away,D,1.0,1.0,Brest,,8.0,2.0,12.0,12.0,3.0,0.0,2.0,0.0,2024,Reims,4
2024-05-12,Sun,Ligue 1,Home,L,0.0,1.0,Lyon,,18.0,5.0,8.0,12.0,1.0,0.0,2.0,0.0,2024,Clermont,6
2024-05-12,Sun,Ligue 1,Away,D,1.0,1.0,Rennes,,8.0,4.0,14.0,12.0,3.0,0.0,2.0,0.0,2024,Lens,6
2024-05-12,Sun,Ligue 1,Away,W,2.0,1.0,Nantes,,12.0,3.0,7.0,17.0,2.0,0.0,4.0,0.0,2024,Lille,6
2024-05-12,Sun,Ligue 1,Away,L,1.0,3.0,Marseille,,14.0,3.0,6.0,9.0,4.0,0.0,3.0,0.0,2024,Lorient,6
2024-05-12,Sun,Ligue 1,Away,W,1.0,0.0,Clermont,,6.0,2.0,12.0,8.0,2.0,0.0,1.0,0.0,2024,Lyon,6
2024-05-12,Sun,Ligue 1,Home,W,3.0,1.0,Lorient,,13.0,4.0,9.0,6.0,3.0,0.0,4.0,0.0,2024,Marseille,6
2024-05-12,Sun,Ligue 1,Away,L,1.0,2.0,Strasbourg,,11.0,2.0,10.0,10.0,2.0,0.0,2.0,0.0,2024,Metz,6
2024-05-12,Sun,Ligue 1,Away,W,2.0,0.0,Montpellier,,19.0,9.0,10.0,20.0,1.0,0.0,1.0,0.0,2024,Monaco,6
2024-05-12,Sun,Ligue 1,Home,L,0.0,2.0,Monaco,,14.0,3.0,20.0,10.0,1.0,0.0,1.0,0.0,2024,Montpellier,6
2024-05-12,Sun,Ligue 1,Home,L,1.0,2.0,Lille,,9.0,5.0,17.0,7.0,4.0,0.0,2.0,0.0,2024,Nantes,6
2024-05-12,Sun,Ligue 1,Home,L,1.0,3.0,Toulouse,,15.0,3.0,12.0,8.0,0.0,0.0,0.0,0.0,2024,Paris SG,6
2024-05-12,Sun,Ligue 1,Home,D,1.0,1.0,Lens,,16.0,6.0,12.0,14.0,2.0,0.0,3.0,0.0,2024,Rennes,6
2024-05-12,Sun,Ligue 1,Home,W,2.0,1.0,Metz,,10.0,2.0,10.0,10.0,2.0,0.0,2.0,0.0,2024,Strasbourg,6
2024-05-12,Sun,Ligue 1,Away,W,3.0,1.0,Paris SG,,18.0,5.0,8.0,12.0,0.0,0.0,0.0,0.0,2024,Toulouse,6
2024-05-15,Wed,Ligue 1,Away,L,0.0,1.0,Reims,,19.0,3.0,9.0,17.0,1.0,0.0,3.0,0.0,2024,Marseille,2
2024-05-15,Wed,Ligue 1,Home,L,1.0,2.0,Paris SG,,12.0,4.0,13.0,10.0,1.0,1.0,3.0,0.0,2024,Nice,2
2024-05-15,Wed,Ligue 1,Away,W,2.0,1.0,Nice,,11.0,4.0,10.0,13.0,3.0,0.0,1.0,1.0,2024,Paris SG,2
2024-05-15,Wed,Ligue 1,Home,W,1.0,0.0,Marseille,,10.0,3.0,17.0,9.0,3.0,0.0,1.0,0.0,2024,Reims,2
2024-05-19,Sun,Ligue 1,Away,W,3.0,0.0,Toulouse,,12.0,6.0,17.0,12.0,2.0,0.0,1.0,0.0,2024,Brest,6
2024-05-19,Sun,Ligue 1,Away,L,0.0,5.0,Lorient,,9.0,4.0,8.0,20.0,3.0,0.0,3.0,0.0,2024,Clermont,6
2024-05-19,Sun,Ligue 1,Home,L,1.0,2.0,Marseille,,13.0,6.0,11.0,11.0,1.0,0.0,0.0,0.0,2024,Le Havre,6
2024-05-19,Sun,Ligue 1,Home,D,2.0,2.0,Montpellier,,27.0,13.0,10.0,13.0,0.0,0.0,1.0,0.0,2024,Lens,6
2024-05-19,Sun,Ligue 1,Home,D,2.0,2.0,Nice,,12.0,3.0,9.0,9.0,3.0,1.0,3.0,0.0,2024,Lille,6
2024-05-19,Sun,Ligue 1,Home,W,5.0,0.0,Clermont,,32.0,10.0,20.0,8.0,3.0,0.0,3.0,0.0,2024,Lorient,6
2024-05-19,Sun,Ligue 1,Home,W,2.0,1.0,Strasbourg,,15.0,6.0,7.0,10.0,1.0,0.0,0.0,0.0,2024,Lyon,6
2024-05-19,Sun,Ligue 1,Away,W,2.0,1.0,Le Havre,,22.0,7.0,11.0,11.0,0.0,0.0,1.0,0.0,2024,Marseille,6
2024-05-19,Sun,Ligue 1,Home,L,0.0,2.0,Paris SG,,10.0,2.0,6.0,9.0,2.0,0.0,1.0,0.0,2024,Metz,6
2024-05-19,Sun,Ligue 1,Home,W,4.0,0.0,Nantes,,10.0,6.0,14.0,23.0,1.0,0.0,2.0,0.0,2024,Monaco,6
2024-05-19,Sun,Ligue 1,Away,D,2.0,2.0,Lens,,11.0,2.0,13.0,10.0,1.0,0.0,0.0,0.0,2024,Montpellier,6
2024-05-19,Sun,Ligue 1,Away,L,0.0,4.0,Monaco,,6.0,3.0,23.0,14.0,2.0,0.0,1.0,0.0,2024,Nantes,6
2024-05-19,Sun,Ligue 1,Away,D,2.0,2.0,Lille,,10.0,4.0,9.0,9.0,3.0,0.0,3.0,1.0,2024,Nice,6
2024-05-19,Sun,Ligue 1,Away,W,2.0,0.0,Metz,,20.0,8.0,9.0,6.0,1.0,0.0,2.0,0.0,2024,Paris SG,6
2024-05-19,Sun,Ligue 1,Home,W,2.0,1.0,Rennes,,6.0,4.0,11.0,17.0,1.0,0.0,1.0,0.0,2024,Reims,6
2024-05-19,Sun,Ligue 1,Away,L,1.0,2.0,Reims,,15.0,5.0,17.0,11.0,1.0,0.0,1.0,0.0,2024,Rennes,6
2024-05-19,Sun,Ligue 1,Away,L,1.0,2.0,Lyon,,10.0,4.0,10.0,7.0,0.0,0.0,1.0,0.0,2024,Strasbourg,6
2024-05-19,Sun,Ligue 1,Home,L,0.0,3.0,Brest,,8.0,2.0,12.0,17.0,1.0,0.0,2.0,0.0,2024,Toulouse,6
2024-08-16,Fri,Ligue 1,Home,L,1.0,4.0,Paris SG,,5.0,2.0,9.0,9.0,3.0,0.0,0.0,0.0,2025,Le Havre,4
2024-08-16,Fri,Ligue 1,Away,W,4.0,1.0,Le Havre,,14.0,9.0,9.0,9.0,0.0,0.0,3.0,0.0,2025,Paris SG,4
2024-08-17,Sat,Ligue 1,Home,L,1.0,5.0,Marseille,,7.0,5.0,10.0,8.0,4.0,0.0,1.0,0.0,2025,Brest,5
2024-08-17,Sat,Ligue 1,Away,W,2.0,0.0,Reims,,21.0,6.0,13.0,6.0,2.0,0.0,2.0,1.0,2025,Lille,5
2024-08-17,Sat,Ligue 1,Away,W,5.0,1.0,Brest,,7.0,5.0,8.0,10.0,1.0,0.0,4.0,0.0,2025,Marseille,5
2024-08-17,Sat,Ligue 1,Home,W,1.0,0.0,St Etienne,,13.0,6.0,13.0,14.0,1.0,0.0,1.0,0.0,2025,Monaco,5
2024-08-17,Sat,Ligue 1,Home,L,0.0,2.0,Lille,,2.0,0.0,6.0,13.0,2.0,1.0,2.0,0.0,2025,Reims,5
2024-08-17,Sat,Ligue 1,Away,L,0.0,1.0,Monaco,,7.0,4.0,14.0,13.0,1.0,0.0,1.0,0.0,2025,St Etienne,5
2024-08-18,Sun,Ligue 1,Home,L,0.0,1.0,Lens,,4.0,3.0,6.0,10.0,1.0,0.0,0.0,0.0,2025,Angers,6
2024-08-18,Sun,Ligue 1,Home,W,2.0,1.0,Nice,,16.0,7.0,11.0,17.0,0.0,0.0,0.0,0.0,2025,Auxerre,6
2024-08-18,Sun,Ligue 1,Away,W,1.0,0.0,Angers,,10.0,5.0,10.0,6.0,0.0,0.0,1.0,0.0,2025,Lens,6
2024-08-18,Sun,Ligue 1,Away,L,0.0,3.0,Rennes,,16.0,2.0,12.0,13.0,1.0,0.0,2.0,0.0,2025,Lyon,6
2024-08-18,Sun,Ligue 1,Home,D,1.0,1.0,Strasbourg,,7.0,5.0,20.0,18.0,4.0,0.0,3.0,0.0,2025,Montpellier,6
2024-08-18,Sun,Ligue 1,Away,D,0.0,0.0,Toulouse,,6.0,2.0,8.0,10.0,3.0,0.0,1.0,0.0,2025,Nantes,6
2024-08-18,Sun,Ligue 1,Away,L,1.0,2.0,Auxerre,,9.0,2.0,17.0,11.0,0.0,0.0,0.0,0.0,2025,Nice,6
2024-08-18,Sun,Ligue 1,Home,W,3.0,0.0,Lyon,,22.0,8.0,13.0,12.0,2.0,0.0,1.0,0.0,2025,Rennes,6
2024-08-18,Sun,Ligue 1,Away,D,1.0,1.0,Montpellier,,11.0,4.0,18.0,20.0,3.0,0.0,4.0,0.0,2025,Strasbourg,6
2024-08-18,Sun,Ligue 1,Home,D,0.0,0.0,Nantes,,7.0,3.0,10.0,8.0,1.0,0.0,3.0,0.0,2025,Toulouse,6
2024-08-23,Fri,Ligue 1,Away,L,0.0,6.0,Paris SG,,6.0,3.0,16.0,9.0,4.0,0.0,1.0,0.0,2025,Montpellier,4
2024-08-23,Fri,Ligue 1,Home,W,6.0,0.0,Montpellier,,21.0,10.0,9.0,16.0,1.0,0.0,4.0,0.0,2025,Paris SG,4
2024-08-24,Sat,Ligue 1,Away,L,0.0,2.0,Lille,,5.0,2.0,17.0,9.0,2.0,0.0,1.0,0.0,2025,Angers,5
2024-08-24,Sat,Ligue 1,Away,W,2.0,0.0,St Etienne,,14.0,5.0,9.0,11.0,3.0,0.0,3.0,0.0,2025,Le Havre,5
2024-08-24,Sat,Ligue 1,Home,W,2.0,0.0,Angers,,11.0,6.0,9.0,17.0,1.0,0.0,2.0,0.0,2025,Lille,5
2024-08-24,Sat,Ligue 1,Home,L,0.0,2.0,Monaco,,2.0,1.0,10.0,7.0,0.0,0.0,0.0,1.0,2025,Lyon,5
2024-08-24,Sat,Ligue 1,Away,W,2.0,0.0,Lyon,,15.0,4.0,7.0,10.0,0.0,1.0,0.0,0.0,2025,Monaco,5
2024-08-24,Sat,Ligue 1,Home,L,0.0,2.0,Le Havre,,18.0,5.0,11.0,9.0,3.0,0.0,3.0,0.0,2025,St Etienne,5
2024-08-25,Sun,Ligue 1,Away,L,0.0,2.0,Nantes,,10.0,3.0,6.0,9.0,0.0,1.0,0.0,0.0,2025,Auxerre,6
2024-08-25,Sun,Ligue 1,Away,L,0.0,2.0,Lens,,10.0,2.0,6.0,8.0,0.0,0.0,0.0,1.0,2025,Brest,6
2024-08-25,Sun,Ligue 1,Home,W,2.0,0.0,Brest,,22.0,11.0,8.0,6.0,0.0,1.0,0.0,0.0,2025,Lens,6
2024-08-25,Sun,Ligue 1,Home,D,2.0,2.0,Reims,,16.0,10.0,10.0,13.0,1.0,0.0,1.0,0.0,2025,Marseille,6
2024-08-25,Sun,Ligue 1,Home,W,2.0,0.0,Auxerre,,8.0,6.0,9.0,6.0,0.0,0.0,0.0,1.0,2025,Nantes,6
2024-08-25,Sun,Ligue 1,Home,D,1.0,1.0,Toulouse,,10.0,4.0,11.0,21.0,4.0,0.0,1.0,0.0,2025,Nice,6
2024-08-25,Sun,Ligue 1,Away,D,2.0,2.0,Marseille,,12.0,3.0,13.0,10.0,1.0,0.0,1.0,0.0,2025,Reims,6
2024-08-25,Sun,Ligue 1,Away,L,1.0,3.0,Strasbourg,,13.0,5.0,19.0,7.0,4.0,0.0,2.0,0.0,2025,Rennes,6
2024-08-25,Sun,Ligue 1,Home,W,3.0,1.0,Rennes,,9.0,5.0,7.0,19.0,2.0,0.0,4.0,0.0,2025,Strasbourg,6
2024-08-25,Sun,Ligue 1,Away,D,1.0,1.0,Nice,,15.0,3.0,21.0,11.0,1.0,0.0,4.0,0.0,2025,Toulouse,6
2024-08-30,Fri,Ligue 1,Home,W,4.0,3.0,Strasbourg,,22.0,13.0,10.0,6.0,3.0,0.0,2.0,0.0,2025,Lyon,4
2024-08-30,Fri,Ligue 1,Away,L,3.0,4.0,Lyon,,14.0,7.0,6.0,10.0,2.0,0.0,3.0,0.0,2025,Strasbourg,4
2024-08-31,Sat,Ligue 1,Home,W,4.0,0.0,St Etienne,,17.0,7.0,12.0,28.0,0.0,0.0,5.0,0.0,2025,Brest,5
2024-08-31,Sat,Ligue 1,Away,W,3.0,1.0,Toulouse,,11.0,5.0,12.0,10.0,2.0,0.0,4.0,1.0,2025,Marseille,5
2024-08-31,Sat,Ligue 1,Home,L,1.0,3.0,Nantes,,11.0,5.0,11.0,13.0,2.0,0.0,2.0,0.0,2025,Montpellier,5
2024-08-31,Sat,Ligue 1,Away,W,3.0,1.0,Montpellier,,10.0,5.0,13.0,11.0,2.0,0.0,2.0,0.0,2025,Nantes,5
2024-08-31,Sat,Ligue 1,Away,L,0.0,4.0,Brest,,3.0,0.0,28.0,12.0,5.0,0.0,0.0,0.0,2025,St Etienne,5
2024-08-31,Sat,Ligue 1,Home,L,1.0,3.0,Marseille,,4.0,2.0,10.0,12.0,4.0,1.0,2.0,0.0,2025,Toulouse,5
2024-09-01,Sun,Ligue 1,Home,L,1.0,4.0,Nice,,12.0,7.0,14.0,13.0,6.0,0.0,4.0,1.0,2025,Angers,6
2024-09-01,Sun,Ligue 1,Away,L,1.0,3.0,Le Havre,,7.0,2.0,15.0,10.0,5.0,1.0,1.0,0.0,2025,Auxerre,6
2024-09-01,Sun,Ligue 1,Home,W,3.0,1.0,Auxerre,,21.0,8.0,10.0,15.0,1.0,0.0,5.0,1.0,2025,Le Havre,6
2024-09-01,Sun,Ligue 1,Away,D,1.0,1.0,Monaco,,12.0,4.0,21.0,11.0,4.0,0.0,1.0,0.0,2025,Lens,6
2024-09-01,Sun,Ligue 1,Home,L,1.0,3.0,Paris SG,,10.0,4.0,7.0,5.0,3.0,0.0,2.0,0.0,2025,Lille,6
2024-09-01,Sun,Ligue 1,Home,D,1.0,1.0,Lens,,14.0,3.0,11.0,21.0,1.0,0.0,4.0,0.0,2025,Monaco,6
2024-09-01,Sun,Ligue 1,Away,W,4.0,1.0,Angers,,12.0,9.0,13.0,14.0,4.0,1.0,6.0,0.0,2025,Nice,6
2024-09-01,Sun,Ligue 1,Away,W,3.0,1.0,Lille,,10.0,7.0,5.0,7.0,2.0,0.0,3.0,0.0,2025,Paris SG,6
2024-09-01,Sun,Ligue 1,Home,W,2.0,1.0,Rennes,,11.0,7.0,9.0,12.0,2.0,0.0,1.0,0.0,2025,Reims,6
2024-09-01,Sun,Ligue 1,Away,L,1.0,2.0,Reims,,13.0,5.0,12.0,9.0,1.0,0.0,2.0,0.0,2025,Rennes,6
2024-09-13,Fri,Ligue 1,Away,L,0.0,1.0,St Etienne,,17.0,4.0,10.0,12.0,1.0,0.0,1.0,0.0,2025,Lille,4
2024-09-13,Fri,Ligue 1,Home,W,1.0,0.0,Lille,,10.0,5.0,12.0,10.0,1.0,0.0,1.0,0.0,2025,St Etienne,4
2024-09-14,Sat,Ligue 1,Home,L,0.0,3.0,Monaco,,13.0,3.0,13.0,16.0,3.0,0.0,0.0,0.0,2025,Auxerre,5
2024-09-14,Sat,Ligue 1,Away,L,1.0,3.0,Paris SG,,5.0,3.0,13.0,7.0,3.0,0.0,2.0,0.0,2025,Brest,5
2024-09-14,Sat,Ligue 1,Home,W,2.0,0.0,Nice,,10.0,5.0,18.0,4.0,5.0,1.0,2.0,0.0,2025,Marseille,5
2024-09-14,Sat,Ligue 1,Away,W,3.0,0.0,Auxerre,,19.0,9.0,16.0,13.0,0.0,0.0,3.0,0.0,2025,Monaco,5
2024-09-14,Sat,Ligue 1,Away,L,0.0,2.0,Marseille,,12.0,4.0,4.0,18.0,2.0,0.0,5.0,1.0,2025,Nice,5
2024-09-14,Sat,Ligue 1,Home,W,3.0,1.0,Brest,,22.0,9.0,7.0,13.0,2.0,0.0,3.0,0.0,2025,Paris SG,5
2024-09-15,Sun,Ligue 1,Away,D,1.0,1.0,Strasbourg,,12.0,2.0,14.0,11.0,1.0,0.0,4.0,0.0,2025,Angers,6
2024-09-15,Sun,Ligue 1,Away,L,0.0,2.0,Toulouse,,5.0,3.0,11.0,10.0,1.0,0.0,1.0,0.0,2025,Le Havre,6
2024-09-15,Sun,Ligue 1,Home,D,0.0,0.0,Lyon,,12.0,5.0,12.0,11.0,0.0,0.0,0.0,0.0,2025,Lens,6
2024-09-15,Sun,Ligue 1,Away,D,0.0,0.0,Lens,,8.0,3.0,11.0,12.0,0.0,0.0,0.0,0.0,2025,Lyon,6
2024-09-15,Sun,Ligue 1,Away,L,0.0,3.0,Rennes,,12.0,4.0,7.0,10.0,3.0,0.0,1.0,0.0,2025,Montpellier,6
2024-09-15,Sun,Ligue 1,Home,L,1.0,2.0,Reims,,18.0,6.0,14.0,5.0,3.0,0.0,1.0,0.0,2025,Nantes,6
2024-09-15,Sun,Ligue 1,Away,W,2.0,1.0,Nantes,,11.0,4.0,5.0,14.0,1.0,0.0,3.0,0.0,2025,Reims,6
2024-09-15,Sun,Ligue 1,Home,W,3.0,0.0,Montpellier,,11.0,6.0,10.0,7.0,1.0,0.0,3.0,0.0,2025,Rennes,6
2024-09-15,Sun,Ligue 1,Home,D,1.0,1.0,Angers,,10.0,5.0,11.0,14.0,4.0,0.0,1.0,0.0,2025,Strasbourg,6
2024-09-15,Sun,Ligue 1,Home,W,2.0,0.0,Le Havre,,15.0,7.0,10.0,11.0,1.0,0.0,1.0,0.0,2025,Toulouse,6
2024-09-20,Fri,Ligue 1,Home,W,8.0,0.0,St Etienne,,18.0,12.0,7.0,13.0,0.0,0.0,1.0,0.0,2025,Nice,4
2024-09-20,Fri,Ligue 1,Away,L,0.0,8.0,Nice,,8.0,2.0,13.0,7.0,1.0,0.0,0.0,0.0,2025,St Etienne,4
2024-09-21,Sat,Ligue 1,Away,D,1.0,1.0,Rennes,,10.0,2.0,20.0,16.0,4.0,0.0,2.0,0.0,2025,Lens,5
2024-09-21,Sat,Ligue 1,Home,D,3.0,3.0,Strasbourg,,15.0,7.0,16.0,12.0,2.0,0.0,2.0,0.0,2025,Lille,5
2024-09-21,Sat,Ligue 1,Away,D,1.0,1.0,Reims,,11.0,4.0,6.0,11.0,1.0,0.0,2.0,0.0,2025,Paris SG,5
2024-09-21,Sat,Ligue 1,Home,D,1.0,1.0,Paris SG,,8.0,1.0,11.0,6.0,2.0,0.0,1.0,0.0,2025,Reims,5
2024-09-21,Sat,Ligue 1,Home,D,1.0,1.0,Lens,,11.0,6.0,16.0,20.0,2.0,0.0,4.0,0.0,2025,Rennes,5
2024-09-21,Sat,Ligue 1,Away,D,3.0,3.0,Lille,,12.0,9.0,12.0,16.0,2.0,0.0,2.0,0.0,2025,Strasbourg,5
2024-09-22,Sun,Ligue 1,Home,D,1.0,1.0,Nantes,,4.0,1.0,13.0,16.0,1.0,0.0,4.0,0.0,2025,Angers,6
2024-09-22,Sun,Ligue 1,Away,L,2.0,3.0,Montpellier,,11.0,6.0,20.0,13.0,4.0,0.0,3.0,0.0,2025,Auxerre,6
2024-09-22,Sun,Ligue 1,Home,W,2.0,0.0,Toulouse,,9.0,5.0,15.0,18.0,1.0,0.0,1.0,0.0,2025,Brest,6
2024-09-22,Sun,Ligue 1,Away,L,1.0,3.0,Monaco,,9.0,2.0,17.0,10.0,3.0,0.0,1.0,0.0,2025,Le Havre,6
2024-09-22,Sun,Ligue 1,Home,L,2.0,3.0,Marseille,,18.0,9.0,13.0,7.0,4.0,0.0,3.0,1.0,2025,Lyon,6
2024-09-22,Sun,Ligue 1,Away,W,3.0,2.0,Lyon,,6.0,5.0,7.0,13.0,3.0,1.0,4.0,0.0,2025,Marseille,6
2024-09-22,Sun,Ligue 1,Home,W,3.0,1.0,Le Havre,,14.0,4.0,10.0,17.0,1.0,0.0,3.0,0.0,2025,Monaco,6
2024-09-22,Sun,Ligue 1,Home,W,3.0,2.0,Auxerre,,14.0,5.0,13.0,20.0,3.0,0.0,4.0,0.0,2025,Montpellier,6
2024-09-22,Sun,Ligue 1,Away,D,1.0,1.0,Angers,,9.0,3.0,16.0,13.0,4.0,0.0,1.0,0.0,2025,Nantes,6
2024-09-22,Sun,Ligue 1,Away,L,0.0,2.0,Brest,,10.0,1.0,18.0,15.0,1.0,0.0,1.0,0.0,2025,Toulouse,6
2024-09-27,Fri,Ligue 1,Home,W,3.0,0.0,Brest,,15.0,4.0,13.0,16.0,2.0,0.0,0.0,0.0,2025,Auxerre,4
2024-09-27,Fri,Ligue 1,Away,L,0.0,3.0,Auxerre,,8.0,4.0,16.0,13.0,0.0,0.0,2.0,0.0,2025,Brest,4
2024-09-27,Fri,Ligue 1,Home,W,3.0,1.0,Rennes,,22.0,7.0,9.0,11.0,1.0,0.0,3.0,0.0,2025,Paris SG,4
2024-09-27,Fri,Ligue 1,Away,L,1.0,3.0,Paris SG,,13.0,5.0,11.0,9.0,3.0,0.0,1.0,0.0,2025,Rennes,4
2024-09-28,Sat,Ligue 1,Home,L,0.0,3.0,Lille,,7.0,4.0,11.0,9.0,2.0,0.0,1.0,0.0,2025,Le Havre,5
2024-09-28,Sat,Ligue 1,Home,D,0.0,0.0,Nice,,22.0,7.0,16.0,7.0,4.0,1.0,2.0,0.0,2025,Lens,5
2024-09-28,Sat,Ligue 1,Away,W,3.0,0.0,Le Havre,,18.0,10.0,9.0,11.0,1.0,0.0,2.0,0.0,2025,Lille,5
2024-09-28,Sat,Ligue 1,Home,W,2.0,1.0,Montpellier,,21.0,7.0,17.0,17.0,4.0,0.0,3.0,1.0,2025,Monaco,5
2024-09-28,Sat,Ligue 1,Away,L,1.0,2.0,Monaco,,9.0,4.0,17.0,17.0,3.0,1.0,4.0,0.0,2025,Montpellier,5
2024-09-28,Sat,Ligue 1,Away,D,0.0,0.0,Lens,,15.0,4.0,7.0,16.0,2.0,0.0,4.0,1.0,2025,Nice,5
2024-09-29,Sun,Ligue 1,Home,L,1.0,3.0,Reims,,14.0,3.0,7.0,11.0,0.0,0.0,3.0,0.0,2025,Angers,6
2024-09-29,Sun,Ligue 1,Away,W,2.0,1.0,Toulouse,,4.0,1.0,15.0,12.0,2.0,0.0,2.0,0.0,2025,Lyon,6
2024-09-29,Sun,Ligue 1,Away,L,0.0,1.0,Strasbourg,,10.0,3.0,7.0,17.0,1.0,0.0,2.0,0.0,2025,Marseille,6
2024-09-29,Sun,Ligue 1,Home,D,2.0,2.0,St Etienne,,16.0,3.0,11.0,12.0,2.0,1.0,2.0,0.0,2025,Nantes,6
2024-09-29,Sun,Ligue 1,Away,W,3.0,1.0,Angers,,21.0,10.0,11.0,7.0,3.0,0.0,0.0,0.0,2025,Reims,6
2024-09-29,Sun,Ligue 1,Away,D,2.0,2.0,Nantes,,5.0,3.0,12.0,11.0,2.0,0.0,2.0,1.0,2025,St Etienne,6
2024-09-29,Sun,Ligue 1,Home,W,1.0,0.0,Marseille,,14.0,6.0,17.0,7.0,2.0,0.0,1.0,0.0,2025,Strasbourg,6
2024-09-29,Sun,Ligue 1,Home,L,1.0,2.0,Lyon,,10.0,4.0,12.0,15.0,2.0,0.0,2.0,0.0,2025,Toulouse,6
2024-10-04,Fri,Ligue 1,Away,D,1.0,1.0,Marseille,,8.0,3.0,9.0,12.0,0.0,1.0,4.0,1.0,2025,Angers,4
2024-10-04,Fri,Ligue 1,Home,D,1.0,1.0,Angers,,13.0,4.0,12.0,9.0,4.0,1.0,0.0,1.0,2025,Marseille,4
2024-10-05,Sat,Ligue 1,Away,L,1.0,3.0,St Etienne,,11.0,3.0,10.0,13.0,1.0,0.0,3.0,0.0,2025,Auxerre,5
2024-10-05,Sat,Ligue 1,Home,W,2.0,1.0,Toulouse,,10.0,3.0,13.0,8.0,3.0,0.0,2.0,0.0,2025,Lille,5
2024-10-05,Sat,Ligue 1,Away,W,2.0,1.0,Rennes,,5.0,2.0,16.0,9.0,4.0,0.0,2.0,0.0,2025,Monaco,5
2024-10-05,Sat,Ligue 1,Home,L,1.0,2.0,Monaco,,14.0,3.0,9.0,16.0,2.0,0.0,4.0,0.0,2025,Rennes,5
2024-10-05,Sat,Ligue 1,Home,W,3.0,1.0,Auxerre,,13.0,5.0,13.0,10.0,3.0,0.0,1.0,0.0,2025,St Etienne,5
2024-10-05,Sat,Ligue 1,Away,L,1.0,2.0,Lille,,9.0,3.0,8.0,13.0,2.0,0.0,3.0,0.0,2025,Toulouse,5
2024-10-06,Sun,Ligue 1,Home,W,2.0,0.0,Le Havre,,8.0,3.0,19.0,11.0,4.0,1.0,0.0,1.0,2025,Brest,6
2024-10-06,Sun,Ligue 1,Away,L,0.0,2.0,Brest,,14.0,0.0,11.0,19.0,0.0,1.0,4.0,1.0,2025,Le Havre,6
2024-10-06,Sun,Ligue 1,Away,D,2.0,2.0,Strasbourg,,12.0,5.0,18.0,15.0,4.0,0.0,2.0,0.0,2025,Lens,6
2024-10-06,Sun,Ligue 1,Home,W,2.0,0.0,Nantes,,17.0,6.0,10.0,5.0,1.0,0.0,2.0,0.0,2025,Lyon,6
2024-10-06,Sun,Ligue 1,Away,L,2.0,4.0,Reims,,10.0,3.0,13.0,15.0,5.0,0.0,3.0,0.0,2025,Montpellier,6
2024-10-06,Sun,Ligue 1,Away,L,0.0,2.0,Lyon,,11.0,6.0,5.0,10.0,2.0,0.0,1.0,0.0,2025,Nantes,6
2024-10-06,Sun,Ligue 1,Home,D,1.0,1.0,Paris SG,,9.0,3.0,7.0,9.0,1.0,0.0,2.0,0.0,2025,Nice,6
2024-10-06,Sun,Ligue 1,Away,D,1.0,1.0,Nice,,19.0,9.0,9.0,7.0,2.0,0.0,1.0,0.0,2025,Paris SG,6
2024-10-06,Sun,Ligue 1,Home,W,4.0,2.0,Montpellier,,18.0,5.0,15.0,13.0,3.0,0.0,5.0,0.0,2025,Reims,6
2024-10-06,Sun,Ligue 1,Home,D,2.0,2.0,Lens,,8.0,5.0,15.0,18.0,2.0,0.0,4.0,0.0,2025,Strasbourg,6
2024-10-18,Fri,Ligue 1,Away,D,0.0,0.0,Monaco,,3.0,1.0,14.0,13.0,5.0,0.0,1.0,1.0,2025,Lille,4
2024-10-18,Fri,Ligue 1,Home,D,0.0,0.0,Lille,,14.0,4.0,13.0,14.0,1.0,1.0,5.0,0.0,2025,Monaco,4
2024-10-19,Sat,Ligue 1,Home,D,1.0,1.0,Rennes,,12.0,2.0,18.0,15.0,2.0,0.0,2.0,0.0,2025,Brest,5
2024-10-19,Sat,Ligue 1,Away,W,2.0,0.0,St Etienne,,13.0,5.0,16.0,12.0,2.0,0.0,1.0,0.0,2025,Lens,5
2024-10-19,Sat,Ligue 1,Home,W,4.0,2.0,Strasbourg,,18.0,10.0,10.0,12.0,2.0,0.0,2.0,0.0,2025,Paris SG,5
2024-10-19,Sat,Ligue 1,Away,D,1.0,1.0,Brest,,6.0,4.0,15.0,18.0,2.0,0.0,2.0,0.0,2025,Rennes,5
2024-10-19,Sat,Ligue 1,Home,L,0.0,2.0,Lens,,15.0,1.0,12.0,16.0,1.0,0.0,2.0,0.0,2025,St Etienne,5
2024-10-19,Sat,Ligue 1,Away,L,2.0,4.0,Paris SG,,16.0,8.0,12.0,10.0,2.0,0.0,2.0,0.0,2025,Strasbourg,5
2024-10-20,Sun,Ligue 1,Away,D,1.0,1.0,Toulouse,,8.0,4.0,9.0,11.0,4.0,0.0,2.0,0.0,2025,Angers,6
2024-10-20,Sun,Ligue 1,Home,W,2.0,1.0,Reims,,10.0,8.0,6.0,10.0,2.0,0.0,3.0,0.0,2025,Auxerre,6
2024-10-20,Sun,Ligue 1,Home,L,0.0,4.0,Lyon,,7.0,1.0,17.0,11.0,3.0,0.0,4.0,0.0,2025,Le Havre,6
2024-10-20,Sun,Ligue 1,Away,W,4.0,0.0,Le Havre,,16.0,8.0,11.0,17.0,4.0,0.0,3.0,0.0,2025,Lyon,6
2024-10-20,Sun,Ligue 1,Away,W,5.0,0.0,Montpellier,,21.0,10.0,18.0,11.0,3.0,0.0,1.0,1.0,2025,Marseille,6
2024-10-20,Sun,Ligue 1,Home,L,0.0,5.0,Marseille,,13.0,5.0,11.0,18.0,1.0,1.0,3.0,0.0,2025,Montpellier,6
2024-10-20,Sun,Ligue 1,Home,D,1.0,1.0,Nice,,11.0,7.0,10.0,11.0,2.0,0.0,1.0,0.0,2025,Nantes,6
2024-10-20,Sun,Ligue 1,Away,D,1.0,1.0,Nantes,,13.0,7.0,11.0,10.0,1.0,0.0,2.0,0.0,2025,Nice,6
2024-10-20,Sun,Ligue 1,Away,L,1.0,2.0,Auxerre,,15.0,3.0,10.0,6.0,3.0,0.0,2.0,0.0,2025,Reims,6
2024-10-20,Sun,Ligue 1,Home,D,1.0,1.0,Angers,,18.0,6.0,11.0,9.0,2.0,0.0,4.0,0.0,2025,Toulouse,6
2024-10-25,Fri,Ligue 1,Away,L,0.0,1.0,Rennes,,5.0,1.0,7.0,10.0,4.0,1.0,2.0,0.0,2025,Le Havre,4
2024-10-25,Fri,Ligue 1,Home,W,1.0,0.0,Le Havre,,20.0,4.0,10.0,7.0,2.0,0.0,4.0,1.0,2025,Rennes,4
2024-10-26,Sat,Ligue 1,Home,W,4.0,2.0,St Etienne,,13.0,8.0,10.0,13.0,1.0,0.0,3.0,0.0,2025,Angers,5
2024-10-26,Sat,Ligue 1,Away,W,2.0,1.0,Reims,,13.0,4.0,11.0,15.0,2.0,0.0,3.0,0.0,2025,Brest,5
2024-10-26,Sat,Ligue 1,Home,L,0.0,2.0,Lille,,11.0,4.0,16.0,14.0,4.0,0.0,4.0,0.0,2025,Lens,5
2024-10-26,Sat,Ligue 1,Away,W,2.0,0.0,Lens,,11.0,3.0,14.0,16.0,4.0,0.0,4.0,0.0,2025,Lille,5
2024-10-26,Sat,Ligue 1,Home,L,1.0,2.0,Brest,,11.0,3.0,15.0,11.0,3.0,0.0,2.0,0.0,2025,Reims,5
2024-10-26,Sat,Ligue 1,Away,L,2.0,4.0,Angers,,19.0,7.0,13.0,10.0,3.0,0.0,1.0,0.0,2025,St Etienne,5
2024-10-27,Sun,Ligue 1,Away,D,2.0,2.0,Lyon,,17.0,4.0,14.0,7.0,4.0,0.0,0.0,0.0,2025,Auxerre,6
2024-10-27,Sun,Ligue 1,Home,D,2.0,2.0,Auxerre,,12.0,8.0,7.0,14.0,0.0,0.0,4.0,0.0,2025,Lyon,6
2024-10-27,Sun,Ligue 1,Home,L,0.0,3.0,Paris SG,,5.0,1.0,4.0,7.0,1.0,1.0,0.0,0.0,2025,Marseille,6
2024-10-27,Sun,Ligue 1,Away,L,1.0,2.0,Nice,,11.0,5.0,11.0,16.0,5.0,1.0,2.0,0.0,2025,Monaco,6
2024-10-27,Sun,Ligue 1,Home,L,0.0,3.0,Toulouse,,9.0,2.0,8.0,20.0,1.0,1.0,2.0,0.0,2025,Montpellier,6
2024-10-27,Sun,Ligue 1,Away,L,1.0,3.0,Strasbourg,,8.0,6.0,17.0,15.0,3.0,0.0,2.0,0.0,2025,Nantes,6
2024-10-27,Sun,Ligue 1,Home,W,2.0,1.0,Monaco,,17.0,9.0,16.0,11.0,2.0,0.0,5.0,1.0,2025,Nice,6
2024-10-27,Sun,Ligue 1,Away,W,3.0,0.0,Marseille,,19.0,8.0,7.0,4.0,0.0,0.0,1.0,1.0,2025,Paris SG,6
2024-10-27,Sun,Ligue 1,Home,W,3.0,1.0,Nantes,,9.0,5.0,15.0,17.0,2.0,0.0,3.0,0.0,2025,Strasbourg,6
2024-10-27,Sun,Ligue 1,Away,W,3.0,0.0,Montpellier,,15.0,6.0,20.0,8.0,2.0,0.0,1.0,1.0,2025,Toulouse,6
2024-11-01,Fri,Ligue 1,Away,W,1.0,0.0,Monaco,,10.0,3.0,12.0,16.0,1.0,0.0,1.0,0.0,2025,Angers,4
2024-11-01,Fri,Ligue 1,Home,D,1.0,1.0,Lyon,,14.0,2.0,12.0,10.0,3.0,0.0,1.0,0.0,2025,Lille,4
2024-11-01,Fri,Ligue 1,Away,D,1.0,1.0,Lille,,14.0,3.0,10.0,12.0,1.0,0.0,3.0,0.0,2025,Lyon,4
2024-11-01,Fri,Ligue 1,Home,L,0.0,1.0,Angers,,11.0,3.0,16.0,12.0,1.0,0.0,1.0,0.0,2025,Monaco,4
2024-11-02,Sat,Ligue 1,Home,L,0.0,1.0,Nice,,16.0,6.0,9.0,4.0,0.0,0.0,2.0,0.0,2025,Brest,5
2024-11-02,Sat,Ligue 1,Away,L,0.0,1.0,Paris SG,,13.0,2.0,20.0,3.0,5.0,1.0,1.0,0.0,2025,Lens,5
2024-11-02,Sat,Ligue 1,Away,W,1.0,0.0,Brest,,12.0,3.0,4.0,9.0,2.0,0.0,0.0,0.0,2025,Nice,5
2024-11-02,Sat,Ligue 1,Home,W,1.0,0.0,Lens,,18.0,8.0,3.0,20.0,1.0,0.0,5.0,1.0,2025,Paris SG,5
2024-11-02,Sat,Ligue 1,Home,W,2.0,0.0,Strasbourg,,13.0,3.0,9.0,4.0,2.0,0.0,1.0,0.0,2025,St Etienne,5
2024-11-02,Sat,Ligue 1,Away,L,0.0,2.0,St Etienne,,9.0,3.0,4.0,9.0,1.0,0.0,2.0,0.0,2025,Strasbourg,5
2024-11-03,Sun,Ligue 1,Home,W,4.0,0.0,Rennes,,16.0,8.0,11.0,15.0,0.0,0.0,2.0,0.0,2025,Auxerre,6
2024-11-03,Sun,Ligue 1,Home,W,1.0,0.0,Montpellier,,12.0,4.0,11.0,13.0,2.0,0.0,1.0,0.0,2025,Le Havre,6
2024-11-03,Sun,Ligue 1,Away,W,2.0,1.0,Nantes,,9.0,4.0,6.0,16.0,1.0,0.0,1.0,0.0,2025,Marseille,6
2024-11-03,Sun,Ligue 1,Away,L,0.0,1.0,Le Havre,,15.0,1.0,13.0,11.0,1.0,0.0,2.0,0.0,2025,Montpellier,6
2024-11-03,Sun,Ligue 1,Home,L,1.0,2.0,Marseille,,7.0,3.0,16.0,6.0,1.0,0.0,1.0,0.0,2025,Nantes,6
2024-11-03,Sun,Ligue 1,Away,L,0.0,1.0,Toulouse,,13.0,2.0,15.0,16.0,3.0,0.0,0.0,0.0,2025,Reims,6
2024-11-03,Sun,Ligue 1,Away,L,0.0,4.0,Auxerre,,7.0,4.0,15.0,11.0,2.0,0.0,0.0,0.0,2025,Rennes,6
2024-11-03,Sun,Ligue 1,Home,W,1.0,0.0,Reims,,13.0,6.0,16.0,15.0,0.0,0.0,3.0,0.0,2025,Toulouse,6
2024-11-08,Fri,Ligue 1,Away,W,3.0,1.0,Marseille,,10.0,6.0,16.0,13.0,2.0,0.0,3.0,0.0,2025,Auxerre,4
2024-11-08,Fri,Ligue 1,Home,L,1.0,3.0,Auxerre,,19.0,5.0,13.0,16.0,3.0,0.0,2.0,0.0,2025,Marseille,4
2024-11-09,Sat,Ligue 1,Home,L,2.0,4.0,Paris SG,,10.0,3.0,5.0,16.0,0.0,0.0,3.0,0.0,2025,Angers,5
2024-11-09,Sat,Ligue 1,Home,W,3.0,2.0,Nantes,,15.0,3.0,14.0,8.0,2.0,0.0,0.0,0.0,2025,Lens,5
2024-11-09,Sat,Ligue 1,Away,W,3.0,1.0,Strasbourg,,19.0,8.0,18.0,16.0,2.0,0.0,5.0,0.0,2025,Monaco,5
2024-11-09,Sat,Ligue 1,Away,L,2.0,3.0,Lens,,9.0,3.0,8.0,14.0,0.0,0.0,2.0,0.0,2025,Nantes,5
2024-11-09,Sat,Ligue 1,Away,W,4.0,2.0,Angers,,26.0,12.0,16.0,5.0,3.0,0.0,0.0,0.0,2025,Paris SG,5
2024-11-09,Sat,Ligue 1,Home,L,1.0,3.0,Monaco,,5.0,2.0,16.0,18.0,5.0,0.0,2.0,0.0,2025,Strasbourg,5
2024-11-10,Sun,Ligue 1,Away,L,1.0,3.0,Montpellier,,19.0,6.0,13.0,18.0,1.0,0.0,5.0,0.0,2025,Brest,6
2024-11-10,Sun,Ligue 1,Home,L,0.0,3.0,Reims,,10.0,3.0,10.0,17.0,1.0,0.0,4.0,0.0,2025,Le Havre,6
2024-11-10,Sun,Ligue 1,Away,D,2.0,2.0,Nice,,13.0,6.0,9.0,12.0,2.0,0.0,2.0,0.0,2025,Lille,6
2024-11-10,Sun,Ligue 1,Home,W,1.0,0.0,St Etienne,,17.0,7.0,11.0,13.0,3.0,0.0,2.0,0.0,2025,Lyon,6
2024-11-10,Sun,Ligue 1,Home,W,3.0,1.0,Brest,,14.0,8.0,18.0,13.0,5.0,0.0,1.0,0.0,2025,Montpellier,6
2024-11-10,Sun,Ligue 1,Home,D,2.0,2.0,Lille,,17.0,5.0,12.0,9.0,2.0,0.0,2.0,0.0,2025,Nice,6
2024-11-10,Sun,Ligue 1,Away,W,3.0,0.0,Le Havre,,18.0,7.0,17.0,10.0,4.0,0.0,1.0,0.0,2025,Reims,6
2024-11-10,Sun,Ligue 1,Home,L,0.0,2.0,Toulouse,,7.0,1.0,16.0,16.0,3.0,0.0,1.0,0.0,2025,Rennes,6
2024-11-10,Sun,Ligue 1,Away,L,0.0,1.0,Lyon,,10.0,6.0,13.0,11.0,2.0,0.0,3.0,0.0,2025,St Etienne,6
2024-11-10,Sun,Ligue 1,Away,W,2.0,0.0,Rennes,,9.0,2.0,16.0,16.0,1.0,0.0,3.0,0.0,2025,Toulouse,6
2024-11-22,Fri,Ligue 1,Away,L,2.0,3.0,Monaco,,12.0,4.0,12.0,7.0,2.0,0.0,2.0,0.0,2025,Brest,4
2024-11-22,Fri,Ligue 1,Home,W,3.0,2.0,Brest,,10.0,4.0,7.0,12.0,2.0,0.0,2.0,0.0,2025,Monaco,4
2024-11-22,Fri,Ligue 1,Home,W,3.0,0.0,Toulouse,,17.0,8.0,11.0,14.0,1.0,0.0,2.0,0.0,2025,Paris SG,4
2024-11-22,Fri,Ligue 1,Away,L,0.0,3.0,Paris SG,,11.0,2.0,14.0,11.0,2.0,0.0,1.0,0.0,2025,Toulouse,4
2024-11-23,Sat,Ligue 1,Home,L,1.0,3.0,Marseille,,16.0,7.0,17.0,9.0,3.0,0.0,3.0,0.0,2025,Lens,5
2024-11-23,Sat,Ligue 1,Away,D,1.0,1.0,Reims,,13.0,7.0,13.0,11.0,0.0,0.0,2.0,0.0,2025,Lyon,5
2024-11-23,Sat,Ligue 1,Away,W,3.0,1.0,Lens,,7.0,4.0,9.0,17.0,3.0,0.0,3.0,0.0,2025,Marseille,5
2024-11-23,Sat,Ligue 1,Away,L,0.0,1.0,St Etienne,,11.0,3.0,11.0,19.0,5.0,0.0,3.0,0.0,2025,Montpellier,5
2024-11-23,Sat,Ligue 1,Home,D,1.0,1.0,Lyon,,14.0,6.0,11.0,13.0,2.0,0.0,0.0,0.0,2025,Reims,5
2024-11-23,Sat,Ligue 1,Home,W,1.0,0.0,Montpellier,,11.0,4.0,19.0,11.0,3.0,0.0,5.0,0.0,2025,St Etienne,5
2024-11-24,Sun,Ligue 1,Away,L,0.0,1.0,Auxerre,,10.0,5.0,7.0,13.0,1.0,0.0,4.0,0.0,2025,Angers,6
2024-11-24,Sun,Ligue 1,Home,W,1.0,0.0,Angers,,10.0,6.0,13.0,7.0,4.0,0.0,1.0,0.0,2025,Auxerre,6
2024-11-24,Sun,Ligue 1,Away,W,2.0,0.0,Nantes,,7.0,5.0,12.0,14.0,1.0,0.0,2.0,0.0,2025,Le Havre,6
2024-11-24,Sun,Ligue 1,Home,W,1.0,0.0,Rennes,,5.0,2.0,19.0,16.0,3.0,0.0,2.0,0.0,2025,Lille,6
2024-11-24,Sun,Ligue 1,Home,L,0.0,2.0,Le Havre,,18.0,4.0,14.0,12.0,2.0,0.0,1.0,0.0,2025,Nantes,6
2024-11-24,Sun,Ligue 1,Home,W,2.0,1.0,Strasbourg,,15.0,5.0,16.0,8.0,2.0,0.0,0.0,0.0,2025,Nice,6
2024-11-24,Sun,Ligue 1,Away,L,0.0,1.0,Lille,,4.0,1.0,16.0,19.0,2.0,0.0,3.0,0.0,2025,Rennes,6
2024-11-24,Sun,Ligue 1,Away,L,1.0,2.0,Nice,,10.0,3.0,8.0,16.0,0.0,0.0,2.0,0.0,2025,Strasbourg,6
2024-11-29,Fri,Ligue 1,Away,W,2.0,0.0,Reims,,11.0,6.0,12.0,14.0,2.0,0.0,1.0,0.0,2025,Lens,4
2024-11-29,Fri,Ligue 1,Home,L,0.0,2.0,Lens,,16.0,3.0,14.0,12.0,1.0,0.0,2.0,0.0,2025,Reims,4
2024-11-30,Sat,Ligue 1,Home,W,3.0,1.0,Strasbourg,,11.0,8.0,15.0,8.0,3.0,0.0,2.0,0.0,2025,Brest,5
2024-11-30,Sat,Ligue 1,Away,D,1.0,1.0,Paris SG,,5.0,2.0,6.0,3.0,0.0,0.0,0.0,0.0,2025,Nantes,5
2024-11-30,Sat,Ligue 1,Home,D,1.0,1.0,Nantes,,24.0,10.0,3.0,6.0,0.0,0.0,0.0,0.0,2025,Paris SG,5
2024-11-30,Sat,Ligue 1,Home,W,5.0,0.0,St Etienne,,18.0,9.0,14.0,12.0,0.0,0.0,1.0,1.0,2025,Rennes,5
2024-11-30,Sat,Ligue 1,Away,L,0.0,5.0,Rennes,,2.0,0.0,12.0,14.0,1.0,1.0,0.0,0.0,2025,St Etienne,5
2024-11-30,Sat,Ligue 1,Away,L,1.0,3.0,Brest,,12.0,4.0,8.0,15.0,2.0,0.0,3.0,0.0,2025,Strasbourg,5
2024-12-01,Sun,Ligue 1,Away,W,1.0,0.0,Le Havre,,12.0,3.0,10.0,8.0,0.0,0.0,2.0,0.0,2025,Angers,6
2024-12-01,Sun,Ligue 1,Away,L,0.0,2.0,Toulouse,,4.0,0.0,12.0,14.0,0.0,0.0,0.0,0.0,2025,Auxerre,6
2024-12-01,Sun,Ligue 1,Home,L,0.0,1.0,Angers,,5.0,1.0,8.0,10.0,2.0,0.0,0.0,0.0,2025,Le Havre,6
2024-12-01,Sun,Ligue 1,Away,D,2.0,2.0,Montpellier,,13.0,4.0,21.0,9.0,5.0,1.0,4.0,1.0,2025,Lille,6
2024-12-01,Sun,Ligue 1,Home,W,4.0,1.0,Nice,,16.0,8.0,11.0,11.0,1.0,0.0,2.0,0.0,2025,Lyon,6
2024-12-01,Sun,Ligue 1,Home,W,2.0,1.0,Monaco,,9.0,4.0,15.0,16.0,0.0,0.0,1.0,0.0,2025,Marseille,6
2024-12-01,Sun,Ligue 1,Away,L,1.0,2.0,Marseille,,7.0,4.0,16.0,15.0,1.0,0.0,0.0,0.0,2025,Monaco,6
2024-12-01,Sun,Ligue 1,Home,D,2.0,2.0,Lille,,11.0,5.0,9.0,21.0,4.0,1.0,5.0,1.0,2025,Montpellier,6
2024-12-01,Sun,Ligue 1,Away,L,1.0,4.0,Lyon,,16.0,7.0,11.0,11.0,2.0,0.0,1.0,0.0,2025,Nice,6
2024-12-01,Sun,Ligue 1,Home,W,2.0,0.0,Auxerre,,12.0,7.0,14.0,12.0,0.0,0.0,0.0,0.0,2025,Toulouse,6
2024-12-06,Fri,Ligue 1,Home,D,0.0,0.0,Paris SG,,6.0,2.0,8.0,7.0,2.0,0.0,1.0,0.0,2025,Auxerre,4
2024-12-06,Fri,Ligue 1,Away,L,1.0,3.0,Lille,,7.0,3.0,16.0,13.0,1.0,0.0,1.0,0.0,2025,Brest,4
2024-12-06,Fri,Ligue 1,Home,W,3.0,1.0,Brest,,10.0,6.0,13.0,16.0,1.0,0.0,1.0,0.0,2025,Lille,4
2024-12-06,Fri,Ligue 1,Away,D,0.0,0.0,Auxerre,,25.0,11.0,7.0,8.0,1.0,0.0,2.0,0.0,2025,Paris SG,4
2024-12-07,Sat,Ligue 1,Home,L,0.0,3.0,Lyon,,10.0,2.0,13.0,13.0,0.0,0.0,2.0,0.0,2025,Angers,5
2024-12-07,Sat,Ligue 1,Away,L,1.0,2.0,Nice,,12.0,2.0,10.0,10.0,2.0,0.0,3.0,0.0,2025,Le Havre,5
2024-12-07,Sat,Ligue 1,Away,W,3.0,0.0,Angers,,16.0,10.0,13.0,13.0,2.0,0.0,0.0,0.0,2025,Lyon,5
2024-12-07,Sat,Ligue 1,Home,W,2.0,0.0,Toulouse,,19.0,5.0,15.0,16.0,2.0,0.0,2.0,0.0,2025,Monaco,5
2024-12-07,Sat,Ligue 1,Home,W,2.0,1.0,Le Havre,,17.0,5.0,10.0,10.0,3.0,0.0,2.0,0.0,2025,Nice,5
2024-12-07,Sat,Ligue 1,Away,L,0.0,2.0,Monaco,,6.0,3.0,16.0,15.0,2.0,0.0,2.0,0.0,2025,Toulouse,5
2024-12-08,Sun,Ligue 1,Home,W,2.0,0.0,Montpellier,,18.0,4.0,15.0,7.0,2.0,0.0,3.0,0.0,2025,Lens,6
2024-12-08,Sun,Ligue 1,Away,W,2.0,0.0,St Etienne,,21.0,10.0,10.0,13.0,1.0,0.0,1.0,0.0,2025,Marseille,6
2024-12-08,Sun,Ligue 1,Away,L,0.0,2.0,Lens,,7.0,4.0,7.0,15.0,3.0,0.0,2.0,0.0,2025,Montpellier,6
2024-12-08,Sun,Ligue 1,Home,W,1.0,0.0,Rennes,,14.0,2.0,15.0,9.0,1.0,0.0,1.0,1.0,2025,Nantes,6
2024-12-08,Sun,Ligue 1,Away,D,0.0,0.0,Strasbourg,,11.0,3.0,16.0,13.0,2.0,0.0,1.0,0.0,2025,Reims,6
2024-12-08,Sun,Ligue 1,Away,L,0.0,1.0,Nantes,,5.0,3.0,9.0,15.0,1.0,1.0,1.0,0.0,2025,Rennes,6
2024-12-08,Sun,Ligue 1,Home,L,0.0,2.0,Marseille,,3.0,2.0,13.0,10.0,1.0,0.0,1.0,0.0,2025,St Etienne,6
2024-12-08,Sun,Ligue 1,Home,D,0.0,0.0,Reims,,7.0,2.0,13.0,16.0,1.0,0.0,2.0,0.0,2025,Strasbourg,6
2024-12-13,Fri,Ligue 1,Away,L,1.0,2.0,Toulouse,,3.0,2.0,15.0,16.0,4.0,0.0,3.0,0.0,2025,St Etienne,4
2024-12-13,Fri,Ligue 1,Home,W,2.0,1.0,St Etienne,,11.0,4.0,16.0,15.0,3.0,0.0,4.0,0.0,2025,Toulouse,4
2024-12-14,Sat,Ligue 1,Home,D,2.0,2.0,Lens,,10.0,3.0,10.0,10.0,3.0,0.0,1.0,0.0,2025,Auxerre,5
2024-12-14,Sat,Ligue 1,Away,D,2.0,2.0,Auxerre,,16.0,5.0,10.0,10.0,1.0,0.0,3.0,0.0,2025,Lens,5
2024-12-14,Sat,Ligue 1,Away,D,1.0,1.0,Marseille,,10.0,5.0,9.0,14.0,3.0,0.0,1.0,1.0,2025,Lille,5
2024-12-14,Sat,Ligue 1,Home,D,1.0,1.0,Lille,,9.0,3.0,14.0,9.0,1.0,1.0,3.0,0.0,2025,Marseille,5
2024-12-14,Sat,Ligue 1,Away,D,0.0,0.0,Reims,,14.0,3.0,22.0,15.0,3.0,0.0,1.0,0.0,2025,Monaco,5
2024-12-14,Sat,Ligue 1,Home,D,0.0,0.0,Monaco,,8.0,0.0,15.0,22.0,1.0,0.0,3.0,0.0,2025,Reims,5
2024-12-15,Sun,Ligue 1,Away,L,0.0,2.0,Rennes,,3.0,0.0,12.0,18.0,1.0,0.0,3.0,0.0,2025,Angers,6
2024-12-15,Sun,Ligue 1,Home,W,4.0,1.0,Nantes,,13.0,8.0,10.0,14.0,3.0,0.0,3.0,0.0,2025,Brest,6
2024-12-15,Sun,Ligue 1,Home,L,0.0,3.0,Strasbourg,,11.0,1.0,11.0,7.0,0.0,0.0,1.0,0.0,2025,Le Havre,6
2024-12-15,Sun,Ligue 1,Away,L,1.0,3.0,Paris SG,,7.0,3.0,8.0,7.0,3.0,0.0,2.0,0.0,2025,Lyon,6
2024-12-15,Sun,Ligue 1,Home,D,2.0,2.0,Nice,,20.0,8.0,15.0,13.0,1.0,0.0,2.0,0.0,2025,Montpellier,6
2024-12-15,Sun,Ligue 1,Away,L,1.0,4.0,Brest,,16.0,7.0,14.0,10.0,3.0,0.0,3.0,0.0,2025,Nantes,6
2024-12-15,Sun,Ligue 1,Away,D,2.0,2.0,Montpellier,,18.0,6.0,13.0,15.0,2.0,0.0,1.0,0.0,2025,Nice,6
2024-12-15,Sun,Ligue 1,Home,W,3.0,1.0,Lyon,,13.0,6.0,7.0,8.0,2.0,0.0,3.0,0.0,2025,Paris SG,6
2024-12-15,Sun,Ligue 1,Home,W,2.0,0.0,Angers,,7.0,4.0,18.0,12.0,3.0,0.0,1.0,0.0,2025,Rennes,6
2024-12-15,Sun,Ligue 1,Away,W,3.0,0.0,Le Havre,,9.0,5.0,7.0,11.0,1.0,0.0,0.0,0.0,2025,Strasbourg,6
2024-12-18,Wed,Ligue 1,Home,L,2.0,4.0,Paris SG,,15.0,5.0,11.0,11.0,2.0,0.0,0.0,0.0,2025,Monaco,2
2024-12-18,Wed,Ligue 1,Away,W,4.0,2.0,Monaco,,17.0,12.0,11.0,11.0,0.0,0.0,2.0,0.0,2025,Paris SG,2
2025-01-03,Fri,Ligue 1,Home,W,3.0,2.0,Rennes,,9.0,6.0,11.0,14.0,3.0,1.0,3.0,0.0,2025,Nice,4
2025-01-03,Fri,Ligue 1,Away,L,2.0,3.0,Nice,,10.0,5.0,14.0,11.0,3.0,0.0,3.0,1.0,2025,Rennes,4
2025-01-04,Sat,Ligue 1,Home,D,1.0,1.0,Nantes,,13.0,3.0,6.0,10.0,1.0,0.0,2.0,0.0,2025,Lille,5
2025-01-04,Sat,Ligue 1,Home,W,1.0,0.0,Montpellier,,12.0,2.0,8.0,10.0,1.0,0.0,2.0,0.0,2025,Lyon,5
2025-01-04,Sat,Ligue 1,Away,L,0.0,1.0,Lyon,,16.0,6.0,10.0,8.0,2.0,0.0,1.0,0.0,2025,Montpellier,5
2025-01-04,Sat,Ligue 1,Away,D,1.0,1.0,Lille,,6.0,2.0,10.0,6.0,2.0,0.0,1.0,0.0,2025,Nantes,5
2025-01-04,Sat,Ligue 1,Away,L,1.0,3.0,St Etienne,,11.0,1.0,10.0,19.0,1.0,0.0,2.0,0.0,2025,Reims,5
2025-01-04,Sat,Ligue 1,Home,W,3.0,1.0,Reims,,14.0,4.0,19.0,10.0,2.0,0.0,1.0,0.0,2025,St Etienne,5
2025-01-05,Sun,Ligue 1,Home,W,2.0,0.0,Brest,,7.0,2.0,14.0,11.0,2.0,0.0,1.0,0.0,2025,Angers,6
2025-01-05,Sun,Ligue 1,Away,L,1.0,3.0,Strasbourg,,14.0,7.0,13.0,10.0,2.0,0.0,1.0,0.0,2025,Auxerre,6
2025-01-05,Sun,Ligue 1,Away,L,0.0,2.0,Angers,,12.0,4.0,11.0,14.0,1.0,0.0,2.0,0.0,2025,Brest,6
2025-01-05,Sun,Ligue 1,Away,L,1.0,5.0,Marseille,,4.0,1.0,6.0,12.0,0.0,0.0,1.0,0.0,2025,Le Havre,6
2025-01-05,Sun,Ligue 1,Home,L,0.0,1.0,Toulouse,,14.0,1.0,20.0,12.0,5.0,1.0,2.0,0.0,2025,Lens,6
2025-01-05,Sun,Ligue 1,Home,W,5.0,1.0,Le Havre,,15.0,9.0,12.0,6.0,1.0,0.0,0.0,0.0,2025,Marseille,6
2025-01-05,Sun,Ligue 1,Home,W,3.0,1.0,Auxerre,,11.0,4.0,10.0,13.0,1.0,0.0,2.0,0.0,2025,Strasbourg,6
2025-01-05,Sun,Ligue 1,Away,W,1.0,0.0,Lens,,8.0,4.0,12.0,20.0,2.0,0.0,5.0,1.0,2025,Toulouse,6
2025-01-10,Fri,Ligue 1,Home,D,0.0,0.0,Lille,,13.0,3.0,7.0,8.0,0.0,1.0,4.0,0.0,2025,Auxerre,4
2025-01-10,Fri,Ligue 1,Away,D,0.0,0.0,Auxerre,,13.0,5.0,8.0,7.0,4.0,0.0,0.0,1.0,2025,Lille,4
2025-01-10,Fri,Ligue 1,Away,D,2.0,2.0,Nantes,,15.0,7.0,14.0,17.0,0.0,0.0,3.0,0.0,2025,Monaco,4
2025-01-10,Fri,Ligue 1,Home,D,2.0,2.0,Monaco,,10.0,4.0,17.0,14.0,3.0,0.0,0.0,0.0,2025,Nantes,4
2025-01-11,Sat,Ligue 1,Home,W,2.0,1.0,Lyon,,11.0,6.0,10.0,10.0,1.0,0.0,2.0,0.0,2025,Brest,5
2025-01-11,Sat,Ligue 1,Away,L,1.0,2.0,Brest,,10.0,3.0,10.0,10.0,2.0,0.0,1.0,0.0,2025,Lyon,5
2025-01-11,Sat,Ligue 1,Away,W,2.0,1.0,Rennes,,13.0,7.0,13.0,11.0,2.0,0.0,2.0,0.0,2025,Marseille,5
2025-01-11,Sat,Ligue 1,Away,W,4.0,2.0,Reims,,15.0,10.0,7.0,12.0,2.0,0.0,4.0,0.0,2025,Nice,5
2025-01-11,Sat,Ligue 1,Home,L,2.0,4.0,Nice,,12.0,3.0,12.0,7.0,4.0,0.0,2.0,0.0,2025,Reims,5
2025-01-11,Sat,Ligue 1,Home,L,1.0,2.0,Marseille,,5.0,4.0,11.0,13.0,2.0,0.0,2.0,0.0,2025,Rennes,5
2025-01-12,Sun,Ligue 1,Away,W,3.0,1.0,Montpellier,,21.0,8.0,15.0,11.0,2.0,0.0,6.0,2.0,2025,Angers,6
2025-01-12,Sun,Ligue 1,Home,L,1.0,2.0,Lens,,8.0,4.0,11.0,14.0,2.0,0.0,2.0,0.0,2025,Le Havre,6
2025-01-12,Sun,Ligue 1,Away,W,2.0,1.0,Le Havre,,25.0,7.0,14.0,11.0,2.0,0.0,2.0,0.0,2025,Lens,6
2025-01-12,Sun,Ligue 1,Home,L,1.0,3.0,Angers,,8.0,3.0,11.0,15.0,6.0,2.0,2.0,0.0,2025,Montpellier,6
2025-01-12,Sun,Ligue 1,Home,W,2.0,1.0,St Etienne,,25.0,9.0,16.0,11.0,1.0,0.0,2.0,0.0,2025,Paris SG,6
2025-01-12,Sun,Ligue 1,Away,L,1.0,2.0,Paris SG,,8.0,3.0,11.0,16.0,2.0,0.0,1.0,0.0,2025,St Etienne,6
2025-01-12,Sun,Ligue 1,Away,W,2.0,1.0,Toulouse,,8.0,2.0,14.0,12.0,4.0,0.0,1.0,0.0,2025,Strasbourg,6
2025-01-12,Sun,Ligue 1,Home,L,1.0,2.0,Strasbourg,,19.0,5.0,12.0,14.0,1.0,0.0,4.0,0.0,2025,Toulouse,6
2025-01-17,Fri,Ligue 1,Home,W,2.0,1.0,Nice,,11.0,4.0,13.0,13.0,1.0,0.0,3.0,0.0,2025,Lille,4
2025-01-17,Fri,Ligue 1,Away,L,1.0,2.0,Montpellier,,26.0,11.0,9.0,7.0,2.0,0.0,1.0,0.0,2025,Monaco,4
2025-01-17,Fri,Ligue 1,Home,W,2.0,1.0,Monaco,,12.0,4.0,7.0,9.0,1.0,0.0,2.0,0.0,2025,Montpellier,4
2025-01-17,Fri,Ligue 1,Away,L,1.0,2.0,Lille,,11.0,3.0,13.0,13.0,3.0,0.0,1.0,0.0,2025,Nice,4
2025-01-18,Sat,Ligue 1,Away,W,2.0,1.0,Rennes,,10.0,3.0,11.0,13.0,3.0,0.0,2.0,0.0,2025,Brest,5
2025-01-18,Sat,Ligue 1,Home,L,1.0,2.0,Paris SG,,10.0,5.0,12.0,8.0,2.0,0.0,2.0,0.0,2025,Lens,5
2025-01-18,Sat,Ligue 1,Home,D,0.0,0.0,Toulouse,,11.0,3.0,8.0,8.0,1.0,0.0,0.0,0.0,2025,Lyon,5
2025-01-18,Sat,Ligue 1,Away,W,2.0,1.0,Lens,,9.0,7.0,8.0,12.0,2.0,0.0,2.0,0.0,2025,Paris SG,5
2025-01-18,Sat,Ligue 1,Home,L,1.0,2.0,Brest,,22.0,9.0,13.0,11.0,2.0,0.0,3.0,0.0,2025,Rennes,5
2025-01-18,Sat,Ligue 1,Away,D,0.0,0.0,Lyon,,13.0,4.0,8.0,8.0,0.0,0.0,1.0,0.0,2025,Toulouse,5
2025-01-19,Sun,Ligue 1,Home,W,2.0,0.0,Auxerre,,12.0,4.0,9.0,10.0,2.0,0.0,1.0,1.0,2025,Angers,6
2025-01-19,Sun,Ligue 1,Away,L,0.0,2.0,Angers,,10.0,4.0,10.0,9.0,1.0,1.0,2.0,0.0,2025,Auxerre,6
2025-01-19,Sun,Ligue 1,Away,D,1.0,1.0,Reims,,7.0,2.0,8.0,9.0,2.0,0.0,2.0,0.0,2025,Le Havre,6
2025-01-19,Sun,Ligue 1,Home,D,1.0,1.0,Strasbourg,,18.0,3.0,13.0,14.0,3.0,0.0,3.0,0.0,2025,Marseille,6
2025-01-19,Sun,Ligue 1,Away,D,1.0,1.0,St Etienne,,8.0,4.0,11.0,9.0,1.0,0.0,2.0,0.0,2025,Nantes,6
2025-01-19,Sun,Ligue 1,Home,D,1.0,1.0,Le Havre,,11.0,3.0,9.0,8.0,2.0,0.0,2.0,0.0,2025,Reims,6
2025-01-19,Sun,Ligue 1,Home,D,1.0,1.0,Nantes,,12.0,2.0,9.0,11.0,2.0,0.0,1.0,0.0,2025,St Etienne,6
2025-01-19,Sun,Ligue 1,Away,D,1.0,1.0,Marseille,,7.0,3.0,14.0,13.0,3.0,0.0,3.0,0.0,2025,Strasbourg,6
2025-01-24,Fri,Ligue 1,Home,D,1.0,1.0,St Etienne,,11.0,5.0,15.0,13.0,2.0,0.0,0.0,0.0,2025,Auxerre,4
2025-01-24,Fri,Ligue 1,Away,D,1.0,1.0,Auxerre,,8.0,3.0,13.0,15.0,0.0,0.0,2.0,0.0,2025,St Etienne,4
2025-01-25,Sat,Ligue 1,Away,L,1.0,2.0,Strasbourg,,15.0,6.0,9.0,10.0,2.0,0.0,4.0,0.0,2025,Lille,5
2025-01-25,Sat,Ligue 1,Home,W,3.0,2.0,Rennes,,20.0,10.0,12.0,16.0,3.0,0.0,3.0,0.0,2025,Monaco,5
2025-01-25,Sat,Ligue 1,Home,D,1.0,1.0,Reims,,18.0,7.0,13.0,13.0,2.0,0.0,2.0,0.0,2025,Paris SG,5
2025-01-25,Sat,Ligue 1,Away,D,1.0,1.0,Paris SG,,6.0,3.0,13.0,13.0,2.0,0.0,2.0,0.0,2025,Reims,5
2025-01-25,Sat,Ligue 1,Away,L,2.0,3.0,Monaco,,14.0,5.0,16.0,12.0,3.0,0.0,3.0,0.0,2025,Rennes,5
2025-01-25,Sat,Ligue 1,Home,W,2.0,1.0,Lille,,11.0,7.0,10.0,9.0,4.0,0.0,2.0,0.0,2025,Strasbourg,5
2025-01-26,Sun,Ligue 1,Away,L,0.0,1.0,Lens,,2.0,0.0,10.0,16.0,1.0,0.0,1.0,0.0,2025,Angers,6
2025-01-26,Sun,Ligue 1,Away,W,1.0,0.0,Le Havre,,17.0,9.0,14.0,12.0,3.0,0.0,2.0,0.0,2025,Brest,6
2025-01-26,Sun,Ligue 1,Home,L,0.0,1.0,Brest,,11.0,1.0,12.0,14.0,2.0,0.0,3.0,0.0,2025,Le Havre,6
2025-01-26,Sun,Ligue 1,Home,W,1.0,0.0,Angers,,16.0,4.0,16.0,10.0,1.0,0.0,1.0,0.0,2025,Lens,6
2025-01-26,Sun,Ligue 1,Away,D,1.0,1.0,Nantes,,15.0,4.0,11.0,14.0,1.0,0.0,3.0,0.0,2025,Lyon,6
2025-01-26,Sun,Ligue 1,Away,L,0.0,2.0,Nice,,18.0,6.0,9.0,12.0,1.0,0.0,1.0,0.0,2025,Marseille,6
2025-01-26,Sun,Ligue 1,Away,W,2.0,1.0,Toulouse,,6.0,4.0,15.0,9.0,2.0,0.0,1.0,0.0,2025,Montpellier,6
2025-01-26,Sun,Ligue 1,Home,D,1.0,1.0,Lyon,,7.0,5.0,14.0,11.0,3.0,0.0,1.0,0.0,2025,Nantes,6
2025-01-26,Sun,Ligue 1,Home,W,2.0,0.0,Marseille,,14.0,5.0,12.0,9.0,1.0,0.0,1.0,0.0,2025,Nice,6
2025-01-26,Sun,Ligue 1,Home,L,1.0,2.0,Montpellier,,15.0,6.0,9.0,15.0,1.0,0.0,2.0,0.0,2025,Toulouse,6
2025-01-31,Fri,Ligue 1,Away,W,2.0,0.0,Montpellier,,19.0,5.0,17.0,12.0,3.0,0.0,4.0,0.0,2025,Lens,4
2025-01-31,Fri,Ligue 1,Home,L,0.0,2.0,Lens,,14.0,2.0,12.0,17.0,4.0,0.0,3.0,0.0,2025,Montpellier,4
2025-02-01,Sat,Ligue 1,Away,L,2.0,4.0,Monaco,,12.0,7.0,15.0,17.0,2.0,0.0,2.0,0.0,2025,Auxerre,5
2025-02-01,Sat,Ligue 1,Home,L,2.0,5.0,Paris SG,,14.0,7.0,9.0,12.0,1.0,0.0,0.0,0.0,2025,Brest,5
2025-02-01,Sat,Ligue 1,Home,W,4.0,1.0,St Etienne,,29.0,13.0,11.0,12.0,1.0,0.0,1.0,1.0,2025,Lille,5
2025-02-01,Sat,Ligue 1,Home,W,4.0,2.0,Auxerre,,11.0,6.0,17.0,15.0,2.0,0.0,2.0,0.0,2025,Monaco,5
2025-02-01,Sat,Ligue 1,Away,W,5.0,2.0,Brest,,14.0,7.0,12.0,9.0,0.0,0.0,1.0,0.0,2025,Paris SG,5
2025-02-01,Sat,Ligue 1,Away,L,1.0,4.0,Lille,,9.0,2.0,12.0,11.0,1.0,1.0,1.0,0.0,2025,St Etienne,5
2025-02-02,Sun,Ligue 1,Home,D,1.0,1.0,Le Havre,,17.0,2.0,8.0,19.0,2.0,1.0,4.0,1.0,2025,Angers,6
2025-02-02,Sun,Ligue 1,Away,D,1.0,1.0,Angers,,13.0,5.0,19.0,8.0,4.0,1.0,2.0,1.0,2025,Le Havre,6
2025-02-02,Sun,Ligue 1,Away,L,2.0,3.0,Marseille,,10.0,4.0,10.0,13.0,1.0,0.0,4.0,0.0,2025,Lyon,6
2025-02-02,Sun,Ligue 1,Home,W,3.0,2.0,Lyon,,20.0,11.0,13.0,10.0,4.0,0.0,1.0,0.0,2025,Marseille,6
2025-02-02,Sun,Ligue 1,Away,W,2.0,1.0,Reims,,11.0,6.0,10.0,14.0,3.0,0.0,3.0,1.0,2025,Nantes,6
2025-02-02,Sun,Ligue 1,Away,D,1.0,1.0,Toulouse,,13.0,3.0,20.0,20.0,2.0,0.0,2.0,0.0,2025,Nice,6
2025-02-02,Sun,Ligue 1,Home,L,1.0,2.0,Nantes,,13.0,2.0,14.0,10.0,3.0,1.0,3.0,0.0,2025,Reims,6
2025-02-02,Sun,Ligue 1,Home,W,1.0,0.0,Strasbourg,,13.0,3.0,14.0,10.0,3.0,0.0,3.0,0.0,2025,Rennes,6
2025-02-02,Sun,Ligue 1,Away,L,0.0,1.0,Rennes,,7.0,3.0,10.0,14.0,3.0,0.0,3.0,0.0,2025,Strasbourg,6
2025-02-02,Sun,Ligue 1,Home,D,1.0,1.0,Nice,,15.0,4.0,20.0,20.0,2.0,0.0,2.0,0.0,2025,Toulouse,6
2025-02-07,Fri,Ligue 1,Away,W,2.0,0.0,Nantes,,10.0,6.0,13.0,15.0,2.0,0.0,3.0,0.0,2025,Brest,4
2025-02-07,Fri,Ligue 1,Away,L,1.0,4.0,Paris SG,,9.0,3.0,11.0,9.0,0.0,0.0,1.0,0.0,2025,Monaco,4
2025-02-07,Fri,Ligue 1,Home,L,0.0,2.0,Brest,,15.0,2.0,15.0,13.0,3.0,0.0,2.0,0.0,2025,Nantes,4
2025-02-07,Fri,Ligue 1,Home,W,4.0,1.0,Monaco,,16.0,7.0,9.0,11.0,1.0,0.0,0.0,0.0,2025,Paris SG,4
2025-02-08,Sat,Ligue 1,Away,W,2.0,1.0,Lille,,14.0,6.0,8.0,16.0,1.0,0.0,2.0,0.0,2025,Le Havre,5
2025-02-08,Sat,Ligue 1,Away,L,0.0,2.0,Nice,,12.0,3.0,19.0,6.0,4.0,1.0,1.0,0.0,2025,Lens,5
2025-02-08,Sat,Ligue 1,Home,L,1.0,2.0,Le Havre,,14.0,5.0,16.0,8.0,2.0,0.0,1.0,0.0,2025,Lille,5
2025-02-08,Sat,Ligue 1,Home,W,2.0,0.0,Lens,,16.0,8.0,6.0,19.0,1.0,0.0,4.0,1.0,2025,Nice,5
2025-02-08,Sat,Ligue 1,Away,W,2.0,0.0,St Etienne,,21.0,9.0,6.0,13.0,5.0,0.0,1.0,0.0,2025,Rennes,5
2025-02-08,Sat,Ligue 1,Home,L,0.0,2.0,Rennes,,9.0,3.0,13.0,6.0,1.0,0.0,5.0,0.0,2025,St Etienne,5
2025-02-09,Sun,Ligue 1,Home,L,0.0,2.0,Marseille,,5.0,0.0,10.0,8.0,1.0,0.0,2.0,0.0,2025,Angers,6
2025-02-09,Sun,Ligue 1,Home,D,2.0,2.0,Toulouse,,9.0,3.0,11.0,9.0,1.0,0.0,1.0,0.0,2025,Auxerre,6
2025-02-09,Sun,Ligue 1,Home,W,4.0,0.0,Reims,,15.0,9.0,10.0,12.0,0.0,0.0,0.0,0.0,2025,Lyon,6
2025-02-09,Sun,Ligue 1,Away,W,2.0,0.0,Angers,,18.0,10.0,8.0,10.0,2.0,0.0,1.0,0.0,2025,Marseille,6
2025-02-09,Sun,Ligue 1,Away,L,0.0,2.0,Strasbourg,,11.0,2.0,12.0,12.0,4.0,0.0,1.0,0.0,2025,Montpellier,6
2025-02-09,Sun,Ligue 1,Away,L,0.0,4.0,Lyon,,9.0,2.0,12.0,10.0,0.0,0.0,0.0,0.0,2025,Reims,6
2025-02-09,Sun,Ligue 1,Home,W,2.0,0.0,Montpellier,,22.0,6.0,12.0,12.0,1.0,0.0,4.0,0.0,2025,Strasbourg,6
2025-02-09,Sun,Ligue 1,Away,D,2.0,2.0,Auxerre,,7.0,3.0,9.0,11.0,1.0,0.0,1.0,0.0,2025,Toulouse,6
2025-02-14,Fri,Ligue 1,Away,D,2.0,2.0,Brest,,11.0,6.0,12.0,9.0,2.0,0.0,2.0,0.0,2025,Auxerre,4
2025-02-14,Fri,Ligue 1,Home,D,2.0,2.0,Auxerre,,18.0,6.0,9.0,12.0,2.0,0.0,2.0,0.0,2025,Brest,4
2025-02-15,Sat,Ligue 1,Home,W,5.0,1.0,St Etienne,,28.0,14.0,14.0,9.0,1.0,0.0,1.0,0.0,2025,Marseille,5
2025-02-15,Sat,Ligue 1,Home,W,7.0,1.0,Nantes,,22.0,11.0,18.0,9.0,1.0,0.0,1.0,1.0,2025,Monaco,5
2025-02-15,Sat,Ligue 1,Away,L,1.0,7.0,Monaco,,6.0,2.0,9.0,18.0,1.0,1.0,1.0,0.0,2025,Nantes,5
2025-02-15,Sat,Ligue 1,Away,W,1.0,0.0,Toulouse,,20.0,6.0,6.0,9.0,0.0,0.0,2.0,0.0,2025,Paris SG,5
2025-02-15,Sat,Ligue 1,Away,L,1.0,5.0,Marseille,,7.0,2.0,9.0,14.0,1.0,0.0,1.0,0.0,2025,St Etienne,5
2025-02-15,Sat,Ligue 1,Home,L,0.0,1.0,Paris SG,,14.0,4.0,9.0,6.0,2.0,0.0,0.0,0.0,2025,Toulouse,5
2025-02-16,Sun,Ligue 1,Away,W,1.0,0.0,Reims,,10.0,3.0,6.0,13.0,1.0,0.0,2.0,0.0,2025,Angers,6
2025-02-16,Sun,Ligue 1,Home,L,1.0,3.0,Nice,,14.0,4.0,14.0,16.0,2.0,0.0,2.0,1.0,2025,Le Havre,6
2025-02-16,Sun,Ligue 1,Home,L,0.0,2.0,Strasbourg,,7.0,0.0,12.0,15.0,4.0,1.0,2.0,0.0,2025,Lens,6
2025-02-16,Sun,Ligue 1,Away,W,2.0,0.0,Rennes,,18.0,7.0,18.0,9.0,1.0,0.0,2.0,1.0,2025,Lille,6
2025-02-16,Sun,Ligue 1,Away,W,4.0,1.0,Montpellier,,9.0,6.0,12.0,14.0,1.0,0.0,3.0,0.0,2025,Lyon,6
2025-02-16,Sun,Ligue 1,Home,L,1.0,4.0,Lyon,,11.0,4.0,14.0,12.0,3.0,0.0,1.0,0.0,2025,Montpellier,6
2025-02-16,Sun,Ligue 1,Away,W,3.0,1.0,Le Havre,,9.0,3.0,16.0,14.0,2.0,1.0,2.0,0.0,2025,Nice,6
2025-02-16,Sun,Ligue 1,Home,L,0.0,1.0,Angers,,16.0,4.0,13.0,6.0,2.0,0.0,1.0,0.0,2025,Reims,6
2025-02-16,Sun,Ligue 1,Home,L,0.0,2.0,Lille,,4.0,0.0,9.0,18.0,2.0,1.0,1.0,0.0,2025,Rennes,6
2025-02-16,Sun,Ligue 1,Away,W,2.0,0.0,Lens,,13.0,5.0,15.0,12.0,2.0,0.0,4.0,1.0,2025,Strasbourg,6
2025-02-21,Fri,Ligue 1,Away,L,0.0,1.0,Rennes,,3.0,0.0,7.0,15.0,2.0,2.0,1.0,0.0,2025,Reims,4
2025-02-21,Fri,Ligue 1,Home,W,1.0,0.0,Reims,,26.0,5.0,15.0,7.0,1.0,0.0,2.0,2.0,2025,Rennes,4
2025-02-22,Sat,Ligue 1,Away,D,3.0,3.0,St Etienne,,13.0,4.0,16.0,13.0,0.0,0.0,3.0,0.0,2025,Angers,5
2025-02-22,Sat,Ligue 1,Home,W,3.0,0.0,Marseille,,9.0,5.0,9.0,13.0,1.0,0.0,3.0,1.0,2025,Auxerre,5
2025-02-22,Sat,Ligue 1,Home,W,2.0,1.0,Monaco,,9.0,6.0,11.0,18.0,4.0,0.0,2.0,0.0,2025,Lille,5
2025-02-22,Sat,Ligue 1,Away,L,0.0,3.0,Auxerre,,8.0,2.0,13.0,9.0,3.0,1.0,1.0,0.0,2025,Marseille,5
2025-02-22,Sat,Ligue 1,Away,L,1.0,2.0,Lille,,13.0,3.0,18.0,11.0,2.0,0.0,4.0,0.0,2025,Monaco,5
2025-02-22,Sat,Ligue 1,Home,D,3.0,3.0,Angers,,19.0,8.0,13.0,16.0,3.0,0.0,0.0,0.0,2025,St Etienne,5
2025-02-23,Sun,Ligue 1,Away,D,0.0,0.0,Strasbourg,,12.0,2.0,12.0,12.0,1.0,0.0,3.0,0.0,2025,Brest,6
2025-02-23,Sun,Ligue 1,Home,L,1.0,4.0,Toulouse,,11.0,3.0,11.0,13.0,0.0,1.0,2.0,0.0,2025,Le Havre,6
2025-02-23,Sun,Ligue 1,Away,L,1.0,3.0,Nantes,,14.0,4.0,18.0,13.0,4.0,1.0,2.0,0.0,2025,Lens,6
2025-02-23,Sun,Ligue 1,Home,L,2.0,3.0,Paris SG,,14.0,7.0,12.0,8.0,1.0,0.0,1.0,0.0,2025,Lyon,6
2025-02-23,Sun,Ligue 1,Away,L,0.0,2.0,Nice,,13.0,1.0,15.0,17.0,1.0,0.0,1.0,0.0,2025,Montpellier,6
2025-02-23,Sun,Ligue 1,Home,W,3.0,1.0,Lens,,17.0,8.0,13.0,18.0,2.0,0.0,4.0,1.0,2025,Nantes,6
2025-02-23,Sun,Ligue 1,Home,W,2.0,0.0,Montpellier,,16.0,6.0,17.0,15.0,1.0,0.0,1.0,0.0,2025,Nice,6
2025-02-23,Sun,Ligue 1,Away,W,3.0,2.0,Lyon,,15.0,8.0,8.0,12.0,1.0,0.0,1.0,0.0,2025,Paris SG,6
2025-02-23,Sun,Ligue 1,Home,D,0.0,0.0,Brest,,3.0,1.0,12.0,12.0,3.0,0.0,1.0,0.0,2025,Strasbourg,6
2025-02-23,Sun,Ligue 1,Away,W,4.0,1.0,Le Havre,,11.0,5.0,13.0,11.0,2.0,0.0,0.0,1.0,2025,Toulouse,6
2025-02-28,Fri,Ligue 1,Home,W,3.0,0.0,Reims,,23.0,9.0,7.0,7.0,0.0,0.0,0.0,0.0,2025,Monaco,4
2025-02-28,Fri,Ligue 1,Away,L,0.0,3.0,Monaco,,9.0,5.0,7.0,7.0,0.0,0.0,0.0,0.0,2025,Reims,4
2025-03-01,Sat,Ligue 1,Away,W,4.0,3.0,Lens,,8.0,4.0,11.0,12.0,2.0,0.0,2.0,0.0,2025,Le Havre,5
2025-03-01,Sat,Ligue 1,Home,L,3.0,4.0,Le Havre,,20.0,7.0,12.0,11.0,2.0,0.0,2.0,0.0,2025,Lens,5
2025-03-01,Sat,Ligue 1,Away,L,1.0,4.0,Paris SG,,6.0,2.0,10.0,6.0,1.0,0.0,0.0,0.0,2025,Lille,5
2025-03-01,Sat,Ligue 1,Away,W,3.0,1.0,St Etienne,,16.0,9.0,11.0,10.0,1.0,0.0,2.0,0.0,2025,Nice,5
2025-03-01,Sat,Ligue 1,Home,W,4.0,1.0,Lille,,26.0,11.0,6.0,10.0,0.0,0.0,1.0,0.0,2025,Paris SG,5
2025-03-01,Sat,Ligue 1,Home,L,1.0,3.0,Nice,,12.0,3.0,10.0,11.0,2.0,0.0,1.0,0.0,2025,St Etienne,5
2025-03-02,Sun,Ligue 1,Home,L,0.0,4.0,Toulouse,,5.0,1.0,13.0,9.0,3.0,0.0,3.0,0.0,2025,Angers,6
2025-03-02,Sun,Ligue 1,Home,L,0.0,1.0,Strasbourg,,14.0,5.0,10.0,10.0,1.0,0.0,3.0,1.0,2025,Auxerre,6
2025-03-02,Sun,Ligue 1,Away,L,1.0,2.0,Lyon,,15.0,5.0,12.0,16.0,1.0,0.0,2.0,0.0,2025,Brest,6
2025-03-02,Sun,Ligue 1,Home,W,2.0,1.0,Brest,,10.0,4.0,16.0,12.0,2.0,0.0,1.0,0.0,2025,Lyon,6
2025-03-02,Sun,Ligue 1,Home,W,2.0,0.0,Nantes,,21.0,5.0,14.0,15.0,1.0,0.0,2.0,0.0,2025,Marseille,6
2025-03-02,Sun,Ligue 1,Home,L,0.0,4.0,Rennes,,16.0,5.0,15.0,15.0,2.0,0.0,1.0,0.0,2025,Montpellier,6
2025-03-02,Sun,Ligue 1,Away,L,0.0,2.0,Marseille,,8.0,2.0,15.0,14.0,2.0,0.0,1.0,0.0,2025,Nantes,6
2025-03-02,Sun,Ligue 1,Away,W,4.0,0.0,Montpellier,,15.0,9.0,15.0,15.0,1.0,0.0,2.0,0.0,2025,Rennes,6
2025-03-02,Sun,Ligue 1,Away,W,1.0,0.0,Auxerre,,6.0,3.0,10.0,10.0,3.0,1.0,1.0,0.0,2025,Strasbourg,6
2025-03-02,Sun,Ligue 1,Away,W,4.0,0.0,Angers,,19.0,13.0,9.0,13.0,3.0,0.0,3.0,0.0,2025,Toulouse,6
2025-03-07,Fri,Ligue 1,Away,D,1.0,1.0,Toulouse,,13.0,3.0,17.0,16.0,3.0,0.0,1.0,0.0,2025,Monaco,4
2025-03-07,Fri,Ligue 1,Home,D,1.0,1.0,Monaco,,8.0,3.0,16.0,17.0,1.0,0.0,3.0,0.0,2025,Toulouse,4
2025-03-08,Sat,Ligue 1,Away,W,1.0,0.0,Marseille,,3.0,2.0,12.0,15.0,1.0,0.0,3.0,0.0,2025,Lens,5
2025-03-08,Sat,Ligue 1,Home,W,1.0,0.0,Montpellier,,18.0,8.0,11.0,12.0,2.0,0.0,3.0,0.0,2025,Lille,5
2025-03-08,Sat,Ligue 1,Home,L,0.0,1.0,Lens,,15.0,6.0,15.0,12.0,3.0,0.0,1.0,0.0,2025,Marseille,5
2025-03-08,Sat,Ligue 1,Away,L,0.0,1.0,Lille,,10.0,3.0,12.0,11.0,3.0,0.0,2.0,0.0,2025,Montpellier,5
2025-03-08,Sat,Ligue 1,Away,W,4.0,1.0,Rennes,,19.0,9.0,6.0,11.0,3.0,0.0,2.0,0.0,2025,Paris SG,5
2025-03-08,Sat,Ligue 1,Home,L,1.0,4.0,Paris SG,,13.0,3.0,11.0,6.0,2.0,0.0,3.0,0.0,2025,Rennes,5
2025-03-09,Sun,Ligue 1,Away,L,0.0,2.0,Brest,,7.0,1.0,8.0,14.0,1.0,0.0,1.0,0.0,2025,Angers,6
2025-03-09,Sun,Ligue 1,Away,W,2.0,0.0,Reims,,13.0,9.0,13.0,9.0,1.0,0.0,1.0,0.0,2025,Auxerre,6
2025-03-09,Sun,Ligue 1,Home,W,2.0,0.0,Angers,,19.0,7.0,14.0,8.0,1.0,0.0,1.0,0.0,2025,Brest,6
2025-03-09,Sun,Ligue 1,Home,D,1.0,1.0,St Etienne,,13.0,7.0,9.0,17.0,2.0,0.0,3.0,0.0,2025,Le Havre,6
2025-03-09,Sun,Ligue 1,Away,W,2.0,0.0,Nice,,8.0,5.0,11.0,12.0,2.0,0.0,1.0,0.0,2025,Lyon,6
2025-03-09,Sun,Ligue 1,Home,L,0.0,1.0,Strasbourg,,11.0,2.0,12.0,17.0,1.0,0.0,1.0,0.0,2025,Nantes,6
2025-03-09,Sun,Ligue 1,Home,L,0.0,2.0,Lyon,,18.0,4.0,12.0,11.0,1.0,0.0,2.0,0.0,2025,Nice,6
2025-03-09,Sun,Ligue 1,Home,L,0.0,2.0,Auxerre,,18.0,4.0,9.0,13.0,1.0,0.0,1.0,0.0,2025,Reims,6
2025-03-09,Sun,Ligue 1,Away,D,1.0,1.0,Le Havre,,12.0,3.0,17.0,9.0,3.0,0.0,2.0,0.0,2025,St Etienne,6
2025-03-09,Sun,Ligue 1,Away,W,1.0,0.0,Nantes,,9.0,1.0,17.0,12.0,1.0,0.0,1.0,0.0,2025,Strasbourg,6
2025-03-14,Fri,Ligue 1,Away,D,1.0,1.0,Nice,,10.0,4.0,18.0,14.0,3.0,0.0,1.0,1.0,2025,Auxerre,4
2025-03-14,Fri,Ligue 1,Home,D,1.0,1.0,Auxerre,,20.0,6.0,14.0,18.0,1.0,1.0,3.0,0.0,2025,Nice,4
2025-03-15,Sat,Ligue 1,Home,L,0.0,2.0,Monaco,,6.0,2.0,12.0,11.0,1.0,0.0,2.0,0.0,2025,Angers,5
2025-03-15,Sat,Ligue 1,Home,W,1.0,0.0,Rennes,,9.0,4.0,17.0,14.0,1.0,0.0,1.0,0.0,2025,Lens,5
2025-03-15,Sat,Ligue 1,Away,L,0.0,1.0,Nantes,,13.0,4.0,15.0,9.0,3.0,0.0,2.0,1.0,2025,Lille,5
2025-03-15,Sat,Ligue 1,Away,W,2.0,0.0,Angers,,16.0,5.0,11.0,12.0,2.0,0.0,1.0,0.0,2025,Monaco,5
2025-03-15,Sat,Ligue 1,Home,W,1.0,0.0,Lille,,10.0,3.0,9.0,15.0,2.0,1.0,3.0,0.0,2025,Nantes,5
2025-03-15,Sat,Ligue 1,Away,L,0.0,1.0,Lens,,12.0,5.0,14.0,17.0,1.0,0.0,1.0,0.0,2025,Rennes,5
2025-03-16,Sun,Ligue 1,Home,D,0.0,0.0,Reims,,11.0,0.0,9.0,13.0,1.0,1.0,3.0,0.0,2025,Brest,6
2025-03-16,Sun,Ligue 1,Away,L,2.0,4.0,Lyon,,14.0,5.0,12.0,20.0,3.0,0.0,2.0,0.0,2025,Le Havre,6
2025-03-16,Sun,Ligue 1,Home,W,4.0,2.0,Le Havre,,16.0,7.0,20.0,12.0,2.0,0.0,3.0,0.0,2025,Lyon,6
2025-03-16,Sun,Ligue 1,Away,L,1.0,3.0,Paris SG,,11.0,2.0,9.0,7.0,0.0,0.0,1.0,0.0,2025,Marseille,6
2025-03-16,Sun,Ligue 1,Home,L,0.0,2.0,St Etienne,,13.0,3.0,4.0,7.0,1.0,0.0,3.0,1.0,2025,Montpellier,6
2025-03-16,Sun,Ligue 1,Home,W,3.0,1.0,Marseille,,16.0,5.0,7.0,9.0,1.0,0.0,0.0,0.0,2025,Paris SG,6
2025-03-16,Sun,Ligue 1,Away,D,0.0,0.0,Brest,,12.0,2.0,13.0,9.0,3.0,0.0,1.0,1.0,2025,Reims,6
2025-03-16,Sun,Ligue 1,Away,W,2.0,0.0,Montpellier,,11.0,6.0,7.0,4.0,3.0,1.0,1.0,0.0,2025,St Etienne,6
2025-03-16,Sun,Ligue 1,Home,W,2.0,1.0,Toulouse,,10.0,3.0,10.0,14.0,0.0,0.0,2.0,0.0,2025,Strasbourg,6
2025-03-16,Sun,Ligue 1,Away,L,1.0,2.0,Strasbourg,,11.0,7.0,14.0,10.0,2.0,0.0,0.0,0.0,2025,Toulouse,6
2025-03-28,Fri,Ligue 1,Away,L,2.0,4.0,Strasbourg,,16.0,11.0,15.0,12.0,2.0,0.0,2.0,0.0,2025,Lyon,4
2025-03-28,Fri,Ligue 1,Home,W,4.0,2.0,Lyon,,14.0,7.0,12.0,15.0,2.0,0.0,2.0,0.0,2025,Strasbourg,4
2025-03-29,Sat,Ligue 1,Away,L,1.0,3.0,Reims,,20.0,8.0,9.0,6.0,0.0,0.0,0.0,0.0,2025,Marseille,5
2025-03-29,Sat,Ligue 1,Home,W,2.0,1.0,Nice,,17.0,6.0,17.0,14.0,2.0,0.0,4.0,1.0,2025,Monaco,5
2025-03-29,Sat,Ligue 1,Away,L,1.0,2.0,Monaco,,9.0,4.0,14.0,17.0,4.0,1.0,2.0,0.0,2025,Nice,5
2025-03-29,Sat,Ligue 1,Away,W,6.0,1.0,St Etienne,,22.0,10.0,12.0,9.0,0.0,0.0,2.0,0.0,2025,Paris SG,5
2025-03-29,Sat,Ligue 1,Home,W,3.0,1.0,Marseille,,7.0,5.0,6.0,9.0,0.0,0.0,0.0,0.0,2025,Reims,5
2025-03-29,Sat,Ligue 1,Home,L,1.0,6.0,Paris SG,,11.0,2.0,9.0,12.0,2.0,0.0,0.0,0.0,2025,St Etienne,5
2025-03-30,Sun,Ligue 1,Home,L,0.0,3.0,Rennes,,9.0,4.0,10.0,16.0,1.0,0.0,0.0,0.0,2025,Angers,6
2025-03-30,Sun,Ligue 1,Home,W,1.0,0.0,Montpellier,,21.0,6.0,14.0,14.0,3.0,0.0,1.0,0.0,2025,Auxerre,6
2025-03-30,Sun,Ligue 1,Away,W,4.0,2.0,Toulouse,,10.0,5.0,18.0,10.0,5.0,0.0,0.0,0.0,2025,Brest,6
2025-03-30,Sun,Ligue 1,Home,W,3.0,2.0,Nantes,,16.0,5.0,16.0,9.0,1.0,0.0,2.0,0.0,2025,Le Havre,6
2025-03-30,Sun,Ligue 1,Away,L,0.0,1.0,Lille,,5.0,2.0,15.0,13.0,3.0,0.0,1.0,0.0,2025,Lens,6
2025-03-30,Sun,Ligue 1,Home,W,1.0,0.0,Lens,,11.0,5.0,13.0,15.0,1.0,0.0,3.0,0.0,2025,Lille,6
2025-03-30,Sun,Ligue 1,Away,L,0.0,1.0,Auxerre,,12.0,1.0,14.0,14.0,1.0,0.0,3.0,0.0,2025,Montpellier,6
2025-03-30,Sun,Ligue 1,Away,L,2.0,3.0,Le Havre,,7.0,2.0,9.0,16.0,2.0,0.0,1.0,0.0,2025,Nantes,6
2025-03-30,Sun,Ligue 1,Away,W,3.0,0.0,Angers,,14.0,6.0,16.0,10.0,0.0,0.0,1.0,0.0,2025,Rennes,6
2025-03-30,Sun,Ligue 1,Home,L,2.0,4.0,Brest,,17.0,4.0,10.0,18.0,0.0,0.0,5.0,0.0,2025,Toulouse,6
2025-04-04,Fri,Ligue 1,Away,W,2.0,1.0,Nice,,8.0,4.0,14.0,9.0,1.0,0.0,1.0,0.0,2025,Nantes,4
2025-04-04,Fri,Ligue 1,Home,L,1.0,2.0,Nantes,,21.0,9.0,9.0,14.0,1.0,0.0,1.0,0.0,2025,Nice,4
2025-04-05,Sat,Ligue 1,Away,L,0.0,1.0,Paris SG,,5.0,0.0,12.0,7.0,3.0,0.0,0.0,0.0,2025,Angers,5
2025-04-05,Sat,Ligue 1,Home,W,2.0,1.0,Monaco,,13.0,4.0,13.0,16.0,3.0,0.0,2.0,0.0,2025,Brest,5
2025-04-05,Sat,Ligue 1,Away,L,1.0,2.0,Lyon,,10.0,4.0,14.0,15.0,2.0,0.0,3.0,0.0,2025,Lille,5
2025-04-05,Sat,Ligue 1,Home,W,2.0,1.0,Lille,,10.0,4.0,15.0,14.0,3.0,0.0,2.0,0.0,2025,Lyon,5
2025-04-05,Sat,Ligue 1,Away,L,1.0,2.0,Brest,,10.0,3.0,16.0,13.0,2.0,0.0,3.0,0.0,2025,Monaco,5
2025-04-05,Sat,Ligue 1,Home,W,1.0,0.0,Angers,,20.0,6.0,7.0,12.0,0.0,0.0,3.0,0.0,2025,Paris SG,5
2025-04-06,Sun,Ligue 1,Away,W,1.0,0.0,Rennes,,11.0,3.0,5.0,10.0,0.0,0.0,0.0,0.0,2025,Auxerre,6
2025-04-06,Sun,Ligue 1,Away,W,2.0,0.0,Montpellier,,13.0,4.0,7.0,15.0,1.0,0.0,1.0,1.0,2025,Le Havre,6
2025-04-06,Sun,Ligue 1,Home,W,1.0,0.0,St Etienne,,20.0,5.0,14.0,20.0,3.0,0.0,2.0,0.0,2025,Lens,6
2025-04-06,Sun,Ligue 1,Home,W,3.0,2.0,Toulouse,,9.0,4.0,11.0,15.0,2.0,0.0,3.0,0.0,2025,Marseille,6
2025-04-06,Sun,Ligue 1,Home,L,0.0,2.0,Le Havre,,14.0,6.0,15.0,7.0,1.0,1.0,1.0,0.0,2025,Montpellier,6
2025-04-06,Sun,Ligue 1,Home,L,0.0,1.0,Strasbourg,,14.0,7.0,11.0,9.0,2.0,1.0,2.0,1.0,2025,Reims,6
2025-04-06,Sun,Ligue 1,Home,L,0.0,1.0,Auxerre,,18.0,5.0,10.0,5.0,0.0,0.0,0.0,0.0,2025,Rennes,6
2025-04-06,Sun,Ligue 1,Away,L,0.0,1.0,Lens,,8.0,3.0,20.0,14.0,2.0,0.0,3.0,0.0,2025,St Etienne,6
2025-04-06,Sun,Ligue 1,Away,W,1.0,0.0,Reims,,13.0,4.0,9.0,11.0,2.0,1.0,2.0,1.0,2025,Strasbourg,6
2025-04-06,Sun,Ligue 1,Away,L,2.0,3.0,Marseille,,8.0,3.0,15.0,11.0,3.0,0.0,2.0,0.0,2025,Toulouse,6
2025-04-11,Fri,Ligue 1,Home,L,0.0,2.0,Reims,,37.0,14.0,9.0,7.0,1.0,0.0,0.0,0.0,2025,Lens,4
2025-04-11,Fri,Ligue 1,Away,W,2.0,0.0,Lens,,10.0,2.0,7.0,9.0,0.0,0.0,1.0,0.0,2025,Reims,4
2025-04-12,Sat,Ligue 1,Away,W,2.0,1.0,Toulouse,,6.0,3.0,11.0,15.0,2.0,0.0,1.0,0.0,2025,Lille,5
2025-04-12,Sat,Ligue 1,Away,L,0.0,3.0,Monaco,,8.0,4.0,18.0,6.0,1.0,0.0,2.0,0.0,2025,Marseille,5
2025-04-12,Sat,Ligue 1,Home,W,3.0,0.0,Marseille,,15.0,10.0,6.0,18.0,2.0,0.0,1.0,0.0,2025,Monaco,5
2025-04-12,Sat,Ligue 1,Away,D,2.0,2.0,Strasbourg,,23.0,6.0,8.0,5.0,2.0,0.0,1.0,0.0,2025,Nice,5
2025-04-12,Sat,Ligue 1,Home,D,2.0,2.0,Nice,,11.0,4.0,5.0,8.0,1.0,0.0,2.0,0.0,2025,Strasbourg,5
2025-04-12,Sat,Ligue 1,Home,L,1.0,2.0,Lille,,10.0,5.0,15.0,11.0,1.0,0.0,2.0,0.0,2025,Toulouse,5
2025-04-13,Sun,Ligue 1,Home,W,2.0,0.0,Montpellier,,10.0,4.0,12.0,13.0,0.0,0.0,2.0,0.0,2025,Angers,6
2025-04-13,Sun,Ligue 1,Home,L,1.0,3.0,Lyon,,14.0,3.0,11.0,9.0,3.0,0.0,1.0,0.0,2025,Auxerre,6
2025-04-13,Sun,Ligue 1,Away,D,3.0,3.0,St Etienne,,14.0,6.0,18.0,21.0,4.0,0.0,2.0,0.0,2025,Brest,6
2025-04-13,Sun,Ligue 1,Home,L,1.0,5.0,Rennes,,11.0,2.0,16.0,11.0,2.0,0.0,3.0,0.0,2025,Le Havre,6
2025-04-13,Sun,Ligue 1,Away,W,3.0,1.0,Auxerre,,13.0,7.0,9.0,11.0,1.0,0.0,3.0,0.0,2025,Lyon,6
2025-04-13,Sun,Ligue 1,Away,L,0.0,2.0,Angers,,4.0,1.0,13.0,12.0,2.0,0.0,0.0,0.0,2025,Montpellier,6
2025-04-13,Sun,Ligue 1,Away,W,5.0,1.0,Le Havre,,10.0,6.0,11.0,16.0,3.0,0.0,2.0,0.0,2025,Rennes,6
2025-04-13,Sun,Ligue 1,Home,D,3.0,3.0,Brest,,9.0,4.0,21.0,18.0,2.0,0.0,4.0,0.0,2025,St Etienne,6
2025-04-18,Fri,Ligue 1,Away,L,1.0,2.0,Rennes,,4.0,1.0,13.0,24.0,5.0,1.0,3.0,0.0,2025,Nantes,4
2025-04-18,Fri,Ligue 1,Home,W,2.0,1.0,Nantes,,19.0,5.0,24.0,13.0,3.0,0.0,5.0,1.0,2025,Rennes,4
2025-04-19,Sat,Ligue 1,Away,L,1.0,2.0,Paris SG,,9.0,1.0,10.0,7.0,0.0,0.0,0.0,0.0,2025,Le Havre,5
2025-04-19,Sat,Ligue 1,Home,W,5.0,1.0,Montpellier,,18.0,8.0,11.0,11.0,2.0,0.0,2.0,0.0,2025,Marseille,5
2025-04-19,Sat,Ligue 1,Home,D,0.0,0.0,Strasbourg,,12.0,4.0,18.0,10.0,3.0,0.0,3.0,0.0,2025,Monaco,5
2025-04-19,Sat,Ligue 1,Away,L,1.0,5.0,Marseille,,6.0,1.0,11.0,11.0,2.0,0.0,2.0,0.0,2025,Montpellier,5
2025-04-19,Sat,Ligue 1,Home,W,2.0,1.0,Le Havre,,18.0,11.0,7.0,10.0,0.0,0.0,0.0,0.0,2025,Paris SG,5
2025-04-19,Sat,Ligue 1,Away,D,0.0,0.0,Monaco,,5.0,2.0,10.0,18.0,3.0,0.0,3.0,0.0,2025,Strasbourg,5
2025-04-20,Sun,Ligue 1,Away,L,1.0,2.0,Nice,,5.0,2.0,8.0,10.0,1.0,0.0,1.0,0.0,2025,Angers,6
2025-04-20,Sun,Ligue 1,Away,L,1.0,3.0,Lille,,7.0,3.0,13.0,8.0,2.0,0.0,1.0,0.0,2025,Auxerre,6
2025-04-20,Sun,Ligue 1,Home,L,1.0,3.0,Lens,,11.0,5.0,11.0,11.0,0.0,1.0,0.0,0.0,2025,Brest,6
2025-04-20,Sun,Ligue 1,Away,W,3.0,1.0,Brest,,17.0,9.0,11.0,11.0,0.0,0.0,0.0,1.0,2025,Lens,6
2025-04-20,Sun,Ligue 1,Home,W,3.0,1.0,Auxerre,,15.0,9.0,8.0,13.0,1.0,0.0,2.0,0.0,2025,Lille,6
2025-04-20,Sun,Ligue 1,Away,L,1.0,2.0,St Etienne,,14.0,2.0,13.0,12.0,4.0,0.0,3.0,0.0,2025,Lyon,6
2025-04-20,Sun,Ligue 1,Home,W,2.0,1.0,Angers,,22.0,8.0,10.0,8.0,1.0,0.0,1.0,0.0,2025,Nice,6
2025-04-20,Sun,Ligue 1,Home,W,1.0,0.0,Toulouse,,8.0,2.0,11.0,12.0,1.0,0.0,0.0,1.0,2025,Reims,6
2025-04-20,Sun,Ligue 1,Home,W,2.0,1.0,Lyon,,18.0,6.0,12.0,13.0,3.0,0.0,4.0,0.0,2025,St Etienne,6
2025-04-20,Sun,Ligue 1,Away,L,0.0,1.0,Reims,,18.0,6.0,12.0,11.0,0.0,1.0,1.0,0.0,2025,Toulouse,6
2025-04-22,Tue,Ligue 1,Home,D,1.0,1.0,Paris SG,,8.0,2.0,5.0,9.0,2.0,0.0,0.0,0.0,2025,Nantes,1
2025-04-22,Tue,Ligue 1,Away,D,1.0,1.0,Nantes,,10.0,5.0,9.0,5.0,0.0,0.0,2.0,0.0,2025,Paris SG,1
2025-04-25,Fri,Ligue 1,Away,W,3.0,1.0,Paris SG,,7.0,3.0,11.0,9.0,1.0,0.0,3.0,0.0,2025,Nice,4
2025-04-25,Fri,Ligue 1,Home,L,1.0,3.0,Nice,,32.0,13.0,9.0,11.0,3.0,0.0,1.0,0.0,2025,Paris SG,4
2025-04-26,Sat,Ligue 1,Home,D,1.0,1.0,Monaco,,9.0,3.0,12.0,13.0,1.0,0.0,0.0,0.0,2025,Le Havre,5
2025-04-26,Sat,Ligue 1,Home,W,4.0,1.0,Rennes,,14.0,8.0,12.0,9.0,0.0,0.0,0.0,0.0,2025,Lyon,5
2025-04-26,Sat,Ligue 1,Away,D,1.0,1.0,Le Havre,,19.0,7.0,13.0,12.0,0.0,0.0,1.0,0.0,2025,Monaco,5
2025-04-26,Sat,Ligue 1,Away,L,1.0,4.0,Lyon,,10.0,4.0,9.0,12.0,0.0,0.0,0.0,0.0,2025,Rennes,5
2025-04-26,Sat,Ligue 1,Away,L,1.0,3.0,Strasbourg,,17.0,6.0,7.0,10.0,0.0,0.0,1.0,0.0,2025,St Etienne,5
2025-04-26,Sat,Ligue 1,Home,W,3.0,1.0,St Etienne,,18.0,7.0,10.0,7.0,1.0,0.0,0.0,0.0,2025,Strasbourg,5
2025-04-27,Sun,Ligue 1,Home,L,0.0,2.0,Lille,,6.0,3.0,17.0,10.0,1.0,0.0,5.0,1.0,2025,Angers,6
2025-04-27,Sun,Ligue 1,Away,W,4.0,0.0,Lens,,12.0,8.0,13.0,12.0,4.0,0.0,4.0,1.0,2025,Auxerre,6
2025-04-27,Sun,Ligue 1,Away,L,1.0,4.0,Marseille,,9.0,4.0,16.0,14.0,4.0,0.0,1.0,0.0,2025,Brest,6
2025-04-27,Sun,Ligue 1,Home,L,0.0,4.0,Auxerre,,16.0,5.0,12.0,13.0,4.0,1.0,4.0,0.0,2025,Lens,6
2025-04-27,Sun,Ligue 1,Away,W,2.0,0.0,Angers,,9.0,5.0,10.0,17.0,5.0,1.0,1.0,0.0,2025,Lille,6
2025-04-27,Sun,Ligue 1,Home,W,4.0,1.0,Brest,,11.0,7.0,14.0,16.0,1.0,0.0,4.0,0.0,2025,Marseille,6
2025-04-27,Sun,Ligue 1,Home,D,0.0,0.0,Reims,,12.0,2.0,17.0,13.0,3.0,0.0,3.0,0.0,2025,Montpellier,6
2025-04-27,Sun,Ligue 1,Home,D,0.0,0.0,Toulouse,,11.0,3.0,13.0,11.0,2.0,0.0,3.0,1.0,2025,Nantes,6
2025-04-27,Sun,Ligue 1,Away,D,0.0,0.0,Montpellier,,8.0,3.0,13.0,17.0,3.0,0.0,3.0,0.0,2025,Reims,6
2025-04-27,Sun,Ligue 1,Away,D,0.0,0.0,Nantes,,6.0,3.0,11.0,13.0,3.0,1.0,2.0,0.0,2025,Toulouse,6
2025-05-02,Fri,Ligue 1,Home,W,1.0,0.0,Reims,,8.0,2.0,14.0,21.0,2.0,0.0,2.0,0.0,2025,Nice,4
2025-05-02,Fri,Ligue 1,Away,L,0.0,1.0,Nice,,16.0,3.0,21.0,14.0,2.0,0.0,2.0,0.0,2025,Reims,4
2025-05-03,Sat,Ligue 1,Away,W,3.0,1.0,St Etienne,,12.0,6.0,12.0,15.0,0.0,0.0,0.0,0.0,2025,Monaco,5
2025-05-03,Sat,Ligue 1,Away,L,1.0,2.0,Strasbourg,,20.0,4.0,13.0,14.0,2.0,0.0,1.0,0.0,2025,Paris SG,5
2025-05-03,Sat,Ligue 1,Away,L,1.0,2.0,Toulouse,,15.0,6.0,15.0,7.0,2.0,0.0,2.0,0.0,2025,Rennes,5
2025-05-03,Sat,Ligue 1,Home,L,1.0,3.0,Monaco,,11.0,1.0,15.0,12.0,0.0,0.0,0.0,0.0,2025,St Etienne,5
2025-05-03,Sat,Ligue 1,Home,W,2.0,1.0,Paris SG,,9.0,2.0,14.0,13.0,1.0,0.0,2.0,0.0,2025,Strasbourg,5
2025-05-03,Sat,Ligue 1,Home,W,2.0,1.0,Rennes,,9.0,3.0,7.0,15.0,2.0,0.0,2.0,0.0,2025,Toulouse,5
2025-05-04,Sun,Ligue 1,Away,W,1.0,0.0,Nantes,,14.0,2.0,16.0,12.0,3.0,0.0,2.0,0.0,2025,Angers,6
2025-05-04,Sun,Ligue 1,Home,L,1.0,2.0,Le Havre,,4.0,1.0,11.0,10.0,2.0,0.0,1.0,0.0,2025,Auxerre,6
2025-05-04,Sun,Ligue 1,Home,W,1.0,0.0,Montpellier,,16.0,5.0,14.0,18.0,1.0,0.0,2.0,0.0,2025,Brest,6
2025-05-04,Sun,Ligue 1,Away,W,2.0,1.0,Auxerre,,11.0,5.0,10.0,11.0,1.0,0.0,2.0,0.0,2025,Le Havre,6
2025-05-04,Sun,Ligue 1,Away,W,2.0,1.0,Lyon,,8.0,3.0,12.0,8.0,3.0,0.0,2.0,0.0,2025,Lens,6
2025-05-04,Sun,Ligue 1,Home,D,1.0,1.0,Marseille,,5.0,1.0,9.0,8.0,2.0,0.0,2.0,0.0,2025,Lille,6
2025-05-04,Sun,Ligue 1,Home,L,1.0,2.0,Lens,,18.0,4.0,8.0,12.0,2.0,0.0,3.0,0.0,2025,Lyon,6
2025-05-04,Sun,Ligue 1,Away,D,1.0,1.0,Lille,,13.0,6.0,8.0,9.0,2.0,0.0,2.0,0.0,2025,Marseille,6
2025-05-04,Sun,Ligue 1,Away,L,0.0,1.0,Brest,,6.0,1.0,18.0,14.0,2.0,0.0,1.0,0.0,2025,Montpellier,6
2025-05-04,Sun,Ligue 1,Home,L,0.0,1.0,Angers,,8.0,3.0,12.0,16.0,2.0,0.0,3.0,0.0,2025,Nantes,6
2025-05-10,Sat,Ligue 1,Home,W,2.0,1.0,Strasbourg,,5.0,2.0,6.0,10.0,2.0,0.0,2.0,0.0,2025,Angers,5
2025-05-10,Sat,Ligue 1,Home,D,1.0,1.0,Nantes,,9.0,3.0,15.0,16.0,3.0,0.0,1.0,0.0,2025,Auxerre,5
2025-05-10,Sat,Ligue 1,Home,W,2.0,0.0,Lille,,12.0,4.0,6.0,14.0,1.0,0.0,1.0,0.0,2025,Brest,5
2025-05-10,Sat,Ligue 1,Home,L,1.0,3.0,Marseille,,10.0,4.0,12.0,12.0,2.0,0.0,2.0,0.0,2025,Le Havre,5
2025-05-10,Sat,Ligue 1,Away,D,1.0,1.0,Toulouse,,12.0,2.0,12.0,17.0,5.0,0.0,2.0,0.0,2025,Lens,5
2025-05-10,Sat,Ligue 1,Away,L,0.0,2.0,Brest,,18.0,2.0,14.0,6.0,1.0,0.0,1.0,0.0,2025,Lille,5
2025-05-10,Sat,Ligue 1,Away,L,0.0,2.0,Monaco,,9.0,4.0,18.0,16.0,4.0,0.0,2.0,0.0,2025,Lyon,5
2025-05-10,Sat,Ligue 1,Away,W,3.0,1.0,Le Havre,,22.0,5.0,12.0,12.0,2.0,0.0,2.0,0.0,2025,Marseille,5
2025-05-10,Sat,Ligue 1,Home,W,2.0,0.0,Lyon,,11.0,5.0,16.0,18.0,2.0,0.0,4.0,0.0,2025,Monaco,5
2025-05-10,Sat,Ligue 1,Home,L,1.0,4.0,Paris SG,,9.0,4.0,14.0,11.0,1.0,0.0,1.0,0.0,2025,Montpellier,5
2025-05-10,Sat,Ligue 1,Away,D,1.0,1.0,Auxerre,,7.0,2.0,16.0,15.0,1.0,0.0,3.0,0.0,2025,Nantes,5
2025-05-10,Sat,Ligue 1,Away,L,0.0,2.0,Rennes,,14.0,6.0,13.0,5.0,1.0,0.0,1.0,0.0,2025,Nice,5
2025-05-10,Sat,Ligue 1,Away,W,4.0,1.0,Montpellier,,10.0,8.0,11.0,14.0,1.0,0.0,1.0,0.0,2025,Paris SG,5
2025-05-10,Sat,Ligue 1,Home,L,0.0,2.0,St Etienne,,19.0,3.0,13.0,12.0,1.0,0.0,0.0,0.0,2025,Reims,5
2025-05-10,Sat,Ligue 1,Home,W,2.0,0.0,Nice,,10.0,4.0,5.0,13.0,1.0,0.0,1.0,0.0,2025,Rennes,5
2025-05-10,Sat,Ligue 1,Away,W,2.0,0.0,Reims,,9.0,4.0,12.0,13.0,0.0,0.0,1.0,0.0,2025,St Etienne,5
2025-05-10,Sat,Ligue 1,Away,L,1.0,2.0,Angers,,15.0,3.0,10.0,6.0,2.0,0.0,2.0,0.0,2025,Strasbourg,5
2025-05-10,Sat,Ligue 1,Home,D,1.0,1.0,Lens,,9.0,6.0,17.0,12.0,2.0,0.0,5.0,0.0,2025,Toulouse,5
2025-05-17,Sat,Ligue 1,Away,L,0.0,2.0,Lyon,,13.0,3.0,13.0,10.0,3.0,0.0,1.0,0.0,2025,Angers,5
2025-05-17,Sat,Ligue 1,Away,L,1.0,3.0,Paris SG,,7.0,2.0,9.0,10.0,2.0,0.0,1.0,0.0,2025,Auxerre,5
2025-05-17,Sat,Ligue 1,Away,L,0.0,6.0,Nice,,10.0,1.0,12.0,13.0,5.0,0.0,0.0,0.0,2025,Brest,5
2025-05-17,Sat,Ligue 1,Away,W,3.0,2.0,Strasbourg,,10.0,5.0,8.0,18.0,0.0,0.0,2.0,1.0,2025,Le Havre,5
2025-05-17,Sat,Ligue 1,Home,W,4.0,0.0,Monaco,,15.0,5.0,14.0,9.0,1.0,0.0,1.0,1.0,2025,Lens,5
2025-05-17,Sat,Ligue 1,Home,W,2.0,1.0,Reims,,21.0,5.0,11.0,7.0,0.0,0.0,1.0,0.0,2025,Lille,5
2025-05-17,Sat,Ligue 1,Home,W,2.0,0.0,Angers,,21.0,4.0,10.0,13.0,1.0,0.0,3.0,0.0,2025,Lyon,5
2025-05-17,Sat,Ligue 1,Home,W,4.0,2.0,Rennes,,17.0,10.0,8.0,12.0,3.0,0.0,3.0,0.0,2025,Marseille,5
2025-05-17,Sat,Ligue 1,Away,L,0.0,4.0,Lens,,6.0,4.0,9.0,14.0,1.0,1.0,1.0,0.0,2025,Monaco,5
2025-05-17,Sat,Ligue 1,Away,L,0.0,3.0,Nantes,,9.0,0.0,9.0,14.0,1.0,0.0,3.0,0.0,2025,Montpellier,5
2025-05-17,Sat,Ligue 1,Home,W,3.0,0.0,Montpellier,,18.0,6.0,14.0,9.0,3.0,0.0,1.0,0.0,2025,Nantes,5
2025-05-17,Sat,Ligue 1,Home,W,6.0,0.0,Brest,,18.0,9.0,13.0,12.0,0.0,0.0,5.0,0.0,2025,Nice,5
2025-05-17,Sat,Ligue 1,Home,W,3.0,1.0,Auxerre,,21.0,9.0,10.0,9.0,1.0,0.0,2.0,0.0,2025,Paris SG,5
2025-05-17,Sat,Ligue 1,Away,L,1.0,2.0,Lille,,5.0,2.0,7.0,11.0,1.0,0.0,0.0,0.0,2025,Reims,5
2025-05-17,Sat,Ligue 1,Away,L,2.0,4.0,Marseille,,9.0,3.0,12.0,8.0,3.0,0.0,3.0,0.0,2025,Rennes,5
2025-05-17,Sat,Ligue 1,Home,L,2.0,3.0,Toulouse,,18.0,7.0,10.0,7.0,3.0,0.0,2.0,0.0,2025,St Etienne,5
2025-05-17,Sat,Ligue 1,Home,L,2.0,3.0,Le Havre,,6.0,4.0,18.0,8.0,2.0,1.0,0.0,0.0,2025,Strasbourg,5
2025-05-17,Sat,Ligue 1,Away,W,3.0,2.0,St Etienne,,17.0,9.0,7.0,10.0,2.0,0.0,3.0,0.0,2025,Toulouse,5
