date,day,comp,venue,result,gf,ga,opponent,referee,sh,sot,foul_comm,foul_rec,yc_rec,rc_rec,yc_opp,rc_opp,season,team,day_code
2020-09-12,Sat,LaLiga,Away,L,0.0,2.0,Granada,,9.0,2.0,10.0,8.0,4.0,0.0,3.0,0.0,2021,Ath Bilbao,5
2020-09-12,Sat,LaLiga,Home,L,0.0,2.0,Osasuna,,12.0,3.0,14.0,21.0,2.0,0.0,2.0,0.0,2021,Cadiz,5
2020-09-12,Sat,LaLiga,Away,D,0.0,0.0,Eibar,,6.0,3.0,13.0,17.0,4.0,0.0,4.0,1.0,2021,Celta,5
2020-09-12,Sat,LaLiga,Home,D,0.0,0.0,Celta,,8.0,1.0,17.0,13.0,4.0,1.0,4.0,0.0,2021,Eibar,5
2020-09-12,Sat,LaLiga,Home,W,2.0,0.0,Ath Bilbao,,4.0,2.0,8.0,10.0,3.0,0.0,4.0,0.0,2021,Granada,5
2020-09-12,Sat,LaLiga,Away,W,2.0,0.0,Cadiz,,6.0,4.0,21.0,14.0,2.0,0.0,2.0,0.0,2021,Osasuna,5
2020-09-13,Sun,LaLiga,Home,L,0.0,1.0,Betis,,7.0,2.0,19.0,17.0,3.0,0.0,3.0,0.0,2021,Alaves,6
2020-09-13,Sun,LaLiga,Away,W,1.0,0.0,Alaves,,11.0,4.0,17.0,19.0,3.0,0.0,3.0,0.0,2021,Betis,6
2020-09-13,Sun,LaLiga,Away,D,1.0,1.0,Villarreal,,10.0,3.0,22.0,10.0,1.0,0.0,1.0,0.0,2021,Huesca,6
2020-09-13,Sun,LaLiga,Away,L,2.0,4.0,Valencia,,19.0,8.0,14.0,9.0,3.0,0.0,1.0,0.0,2021,Levante,6
2020-09-13,Sun,LaLiga,Away,D,1.0,1.0,Valladolid,,8.0,2.0,17.0,15.0,1.0,0.0,4.0,0.0,2021,Sociedad,6
2020-09-13,Sun,LaLiga,Home,W,4.0,2.0,Levante,,14.0,8.0,9.0,14.0,1.0,0.0,3.0,0.0,2021,Valencia,6
2020-09-13,Sun,LaLiga,Home,D,1.0,1.0,Sociedad,,8.0,3.0,15.0,17.0,4.0,0.0,1.0,0.0,2021,Valladolid,6
2020-09-13,Sun,LaLiga,Home,D,1.0,1.0,Huesca,,15.0,4.0,10.0,22.0,1.0,0.0,1.0,0.0,2021,Villarreal,6
2020-09-19,Sat,LaLiga,Home,W,2.0,1.0,Valencia,,23.0,6.0,12.0,13.0,3.0,0.0,1.0,0.0,2021,Celta,5
2020-09-19,Sat,LaLiga,Away,L,1.0,2.0,Villarreal,,12.0,4.0,12.0,5.0,1.0,0.0,1.0,0.0,2021,Eibar,5
2020-09-19,Sat,LaLiga,Home,W,1.0,0.0,Osasuna,,7.0,1.0,19.0,13.0,4.0,0.0,2.0,0.0,2021,Getafe,5
2020-09-19,Sat,LaLiga,Away,L,0.0,1.0,Getafe,,10.0,3.0,13.0,19.0,2.0,0.0,4.0,0.0,2021,Osasuna,5
2020-09-19,Sat,LaLiga,Away,L,1.0,2.0,Celta,,9.0,3.0,13.0,12.0,1.0,0.0,3.0,0.0,2021,Valencia,5
2020-09-19,Sat,LaLiga,Home,W,2.0,1.0,Eibar,,14.0,8.0,5.0,12.0,1.0,0.0,1.0,0.0,2021,Villarreal,5
2020-09-20,Sun,LaLiga,Away,L,1.0,2.0,Granada,,5.0,3.0,12.0,9.0,3.0,0.0,0.0,0.0,2021,Alaves,6
2020-09-20,Sun,LaLiga,Home,W,2.0,0.0,Valladolid,,16.0,6.0,18.0,10.0,3.0,0.0,0.0,0.0,2021,Betis,6
2020-09-20,Sun,LaLiga,Away,W,2.0,0.0,Huesca,,6.0,4.0,23.0,18.0,3.0,0.0,3.0,0.0,2021,Cadiz,6
2020-09-20,Sun,LaLiga,Home,W,2.0,1.0,Alaves,,10.0,3.0,9.0,12.0,0.0,0.0,3.0,0.0,2021,Granada,6
2020-09-20,Sun,LaLiga,Home,L,0.0,2.0,Cadiz,,4.0,0.0,18.0,23.0,3.0,0.0,3.0,0.0,2021,Huesca,6
2020-09-20,Sun,LaLiga,Away,D,0.0,0.0,Sociedad,,16.0,4.0,12.0,17.0,2.0,0.0,2.0,0.0,2021,Real Madrid,6
2020-09-20,Sun,LaLiga,Home,D,0.0,0.0,Real Madrid,,6.0,1.0,17.0,12.0,2.0,0.0,2.0,0.0,2021,Sociedad,6
2020-09-20,Sun,LaLiga,Away,L,0.0,2.0,Betis,,9.0,2.0,10.0,18.0,0.0,0.0,3.0,0.0,2021,Valladolid,6
2020-09-26,Sat,LaLiga,Home,D,0.0,0.0,Getafe,,9.0,0.0,13.0,13.0,2.0,0.0,2.0,0.0,2021,Alaves,5
2020-09-26,Sat,LaLiga,Home,L,2.0,3.0,Real Madrid,,15.0,5.0,9.0,10.0,5.0,1.0,2.0,0.0,2021,Betis,5
2020-09-26,Sat,LaLiga,Home,L,0.0,3.0,Sociedad,,5.0,2.0,11.0,12.0,3.0,0.0,1.0,0.0,2021,Elche,5
2020-09-26,Sat,LaLiga,Away,D,0.0,0.0,Alaves,,11.0,4.0,13.0,13.0,2.0,0.0,2.0,0.0,2021,Getafe,5
2020-09-26,Sat,LaLiga,Away,D,1.0,1.0,Valencia,,17.0,4.0,20.0,14.0,1.0,0.0,0.0,0.0,2021,Huesca,5
2020-09-26,Sat,LaLiga,Away,W,3.0,2.0,Betis,,11.0,4.0,10.0,9.0,2.0,0.0,5.0,1.0,2021,Real Madrid,5
2020-09-26,Sat,LaLiga,Away,W,3.0,0.0,Elche,,27.0,7.0,12.0,11.0,1.0,0.0,3.0,0.0,2021,Sociedad,5
2020-09-26,Sat,LaLiga,Home,D,1.0,1.0,Huesca,,5.0,2.0,14.0,20.0,0.0,0.0,1.0,0.0,2021,Valencia,5
2020-09-27,Sun,LaLiga,Away,W,2.0,1.0,Eibar,,9.0,5.0,12.0,15.0,0.0,0.0,1.0,0.0,2021,Ath Bilbao,6
2020-09-27,Sun,LaLiga,Home,W,6.0,1.0,Granada,,17.0,10.0,16.0,14.0,3.0,0.0,1.0,0.0,2021,Ath Madrid,6
2020-09-27,Sun,LaLiga,Home,W,4.0,0.0,Villarreal,,17.0,9.0,9.0,10.0,0.0,0.0,1.0,0.0,2021,Barcelona,6
2020-09-27,Sun,LaLiga,Home,L,1.0,3.0,Sevilla,,12.0,5.0,9.0,14.0,4.0,0.0,2.0,0.0,2021,Cadiz,6
2020-09-27,Sun,LaLiga,Away,D,1.0,1.0,Valladolid,,5.0,1.0,18.0,26.0,4.0,0.0,3.0,0.0,2021,Celta,6
2020-09-27,Sun,LaLiga,Home,L,1.0,2.0,Ath Bilbao,,7.0,1.0,15.0,12.0,1.0,0.0,0.0,0.0,2021,Eibar,6
2020-09-27,Sun,LaLiga,Away,L,1.0,6.0,Ath Madrid,,11.0,6.0,14.0,16.0,1.0,0.0,3.0,0.0,2021,Granada,6
2020-09-27,Sun,LaLiga,Away,W,3.0,1.0,Osasuna,,11.0,5.0,16.0,15.0,0.0,0.0,2.0,0.0,2021,Levante,6
2020-09-27,Sun,LaLiga,Home,L,1.0,3.0,Levante,,9.0,4.0,15.0,16.0,2.0,0.0,0.0,0.0,2021,Osasuna,6
2020-09-27,Sun,LaLiga,Away,W,3.0,1.0,Cadiz,,14.0,5.0,14.0,9.0,2.0,0.0,4.0,0.0,2021,Sevilla,6
2020-09-27,Sun,LaLiga,Home,D,1.0,1.0,Celta,,10.0,4.0,26.0,18.0,3.0,0.0,4.0,0.0,2021,Valladolid,6
2020-09-27,Sun,LaLiga,Away,L,0.0,4.0,Barcelona,,5.0,1.0,10.0,9.0,1.0,0.0,0.0,0.0,2021,Villarreal,6
2020-09-29,Tue,LaLiga,Away,L,0.0,3.0,Getafe,,10.0,2.0,17.0,15.0,4.0,1.0,4.0,0.0,2021,Betis,1
2020-09-29,Tue,LaLiga,Home,W,3.0,0.0,Betis,,8.0,4.0,15.0,17.0,4.0,0.0,4.0,1.0,2021,Getafe,1
2020-09-29,Tue,LaLiga,Home,L,0.0,1.0,Valencia,,11.0,3.0,16.0,15.0,1.0,0.0,5.0,0.0,2021,Sociedad,1
2020-09-29,Tue,LaLiga,Away,W,1.0,0.0,Sociedad,,9.0,5.0,15.0,16.0,5.0,0.0,1.0,0.0,2021,Valencia,1
2020-09-30,Wed,LaLiga,Away,L,1.0,3.0,Villarreal,,8.0,3.0,13.0,11.0,2.0,0.0,0.0,0.0,2021,Alaves,2
2020-09-30,Wed,LaLiga,Away,D,0.0,0.0,Huesca,,16.0,2.0,10.0,13.0,0.0,0.0,1.0,0.0,2021,Ath Madrid,2
2020-09-30,Wed,LaLiga,Home,L,0.0,1.0,Elche,,12.0,4.0,9.0,14.0,2.0,0.0,2.0,0.0,2021,Eibar,2
2020-09-30,Wed,LaLiga,Away,W,1.0,0.0,Eibar,,5.0,2.0,14.0,9.0,2.0,0.0,2.0,0.0,2021,Elche,2
2020-09-30,Wed,LaLiga,Home,D,0.0,0.0,Ath Madrid,,9.0,3.0,13.0,10.0,1.0,0.0,0.0,0.0,2021,Huesca,2
2020-09-30,Wed,LaLiga,Home,W,1.0,0.0,Valladolid,,15.0,5.0,11.0,7.0,2.0,0.0,1.0,0.0,2021,Real Madrid,2
2020-09-30,Wed,LaLiga,Away,L,0.0,1.0,Real Madrid,,11.0,5.0,7.0,11.0,1.0,0.0,2.0,0.0,2021,Valladolid,2
2020-09-30,Wed,LaLiga,Home,W,3.0,1.0,Alaves,,10.0,6.0,11.0,13.0,0.0,0.0,2.0,0.0,2021,Villarreal,2
2020-10-01,Thu,LaLiga,Home,L,0.0,1.0,Cadiz,,13.0,4.0,15.0,16.0,3.0,0.0,5.0,2.0,2021,Ath Bilbao,3
2020-10-01,Thu,LaLiga,Away,W,3.0,0.0,Celta,,6.0,3.0,10.0,22.0,5.0,1.0,5.0,0.0,2021,Barcelona,3
2020-10-01,Thu,LaLiga,Away,W,1.0,0.0,Ath Bilbao,,3.0,1.0,16.0,15.0,5.0,2.0,3.0,0.0,2021,Cadiz,3
2020-10-01,Thu,LaLiga,Home,L,0.0,3.0,Barcelona,,10.0,3.0,22.0,10.0,5.0,0.0,5.0,1.0,2021,Celta,3
2020-10-01,Thu,LaLiga,Away,L,0.0,1.0,Sevilla,,3.0,1.0,17.0,14.0,2.0,0.0,5.0,0.0,2021,Levante,3
2020-10-01,Thu,LaLiga,Home,W,1.0,0.0,Levante,,16.0,2.0,14.0,17.0,5.0,0.0,2.0,0.0,2021,Sevilla,3
2020-10-03,Sat,LaLiga,Home,D,0.0,0.0,Villarreal,,14.0,1.0,11.0,7.0,1.0,0.0,2.0,0.0,2021,Ath Madrid,5
2020-10-03,Sat,LaLiga,Away,W,2.0,0.0,Valencia,,17.0,8.0,14.0,11.0,2.0,0.0,2.0,0.0,2021,Betis,5
2020-10-03,Sat,LaLiga,Away,W,2.0,1.0,Valladolid,,11.0,5.0,21.0,11.0,3.0,1.0,2.0,0.0,2021,Eibar,5
2020-10-03,Sat,LaLiga,Home,D,0.0,0.0,Huesca,,2.0,0.0,8.0,26.0,0.0,0.0,2.0,0.0,2021,Elche,5
2020-10-03,Sat,LaLiga,Away,L,0.0,3.0,Sociedad,,5.0,1.0,13.0,21.0,3.0,0.0,3.0,0.0,2021,Getafe,5
2020-10-03,Sat,LaLiga,Away,D,0.0,0.0,Elche,,18.0,4.0,26.0,8.0,2.0,0.0,0.0,0.0,2021,Huesca,5
2020-10-03,Sat,LaLiga,Home,W,3.0,0.0,Getafe,,11.0,6.0,21.0,13.0,3.0,0.0,3.0,0.0,2021,Sociedad,5
2020-10-03,Sat,LaLiga,Home,L,0.0,2.0,Betis,,5.0,2.0,11.0,14.0,2.0,0.0,2.0,0.0,2021,Valencia,5
2020-10-03,Sat,LaLiga,Home,L,1.0,2.0,Eibar,,9.0,3.0,11.0,21.0,2.0,0.0,3.0,1.0,2021,Valladolid,5
2020-10-03,Sat,LaLiga,Away,D,0.0,0.0,Ath Madrid,,6.0,2.0,7.0,11.0,2.0,0.0,1.0,0.0,2021,Villarreal,5
2020-10-04,Sun,LaLiga,Home,W,1.0,0.0,Ath Bilbao,,8.0,3.0,20.0,17.0,2.0,1.0,3.0,0.0,2021,Alaves,6
2020-10-04,Sun,LaLiga,Away,L,0.0,1.0,Alaves,,8.0,0.0,17.0,20.0,3.0,0.0,2.0,1.0,2021,Ath Bilbao,6
2020-10-04,Sun,LaLiga,Home,D,1.0,1.0,Sevilla,,12.0,5.0,11.0,18.0,1.0,0.0,1.0,0.0,2021,Barcelona,6
2020-10-04,Sun,LaLiga,Home,D,1.0,1.0,Granada,,14.0,4.0,16.0,16.0,2.0,0.0,2.0,0.0,2021,Cadiz,6
2020-10-04,Sun,LaLiga,Away,L,0.0,2.0,Osasuna,,9.0,3.0,10.0,19.0,3.0,0.0,3.0,0.0,2021,Celta,6
2020-10-04,Sun,LaLiga,Away,D,1.0,1.0,Cadiz,,13.0,5.0,16.0,16.0,2.0,0.0,2.0,0.0,2021,Granada,6
2020-10-04,Sun,LaLiga,Home,L,0.0,2.0,Real Madrid,,11.0,4.0,14.0,8.0,2.0,0.0,1.0,0.0,2021,Levante,6
2020-10-04,Sun,LaLiga,Home,W,2.0,0.0,Celta,,14.0,5.0,19.0,10.0,3.0,0.0,3.0,0.0,2021,Osasuna,6
2020-10-04,Sun,LaLiga,Away,W,2.0,0.0,Levante,,13.0,3.0,8.0,14.0,1.0,0.0,2.0,0.0,2021,Real Madrid,6
2020-10-04,Sun,LaLiga,Away,D,1.0,1.0,Barcelona,,13.0,1.0,18.0,11.0,1.0,0.0,1.0,0.0,2021,Sevilla,6
2020-10-17,Sat,LaLiga,Away,W,2.0,0.0,Celta,,9.0,4.0,18.0,16.0,4.0,0.0,3.0,0.0,2021,Ath Madrid,5
2020-10-17,Sat,LaLiga,Away,L,0.0,1.0,Getafe,,7.0,1.0,10.0,20.0,3.0,0.0,4.0,0.0,2021,Barcelona,5
2020-10-17,Sat,LaLiga,Away,W,1.0,0.0,Real Madrid,,14.0,5.0,5.0,7.0,0.0,0.0,2.0,0.0,2021,Cadiz,5
2020-10-17,Sat,LaLiga,Home,L,0.0,2.0,Ath Madrid,,15.0,5.0,16.0,18.0,3.0,0.0,4.0,0.0,2021,Celta,5
2020-10-17,Sat,LaLiga,Home,W,1.0,0.0,Barcelona,,9.0,4.0,20.0,10.0,4.0,0.0,3.0,0.0,2021,Getafe,5
2020-10-17,Sat,LaLiga,Home,W,1.0,0.0,Sevilla,,13.0,3.0,16.0,11.0,4.0,0.0,4.0,1.0,2021,Granada,5
2020-10-17,Sat,LaLiga,Home,L,0.0,1.0,Cadiz,,14.0,2.0,7.0,5.0,2.0,0.0,0.0,0.0,2021,Real Madrid,5
2020-10-17,Sat,LaLiga,Away,L,0.0,1.0,Granada,,8.0,3.0,11.0,16.0,4.0,1.0,4.0,0.0,2021,Sevilla,5
2020-10-18,Sun,LaLiga,Home,L,0.0,2.0,Elche,,13.0,2.0,11.0,11.0,2.0,0.0,5.0,0.0,2021,Alaves,6
2020-10-18,Sun,LaLiga,Home,W,2.0,0.0,Levante,,14.0,5.0,11.0,10.0,3.0,0.0,1.0,0.0,2021,Ath Bilbao,6
2020-10-18,Sun,LaLiga,Home,L,0.0,3.0,Sociedad,,7.0,1.0,11.0,18.0,2.0,0.0,1.0,0.0,2021,Betis,6
2020-10-18,Sun,LaLiga,Home,D,0.0,0.0,Osasuna,,10.0,6.0,14.0,14.0,2.0,0.0,3.0,1.0,2021,Eibar,6
2020-10-18,Sun,LaLiga,Away,W,2.0,0.0,Alaves,,7.0,3.0,11.0,11.0,5.0,0.0,2.0,0.0,2021,Elche,6
2020-10-18,Sun,LaLiga,Home,D,2.0,2.0,Valladolid,,12.0,7.0,14.0,24.0,1.0,0.0,2.0,0.0,2021,Huesca,6
2020-10-18,Sun,LaLiga,Away,L,0.0,2.0,Ath Bilbao,,6.0,1.0,10.0,11.0,1.0,0.0,3.0,0.0,2021,Levante,6
2020-10-18,Sun,LaLiga,Away,D,0.0,0.0,Eibar,,8.0,2.0,14.0,14.0,3.0,1.0,2.0,0.0,2021,Osasuna,6
2020-10-18,Sun,LaLiga,Away,W,3.0,0.0,Betis,,8.0,5.0,18.0,11.0,1.0,0.0,2.0,0.0,2021,Sociedad,6
2020-10-18,Sun,LaLiga,Away,L,1.0,2.0,Villarreal,,11.0,3.0,8.0,13.0,1.0,0.0,4.0,1.0,2021,Valencia,6
2020-10-18,Sun,LaLiga,Away,D,2.0,2.0,Huesca,,5.0,3.0,24.0,14.0,2.0,0.0,1.0,0.0,2021,Valladolid,6
2020-10-18,Sun,LaLiga,Home,W,2.0,1.0,Valencia,,16.0,6.0,13.0,8.0,4.0,1.0,1.0,0.0,2021,Villarreal,6
2020-10-23,Fri,LaLiga,Home,W,2.0,1.0,Valencia,,3.0,2.0,15.0,8.0,3.0,0.0,2.0,0.0,2021,Elche,4
2020-10-23,Fri,LaLiga,Away,L,1.0,2.0,Elche,,14.0,4.0,8.0,15.0,2.0,0.0,3.0,0.0,2021,Valencia,4
2020-10-24,Sat,LaLiga,Away,L,0.0,1.0,Osasuna,,13.0,5.0,10.0,18.0,2.0,0.0,3.0,0.0,2021,Ath Bilbao,5
2020-10-24,Sat,LaLiga,Home,W,2.0,0.0,Betis,,13.0,6.0,19.0,12.0,2.0,0.0,0.0,1.0,2021,Ath Madrid,5
2020-10-24,Sat,LaLiga,Home,L,1.0,3.0,Real Madrid,,10.0,4.0,11.0,13.0,3.0,0.0,2.0,0.0,2021,Barcelona,5
2020-10-24,Sat,LaLiga,Away,L,0.0,2.0,Ath Madrid,,12.0,3.0,12.0,19.0,0.0,1.0,2.0,0.0,2021,Betis,5
2020-10-24,Sat,LaLiga,Away,W,1.0,0.0,Sevilla,,3.0,1.0,12.0,11.0,3.0,0.0,0.0,0.0,2021,Eibar,5
2020-10-24,Sat,LaLiga,Home,W,1.0,0.0,Ath Bilbao,,7.0,2.0,18.0,10.0,3.0,0.0,2.0,0.0,2021,Osasuna,5
2020-10-24,Sat,LaLiga,Away,W,3.0,1.0,Barcelona,,15.0,9.0,13.0,11.0,2.0,0.0,3.0,0.0,2021,Real Madrid,5
2020-10-24,Sat,LaLiga,Home,L,0.0,1.0,Eibar,,21.0,3.0,11.0,12.0,0.0,0.0,3.0,0.0,2021,Sevilla,5
2020-10-25,Sun,LaLiga,Away,W,2.0,0.0,Valladolid,,14.0,4.0,7.0,9.0,0.0,0.0,1.0,1.0,2021,Alaves,6
2020-10-25,Sun,LaLiga,Home,D,0.0,0.0,Villarreal,,5.0,0.0,15.0,7.0,2.0,0.0,2.0,0.0,2021,Cadiz,6
2020-10-25,Sun,LaLiga,Home,L,0.0,1.0,Granada,,10.0,1.0,19.0,23.0,4.0,0.0,2.0,0.0,2021,Getafe,6
2020-10-25,Sun,LaLiga,Away,W,1.0,0.0,Getafe,,5.0,2.0,23.0,19.0,2.0,0.0,4.0,0.0,2021,Granada,6
2020-10-25,Sun,LaLiga,Away,L,1.0,4.0,Sociedad,,6.0,4.0,11.0,12.0,1.0,0.0,2.0,0.0,2021,Huesca,6
2020-10-25,Sun,LaLiga,Home,W,4.0,1.0,Huesca,,13.0,6.0,12.0,11.0,2.0,0.0,1.0,0.0,2021,Sociedad,6
2020-10-25,Sun,LaLiga,Home,L,0.0,2.0,Alaves,,5.0,1.0,9.0,7.0,1.0,1.0,0.0,0.0,2021,Valladolid,6
2020-10-25,Sun,LaLiga,Away,D,0.0,0.0,Cadiz,,7.0,2.0,7.0,15.0,2.0,0.0,2.0,0.0,2021,Villarreal,6
2020-10-26,Mon,LaLiga,Away,D,1.0,1.0,Levante,,10.0,3.0,19.0,11.0,2.0,0.0,2.0,0.0,2021,Celta,0
2020-10-26,Mon,LaLiga,Home,D,1.0,1.0,Celta,,10.0,3.0,11.0,19.0,2.0,0.0,2.0,0.0,2021,Levante,0
2020-10-30,Fri,LaLiga,Away,W,2.0,0.0,Eibar,,6.0,4.0,10.0,10.0,1.0,0.0,1.0,0.0,2021,Cadiz,4
2020-10-30,Fri,LaLiga,Home,L,0.0,2.0,Cadiz,,9.0,3.0,10.0,10.0,1.0,0.0,1.0,0.0,2021,Eibar,4
2020-10-31,Sat,LaLiga,Home,D,1.0,1.0,Barcelona,,4.0,3.0,16.0,4.0,4.0,1.0,3.0,0.0,2021,Alaves,5
2020-10-31,Sat,LaLiga,Home,W,2.0,1.0,Sevilla,,16.0,5.0,17.0,19.0,5.0,0.0,5.0,0.0,2021,Ath Bilbao,5
2020-10-31,Sat,LaLiga,Away,W,3.0,1.0,Osasuna,,11.0,6.0,10.0,12.0,2.0,0.0,1.0,0.0,2021,Ath Madrid,5
2020-10-31,Sat,LaLiga,Away,D,1.0,1.0,Alaves,,25.0,9.0,4.0,16.0,3.0,0.0,4.0,1.0,2021,Barcelona,5
2020-10-31,Sat,LaLiga,Away,L,1.0,4.0,Real Madrid,,9.0,2.0,9.0,16.0,2.0,0.0,0.0,0.0,2021,Huesca,5
2020-10-31,Sat,LaLiga,Home,L,1.0,3.0,Ath Madrid,,8.0,3.0,12.0,10.0,1.0,0.0,2.0,0.0,2021,Osasuna,5
2020-10-31,Sat,LaLiga,Home,W,4.0,1.0,Huesca,,13.0,6.0,16.0,9.0,0.0,0.0,2.0,0.0,2021,Real Madrid,5
2020-10-31,Sat,LaLiga,Away,L,1.0,2.0,Ath Bilbao,,7.0,3.0,19.0,17.0,5.0,0.0,5.0,0.0,2021,Sevilla,5
2020-11-01,Sun,LaLiga,Home,W,3.0,1.0,Elche,,17.0,10.0,13.0,12.0,2.0,0.0,1.0,0.0,2021,Betis,6
2020-11-01,Sun,LaLiga,Home,L,1.0,4.0,Sociedad,,9.0,2.0,19.0,16.0,2.0,1.0,5.0,0.0,2021,Celta,6
2020-11-01,Sun,LaLiga,Away,L,1.0,3.0,Betis,,4.0,2.0,12.0,13.0,1.0,0.0,2.0,0.0,2021,Elche,6
2020-11-01,Sun,LaLiga,Away,D,2.0,2.0,Valencia,,16.0,5.0,25.0,18.0,5.0,1.0,8.0,1.0,2021,Getafe,6
2020-11-01,Sun,LaLiga,Home,D,1.0,1.0,Levante,,5.0,2.0,7.0,14.0,2.0,1.0,3.0,0.0,2021,Granada,6
2020-11-01,Sun,LaLiga,Away,D,1.0,1.0,Granada,,19.0,4.0,14.0,7.0,3.0,0.0,2.0,1.0,2021,Levante,6
2020-11-01,Sun,LaLiga,Away,W,4.0,1.0,Celta,,9.0,7.0,16.0,19.0,5.0,0.0,2.0,1.0,2021,Sociedad,6
2020-11-01,Sun,LaLiga,Home,D,2.0,2.0,Getafe,,11.0,5.0,18.0,25.0,8.0,1.0,5.0,1.0,2021,Valencia,6
2020-11-02,Mon,LaLiga,Away,L,0.0,2.0,Villarreal,,11.0,1.0,13.0,13.0,3.0,0.0,1.0,0.0,2021,Valladolid,0
2020-11-02,Mon,LaLiga,Home,W,2.0,0.0,Valladolid,,11.0,5.0,13.0,13.0,1.0,0.0,3.0,0.0,2021,Villarreal,0
2020-11-06,Fri,LaLiga,Away,D,1.0,1.0,Elche,,14.0,6.0,12.0,18.0,4.0,0.0,3.0,0.0,2021,Celta,4
2020-11-06,Fri,LaLiga,Home,D,1.0,1.0,Celta,,8.0,1.0,18.0,12.0,3.0,0.0,4.0,0.0,2021,Elche,4
2020-11-07,Sat,LaLiga,Home,W,4.0,0.0,Cadiz,,17.0,7.0,10.0,9.0,1.0,0.0,1.0,0.0,2021,Ath Madrid,5
2020-11-07,Sat,LaLiga,Home,W,5.0,2.0,Betis,,18.0,9.0,8.0,10.0,2.0,0.0,2.0,1.0,2021,Barcelona,5
2020-11-07,Sat,LaLiga,Away,L,2.0,5.0,Barcelona,,12.0,6.0,10.0,8.0,2.0,1.0,2.0,0.0,2021,Betis,5
2020-11-07,Sat,LaLiga,Away,L,0.0,4.0,Ath Madrid,,10.0,3.0,9.0,10.0,1.0,0.0,1.0,0.0,2021,Cadiz,5
2020-11-07,Sat,LaLiga,Away,D,1.0,1.0,Huesca,,8.0,3.0,30.0,16.0,0.0,0.0,2.0,0.0,2021,Eibar,5
2020-11-07,Sat,LaLiga,Home,D,1.0,1.0,Eibar,,14.0,6.0,16.0,30.0,2.0,0.0,0.0,0.0,2021,Huesca,5
2020-11-07,Sat,LaLiga,Away,L,0.0,1.0,Sevilla,,10.0,2.0,19.0,11.0,3.0,0.0,2.0,0.0,2021,Osasuna,5
2020-11-07,Sat,LaLiga,Home,W,1.0,0.0,Osasuna,,9.0,1.0,11.0,19.0,2.0,0.0,3.0,0.0,2021,Sevilla,5
2020-11-08,Sun,LaLiga,Away,D,1.0,1.0,Levante,,6.0,2.0,16.0,12.0,6.0,1.0,1.0,0.0,2021,Alaves,6
2020-11-08,Sun,LaLiga,Away,L,1.0,2.0,Valladolid,,17.0,2.0,11.0,23.0,2.0,0.0,4.0,0.0,2021,Ath Bilbao,6
2020-11-08,Sun,LaLiga,Home,L,1.0,3.0,Villarreal,,13.0,5.0,18.0,11.0,3.0,0.0,4.0,0.0,2021,Getafe,6
2020-11-08,Sun,LaLiga,Away,L,0.0,2.0,Sociedad,,2.0,1.0,11.0,8.0,1.0,0.0,2.0,1.0,2021,Granada,6
2020-11-08,Sun,LaLiga,Home,D,1.0,1.0,Alaves,,18.0,5.0,12.0,16.0,1.0,0.0,6.0,1.0,2021,Levante,6
2020-11-08,Sun,LaLiga,Away,L,1.0,4.0,Valencia,,16.0,6.0,14.0,13.0,2.0,0.0,3.0,0.0,2021,Real Madrid,6
2020-11-08,Sun,LaLiga,Home,W,2.0,0.0,Granada,,22.0,9.0,8.0,11.0,2.0,1.0,1.0,0.0,2021,Sociedad,6
2020-11-08,Sun,LaLiga,Home,W,4.0,1.0,Real Madrid,,7.0,4.0,13.0,14.0,3.0,0.0,2.0,0.0,2021,Valencia,6
2020-11-08,Sun,LaLiga,Home,W,2.0,1.0,Ath Bilbao,,7.0,4.0,23.0,11.0,4.0,0.0,2.0,0.0,2021,Valladolid,6
2020-11-08,Sun,LaLiga,Away,W,3.0,1.0,Getafe,,9.0,5.0,11.0,18.0,4.0,0.0,3.0,0.0,2021,Villarreal,6
2020-11-20,Fri,LaLiga,Away,D,1.0,1.0,Osasuna,,6.0,5.0,15.0,14.0,3.0,0.0,2.0,0.0,2021,Huesca,4
2020-11-20,Fri,LaLiga,Home,D,1.0,1.0,Huesca,,18.0,7.0,14.0,15.0,2.0,0.0,3.0,0.0,2021,Osasuna,4
2020-11-21,Sat,LaLiga,Home,W,1.0,0.0,Barcelona,,9.0,2.0,12.0,6.0,4.0,0.0,0.0,0.0,2021,Ath Madrid,5
2020-11-21,Sat,LaLiga,Away,L,0.0,1.0,Ath Madrid,,13.0,4.0,6.0,12.0,0.0,0.0,4.0,0.0,2021,Barcelona,5
2020-11-21,Sat,LaLiga,Away,L,2.0,4.0,Sevilla,,10.0,7.0,20.0,14.0,2.0,0.0,2.0,0.0,2021,Celta,5
2020-11-21,Sat,LaLiga,Away,D,1.0,1.0,Levante,,11.0,5.0,11.0,15.0,4.0,0.0,1.0,0.0,2021,Elche,5
2020-11-21,Sat,LaLiga,Home,D,1.0,1.0,Elche,,13.0,5.0,15.0,11.0,1.0,0.0,4.0,0.0,2021,Levante,5
2020-11-21,Sat,LaLiga,Away,D,1.0,1.0,Villarreal,,6.0,1.0,14.0,16.0,2.0,0.0,1.0,0.0,2021,Real Madrid,5
2020-11-21,Sat,LaLiga,Home,W,4.0,2.0,Celta,,15.0,10.0,14.0,20.0,2.0,0.0,2.0,0.0,2021,Sevilla,5
2020-11-21,Sat,LaLiga,Home,D,1.0,1.0,Real Madrid,,13.0,1.0,16.0,14.0,1.0,0.0,2.0,0.0,2021,Villarreal,5
2020-11-22,Sun,LaLiga,Home,D,2.0,2.0,Valencia,,13.0,3.0,21.0,16.0,1.0,0.0,1.0,0.0,2021,Alaves,6
2020-11-22,Sun,LaLiga,Home,L,0.0,1.0,Sociedad,,2.0,0.0,14.0,14.0,2.0,0.0,1.0,0.0,2021,Cadiz,6
2020-11-22,Sun,LaLiga,Home,D,0.0,0.0,Getafe,,15.0,5.0,16.0,22.0,3.0,1.0,4.0,0.0,2021,Eibar,6
2020-11-22,Sun,LaLiga,Away,D,0.0,0.0,Eibar,,8.0,3.0,22.0,16.0,4.0,0.0,3.0,1.0,2021,Getafe,6
2020-11-22,Sun,LaLiga,Home,L,1.0,3.0,Valladolid,,16.0,6.0,16.0,14.0,4.0,0.0,3.0,0.0,2021,Granada,6
2020-11-22,Sun,LaLiga,Away,W,1.0,0.0,Cadiz,,14.0,4.0,14.0,14.0,1.0,0.0,2.0,0.0,2021,Sociedad,6
2020-11-22,Sun,LaLiga,Away,D,2.0,2.0,Alaves,,13.0,5.0,16.0,21.0,1.0,0.0,1.0,0.0,2021,Valencia,6
2020-11-22,Sun,LaLiga,Away,W,3.0,1.0,Granada,,9.0,3.0,14.0,16.0,3.0,0.0,4.0,0.0,2021,Valladolid,6
2020-11-23,Mon,LaLiga,Home,W,4.0,0.0,Betis,,14.0,9.0,16.0,8.0,0.0,0.0,0.0,0.0,2021,Ath Bilbao,0
2020-11-23,Mon,LaLiga,Away,L,0.0,4.0,Ath Bilbao,,7.0,1.0,8.0,16.0,0.0,0.0,0.0,0.0,2021,Betis,0
2020-11-27,Fri,LaLiga,Away,D,1.0,1.0,Valladolid,,10.0,3.0,11.0,18.0,3.0,0.0,0.0,0.0,2021,Levante,4
2020-11-27,Fri,LaLiga,Home,D,1.0,1.0,Levante,,10.0,4.0,18.0,11.0,0.0,0.0,3.0,0.0,2021,Valladolid,4
2020-11-28,Sat,LaLiga,Away,W,2.0,1.0,Real Madrid,,11.0,6.0,17.0,8.0,3.0,0.0,2.0,0.0,2021,Alaves,5
2020-11-28,Sat,LaLiga,Away,W,1.0,0.0,Valencia,,14.0,6.0,15.0,12.0,5.0,0.0,2.0,0.0,2021,Ath Madrid,5
2020-11-28,Sat,LaLiga,Away,D,1.0,1.0,Elche,,7.0,2.0,15.0,16.0,2.0,0.0,6.0,1.0,2021,Cadiz,5
2020-11-28,Sat,LaLiga,Home,D,1.0,1.0,Cadiz,,4.0,3.0,16.0,15.0,6.0,1.0,2.0,0.0,2021,Elche,5
2020-11-28,Sat,LaLiga,Home,L,0.0,1.0,Sevilla,,5.0,1.0,14.0,9.0,4.0,0.0,3.0,0.0,2021,Huesca,5
2020-11-28,Sat,LaLiga,Home,L,1.0,2.0,Alaves,,20.0,9.0,8.0,17.0,2.0,0.0,3.0,0.0,2021,Real Madrid,5
2020-11-28,Sat,LaLiga,Away,W,1.0,0.0,Huesca,,16.0,4.0,9.0,14.0,3.0,0.0,4.0,0.0,2021,Sevilla,5
2020-11-28,Sat,LaLiga,Home,L,0.0,1.0,Ath Madrid,,5.0,2.0,12.0,15.0,2.0,0.0,5.0,0.0,2021,Valencia,5
2020-11-29,Sun,LaLiga,Away,D,1.0,1.0,Getafe,,5.0,2.0,23.0,16.0,4.0,0.0,2.0,0.0,2021,Ath Bilbao,6
2020-11-29,Sun,LaLiga,Home,W,4.0,0.0,Osasuna,,20.0,11.0,8.0,12.0,1.0,0.0,0.0,0.0,2021,Barcelona,6
2020-11-29,Sun,LaLiga,Home,W,3.0,1.0,Granada,,17.0,8.0,14.0,13.0,4.0,1.0,3.0,0.0,2021,Celta,6
2020-11-29,Sun,LaLiga,Home,D,1.0,1.0,Ath Bilbao,,11.0,3.0,16.0,23.0,2.0,0.0,4.0,0.0,2021,Getafe,6
2020-11-29,Sun,LaLiga,Away,L,1.0,3.0,Celta,,9.0,2.0,13.0,14.0,3.0,0.0,4.0,1.0,2021,Granada,6
2020-11-29,Sun,LaLiga,Away,L,0.0,4.0,Barcelona,,10.0,5.0,12.0,8.0,0.0,0.0,1.0,0.0,2021,Osasuna,6
2020-11-29,Sun,LaLiga,Home,D,1.0,1.0,Villarreal,,8.0,4.0,18.0,12.0,5.0,0.0,3.0,0.0,2021,Sociedad,6
2020-11-29,Sun,LaLiga,Away,D,1.0,1.0,Sociedad,,10.0,2.0,12.0,18.0,3.0,0.0,5.0,0.0,2021,Villarreal,6
2020-11-30,Mon,LaLiga,Home,L,0.0,2.0,Eibar,,7.0,3.0,13.0,14.0,2.0,0.0,1.0,0.0,2021,Betis,0
2020-11-30,Mon,LaLiga,Away,W,2.0,0.0,Betis,,11.0,6.0,14.0,13.0,1.0,0.0,2.0,0.0,2021,Eibar,0
2020-12-04,Fri,LaLiga,Home,L,0.0,2.0,Celta,,10.0,0.0,7.0,15.0,2.0,0.0,1.0,0.0,2021,Ath Bilbao,4
2020-12-04,Fri,LaLiga,Away,W,2.0,0.0,Ath Bilbao,,6.0,4.0,15.0,7.0,1.0,0.0,2.0,0.0,2021,Celta,4
2020-12-05,Sat,LaLiga,Home,W,2.0,0.0,Valladolid,,15.0,4.0,10.0,10.0,4.0,0.0,2.0,0.0,2021,Ath Madrid,5
2020-12-05,Sat,LaLiga,Away,L,1.0,2.0,Cadiz,,21.0,8.0,7.0,10.0,2.0,0.0,0.0,0.0,2021,Barcelona,5
2020-12-05,Sat,LaLiga,Home,W,2.0,1.0,Barcelona,,7.0,3.0,10.0,7.0,0.0,0.0,2.0,0.0,2021,Cadiz,5
2020-12-05,Sat,LaLiga,Away,L,0.0,3.0,Levante,,9.0,0.0,13.0,12.0,7.0,2.0,2.0,0.0,2021,Getafe,5
2020-12-05,Sat,LaLiga,Home,W,3.0,0.0,Getafe,,12.0,8.0,12.0,13.0,2.0,0.0,7.0,2.0,2021,Levante,5
2020-12-05,Sat,LaLiga,Away,W,1.0,0.0,Sevilla,,10.0,3.0,20.0,15.0,3.0,0.0,1.0,0.0,2021,Real Madrid,5
2020-12-05,Sat,LaLiga,Home,L,0.0,1.0,Real Madrid,,12.0,2.0,15.0,20.0,1.0,0.0,3.0,0.0,2021,Sevilla,5
2020-12-05,Sat,LaLiga,Away,L,0.0,2.0,Ath Madrid,,13.0,3.0,10.0,10.0,2.0,0.0,4.0,0.0,2021,Valladolid,5
2020-12-06,Sun,LaLiga,Home,D,0.0,0.0,Sociedad,,5.0,1.0,3.0,11.0,1.0,1.0,0.0,0.0,2021,Alaves,6
2020-12-06,Sun,LaLiga,Away,W,2.0,0.0,Osasuna,,12.0,5.0,12.0,16.0,2.0,0.0,3.0,0.0,2021,Betis,6
2020-12-06,Sun,LaLiga,Away,D,0.0,0.0,Villarreal,,3.0,0.0,13.0,16.0,2.0,0.0,3.0,0.0,2021,Elche,6
2020-12-06,Sun,LaLiga,Home,D,3.0,3.0,Huesca,,15.0,6.0,12.0,16.0,2.0,0.0,0.0,0.0,2021,Granada,6
2020-12-06,Sun,LaLiga,Away,D,3.0,3.0,Granada,,16.0,7.0,16.0,12.0,0.0,0.0,2.0,0.0,2021,Huesca,6
2020-12-06,Sun,LaLiga,Home,L,0.0,2.0,Betis,,10.0,0.0,16.0,12.0,3.0,0.0,2.0,0.0,2021,Osasuna,6
2020-12-06,Sun,LaLiga,Away,D,0.0,0.0,Alaves,,13.0,5.0,11.0,3.0,0.0,0.0,1.0,1.0,2021,Sociedad,6
2020-12-06,Sun,LaLiga,Home,D,0.0,0.0,Elche,,12.0,3.0,16.0,13.0,3.0,0.0,2.0,0.0,2021,Villarreal,6
2020-12-07,Mon,LaLiga,Home,D,0.0,0.0,Valencia,,19.0,3.0,15.0,10.0,3.0,0.0,2.0,0.0,2021,Eibar,0
2020-12-07,Mon,LaLiga,Away,D,0.0,0.0,Eibar,,6.0,4.0,10.0,15.0,2.0,0.0,3.0,0.0,2021,Valencia,0
2020-12-11,Fri,LaLiga,Away,L,2.0,3.0,Valladolid,,13.0,6.0,18.0,14.0,5.0,0.0,4.0,0.0,2021,Osasuna,4
2020-12-11,Fri,LaLiga,Home,W,3.0,2.0,Osasuna,,11.0,6.0,14.0,18.0,4.0,0.0,5.0,0.0,2021,Valladolid,4
2020-12-12,Sat,LaLiga,Away,L,0.0,1.0,Huesca,,3.0,1.0,20.0,14.0,4.0,0.0,1.0,0.0,2021,Alaves,5
2020-12-12,Sat,LaLiga,Away,D,2.0,2.0,Valencia,,13.0,5.0,16.0,19.0,6.0,0.0,2.0,0.0,2021,Ath Bilbao,5
2020-12-12,Sat,LaLiga,Away,L,0.0,2.0,Real Madrid,,5.0,1.0,16.0,7.0,3.0,0.0,1.0,0.0,2021,Ath Madrid,5
2020-12-12,Sat,LaLiga,Home,L,0.0,1.0,Sevilla,,8.0,2.0,14.0,13.0,2.0,0.0,3.0,0.0,2021,Getafe,5
2020-12-12,Sat,LaLiga,Home,W,1.0,0.0,Alaves,,11.0,3.0,14.0,20.0,1.0,0.0,4.0,0.0,2021,Huesca,5
2020-12-12,Sat,LaLiga,Home,W,2.0,0.0,Ath Madrid,,11.0,3.0,7.0,16.0,1.0,0.0,3.0,0.0,2021,Real Madrid,5
2020-12-12,Sat,LaLiga,Away,W,1.0,0.0,Getafe,,8.0,0.0,13.0,14.0,3.0,0.0,2.0,0.0,2021,Sevilla,5
2020-12-12,Sat,LaLiga,Home,D,2.0,2.0,Ath Bilbao,,11.0,2.0,19.0,16.0,2.0,0.0,6.0,0.0,2021,Valencia,5
2020-12-13,Sun,LaLiga,Home,W,1.0,0.0,Levante,,24.0,13.0,4.0,15.0,2.0,0.0,1.0,0.0,2021,Barcelona,6
2020-12-13,Sun,LaLiga,Home,D,1.0,1.0,Villarreal,,11.0,5.0,13.0,14.0,2.0,0.0,3.0,0.0,2021,Betis,6
2020-12-13,Sun,LaLiga,Away,D,1.0,1.0,Sociedad,,16.0,4.0,11.0,14.0,3.0,0.0,4.0,0.0,2021,Eibar,6
2020-12-13,Sun,LaLiga,Home,L,0.0,1.0,Granada,,9.0,1.0,16.0,15.0,4.0,0.0,2.0,0.0,2021,Elche,6
2020-12-13,Sun,LaLiga,Away,W,1.0,0.0,Elche,,13.0,5.0,15.0,16.0,2.0,0.0,4.0,0.0,2021,Granada,6
2020-12-13,Sun,LaLiga,Away,L,0.0,1.0,Barcelona,,7.0,3.0,15.0,4.0,1.0,0.0,2.0,0.0,2021,Levante,6
2020-12-13,Sun,LaLiga,Home,D,1.0,1.0,Eibar,,8.0,2.0,14.0,11.0,4.0,0.0,3.0,0.0,2021,Sociedad,6
2020-12-13,Sun,LaLiga,Away,D,1.0,1.0,Betis,,7.0,2.0,14.0,13.0,3.0,0.0,2.0,0.0,2021,Villarreal,6
2020-12-14,Mon,LaLiga,Away,L,0.0,4.0,Celta,,12.0,2.0,9.0,24.0,1.0,0.0,2.0,0.0,2021,Cadiz,0
2020-12-14,Mon,LaLiga,Home,W,4.0,0.0,Cadiz,,8.0,5.0,24.0,9.0,2.0,0.0,1.0,0.0,2021,Celta,0
2020-12-15,Tue,LaLiga,Away,L,1.0,3.0,Real Madrid,,10.0,4.0,9.0,8.0,3.0,1.0,1.0,0.0,2021,Ath Bilbao,1
2020-12-15,Tue,LaLiga,Home,W,3.0,1.0,Ath Bilbao,,18.0,5.0,8.0,9.0,1.0,0.0,3.0,1.0,2021,Real Madrid,1
2020-12-16,Wed,LaLiga,Home,W,2.0,1.0,Sociedad,,14.0,4.0,18.0,14.0,3.0,0.0,3.0,0.0,2021,Barcelona,2
2020-12-16,Wed,LaLiga,Away,L,1.0,2.0,Barcelona,,12.0,5.0,14.0,18.0,3.0,0.0,3.0,0.0,2021,Sociedad,2
2020-12-18,Fri,LaLiga,Home,W,2.0,0.0,Huesca,,10.0,3.0,9.0,16.0,0.0,0.0,3.0,1.0,2021,Ath Bilbao,4
2020-12-18,Fri,LaLiga,Away,L,0.0,2.0,Ath Bilbao,,6.0,1.0,16.0,9.0,3.0,1.0,0.0,0.0,2021,Huesca,4
2020-12-19,Sat,LaLiga,Home,W,3.0,1.0,Elche,,12.0,6.0,13.0,14.0,1.0,0.0,2.0,0.0,2021,Ath Madrid,5
2020-12-19,Sat,LaLiga,Home,D,2.0,2.0,Valencia,,25.0,9.0,10.0,14.0,4.0,0.0,2.0,0.0,2021,Barcelona,5
2020-12-19,Sat,LaLiga,Away,L,1.0,3.0,Ath Madrid,,8.0,3.0,14.0,13.0,2.0,0.0,1.0,0.0,2021,Elche,5
2020-12-19,Sat,LaLiga,Home,W,2.0,1.0,Sociedad,,13.0,5.0,19.0,14.0,2.0,0.0,1.0,0.0,2021,Levante,5
2020-12-19,Sat,LaLiga,Home,L,1.0,3.0,Villarreal,,6.0,1.0,17.0,16.0,2.0,1.0,2.0,0.0,2021,Osasuna,5
2020-12-19,Sat,LaLiga,Home,D,1.0,1.0,Valladolid,,14.0,3.0,14.0,10.0,3.0,0.0,4.0,0.0,2021,Sevilla,5
2020-12-19,Sat,LaLiga,Away,L,1.0,2.0,Levante,,15.0,5.0,14.0,19.0,1.0,0.0,2.0,0.0,2021,Sociedad,5
2020-12-19,Sat,LaLiga,Away,D,2.0,2.0,Barcelona,,12.0,4.0,14.0,10.0,2.0,0.0,4.0,0.0,2021,Valencia,5
2020-12-19,Sat,LaLiga,Away,D,1.0,1.0,Sevilla,,12.0,5.0,10.0,14.0,4.0,0.0,3.0,0.0,2021,Valladolid,5
2020-12-19,Sat,LaLiga,Away,W,3.0,1.0,Osasuna,,13.0,6.0,16.0,17.0,2.0,0.0,2.0,1.0,2021,Villarreal,5
2020-12-20,Sun,LaLiga,Away,L,0.0,2.0,Celta,,8.0,2.0,12.0,18.0,2.0,0.0,2.0,0.0,2021,Alaves,6
2020-12-20,Sun,LaLiga,Away,L,0.0,2.0,Granada,,14.0,1.0,16.0,21.0,4.0,0.0,3.0,0.0,2021,Betis,6
2020-12-20,Sun,LaLiga,Home,L,0.0,2.0,Getafe,,8.0,1.0,6.0,22.0,1.0,0.0,6.0,0.0,2021,Cadiz,6
2020-12-20,Sun,LaLiga,Home,W,2.0,0.0,Alaves,,11.0,3.0,18.0,12.0,2.0,0.0,2.0,0.0,2021,Celta,6
2020-12-20,Sun,LaLiga,Home,L,1.0,3.0,Real Madrid,,10.0,3.0,11.0,7.0,1.0,0.0,0.0,0.0,2021,Eibar,6
2020-12-20,Sun,LaLiga,Away,W,2.0,0.0,Cadiz,,6.0,4.0,22.0,6.0,6.0,0.0,1.0,0.0,2021,Getafe,6
2020-12-20,Sun,LaLiga,Home,W,2.0,0.0,Betis,,8.0,3.0,21.0,16.0,3.0,0.0,4.0,0.0,2021,Granada,6
2020-12-20,Sun,LaLiga,Away,W,3.0,1.0,Eibar,,11.0,5.0,7.0,11.0,0.0,0.0,1.0,0.0,2021,Real Madrid,6
2020-12-22,Tue,LaLiga,Away,D,1.0,1.0,Villarreal,,9.0,3.0,18.0,10.0,1.0,0.0,1.0,0.0,2021,Ath Bilbao,1
2020-12-22,Tue,LaLiga,Away,W,2.0,0.0,Sociedad,,8.0,3.0,17.0,20.0,3.0,0.0,3.0,0.0,2021,Ath Madrid,1
2020-12-22,Tue,LaLiga,Away,W,3.0,0.0,Valladolid,,21.0,10.0,10.0,12.0,2.0,0.0,1.0,0.0,2021,Barcelona,1
2020-12-22,Tue,LaLiga,Home,D,2.0,2.0,Osasuna,,7.0,2.0,8.0,17.0,1.0,0.0,2.0,1.0,2021,Elche,1
2020-12-22,Tue,LaLiga,Home,D,1.0,1.0,Levante,,11.0,2.0,10.0,17.0,2.0,0.0,3.0,0.0,2021,Huesca,1
2020-12-22,Tue,LaLiga,Away,D,1.0,1.0,Huesca,,9.0,1.0,17.0,10.0,3.0,0.0,2.0,0.0,2021,Levante,1
2020-12-22,Tue,LaLiga,Away,D,2.0,2.0,Elche,,15.0,6.0,17.0,8.0,2.0,1.0,1.0,0.0,2021,Osasuna,1
2020-12-22,Tue,LaLiga,Away,W,1.0,0.0,Valencia,,19.0,3.0,17.0,11.0,2.0,0.0,3.0,0.0,2021,Sevilla,1
2020-12-22,Tue,LaLiga,Home,L,0.0,2.0,Ath Madrid,,6.0,1.0,20.0,17.0,3.0,0.0,3.0,0.0,2021,Sociedad,1
2020-12-22,Tue,LaLiga,Home,L,0.0,1.0,Sevilla,,10.0,4.0,11.0,17.0,3.0,0.0,2.0,0.0,2021,Valencia,1
2020-12-22,Tue,LaLiga,Home,L,0.0,3.0,Barcelona,,12.0,5.0,12.0,10.0,1.0,0.0,2.0,0.0,2021,Valladolid,1
2020-12-22,Tue,LaLiga,Home,D,1.0,1.0,Ath Bilbao,,17.0,6.0,10.0,18.0,1.0,0.0,1.0,0.0,2021,Villarreal,1
2020-12-23,Wed,LaLiga,Home,W,2.0,1.0,Eibar,,13.0,3.0,10.0,14.0,4.0,0.0,2.0,0.0,2021,Alaves,2
2020-12-23,Wed,LaLiga,Home,W,1.0,0.0,Cadiz,,6.0,1.0,18.0,9.0,1.0,0.0,1.0,0.0,2021,Betis,2
2020-12-23,Wed,LaLiga,Away,L,0.0,1.0,Betis,,6.0,3.0,9.0,18.0,1.0,0.0,1.0,0.0,2021,Cadiz,2
2020-12-23,Wed,LaLiga,Away,D,1.0,1.0,Getafe,,2.0,1.0,16.0,17.0,3.0,0.0,3.0,0.0,2021,Celta,2
2020-12-23,Wed,LaLiga,Away,L,1.0,2.0,Alaves,,8.0,4.0,14.0,10.0,2.0,0.0,4.0,0.0,2021,Eibar,2
2020-12-23,Wed,LaLiga,Home,D,1.0,1.0,Celta,,6.0,3.0,17.0,16.0,3.0,0.0,3.0,0.0,2021,Getafe,2
2020-12-23,Wed,LaLiga,Away,L,0.0,2.0,Real Madrid,,10.0,1.0,11.0,13.0,1.0,0.0,2.0,0.0,2021,Granada,2
2020-12-23,Wed,LaLiga,Home,W,2.0,0.0,Granada,,23.0,6.0,13.0,11.0,2.0,0.0,1.0,0.0,2021,Real Madrid,2
2020-12-29,Tue,LaLiga,Home,D,1.0,1.0,Eibar,,16.0,5.0,6.0,15.0,0.0,0.0,2.0,0.0,2021,Barcelona,1
2020-12-29,Tue,LaLiga,Away,L,3.0,4.0,Levante,,19.0,7.0,14.0,9.0,2.0,0.0,3.0,1.0,2021,Betis,1
2020-12-29,Tue,LaLiga,Home,D,0.0,0.0,Valladolid,,8.0,3.0,14.0,13.0,3.0,0.0,2.0,0.0,2021,Cadiz,1
2020-12-29,Tue,LaLiga,Away,D,1.0,1.0,Barcelona,,9.0,3.0,15.0,6.0,2.0,0.0,0.0,0.0,2021,Eibar,1
2020-12-29,Tue,LaLiga,Home,W,4.0,3.0,Betis,,10.0,5.0,9.0,14.0,3.0,1.0,2.0,0.0,2021,Levante,1
2020-12-29,Tue,LaLiga,Home,W,2.0,0.0,Villarreal,,10.0,3.0,13.0,14.0,1.0,0.0,4.0,0.0,2021,Sevilla,1
2020-12-29,Tue,LaLiga,Away,D,0.0,0.0,Cadiz,,7.0,1.0,13.0,14.0,2.0,0.0,3.0,0.0,2021,Valladolid,1
2020-12-29,Tue,LaLiga,Away,L,0.0,2.0,Sevilla,,6.0,2.0,14.0,13.0,4.0,0.0,1.0,0.0,2021,Villarreal,1
2020-12-30,Wed,LaLiga,Home,W,1.0,0.0,Getafe,,10.0,3.0,7.0,12.0,2.0,0.0,3.0,0.0,2021,Ath Madrid,2
2020-12-30,Wed,LaLiga,Home,W,2.0,1.0,Huesca,,15.0,6.0,19.0,8.0,2.0,0.0,0.0,0.0,2021,Celta,2
2020-12-30,Wed,LaLiga,Home,D,1.0,1.0,Real Madrid,,6.0,3.0,8.0,18.0,1.0,0.0,4.0,0.0,2021,Elche,2
2020-12-30,Wed,LaLiga,Away,L,0.0,1.0,Ath Madrid,,10.0,2.0,12.0,7.0,3.0,0.0,2.0,0.0,2021,Getafe,2
2020-12-30,Wed,LaLiga,Home,W,2.0,1.0,Valencia,,24.0,5.0,16.0,15.0,4.0,1.0,4.0,2.0,2021,Granada,2
2020-12-30,Wed,LaLiga,Away,L,1.0,2.0,Celta,,17.0,6.0,8.0,19.0,0.0,0.0,2.0,0.0,2021,Huesca,2
2020-12-30,Wed,LaLiga,Away,D,1.0,1.0,Elche,,14.0,6.0,18.0,8.0,4.0,0.0,1.0,0.0,2021,Real Madrid,2
2020-12-30,Wed,LaLiga,Away,L,1.0,2.0,Granada,,16.0,6.0,15.0,16.0,4.0,2.0,4.0,1.0,2021,Valencia,2
2020-12-31,Thu,LaLiga,Away,D,1.0,1.0,Osasuna,,15.0,1.0,9.0,12.0,4.0,0.0,3.0,1.0,2021,Alaves,3
2020-12-31,Thu,LaLiga,Home,L,0.0,1.0,Sociedad,,4.0,0.0,23.0,18.0,5.0,0.0,4.0,0.0,2021,Ath Bilbao,3
2020-12-31,Thu,LaLiga,Home,D,1.0,1.0,Alaves,,8.0,3.0,12.0,9.0,3.0,1.0,4.0,0.0,2021,Osasuna,3
2020-12-31,Thu,LaLiga,Away,W,1.0,0.0,Ath Bilbao,,13.0,3.0,18.0,23.0,4.0,0.0,5.0,0.0,2021,Sociedad,3
2021-01-02,Sat,LaLiga,Home,D,1.0,1.0,Sevilla,,16.0,3.0,15.0,18.0,5.0,0.0,2.0,0.0,2021,Betis,5
2021-01-02,Sat,LaLiga,Away,L,0.0,2.0,Real Madrid,,6.0,1.0,14.0,14.0,2.0,0.0,4.0,0.0,2021,Celta,5
2021-01-02,Sat,LaLiga,Home,L,0.0,1.0,Valladolid,,11.0,4.0,13.0,13.0,3.0,0.0,2.0,0.0,2021,Getafe,5
2021-01-02,Sat,LaLiga,Away,L,1.0,2.0,Villarreal,,9.0,2.0,11.0,12.0,1.0,0.0,1.0,0.0,2021,Levante,5
2021-01-02,Sat,LaLiga,Home,W,2.0,0.0,Celta,,9.0,2.0,14.0,14.0,4.0,0.0,2.0,0.0,2021,Real Madrid,5
2021-01-02,Sat,LaLiga,Away,D,1.0,1.0,Betis,,6.0,2.0,18.0,15.0,2.0,0.0,5.0,0.0,2021,Sevilla,5
2021-01-02,Sat,LaLiga,Away,W,1.0,0.0,Getafe,,8.0,2.0,13.0,13.0,2.0,0.0,3.0,0.0,2021,Valladolid,5
2021-01-02,Sat,LaLiga,Home,W,2.0,1.0,Levante,,12.0,7.0,12.0,11.0,1.0,0.0,1.0,0.0,2021,Villarreal,5
2021-01-03,Sun,LaLiga,Home,L,1.0,2.0,Ath Madrid,,4.0,1.0,14.0,12.0,0.0,1.0,2.0,0.0,2021,Alaves,6
2021-01-03,Sun,LaLiga,Home,W,1.0,0.0,Elche,,13.0,2.0,15.0,13.0,2.0,0.0,1.0,0.0,2021,Ath Bilbao,6
2021-01-03,Sun,LaLiga,Away,W,2.0,1.0,Alaves,,8.0,4.0,12.0,14.0,2.0,0.0,0.0,1.0,2021,Ath Madrid,6
2021-01-03,Sun,LaLiga,Away,W,1.0,0.0,Huesca,,20.0,7.0,11.0,12.0,0.0,0.0,1.0,0.0,2021,Barcelona,6
2021-01-03,Sun,LaLiga,Home,W,2.0,0.0,Granada,,15.0,7.0,10.0,9.0,2.0,0.0,1.0,0.0,2021,Eibar,6
2021-01-03,Sun,LaLiga,Away,L,0.0,1.0,Ath Bilbao,,5.0,2.0,13.0,15.0,1.0,0.0,2.0,0.0,2021,Elche,6
2021-01-03,Sun,LaLiga,Away,L,0.0,2.0,Eibar,,6.0,3.0,9.0,10.0,1.0,0.0,2.0,0.0,2021,Granada,6
2021-01-03,Sun,LaLiga,Home,L,0.0,1.0,Barcelona,,4.0,4.0,12.0,11.0,1.0,0.0,0.0,0.0,2021,Huesca,6
2021-01-03,Sun,LaLiga,Away,D,1.0,1.0,Sociedad,,6.0,2.0,8.0,15.0,1.0,0.0,1.0,0.0,2021,Osasuna,6
2021-01-03,Sun,LaLiga,Home,D,1.0,1.0,Osasuna,,8.0,2.0,15.0,8.0,1.0,0.0,1.0,0.0,2021,Sociedad,6
2021-01-04,Mon,LaLiga,Away,D,1.0,1.0,Valencia,,9.0,2.0,17.0,11.0,2.0,0.0,2.0,0.0,2021,Cadiz,0
2021-01-04,Mon,LaLiga,Home,D,1.0,1.0,Cadiz,,11.0,4.0,11.0,17.0,2.0,0.0,2.0,0.0,2021,Valencia,0
2021-01-06,Wed,LaLiga,Home,L,2.0,3.0,Barcelona,,8.0,3.0,10.0,6.0,2.0,0.0,1.0,0.0,2021,Ath Bilbao,2
2021-01-06,Wed,LaLiga,Away,W,3.0,2.0,Ath Bilbao,,13.0,9.0,6.0,10.0,1.0,0.0,2.0,0.0,2021,Barcelona,2
2021-01-08,Fri,LaLiga,Home,L,0.0,4.0,Villarreal,,8.0,3.0,15.0,18.0,1.0,0.0,0.0,0.0,2021,Celta,4
2021-01-08,Fri,LaLiga,Away,W,4.0,0.0,Celta,,15.0,6.0,18.0,15.0,0.0,0.0,1.0,0.0,2021,Villarreal,4
2021-01-09,Sat,LaLiga,Away,W,4.0,0.0,Granada,,13.0,4.0,3.0,16.0,3.0,0.0,2.0,1.0,2021,Barcelona,5
2021-01-09,Sat,LaLiga,Home,L,0.0,4.0,Barcelona,,8.0,4.0,16.0,3.0,2.0,1.0,3.0,0.0,2021,Granada,5
2021-01-09,Sat,LaLiga,Home,D,0.0,0.0,Real Madrid,,8.0,2.0,9.0,3.0,0.0,0.0,0.0,0.0,2021,Osasuna,5
2021-01-09,Sat,LaLiga,Away,D,0.0,0.0,Osasuna,,9.0,1.0,3.0,9.0,0.0,0.0,0.0,0.0,2021,Real Madrid,5
2021-01-09,Sat,LaLiga,Home,W,3.0,2.0,Sociedad,,12.0,7.0,8.0,18.0,0.0,0.0,3.0,0.0,2021,Sevilla,5
2021-01-09,Sat,LaLiga,Away,L,2.0,3.0,Sevilla,,10.0,4.0,18.0,8.0,3.0,0.0,0.0,0.0,2021,Sociedad,5
2021-01-10,Sun,LaLiga,Away,L,1.0,3.0,Cadiz,,5.0,2.0,10.0,17.0,4.0,1.0,1.0,0.0,2021,Alaves,6
2021-01-10,Sun,LaLiga,Home,W,3.0,1.0,Alaves,,10.0,7.0,17.0,10.0,1.0,0.0,4.0,1.0,2021,Cadiz,6
2021-01-10,Sun,LaLiga,Away,L,1.0,2.0,Levante,,17.0,4.0,8.0,12.0,0.0,0.0,2.0,0.0,2021,Eibar,6
2021-01-10,Sun,LaLiga,Home,W,2.0,1.0,Eibar,,4.0,2.0,12.0,8.0,2.0,0.0,0.0,0.0,2021,Levante,6
2021-01-10,Sun,LaLiga,Away,W,1.0,0.0,Valladolid,,17.0,6.0,14.0,14.0,3.0,0.0,2.0,0.0,2021,Valencia,6
2021-01-10,Sun,LaLiga,Home,L,0.0,1.0,Valencia,,11.0,4.0,14.0,14.0,2.0,0.0,3.0,0.0,2021,Valladolid,6
2021-01-11,Mon,LaLiga,Away,W,2.0,0.0,Huesca,,15.0,5.0,13.0,12.0,2.0,1.0,2.0,0.0,2021,Betis,0
2021-01-11,Mon,LaLiga,Home,L,1.0,3.0,Getafe,,7.0,4.0,14.0,16.0,4.0,1.0,2.0,0.0,2021,Elche,0
2021-01-11,Mon,LaLiga,Away,W,3.0,1.0,Elche,,14.0,7.0,16.0,14.0,2.0,0.0,4.0,1.0,2021,Getafe,0
2021-01-11,Mon,LaLiga,Home,L,0.0,2.0,Betis,,10.0,3.0,12.0,13.0,2.0,0.0,2.0,1.0,2021,Huesca,0
2021-01-12,Tue,LaLiga,Home,W,2.0,0.0,Sevilla,,5.0,4.0,14.0,11.0,2.0,0.0,0.0,0.0,2021,Ath Madrid,1
2021-01-12,Tue,LaLiga,Home,W,2.0,0.0,Osasuna,,9.0,2.0,16.0,17.0,1.0,0.0,4.0,0.0,2021,Granada,1
2021-01-12,Tue,LaLiga,Away,L,0.0,2.0,Granada,,15.0,3.0,17.0,16.0,4.0,0.0,1.0,0.0,2021,Osasuna,1
2021-01-12,Tue,LaLiga,Away,L,0.0,2.0,Ath Madrid,,13.0,2.0,11.0,14.0,0.0,0.0,2.0,0.0,2021,Sevilla,1
2021-01-19,Tue,LaLiga,Home,L,1.0,2.0,Sevilla,,12.0,3.0,15.0,14.0,3.0,0.0,3.0,0.0,2021,Alaves,1
2021-01-19,Tue,LaLiga,Home,D,2.0,2.0,Levante,,8.0,2.0,13.0,11.0,3.0,0.0,1.0,0.0,2021,Cadiz,1
2021-01-19,Tue,LaLiga,Away,D,2.0,2.0,Valladolid,,9.0,3.0,19.0,14.0,3.0,0.0,1.0,1.0,2021,Elche,1
2021-01-19,Tue,LaLiga,Away,D,2.0,2.0,Cadiz,,8.0,5.0,11.0,13.0,1.0,0.0,3.0,0.0,2021,Levante,1
2021-01-19,Tue,LaLiga,Away,W,2.0,1.0,Alaves,,7.0,3.0,14.0,15.0,3.0,0.0,3.0,0.0,2021,Sevilla,1
2021-01-19,Tue,LaLiga,Home,D,2.0,2.0,Elche,,13.0,2.0,14.0,19.0,1.0,1.0,3.0,0.0,2021,Valladolid,1
2021-01-20,Wed,LaLiga,Home,W,2.0,1.0,Celta,,12.0,4.0,13.0,15.0,2.0,0.0,3.0,0.0,2021,Betis,2
2021-01-20,Wed,LaLiga,Away,L,1.0,2.0,Betis,,10.0,3.0,15.0,13.0,3.0,0.0,2.0,0.0,2021,Celta,2
2021-01-20,Wed,LaLiga,Home,W,1.0,0.0,Huesca,,12.0,5.0,15.0,14.0,2.0,0.0,4.0,0.0,2021,Getafe,2
2021-01-20,Wed,LaLiga,Away,D,2.0,2.0,Villarreal,,3.0,2.0,11.0,11.0,4.0,1.0,2.0,0.0,2021,Granada,2
2021-01-20,Wed,LaLiga,Away,L,0.0,1.0,Getafe,,15.0,3.0,14.0,15.0,4.0,0.0,2.0,0.0,2021,Huesca,2
2021-01-20,Wed,LaLiga,Home,D,2.0,2.0,Granada,,9.0,3.0,11.0,11.0,2.0,0.0,4.0,1.0,2021,Villarreal,2
2021-01-21,Thu,LaLiga,Away,W,2.0,1.0,Eibar,,9.0,4.0,9.0,24.0,2.0,0.0,2.0,0.0,2021,Ath Madrid,3
2021-01-21,Thu,LaLiga,Home,L,1.0,2.0,Ath Madrid,,12.0,2.0,24.0,9.0,2.0,0.0,2.0,0.0,2021,Eibar,3
2021-01-21,Thu,LaLiga,Away,D,1.0,1.0,Valencia,,14.0,5.0,17.0,8.0,3.0,0.0,1.0,0.0,2021,Osasuna,3
2021-01-21,Thu,LaLiga,Home,D,1.0,1.0,Osasuna,,10.0,3.0,8.0,17.0,1.0,0.0,3.0,0.0,2021,Valencia,3
2021-01-22,Fri,LaLiga,Home,D,2.0,2.0,Valladolid,,11.0,3.0,16.0,12.0,0.0,0.0,1.0,0.0,2021,Levante,4
2021-01-22,Fri,LaLiga,Away,D,2.0,2.0,Levante,,7.0,3.0,12.0,16.0,1.0,0.0,0.0,0.0,2021,Valladolid,4
2021-01-23,Sat,LaLiga,Home,L,1.0,4.0,Real Madrid,,14.0,4.0,16.0,7.0,5.0,0.0,3.0,0.0,2021,Alaves,5
2021-01-23,Sat,LaLiga,Away,D,2.0,2.0,Sociedad,,7.0,4.0,13.0,14.0,2.0,0.0,2.0,0.0,2021,Betis,5
2021-01-23,Sat,LaLiga,Away,L,0.0,3.0,Sevilla,,9.0,3.0,6.0,12.0,3.0,0.0,1.0,0.0,2021,Cadiz,5
2021-01-23,Sat,LaLiga,Home,D,0.0,0.0,Villarreal,,5.0,1.0,9.0,15.0,3.0,0.0,1.0,0.0,2021,Huesca,5
2021-01-23,Sat,LaLiga,Away,W,4.0,1.0,Alaves,,10.0,7.0,7.0,16.0,3.0,0.0,5.0,0.0,2021,Real Madrid,5
2021-01-23,Sat,LaLiga,Home,W,3.0,0.0,Cadiz,,15.0,7.0,12.0,6.0,1.0,0.0,3.0,0.0,2021,Sevilla,5
2021-01-23,Sat,LaLiga,Home,D,2.0,2.0,Betis,,12.0,6.0,14.0,13.0,2.0,0.0,2.0,0.0,2021,Sociedad,5
2021-01-23,Sat,LaLiga,Away,D,0.0,0.0,Huesca,,8.0,2.0,15.0,9.0,1.0,0.0,3.0,0.0,2021,Villarreal,5
2021-01-24,Sun,LaLiga,Home,W,3.0,1.0,Valencia,,14.0,5.0,11.0,14.0,2.0,0.0,0.0,0.0,2021,Ath Madrid,6
2021-01-24,Sun,LaLiga,Away,W,2.0,0.0,Elche,,15.0,8.0,9.0,15.0,2.0,0.0,0.0,0.0,2021,Barcelona,6
2021-01-24,Sun,LaLiga,Home,D,1.0,1.0,Eibar,,7.0,4.0,10.0,16.0,4.0,0.0,3.0,0.0,2021,Celta,6
2021-01-24,Sun,LaLiga,Away,D,1.0,1.0,Celta,,9.0,2.0,16.0,10.0,3.0,0.0,4.0,0.0,2021,Eibar,6
2021-01-24,Sun,LaLiga,Home,L,0.0,2.0,Barcelona,,4.0,2.0,15.0,9.0,0.0,0.0,2.0,0.0,2021,Elche,6
2021-01-24,Sun,LaLiga,Away,L,1.0,3.0,Osasuna,,12.0,1.0,15.0,15.0,4.0,0.0,5.0,1.0,2021,Granada,6
2021-01-24,Sun,LaLiga,Home,W,3.0,1.0,Granada,,7.0,4.0,15.0,15.0,5.0,1.0,4.0,0.0,2021,Osasuna,6
2021-01-24,Sun,LaLiga,Away,L,1.0,3.0,Ath Madrid,,8.0,4.0,14.0,11.0,0.0,0.0,2.0,0.0,2021,Valencia,6
2021-01-25,Mon,LaLiga,Home,W,5.0,1.0,Getafe,,11.0,8.0,13.0,18.0,4.0,0.0,4.0,0.0,2021,Ath Bilbao,0
2021-01-25,Mon,LaLiga,Away,L,1.0,5.0,Ath Bilbao,,6.0,2.0,18.0,13.0,4.0,0.0,4.0,0.0,2021,Getafe,0
2021-01-29,Fri,LaLiga,Away,W,3.0,1.0,Valladolid,,11.0,5.0,12.0,12.0,2.0,0.0,2.0,0.0,2021,Huesca,4
2021-01-29,Fri,LaLiga,Home,L,1.0,3.0,Huesca,,14.0,4.0,12.0,12.0,2.0,0.0,2.0,0.0,2021,Valladolid,4
2021-01-30,Sat,LaLiga,Home,L,0.0,2.0,Sevilla,,17.0,6.0,10.0,12.0,4.0,0.0,3.0,0.0,2021,Eibar,5
2021-01-30,Sat,LaLiga,Away,L,0.0,1.0,Valencia,,10.0,1.0,15.0,18.0,7.0,0.0,1.0,0.0,2021,Elche,5
2021-01-30,Sat,LaLiga,Away,W,2.0,1.0,Real Madrid,,14.0,8.0,20.0,9.0,2.0,0.0,1.0,1.0,2021,Levante,5
2021-01-30,Sat,LaLiga,Home,L,1.0,2.0,Levante,,8.0,2.0,9.0,20.0,1.0,1.0,2.0,0.0,2021,Real Madrid,5
2021-01-30,Sat,LaLiga,Away,W,2.0,0.0,Eibar,,7.0,4.0,12.0,10.0,3.0,0.0,4.0,0.0,2021,Sevilla,5
2021-01-30,Sat,LaLiga,Away,D,1.0,1.0,Villarreal,,12.0,3.0,17.0,10.0,3.0,0.0,1.0,0.0,2021,Sociedad,5
2021-01-30,Sat,LaLiga,Home,W,1.0,0.0,Elche,,14.0,4.0,18.0,15.0,1.0,0.0,7.0,0.0,2021,Valencia,5
2021-01-30,Sat,LaLiga,Home,D,1.0,1.0,Sociedad,,4.0,2.0,10.0,17.0,1.0,0.0,3.0,0.0,2021,Villarreal,5
2021-01-31,Sun,LaLiga,Away,D,0.0,0.0,Getafe,,5.0,1.0,17.0,20.0,3.0,0.0,3.0,0.0,2021,Alaves,6
2021-01-31,Sun,LaLiga,Away,L,1.0,2.0,Barcelona,,7.0,2.0,20.0,12.0,3.0,0.0,2.0,0.0,2021,Ath Bilbao,6
2021-01-31,Sun,LaLiga,Away,W,4.0,2.0,Cadiz,,9.0,4.0,7.0,7.0,5.0,0.0,1.0,0.0,2021,Ath Madrid,6
2021-01-31,Sun,LaLiga,Home,W,2.0,1.0,Ath Bilbao,,12.0,6.0,12.0,20.0,2.0,0.0,3.0,0.0,2021,Barcelona,6
2021-01-31,Sun,LaLiga,Home,L,2.0,4.0,Ath Madrid,,11.0,6.0,7.0,7.0,1.0,0.0,5.0,0.0,2021,Cadiz,6
2021-01-31,Sun,LaLiga,Away,D,0.0,0.0,Granada,,7.0,1.0,19.0,16.0,4.0,0.0,2.0,0.0,2021,Celta,6
2021-01-31,Sun,LaLiga,Home,D,0.0,0.0,Alaves,,5.0,1.0,20.0,17.0,3.0,0.0,3.0,0.0,2021,Getafe,6
2021-01-31,Sun,LaLiga,Home,D,0.0,0.0,Celta,,10.0,5.0,16.0,19.0,2.0,0.0,4.0,0.0,2021,Granada,6
2021-02-01,Mon,LaLiga,Home,W,1.0,0.0,Osasuna,,8.0,4.0,12.0,6.0,1.0,0.0,1.0,0.0,2021,Betis,0
2021-02-01,Mon,LaLiga,Away,L,0.0,1.0,Betis,,15.0,5.0,6.0,12.0,1.0,0.0,1.0,0.0,2021,Osasuna,0
2021-02-05,Fri,LaLiga,Home,W,1.0,0.0,Valladolid,,20.0,5.0,11.0,17.0,4.0,0.0,4.0,0.0,2021,Alaves,4
2021-02-05,Fri,LaLiga,Away,L,0.0,1.0,Alaves,,3.0,1.0,17.0,11.0,4.0,0.0,4.0,0.0,2021,Valladolid,4
2021-02-06,Sat,LaLiga,Home,D,2.0,2.0,Villarreal,,8.0,2.0,17.0,5.0,1.0,0.0,2.0,0.0,2021,Elche,5
2021-02-06,Sat,LaLiga,Away,L,0.0,3.0,Sevilla,,5.0,1.0,11.0,10.0,4.0,1.0,1.0,0.0,2021,Getafe,5
2021-02-06,Sat,LaLiga,Away,D,2.0,2.0,Levante,,11.0,5.0,13.0,12.0,3.0,0.0,1.0,0.0,2021,Granada,5
2021-02-06,Sat,LaLiga,Home,L,1.0,2.0,Real Madrid,,13.0,2.0,18.0,9.0,2.0,0.0,1.0,0.0,2021,Huesca,5
2021-02-06,Sat,LaLiga,Home,D,2.0,2.0,Granada,,11.0,7.0,12.0,13.0,1.0,0.0,3.0,0.0,2021,Levante,5
2021-02-06,Sat,LaLiga,Away,W,2.0,1.0,Huesca,,18.0,7.0,9.0,18.0,1.0,0.0,2.0,0.0,2021,Real Madrid,5
2021-02-06,Sat,LaLiga,Home,W,3.0,0.0,Getafe,,17.0,5.0,10.0,11.0,1.0,0.0,4.0,1.0,2021,Sevilla,5
2021-02-06,Sat,LaLiga,Away,D,2.0,2.0,Elche,,9.0,4.0,5.0,17.0,2.0,0.0,1.0,0.0,2021,Villarreal,5
2021-02-07,Sun,LaLiga,Home,D,1.0,1.0,Valencia,,11.0,2.0,10.0,8.0,2.0,0.0,1.0,0.0,2021,Ath Bilbao,6
2021-02-07,Sun,LaLiga,Away,W,3.0,2.0,Betis,,12.0,4.0,7.0,21.0,3.0,0.0,1.0,0.0,2021,Barcelona,6
2021-02-07,Sun,LaLiga,Home,L,2.0,3.0,Barcelona,,8.0,5.0,21.0,7.0,1.0,0.0,3.0,0.0,2021,Betis,6
2021-02-07,Sun,LaLiga,Away,L,1.0,4.0,Sociedad,,2.0,1.0,7.0,7.0,2.0,1.0,0.0,0.0,2021,Cadiz,6
2021-02-07,Sun,LaLiga,Away,L,1.0,2.0,Osasuna,,12.0,3.0,11.0,10.0,0.0,0.0,0.0,0.0,2021,Eibar,6
2021-02-07,Sun,LaLiga,Home,W,2.0,1.0,Eibar,,12.0,4.0,10.0,11.0,0.0,0.0,0.0,0.0,2021,Osasuna,6
2021-02-07,Sun,LaLiga,Home,W,4.0,1.0,Cadiz,,17.0,6.0,7.0,7.0,0.0,0.0,2.0,1.0,2021,Sociedad,6
2021-02-07,Sun,LaLiga,Away,D,1.0,1.0,Ath Bilbao,,15.0,2.0,8.0,10.0,1.0,0.0,2.0,0.0,2021,Valencia,6
2021-02-08,Mon,LaLiga,Home,D,2.0,2.0,Celta,,9.0,2.0,12.0,17.0,2.0,0.0,2.0,0.0,2021,Ath Madrid,0
2021-02-08,Mon,LaLiga,Away,D,2.0,2.0,Ath Madrid,,7.0,2.0,17.0,12.0,2.0,0.0,2.0,0.0,2021,Celta,0
2021-02-09,Tue,LaLiga,Away,L,0.0,2.0,Real Madrid,,1.0,0.0,16.0,8.0,1.0,0.0,1.0,0.0,2021,Getafe,1
2021-02-09,Tue,LaLiga,Home,W,2.0,0.0,Getafe,,14.0,4.0,8.0,16.0,1.0,0.0,1.0,0.0,2021,Real Madrid,1
2021-02-12,Fri,LaLiga,Home,W,3.0,1.0,Elche,,9.0,6.0,11.0,15.0,3.0,0.0,2.0,0.0,2021,Celta,4
2021-02-12,Fri,LaLiga,Away,L,1.0,3.0,Celta,,7.0,2.0,15.0,11.0,2.0,0.0,3.0,0.0,2021,Elche,4
2021-02-13,Sat,LaLiga,Away,L,1.0,5.0,Barcelona,,6.0,2.0,14.0,10.0,2.0,0.0,0.0,0.0,2021,Alaves,5
2021-02-13,Sat,LaLiga,Away,W,2.0,1.0,Granada,,10.0,4.0,20.0,14.0,5.0,0.0,0.0,0.0,2021,Ath Madrid,5
2021-02-13,Sat,LaLiga,Home,W,5.0,1.0,Alaves,,17.0,9.0,10.0,14.0,0.0,0.0,2.0,0.0,2021,Barcelona,5
2021-02-13,Sat,LaLiga,Home,D,1.0,1.0,Valladolid,,14.0,2.0,15.0,12.0,2.0,0.0,3.0,0.0,2021,Eibar,5
2021-02-13,Sat,LaLiga,Home,L,1.0,2.0,Ath Madrid,,6.0,1.0,14.0,20.0,0.0,0.0,5.0,0.0,2021,Granada,5
2021-02-13,Sat,LaLiga,Away,L,0.0,1.0,Sevilla,,9.0,5.0,15.0,14.0,4.0,0.0,3.0,0.0,2021,Huesca,5
2021-02-13,Sat,LaLiga,Home,W,1.0,0.0,Huesca,,14.0,4.0,14.0,15.0,3.0,0.0,4.0,0.0,2021,Sevilla,5
2021-02-13,Sat,LaLiga,Away,D,1.0,1.0,Eibar,,5.0,1.0,12.0,15.0,3.0,0.0,2.0,0.0,2021,Valladolid,5
2021-02-14,Sun,LaLiga,Away,W,2.0,1.0,Villarreal,,15.0,4.0,13.0,19.0,2.0,0.0,3.0,0.0,2021,Betis,6
2021-02-14,Sun,LaLiga,Home,L,0.0,1.0,Sociedad,,4.0,0.0,23.0,19.0,3.0,1.0,3.0,0.0,2021,Getafe,6
2021-02-14,Sun,LaLiga,Home,L,0.0,1.0,Osasuna,,13.0,4.0,13.0,10.0,1.0,0.0,2.0,0.0,2021,Levante,6
2021-02-14,Sun,LaLiga,Away,W,1.0,0.0,Levante,,7.0,2.0,10.0,13.0,2.0,0.0,1.0,0.0,2021,Osasuna,6
2021-02-14,Sun,LaLiga,Home,W,2.0,0.0,Valencia,,16.0,7.0,13.0,12.0,0.0,0.0,3.0,0.0,2021,Real Madrid,6
2021-02-14,Sun,LaLiga,Away,W,1.0,0.0,Getafe,,3.0,2.0,19.0,23.0,3.0,0.0,3.0,1.0,2021,Sociedad,6
2021-02-14,Sun,LaLiga,Away,L,0.0,2.0,Real Madrid,,4.0,1.0,12.0,13.0,3.0,0.0,0.0,0.0,2021,Valencia,6
2021-02-14,Sun,LaLiga,Home,L,1.0,2.0,Betis,,9.0,5.0,19.0,13.0,3.0,0.0,2.0,0.0,2021,Villarreal,6
2021-02-15,Mon,LaLiga,Away,W,4.0,0.0,Cadiz,,13.0,8.0,13.0,15.0,2.0,0.0,3.0,0.0,2021,Ath Bilbao,0
2021-02-15,Mon,LaLiga,Home,L,0.0,4.0,Ath Bilbao,,11.0,2.0,15.0,13.0,3.0,0.0,2.0,0.0,2021,Cadiz,0
2021-02-17,Wed,LaLiga,Away,D,1.0,1.0,Levante,,14.0,6.0,10.0,10.0,3.0,0.0,1.0,0.0,2021,Ath Madrid,2
2021-02-17,Wed,LaLiga,Home,D,1.0,1.0,Ath Madrid,,7.0,4.0,10.0,10.0,1.0,0.0,3.0,0.0,2021,Levante,2
2021-02-19,Fri,LaLiga,Home,W,1.0,0.0,Getafe,,12.0,5.0,17.0,18.0,5.0,1.0,4.0,0.0,2021,Betis,4
2021-02-19,Fri,LaLiga,Away,L,0.0,1.0,Betis,,6.0,1.0,18.0,17.0,4.0,0.0,5.0,1.0,2021,Getafe,4
2021-02-20,Sat,LaLiga,Home,L,0.0,2.0,Levante,,28.0,11.0,10.0,15.0,2.0,0.0,3.0,0.0,2021,Ath Madrid,5
2021-02-20,Sat,LaLiga,Away,L,0.0,2.0,Valencia,,5.0,2.0,19.0,9.0,3.0,1.0,2.0,0.0,2021,Celta,5
2021-02-20,Sat,LaLiga,Away,L,0.0,1.0,Elche,,13.0,3.0,9.0,16.0,1.0,0.0,2.0,0.0,2021,Eibar,5
2021-02-20,Sat,LaLiga,Home,W,1.0,0.0,Eibar,,6.0,2.0,16.0,9.0,2.0,0.0,1.0,0.0,2021,Elche,5
2021-02-20,Sat,LaLiga,Away,W,2.0,0.0,Ath Madrid,,6.0,1.0,15.0,10.0,3.0,0.0,2.0,0.0,2021,Levante,5
2021-02-20,Sat,LaLiga,Away,W,1.0,0.0,Valladolid,,10.0,2.0,11.0,13.0,2.0,0.0,4.0,0.0,2021,Real Madrid,5
2021-02-20,Sat,LaLiga,Home,W,2.0,0.0,Celta,,10.0,3.0,9.0,19.0,2.0,0.0,3.0,1.0,2021,Valencia,5
2021-02-20,Sat,LaLiga,Home,L,0.0,1.0,Real Madrid,,9.0,5.0,13.0,11.0,4.0,0.0,2.0,0.0,2021,Valladolid,5
2021-02-21,Sun,LaLiga,Away,L,0.0,4.0,Sociedad,,7.0,2.0,16.0,17.0,2.0,0.0,3.0,0.0,2021,Alaves,6
2021-02-21,Sun,LaLiga,Home,D,1.0,1.0,Villarreal,,18.0,8.0,12.0,12.0,2.0,0.0,2.0,0.0,2021,Ath Bilbao,6
2021-02-21,Sun,LaLiga,Home,D,1.0,1.0,Cadiz,,20.0,4.0,13.0,12.0,0.0,0.0,2.0,0.0,2021,Barcelona,6
2021-02-21,Sun,LaLiga,Away,D,1.0,1.0,Barcelona,,3.0,1.0,12.0,13.0,2.0,0.0,0.0,0.0,2021,Cadiz,6
2021-02-21,Sun,LaLiga,Away,L,2.0,3.0,Huesca,,8.0,5.0,14.0,13.0,3.0,1.0,3.0,0.0,2021,Granada,6
2021-02-21,Sun,LaLiga,Home,W,3.0,2.0,Granada,,15.0,6.0,13.0,14.0,3.0,0.0,3.0,1.0,2021,Huesca,6
2021-02-21,Sun,LaLiga,Home,W,4.0,0.0,Alaves,,8.0,4.0,17.0,16.0,3.0,0.0,2.0,0.0,2021,Sociedad,6
2021-02-21,Sun,LaLiga,Away,D,1.0,1.0,Ath Bilbao,,3.0,2.0,12.0,12.0,2.0,0.0,2.0,0.0,2021,Villarreal,6
2021-02-22,Mon,LaLiga,Home,L,0.0,2.0,Sevilla,,6.0,0.0,14.0,15.0,2.0,0.0,2.0,0.0,2021,Osasuna,0
2021-02-22,Mon,LaLiga,Away,W,2.0,0.0,Osasuna,,10.0,5.0,15.0,14.0,2.0,0.0,2.0,0.0,2021,Sevilla,0
2021-02-24,Wed,LaLiga,Home,W,3.0,0.0,Elche,,9.0,5.0,8.0,8.0,0.0,0.0,0.0,0.0,2021,Barcelona,2
2021-02-24,Wed,LaLiga,Away,L,0.0,3.0,Barcelona,,6.0,1.0,8.0,8.0,0.0,0.0,0.0,0.0,2021,Elche,2
2021-02-26,Fri,LaLiga,Away,D,1.0,1.0,Levante,,11.0,5.0,13.0,11.0,1.0,1.0,3.0,0.0,2021,Ath Bilbao,4
2021-02-26,Fri,LaLiga,Home,D,1.0,1.0,Ath Bilbao,,10.0,4.0,11.0,13.0,3.0,0.0,1.0,1.0,2021,Levante,4
2021-02-27,Sat,LaLiga,Home,L,0.0,1.0,Osasuna,,4.0,1.0,18.0,20.0,3.0,0.0,4.0,0.0,2021,Alaves,5
2021-02-27,Sat,LaLiga,Away,W,2.0,0.0,Sevilla,,9.0,5.0,9.0,20.0,2.0,0.0,5.0,0.0,2021,Barcelona,5
2021-02-27,Sat,LaLiga,Home,D,1.0,1.0,Huesca,,17.0,3.0,19.0,11.0,2.0,0.0,2.0,0.0,2021,Eibar,5
2021-02-27,Sat,LaLiga,Home,W,3.0,0.0,Valencia,,15.0,4.0,21.0,12.0,5.0,0.0,2.0,1.0,2021,Getafe,5
2021-02-27,Sat,LaLiga,Away,D,1.0,1.0,Eibar,,4.0,1.0,11.0,19.0,2.0,0.0,2.0,0.0,2021,Huesca,5
2021-02-27,Sat,LaLiga,Away,W,1.0,0.0,Alaves,,6.0,3.0,20.0,18.0,4.0,0.0,3.0,0.0,2021,Osasuna,5
2021-02-27,Sat,LaLiga,Home,L,0.0,2.0,Barcelona,,4.0,2.0,20.0,9.0,5.0,0.0,2.0,0.0,2021,Sevilla,5
2021-02-27,Sat,LaLiga,Away,L,0.0,3.0,Getafe,,5.0,0.0,12.0,21.0,2.0,1.0,5.0,0.0,2021,Valencia,5
2021-02-28,Sun,LaLiga,Away,W,2.0,0.0,Villarreal,,6.0,5.0,19.0,15.0,3.0,0.0,2.0,0.0,2021,Ath Madrid,6
2021-02-28,Sun,LaLiga,Away,W,1.0,0.0,Cadiz,,9.0,4.0,13.0,9.0,2.0,0.0,1.0,0.0,2021,Betis,6
2021-02-28,Sun,LaLiga,Home,L,0.0,1.0,Betis,,5.0,3.0,9.0,13.0,1.0,0.0,2.0,0.0,2021,Cadiz,6
2021-02-28,Sun,LaLiga,Home,D,1.0,1.0,Valladolid,,11.0,2.0,20.0,20.0,3.0,0.0,5.0,0.0,2021,Celta,6
2021-02-28,Sun,LaLiga,Away,L,1.0,2.0,Granada,,12.0,4.0,12.0,14.0,2.0,0.0,3.0,0.0,2021,Elche,6
2021-02-28,Sun,LaLiga,Home,W,2.0,1.0,Elche,,13.0,4.0,14.0,12.0,3.0,0.0,2.0,0.0,2021,Granada,6
2021-02-28,Sun,LaLiga,Away,D,1.0,1.0,Celta,,7.0,3.0,20.0,20.0,5.0,0.0,3.0,0.0,2021,Valladolid,6
2021-02-28,Sun,LaLiga,Home,L,0.0,2.0,Ath Madrid,,19.0,6.0,15.0,19.0,2.0,0.0,3.0,0.0,2021,Villarreal,6
2021-03-01,Mon,LaLiga,Home,D,1.0,1.0,Sociedad,,21.0,2.0,5.0,10.0,0.0,0.0,1.0,0.0,2021,Real Madrid,0
2021-03-01,Mon,LaLiga,Away,D,1.0,1.0,Real Madrid,,6.0,2.0,10.0,5.0,1.0,0.0,0.0,0.0,2021,Sociedad,0
2021-03-05,Fri,LaLiga,Home,W,2.0,1.0,Villarreal,,25.0,4.0,12.0,10.0,4.0,0.0,3.0,0.0,2021,Valencia,4
2021-03-05,Fri,LaLiga,Away,L,1.0,2.0,Valencia,,10.0,5.0,10.0,12.0,3.0,0.0,4.0,0.0,2021,Villarreal,4
2021-03-06,Sat,LaLiga,Away,W,2.0,0.0,Osasuna,,13.0,6.0,12.0,4.0,2.0,0.0,0.0,0.0,2021,Barcelona,5
2021-03-06,Sat,LaLiga,Home,W,1.0,0.0,Eibar,,6.0,2.0,7.0,11.0,2.0,0.0,2.0,0.0,2021,Cadiz,5
2021-03-06,Sat,LaLiga,Away,L,0.0,1.0,Cadiz,,16.0,1.0,11.0,7.0,2.0,0.0,2.0,0.0,2021,Eibar,5
2021-03-06,Sat,LaLiga,Home,W,2.0,1.0,Sevilla,,6.0,3.0,16.0,11.0,4.0,0.0,0.0,0.0,2021,Elche,5
2021-03-06,Sat,LaLiga,Away,L,1.0,2.0,Valladolid,,9.0,2.0,19.0,16.0,2.0,1.0,2.0,0.0,2021,Getafe,5
2021-03-06,Sat,LaLiga,Home,L,0.0,2.0,Barcelona,,10.0,3.0,4.0,12.0,0.0,0.0,2.0,0.0,2021,Osasuna,5
2021-03-06,Sat,LaLiga,Away,L,1.0,2.0,Elche,,11.0,3.0,11.0,16.0,0.0,0.0,4.0,0.0,2021,Sevilla,5
2021-03-06,Sat,LaLiga,Home,W,2.0,1.0,Getafe,,4.0,3.0,16.0,19.0,2.0,0.0,2.0,1.0,2021,Valladolid,5
2021-03-07,Sun,LaLiga,Home,W,2.0,1.0,Granada,,7.0,5.0,10.0,10.0,2.0,0.0,2.0,0.0,2021,Ath Bilbao,6
2021-03-07,Sun,LaLiga,Home,D,1.0,1.0,Real Madrid,,11.0,5.0,19.0,9.0,5.0,0.0,1.0,0.0,2021,Ath Madrid,6
2021-03-07,Sun,LaLiga,Away,W,4.0,3.0,Huesca,,10.0,7.0,21.0,12.0,2.0,0.0,0.0,0.0,2021,Celta,6
2021-03-07,Sun,LaLiga,Away,L,1.0,2.0,Ath Bilbao,,13.0,3.0,10.0,10.0,2.0,0.0,2.0,0.0,2021,Granada,6
2021-03-07,Sun,LaLiga,Home,L,3.0,4.0,Celta,,19.0,7.0,12.0,21.0,0.0,0.0,2.0,0.0,2021,Huesca,6
2021-03-07,Sun,LaLiga,Away,L,0.0,1.0,Sociedad,,6.0,1.0,14.0,13.0,2.0,0.0,0.0,0.0,2021,Levante,6
2021-03-07,Sun,LaLiga,Away,D,1.0,1.0,Ath Madrid,,18.0,8.0,9.0,19.0,1.0,0.0,5.0,0.0,2021,Real Madrid,6
2021-03-07,Sun,LaLiga,Home,W,1.0,0.0,Levante,,25.0,8.0,13.0,14.0,0.0,0.0,2.0,0.0,2021,Sociedad,6
2021-03-08,Mon,LaLiga,Away,L,2.0,3.0,Betis,,4.0,3.0,11.0,13.0,3.0,0.0,0.0,0.0,2021,Alaves,0
2021-03-08,Mon,LaLiga,Home,W,3.0,2.0,Alaves,,23.0,8.0,13.0,11.0,0.0,0.0,3.0,0.0,2021,Betis,0
2021-03-10,Wed,LaLiga,Away,L,1.0,2.0,Ath Madrid,,4.0,2.0,13.0,12.0,2.0,0.0,2.0,0.0,2021,Ath Bilbao,2
2021-03-10,Wed,LaLiga,Home,W,2.0,1.0,Ath Bilbao,,11.0,5.0,12.0,13.0,2.0,0.0,2.0,0.0,2021,Ath Madrid,2
2021-03-12,Fri,LaLiga,Home,W,1.0,0.0,Valencia,,11.0,3.0,17.0,13.0,3.0,0.0,4.0,0.0,2021,Levante,4
2021-03-12,Fri,LaLiga,Away,L,0.0,1.0,Levante,,11.0,2.0,13.0,17.0,4.0,0.0,3.0,0.0,2021,Valencia,4
2021-03-13,Sat,LaLiga,Home,D,1.0,1.0,Cadiz,,9.0,3.0,22.0,6.0,3.0,1.0,3.0,0.0,2021,Alaves,5
2021-03-13,Sat,LaLiga,Away,D,0.0,0.0,Getafe,,15.0,7.0,17.0,9.0,4.0,0.0,1.0,1.0,2021,Ath Madrid,5
2021-03-13,Sat,LaLiga,Away,D,1.0,1.0,Alaves,,9.0,1.0,6.0,22.0,3.0,0.0,3.0,1.0,2021,Cadiz,5
2021-03-13,Sat,LaLiga,Away,L,1.0,2.0,Real Madrid,,3.0,2.0,16.0,11.0,1.0,0.0,1.0,0.0,2021,Elche,5
2021-03-13,Sat,LaLiga,Home,D,0.0,0.0,Ath Madrid,,11.0,2.0,9.0,17.0,1.0,1.0,4.0,0.0,2021,Getafe,5
2021-03-13,Sat,LaLiga,Home,D,0.0,0.0,Valladolid,,14.0,2.0,12.0,9.0,2.0,0.0,3.0,0.0,2021,Osasuna,5
2021-03-13,Sat,LaLiga,Home,W,2.0,1.0,Elche,,17.0,4.0,11.0,16.0,1.0,0.0,1.0,0.0,2021,Real Madrid,5
2021-03-13,Sat,LaLiga,Away,D,0.0,0.0,Osasuna,,12.0,2.0,9.0,12.0,3.0,0.0,2.0,0.0,2021,Valladolid,5
2021-03-14,Sun,LaLiga,Away,D,0.0,0.0,Celta,,6.0,1.0,13.0,20.0,1.0,0.0,3.0,0.0,2021,Ath Bilbao,6
2021-03-14,Sun,LaLiga,Away,L,0.0,1.0,Sevilla,,13.0,3.0,14.0,12.0,5.0,0.0,3.0,0.0,2021,Betis,6
2021-03-14,Sun,LaLiga,Home,D,0.0,0.0,Ath Bilbao,,13.0,3.0,20.0,13.0,3.0,0.0,1.0,0.0,2021,Celta,6
2021-03-14,Sun,LaLiga,Home,L,1.0,3.0,Villarreal,,16.0,7.0,12.0,9.0,2.0,0.0,2.0,1.0,2021,Eibar,6
2021-03-14,Sun,LaLiga,Home,W,1.0,0.0,Sociedad,,7.0,2.0,23.0,16.0,2.0,0.0,3.0,0.0,2021,Granada,6
2021-03-14,Sun,LaLiga,Home,W,1.0,0.0,Betis,,9.0,3.0,12.0,14.0,3.0,0.0,5.0,0.0,2021,Sevilla,6
2021-03-14,Sun,LaLiga,Away,L,0.0,1.0,Granada,,7.0,1.0,16.0,23.0,3.0,0.0,2.0,0.0,2021,Sociedad,6
2021-03-14,Sun,LaLiga,Away,W,3.0,1.0,Eibar,,13.0,8.0,9.0,12.0,2.0,1.0,2.0,0.0,2021,Villarreal,6
2021-03-15,Mon,LaLiga,Home,W,4.0,1.0,Huesca,,12.0,5.0,8.0,13.0,0.0,0.0,2.0,0.0,2021,Barcelona,0
2021-03-15,Mon,LaLiga,Away,L,1.0,4.0,Barcelona,,8.0,4.0,13.0,8.0,2.0,0.0,0.0,0.0,2021,Huesca,0
2021-03-17,Wed,LaLiga,Away,L,0.0,2.0,Sevilla,,11.0,5.0,8.0,9.0,1.0,0.0,2.0,0.0,2021,Elche,2
2021-03-17,Wed,LaLiga,Home,W,2.0,0.0,Elche,,13.0,8.0,9.0,8.0,2.0,0.0,1.0,0.0,2021,Sevilla,2
2021-03-19,Fri,LaLiga,Home,W,2.0,0.0,Levante,,15.0,6.0,14.0,10.0,2.0,0.0,0.0,0.0,2021,Betis,4
2021-03-19,Fri,LaLiga,Away,L,0.0,2.0,Betis,,7.0,1.0,10.0,14.0,0.0,0.0,2.0,0.0,2021,Levante,4
2021-03-20,Sat,LaLiga,Home,D,1.0,1.0,Eibar,,18.0,4.0,5.0,15.0,1.0,0.0,1.0,0.0,2021,Ath Bilbao,5
2021-03-20,Sat,LaLiga,Home,L,1.0,3.0,Real Madrid,,8.0,3.0,23.0,13.0,3.0,0.0,4.0,0.0,2021,Celta,5
2021-03-20,Sat,LaLiga,Away,D,1.0,1.0,Ath Bilbao,,4.0,2.0,15.0,5.0,1.0,0.0,1.0,0.0,2021,Eibar,5
2021-03-20,Sat,LaLiga,Home,D,0.0,0.0,Osasuna,,15.0,3.0,9.0,13.0,1.0,0.0,2.0,0.0,2021,Huesca,5
2021-03-20,Sat,LaLiga,Away,D,0.0,0.0,Huesca,,7.0,2.0,13.0,9.0,2.0,0.0,1.0,0.0,2021,Osasuna,5
2021-03-20,Sat,LaLiga,Away,W,3.0,1.0,Celta,,16.0,4.0,13.0,23.0,4.0,0.0,3.0,0.0,2021,Real Madrid,5
2021-03-20,Sat,LaLiga,Away,D,1.0,1.0,Valladolid,,12.0,4.0,10.0,17.0,1.0,0.0,3.0,0.0,2021,Sevilla,5
2021-03-20,Sat,LaLiga,Home,D,1.0,1.0,Sevilla,,3.0,2.0,17.0,10.0,3.0,0.0,1.0,0.0,2021,Valladolid,5
2021-03-21,Sun,LaLiga,Away,L,0.0,1.0,Ath Madrid,,9.0,3.0,12.0,17.0,3.0,0.0,3.0,0.0,2021,Alaves,6
2021-03-21,Sun,LaLiga,Home,W,1.0,0.0,Alaves,,8.0,4.0,17.0,12.0,3.0,0.0,3.0,0.0,2021,Ath Madrid,6
2021-03-21,Sun,LaLiga,Away,W,6.0,1.0,Sociedad,,14.0,10.0,12.0,11.0,2.0,0.0,3.0,0.0,2021,Barcelona,6
2021-03-21,Sun,LaLiga,Away,L,1.0,2.0,Villarreal,,9.0,3.0,6.0,14.0,3.0,0.0,3.0,0.0,2021,Cadiz,6
2021-03-21,Sun,LaLiga,Away,D,1.0,1.0,Getafe,,6.0,2.0,21.0,17.0,7.0,0.0,3.0,0.0,2021,Elche,6
2021-03-21,Sun,LaLiga,Home,D,1.0,1.0,Elche,,12.0,5.0,17.0,21.0,3.0,0.0,7.0,0.0,2021,Getafe,6
2021-03-21,Sun,LaLiga,Away,L,1.0,2.0,Valencia,,15.0,3.0,11.0,11.0,3.0,0.0,0.0,0.0,2021,Granada,6
2021-03-21,Sun,LaLiga,Home,L,1.0,6.0,Barcelona,,10.0,5.0,11.0,12.0,3.0,0.0,2.0,0.0,2021,Sociedad,6
2021-03-21,Sun,LaLiga,Home,W,2.0,1.0,Granada,,18.0,9.0,11.0,11.0,0.0,0.0,3.0,0.0,2021,Valencia,6
2021-03-21,Sun,LaLiga,Home,W,2.0,1.0,Cadiz,,13.0,4.0,14.0,6.0,3.0,0.0,3.0,0.0,2021,Villarreal,6
2021-04-02,Fri,LaLiga,Away,W,2.0,0.0,Levante,,6.0,2.0,7.0,15.0,2.0,0.0,2.0,0.0,2021,Huesca,4
2021-04-02,Fri,LaLiga,Home,L,0.0,2.0,Huesca,,13.0,3.0,15.0,7.0,2.0,0.0,2.0,0.0,2021,Levante,4
2021-04-03,Sat,LaLiga,Away,L,0.0,2.0,Real Madrid,,10.0,4.0,8.0,6.0,2.0,0.0,0.0,0.0,2021,Eibar,5
2021-04-03,Sat,LaLiga,Away,D,0.0,0.0,Osasuna,,6.0,2.0,18.0,23.0,3.0,0.0,2.0,0.0,2021,Getafe,5
2021-04-03,Sat,LaLiga,Home,L,0.0,3.0,Villarreal,,6.0,2.0,14.0,14.0,2.0,0.0,2.0,0.0,2021,Granada,5
2021-04-03,Sat,LaLiga,Home,D,0.0,0.0,Getafe,,4.0,1.0,23.0,18.0,2.0,0.0,3.0,0.0,2021,Osasuna,5
2021-04-03,Sat,LaLiga,Home,W,2.0,0.0,Eibar,,21.0,8.0,6.0,8.0,0.0,0.0,2.0,0.0,2021,Real Madrid,5
2021-04-03,Sat,LaLiga,Away,W,3.0,0.0,Granada,,15.0,6.0,14.0,14.0,2.0,0.0,2.0,0.0,2021,Villarreal,5
2021-04-04,Sun,LaLiga,Home,L,1.0,3.0,Celta,,17.0,7.0,9.0,21.0,4.0,0.0,5.0,1.0,2021,Alaves,6
2021-04-04,Sun,LaLiga,Away,L,0.0,1.0,Sevilla,,9.0,4.0,11.0,13.0,4.0,0.0,2.0,0.0,2021,Ath Madrid,6
2021-04-04,Sun,LaLiga,Away,D,1.0,1.0,Elche,,13.0,3.0,15.0,9.0,4.0,0.0,1.0,0.0,2021,Betis,6
2021-04-04,Sun,LaLiga,Home,W,2.0,1.0,Valencia,,6.0,2.0,10.0,7.0,2.0,0.0,2.0,0.0,2021,Cadiz,6
2021-04-04,Sun,LaLiga,Away,W,3.0,1.0,Alaves,,8.0,6.0,21.0,9.0,5.0,1.0,4.0,0.0,2021,Celta,6
2021-04-04,Sun,LaLiga,Home,D,1.0,1.0,Betis,,7.0,3.0,9.0,15.0,1.0,0.0,4.0,0.0,2021,Elche,6
2021-04-04,Sun,LaLiga,Home,W,1.0,0.0,Ath Madrid,,18.0,5.0,13.0,11.0,2.0,0.0,4.0,0.0,2021,Sevilla,6
2021-04-04,Sun,LaLiga,Away,L,1.0,2.0,Cadiz,,12.0,6.0,7.0,10.0,2.0,0.0,2.0,0.0,2021,Valencia,6
2021-04-05,Mon,LaLiga,Home,W,1.0,0.0,Valladolid,,25.0,10.0,12.0,13.0,3.0,0.0,3.0,1.0,2021,Barcelona,0
2021-04-05,Mon,LaLiga,Away,L,0.0,1.0,Barcelona,,7.0,2.0,13.0,12.0,3.0,1.0,3.0,0.0,2021,Valladolid,0
2021-04-07,Wed,LaLiga,Away,D,1.0,1.0,Sociedad,,11.0,2.0,7.0,18.0,1.0,0.0,3.0,0.0,2021,Ath Bilbao,2
2021-04-07,Wed,LaLiga,Home,D,1.0,1.0,Ath Bilbao,,12.0,2.0,18.0,7.0,3.0,0.0,1.0,0.0,2021,Sociedad,2
2021-04-09,Fri,LaLiga,Away,L,1.0,3.0,Huesca,,8.0,2.0,13.0,17.0,2.0,0.0,2.0,0.0,2021,Elche,4
2021-04-09,Fri,LaLiga,Home,W,3.0,1.0,Elche,,8.0,5.0,17.0,13.0,2.0,0.0,2.0,0.0,2021,Huesca,4
2021-04-10,Sat,LaLiga,Away,D,0.0,0.0,Ath Bilbao,,9.0,0.0,15.0,13.0,2.0,0.0,2.0,0.0,2021,Alaves,5
2021-04-10,Sat,LaLiga,Home,D,0.0,0.0,Alaves,,11.0,4.0,13.0,15.0,2.0,0.0,2.0,0.0,2021,Ath Bilbao,5
2021-04-10,Sat,LaLiga,Away,L,1.0,2.0,Real Madrid,,18.0,4.0,10.0,16.0,4.0,0.0,3.0,1.0,2021,Barcelona,5
2021-04-10,Sat,LaLiga,Away,W,1.0,0.0,Getafe,,8.0,3.0,13.0,10.0,2.0,0.0,3.0,0.0,2021,Cadiz,5
2021-04-10,Sat,LaLiga,Home,L,0.0,1.0,Levante,,10.0,4.0,9.0,7.0,3.0,0.0,2.0,0.0,2021,Eibar,5
2021-04-10,Sat,LaLiga,Home,L,0.0,1.0,Cadiz,,19.0,4.0,10.0,13.0,3.0,0.0,2.0,0.0,2021,Getafe,5
2021-04-10,Sat,LaLiga,Away,W,1.0,0.0,Eibar,,6.0,1.0,7.0,9.0,2.0,0.0,3.0,0.0,2021,Levante,5
2021-04-10,Sat,LaLiga,Home,W,2.0,1.0,Barcelona,,14.0,3.0,16.0,10.0,3.0,1.0,4.0,0.0,2021,Real Madrid,5
2021-04-11,Sun,LaLiga,Away,D,1.0,1.0,Betis,,10.0,4.0,13.0,12.0,0.0,0.0,0.0,0.0,2021,Ath Madrid,6
2021-04-11,Sun,LaLiga,Home,D,1.0,1.0,Ath Madrid,,8.0,4.0,12.0,13.0,0.0,0.0,0.0,0.0,2021,Betis,6
2021-04-11,Sun,LaLiga,Away,W,2.0,1.0,Valladolid,,12.0,6.0,15.0,14.0,2.0,0.0,4.0,0.0,2021,Granada,6
2021-04-11,Sun,LaLiga,Away,W,2.0,1.0,Villarreal,,12.0,4.0,12.0,6.0,0.0,0.0,0.0,0.0,2021,Osasuna,6
2021-04-11,Sun,LaLiga,Away,D,2.0,2.0,Valencia,,16.0,5.0,17.0,11.0,4.0,0.0,6.0,1.0,2021,Sociedad,6
2021-04-11,Sun,LaLiga,Home,D,2.0,2.0,Sociedad,,9.0,2.0,11.0,17.0,6.0,1.0,4.0,0.0,2021,Valencia,6
2021-04-11,Sun,LaLiga,Home,L,1.0,2.0,Granada,,7.0,3.0,14.0,15.0,4.0,0.0,2.0,0.0,2021,Valladolid,6
2021-04-11,Sun,LaLiga,Home,L,1.0,2.0,Osasuna,,15.0,6.0,6.0,12.0,0.0,0.0,0.0,0.0,2021,Villarreal,6
2021-04-12,Mon,LaLiga,Home,L,3.0,4.0,Sevilla,,12.0,5.0,18.0,15.0,3.0,0.0,2.0,0.0,2021,Celta,0
2021-04-12,Mon,LaLiga,Away,W,4.0,3.0,Celta,,13.0,6.0,15.0,18.0,2.0,0.0,3.0,0.0,2021,Sevilla,0
2021-04-18,Sun,LaLiga,Home,W,1.0,0.0,Huesca,,10.0,2.0,15.0,13.0,1.0,0.0,2.0,0.0,2021,Alaves,6
2021-04-18,Sun,LaLiga,Home,W,5.0,0.0,Eibar,,10.0,7.0,10.0,10.0,0.0,0.0,1.0,0.0,2021,Ath Madrid,6
2021-04-18,Sun,LaLiga,Home,D,2.0,2.0,Valencia,,9.0,5.0,12.0,10.0,3.0,0.0,1.0,0.0,2021,Betis,6
2021-04-18,Sun,LaLiga,Home,D,0.0,0.0,Celta,,5.0,2.0,6.0,13.0,0.0,0.0,1.0,0.0,2021,Cadiz,6
2021-04-18,Sun,LaLiga,Away,D,0.0,0.0,Cadiz,,11.0,4.0,13.0,6.0,1.0,0.0,0.0,0.0,2021,Celta,6
2021-04-18,Sun,LaLiga,Away,L,0.0,5.0,Ath Madrid,,0.0,0.0,10.0,10.0,1.0,0.0,0.0,0.0,2021,Eibar,6
2021-04-18,Sun,LaLiga,Away,L,0.0,2.0,Osasuna,,8.0,2.0,15.0,14.0,1.0,0.0,2.0,0.0,2021,Elche,6
2021-04-18,Sun,LaLiga,Home,D,0.0,0.0,Real Madrid,,19.0,6.0,17.0,8.0,3.0,0.0,1.0,0.0,2021,Getafe,6
2021-04-18,Sun,LaLiga,Away,L,0.0,1.0,Alaves,,9.0,1.0,13.0,15.0,2.0,0.0,1.0,0.0,2021,Huesca,6
2021-04-18,Sun,LaLiga,Home,L,1.0,5.0,Villarreal,,12.0,3.0,9.0,7.0,2.0,0.0,1.0,0.0,2021,Levante,6
2021-04-18,Sun,LaLiga,Home,W,2.0,0.0,Elche,,9.0,3.0,14.0,15.0,2.0,0.0,1.0,0.0,2021,Osasuna,6
2021-04-18,Sun,LaLiga,Away,D,0.0,0.0,Getafe,,10.0,2.0,8.0,17.0,1.0,0.0,3.0,0.0,2021,Real Madrid,6
2021-04-18,Sun,LaLiga,Away,W,2.0,1.0,Sociedad,,15.0,7.0,15.0,20.0,2.0,0.0,3.0,0.0,2021,Sevilla,6
2021-04-18,Sun,LaLiga,Home,L,1.0,2.0,Sevilla,,5.0,2.0,20.0,15.0,3.0,0.0,2.0,0.0,2021,Sociedad,6
2021-04-18,Sun,LaLiga,Away,D,2.0,2.0,Betis,,9.0,3.0,10.0,12.0,1.0,0.0,3.0,0.0,2021,Valencia,6
2021-04-18,Sun,LaLiga,Away,W,5.0,1.0,Levante,,14.0,7.0,7.0,9.0,1.0,0.0,2.0,0.0,2021,Villarreal,6
2021-04-21,Wed,LaLiga,Home,W,2.0,1.0,Villarreal,,9.0,4.0,8.0,11.0,2.0,0.0,1.0,0.0,2021,Alaves,2
2021-04-21,Wed,LaLiga,Away,D,0.0,0.0,Betis,,16.0,4.0,16.0,10.0,2.0,0.0,3.0,1.0,2021,Ath Bilbao,2
2021-04-21,Wed,LaLiga,Home,D,0.0,0.0,Ath Bilbao,,6.0,2.0,10.0,16.0,3.0,1.0,2.0,0.0,2021,Betis,2
2021-04-21,Wed,LaLiga,Home,L,0.0,3.0,Real Madrid,,14.0,3.0,13.0,21.0,4.0,0.0,3.0,0.0,2021,Cadiz,2
2021-04-21,Wed,LaLiga,Home,D,1.0,1.0,Valladolid,,9.0,3.0,23.0,11.0,5.0,0.0,3.0,0.0,2021,Elche,2
2021-04-21,Wed,LaLiga,Home,L,0.0,1.0,Sevilla,,6.0,1.0,15.0,13.0,4.0,0.0,1.0,0.0,2021,Levante,2
2021-04-21,Wed,LaLiga,Home,W,3.0,1.0,Valencia,,18.0,9.0,17.0,11.0,1.0,0.0,2.0,0.0,2021,Osasuna,2
2021-04-21,Wed,LaLiga,Away,W,3.0,0.0,Cadiz,,14.0,4.0,21.0,13.0,3.0,0.0,4.0,0.0,2021,Real Madrid,2
2021-04-21,Wed,LaLiga,Away,W,1.0,0.0,Levante,,10.0,3.0,13.0,15.0,1.0,0.0,4.0,0.0,2021,Sevilla,2
2021-04-21,Wed,LaLiga,Away,L,1.0,3.0,Osasuna,,10.0,5.0,11.0,17.0,2.0,0.0,1.0,0.0,2021,Valencia,2
2021-04-21,Wed,LaLiga,Away,D,1.0,1.0,Elche,,12.0,4.0,11.0,23.0,3.0,0.0,5.0,0.0,2021,Valladolid,2
2021-04-21,Wed,LaLiga,Away,L,1.0,2.0,Alaves,,10.0,5.0,11.0,8.0,1.0,0.0,2.0,0.0,2021,Villarreal,2
2021-04-22,Thu,LaLiga,Home,W,2.0,0.0,Huesca,,18.0,12.0,9.0,11.0,2.0,0.0,0.0,0.0,2021,Ath Madrid,3
2021-04-22,Thu,LaLiga,Home,W,5.0,2.0,Getafe,,9.0,6.0,8.0,15.0,2.0,0.0,0.0,0.0,2021,Barcelona,3
2021-04-22,Thu,LaLiga,Away,L,1.0,2.0,Sociedad,,10.0,3.0,17.0,17.0,5.0,0.0,4.0,0.0,2021,Celta,3
2021-04-22,Thu,LaLiga,Away,L,1.0,4.0,Granada,,16.0,3.0,10.0,13.0,1.0,0.0,1.0,0.0,2021,Eibar,3
2021-04-22,Thu,LaLiga,Away,L,2.0,5.0,Barcelona,,5.0,1.0,15.0,8.0,0.0,0.0,2.0,0.0,2021,Getafe,3
2021-04-22,Thu,LaLiga,Home,W,4.0,1.0,Eibar,,8.0,4.0,13.0,10.0,1.0,0.0,1.0,0.0,2021,Granada,3
2021-04-22,Thu,LaLiga,Away,L,0.0,2.0,Ath Madrid,,5.0,2.0,11.0,9.0,0.0,0.0,2.0,0.0,2021,Huesca,3
2021-04-22,Thu,LaLiga,Home,W,2.0,1.0,Celta,,7.0,3.0,17.0,17.0,4.0,0.0,5.0,0.0,2021,Sociedad,3
2021-04-24,Sat,LaLiga,Away,D,1.0,1.0,Valencia,,6.0,2.0,16.0,17.0,0.0,1.0,4.0,0.0,2021,Alaves,5
2021-04-24,Sat,LaLiga,Away,D,0.0,0.0,Real Madrid,,6.0,2.0,13.0,17.0,2.0,0.0,1.0,0.0,2021,Betis,5
2021-04-24,Sat,LaLiga,Away,D,1.0,1.0,Valladolid,,6.0,2.0,20.0,11.0,3.0,0.0,1.0,0.0,2021,Cadiz,5
2021-04-24,Sat,LaLiga,Home,W,1.0,0.0,Levante,,8.0,3.0,10.0,14.0,3.0,0.0,4.0,0.0,2021,Elche,5
2021-04-24,Sat,LaLiga,Away,L,0.0,1.0,Elche,,6.0,1.0,14.0,10.0,4.0,0.0,3.0,0.0,2021,Levante,5
2021-04-24,Sat,LaLiga,Home,D,0.0,0.0,Betis,,17.0,5.0,17.0,13.0,1.0,0.0,2.0,0.0,2021,Real Madrid,5
2021-04-24,Sat,LaLiga,Home,D,1.0,1.0,Alaves,,9.0,2.0,17.0,16.0,4.0,0.0,0.0,1.0,2021,Valencia,5
2021-04-24,Sat,LaLiga,Home,D,1.0,1.0,Cadiz,,13.0,6.0,11.0,20.0,1.0,0.0,3.0,0.0,2021,Valladolid,5
2021-04-25,Sun,LaLiga,Home,W,2.0,1.0,Ath Madrid,,11.0,3.0,20.0,7.0,4.0,0.0,2.0,0.0,2021,Ath Bilbao,6
2021-04-25,Sun,LaLiga,Away,L,1.0,2.0,Ath Bilbao,,14.0,3.0,7.0,20.0,2.0,0.0,4.0,0.0,2021,Ath Madrid,6
2021-04-25,Sun,LaLiga,Away,W,2.0,1.0,Villarreal,,15.0,5.0,10.0,16.0,3.0,0.0,2.0,1.0,2021,Barcelona,6
2021-04-25,Sun,LaLiga,Home,W,2.0,1.0,Osasuna,,7.0,2.0,13.0,12.0,1.0,0.0,4.0,0.0,2021,Celta,6
2021-04-25,Sun,LaLiga,Away,W,2.0,0.0,Huesca,,6.0,4.0,22.0,16.0,4.0,0.0,2.0,0.0,2021,Getafe,6
2021-04-25,Sun,LaLiga,Away,L,1.0,2.0,Sevilla,,4.0,2.0,14.0,11.0,3.0,0.0,2.0,0.0,2021,Granada,6
2021-04-25,Sun,LaLiga,Home,L,0.0,2.0,Getafe,,8.0,1.0,16.0,22.0,2.0,0.0,4.0,0.0,2021,Huesca,6
2021-04-25,Sun,LaLiga,Away,L,1.0,2.0,Celta,,12.0,3.0,12.0,13.0,4.0,0.0,1.0,0.0,2021,Osasuna,6
2021-04-25,Sun,LaLiga,Home,W,2.0,1.0,Granada,,10.0,4.0,11.0,14.0,2.0,0.0,3.0,0.0,2021,Sevilla,6
2021-04-25,Sun,LaLiga,Home,L,1.0,2.0,Barcelona,,10.0,4.0,16.0,10.0,2.0,1.0,3.0,0.0,2021,Villarreal,6
2021-04-26,Mon,LaLiga,Home,L,0.0,1.0,Sociedad,,14.0,5.0,8.0,20.0,5.0,0.0,1.0,0.0,2021,Eibar,0
2021-04-26,Mon,LaLiga,Away,W,1.0,0.0,Eibar,,5.0,2.0,20.0,8.0,1.0,0.0,5.0,0.0,2021,Sociedad,0
2021-04-28,Wed,LaLiga,Home,D,2.0,2.0,Valladolid,,13.0,7.0,8.0,13.0,1.0,0.0,1.0,0.0,2021,Ath Bilbao,2
2021-04-28,Wed,LaLiga,Away,D,2.0,2.0,Ath Bilbao,,14.0,4.0,13.0,8.0,1.0,0.0,1.0,0.0,2021,Valladolid,2
2021-04-29,Thu,LaLiga,Home,L,1.0,2.0,Granada,,16.0,4.0,10.0,22.0,0.0,0.0,4.0,0.0,2021,Barcelona,3
2021-04-29,Thu,LaLiga,Away,W,2.0,1.0,Barcelona,,6.0,2.0,22.0,10.0,4.0,0.0,0.0,0.0,2021,Granada,3
2021-04-30,Fri,LaLiga,Home,W,2.0,0.0,Levante,,8.0,5.0,12.0,13.0,2.0,0.0,2.0,0.0,2021,Celta,4
2021-04-30,Fri,LaLiga,Away,L,0.0,2.0,Celta,,10.0,2.0,13.0,12.0,2.0,0.0,2.0,0.0,2021,Levante,4
2021-05-01,Sat,LaLiga,Away,L,0.0,3.0,Eibar,,6.0,2.0,12.0,12.0,2.0,0.0,0.0,0.0,2021,Alaves,5
2021-05-01,Sat,LaLiga,Away,W,1.0,0.0,Elche,,11.0,4.0,16.0,20.0,3.0,0.0,3.0,0.0,2021,Ath Madrid,5
2021-05-01,Sat,LaLiga,Home,W,3.0,0.0,Alaves,,15.0,4.0,12.0,12.0,0.0,0.0,2.0,0.0,2021,Eibar,5
2021-05-01,Sat,LaLiga,Home,L,0.0,1.0,Ath Madrid,,6.0,1.0,20.0,16.0,3.0,0.0,3.0,0.0,2021,Elche,5
2021-05-01,Sat,LaLiga,Home,W,1.0,0.0,Sociedad,,10.0,3.0,14.0,11.0,2.0,0.0,2.0,0.0,2021,Huesca,5
2021-05-01,Sat,LaLiga,Away,L,0.0,2.0,Real Madrid,,3.0,2.0,12.0,9.0,2.0,0.0,0.0,0.0,2021,Osasuna,5
2021-05-01,Sat,LaLiga,Home,W,2.0,0.0,Osasuna,,22.0,6.0,9.0,12.0,0.0,0.0,2.0,0.0,2021,Real Madrid,5
2021-05-01,Sat,LaLiga,Away,L,0.0,1.0,Huesca,,7.0,3.0,11.0,14.0,2.0,0.0,2.0,0.0,2021,Sociedad,5
2021-05-02,Sun,LaLiga,Away,W,3.0,2.0,Valencia,,14.0,7.0,14.0,12.0,1.0,0.0,2.0,0.0,2021,Barcelona,6
2021-05-02,Sun,LaLiga,Away,D,1.0,1.0,Valladolid,,11.0,4.0,14.0,7.0,5.0,0.0,2.0,0.0,2021,Betis,6
2021-05-02,Sun,LaLiga,Away,W,1.0,0.0,Granada,,8.0,4.0,10.0,12.0,2.0,0.0,7.0,1.0,2021,Cadiz,6
2021-05-02,Sun,LaLiga,Away,L,0.0,1.0,Villarreal,,15.0,3.0,17.0,13.0,2.0,0.0,1.0,0.0,2021,Getafe,6
2021-05-02,Sun,LaLiga,Home,L,0.0,1.0,Cadiz,,9.0,2.0,12.0,10.0,7.0,1.0,2.0,0.0,2021,Granada,6
2021-05-02,Sun,LaLiga,Home,L,2.0,3.0,Barcelona,,9.0,4.0,12.0,14.0,2.0,0.0,1.0,0.0,2021,Valencia,6
2021-05-02,Sun,LaLiga,Home,D,1.0,1.0,Betis,,10.0,2.0,7.0,14.0,2.0,0.0,5.0,0.0,2021,Valladolid,6
2021-05-02,Sun,LaLiga,Home,W,1.0,0.0,Getafe,,4.0,3.0,13.0,17.0,1.0,0.0,2.0,0.0,2021,Villarreal,6
2021-05-03,Mon,LaLiga,Away,W,1.0,0.0,Sevilla,,8.0,2.0,15.0,13.0,0.0,0.0,1.0,0.0,2021,Ath Bilbao,0
2021-05-03,Mon,LaLiga,Home,L,0.0,1.0,Ath Bilbao,,18.0,3.0,13.0,15.0,1.0,0.0,0.0,0.0,2021,Sevilla,0
2021-05-07,Fri,LaLiga,Away,L,0.0,2.0,Sociedad,,1.0,0.0,10.0,8.0,3.0,1.0,1.0,0.0,2021,Elche,4
2021-05-07,Fri,LaLiga,Home,W,2.0,0.0,Elche,,16.0,3.0,8.0,10.0,1.0,0.0,3.0,1.0,2021,Sociedad,4
2021-05-08,Sat,LaLiga,Home,D,2.0,2.0,Levante,,15.0,5.0,12.0,18.0,2.0,0.0,1.0,0.0,2021,Alaves,5
2021-05-08,Sat,LaLiga,Home,D,2.0,2.0,Osasuna,,13.0,3.0,4.0,10.0,1.0,0.0,2.0,0.0,2021,Ath Bilbao,5
2021-05-08,Sat,LaLiga,Away,D,0.0,0.0,Barcelona,,11.0,6.0,26.0,13.0,3.0,0.0,3.0,0.0,2021,Ath Madrid,5
2021-05-08,Sat,LaLiga,Home,D,0.0,0.0,Ath Madrid,,12.0,7.0,13.0,26.0,3.0,0.0,3.0,0.0,2021,Barcelona,5
2021-05-08,Sat,LaLiga,Home,W,2.0,1.0,Huesca,,11.0,1.0,14.0,13.0,4.0,0.0,0.0,0.0,2021,Cadiz,5
2021-05-08,Sat,LaLiga,Away,L,1.0,2.0,Cadiz,,13.0,5.0,13.0,14.0,0.0,0.0,4.0,0.0,2021,Huesca,5
2021-05-08,Sat,LaLiga,Away,D,2.0,2.0,Alaves,,6.0,3.0,18.0,12.0,1.0,0.0,2.0,0.0,2021,Levante,5
2021-05-08,Sat,LaLiga,Away,D,2.0,2.0,Ath Bilbao,,13.0,4.0,10.0,4.0,2.0,0.0,1.0,0.0,2021,Osasuna,5
2021-05-09,Sun,LaLiga,Away,W,4.0,2.0,Villarreal,,11.0,6.0,16.0,11.0,3.0,1.0,3.0,2.0,2021,Celta,6
2021-05-09,Sun,LaLiga,Away,W,1.0,0.0,Getafe,,7.0,3.0,11.0,11.0,2.0,0.0,1.0,0.0,2021,Eibar,6
2021-05-09,Sun,LaLiga,Home,L,0.0,1.0,Eibar,,10.0,2.0,11.0,11.0,1.0,0.0,2.0,0.0,2021,Getafe,6
2021-05-09,Sun,LaLiga,Home,D,2.0,2.0,Sevilla,,16.0,6.0,8.0,8.0,1.0,0.0,2.0,0.0,2021,Real Madrid,6
2021-05-09,Sun,LaLiga,Away,D,2.0,2.0,Real Madrid,,7.0,3.0,8.0,8.0,2.0,0.0,1.0,0.0,2021,Sevilla,6
2021-05-09,Sun,LaLiga,Home,W,3.0,0.0,Valladolid,,6.0,3.0,17.0,6.0,0.0,0.0,0.0,0.0,2021,Valencia,6
2021-05-09,Sun,LaLiga,Away,L,0.0,3.0,Valencia,,19.0,2.0,6.0,17.0,0.0,0.0,0.0,0.0,2021,Valladolid,6
2021-05-09,Sun,LaLiga,Home,L,2.0,4.0,Celta,,16.0,7.0,11.0,16.0,3.0,2.0,3.0,1.0,2021,Villarreal,6
2021-05-10,Mon,LaLiga,Home,W,2.0,1.0,Granada,,14.0,6.0,16.0,11.0,2.0,0.0,4.0,0.0,2021,Betis,0
2021-05-10,Mon,LaLiga,Away,L,1.0,2.0,Betis,,11.0,5.0,11.0,16.0,4.0,0.0,2.0,0.0,2021,Granada,0
2021-05-11,Tue,LaLiga,Away,W,2.0,0.0,Elche,,9.0,2.0,15.0,21.0,4.0,0.0,2.0,0.0,2021,Alaves,1
2021-05-11,Tue,LaLiga,Away,D,3.0,3.0,Levante,,17.0,5.0,4.0,12.0,2.0,0.0,2.0,0.0,2021,Barcelona,1
2021-05-11,Tue,LaLiga,Away,L,2.0,3.0,Osasuna,,10.0,4.0,12.0,15.0,2.0,0.0,2.0,0.0,2021,Cadiz,1
2021-05-11,Tue,LaLiga,Home,L,0.0,2.0,Alaves,,11.0,4.0,21.0,15.0,2.0,0.0,4.0,0.0,2021,Elche,1
2021-05-11,Tue,LaLiga,Home,D,3.0,3.0,Barcelona,,16.0,6.0,12.0,4.0,2.0,0.0,2.0,0.0,2021,Levante,1
2021-05-11,Tue,LaLiga,Home,W,3.0,2.0,Cadiz,,14.0,4.0,15.0,12.0,2.0,0.0,2.0,0.0,2021,Osasuna,1
2021-05-12,Wed,LaLiga,Away,L,0.0,1.0,Huesca,,4.0,3.0,14.0,9.0,1.0,0.0,0.0,0.0,2021,Ath Bilbao,2
2021-05-12,Wed,LaLiga,Home,W,2.0,1.0,Sociedad,,12.0,4.0,11.0,15.0,0.0,0.0,0.0,0.0,2021,Ath Madrid,2
2021-05-12,Wed,LaLiga,Home,W,1.0,0.0,Getafe,,4.0,1.0,16.0,18.0,1.0,0.0,3.0,0.0,2021,Celta,2
2021-05-12,Wed,LaLiga,Away,L,0.0,1.0,Celta,,13.0,4.0,18.0,16.0,3.0,0.0,1.0,0.0,2021,Getafe,2
2021-05-12,Wed,LaLiga,Home,W,1.0,0.0,Ath Bilbao,,18.0,6.0,9.0,14.0,0.0,0.0,1.0,0.0,2021,Huesca,2
2021-05-12,Wed,LaLiga,Home,W,1.0,0.0,Valencia,,10.0,4.0,17.0,6.0,2.0,0.0,2.0,0.0,2021,Sevilla,2
2021-05-12,Wed,LaLiga,Away,L,1.0,2.0,Ath Madrid,,14.0,7.0,15.0,11.0,0.0,0.0,0.0,0.0,2021,Sociedad,2
2021-05-12,Wed,LaLiga,Away,L,0.0,1.0,Sevilla,,6.0,2.0,6.0,17.0,2.0,0.0,2.0,0.0,2021,Valencia,2
2021-05-13,Thu,LaLiga,Away,D,1.0,1.0,Eibar,,9.0,4.0,8.0,12.0,1.0,0.0,3.0,0.0,2021,Betis,3
2021-05-13,Thu,LaLiga,Home,D,1.0,1.0,Betis,,14.0,4.0,12.0,8.0,3.0,0.0,1.0,0.0,2021,Eibar,3
2021-05-13,Thu,LaLiga,Home,L,1.0,4.0,Real Madrid,,10.0,5.0,15.0,9.0,3.0,0.0,3.0,0.0,2021,Granada,3
2021-05-13,Thu,LaLiga,Away,W,4.0,1.0,Granada,,16.0,7.0,9.0,15.0,3.0,0.0,3.0,0.0,2021,Real Madrid,3
2021-05-13,Thu,LaLiga,Home,L,0.0,2.0,Villarreal,,11.0,2.0,15.0,14.0,3.0,0.0,1.0,0.0,2021,Valladolid,3
2021-05-13,Thu,LaLiga,Away,W,2.0,0.0,Valladolid,,9.0,3.0,14.0,15.0,1.0,0.0,3.0,0.0,2021,Villarreal,3
2021-05-16,Sun,LaLiga,Home,W,4.0,2.0,Granada,,14.0,9.0,7.0,11.0,2.0,0.0,4.0,0.0,2021,Alaves,6
2021-05-16,Sun,LaLiga,Home,L,0.0,1.0,Real Madrid,,8.0,1.0,10.0,7.0,3.0,1.0,2.0,0.0,2021,Ath Bilbao,6
2021-05-16,Sun,LaLiga,Home,W,2.0,1.0,Osasuna,,26.0,9.0,2.0,13.0,1.0,0.0,2.0,0.0,2021,Ath Madrid,6
2021-05-16,Sun,LaLiga,Home,L,1.0,2.0,Celta,,20.0,4.0,9.0,14.0,3.0,1.0,2.0,0.0,2021,Barcelona,6
2021-05-16,Sun,LaLiga,Home,W,1.0,0.0,Huesca,,10.0,2.0,15.0,19.0,1.0,0.0,5.0,1.0,2021,Betis,6
2021-05-16,Sun,LaLiga,Home,L,1.0,3.0,Elche,,7.0,3.0,13.0,15.0,3.0,0.0,4.0,0.0,2021,Cadiz,6
2021-05-16,Sun,LaLiga,Away,W,2.0,1.0,Barcelona,,4.0,4.0,14.0,9.0,2.0,0.0,3.0,1.0,2021,Celta,6
2021-05-16,Sun,LaLiga,Away,L,1.0,4.0,Valencia,,20.0,8.0,7.0,5.0,0.0,0.0,0.0,0.0,2021,Eibar,6
2021-05-16,Sun,LaLiga,Away,W,3.0,1.0,Cadiz,,20.0,5.0,15.0,13.0,4.0,0.0,3.0,0.0,2021,Elche,6
2021-05-16,Sun,LaLiga,Home,W,2.0,1.0,Levante,,9.0,3.0,15.0,11.0,5.0,1.0,0.0,0.0,2021,Getafe,6
2021-05-16,Sun,LaLiga,Away,L,2.0,4.0,Alaves,,5.0,2.0,11.0,7.0,4.0,0.0,2.0,0.0,2021,Granada,6
2021-05-16,Sun,LaLiga,Away,L,0.0,1.0,Betis,,7.0,0.0,19.0,15.0,5.0,1.0,1.0,0.0,2021,Huesca,6
2021-05-16,Sun,LaLiga,Away,L,1.0,2.0,Getafe,,5.0,1.0,11.0,15.0,0.0,0.0,5.0,1.0,2021,Levante,6
2021-05-16,Sun,LaLiga,Away,L,1.0,2.0,Ath Madrid,,5.0,2.0,13.0,2.0,2.0,0.0,1.0,0.0,2021,Osasuna,6
2021-05-16,Sun,LaLiga,Away,W,1.0,0.0,Ath Bilbao,,11.0,2.0,7.0,10.0,2.0,0.0,3.0,1.0,2021,Real Madrid,6
2021-05-16,Sun,LaLiga,Away,L,0.0,4.0,Villarreal,,17.0,5.0,7.0,9.0,3.0,1.0,0.0,0.0,2021,Sevilla,6
2021-05-16,Sun,LaLiga,Home,W,4.0,1.0,Valladolid,,13.0,8.0,16.0,11.0,2.0,0.0,4.0,1.0,2021,Sociedad,6
2021-05-16,Sun,LaLiga,Home,W,4.0,1.0,Eibar,,9.0,5.0,5.0,7.0,0.0,0.0,0.0,0.0,2021,Valencia,6
2021-05-16,Sun,LaLiga,Away,L,1.0,4.0,Sociedad,,19.0,5.0,11.0,16.0,4.0,1.0,2.0,0.0,2021,Valladolid,6
2021-05-16,Sun,LaLiga,Home,W,4.0,0.0,Sevilla,,12.0,5.0,9.0,7.0,0.0,0.0,3.0,1.0,2021,Villarreal,6
2021-05-21,Fri,LaLiga,Away,D,2.0,2.0,Levante,,6.0,2.0,8.0,17.0,2.0,0.0,0.0,0.0,2021,Cadiz,4
2021-05-21,Fri,LaLiga,Home,D,2.0,2.0,Cadiz,,17.0,4.0,17.0,8.0,0.0,0.0,2.0,0.0,2021,Levante,4
2021-05-22,Sat,LaLiga,Away,L,0.0,2.0,Elche,,8.0,2.0,6.0,10.0,0.0,0.0,3.0,0.0,2021,Ath Bilbao,5
2021-05-22,Sat,LaLiga,Away,W,2.0,1.0,Valladolid,,14.0,3.0,11.0,11.0,6.0,0.0,4.0,0.0,2021,Ath Madrid,5
2021-05-22,Sat,LaLiga,Away,W,1.0,0.0,Eibar,,7.0,3.0,15.0,11.0,3.0,0.0,0.0,0.0,2021,Barcelona,5
2021-05-22,Sat,LaLiga,Away,W,3.0,2.0,Celta,,11.0,5.0,20.0,20.0,7.0,1.0,6.0,0.0,2021,Betis,5
2021-05-22,Sat,LaLiga,Home,L,2.0,3.0,Betis,,11.0,4.0,20.0,20.0,6.0,0.0,7.0,1.0,2021,Celta,5
2021-05-22,Sat,LaLiga,Home,L,0.0,1.0,Barcelona,,17.0,3.0,11.0,15.0,0.0,0.0,3.0,0.0,2021,Eibar,5
2021-05-22,Sat,LaLiga,Home,W,2.0,0.0,Ath Bilbao,,8.0,3.0,10.0,6.0,3.0,0.0,0.0,0.0,2021,Elche,5
2021-05-22,Sat,LaLiga,Home,D,0.0,0.0,Valencia,,23.0,8.0,17.0,15.0,2.0,0.0,1.0,0.0,2021,Huesca,5
2021-05-22,Sat,LaLiga,Home,L,0.0,1.0,Sociedad,,7.0,1.0,15.0,7.0,1.0,0.0,0.0,0.0,2021,Osasuna,5
2021-05-22,Sat,LaLiga,Home,W,2.0,1.0,Villarreal,,14.0,4.0,8.0,13.0,0.0,0.0,0.0,0.0,2021,Real Madrid,5
2021-05-22,Sat,LaLiga,Away,W,1.0,0.0,Osasuna,,11.0,1.0,7.0,15.0,0.0,0.0,1.0,0.0,2021,Sociedad,5
2021-05-22,Sat,LaLiga,Away,D,0.0,0.0,Huesca,,11.0,4.0,15.0,17.0,1.0,0.0,2.0,0.0,2021,Valencia,5
2021-05-22,Sat,LaLiga,Home,L,1.0,2.0,Ath Madrid,,10.0,4.0,11.0,11.0,4.0,0.0,6.0,0.0,2021,Valladolid,5
2021-05-22,Sat,LaLiga,Away,L,1.0,2.0,Real Madrid,,6.0,2.0,13.0,8.0,0.0,0.0,0.0,0.0,2021,Villarreal,5
2021-05-23,Sun,LaLiga,Away,L,0.0,1.0,Sevilla,,11.0,2.0,8.0,11.0,0.0,0.0,1.0,0.0,2021,Alaves,6
2021-05-23,Sun,LaLiga,Away,D,0.0,0.0,Granada,,11.0,2.0,13.0,16.0,2.0,0.0,4.0,0.0,2021,Getafe,6
2021-05-23,Sun,LaLiga,Home,D,0.0,0.0,Getafe,,9.0,3.0,16.0,13.0,4.0,0.0,2.0,0.0,2021,Granada,6
2021-05-23,Sun,LaLiga,Home,W,1.0,0.0,Alaves,,11.0,2.0,11.0,8.0,1.0,0.0,0.0,0.0,2021,Sevilla,6
2021-08-13,Fri,LaLiga,Away,L,0.0,1.0,Valencia,,22.0,4.0,15.0,24.0,3.0,1.0,6.0,1.0,2022,Getafe,4
2021-08-13,Fri,LaLiga,Home,W,1.0,0.0,Getafe,,4.0,2.0,24.0,15.0,6.0,1.0,3.0,1.0,2022,Valencia,4
2021-08-14,Sat,LaLiga,Home,L,1.0,4.0,Real Madrid,,11.0,4.0,14.0,10.0,1.0,0.0,2.0,0.0,2022,Alaves,5
2021-08-14,Sat,LaLiga,Away,D,1.0,1.0,Mallorca,,10.0,1.0,18.0,12.0,3.0,0.0,1.0,0.0,2022,Betis,5
2021-08-14,Sat,LaLiga,Home,D,1.0,1.0,Levante,,7.0,2.0,10.0,16.0,1.0,0.0,5.0,0.0,2022,Cadiz,5
2021-08-14,Sat,LaLiga,Away,D,0.0,0.0,Osasuna,,10.0,3.0,12.0,18.0,3.0,0.0,3.0,0.0,2022,Espanol,5
2021-08-14,Sat,LaLiga,Away,D,1.0,1.0,Cadiz,,12.0,3.0,16.0,10.0,5.0,0.0,1.0,0.0,2022,Levante,5
2021-08-14,Sat,LaLiga,Home,D,1.0,1.0,Betis,,6.0,2.0,12.0,18.0,1.0,0.0,3.0,0.0,2022,Mallorca,5
2021-08-14,Sat,LaLiga,Home,D,0.0,0.0,Espanol,,14.0,1.0,18.0,12.0,3.0,0.0,3.0,0.0,2022,Osasuna,5
2021-08-14,Sat,LaLiga,Away,W,4.0,1.0,Alaves,,19.0,7.0,10.0,14.0,2.0,0.0,1.0,0.0,2022,Real Madrid,5
2021-08-15,Sun,LaLiga,Away,W,2.0,1.0,Celta,,13.0,4.0,9.0,11.0,5.0,1.0,4.0,1.0,2022,Ath Madrid,6
2021-08-15,Sun,LaLiga,Home,W,4.0,2.0,Sociedad,,13.0,8.0,11.0,18.0,2.0,0.0,4.0,0.0,2022,Barcelona,6
2021-08-15,Sun,LaLiga,Home,L,1.0,2.0,Ath Madrid,,10.0,2.0,11.0,9.0,4.0,1.0,5.0,1.0,2022,Celta,6
2021-08-15,Sun,LaLiga,Home,W,3.0,0.0,Vallecano,,21.0,8.0,14.0,7.0,1.0,0.0,0.0,1.0,2022,Sevilla,6
2021-08-15,Sun,LaLiga,Away,L,2.0,4.0,Barcelona,,11.0,3.0,18.0,11.0,4.0,0.0,2.0,0.0,2022,Sociedad,6
2021-08-15,Sun,LaLiga,Away,L,0.0,3.0,Sevilla,,4.0,3.0,7.0,14.0,0.0,1.0,1.0,0.0,2022,Vallecano,6
2021-08-16,Mon,LaLiga,Away,D,0.0,0.0,Elche,,9.0,3.0,19.0,13.0,2.0,0.0,2.0,0.0,2022,Ath Bilbao,0
2021-08-16,Mon,LaLiga,Home,D,0.0,0.0,Ath Bilbao,,8.0,2.0,13.0,19.0,2.0,0.0,2.0,0.0,2022,Elche,0
2021-08-16,Mon,LaLiga,Away,D,0.0,0.0,Villarreal,,6.0,1.0,21.0,19.0,1.0,0.0,5.0,1.0,2022,Granada,0
2021-08-16,Mon,LaLiga,Home,D,0.0,0.0,Granada,,14.0,4.0,19.0,21.0,5.0,1.0,1.0,0.0,2022,Villarreal,0
2021-08-20,Fri,LaLiga,Home,D,1.0,1.0,Cadiz,,16.0,7.0,12.0,10.0,4.0,0.0,0.0,0.0,2022,Betis,4
2021-08-20,Fri,LaLiga,Away,D,1.0,1.0,Betis,,8.0,3.0,10.0,12.0,0.0,0.0,4.0,0.0,2022,Cadiz,4
2021-08-21,Sat,LaLiga,Home,L,0.0,1.0,Mallorca,,9.0,4.0,14.0,15.0,3.0,1.0,3.0,0.0,2022,Alaves,5
2021-08-21,Sat,LaLiga,Home,D,1.0,1.0,Barcelona,,16.0,7.0,15.0,10.0,1.0,0.0,2.0,1.0,2022,Ath Bilbao,5
2021-08-21,Sat,LaLiga,Away,D,1.0,1.0,Ath Bilbao,,9.0,3.0,10.0,15.0,2.0,1.0,1.0,0.0,2022,Barcelona,5
2021-08-21,Sat,LaLiga,Home,D,0.0,0.0,Villarreal,,14.0,3.0,10.0,10.0,3.0,0.0,4.0,0.0,2022,Espanol,5
2021-08-21,Sat,LaLiga,Home,D,1.0,1.0,Valencia,,9.0,2.0,14.0,12.0,4.0,0.0,2.0,0.0,2022,Granada,5
2021-08-21,Sat,LaLiga,Away,W,1.0,0.0,Alaves,,12.0,2.0,15.0,14.0,3.0,0.0,3.0,1.0,2022,Mallorca,5
2021-08-21,Sat,LaLiga,Away,D,1.0,1.0,Granada,,18.0,7.0,12.0,14.0,2.0,0.0,4.0,0.0,2022,Valencia,5
2021-08-21,Sat,LaLiga,Away,D,0.0,0.0,Espanol,,12.0,2.0,10.0,10.0,4.0,0.0,3.0,0.0,2022,Villarreal,5
2021-08-22,Sun,LaLiga,Home,W,1.0,0.0,Elche,,8.0,4.0,16.0,10.0,2.0,0.0,2.0,0.0,2022,Ath Madrid,6
2021-08-22,Sun,LaLiga,Away,L,0.0,1.0,Ath Madrid,,4.0,2.0,10.0,16.0,2.0,0.0,2.0,0.0,2022,Elche,6
2021-08-22,Sun,LaLiga,Home,D,3.0,3.0,Real Madrid,,8.0,4.0,17.0,7.0,3.0,1.0,2.0,0.0,2022,Levante,6
2021-08-22,Sun,LaLiga,Away,D,3.0,3.0,Levante,,19.0,5.0,7.0,17.0,2.0,0.0,3.0,1.0,2022,Real Madrid,6
2021-08-22,Sun,LaLiga,Home,W,1.0,0.0,Vallecano,,13.0,8.0,19.0,15.0,3.0,0.0,4.0,0.0,2022,Sociedad,6
2021-08-22,Sun,LaLiga,Away,L,0.0,1.0,Sociedad,,9.0,1.0,15.0,19.0,4.0,0.0,3.0,0.0,2022,Vallecano,6
2021-08-23,Mon,LaLiga,Away,D,0.0,0.0,Osasuna,,4.0,0.0,8.0,19.0,3.0,0.0,4.0,0.0,2022,Celta,0
2021-08-23,Mon,LaLiga,Home,L,0.0,1.0,Sevilla,,12.0,0.0,18.0,10.0,2.0,0.0,2.0,0.0,2022,Getafe,0
2021-08-23,Mon,LaLiga,Home,D,0.0,0.0,Celta,,15.0,7.0,19.0,8.0,4.0,0.0,3.0,0.0,2022,Osasuna,0
2021-08-23,Mon,LaLiga,Away,W,1.0,0.0,Getafe,,9.0,3.0,10.0,18.0,2.0,0.0,2.0,0.0,2022,Sevilla,0
2021-08-27,Fri,LaLiga,Away,L,0.0,3.0,Valencia,,10.0,3.0,15.0,20.0,4.0,0.0,1.0,0.0,2022,Alaves,4
2021-08-27,Fri,LaLiga,Away,L,0.0,1.0,Mallorca,,8.0,3.0,17.0,16.0,3.0,1.0,4.0,0.0,2022,Espanol,4
2021-08-27,Fri,LaLiga,Home,W,1.0,0.0,Espanol,,12.0,6.0,16.0,17.0,4.0,0.0,3.0,1.0,2022,Mallorca,4
2021-08-27,Fri,LaLiga,Home,W,3.0,0.0,Alaves,,9.0,4.0,20.0,15.0,1.0,0.0,4.0,0.0,2022,Valencia,4
2021-08-28,Sat,LaLiga,Away,W,1.0,0.0,Celta,,6.0,2.0,11.0,12.0,1.0,0.0,2.0,0.0,2022,Ath Bilbao,5
2021-08-28,Sat,LaLiga,Home,L,0.0,1.0,Real Madrid,,11.0,6.0,15.0,13.0,5.0,0.0,3.0,0.0,2022,Betis,5
2021-08-28,Sat,LaLiga,Home,L,0.0,1.0,Ath Bilbao,,13.0,0.0,12.0,11.0,2.0,0.0,1.0,0.0,2022,Celta,5
2021-08-28,Sat,LaLiga,Home,D,1.0,1.0,Sevilla,,7.0,4.0,6.0,9.0,2.0,0.0,0.0,0.0,2022,Elche,5
2021-08-28,Sat,LaLiga,Away,L,0.0,1.0,Sociedad,,6.0,0.0,13.0,17.0,1.0,0.0,1.0,0.0,2022,Levante,5
2021-08-28,Sat,LaLiga,Away,W,1.0,0.0,Betis,,13.0,3.0,13.0,15.0,3.0,0.0,5.0,0.0,2022,Real Madrid,5
2021-08-28,Sat,LaLiga,Away,D,1.0,1.0,Elche,,18.0,5.0,9.0,6.0,0.0,0.0,2.0,0.0,2022,Sevilla,5
2021-08-28,Sat,LaLiga,Home,W,1.0,0.0,Levante,,7.0,2.0,17.0,13.0,1.0,0.0,1.0,0.0,2022,Sociedad,5
2021-08-29,Sun,LaLiga,Home,D,2.0,2.0,Villarreal,,24.0,5.0,11.0,6.0,4.0,0.0,2.0,0.0,2022,Ath Madrid,6
2021-08-29,Sun,LaLiga,Home,W,2.0,1.0,Getafe,,7.0,3.0,16.0,22.0,3.0,0.0,1.0,0.0,2022,Barcelona,6
2021-08-29,Sun,LaLiga,Home,L,2.0,3.0,Osasuna,,7.0,3.0,9.0,6.0,4.0,0.0,0.0,0.0,2022,Cadiz,6
2021-08-29,Sun,LaLiga,Away,L,1.0,2.0,Barcelona,,8.0,3.0,22.0,16.0,1.0,0.0,3.0,0.0,2022,Getafe,6
2021-08-29,Sun,LaLiga,Away,L,0.0,4.0,Vallecano,,9.0,3.0,14.0,19.0,4.0,0.0,1.0,0.0,2022,Granada,6
2021-08-29,Sun,LaLiga,Away,W,3.0,2.0,Cadiz,,14.0,4.0,6.0,9.0,0.0,0.0,4.0,0.0,2022,Osasuna,6
2021-08-29,Sun,LaLiga,Home,W,4.0,0.0,Granada,,19.0,6.0,19.0,14.0,1.0,0.0,4.0,0.0,2022,Vallecano,6
2021-08-29,Sun,LaLiga,Away,D,2.0,2.0,Ath Madrid,,2.0,2.0,6.0,11.0,2.0,0.0,4.0,0.0,2022,Villarreal,6
2021-09-11,Sat,LaLiga,Home,W,2.0,0.0,Mallorca,,19.0,5.0,7.0,13.0,1.0,0.0,2.0,0.0,2022,Ath Bilbao,5
2021-09-11,Sat,LaLiga,Home,D,1.0,1.0,Vallecano,,7.0,2.0,14.0,16.0,3.0,0.0,4.0,0.0,2022,Levante,5
2021-09-11,Sat,LaLiga,Away,L,0.0,2.0,Ath Bilbao,,7.0,1.0,13.0,7.0,2.0,0.0,1.0,0.0,2022,Mallorca,5
2021-09-11,Sat,LaLiga,Away,D,1.0,1.0,Levante,,22.0,6.0,16.0,14.0,4.0,0.0,3.0,0.0,2022,Vallecano,5
2021-09-12,Sun,LaLiga,Away,W,2.0,1.0,Espanol,,13.0,3.0,11.0,10.0,4.0,0.0,1.0,0.0,2022,Ath Madrid,6
2021-09-12,Sun,LaLiga,Home,L,0.0,2.0,Sociedad,,6.0,1.0,10.0,9.0,4.0,1.0,0.0,0.0,2022,Cadiz,6
2021-09-12,Sun,LaLiga,Away,L,2.0,5.0,Real Madrid,,11.0,4.0,16.0,8.0,3.0,0.0,2.0,0.0,2022,Celta,6
2021-09-12,Sun,LaLiga,Home,L,1.0,2.0,Ath Madrid,,9.0,3.0,10.0,11.0,1.0,0.0,4.0,0.0,2022,Espanol,6
2021-09-12,Sun,LaLiga,Home,L,1.0,4.0,Valencia,,11.0,2.0,20.0,14.0,4.0,0.0,2.0,0.0,2022,Osasuna,6
2021-09-12,Sun,LaLiga,Home,W,5.0,2.0,Celta,,15.0,11.0,8.0,16.0,2.0,0.0,3.0,0.0,2022,Real Madrid,6
2021-09-12,Sun,LaLiga,Away,W,2.0,0.0,Cadiz,,16.0,4.0,9.0,10.0,0.0,0.0,4.0,1.0,2022,Sociedad,6
2021-09-12,Sun,LaLiga,Away,W,4.0,1.0,Osasuna,,10.0,4.0,14.0,20.0,2.0,0.0,4.0,0.0,2022,Valencia,6
2021-09-13,Mon,LaLiga,Away,W,2.0,1.0,Granada,,19.0,9.0,14.0,7.0,2.0,0.0,1.0,0.0,2022,Betis,0
2021-09-13,Mon,LaLiga,Away,W,1.0,0.0,Getafe,,8.0,3.0,14.0,6.0,3.0,0.0,2.0,0.0,2022,Elche,0
2021-09-13,Mon,LaLiga,Home,L,0.0,1.0,Elche,,10.0,1.0,6.0,14.0,2.0,0.0,3.0,0.0,2022,Getafe,0
2021-09-13,Mon,LaLiga,Home,L,1.0,2.0,Betis,,11.0,2.0,7.0,14.0,1.0,0.0,2.0,0.0,2022,Granada,0
2021-09-17,Fri,LaLiga,Away,W,2.0,1.0,Celta,,7.0,3.0,8.0,8.0,3.0,0.0,3.0,0.0,2022,Cadiz,4
2021-09-17,Fri,LaLiga,Home,L,1.0,2.0,Cadiz,,14.0,4.0,8.0,8.0,3.0,0.0,3.0,0.0,2022,Celta,4
2021-09-18,Sat,LaLiga,Home,L,0.0,2.0,Osasuna,,8.0,3.0,11.0,14.0,4.0,0.0,3.0,0.0,2022,Alaves,5
2021-09-18,Sat,LaLiga,Away,D,0.0,0.0,Ath Madrid,,6.0,0.0,13.0,10.0,2.0,0.0,6.0,1.0,2022,Ath Bilbao,5
2021-09-18,Sat,LaLiga,Home,D,0.0,0.0,Ath Bilbao,,14.0,2.0,10.0,13.0,6.0,1.0,2.0,0.0,2022,Ath Madrid,5
2021-09-18,Sat,LaLiga,Home,D,1.0,1.0,Levante,,9.0,2.0,10.0,14.0,2.0,0.0,2.0,0.0,2022,Elche,5
2021-09-18,Sat,LaLiga,Away,L,0.0,3.0,Vallecano,,13.0,3.0,16.0,20.0,7.0,0.0,6.0,0.0,2022,Getafe,5
2021-09-18,Sat,LaLiga,Away,D,1.0,1.0,Elche,,11.0,6.0,14.0,10.0,2.0,0.0,2.0,0.0,2022,Levante,5
2021-09-18,Sat,LaLiga,Away,W,2.0,0.0,Alaves,,13.0,5.0,14.0,11.0,3.0,0.0,4.0,0.0,2022,Osasuna,5
2021-09-18,Sat,LaLiga,Home,W,3.0,0.0,Getafe,,11.0,5.0,20.0,16.0,6.0,0.0,7.0,0.0,2022,Vallecano,5
2021-09-19,Sun,LaLiga,Home,D,2.0,2.0,Espanol,,23.0,9.0,13.0,9.0,4.0,1.0,4.0,0.0,2022,Betis,6
2021-09-19,Sun,LaLiga,Away,D,2.0,2.0,Betis,,11.0,4.0,9.0,13.0,4.0,0.0,4.0,1.0,2022,Espanol,6
2021-09-19,Sun,LaLiga,Home,D,0.0,0.0,Villarreal,,10.0,1.0,11.0,16.0,2.0,0.0,3.0,0.0,2022,Mallorca,6
2021-09-19,Sun,LaLiga,Away,W,2.0,1.0,Valencia,,18.0,10.0,14.0,14.0,5.0,0.0,1.0,0.0,2022,Real Madrid,6
2021-09-19,Sun,LaLiga,Away,D,0.0,0.0,Sociedad,,11.0,4.0,11.0,16.0,3.0,0.0,2.0,0.0,2022,Sevilla,6
2021-09-19,Sun,LaLiga,Home,D,0.0,0.0,Sevilla,,11.0,4.0,16.0,11.0,2.0,0.0,3.0,0.0,2022,Sociedad,6
2021-09-19,Sun,LaLiga,Home,L,1.0,2.0,Real Madrid,,12.0,4.0,14.0,14.0,1.0,0.0,5.0,0.0,2022,Valencia,6
2021-09-19,Sun,LaLiga,Away,D,0.0,0.0,Mallorca,,11.0,3.0,16.0,11.0,3.0,0.0,2.0,0.0,2022,Villarreal,6
2021-09-20,Mon,LaLiga,Home,D,1.0,1.0,Granada,,17.0,6.0,15.0,20.0,3.0,0.0,6.0,0.0,2022,Barcelona,0
2021-09-20,Mon,LaLiga,Away,D,1.0,1.0,Barcelona,,5.0,2.0,20.0,15.0,6.0,0.0,3.0,0.0,2022,Granada,0
2021-09-21,Tue,LaLiga,Home,L,1.0,2.0,Vallecano,,8.0,1.0,16.0,20.0,3.0,0.0,3.0,0.0,2022,Ath Bilbao,1
2021-09-21,Tue,LaLiga,Away,W,2.0,1.0,Getafe,,12.0,4.0,11.0,15.0,5.0,0.0,4.0,1.0,2022,Ath Madrid,1
2021-09-21,Tue,LaLiga,Away,W,2.0,0.0,Levante,,4.0,2.0,12.0,16.0,2.0,0.0,3.0,0.0,2022,Celta,1
2021-09-21,Tue,LaLiga,Home,L,1.0,2.0,Ath Madrid,,7.0,2.0,15.0,11.0,4.0,1.0,5.0,0.0,2022,Getafe,1
2021-09-21,Tue,LaLiga,Home,L,0.0,2.0,Celta,,6.0,2.0,16.0,12.0,3.0,0.0,2.0,0.0,2022,Levante,1
2021-09-21,Tue,LaLiga,Away,W,2.0,1.0,Ath Bilbao,,8.0,3.0,20.0,16.0,3.0,0.0,3.0,0.0,2022,Vallecano,1
2021-09-22,Wed,LaLiga,Away,L,0.0,1.0,Espanol,,8.0,2.0,18.0,14.0,1.0,0.0,2.0,0.0,2022,Alaves,2
2021-09-22,Wed,LaLiga,Away,L,1.0,4.0,Villarreal,,9.0,3.0,11.0,16.0,2.0,0.0,1.0,0.0,2022,Elche,2
2021-09-22,Wed,LaLiga,Home,W,1.0,0.0,Alaves,,10.0,2.0,14.0,18.0,2.0,0.0,1.0,0.0,2022,Espanol,2
2021-09-22,Wed,LaLiga,Away,L,1.0,6.0,Real Madrid,,17.0,5.0,8.0,18.0,1.0,0.0,2.0,0.0,2022,Mallorca,2
2021-09-22,Wed,LaLiga,Home,W,6.0,1.0,Mallorca,,18.0,12.0,18.0,8.0,2.0,0.0,1.0,0.0,2022,Real Madrid,2
2021-09-22,Wed,LaLiga,Home,W,3.0,1.0,Valencia,,11.0,5.0,25.0,21.0,5.0,0.0,3.0,0.0,2022,Sevilla,2
2021-09-22,Wed,LaLiga,Away,L,1.0,3.0,Sevilla,,8.0,3.0,21.0,25.0,3.0,0.0,5.0,0.0,2022,Valencia,2
2021-09-22,Wed,LaLiga,Home,W,4.0,1.0,Elche,,14.0,9.0,16.0,11.0,1.0,0.0,2.0,0.0,2022,Villarreal,2
2021-09-23,Thu,LaLiga,Away,D,0.0,0.0,Cadiz,,6.0,2.0,8.0,16.0,4.0,1.0,3.0,0.0,2022,Barcelona,3
2021-09-23,Thu,LaLiga,Away,W,3.0,1.0,Osasuna,,16.0,9.0,10.0,18.0,0.0,0.0,2.0,0.0,2022,Betis,3
2021-09-23,Thu,LaLiga,Home,D,0.0,0.0,Barcelona,,13.0,3.0,16.0,8.0,3.0,0.0,4.0,1.0,2022,Cadiz,3
2021-09-23,Thu,LaLiga,Home,L,2.0,3.0,Sociedad,,10.0,2.0,11.0,16.0,5.0,0.0,1.0,0.0,2022,Granada,3
2021-09-23,Thu,LaLiga,Home,L,1.0,3.0,Betis,,11.0,3.0,18.0,10.0,2.0,0.0,0.0,0.0,2022,Osasuna,3
2021-09-23,Thu,LaLiga,Away,W,3.0,2.0,Granada,,20.0,11.0,16.0,11.0,1.0,0.0,5.0,0.0,2022,Sociedad,3
2021-09-25,Sat,LaLiga,Home,W,1.0,0.0,Ath Madrid,,7.0,1.0,18.0,11.0,2.0,0.0,3.0,0.0,2022,Alaves,5
2021-09-25,Sat,LaLiga,Away,D,1.0,1.0,Valencia,,12.0,4.0,17.0,14.0,2.0,0.0,5.0,1.0,2022,Ath Bilbao,5
2021-09-25,Sat,LaLiga,Away,L,0.0,1.0,Alaves,,13.0,1.0,11.0,18.0,3.0,0.0,2.0,0.0,2022,Ath Madrid,5
2021-09-25,Sat,LaLiga,Away,L,0.0,2.0,Sevilla,,13.0,2.0,8.0,10.0,0.0,0.0,4.0,1.0,2022,Espanol,5
2021-09-25,Sat,LaLiga,Home,D,0.0,0.0,Villarreal,,15.0,2.0,10.0,12.0,1.0,0.0,2.0,0.0,2022,Real Madrid,5
2021-09-25,Sat,LaLiga,Home,W,2.0,0.0,Espanol,,12.0,5.0,10.0,8.0,4.0,1.0,0.0,0.0,2022,Sevilla,5
2021-09-25,Sat,LaLiga,Home,D,1.0,1.0,Ath Bilbao,,13.0,6.0,14.0,17.0,5.0,1.0,2.0,0.0,2022,Valencia,5
2021-09-25,Sat,LaLiga,Away,D,0.0,0.0,Real Madrid,,6.0,2.0,12.0,10.0,2.0,0.0,1.0,0.0,2022,Villarreal,5
2021-09-26,Sun,LaLiga,Home,W,3.0,0.0,Levante,,20.0,12.0,11.0,16.0,1.0,0.0,3.0,0.0,2022,Barcelona,6
2021-09-26,Sun,LaLiga,Home,W,2.0,0.0,Getafe,,20.0,5.0,12.0,19.0,1.0,0.0,3.0,0.0,2022,Betis,6
2021-09-26,Sun,LaLiga,Away,L,1.0,3.0,Vallecano,,6.0,1.0,11.0,11.0,4.0,0.0,2.0,0.0,2022,Cadiz,6
2021-09-26,Sun,LaLiga,Away,L,0.0,1.0,Sociedad,,5.0,2.0,16.0,12.0,3.0,0.0,1.0,0.0,2022,Elche,6
2021-09-26,Sun,LaLiga,Away,L,0.0,2.0,Betis,,8.0,3.0,19.0,12.0,3.0,0.0,1.0,0.0,2022,Getafe,6
2021-09-26,Sun,LaLiga,Away,L,0.0,3.0,Barcelona,,6.0,2.0,16.0,11.0,3.0,0.0,1.0,0.0,2022,Levante,6
2021-09-26,Sun,LaLiga,Home,L,2.0,3.0,Osasuna,,17.0,8.0,8.0,17.0,2.0,0.0,3.0,0.0,2022,Mallorca,6
2021-09-26,Sun,LaLiga,Away,W,3.0,2.0,Mallorca,,12.0,6.0,17.0,8.0,3.0,0.0,2.0,0.0,2022,Osasuna,6
2021-09-26,Sun,LaLiga,Home,W,1.0,0.0,Elche,,17.0,5.0,12.0,16.0,1.0,0.0,3.0,0.0,2022,Sociedad,6
2021-09-26,Sun,LaLiga,Home,W,3.0,1.0,Cadiz,,13.0,6.0,11.0,11.0,2.0,0.0,4.0,0.0,2022,Vallecano,6
2021-09-27,Mon,LaLiga,Home,W,1.0,0.0,Granada,,14.0,5.0,9.0,12.0,2.0,0.0,7.0,0.0,2022,Celta,0
2021-09-27,Mon,LaLiga,Away,L,0.0,1.0,Celta,,7.0,4.0,12.0,9.0,7.0,0.0,2.0,0.0,2022,Granada,0
2021-10-01,Fri,LaLiga,Away,L,0.0,1.0,Ath Bilbao,,17.0,5.0,12.0,16.0,2.0,0.0,3.0,0.0,2022,Alaves,4
2021-10-01,Fri,LaLiga,Home,W,1.0,0.0,Alaves,,16.0,5.0,16.0,12.0,3.0,0.0,2.0,0.0,2022,Ath Bilbao,4
2021-10-02,Sat,LaLiga,Home,W,2.0,0.0,Barcelona,,6.0,3.0,13.0,10.0,2.0,0.0,1.0,0.0,2022,Ath Madrid,5
2021-10-02,Sat,LaLiga,Away,L,0.0,2.0,Ath Madrid,,9.0,2.0,10.0,13.0,1.0,0.0,2.0,0.0,2022,Barcelona,5
2021-10-02,Sat,LaLiga,Home,D,0.0,0.0,Valencia,,2.0,1.0,16.0,11.0,3.0,0.0,4.0,0.0,2022,Cadiz,5
2021-10-02,Sat,LaLiga,Away,L,0.0,1.0,Mallorca,,6.0,2.0,25.0,18.0,4.0,0.0,4.0,0.0,2022,Levante,5
2021-10-02,Sat,LaLiga,Home,W,1.0,0.0,Levante,,9.0,7.0,18.0,25.0,4.0,0.0,4.0,0.0,2022,Mallorca,5
2021-10-02,Sat,LaLiga,Home,W,1.0,0.0,Vallecano,,7.0,3.0,19.0,9.0,3.0,0.0,3.0,0.0,2022,Osasuna,5
2021-10-02,Sat,LaLiga,Away,D,0.0,0.0,Cadiz,,16.0,4.0,11.0,16.0,4.0,0.0,3.0,0.0,2022,Valencia,5
2021-10-02,Sat,LaLiga,Away,L,0.0,1.0,Osasuna,,7.0,0.0,9.0,19.0,3.0,0.0,3.0,0.0,2022,Vallecano,5
2021-10-03,Sun,LaLiga,Away,L,0.0,2.0,Villarreal,,10.0,3.0,9.0,14.0,4.0,0.0,2.0,0.0,2022,Betis,6
2021-10-03,Sun,LaLiga,Away,L,0.0,1.0,Elche,,10.0,1.0,19.0,14.0,3.0,0.0,4.0,0.0,2022,Celta,6
2021-10-03,Sun,LaLiga,Home,W,1.0,0.0,Celta,,12.0,5.0,14.0,19.0,4.0,0.0,3.0,0.0,2022,Elche,6
2021-10-03,Sun,LaLiga,Home,W,2.0,1.0,Real Madrid,,8.0,4.0,12.0,13.0,2.0,0.0,1.0,0.0,2022,Espanol,6
2021-10-03,Sun,LaLiga,Home,D,1.0,1.0,Sociedad,,9.0,2.0,16.0,11.0,4.0,0.0,2.0,0.0,2022,Getafe,6
2021-10-03,Sun,LaLiga,Home,W,1.0,0.0,Sevilla,,3.0,1.0,13.0,11.0,3.0,0.0,4.0,1.0,2022,Granada,6
2021-10-03,Sun,LaLiga,Away,L,1.0,2.0,Espanol,,18.0,4.0,13.0,12.0,1.0,0.0,2.0,0.0,2022,Real Madrid,6
2021-10-03,Sun,LaLiga,Away,L,0.0,1.0,Granada,,14.0,3.0,11.0,13.0,4.0,1.0,3.0,0.0,2022,Sevilla,6
2021-10-03,Sun,LaLiga,Away,D,1.0,1.0,Getafe,,10.0,5.0,11.0,16.0,2.0,0.0,4.0,0.0,2022,Sociedad,6
2021-10-03,Sun,LaLiga,Home,W,2.0,0.0,Betis,,11.0,5.0,14.0,9.0,2.0,0.0,4.0,0.0,2022,Villarreal,6
2021-10-16,Sat,LaLiga,Away,D,0.0,0.0,Levante,,14.0,4.0,10.0,14.0,3.0,0.0,3.0,0.0,2022,Getafe,5
2021-10-16,Sat,LaLiga,Home,D,0.0,0.0,Getafe,,6.0,2.0,14.0,10.0,3.0,0.0,3.0,0.0,2022,Levante,5
2021-10-16,Sat,LaLiga,Away,L,0.0,1.0,Sociedad,,7.0,1.0,21.0,11.0,3.0,0.0,3.0,1.0,2022,Mallorca,5
2021-10-16,Sat,LaLiga,Home,W,1.0,0.0,Mallorca,,10.0,2.0,11.0,21.0,3.0,1.0,3.0,0.0,2022,Sociedad,5
2021-10-17,Sun,LaLiga,Home,W,3.0,1.0,Valencia,,12.0,5.0,16.0,13.0,2.0,0.0,3.0,0.0,2022,Barcelona,6
2021-10-17,Sun,LaLiga,Home,L,0.0,1.0,Sevilla,,14.0,3.0,13.0,9.0,2.0,0.0,3.0,0.0,2022,Celta,6
2021-10-17,Sun,LaLiga,Away,L,1.0,2.0,Vallecano,,7.0,3.0,11.0,16.0,2.0,0.0,2.0,0.0,2022,Elche,6
2021-10-17,Sun,LaLiga,Away,W,2.0,1.0,Villarreal,,6.0,2.0,14.0,6.0,5.0,0.0,1.0,0.0,2022,Osasuna,6
2021-10-17,Sun,LaLiga,Away,W,1.0,0.0,Celta,,8.0,2.0,9.0,13.0,3.0,0.0,2.0,0.0,2022,Sevilla,6
2021-10-17,Sun,LaLiga,Away,L,1.0,3.0,Barcelona,,9.0,3.0,13.0,16.0,3.0,0.0,2.0,0.0,2022,Valencia,6
2021-10-17,Sun,LaLiga,Home,W,2.0,1.0,Elche,,10.0,4.0,16.0,11.0,2.0,0.0,2.0,0.0,2022,Vallecano,6
2021-10-17,Sun,LaLiga,Home,L,1.0,2.0,Osasuna,,11.0,6.0,6.0,14.0,1.0,0.0,5.0,0.0,2022,Villarreal,6
2021-10-18,Mon,LaLiga,Home,L,0.0,1.0,Betis,,14.0,2.0,8.0,11.0,1.0,0.0,1.0,0.0,2022,Alaves,0
2021-10-18,Mon,LaLiga,Away,W,1.0,0.0,Alaves,,19.0,4.0,11.0,8.0,1.0,0.0,1.0,0.0,2022,Betis,0
2021-10-18,Mon,LaLiga,Away,L,0.0,2.0,Espanol,,13.0,2.0,10.0,8.0,0.0,0.0,1.0,0.0,2022,Cadiz,0
2021-10-18,Mon,LaLiga,Home,W,2.0,0.0,Cadiz,,14.0,6.0,8.0,10.0,1.0,0.0,0.0,0.0,2022,Espanol,0
2021-10-22,Fri,LaLiga,Away,D,1.0,1.0,Osasuna,,9.0,4.0,11.0,15.0,3.0,0.0,1.0,1.0,2022,Granada,4
2021-10-22,Fri,LaLiga,Home,D,1.0,1.0,Granada,,17.0,6.0,15.0,11.0,1.0,1.0,3.0,0.0,2022,Osasuna,4
2021-10-23,Sat,LaLiga,Away,W,2.0,0.0,Cadiz,,8.0,4.0,14.0,11.0,2.0,0.0,0.0,0.0,2022,Alaves,5
2021-10-23,Sat,LaLiga,Home,W,2.0,1.0,Villarreal,,14.0,7.0,7.0,12.0,0.0,0.0,3.0,0.0,2022,Ath Bilbao,5
2021-10-23,Sat,LaLiga,Home,L,0.0,2.0,Alaves,,23.0,4.0,11.0,14.0,0.0,0.0,2.0,0.0,2022,Cadiz,5
2021-10-23,Sat,LaLiga,Home,D,2.0,2.0,Espanol,,12.0,7.0,15.0,9.0,3.0,0.0,1.0,0.0,2022,Elche,5
2021-10-23,Sat,LaLiga,Away,D,2.0,2.0,Elche,,20.0,7.0,9.0,15.0,1.0,0.0,3.0,0.0,2022,Espanol,5
2021-10-23,Sat,LaLiga,Away,D,2.0,2.0,Valencia,,9.0,4.0,19.0,15.0,5.0,2.0,4.0,0.0,2022,Mallorca,5
2021-10-23,Sat,LaLiga,Home,D,2.0,2.0,Mallorca,,20.0,6.0,15.0,19.0,4.0,0.0,5.0,2.0,2022,Valencia,5
2021-10-23,Sat,LaLiga,Away,L,1.0,2.0,Ath Bilbao,,11.0,3.0,12.0,7.0,3.0,0.0,0.0,0.0,2022,Villarreal,5
2021-10-24,Sun,LaLiga,Home,D,2.0,2.0,Sociedad,,17.0,4.0,14.0,14.0,1.0,0.0,3.0,0.0,2022,Ath Madrid,6
2021-10-24,Sun,LaLiga,Home,L,1.0,2.0,Real Madrid,,12.0,2.0,17.0,13.0,1.0,0.0,1.0,0.0,2022,Barcelona,6
2021-10-24,Sun,LaLiga,Home,W,3.0,2.0,Vallecano,,11.0,5.0,12.0,12.0,1.0,0.0,2.0,0.0,2022,Betis,6
2021-10-24,Sun,LaLiga,Away,L,3.0,5.0,Sevilla,,12.0,7.0,6.0,13.0,2.0,0.0,1.0,0.0,2022,Levante,6
2021-10-24,Sun,LaLiga,Away,W,2.0,1.0,Barcelona,,10.0,5.0,13.0,17.0,1.0,0.0,1.0,0.0,2022,Real Madrid,6
2021-10-24,Sun,LaLiga,Home,W,5.0,3.0,Levante,,18.0,11.0,13.0,6.0,1.0,0.0,2.0,0.0,2022,Sevilla,6
2021-10-24,Sun,LaLiga,Away,D,2.0,2.0,Ath Madrid,,8.0,4.0,14.0,14.0,3.0,0.0,1.0,0.0,2022,Sociedad,6
2021-10-24,Sun,LaLiga,Away,L,2.0,3.0,Betis,,14.0,3.0,12.0,12.0,2.0,0.0,1.0,0.0,2022,Vallecano,6
2021-10-25,Mon,LaLiga,Away,W,3.0,0.0,Getafe,,16.0,8.0,11.0,15.0,2.0,0.0,2.0,2.0,2022,Celta,0
2021-10-25,Mon,LaLiga,Home,L,0.0,3.0,Celta,,11.0,2.0,15.0,11.0,2.0,2.0,2.0,0.0,2022,Getafe,0
2021-10-26,Tue,LaLiga,Home,W,1.0,0.0,Elche,,16.0,5.0,13.0,9.0,1.0,0.0,1.0,0.0,2022,Alaves,1
2021-10-26,Tue,LaLiga,Away,D,1.0,1.0,Espanol,,23.0,7.0,12.0,7.0,2.0,0.0,1.0,1.0,2022,Ath Bilbao,1
2021-10-26,Tue,LaLiga,Away,D,3.0,3.0,Villarreal,,9.0,4.0,9.0,13.0,6.0,0.0,3.0,0.0,2022,Cadiz,1
2021-10-26,Tue,LaLiga,Away,L,0.0,1.0,Alaves,,4.0,1.0,9.0,13.0,1.0,0.0,1.0,0.0,2022,Elche,1
2021-10-26,Tue,LaLiga,Home,D,1.0,1.0,Ath Bilbao,,14.0,3.0,7.0,12.0,1.0,1.0,2.0,0.0,2022,Espanol,1
2021-10-26,Tue,LaLiga,Home,D,3.0,3.0,Cadiz,,14.0,5.0,13.0,9.0,3.0,0.0,6.0,0.0,2022,Villarreal,1
2021-10-27,Wed,LaLiga,Away,L,0.0,1.0,Vallecano,,16.0,1.0,12.0,17.0,2.0,0.0,2.0,0.0,2022,Barcelona,2
2021-10-27,Wed,LaLiga,Home,W,4.0,1.0,Valencia,,14.0,9.0,14.0,19.0,2.0,0.0,5.0,0.0,2022,Betis,2
2021-10-27,Wed,LaLiga,Home,D,1.0,1.0,Sevilla,,11.0,4.0,16.0,14.0,3.0,1.0,6.0,0.0,2022,Mallorca,2
2021-10-27,Wed,LaLiga,Away,D,0.0,0.0,Real Madrid,,7.0,0.0,10.0,12.0,1.0,0.0,1.0,0.0,2022,Osasuna,2
2021-10-27,Wed,LaLiga,Home,D,0.0,0.0,Osasuna,,17.0,3.0,12.0,10.0,1.0,0.0,1.0,0.0,2022,Real Madrid,2
2021-10-27,Wed,LaLiga,Away,D,1.0,1.0,Mallorca,,10.0,3.0,14.0,16.0,6.0,0.0,3.0,1.0,2022,Sevilla,2
2021-10-27,Wed,LaLiga,Away,L,1.0,4.0,Betis,,10.0,4.0,19.0,14.0,5.0,0.0,2.0,0.0,2022,Valencia,2
2021-10-27,Wed,LaLiga,Home,W,1.0,0.0,Barcelona,,13.0,3.0,17.0,12.0,2.0,0.0,2.0,0.0,2022,Vallecano,2
2021-10-28,Thu,LaLiga,Away,D,2.0,2.0,Levante,,7.0,3.0,11.0,15.0,5.0,0.0,3.0,1.0,2022,Ath Madrid,3
2021-10-28,Thu,LaLiga,Home,L,0.0,2.0,Sociedad,,14.0,6.0,12.0,11.0,1.0,0.0,0.0,0.0,2022,Celta,3
2021-10-28,Thu,LaLiga,Away,D,1.0,1.0,Granada,,6.0,4.0,15.0,10.0,4.0,0.0,1.0,0.0,2022,Getafe,3
2021-10-28,Thu,LaLiga,Home,D,1.0,1.0,Getafe,,18.0,3.0,10.0,15.0,1.0,0.0,4.0,0.0,2022,Granada,3
2021-10-28,Thu,LaLiga,Home,D,2.0,2.0,Ath Madrid,,10.0,3.0,15.0,11.0,3.0,1.0,5.0,0.0,2022,Levante,3
2021-10-28,Thu,LaLiga,Away,W,2.0,0.0,Celta,,11.0,4.0,11.0,12.0,0.0,0.0,1.0,0.0,2022,Sociedad,3
2021-10-30,Sat,LaLiga,Away,D,1.0,1.0,Barcelona,,3.0,2.0,11.0,11.0,2.0,0.0,0.0,0.0,2022,Alaves,5
2021-10-30,Sat,LaLiga,Home,D,1.0,1.0,Alaves,,16.0,5.0,11.0,11.0,0.0,0.0,2.0,0.0,2022,Barcelona,5
2021-10-30,Sat,LaLiga,Home,L,1.0,2.0,Real Madrid,,13.0,4.0,11.0,13.0,2.0,1.0,0.0,0.0,2022,Elche,5
2021-10-30,Sat,LaLiga,Away,L,0.0,2.0,Sevilla,,10.0,3.0,10.0,17.0,2.0,0.0,2.0,0.0,2022,Osasuna,5
2021-10-30,Sat,LaLiga,Away,W,2.0,1.0,Elche,,17.0,5.0,13.0,11.0,0.0,0.0,2.0,1.0,2022,Real Madrid,5
2021-10-30,Sat,LaLiga,Home,W,2.0,0.0,Osasuna,,16.0,4.0,17.0,10.0,2.0,0.0,2.0,0.0,2022,Sevilla,5
2021-10-30,Sat,LaLiga,Home,W,2.0,0.0,Villarreal,,9.0,3.0,19.0,17.0,2.0,0.0,4.0,0.0,2022,Valencia,5
2021-10-30,Sat,LaLiga,Away,L,0.0,2.0,Valencia,,11.0,1.0,17.0,19.0,4.0,0.0,2.0,0.0,2022,Villarreal,5
2021-10-31,Sun,LaLiga,Away,D,1.0,1.0,Sociedad,,11.0,5.0,14.0,21.0,3.0,1.0,4.0,0.0,2022,Ath Bilbao,6
2021-10-31,Sun,LaLiga,Home,W,3.0,0.0,Betis,,18.0,9.0,11.0,12.0,0.0,0.0,0.0,0.0,2022,Ath Madrid,6
2021-10-31,Sun,LaLiga,Away,L,0.0,3.0,Ath Madrid,,8.0,1.0,12.0,11.0,0.0,0.0,0.0,0.0,2022,Betis,6
2021-10-31,Sun,LaLiga,Home,D,1.0,1.0,Mallorca,,13.0,2.0,14.0,16.0,3.0,0.0,7.0,2.0,2022,Cadiz,6
2021-10-31,Sun,LaLiga,Away,L,1.0,2.0,Getafe,,10.0,3.0,11.0,18.0,4.0,0.0,7.0,0.0,2022,Espanol,6
2021-10-31,Sun,LaLiga,Home,W,2.0,1.0,Espanol,,12.0,7.0,18.0,11.0,7.0,0.0,4.0,0.0,2022,Getafe,6
2021-10-31,Sun,LaLiga,Away,D,1.0,1.0,Cadiz,,11.0,5.0,16.0,14.0,7.0,2.0,3.0,0.0,2022,Mallorca,6
2021-10-31,Sun,LaLiga,Home,D,1.0,1.0,Ath Bilbao,,8.0,3.0,21.0,14.0,4.0,0.0,3.0,1.0,2022,Sociedad,6
2021-11-01,Mon,LaLiga,Away,D,0.0,0.0,Vallecano,,10.0,4.0,14.0,13.0,5.0,0.0,2.0,0.0,2022,Celta,0
2021-11-01,Mon,LaLiga,Away,W,3.0,0.0,Levante,,12.0,6.0,13.0,14.0,2.0,0.0,4.0,0.0,2022,Granada,0
2021-11-01,Mon,LaLiga,Home,L,0.0,3.0,Granada,,12.0,3.0,14.0,13.0,4.0,0.0,2.0,0.0,2022,Levante,0
2021-11-01,Mon,LaLiga,Home,D,0.0,0.0,Celta,,11.0,5.0,13.0,14.0,2.0,0.0,5.0,0.0,2022,Vallecano,0
2021-11-05,Fri,LaLiga,Home,L,0.0,1.0,Cadiz,,15.0,5.0,14.0,19.0,2.0,0.0,1.0,0.0,2022,Ath Bilbao,4
2021-11-05,Fri,LaLiga,Away,W,1.0,0.0,Ath Bilbao,,8.0,4.0,19.0,14.0,1.0,0.0,2.0,0.0,2022,Cadiz,4
2021-11-06,Sat,LaLiga,Home,W,2.0,1.0,Levante,,10.0,3.0,21.0,17.0,3.0,0.0,3.0,0.0,2022,Alaves,5
2021-11-06,Sat,LaLiga,Away,D,3.0,3.0,Celta,,10.0,6.0,18.0,18.0,6.0,0.0,3.0,0.0,2022,Barcelona,5
2021-11-06,Sat,LaLiga,Home,D,3.0,3.0,Barcelona,,18.0,4.0,18.0,18.0,3.0,0.0,6.0,0.0,2022,Celta,5
2021-11-06,Sat,LaLiga,Home,W,2.0,0.0,Granada,,17.0,6.0,12.0,8.0,1.0,0.0,1.0,0.0,2022,Espanol,5
2021-11-06,Sat,LaLiga,Away,L,0.0,2.0,Espanol,,18.0,5.0,8.0,12.0,1.0,0.0,1.0,0.0,2022,Granada,5
2021-11-06,Sat,LaLiga,Away,L,1.0,2.0,Alaves,,12.0,7.0,17.0,21.0,3.0,0.0,3.0,0.0,2022,Levante,5
2021-11-06,Sat,LaLiga,Home,W,2.0,1.0,Vallecano,,15.0,7.0,8.0,14.0,1.0,0.0,2.0,0.0,2022,Real Madrid,5
2021-11-06,Sat,LaLiga,Away,L,1.0,2.0,Real Madrid,,19.0,7.0,14.0,8.0,2.0,0.0,1.0,0.0,2022,Vallecano,5
2021-11-07,Sun,LaLiga,Away,D,3.0,3.0,Valencia,,13.0,7.0,17.0,12.0,2.0,0.0,2.0,0.0,2022,Ath Madrid,6
2021-11-07,Sun,LaLiga,Home,L,0.0,2.0,Sevilla,,8.0,1.0,12.0,13.0,3.0,1.0,1.0,0.0,2022,Betis,6
2021-11-07,Sun,LaLiga,Away,D,2.0,2.0,Mallorca,,7.0,2.0,19.0,11.0,3.0,0.0,2.0,0.0,2022,Elche,6
2021-11-07,Sun,LaLiga,Away,L,0.0,1.0,Villarreal,,5.0,2.0,13.0,12.0,1.0,0.0,1.0,0.0,2022,Getafe,6
2021-11-07,Sun,LaLiga,Home,D,2.0,2.0,Elche,,18.0,6.0,11.0,19.0,2.0,0.0,3.0,0.0,2022,Mallorca,6
2021-11-07,Sun,LaLiga,Home,L,0.0,2.0,Sociedad,,6.0,2.0,11.0,12.0,0.0,0.0,2.0,0.0,2022,Osasuna,6
2021-11-07,Sun,LaLiga,Away,W,2.0,0.0,Betis,,11.0,2.0,13.0,12.0,1.0,0.0,3.0,1.0,2022,Sevilla,6
2021-11-07,Sun,LaLiga,Away,W,2.0,0.0,Osasuna,,9.0,4.0,12.0,11.0,2.0,0.0,0.0,0.0,2022,Sociedad,6
2021-11-07,Sun,LaLiga,Home,D,3.0,3.0,Ath Madrid,,11.0,5.0,12.0,17.0,2.0,0.0,2.0,0.0,2022,Valencia,6
2021-11-07,Sun,LaLiga,Home,W,1.0,0.0,Getafe,,10.0,4.0,12.0,13.0,1.0,0.0,1.0,0.0,2022,Villarreal,6
2021-11-19,Fri,LaLiga,Away,D,0.0,0.0,Levante,,7.0,2.0,7.0,16.0,1.0,0.0,2.0,0.0,2022,Ath Bilbao,4
2021-11-19,Fri,LaLiga,Home,D,0.0,0.0,Ath Bilbao,,15.0,2.0,16.0,7.0,2.0,0.0,1.0,0.0,2022,Levante,4
2021-11-20,Sat,LaLiga,Away,D,2.0,2.0,Sevilla,,8.0,3.0,17.0,14.0,4.0,0.0,4.0,0.0,2022,Alaves,5
2021-11-20,Sat,LaLiga,Home,W,1.0,0.0,Osasuna,,15.0,2.0,7.0,8.0,2.0,0.0,2.0,0.0,2022,Ath Madrid,5
2021-11-20,Sat,LaLiga,Home,W,1.0,0.0,Espanol,,16.0,6.0,17.0,9.0,4.0,0.0,2.0,0.0,2022,Barcelona,5
2021-11-20,Sat,LaLiga,Home,D,1.0,1.0,Villarreal,,12.0,3.0,14.0,17.0,1.0,0.0,1.0,0.0,2022,Celta,5
2021-11-20,Sat,LaLiga,Away,L,0.0,1.0,Barcelona,,12.0,2.0,9.0,17.0,2.0,0.0,4.0,0.0,2022,Espanol,5
2021-11-20,Sat,LaLiga,Away,L,0.0,1.0,Ath Madrid,,9.0,3.0,8.0,7.0,2.0,0.0,2.0,0.0,2022,Osasuna,5
2021-11-20,Sat,LaLiga,Home,D,2.0,2.0,Alaves,,16.0,6.0,14.0,17.0,4.0,0.0,4.0,0.0,2022,Sevilla,5
2021-11-20,Sat,LaLiga,Away,D,1.0,1.0,Celta,,18.0,6.0,17.0,14.0,1.0,0.0,1.0,0.0,2022,Villarreal,5
2021-11-21,Sun,LaLiga,Away,W,3.0,0.0,Elche,,9.0,4.0,14.0,12.0,2.0,1.0,1.0,0.0,2022,Betis,6
2021-11-21,Sun,LaLiga,Away,L,0.0,4.0,Getafe,,10.0,2.0,7.0,14.0,4.0,0.0,2.0,0.0,2022,Cadiz,6
2021-11-21,Sun,LaLiga,Home,L,0.0,3.0,Betis,,14.0,4.0,12.0,14.0,1.0,0.0,2.0,1.0,2022,Elche,6
2021-11-21,Sun,LaLiga,Home,W,4.0,0.0,Cadiz,,17.0,8.0,14.0,7.0,2.0,0.0,4.0,0.0,2022,Getafe,6
2021-11-21,Sun,LaLiga,Home,L,1.0,4.0,Real Madrid,,11.0,3.0,10.0,7.0,1.0,1.0,1.0,0.0,2022,Granada,6
2021-11-21,Sun,LaLiga,Away,W,4.0,1.0,Granada,,21.0,10.0,7.0,10.0,1.0,0.0,1.0,1.0,2022,Real Madrid,6
2021-11-21,Sun,LaLiga,Home,D,0.0,0.0,Valencia,,9.0,2.0,11.0,16.0,4.0,1.0,7.0,0.0,2022,Sociedad,6
2021-11-21,Sun,LaLiga,Away,D,0.0,0.0,Sociedad,,8.0,3.0,16.0,11.0,7.0,0.0,4.0,1.0,2022,Valencia,6
2021-11-22,Mon,LaLiga,Away,L,1.0,3.0,Vallecano,,11.0,5.0,17.0,14.0,2.0,0.0,3.0,0.0,2022,Mallorca,0
2021-11-22,Mon,LaLiga,Home,W,3.0,1.0,Mallorca,,15.0,6.0,14.0,17.0,3.0,0.0,2.0,0.0,2022,Vallecano,0
2021-11-26,Fri,LaLiga,Home,D,2.0,2.0,Granada,,17.0,5.0,12.0,9.0,1.0,1.0,1.0,0.0,2022,Ath Bilbao,4
2021-11-26,Fri,LaLiga,Away,D,2.0,2.0,Ath Bilbao,,8.0,4.0,9.0,12.0,1.0,0.0,1.0,1.0,2022,Granada,4
2021-11-27,Sat,LaLiga,Home,L,1.0,2.0,Celta,,13.0,5.0,12.0,15.0,3.0,0.0,2.0,0.0,2022,Alaves,5
2021-11-27,Sat,LaLiga,Away,W,3.0,1.0,Villarreal,,12.0,6.0,14.0,19.0,2.0,0.0,2.0,0.0,2022,Barcelona,5
2021-11-27,Sat,LaLiga,Away,W,2.0,1.0,Alaves,,8.0,5.0,15.0,12.0,2.0,0.0,3.0,0.0,2022,Celta,5
2021-11-27,Sat,LaLiga,Away,D,0.0,0.0,Mallorca,,11.0,0.0,19.0,8.0,0.0,0.0,3.0,0.0,2022,Getafe,5
2021-11-27,Sat,LaLiga,Home,D,0.0,0.0,Getafe,,12.0,2.0,8.0,19.0,3.0,0.0,0.0,0.0,2022,Mallorca,5
2021-11-27,Sat,LaLiga,Home,D,1.0,1.0,Vallecano,,8.0,4.0,18.0,15.0,6.0,0.0,5.0,0.0,2022,Valencia,5
2021-11-27,Sat,LaLiga,Away,D,1.0,1.0,Valencia,,12.0,6.0,15.0,18.0,5.0,0.0,6.0,0.0,2022,Vallecano,5
2021-11-27,Sat,LaLiga,Home,L,1.0,3.0,Barcelona,,14.0,2.0,19.0,14.0,2.0,0.0,2.0,0.0,2022,Villarreal,5
2021-11-28,Sun,LaLiga,Away,W,4.0,1.0,Cadiz,,17.0,7.0,11.0,13.0,0.0,0.0,2.0,0.0,2022,Ath Madrid,6
2021-11-28,Sun,LaLiga,Home,W,3.0,1.0,Levante,,26.0,8.0,16.0,9.0,2.0,0.0,3.0,0.0,2022,Betis,6
2021-11-28,Sun,LaLiga,Home,L,1.0,4.0,Ath Madrid,,8.0,0.0,13.0,11.0,2.0,0.0,0.0,0.0,2022,Cadiz,6
2021-11-28,Sun,LaLiga,Home,W,1.0,0.0,Sociedad,,8.0,2.0,15.0,7.0,1.0,0.0,1.0,0.0,2022,Espanol,6
2021-11-28,Sun,LaLiga,Away,L,1.0,3.0,Betis,,8.0,2.0,9.0,16.0,3.0,0.0,2.0,0.0,2022,Levante,6
2021-11-28,Sun,LaLiga,Home,W,2.0,1.0,Sevilla,,14.0,4.0,10.0,9.0,3.0,0.0,3.0,0.0,2022,Real Madrid,6
2021-11-28,Sun,LaLiga,Away,L,1.0,2.0,Real Madrid,,11.0,6.0,9.0,10.0,3.0,0.0,3.0,0.0,2022,Sevilla,6
2021-11-28,Sun,LaLiga,Away,L,0.0,1.0,Espanol,,10.0,4.0,7.0,15.0,1.0,0.0,1.0,0.0,2022,Sociedad,6
2021-11-29,Mon,LaLiga,Away,D,1.0,1.0,Osasuna,,10.0,4.0,12.0,16.0,3.0,0.0,1.0,0.0,2022,Elche,0
2021-11-29,Mon,LaLiga,Home,D,1.0,1.0,Elche,,17.0,4.0,16.0,12.0,1.0,0.0,3.0,0.0,2022,Osasuna,0
2021-12-01,Wed,LaLiga,Away,L,0.0,1.0,Real Madrid,,18.0,2.0,13.0,12.0,3.0,0.0,2.0,0.0,2022,Ath Bilbao,2
2021-12-01,Wed,LaLiga,Home,W,1.0,0.0,Ath Bilbao,,17.0,7.0,12.0,13.0,2.0,0.0,3.0,0.0,2022,Real Madrid,2
2021-12-03,Fri,LaLiga,Away,L,1.0,2.0,Granada,,14.0,2.0,15.0,17.0,2.0,0.0,2.0,0.0,2022,Alaves,4
2021-12-03,Fri,LaLiga,Home,W,2.0,1.0,Alaves,,9.0,2.0,17.0,15.0,2.0,0.0,2.0,0.0,2022,Granada,4
2021-12-04,Sat,LaLiga,Home,L,1.0,2.0,Mallorca,,14.0,6.0,13.0,16.0,2.0,0.0,5.0,0.0,2022,Ath Madrid,5
2021-12-04,Sat,LaLiga,Home,L,0.0,1.0,Betis,,12.0,3.0,17.0,12.0,1.0,0.0,2.0,0.0,2022,Barcelona,5
2021-12-04,Sat,LaLiga,Away,W,1.0,0.0,Barcelona,,8.0,2.0,12.0,17.0,2.0,0.0,1.0,0.0,2022,Betis,5
2021-12-04,Sat,LaLiga,Away,W,2.0,1.0,Ath Madrid,,10.0,3.0,16.0,13.0,5.0,0.0,2.0,0.0,2022,Mallorca,5
2021-12-04,Sat,LaLiga,Away,W,2.0,0.0,Sociedad,,13.0,8.0,8.0,12.0,0.0,0.0,2.0,0.0,2022,Real Madrid,5
2021-12-04,Sat,LaLiga,Home,W,1.0,0.0,Villarreal,,8.0,3.0,9.0,10.0,2.0,0.0,2.0,0.0,2022,Sevilla,5
2021-12-04,Sat,LaLiga,Home,L,0.0,2.0,Real Madrid,,11.0,0.0,12.0,8.0,2.0,0.0,0.0,0.0,2022,Sociedad,5
2021-12-04,Sat,LaLiga,Away,L,0.0,1.0,Sevilla,,16.0,2.0,10.0,9.0,2.0,0.0,2.0,0.0,2022,Villarreal,5
2021-12-05,Sun,LaLiga,Away,L,1.0,3.0,Elche,,15.0,6.0,15.0,16.0,3.0,0.0,7.0,0.0,2022,Cadiz,6
2021-12-05,Sun,LaLiga,Home,L,1.0,2.0,Valencia,,11.0,5.0,10.0,22.0,3.0,0.0,2.0,0.0,2022,Celta,6
2021-12-05,Sun,LaLiga,Home,W,3.0,1.0,Cadiz,,8.0,3.0,16.0,15.0,7.0,0.0,3.0,0.0,2022,Elche,6
2021-12-05,Sun,LaLiga,Away,L,0.0,1.0,Vallecano,,10.0,3.0,11.0,18.0,3.0,1.0,3.0,0.0,2022,Espanol,6
2021-12-05,Sun,LaLiga,Home,D,0.0,0.0,Osasuna,,11.0,3.0,12.0,16.0,2.0,0.0,3.0,0.0,2022,Levante,6
2021-12-05,Sun,LaLiga,Away,D,0.0,0.0,Levante,,11.0,1.0,16.0,12.0,3.0,0.0,2.0,0.0,2022,Osasuna,6
2021-12-05,Sun,LaLiga,Away,W,2.0,1.0,Celta,,8.0,5.0,22.0,10.0,2.0,0.0,3.0,0.0,2022,Valencia,6
2021-12-05,Sun,LaLiga,Home,W,1.0,0.0,Espanol,,7.0,0.0,18.0,11.0,3.0,0.0,3.0,1.0,2022,Vallecano,6
2021-12-06,Mon,LaLiga,Away,D,0.0,0.0,Getafe,,9.0,3.0,14.0,14.0,1.0,0.0,2.0,0.0,2022,Ath Bilbao,0
2021-12-06,Mon,LaLiga,Home,D,0.0,0.0,Ath Bilbao,,17.0,5.0,14.0,14.0,2.0,0.0,1.0,0.0,2022,Getafe,0
2021-12-10,Fri,LaLiga,Away,D,0.0,0.0,Mallorca,,14.0,5.0,11.0,14.0,2.0,0.0,3.0,0.0,2022,Celta,4
2021-12-10,Fri,LaLiga,Home,D,0.0,0.0,Celta,,12.0,1.0,14.0,11.0,3.0,0.0,2.0,0.0,2022,Mallorca,4
2021-12-11,Sat,LaLiga,Home,D,1.0,1.0,Getafe,,9.0,1.0,18.0,15.0,4.0,1.0,4.0,0.0,2022,Alaves,5
2021-12-11,Sat,LaLiga,Home,L,0.0,1.0,Sevilla,,13.0,2.0,17.0,10.0,4.0,0.0,3.0,0.0,2022,Ath Bilbao,5
2021-12-11,Sat,LaLiga,Away,L,1.0,2.0,Valencia,,8.0,4.0,12.0,15.0,2.0,0.0,3.0,0.0,2022,Elche,5
2021-12-11,Sat,LaLiga,Home,W,4.0,3.0,Levante,,17.0,8.0,9.0,15.0,4.0,0.0,4.0,1.0,2022,Espanol,5
2021-12-11,Sat,LaLiga,Away,D,1.0,1.0,Alaves,,11.0,2.0,15.0,18.0,4.0,0.0,4.0,1.0,2022,Getafe,5
2021-12-11,Sat,LaLiga,Away,L,3.0,4.0,Espanol,,14.0,5.0,15.0,9.0,4.0,1.0,4.0,0.0,2022,Levante,5
2021-12-11,Sat,LaLiga,Away,W,1.0,0.0,Ath Bilbao,,6.0,1.0,10.0,17.0,3.0,0.0,4.0,0.0,2022,Sevilla,5
2021-12-11,Sat,LaLiga,Home,W,2.0,1.0,Elche,,21.0,8.0,15.0,12.0,3.0,0.0,2.0,0.0,2022,Valencia,5
2021-12-12,Sun,LaLiga,Away,L,0.0,2.0,Real Madrid,,9.0,6.0,15.0,17.0,3.0,0.0,2.0,0.0,2022,Ath Madrid,6
2021-12-12,Sun,LaLiga,Away,D,2.0,2.0,Osasuna,,10.0,2.0,16.0,16.0,4.0,0.0,5.0,0.0,2022,Barcelona,6
2021-12-12,Sun,LaLiga,Home,W,4.0,0.0,Sociedad,,11.0,5.0,12.0,10.0,3.0,0.0,1.0,0.0,2022,Betis,6
2021-12-12,Sun,LaLiga,Home,D,2.0,2.0,Barcelona,,8.0,3.0,16.0,16.0,5.0,0.0,4.0,0.0,2022,Osasuna,6
2021-12-12,Sun,LaLiga,Home,W,2.0,0.0,Ath Madrid,,7.0,3.0,17.0,15.0,2.0,0.0,3.0,0.0,2022,Real Madrid,6
2021-12-12,Sun,LaLiga,Away,L,0.0,4.0,Betis,,15.0,5.0,10.0,12.0,1.0,0.0,3.0,0.0,2022,Sociedad,6
2021-12-12,Sun,LaLiga,Away,L,0.0,2.0,Villarreal,,19.0,7.0,14.0,16.0,3.0,0.0,1.0,0.0,2022,Vallecano,6
2021-12-12,Sun,LaLiga,Home,W,2.0,0.0,Vallecano,,13.0,5.0,16.0,14.0,1.0,0.0,3.0,0.0,2022,Villarreal,6
2021-12-13,Mon,LaLiga,Home,D,1.0,1.0,Granada,,13.0,3.0,14.0,10.0,5.0,1.0,0.0,0.0,2022,Cadiz,0
2021-12-13,Mon,LaLiga,Away,D,1.0,1.0,Cadiz,,16.0,5.0,10.0,14.0,0.0,0.0,5.0,1.0,2022,Granada,0
2021-12-17,Fri,LaLiga,Home,W,3.0,1.0,Espanol,,12.0,5.0,13.0,5.0,2.0,0.0,1.0,0.0,2022,Celta,4
2021-12-17,Fri,LaLiga,Away,L,1.0,3.0,Celta,,6.0,3.0,5.0,13.0,1.0,0.0,2.0,0.0,2022,Espanol,4
2021-12-18,Sat,LaLiga,Away,L,0.0,2.0,Vallecano,,6.0,4.0,19.0,12.0,2.0,0.0,1.0,0.0,2022,Alaves,5
2021-12-18,Sat,LaLiga,Away,L,1.0,2.0,Sevilla,,15.0,3.0,14.0,15.0,1.0,0.0,2.0,0.0,2022,Ath Madrid,5
2021-12-18,Sat,LaLiga,Home,W,3.0,2.0,Elche,,19.0,8.0,13.0,17.0,1.0,0.0,3.0,0.0,2022,Barcelona,5
2021-12-18,Sat,LaLiga,Away,L,2.0,3.0,Barcelona,,5.0,3.0,17.0,13.0,3.0,0.0,1.0,0.0,2022,Elche,5
2021-12-18,Sat,LaLiga,Home,W,2.0,1.0,Ath Madrid,,6.0,2.0,15.0,14.0,2.0,0.0,1.0,0.0,2022,Sevilla,5
2021-12-18,Sat,LaLiga,Home,L,1.0,3.0,Villarreal,,8.0,4.0,9.0,15.0,2.0,1.0,3.0,0.0,2022,Sociedad,5
2021-12-18,Sat,LaLiga,Home,W,2.0,0.0,Alaves,,20.0,5.0,12.0,19.0,1.0,0.0,2.0,0.0,2022,Vallecano,5
2021-12-18,Sat,LaLiga,Away,W,3.0,1.0,Sociedad,,15.0,8.0,15.0,9.0,3.0,0.0,2.0,1.0,2022,Villarreal,5
2021-12-19,Sun,LaLiga,Home,W,3.0,2.0,Betis,,9.0,6.0,7.0,12.0,1.0,0.0,3.0,0.0,2022,Ath Bilbao,6
2021-12-19,Sun,LaLiga,Away,L,2.0,3.0,Ath Bilbao,,16.0,8.0,12.0,7.0,3.0,0.0,1.0,0.0,2022,Betis,6
2021-12-19,Sun,LaLiga,Away,D,0.0,0.0,Real Madrid,,4.0,0.0,10.0,9.0,1.0,0.0,1.0,0.0,2022,Cadiz,6
2021-12-19,Sun,LaLiga,Home,W,1.0,0.0,Osasuna,,18.0,4.0,14.0,8.0,3.0,0.0,1.0,0.0,2022,Getafe,6
2021-12-19,Sun,LaLiga,Home,W,4.0,1.0,Mallorca,,15.0,6.0,12.0,15.0,3.0,0.0,2.0,0.0,2022,Granada,6
2021-12-19,Sun,LaLiga,Away,L,1.0,4.0,Granada,,8.0,5.0,15.0,12.0,2.0,0.0,3.0,0.0,2022,Mallorca,6
2021-12-19,Sun,LaLiga,Away,L,0.0,1.0,Getafe,,11.0,2.0,8.0,14.0,1.0,0.0,3.0,0.0,2022,Osasuna,6
2021-12-19,Sun,LaLiga,Home,D,0.0,0.0,Cadiz,,36.0,9.0,9.0,10.0,1.0,0.0,1.0,0.0,2022,Real Madrid,6
2021-12-20,Mon,LaLiga,Home,L,3.0,4.0,Valencia,,15.0,9.0,21.0,11.0,3.0,0.0,4.0,0.0,2022,Levante,0
2021-12-20,Mon,LaLiga,Away,W,4.0,3.0,Levante,,15.0,8.0,11.0,21.0,4.0,0.0,3.0,0.0,2022,Valencia,0
2021-12-21,Tue,LaLiga,Away,L,2.0,5.0,Villarreal,,4.0,2.0,14.0,16.0,2.0,0.0,0.0,0.0,2022,Alaves,1
2021-12-21,Tue,LaLiga,Away,D,1.0,1.0,Sevilla,,23.0,7.0,13.0,15.0,3.0,0.0,2.0,1.0,2022,Barcelona,1
2021-12-21,Tue,LaLiga,Home,D,1.0,1.0,Barcelona,,5.0,1.0,15.0,13.0,2.0,1.0,3.0,0.0,2022,Sevilla,1
2021-12-21,Tue,LaLiga,Home,W,5.0,2.0,Alaves,,24.0,10.0,16.0,14.0,0.0,0.0,2.0,0.0,2022,Villarreal,1
2021-12-22,Wed,LaLiga,Home,L,1.0,2.0,Real Madrid,,15.0,2.0,17.0,7.0,2.0,0.0,2.0,0.0,2022,Ath Bilbao,2
2021-12-22,Wed,LaLiga,Away,L,1.0,2.0,Granada,,15.0,3.0,7.0,17.0,1.0,0.0,4.0,0.0,2022,Ath Madrid,2
2021-12-22,Wed,LaLiga,Home,W,2.0,1.0,Ath Madrid,,6.0,4.0,17.0,7.0,4.0,0.0,1.0,0.0,2022,Granada,2
2021-12-22,Wed,LaLiga,Away,W,2.0,1.0,Ath Bilbao,,12.0,7.0,7.0,17.0,2.0,0.0,2.0,0.0,2022,Real Madrid,2
2021-12-31,Fri,LaLiga,Away,W,2.0,1.0,Valencia,,15.0,4.0,14.0,19.0,3.0,0.0,7.0,1.0,2022,Espanol,4
2021-12-31,Fri,LaLiga,Home,L,1.0,2.0,Espanol,,12.0,2.0,19.0,14.0,7.0,1.0,3.0,0.0,2022,Valencia,4
2022-01-02,Sun,LaLiga,Home,D,1.0,1.0,Sociedad,,19.0,5.0,22.0,10.0,3.0,0.0,3.0,0.0,2022,Alaves,6
2022-01-02,Sun,LaLiga,Home,W,2.0,0.0,Vallecano,,15.0,5.0,14.0,12.0,3.0,0.0,0.0,0.0,2022,Ath Madrid,6
2022-01-02,Sun,LaLiga,Away,W,1.0,0.0,Mallorca,,13.0,4.0,24.0,22.0,2.0,0.0,5.0,0.0,2022,Barcelona,6
2022-01-02,Sun,LaLiga,Home,L,0.0,2.0,Celta,,18.0,7.0,15.0,11.0,1.0,0.0,2.0,0.0,2022,Betis,6
2022-01-02,Sun,LaLiga,Away,W,2.0,0.0,Betis,,7.0,5.0,11.0,15.0,2.0,0.0,1.0,0.0,2022,Celta,6
2022-01-02,Sun,LaLiga,Home,D,0.0,0.0,Granada,,18.0,2.0,18.0,15.0,3.0,1.0,3.0,0.0,2022,Elche,6
2022-01-02,Sun,LaLiga,Home,W,1.0,0.0,Real Madrid,,6.0,3.0,20.0,8.0,3.0,0.0,2.0,0.0,2022,Getafe,6
2022-01-02,Sun,LaLiga,Away,D,0.0,0.0,Elche,,10.0,5.0,15.0,18.0,3.0,0.0,3.0,1.0,2022,Granada,6
2022-01-02,Sun,LaLiga,Home,L,0.0,1.0,Barcelona,,13.0,3.0,22.0,24.0,5.0,0.0,2.0,0.0,2022,Mallorca,6
2022-01-02,Sun,LaLiga,Away,L,0.0,1.0,Getafe,,14.0,4.0,8.0,20.0,2.0,0.0,3.0,0.0,2022,Real Madrid,6
2022-01-02,Sun,LaLiga,Away,D,1.0,1.0,Alaves,,10.0,4.0,10.0,22.0,3.0,0.0,3.0,0.0,2022,Sociedad,6
2022-01-02,Sun,LaLiga,Away,L,0.0,2.0,Ath Madrid,,5.0,0.0,12.0,14.0,0.0,0.0,3.0,0.0,2022,Vallecano,6
2022-01-03,Mon,LaLiga,Away,W,3.0,1.0,Osasuna,,17.0,5.0,7.0,12.0,2.0,0.0,5.0,1.0,2022,Ath Bilbao,0
2022-01-03,Mon,LaLiga,Home,L,0.0,1.0,Sevilla,,9.0,2.0,5.0,9.0,0.0,0.0,1.0,0.0,2022,Cadiz,0
2022-01-03,Mon,LaLiga,Away,L,0.0,5.0,Villarreal,,7.0,3.0,9.0,12.0,2.0,0.0,3.0,0.0,2022,Levante,0
2022-01-03,Mon,LaLiga,Home,L,1.0,3.0,Ath Bilbao,,15.0,4.0,12.0,7.0,5.0,1.0,2.0,0.0,2022,Osasuna,0
2022-01-03,Mon,LaLiga,Away,W,1.0,0.0,Cadiz,,14.0,4.0,9.0,5.0,1.0,0.0,0.0,0.0,2022,Sevilla,0
2022-01-03,Mon,LaLiga,Home,W,5.0,0.0,Levante,,17.0,7.0,12.0,9.0,3.0,0.0,2.0,0.0,2022,Villarreal,0
2022-01-08,Sat,LaLiga,Away,D,1.0,1.0,Granada,,13.0,1.0,21.0,9.0,5.0,1.0,2.0,0.0,2022,Barcelona,5
2022-01-08,Sat,LaLiga,Away,L,0.0,1.0,Sociedad,,4.0,0.0,18.0,10.0,3.0,0.0,3.0,0.0,2022,Celta,5
2022-01-08,Sat,LaLiga,Home,D,1.0,1.0,Barcelona,,14.0,4.0,9.0,21.0,2.0,0.0,5.0,1.0,2022,Granada,5
2022-01-08,Sat,LaLiga,Home,W,2.0,0.0,Mallorca,,16.0,8.0,20.0,11.0,3.0,1.0,1.0,0.0,2022,Levante,5
2022-01-08,Sat,LaLiga,Away,L,0.0,2.0,Levante,,15.0,8.0,11.0,20.0,1.0,0.0,3.0,1.0,2022,Mallorca,5
2022-01-08,Sat,LaLiga,Home,W,4.0,1.0,Valencia,,23.0,8.0,15.0,24.0,3.0,0.0,3.0,0.0,2022,Real Madrid,5
2022-01-08,Sat,LaLiga,Home,W,1.0,0.0,Celta,,12.0,3.0,10.0,18.0,3.0,0.0,3.0,0.0,2022,Sociedad,5
2022-01-08,Sat,LaLiga,Away,L,1.0,4.0,Real Madrid,,12.0,7.0,24.0,15.0,3.0,0.0,3.0,0.0,2022,Valencia,5
2022-01-09,Sun,LaLiga,Home,D,0.0,0.0,Ath Bilbao,,12.0,1.0,15.0,11.0,2.0,0.0,0.0,0.0,2022,Alaves,6
2022-01-09,Sun,LaLiga,Away,D,0.0,0.0,Alaves,,10.0,2.0,11.0,15.0,0.0,0.0,2.0,0.0,2022,Ath Bilbao,6
2022-01-09,Sun,LaLiga,Away,D,2.0,2.0,Villarreal,,7.0,5.0,8.0,13.0,2.0,1.0,0.0,0.0,2022,Ath Madrid,6
2022-01-09,Sun,LaLiga,Away,D,1.0,1.0,Vallecano,,9.0,5.0,13.0,18.0,3.0,1.0,1.0,0.0,2022,Betis,6
2022-01-09,Sun,LaLiga,Away,L,0.0,2.0,Osasuna,,6.0,1.0,13.0,13.0,2.0,0.0,2.0,0.0,2022,Cadiz,6
2022-01-09,Sun,LaLiga,Away,L,0.0,1.0,Sevilla,,4.0,2.0,20.0,8.0,3.0,0.0,1.0,0.0,2022,Getafe,6
2022-01-09,Sun,LaLiga,Home,W,2.0,0.0,Cadiz,,15.0,5.0,13.0,13.0,2.0,0.0,2.0,0.0,2022,Osasuna,6
2022-01-09,Sun,LaLiga,Home,W,1.0,0.0,Getafe,,10.0,1.0,8.0,20.0,1.0,0.0,3.0,0.0,2022,Sevilla,6
2022-01-09,Sun,LaLiga,Home,D,1.0,1.0,Betis,,17.0,7.0,18.0,13.0,1.0,0.0,3.0,1.0,2022,Vallecano,6
2022-01-09,Sun,LaLiga,Home,D,2.0,2.0,Ath Madrid,,13.0,3.0,13.0,8.0,0.0,0.0,2.0,1.0,2022,Villarreal,6
2022-01-10,Mon,LaLiga,Away,W,2.0,1.0,Espanol,,3.0,2.0,18.0,13.0,6.0,0.0,4.0,0.0,2022,Elche,0
2022-01-10,Mon,LaLiga,Home,L,1.0,2.0,Elche,,8.0,3.0,13.0,18.0,4.0,0.0,6.0,0.0,2022,Espanol,0
2022-01-16,Sun,LaLiga,Home,W,1.0,0.0,Villarreal,,5.0,2.0,12.0,15.0,4.0,0.0,3.0,0.0,2022,Elche,6
2022-01-16,Sun,LaLiga,Away,L,0.0,1.0,Elche,,9.0,4.0,15.0,12.0,3.0,0.0,4.0,0.0,2022,Villarreal,6
2022-01-18,Tue,LaLiga,Away,L,0.0,4.0,Betis,,9.0,2.0,14.0,14.0,0.0,0.0,2.0,0.0,2022,Alaves,1
2022-01-18,Tue,LaLiga,Home,W,4.0,0.0,Alaves,,18.0,5.0,14.0,14.0,2.0,0.0,0.0,0.0,2022,Betis,1
2022-01-18,Tue,LaLiga,Home,D,2.0,2.0,Espanol,,10.0,4.0,14.0,9.0,5.0,0.0,1.0,0.0,2022,Cadiz,1
2022-01-18,Tue,LaLiga,Away,D,2.0,2.0,Cadiz,,14.0,7.0,9.0,14.0,1.0,0.0,5.0,0.0,2022,Espanol,1
2022-01-19,Wed,LaLiga,Home,W,2.0,0.0,Osasuna,,5.0,3.0,14.0,11.0,1.0,0.0,2.0,0.0,2022,Celta,2
2022-01-19,Wed,LaLiga,Away,L,0.0,2.0,Celta,,9.0,0.0,11.0,14.0,2.0,0.0,1.0,0.0,2022,Osasuna,2
2022-01-19,Wed,LaLiga,Away,D,1.0,1.0,Valencia,,12.0,3.0,14.0,22.0,3.0,0.0,3.0,1.0,2022,Sevilla,2
2022-01-19,Wed,LaLiga,Home,D,1.0,1.0,Sevilla,,10.0,2.0,22.0,14.0,3.0,1.0,3.0,0.0,2022,Valencia,2
2022-01-20,Thu,LaLiga,Home,W,4.0,2.0,Granada,,12.0,4.0,15.0,10.0,3.0,0.0,4.0,0.0,2022,Getafe,3
2022-01-20,Thu,LaLiga,Away,L,2.0,4.0,Getafe,,7.0,4.0,10.0,15.0,4.0,0.0,3.0,0.0,2022,Granada,3
2022-01-21,Fri,LaLiga,Away,W,4.0,1.0,Espanol,,15.0,8.0,12.0,15.0,4.0,0.0,3.0,1.0,2022,Betis,4
2022-01-21,Fri,LaLiga,Home,L,1.0,4.0,Betis,,12.0,4.0,15.0,12.0,3.0,1.0,4.0,0.0,2022,Espanol,4
2022-01-22,Sat,LaLiga,Home,W,3.0,2.0,Valencia,,16.0,6.0,13.0,22.0,5.0,0.0,6.0,0.0,2022,Ath Madrid,5
2022-01-22,Sat,LaLiga,Away,W,2.0,0.0,Levante,,8.0,2.0,16.0,15.0,6.0,0.0,4.0,0.0,2022,Cadiz,5
2022-01-22,Sat,LaLiga,Away,D,2.0,2.0,Sevilla,,6.0,4.0,16.0,11.0,4.0,0.0,1.0,0.0,2022,Celta,5
2022-01-22,Sat,LaLiga,Home,L,0.0,2.0,Cadiz,,15.0,8.0,15.0,16.0,4.0,0.0,6.0,0.0,2022,Levante,5
2022-01-22,Sat,LaLiga,Away,L,0.0,3.0,Villarreal,,8.0,2.0,12.0,13.0,2.0,1.0,1.0,0.0,2022,Mallorca,5
2022-01-22,Sat,LaLiga,Home,D,2.0,2.0,Celta,,16.0,5.0,11.0,16.0,1.0,0.0,4.0,0.0,2022,Sevilla,5
2022-01-22,Sat,LaLiga,Away,L,2.0,3.0,Ath Madrid,,7.0,3.0,22.0,13.0,6.0,0.0,5.0,0.0,2022,Valencia,5
2022-01-22,Sat,LaLiga,Home,W,3.0,0.0,Mallorca,,12.0,6.0,13.0,12.0,1.0,0.0,2.0,1.0,2022,Villarreal,5
2022-01-23,Sun,LaLiga,Home,L,0.0,1.0,Barcelona,,6.0,2.0,16.0,8.0,0.0,0.0,0.0,0.0,2022,Alaves,6
2022-01-23,Sun,LaLiga,Away,W,1.0,0.0,Vallecano,,9.0,3.0,20.0,8.0,6.0,0.0,1.0,0.0,2022,Ath Bilbao,6
2022-01-23,Sun,LaLiga,Away,W,1.0,0.0,Alaves,,10.0,4.0,8.0,16.0,0.0,0.0,0.0,0.0,2022,Barcelona,6
2022-01-23,Sun,LaLiga,Away,D,2.0,2.0,Real Madrid,,3.0,2.0,14.0,11.0,1.0,0.0,3.0,0.0,2022,Elche,6
2022-01-23,Sun,LaLiga,Away,D,0.0,0.0,Sociedad,,9.0,2.0,13.0,17.0,1.0,0.0,1.0,0.0,2022,Getafe,6
2022-01-23,Sun,LaLiga,Home,L,0.0,2.0,Osasuna,,6.0,2.0,12.0,15.0,0.0,0.0,2.0,0.0,2022,Granada,6
2022-01-23,Sun,LaLiga,Away,W,2.0,0.0,Granada,,16.0,7.0,15.0,12.0,2.0,0.0,0.0,0.0,2022,Osasuna,6
2022-01-23,Sun,LaLiga,Home,D,2.0,2.0,Elche,,23.0,8.0,11.0,14.0,3.0,0.0,1.0,0.0,2022,Real Madrid,6
2022-01-23,Sun,LaLiga,Home,D,0.0,0.0,Getafe,,9.0,3.0,17.0,13.0,1.0,0.0,1.0,0.0,2022,Sociedad,6
2022-01-23,Sun,LaLiga,Home,L,0.0,1.0,Ath Bilbao,,29.0,3.0,8.0,20.0,1.0,0.0,6.0,0.0,2022,Vallecano,6
2022-02-04,Fri,LaLiga,Home,W,3.0,0.0,Levante,,14.0,8.0,12.0,13.0,4.0,0.0,3.0,0.0,2022,Getafe,4
2022-02-04,Fri,LaLiga,Away,L,0.0,3.0,Getafe,,11.0,2.0,13.0,12.0,3.0,0.0,4.0,0.0,2022,Levante,4
2022-02-05,Sat,LaLiga,Away,L,1.0,3.0,Elche,,6.0,2.0,11.0,15.0,1.0,0.0,1.0,0.0,2022,Alaves,5
2022-02-05,Sat,LaLiga,Away,L,1.0,2.0,Mallorca,,12.0,5.0,15.0,14.0,4.0,0.0,2.0,0.0,2022,Cadiz,5
2022-02-05,Sat,LaLiga,Home,W,2.0,0.0,Vallecano,,13.0,3.0,17.0,17.0,0.0,0.0,2.0,0.0,2022,Celta,5
2022-02-05,Sat,LaLiga,Home,W,3.0,1.0,Alaves,,14.0,4.0,15.0,11.0,1.0,0.0,1.0,0.0,2022,Elche,5
2022-02-05,Sat,LaLiga,Home,W,2.0,1.0,Cadiz,,17.0,5.0,14.0,15.0,2.0,0.0,4.0,0.0,2022,Mallorca,5
2022-02-05,Sat,LaLiga,Home,D,0.0,0.0,Sevilla,,9.0,3.0,13.0,7.0,1.0,0.0,1.0,0.0,2022,Osasuna,5
2022-02-05,Sat,LaLiga,Away,D,0.0,0.0,Osasuna,,9.0,4.0,7.0,13.0,1.0,0.0,1.0,0.0,2022,Sevilla,5
2022-02-05,Sat,LaLiga,Away,L,0.0,2.0,Celta,,11.0,0.0,17.0,17.0,2.0,0.0,0.0,0.0,2022,Vallecano,5
2022-02-06,Sun,LaLiga,Away,L,2.0,4.0,Barcelona,,10.0,4.0,13.0,15.0,2.0,0.0,2.0,1.0,2022,Ath Madrid,6
2022-02-06,Sun,LaLiga,Home,W,4.0,2.0,Ath Madrid,,9.0,4.0,15.0,13.0,2.0,1.0,2.0,0.0,2022,Barcelona,6
2022-02-06,Sun,LaLiga,Home,L,0.0,2.0,Villarreal,,9.0,3.0,19.0,14.0,2.0,0.0,3.0,0.0,2022,Betis,6
2022-02-06,Sun,LaLiga,Away,L,0.0,1.0,Real Madrid,,7.0,3.0,11.0,9.0,1.0,0.0,2.0,0.0,2022,Granada,6
2022-02-06,Sun,LaLiga,Home,W,1.0,0.0,Granada,,24.0,11.0,9.0,11.0,2.0,0.0,1.0,0.0,2022,Real Madrid,6
2022-02-06,Sun,LaLiga,Away,D,0.0,0.0,Valencia,,8.0,2.0,14.0,17.0,2.0,0.0,4.0,0.0,2022,Sociedad,6
2022-02-06,Sun,LaLiga,Home,D,0.0,0.0,Sociedad,,14.0,3.0,17.0,14.0,4.0,0.0,2.0,0.0,2022,Valencia,6
2022-02-06,Sun,LaLiga,Away,W,2.0,0.0,Betis,,9.0,3.0,14.0,19.0,3.0,0.0,2.0,0.0,2022,Villarreal,6
2022-02-07,Mon,LaLiga,Home,W,2.0,1.0,Espanol,,7.0,4.0,17.0,11.0,3.0,0.0,3.0,0.0,2022,Ath Bilbao,0
2022-02-07,Mon,LaLiga,Away,L,1.0,2.0,Ath Bilbao,,7.0,3.0,11.0,17.0,3.0,0.0,3.0,0.0,2022,Espanol,0
2022-02-11,Fri,LaLiga,Away,L,0.0,2.0,Sevilla,,7.0,1.0,14.0,13.0,5.0,0.0,1.0,0.0,2022,Elche,4
2022-02-11,Fri,LaLiga,Home,W,2.0,0.0,Elche,,14.0,6.0,13.0,14.0,1.0,0.0,5.0,0.0,2022,Sevilla,4
2022-02-12,Sat,LaLiga,Home,W,4.0,3.0,Getafe,,11.0,7.0,18.0,17.0,3.0,1.0,4.0,0.0,2022,Ath Madrid,5
2022-02-12,Sat,LaLiga,Home,D,0.0,0.0,Celta,,8.0,2.0,12.0,19.0,3.0,0.0,2.0,0.0,2022,Cadiz,5
2022-02-12,Sat,LaLiga,Away,D,0.0,0.0,Cadiz,,6.0,1.0,19.0,12.0,2.0,0.0,3.0,0.0,2022,Celta,5
2022-02-12,Sat,LaLiga,Away,L,3.0,4.0,Ath Madrid,,10.0,4.0,17.0,18.0,4.0,0.0,3.0,1.0,2022,Getafe,5
2022-02-12,Sat,LaLiga,Away,W,3.0,0.0,Vallecano,,12.0,5.0,16.0,11.0,1.0,0.0,2.0,0.0,2022,Osasuna,5
2022-02-12,Sat,LaLiga,Away,D,0.0,0.0,Villarreal,,17.0,6.0,10.0,11.0,4.0,0.0,2.0,0.0,2022,Real Madrid,5
2022-02-12,Sat,LaLiga,Home,L,0.0,3.0,Osasuna,,10.0,3.0,11.0,16.0,2.0,0.0,1.0,0.0,2022,Vallecano,5
2022-02-12,Sat,LaLiga,Home,D,0.0,0.0,Real Madrid,,9.0,2.0,11.0,10.0,2.0,0.0,4.0,0.0,2022,Villarreal,5
2022-02-13,Sun,LaLiga,Home,W,2.0,1.0,Valencia,,9.0,5.0,15.0,17.0,4.0,0.0,3.0,0.0,2022,Alaves,6
2022-02-13,Sun,LaLiga,Away,D,2.0,2.0,Espanol,,12.0,4.0,13.0,14.0,4.0,1.0,5.0,1.0,2022,Barcelona,6
2022-02-13,Sun,LaLiga,Away,W,4.0,2.0,Levante,,19.0,11.0,8.0,13.0,2.0,0.0,1.0,1.0,2022,Betis,6
2022-02-13,Sun,LaLiga,Home,D,2.0,2.0,Barcelona,,10.0,4.0,14.0,13.0,5.0,1.0,4.0,1.0,2022,Espanol,6
2022-02-13,Sun,LaLiga,Away,L,0.0,2.0,Sociedad,,15.0,2.0,13.0,13.0,2.0,0.0,0.0,0.0,2022,Granada,6
2022-02-13,Sun,LaLiga,Home,L,2.0,4.0,Betis,,12.0,4.0,13.0,8.0,1.0,1.0,2.0,0.0,2022,Levante,6
2022-02-13,Sun,LaLiga,Home,W,2.0,0.0,Granada,,18.0,8.0,13.0,13.0,0.0,0.0,2.0,0.0,2022,Sociedad,6
2022-02-13,Sun,LaLiga,Away,L,1.0,2.0,Alaves,,9.0,4.0,17.0,15.0,3.0,0.0,4.0,0.0,2022,Valencia,6
2022-02-14,Mon,LaLiga,Away,L,2.0,3.0,Mallorca,,7.0,2.0,15.0,22.0,4.0,0.0,6.0,0.0,2022,Ath Bilbao,0
2022-02-14,Mon,LaLiga,Home,W,3.0,2.0,Ath Bilbao,,16.0,5.0,22.0,15.0,6.0,0.0,4.0,0.0,2022,Mallorca,0
2022-02-16,Wed,LaLiga,Home,L,0.0,1.0,Levante,,10.0,1.0,9.0,19.0,3.0,0.0,4.0,0.0,2022,Ath Madrid,2
2022-02-16,Wed,LaLiga,Away,W,1.0,0.0,Ath Madrid,,8.0,5.0,19.0,9.0,4.0,0.0,3.0,0.0,2022,Levante,2
2022-02-18,Fri,LaLiga,Home,W,2.0,1.0,Vallecano,,9.0,5.0,18.0,15.0,2.0,0.0,4.0,0.0,2022,Elche,4
2022-02-18,Fri,LaLiga,Away,L,1.0,2.0,Elche,,13.0,2.0,15.0,18.0,4.0,0.0,2.0,0.0,2022,Vallecano,4
2022-02-19,Sat,LaLiga,Away,L,0.0,3.0,Real Madrid,,7.0,2.0,11.0,6.0,1.0,0.0,1.0,0.0,2022,Alaves,5
2022-02-19,Sat,LaLiga,Away,W,3.0,0.0,Osasuna,,5.0,4.0,19.0,12.0,2.0,0.0,1.0,0.0,2022,Ath Madrid,5
2022-02-19,Sat,LaLiga,Home,D,1.0,1.0,Getafe,,9.0,2.0,17.0,11.0,3.0,0.0,4.0,0.0,2022,Cadiz,5
2022-02-19,Sat,LaLiga,Away,D,1.0,1.0,Cadiz,,6.0,1.0,11.0,17.0,4.0,0.0,3.0,0.0,2022,Getafe,5
2022-02-19,Sat,LaLiga,Home,L,1.0,4.0,Villarreal,,20.0,5.0,15.0,10.0,3.0,0.0,6.0,0.0,2022,Granada,5
2022-02-19,Sat,LaLiga,Home,L,0.0,3.0,Ath Madrid,,14.0,4.0,12.0,19.0,1.0,0.0,2.0,0.0,2022,Osasuna,5
2022-02-19,Sat,LaLiga,Home,W,3.0,0.0,Alaves,,22.0,9.0,6.0,11.0,1.0,0.0,1.0,0.0,2022,Real Madrid,5
2022-02-19,Sat,LaLiga,Away,W,4.0,1.0,Granada,,15.0,7.0,10.0,15.0,6.0,0.0,3.0,0.0,2022,Villarreal,5
2022-02-20,Sun,LaLiga,Home,W,4.0,0.0,Sociedad,,18.0,8.0,9.0,9.0,4.0,0.0,1.0,0.0,2022,Ath Bilbao,6
2022-02-20,Sun,LaLiga,Away,W,4.0,1.0,Valencia,,6.0,6.0,16.0,22.0,4.0,0.0,3.0,0.0,2022,Barcelona,6
2022-02-20,Sun,LaLiga,Home,W,2.0,1.0,Mallorca,,14.0,5.0,13.0,17.0,3.0,0.0,2.0,0.0,2022,Betis,6
2022-02-20,Sun,LaLiga,Home,D,1.0,1.0,Sevilla,,11.0,4.0,14.0,14.0,4.0,0.0,5.0,1.0,2022,Espanol,6
2022-02-20,Sun,LaLiga,Away,L,1.0,2.0,Betis,,10.0,1.0,17.0,13.0,2.0,0.0,3.0,0.0,2022,Mallorca,6
2022-02-20,Sun,LaLiga,Away,D,1.0,1.0,Espanol,,7.0,2.0,14.0,14.0,5.0,1.0,4.0,0.0,2022,Sevilla,6
2022-02-20,Sun,LaLiga,Away,L,0.0,4.0,Ath Bilbao,,9.0,2.0,9.0,9.0,1.0,0.0,4.0,0.0,2022,Sociedad,6
2022-02-20,Sun,LaLiga,Home,L,1.0,4.0,Barcelona,,11.0,5.0,22.0,16.0,3.0,0.0,4.0,0.0,2022,Valencia,6
2022-02-21,Mon,LaLiga,Home,D,1.0,1.0,Levante,,8.0,4.0,15.0,16.0,3.0,0.0,5.0,0.0,2022,Celta,0
2022-02-21,Mon,LaLiga,Away,D,1.0,1.0,Celta,,13.0,3.0,16.0,15.0,5.0,0.0,3.0,0.0,2022,Levante,0
2022-02-25,Fri,LaLiga,Away,L,0.0,3.0,Levante,,8.0,3.0,8.0,17.0,2.0,1.0,1.0,0.0,2022,Elche,4
2022-02-25,Fri,LaLiga,Home,W,3.0,0.0,Elche,,11.0,4.0,17.0,8.0,1.0,0.0,2.0,1.0,2022,Levante,4
2022-02-26,Sat,LaLiga,Away,D,2.0,2.0,Getafe,,7.0,3.0,24.0,7.0,4.0,0.0,2.0,1.0,2022,Alaves,5
2022-02-26,Sat,LaLiga,Home,W,2.0,0.0,Celta,,13.0,6.0,10.0,7.0,4.0,0.0,3.0,0.0,2022,Ath Madrid,5
2022-02-26,Sat,LaLiga,Away,L,0.0,2.0,Ath Madrid,,16.0,2.0,7.0,10.0,3.0,0.0,4.0,0.0,2022,Celta,5
2022-02-26,Sat,LaLiga,Home,D,2.0,2.0,Alaves,,12.0,3.0,7.0,24.0,2.0,1.0,4.0,0.0,2022,Getafe,5
2022-02-26,Sat,LaLiga,Home,L,0.0,1.0,Valencia,,23.0,3.0,14.0,21.0,4.0,0.0,6.0,1.0,2022,Mallorca,5
2022-02-26,Sat,LaLiga,Away,W,1.0,0.0,Vallecano,,13.0,6.0,5.0,20.0,3.0,0.0,5.0,0.0,2022,Real Madrid,5
2022-02-26,Sat,LaLiga,Away,W,1.0,0.0,Mallorca,,8.0,4.0,21.0,14.0,6.0,1.0,4.0,0.0,2022,Valencia,5
2022-02-26,Sat,LaLiga,Home,L,0.0,1.0,Real Madrid,,19.0,5.0,20.0,5.0,5.0,0.0,3.0,0.0,2022,Vallecano,5
2022-02-27,Sun,LaLiga,Away,L,0.0,4.0,Barcelona,,6.0,3.0,10.0,8.0,1.0,0.0,2.0,0.0,2022,Ath Bilbao,6
2022-02-27,Sun,LaLiga,Home,W,4.0,0.0,Ath Bilbao,,17.0,7.0,8.0,10.0,2.0,0.0,1.0,0.0,2022,Barcelona,6
2022-02-27,Sun,LaLiga,Away,L,1.0,2.0,Sevilla,,10.0,2.0,16.0,13.0,3.0,0.0,6.0,0.0,2022,Betis,6
2022-02-27,Sun,LaLiga,Away,L,1.0,5.0,Villarreal,,7.0,2.0,12.0,11.0,1.0,0.0,2.0,0.0,2022,Espanol,6
2022-02-27,Sun,LaLiga,Away,L,0.0,1.0,Sociedad,,11.0,1.0,9.0,10.0,4.0,0.0,0.0,0.0,2022,Osasuna,6
2022-02-27,Sun,LaLiga,Home,W,2.0,1.0,Betis,,12.0,3.0,13.0,16.0,6.0,0.0,3.0,0.0,2022,Sevilla,6
2022-02-27,Sun,LaLiga,Home,W,1.0,0.0,Osasuna,,11.0,5.0,10.0,9.0,0.0,0.0,4.0,0.0,2022,Sociedad,6
2022-02-27,Sun,LaLiga,Home,W,5.0,1.0,Espanol,,19.0,11.0,11.0,12.0,2.0,0.0,1.0,0.0,2022,Villarreal,6
2022-02-28,Mon,LaLiga,Away,D,0.0,0.0,Granada,,12.0,4.0,17.0,12.0,3.0,0.0,3.0,1.0,2022,Cadiz,0
2022-02-28,Mon,LaLiga,Home,D,0.0,0.0,Cadiz,,6.0,1.0,12.0,17.0,3.0,1.0,3.0,0.0,2022,Granada,0
2022-03-02,Wed,LaLiga,Home,L,0.0,2.0,Sociedad,,13.0,1.0,12.0,9.0,0.0,0.0,2.0,0.0,2022,Mallorca,2
2022-03-02,Wed,LaLiga,Away,W,2.0,0.0,Mallorca,,13.0,3.0,9.0,12.0,2.0,0.0,0.0,0.0,2022,Sociedad,2
2022-03-04,Fri,LaLiga,Home,D,0.0,0.0,Sevilla,,14.0,2.0,16.0,8.0,3.0,0.0,1.0,0.0,2022,Alaves,4
2022-03-04,Fri,LaLiga,Away,D,0.0,0.0,Alaves,,13.0,4.0,8.0,16.0,1.0,0.0,3.0,0.0,2022,Sevilla,4
2022-03-05,Sat,LaLiga,Home,W,2.0,0.0,Getafe,,4.0,1.0,17.0,15.0,6.0,0.0,5.0,0.0,2022,Espanol,5
2022-03-05,Sat,LaLiga,Away,L,0.0,2.0,Espanol,,12.0,3.0,15.0,17.0,5.0,0.0,6.0,0.0,2022,Getafe,5
2022-03-05,Sat,LaLiga,Away,L,1.0,3.0,Valencia,,7.0,0.0,13.0,14.0,3.0,0.0,3.0,0.0,2022,Granada,5
2022-03-05,Sat,LaLiga,Home,W,1.0,0.0,Villarreal,,12.0,3.0,12.0,6.0,1.0,0.0,0.0,0.0,2022,Osasuna,5
2022-03-05,Sat,LaLiga,Home,W,4.0,1.0,Sociedad,,18.0,8.0,12.0,14.0,0.0,0.0,2.0,0.0,2022,Real Madrid,5
2022-03-05,Sat,LaLiga,Away,L,1.0,4.0,Real Madrid,,1.0,1.0,14.0,12.0,2.0,0.0,0.0,0.0,2022,Sociedad,5
2022-03-05,Sat,LaLiga,Home,W,3.0,1.0,Granada,,12.0,4.0,14.0,13.0,3.0,0.0,3.0,0.0,2022,Valencia,5
2022-03-05,Sat,LaLiga,Away,L,0.0,1.0,Osasuna,,10.0,1.0,6.0,12.0,0.0,0.0,1.0,0.0,2022,Villarreal,5
2022-03-06,Sun,LaLiga,Away,W,3.0,1.0,Betis,,8.0,6.0,10.0,16.0,3.0,0.0,5.0,0.0,2022,Ath Madrid,6
2022-03-06,Sun,LaLiga,Away,W,2.0,1.0,Elche,,20.0,9.0,8.0,10.0,6.0,0.0,2.0,1.0,2022,Barcelona,6
2022-03-06,Sun,LaLiga,Home,L,1.0,3.0,Ath Madrid,,18.0,6.0,16.0,10.0,5.0,0.0,3.0,0.0,2022,Betis,6
2022-03-06,Sun,LaLiga,Home,W,2.0,0.0,Vallecano,,13.0,7.0,23.0,15.0,5.0,0.0,3.0,0.0,2022,Cadiz,6
2022-03-06,Sun,LaLiga,Home,W,4.0,3.0,Mallorca,,16.0,8.0,17.0,9.0,5.0,1.0,4.0,0.0,2022,Celta,6
2022-03-06,Sun,LaLiga,Home,L,1.0,2.0,Barcelona,,13.0,3.0,10.0,8.0,2.0,1.0,6.0,0.0,2022,Elche,6
2022-03-06,Sun,LaLiga,Away,L,3.0,4.0,Celta,,12.0,3.0,9.0,17.0,4.0,0.0,5.0,1.0,2022,Mallorca,6
2022-03-06,Sun,LaLiga,Away,L,0.0,2.0,Cadiz,,14.0,3.0,15.0,23.0,3.0,0.0,5.0,0.0,2022,Vallecano,6
2022-03-07,Mon,LaLiga,Home,W,3.0,1.0,Levante,,17.0,9.0,6.0,14.0,1.0,0.0,2.0,0.0,2022,Ath Bilbao,0
2022-03-07,Mon,LaLiga,Away,L,1.0,3.0,Ath Bilbao,,5.0,2.0,14.0,6.0,2.0,0.0,1.0,0.0,2022,Levante,0
2022-03-11,Fri,LaLiga,Home,W,2.0,1.0,Cadiz,,6.0,5.0,23.0,14.0,4.0,1.0,1.0,0.0,2022,Ath Madrid,4
2022-03-11,Fri,LaLiga,Away,L,1.0,2.0,Ath Madrid,,14.0,3.0,14.0,23.0,1.0,0.0,4.0,1.0,2022,Cadiz,4
2022-03-12,Sat,LaLiga,Away,L,0.0,1.0,Villarreal,,12.0,2.0,14.0,12.0,1.0,0.0,1.0,0.0,2022,Celta,5
2022-03-12,Sat,LaLiga,Away,W,1.0,0.0,Granada,,13.0,2.0,16.0,15.0,6.0,0.0,3.0,0.0,2022,Elche,5
2022-03-12,Sat,LaLiga,Away,D,1.0,1.0,Levante,,6.0,1.0,10.0,17.0,4.0,0.0,4.0,0.0,2022,Espanol,5
2022-03-12,Sat,LaLiga,Home,D,0.0,0.0,Valencia,,16.0,6.0,18.0,21.0,6.0,0.0,5.0,0.0,2022,Getafe,5
2022-03-12,Sat,LaLiga,Home,L,0.0,1.0,Elche,,15.0,4.0,15.0,16.0,3.0,0.0,6.0,0.0,2022,Granada,5
2022-03-12,Sat,LaLiga,Home,D,1.0,1.0,Espanol,,14.0,3.0,17.0,10.0,4.0,0.0,4.0,0.0,2022,Levante,5
2022-03-12,Sat,LaLiga,Away,D,0.0,0.0,Getafe,,6.0,0.0,21.0,18.0,5.0,0.0,6.0,0.0,2022,Valencia,5
2022-03-12,Sat,LaLiga,Home,W,1.0,0.0,Celta,,10.0,3.0,12.0,14.0,1.0,0.0,1.0,0.0,2022,Villarreal,5
2022-03-13,Sun,LaLiga,Away,L,0.0,1.0,Sociedad,,13.0,4.0,12.0,15.0,1.0,0.0,1.0,0.0,2022,Alaves,6
2022-03-13,Sun,LaLiga,Away,L,0.0,1.0,Betis,,11.0,2.0,12.0,17.0,5.0,0.0,4.0,1.0,2022,Ath Bilbao,6
2022-03-13,Sun,LaLiga,Home,W,4.0,0.0,Osasuna,,24.0,9.0,7.0,4.0,0.0,0.0,4.0,0.0,2022,Barcelona,6
2022-03-13,Sun,LaLiga,Home,W,1.0,0.0,Ath Bilbao,,8.0,5.0,17.0,12.0,4.0,1.0,5.0,0.0,2022,Betis,6
2022-03-13,Sun,LaLiga,Away,L,0.0,4.0,Barcelona,,4.0,3.0,4.0,7.0,4.0,0.0,0.0,0.0,2022,Osasuna,6
2022-03-13,Sun,LaLiga,Away,D,1.0,1.0,Vallecano,,3.0,2.0,15.0,16.0,1.0,0.0,0.0,0.0,2022,Sevilla,6
2022-03-13,Sun,LaLiga,Home,W,1.0,0.0,Alaves,,15.0,6.0,15.0,12.0,1.0,0.0,1.0,0.0,2022,Sociedad,6
2022-03-13,Sun,LaLiga,Home,D,1.0,1.0,Sevilla,,10.0,2.0,16.0,15.0,0.0,0.0,1.0,0.0,2022,Vallecano,6
2022-03-14,Mon,LaLiga,Home,L,0.0,3.0,Real Madrid,,14.0,3.0,13.0,15.0,3.0,0.0,3.0,0.0,2022,Mallorca,0
2022-03-14,Mon,LaLiga,Away,W,3.0,0.0,Mallorca,,11.0,5.0,15.0,13.0,3.0,0.0,3.0,0.0,2022,Real Madrid,0
2022-03-18,Fri,LaLiga,Home,D,1.0,1.0,Getafe,,22.0,11.0,15.0,13.0,4.0,0.0,5.0,2.0,2022,Ath Bilbao,4
2022-03-18,Fri,LaLiga,Away,D,1.0,1.0,Ath Bilbao,,7.0,2.0,13.0,15.0,5.0,2.0,4.0,0.0,2022,Getafe,4
2022-03-19,Sat,LaLiga,Home,L,2.0,3.0,Granada,,11.0,6.0,12.0,10.0,4.0,0.0,6.0,1.0,2022,Alaves,5
2022-03-19,Sat,LaLiga,Away,W,1.0,0.0,Vallecano,,11.0,3.0,12.0,15.0,0.0,1.0,0.0,0.0,2022,Ath Madrid,5
2022-03-19,Sat,LaLiga,Home,L,0.0,1.0,Valencia,,8.0,2.0,19.0,14.0,3.0,1.0,3.0,0.0,2022,Elche,5
2022-03-19,Sat,LaLiga,Away,W,3.0,2.0,Alaves,,12.0,3.0,10.0,12.0,6.0,1.0,4.0,0.0,2022,Granada,5
2022-03-19,Sat,LaLiga,Away,L,1.0,3.0,Osasuna,,13.0,4.0,17.0,9.0,1.0,0.0,0.0,0.0,2022,Levante,5
2022-03-19,Sat,LaLiga,Home,W,3.0,1.0,Levante,,20.0,7.0,9.0,17.0,0.0,0.0,1.0,0.0,2022,Osasuna,5
2022-03-19,Sat,LaLiga,Away,W,1.0,0.0,Elche,,8.0,3.0,14.0,19.0,3.0,0.0,3.0,1.0,2022,Valencia,5
2022-03-19,Sat,LaLiga,Home,L,0.0,1.0,Ath Madrid,,15.0,3.0,15.0,12.0,0.0,0.0,0.0,1.0,2022,Vallecano,5
2022-03-20,Sun,LaLiga,Away,W,4.0,0.0,Real Madrid,,18.0,10.0,12.0,9.0,4.0,0.0,4.0,0.0,2022,Barcelona,6
2022-03-20,Sun,LaLiga,Away,D,0.0,0.0,Celta,,7.0,1.0,12.0,12.0,2.0,0.0,1.0,0.0,2022,Betis,6
2022-03-20,Sun,LaLiga,Home,W,1.0,0.0,Villarreal,,16.0,7.0,11.0,11.0,3.0,0.0,2.0,0.0,2022,Cadiz,6
2022-03-20,Sun,LaLiga,Home,D,0.0,0.0,Betis,,9.0,3.0,12.0,12.0,1.0,0.0,2.0,0.0,2022,Celta,6
2022-03-20,Sun,LaLiga,Home,W,1.0,0.0,Mallorca,,12.0,3.0,14.0,12.0,3.0,0.0,3.0,0.0,2022,Espanol,6
2022-03-20,Sun,LaLiga,Away,L,0.0,1.0,Espanol,,9.0,3.0,12.0,14.0,3.0,0.0,3.0,0.0,2022,Mallorca,6
2022-03-20,Sun,LaLiga,Home,L,0.0,4.0,Barcelona,,14.0,4.0,9.0,12.0,4.0,0.0,4.0,0.0,2022,Real Madrid,6
2022-03-20,Sun,LaLiga,Home,D,0.0,0.0,Sociedad,,10.0,0.0,12.0,13.0,0.0,0.0,3.0,0.0,2022,Sevilla,6
2022-03-20,Sun,LaLiga,Away,D,0.0,0.0,Sevilla,,13.0,2.0,13.0,12.0,3.0,0.0,0.0,0.0,2022,Sociedad,6
2022-03-20,Sun,LaLiga,Away,L,0.0,1.0,Cadiz,,3.0,1.0,11.0,11.0,2.0,0.0,3.0,0.0,2022,Villarreal,6
2022-04-02,Sat,LaLiga,Away,L,1.0,4.0,Ath Madrid,,7.0,1.0,13.0,10.0,0.0,0.0,1.0,0.0,2022,Alaves,5
2022-04-02,Sat,LaLiga,Home,W,4.0,1.0,Alaves,,14.0,8.0,10.0,13.0,1.0,0.0,0.0,0.0,2022,Ath Madrid,5
2022-04-02,Sat,LaLiga,Home,L,1.0,2.0,Real Madrid,,10.0,4.0,16.0,12.0,3.0,0.0,0.0,0.0,2022,Celta,5
2022-04-02,Sat,LaLiga,Home,W,1.0,0.0,Mallorca,,16.0,3.0,15.0,22.0,5.0,0.0,6.0,1.0,2022,Getafe,5
2022-04-02,Sat,LaLiga,Home,W,2.0,0.0,Villarreal,,13.0,4.0,16.0,13.0,4.0,0.0,2.0,0.0,2022,Levante,5
2022-04-02,Sat,LaLiga,Away,L,0.0,1.0,Getafe,,7.0,1.0,22.0,15.0,6.0,1.0,5.0,0.0,2022,Mallorca,5
2022-04-02,Sat,LaLiga,Away,W,2.0,1.0,Celta,,12.0,6.0,12.0,16.0,0.0,0.0,3.0,0.0,2022,Real Madrid,5
2022-04-02,Sat,LaLiga,Away,L,0.0,2.0,Levante,,13.0,2.0,13.0,16.0,2.0,0.0,4.0,0.0,2022,Villarreal,5
2022-04-03,Sun,LaLiga,Home,W,2.0,1.0,Elche,,16.0,6.0,14.0,16.0,2.0,0.0,4.0,0.0,2022,Ath Bilbao,6
2022-04-03,Sun,LaLiga,Home,W,1.0,0.0,Sevilla,,19.0,6.0,12.0,8.0,3.0,0.0,3.0,0.0,2022,Barcelona,6
2022-04-03,Sun,LaLiga,Home,W,4.0,1.0,Osasuna,,24.0,8.0,11.0,5.0,1.0,0.0,3.0,0.0,2022,Betis,6
2022-04-03,Sun,LaLiga,Away,D,0.0,0.0,Valencia,,4.0,3.0,18.0,11.0,6.0,1.0,3.0,0.0,2022,Cadiz,6
2022-04-03,Sun,LaLiga,Away,L,1.0,2.0,Ath Bilbao,,6.0,2.0,16.0,14.0,4.0,0.0,2.0,0.0,2022,Elche,6
2022-04-03,Sun,LaLiga,Home,D,2.0,2.0,Vallecano,,17.0,9.0,14.0,14.0,4.0,0.0,5.0,1.0,2022,Granada,6
2022-04-03,Sun,LaLiga,Away,L,1.0,4.0,Betis,,10.0,3.0,5.0,11.0,3.0,0.0,1.0,0.0,2022,Osasuna,6
2022-04-03,Sun,LaLiga,Away,L,0.0,1.0,Barcelona,,8.0,3.0,8.0,12.0,3.0,0.0,3.0,0.0,2022,Sevilla,6
2022-04-03,Sun,LaLiga,Home,D,0.0,0.0,Cadiz,,5.0,1.0,11.0,18.0,3.0,0.0,6.0,1.0,2022,Valencia,6
2022-04-03,Sun,LaLiga,Away,D,2.0,2.0,Granada,,10.0,4.0,14.0,14.0,5.0,1.0,4.0,0.0,2022,Vallecano,6
2022-04-04,Mon,LaLiga,Away,L,0.0,1.0,Sociedad,,8.0,2.0,13.0,17.0,4.0,0.0,2.0,0.0,2022,Espanol,0
2022-04-04,Mon,LaLiga,Home,W,1.0,0.0,Espanol,,17.0,6.0,17.0,13.0,2.0,0.0,4.0,0.0,2022,Sociedad,0
2022-04-08,Fri,LaLiga,Away,L,2.0,4.0,Sevilla,,15.0,5.0,7.0,7.0,2.0,0.0,2.0,0.0,2022,Granada,4
2022-04-08,Fri,LaLiga,Home,W,4.0,2.0,Granada,,16.0,8.0,7.0,7.0,2.0,0.0,2.0,0.0,2022,Sevilla,4
2022-04-09,Sat,LaLiga,Away,D,1.0,1.0,Villarreal,,12.0,6.0,15.0,17.0,3.0,0.0,2.0,0.0,2022,Ath Bilbao,5
2022-04-09,Sat,LaLiga,Away,L,0.0,1.0,Mallorca,,9.0,1.0,11.0,14.0,4.0,0.0,1.0,0.0,2022,Ath Madrid,5
2022-04-09,Sat,LaLiga,Away,W,2.0,1.0,Cadiz,,10.0,3.0,10.0,18.0,2.0,0.0,1.0,0.0,2022,Betis,5
2022-04-09,Sat,LaLiga,Home,L,1.0,2.0,Betis,,10.0,4.0,18.0,10.0,1.0,0.0,2.0,0.0,2022,Cadiz,5
2022-04-09,Sat,LaLiga,Away,L,0.0,2.0,Real Madrid,,8.0,0.0,11.0,13.0,2.0,0.0,2.0,0.0,2022,Getafe,5
2022-04-09,Sat,LaLiga,Home,W,1.0,0.0,Ath Madrid,,10.0,3.0,14.0,11.0,1.0,0.0,4.0,0.0,2022,Mallorca,5
2022-04-09,Sat,LaLiga,Home,W,2.0,0.0,Getafe,,26.0,8.0,13.0,11.0,2.0,0.0,2.0,0.0,2022,Real Madrid,5
2022-04-09,Sat,LaLiga,Home,D,1.0,1.0,Ath Bilbao,,11.0,5.0,17.0,15.0,2.0,0.0,3.0,0.0,2022,Villarreal,5
2022-04-10,Sun,LaLiga,Away,L,0.0,1.0,Osasuna,,8.0,2.0,6.0,12.0,1.0,0.0,3.0,0.0,2022,Alaves,6
2022-04-10,Sun,LaLiga,Away,W,3.0,2.0,Levante,,14.0,7.0,7.0,8.0,1.0,0.0,1.0,0.0,2022,Barcelona,6
2022-04-10,Sun,LaLiga,Away,L,0.0,1.0,Espanol,,10.0,5.0,21.0,12.0,1.0,0.0,4.0,0.0,2022,Celta,6
2022-04-10,Sun,LaLiga,Home,L,1.0,2.0,Sociedad,,10.0,1.0,15.0,12.0,3.0,0.0,3.0,0.0,2022,Elche,6
2022-04-10,Sun,LaLiga,Home,W,1.0,0.0,Celta,,11.0,2.0,12.0,21.0,4.0,0.0,1.0,0.0,2022,Espanol,6
2022-04-10,Sun,LaLiga,Home,L,2.0,3.0,Barcelona,,11.0,6.0,8.0,7.0,1.0,0.0,1.0,0.0,2022,Levante,6
2022-04-10,Sun,LaLiga,Home,W,1.0,0.0,Alaves,,15.0,4.0,12.0,6.0,3.0,0.0,1.0,0.0,2022,Osasuna,6
2022-04-10,Sun,LaLiga,Away,W,2.0,1.0,Elche,,17.0,6.0,12.0,15.0,3.0,0.0,3.0,0.0,2022,Sociedad,6
2022-04-11,Mon,LaLiga,Away,D,1.0,1.0,Vallecano,,6.0,2.0,17.0,13.0,4.0,0.0,3.0,0.0,2022,Valencia,0
2022-04-11,Mon,LaLiga,Home,D,1.0,1.0,Valencia,,11.0,4.0,13.0,17.0,3.0,0.0,4.0,0.0,2022,Vallecano,0
2022-04-15,Fri,LaLiga,Away,D,0.0,0.0,Sociedad,,9.0,2.0,7.0,17.0,4.0,0.0,4.0,1.0,2022,Betis,4
2022-04-15,Fri,LaLiga,Home,D,0.0,0.0,Betis,,9.0,2.0,17.0,7.0,4.0,1.0,4.0,0.0,2022,Sociedad,4
2022-04-16,Sat,LaLiga,Home,W,1.0,0.0,Vallecano,,11.0,5.0,10.0,9.0,2.0,0.0,3.0,1.0,2022,Alaves,5
2022-04-16,Sat,LaLiga,Home,W,3.0,0.0,Mallorca,,6.0,2.0,17.0,13.0,2.0,0.0,3.0,0.0,2022,Elche,5
2022-04-16,Sat,LaLiga,Home,L,1.0,2.0,Villarreal,,12.0,5.0,17.0,6.0,2.0,0.0,0.0,0.0,2022,Getafe,5
2022-04-16,Sat,LaLiga,Away,L,0.0,3.0,Elche,,13.0,2.0,13.0,17.0,3.0,0.0,2.0,0.0,2022,Mallorca,5
2022-04-16,Sat,LaLiga,Away,W,2.0,1.0,Valencia,,9.0,3.0,22.0,11.0,2.0,0.0,1.0,0.0,2022,Osasuna,5
2022-04-16,Sat,LaLiga,Home,L,1.0,2.0,Osasuna,,11.0,4.0,11.0,22.0,1.0,0.0,2.0,0.0,2022,Valencia,5
2022-04-16,Sat,LaLiga,Away,L,0.0,1.0,Alaves,,20.0,3.0,9.0,10.0,3.0,1.0,2.0,0.0,2022,Vallecano,5
2022-04-16,Sat,LaLiga,Away,W,2.0,1.0,Getafe,,11.0,6.0,6.0,17.0,0.0,0.0,2.0,0.0,2022,Villarreal,5
2022-04-17,Sun,LaLiga,Home,L,0.0,2.0,Celta,,10.0,2.0,13.0,15.0,2.0,0.0,2.0,0.0,2022,Ath Bilbao,6
2022-04-17,Sun,LaLiga,Home,W,2.0,1.0,Espanol,,10.0,3.0,18.0,12.0,5.0,1.0,5.0,0.0,2022,Ath Madrid,6
2022-04-17,Sun,LaLiga,Away,W,2.0,0.0,Ath Bilbao,,6.0,4.0,15.0,13.0,2.0,0.0,2.0,0.0,2022,Celta,6
2022-04-17,Sun,LaLiga,Away,L,1.0,2.0,Ath Madrid,,11.0,5.0,12.0,18.0,5.0,0.0,5.0,1.0,2022,Espanol,6
2022-04-17,Sun,LaLiga,Home,L,1.0,4.0,Levante,,16.0,4.0,10.0,9.0,5.0,1.0,2.0,0.0,2022,Granada,6
2022-04-17,Sun,LaLiga,Away,W,4.0,1.0,Granada,,17.0,8.0,9.0,10.0,2.0,0.0,5.0,1.0,2022,Levante,6
2022-04-17,Sun,LaLiga,Away,W,3.0,2.0,Sevilla,,15.0,6.0,9.0,11.0,4.0,0.0,3.0,0.0,2022,Real Madrid,6
2022-04-17,Sun,LaLiga,Home,L,2.0,3.0,Real Madrid,,7.0,2.0,11.0,9.0,3.0,0.0,4.0,0.0,2022,Sevilla,6
2022-04-18,Mon,LaLiga,Home,L,0.0,1.0,Cadiz,,18.0,6.0,16.0,9.0,4.0,0.0,1.0,0.0,2022,Barcelona,0
2022-04-18,Mon,LaLiga,Away,W,1.0,0.0,Barcelona,,6.0,4.0,9.0,16.0,1.0,0.0,4.0,0.0,2022,Cadiz,0
2022-04-19,Tue,LaLiga,Away,L,1.0,2.0,Mallorca,,12.0,4.0,15.0,25.0,6.0,0.0,2.0,0.0,2022,Alaves,1
2022-04-19,Tue,LaLiga,Home,L,0.0,1.0,Elche,,18.0,3.0,9.0,14.0,2.0,1.0,3.0,0.0,2022,Betis,1
2022-04-19,Tue,LaLiga,Away,W,1.0,0.0,Betis,,9.0,1.0,14.0,9.0,3.0,0.0,2.0,1.0,2022,Elche,1
2022-04-19,Tue,LaLiga,Home,W,2.0,1.0,Alaves,,5.0,3.0,25.0,15.0,2.0,0.0,6.0,0.0,2022,Mallorca,1
2022-04-19,Tue,LaLiga,Away,L,0.0,2.0,Villarreal,,5.0,1.0,12.0,14.0,3.0,0.0,2.0,0.0,2022,Valencia,1
2022-04-19,Tue,LaLiga,Home,W,2.0,0.0,Valencia,,12.0,5.0,14.0,12.0,2.0,0.0,3.0,0.0,2022,Villarreal,1
2022-04-20,Wed,LaLiga,Home,D,0.0,0.0,Granada,,22.0,1.0,9.0,12.0,4.0,0.0,5.0,0.0,2022,Ath Madrid,2
2022-04-20,Wed,LaLiga,Home,L,0.0,2.0,Getafe,,9.0,2.0,13.0,13.0,2.0,0.0,5.0,0.0,2022,Celta,2
2022-04-20,Wed,LaLiga,Away,W,2.0,0.0,Celta,,6.0,3.0,13.0,13.0,5.0,0.0,2.0,0.0,2022,Getafe,2
2022-04-20,Wed,LaLiga,Away,D,0.0,0.0,Ath Madrid,,7.0,2.0,12.0,9.0,5.0,0.0,4.0,0.0,2022,Granada,2
2022-04-20,Wed,LaLiga,Home,L,1.0,3.0,Real Madrid,,12.0,3.0,13.0,7.0,1.0,0.0,3.0,0.0,2022,Osasuna,2
2022-04-20,Wed,LaLiga,Away,W,3.0,1.0,Osasuna,,23.0,11.0,7.0,13.0,3.0,0.0,1.0,0.0,2022,Real Madrid,2
2022-04-21,Thu,LaLiga,Away,W,3.0,2.0,Cadiz,,9.0,7.0,15.0,9.0,5.0,1.0,3.0,0.0,2022,Ath Bilbao,3
2022-04-21,Thu,LaLiga,Away,W,1.0,0.0,Sociedad,,11.0,1.0,9.0,12.0,2.0,0.0,1.0,0.0,2022,Barcelona,3
2022-04-21,Thu,LaLiga,Home,L,2.0,3.0,Ath Bilbao,,27.0,8.0,9.0,15.0,3.0,0.0,5.0,1.0,2022,Cadiz,3
2022-04-21,Thu,LaLiga,Home,L,0.0,1.0,Vallecano,,6.0,2.0,14.0,18.0,4.0,0.0,4.0,0.0,2022,Espanol,3
2022-04-21,Thu,LaLiga,Home,L,2.0,3.0,Sevilla,,15.0,6.0,9.0,12.0,1.0,0.0,5.0,0.0,2022,Levante,3
2022-04-21,Thu,LaLiga,Away,W,3.0,2.0,Levante,,13.0,6.0,12.0,9.0,5.0,0.0,1.0,0.0,2022,Sevilla,3
2022-04-21,Thu,LaLiga,Home,L,0.0,1.0,Barcelona,,8.0,5.0,12.0,9.0,1.0,0.0,2.0,0.0,2022,Sociedad,3
2022-04-21,Thu,LaLiga,Away,W,1.0,0.0,Espanol,,13.0,2.0,18.0,14.0,4.0,0.0,4.0,0.0,2022,Vallecano,3
2022-04-24,Sun,LaLiga,Home,L,0.0,1.0,Vallecano,,18.0,5.0,10.0,1.0,4.0,0.0,6.0,0.0,2022,Barcelona,6
2022-04-24,Sun,LaLiga,Away,W,1.0,0.0,Barcelona,,3.0,1.0,1.0,10.0,6.0,0.0,4.0,0.0,2022,Vallecano,6
2022-04-29,Fri,LaLiga,Away,D,1.0,1.0,Sevilla,,10.0,4.0,11.0,15.0,2.0,0.0,2.0,0.0,2022,Cadiz,4
2022-04-29,Fri,LaLiga,Home,D,1.0,1.0,Cadiz,,11.0,6.0,15.0,11.0,2.0,0.0,2.0,0.0,2022,Sevilla,4
2022-04-30,Sat,LaLiga,Home,W,2.0,1.0,Villarreal,,11.0,5.0,14.0,5.0,5.0,0.0,2.0,0.0,2022,Alaves,5
2022-04-30,Sat,LaLiga,Home,W,2.0,0.0,Ath Madrid,,11.0,4.0,18.0,15.0,3.0,0.0,3.0,0.0,2022,Ath Bilbao,5
2022-04-30,Sat,LaLiga,Away,L,0.0,2.0,Ath Bilbao,,9.0,3.0,15.0,18.0,3.0,0.0,3.0,0.0,2022,Ath Madrid,5
2022-04-30,Sat,LaLiga,Away,L,0.0,4.0,Real Madrid,,20.0,6.0,6.0,11.0,0.0,0.0,2.0,0.0,2022,Espanol,5
2022-04-30,Sat,LaLiga,Away,D,1.0,1.0,Valencia,,24.0,6.0,21.0,11.0,3.0,0.0,4.0,1.0,2022,Levante,5
2022-04-30,Sat,LaLiga,Home,W,4.0,0.0,Espanol,,11.0,5.0,11.0,6.0,2.0,0.0,0.0,0.0,2022,Real Madrid,5
2022-04-30,Sat,LaLiga,Home,D,1.0,1.0,Levante,,6.0,1.0,11.0,21.0,4.0,1.0,3.0,0.0,2022,Valencia,5
2022-04-30,Sat,LaLiga,Away,L,1.0,2.0,Alaves,,16.0,6.0,5.0,14.0,2.0,0.0,5.0,0.0,2022,Villarreal,5
2022-05-01,Sun,LaLiga,Home,W,2.0,1.0,Mallorca,,17.0,5.0,13.0,12.0,2.0,0.0,3.0,0.0,2022,Barcelona,6
2022-05-01,Sun,LaLiga,Away,D,1.0,1.0,Granada,,13.0,6.0,13.0,11.0,3.0,0.0,1.0,0.0,2022,Celta,6
2022-05-01,Sun,LaLiga,Home,D,1.0,1.0,Osasuna,,11.0,4.0,13.0,18.0,4.0,0.0,2.0,0.0,2022,Elche,6
2022-05-01,Sun,LaLiga,Home,D,1.0,1.0,Celta,,15.0,6.0,11.0,13.0,1.0,0.0,3.0,0.0,2022,Granada,6
2022-05-01,Sun,LaLiga,Away,L,1.0,2.0,Barcelona,,6.0,2.0,12.0,13.0,3.0,0.0,2.0,0.0,2022,Mallorca,6
2022-05-01,Sun,LaLiga,Away,D,1.0,1.0,Elche,,9.0,3.0,18.0,13.0,2.0,0.0,4.0,0.0,2022,Osasuna,6
2022-05-01,Sun,LaLiga,Away,D,1.0,1.0,Vallecano,,8.0,3.0,7.0,15.0,1.0,0.0,2.0,0.0,2022,Sociedad,6
2022-05-01,Sun,LaLiga,Home,D,1.0,1.0,Sociedad,,13.0,7.0,15.0,7.0,2.0,0.0,1.0,0.0,2022,Vallecano,6
2022-05-02,Mon,LaLiga,Away,D,0.0,0.0,Getafe,,9.0,4.0,13.0,13.0,1.0,0.0,1.0,0.0,2022,Betis,0
2022-05-02,Mon,LaLiga,Home,D,0.0,0.0,Betis,,13.0,2.0,13.0,13.0,1.0,0.0,1.0,0.0,2022,Getafe,0
2022-05-06,Fri,LaLiga,Home,W,2.0,1.0,Sociedad,,16.0,7.0,10.0,11.0,2.0,0.0,3.0,0.0,2022,Levante,4
2022-05-06,Fri,LaLiga,Away,L,1.0,2.0,Levante,,21.0,6.0,11.0,10.0,3.0,0.0,2.0,0.0,2022,Sociedad,4
2022-05-07,Sat,LaLiga,Away,L,0.0,4.0,Celta,,3.0,1.0,7.0,7.0,3.0,1.0,1.0,0.0,2022,Alaves,5
2022-05-07,Sat,LaLiga,Home,D,0.0,0.0,Valencia,,10.0,5.0,13.0,22.0,4.0,0.0,4.0,1.0,2022,Ath Bilbao,5
2022-05-07,Sat,LaLiga,Away,W,2.0,1.0,Betis,,11.0,5.0,18.0,16.0,2.0,0.0,1.0,0.0,2022,Barcelona,5
2022-05-07,Sat,LaLiga,Home,L,1.0,2.0,Barcelona,,14.0,5.0,16.0,18.0,1.0,0.0,2.0,0.0,2022,Betis,5
2022-05-07,Sat,LaLiga,Home,W,3.0,0.0,Elche,,17.0,7.0,18.0,13.0,1.0,0.0,0.0,1.0,2022,Cadiz,5
2022-05-07,Sat,LaLiga,Home,W,4.0,0.0,Alaves,,15.0,7.0,7.0,7.0,1.0,0.0,3.0,1.0,2022,Celta,5
2022-05-07,Sat,LaLiga,Away,L,0.0,3.0,Cadiz,,4.0,2.0,13.0,18.0,0.0,1.0,1.0,0.0,2022,Elche,5
2022-05-07,Sat,LaLiga,Away,W,6.0,2.0,Mallorca,,14.0,7.0,13.0,11.0,2.0,0.0,3.0,0.0,2022,Granada,5
2022-05-07,Sat,LaLiga,Home,L,2.0,6.0,Granada,,18.0,8.0,11.0,13.0,3.0,0.0,2.0,0.0,2022,Mallorca,5
2022-05-07,Sat,LaLiga,Away,D,0.0,0.0,Ath Bilbao,,4.0,1.0,22.0,13.0,4.0,1.0,4.0,0.0,2022,Valencia,5
2022-05-08,Sun,LaLiga,Home,W,1.0,0.0,Real Madrid,,16.0,2.0,17.0,7.0,2.0,0.0,4.0,0.0,2022,Ath Madrid,6
2022-05-08,Sun,LaLiga,Home,D,1.0,1.0,Osasuna,,12.0,3.0,6.0,15.0,1.0,0.0,3.0,0.0,2022,Espanol,6
2022-05-08,Sun,LaLiga,Home,D,0.0,0.0,Vallecano,,12.0,6.0,20.0,14.0,3.0,0.0,4.0,0.0,2022,Getafe,6
2022-05-08,Sun,LaLiga,Away,D,1.0,1.0,Espanol,,12.0,5.0,15.0,6.0,3.0,0.0,1.0,0.0,2022,Osasuna,6
2022-05-08,Sun,LaLiga,Away,L,0.0,1.0,Ath Madrid,,15.0,6.0,7.0,17.0,4.0,0.0,2.0,0.0,2022,Real Madrid,6
2022-05-08,Sun,LaLiga,Away,D,1.0,1.0,Villarreal,,7.0,2.0,15.0,14.0,0.0,0.0,3.0,0.0,2022,Sevilla,6
2022-05-08,Sun,LaLiga,Away,D,0.0,0.0,Getafe,,12.0,1.0,14.0,20.0,4.0,0.0,3.0,0.0,2022,Vallecano,6
2022-05-08,Sun,LaLiga,Home,D,1.0,1.0,Sevilla,,14.0,6.0,14.0,15.0,3.0,0.0,0.0,0.0,2022,Villarreal,6
2022-05-10,Tue,LaLiga,Away,L,0.0,1.0,Granada,,8.0,1.0,11.0,20.0,2.0,1.0,4.0,0.0,2022,Ath Bilbao,1
2022-05-10,Tue,LaLiga,Home,W,3.0,1.0,Celta,,10.0,4.0,18.0,6.0,3.0,0.0,0.0,1.0,2022,Barcelona,1
2022-05-10,Tue,LaLiga,Away,W,3.0,0.0,Valencia,,9.0,5.0,11.0,17.0,3.0,0.0,1.0,0.0,2022,Betis,1
2022-05-10,Tue,LaLiga,Away,L,1.0,3.0,Barcelona,,13.0,5.0,6.0,18.0,0.0,1.0,3.0,0.0,2022,Celta,1
2022-05-10,Tue,LaLiga,Home,W,1.0,0.0,Ath Bilbao,,12.0,2.0,20.0,11.0,4.0,0.0,2.0,1.0,2022,Granada,1
2022-05-10,Tue,LaLiga,Home,L,0.0,3.0,Betis,,19.0,5.0,17.0,11.0,1.0,0.0,3.0,0.0,2022,Valencia,1
2022-05-11,Wed,LaLiga,Home,W,2.0,1.0,Espanol,,27.0,9.0,11.0,15.0,3.0,0.0,3.0,1.0,2022,Alaves,2
2022-05-11,Wed,LaLiga,Away,W,2.0,0.0,Elche,,11.0,6.0,7.0,16.0,2.0,0.0,2.0,0.0,2022,Ath Madrid,2
2022-05-11,Wed,LaLiga,Home,L,0.0,2.0,Ath Madrid,,9.0,0.0,16.0,7.0,2.0,0.0,2.0,0.0,2022,Elche,2
2022-05-11,Wed,LaLiga,Away,L,1.0,2.0,Alaves,,5.0,3.0,15.0,11.0,3.0,1.0,3.0,0.0,2022,Espanol,2
2022-05-11,Wed,LaLiga,Away,D,1.0,1.0,Osasuna,,6.0,0.0,17.0,10.0,4.0,1.0,2.0,0.0,2022,Getafe,2
2022-05-11,Wed,LaLiga,Away,D,0.0,0.0,Sevilla,,10.0,2.0,18.0,11.0,6.0,0.0,4.0,0.0,2022,Mallorca,2
2022-05-11,Wed,LaLiga,Home,D,1.0,1.0,Getafe,,12.0,1.0,10.0,17.0,2.0,0.0,4.0,1.0,2022,Osasuna,2
2022-05-11,Wed,LaLiga,Home,D,0.0,0.0,Mallorca,,18.0,4.0,11.0,18.0,4.0,0.0,6.0,0.0,2022,Sevilla,2
2022-05-12,Thu,LaLiga,Away,L,0.0,3.0,Sociedad,,14.0,1.0,11.0,13.0,2.0,0.0,4.0,0.0,2022,Cadiz,3
2022-05-12,Thu,LaLiga,Away,L,0.0,6.0,Real Madrid,,16.0,1.0,6.0,8.0,1.0,0.0,2.0,0.0,2022,Levante,3
2022-05-12,Thu,LaLiga,Home,W,6.0,0.0,Levante,,27.0,16.0,8.0,6.0,2.0,0.0,1.0,0.0,2022,Real Madrid,3
2022-05-12,Thu,LaLiga,Home,W,3.0,0.0,Cadiz,,13.0,7.0,13.0,11.0,4.0,0.0,2.0,0.0,2022,Sociedad,3
2022-05-12,Thu,LaLiga,Home,L,1.0,5.0,Villarreal,,17.0,3.0,13.0,10.0,5.0,0.0,2.0,0.0,2022,Vallecano,3
2022-05-12,Thu,LaLiga,Away,W,5.0,1.0,Vallecano,,11.0,8.0,10.0,13.0,2.0,0.0,5.0,0.0,2022,Villarreal,3
2022-05-14,Sat,LaLiga,Home,D,1.0,1.0,Valencia,,5.0,3.0,18.0,15.0,4.0,0.0,1.0,0.0,2022,Espanol,5
2022-05-14,Sat,LaLiga,Away,D,1.0,1.0,Espanol,,18.0,5.0,15.0,18.0,1.0,0.0,4.0,0.0,2022,Valencia,5
2022-05-15,Sun,LaLiga,Away,L,1.0,3.0,Levante,,6.0,2.0,10.0,19.0,6.0,0.0,8.0,0.0,2022,Alaves,6
2022-05-15,Sun,LaLiga,Home,W,2.0,0.0,Osasuna,,14.0,8.0,6.0,14.0,0.0,0.0,0.0,0.0,2022,Ath Bilbao,6
2022-05-15,Sun,LaLiga,Home,D,1.0,1.0,Sevilla,,12.0,3.0,14.0,18.0,2.0,0.0,5.0,0.0,2022,Ath Madrid,6
2022-05-15,Sun,LaLiga,Away,D,0.0,0.0,Getafe,,5.0,1.0,8.0,9.0,2.0,0.0,1.0,0.0,2022,Barcelona,6
2022-05-15,Sun,LaLiga,Home,W,2.0,0.0,Granada,,11.0,4.0,11.0,17.0,0.0,0.0,1.0,0.0,2022,Betis,6
2022-05-15,Sun,LaLiga,Home,D,1.0,1.0,Real Madrid,,21.0,7.0,13.0,11.0,7.0,0.0,2.0,0.0,2022,Cadiz,6
2022-05-15,Sun,LaLiga,Home,W,1.0,0.0,Elche,,14.0,5.0,11.0,12.0,2.0,0.0,2.0,0.0,2022,Celta,6
2022-05-15,Sun,LaLiga,Away,L,0.0,1.0,Celta,,10.0,1.0,12.0,11.0,2.0,0.0,2.0,0.0,2022,Elche,6
2022-05-15,Sun,LaLiga,Home,D,0.0,0.0,Barcelona,,9.0,3.0,9.0,8.0,1.0,0.0,2.0,0.0,2022,Getafe,6
2022-05-15,Sun,LaLiga,Away,L,0.0,2.0,Betis,,14.0,4.0,17.0,11.0,1.0,0.0,0.0,0.0,2022,Granada,6
2022-05-15,Sun,LaLiga,Home,W,3.0,1.0,Alaves,,15.0,5.0,19.0,10.0,8.0,0.0,6.0,0.0,2022,Levante,6
2022-05-15,Sun,LaLiga,Home,W,2.0,1.0,Vallecano,,12.0,5.0,13.0,8.0,1.0,0.0,0.0,0.0,2022,Mallorca,6
2022-05-15,Sun,LaLiga,Away,L,0.0,2.0,Ath Bilbao,,8.0,1.0,14.0,6.0,0.0,0.0,0.0,0.0,2022,Osasuna,6
2022-05-15,Sun,LaLiga,Away,D,1.0,1.0,Cadiz,,16.0,7.0,11.0,13.0,2.0,0.0,7.0,0.0,2022,Real Madrid,6
2022-05-15,Sun,LaLiga,Away,D,1.0,1.0,Ath Madrid,,8.0,4.0,18.0,14.0,5.0,0.0,2.0,0.0,2022,Sevilla,6
2022-05-15,Sun,LaLiga,Away,W,2.0,1.0,Villarreal,,11.0,6.0,16.0,12.0,2.0,0.0,4.0,0.0,2022,Sociedad,6
2022-05-15,Sun,LaLiga,Away,L,1.0,2.0,Mallorca,,11.0,4.0,8.0,13.0,0.0,0.0,1.0,0.0,2022,Vallecano,6
2022-05-15,Sun,LaLiga,Home,L,1.0,2.0,Sociedad,,10.0,4.0,12.0,16.0,4.0,0.0,2.0,0.0,2022,Villarreal,6
2022-05-20,Fri,LaLiga,Away,D,0.0,0.0,Real Madrid,,11.0,2.0,12.0,7.0,0.0,0.0,0.0,0.0,2022,Betis,4
2022-05-20,Fri,LaLiga,Away,W,4.0,2.0,Vallecano,,14.0,7.0,12.0,8.0,3.0,0.0,0.0,0.0,2022,Levante,4
2022-05-20,Fri,LaLiga,Home,D,0.0,0.0,Betis,,17.0,3.0,7.0,12.0,0.0,0.0,0.0,0.0,2022,Real Madrid,4
2022-05-20,Fri,LaLiga,Home,L,2.0,4.0,Levante,,19.0,8.0,8.0,12.0,0.0,0.0,3.0,0.0,2022,Vallecano,4
2022-05-21,Sat,LaLiga,Away,L,0.0,2.0,Valencia,,9.0,3.0,19.0,22.0,3.0,0.0,3.0,0.0,2022,Celta,5
2022-05-21,Sat,LaLiga,Home,W,2.0,0.0,Celta,,10.0,3.0,22.0,19.0,3.0,0.0,3.0,0.0,2022,Valencia,5
2022-05-22,Sun,LaLiga,Home,L,0.0,1.0,Cadiz,,9.0,2.0,11.0,13.0,0.0,0.0,1.0,0.0,2022,Alaves,6
2022-05-22,Sun,LaLiga,Away,L,0.0,1.0,Sevilla,,9.0,1.0,12.0,13.0,3.0,0.0,3.0,0.0,2022,Ath Bilbao,6
2022-05-22,Sun,LaLiga,Away,W,2.0,1.0,Sociedad,,6.0,5.0,11.0,16.0,2.0,0.0,4.0,0.0,2022,Ath Madrid,6
2022-05-22,Sun,LaLiga,Home,L,0.0,2.0,Villarreal,,14.0,3.0,12.0,7.0,3.0,0.0,1.0,0.0,2022,Barcelona,6
2022-05-22,Sun,LaLiga,Away,W,1.0,0.0,Alaves,,13.0,6.0,13.0,11.0,1.0,0.0,0.0,0.0,2022,Cadiz,6
2022-05-22,Sun,LaLiga,Home,W,3.0,1.0,Getafe,,19.0,9.0,11.0,9.0,2.0,0.0,2.0,0.0,2022,Elche,6
2022-05-22,Sun,LaLiga,Away,D,0.0,0.0,Granada,,10.0,5.0,12.0,9.0,0.0,0.0,1.0,0.0,2022,Espanol,6
2022-05-22,Sun,LaLiga,Away,L,1.0,3.0,Elche,,7.0,2.0,9.0,11.0,2.0,0.0,2.0,0.0,2022,Getafe,6
2022-05-22,Sun,LaLiga,Home,D,0.0,0.0,Espanol,,15.0,5.0,9.0,12.0,1.0,0.0,0.0,0.0,2022,Granada,6
2022-05-22,Sun,LaLiga,Away,W,2.0,0.0,Osasuna,,14.0,6.0,14.0,8.0,2.0,0.0,2.0,0.0,2022,Mallorca,6
2022-05-22,Sun,LaLiga,Home,L,0.0,2.0,Mallorca,,11.0,1.0,8.0,14.0,2.0,0.0,2.0,0.0,2022,Osasuna,6
2022-05-22,Sun,LaLiga,Home,W,1.0,0.0,Ath Bilbao,,13.0,3.0,13.0,12.0,3.0,0.0,3.0,0.0,2022,Sevilla,6
2022-05-22,Sun,LaLiga,Home,L,1.0,2.0,Ath Madrid,,12.0,3.0,16.0,11.0,4.0,0.0,2.0,0.0,2022,Sociedad,6
2022-05-22,Sun,LaLiga,Away,W,2.0,0.0,Barcelona,,4.0,3.0,7.0,12.0,1.0,0.0,3.0,0.0,2022,Villarreal,6
2022-08-12,Fri,LaLiga,Home,W,2.0,1.0,Sevilla,,12.0,5.0,16.0,9.0,5.0,0.0,3.0,0.0,2023,Osasuna,4
2022-08-12,Fri,LaLiga,Away,L,1.0,2.0,Osasuna,,10.0,3.0,9.0,16.0,3.0,0.0,5.0,0.0,2023,Sevilla,4
2022-08-13,Sat,LaLiga,Home,D,0.0,0.0,Vallecano,,21.0,6.0,16.0,14.0,3.0,1.0,6.0,0.0,2023,Barcelona,5
2022-08-13,Sat,LaLiga,Home,D,2.0,2.0,Espanol,,8.0,3.0,17.0,15.0,5.0,0.0,2.0,0.0,2023,Celta,5
2022-08-13,Sat,LaLiga,Away,D,2.0,2.0,Celta,,10.0,2.0,15.0,17.0,2.0,0.0,5.0,0.0,2023,Espanol,5
2022-08-13,Sat,LaLiga,Home,L,0.0,3.0,Villarreal,,12.0,6.0,6.0,10.0,1.0,0.0,0.0,0.0,2023,Valladolid,5
2022-08-13,Sat,LaLiga,Away,D,0.0,0.0,Barcelona,,4.0,2.0,14.0,16.0,6.0,0.0,3.0,1.0,2023,Vallecano,5
2022-08-13,Sat,LaLiga,Away,W,3.0,0.0,Valladolid,,10.0,4.0,10.0,6.0,0.0,0.0,1.0,0.0,2023,Villarreal,5
2022-08-14,Sun,LaLiga,Home,L,1.0,2.0,Real Madrid,,10.0,6.0,11.0,4.0,3.0,0.0,1.0,0.0,2023,Almeria,6
2022-08-14,Sun,LaLiga,Home,L,0.0,1.0,Sociedad,,7.0,2.0,9.0,20.0,4.0,0.0,2.0,0.0,2023,Cadiz,6
2022-08-14,Sun,LaLiga,Away,L,0.0,1.0,Valencia,,5.0,1.0,14.0,18.0,3.0,0.0,2.0,1.0,2023,Girona,6
2022-08-14,Sun,LaLiga,Away,W,2.0,1.0,Almeria,,29.0,15.0,4.0,11.0,1.0,0.0,3.0,0.0,2023,Real Madrid,6
2022-08-14,Sun,LaLiga,Away,W,1.0,0.0,Cadiz,,15.0,7.0,20.0,9.0,2.0,0.0,4.0,0.0,2023,Sociedad,6
2022-08-14,Sun,LaLiga,Home,W,1.0,0.0,Girona,,17.0,2.0,18.0,14.0,2.0,1.0,3.0,0.0,2023,Valencia,6
2022-08-15,Mon,LaLiga,Home,D,0.0,0.0,Mallorca,,23.0,6.0,13.0,12.0,0.0,0.0,6.0,0.0,2023,Ath Bilbao,0
2022-08-15,Mon,LaLiga,Away,W,3.0,0.0,Getafe,,12.0,5.0,19.0,14.0,1.0,0.0,2.0,0.0,2023,Ath Madrid,0
2022-08-15,Mon,LaLiga,Home,W,3.0,0.0,Elche,,17.0,8.0,10.0,18.0,3.0,0.0,6.0,1.0,2023,Betis,0
2022-08-15,Mon,LaLiga,Away,L,0.0,3.0,Betis,,4.0,2.0,18.0,10.0,6.0,1.0,3.0,0.0,2023,Elche,0
2022-08-15,Mon,LaLiga,Home,L,0.0,3.0,Ath Madrid,,10.0,0.0,14.0,19.0,2.0,0.0,1.0,0.0,2023,Getafe,0
2022-08-15,Mon,LaLiga,Away,D,0.0,0.0,Ath Bilbao,,6.0,2.0,12.0,13.0,6.0,0.0,0.0,0.0,2023,Mallorca,0
2022-08-19,Fri,LaLiga,Home,L,0.0,2.0,Vallecano,,13.0,1.0,12.0,17.0,2.0,1.0,5.0,1.0,2023,Espanol,4
2022-08-19,Fri,LaLiga,Home,D,1.0,1.0,Valladolid,,18.0,2.0,20.0,10.0,3.0,1.0,2.0,1.0,2023,Sevilla,4
2022-08-19,Fri,LaLiga,Away,D,1.0,1.0,Sevilla,,6.0,3.0,10.0,20.0,2.0,1.0,3.0,1.0,2023,Valladolid,4
2022-08-19,Fri,LaLiga,Away,W,2.0,0.0,Espanol,,8.0,3.0,17.0,12.0,5.0,1.0,2.0,1.0,2023,Vallecano,4
2022-08-20,Sat,LaLiga,Away,W,2.0,1.0,Mallorca,,8.0,3.0,17.0,22.0,8.0,0.0,7.0,0.0,2023,Betis,5
2022-08-20,Sat,LaLiga,Away,L,0.0,2.0,Osasuna,,9.0,2.0,13.0,11.0,5.0,1.0,2.0,0.0,2023,Cadiz,5
2022-08-20,Sat,LaLiga,Home,L,1.0,4.0,Real Madrid,,15.0,2.0,12.0,8.0,2.0,0.0,2.0,0.0,2023,Celta,5
2022-08-20,Sat,LaLiga,Home,L,1.0,2.0,Betis,,13.0,7.0,22.0,17.0,7.0,0.0,8.0,0.0,2023,Mallorca,5
2022-08-20,Sat,LaLiga,Home,W,2.0,0.0,Cadiz,,16.0,3.0,11.0,13.0,2.0,0.0,5.0,1.0,2023,Osasuna,5
2022-08-20,Sat,LaLiga,Away,W,4.0,1.0,Celta,,16.0,7.0,8.0,12.0,2.0,0.0,2.0,0.0,2023,Real Madrid,5
2022-08-21,Sun,LaLiga,Home,W,1.0,0.0,Valencia,,12.0,2.0,11.0,15.0,5.0,0.0,2.0,0.0,2023,Ath Bilbao,6
2022-08-21,Sun,LaLiga,Home,L,0.0,2.0,Villarreal,,13.0,5.0,8.0,11.0,2.0,1.0,3.0,0.0,2023,Ath Madrid,6
2022-08-21,Sun,LaLiga,Away,W,4.0,1.0,Sociedad,,15.0,7.0,9.0,16.0,1.0,0.0,2.0,0.0,2023,Barcelona,6
2022-08-21,Sun,LaLiga,Home,L,1.0,4.0,Barcelona,,10.0,5.0,16.0,9.0,2.0,0.0,1.0,0.0,2023,Sociedad,6
2022-08-21,Sun,LaLiga,Away,L,0.0,1.0,Ath Bilbao,,10.0,0.0,15.0,11.0,2.0,0.0,5.0,0.0,2023,Valencia,6
2022-08-21,Sun,LaLiga,Away,W,2.0,0.0,Ath Madrid,,19.0,5.0,11.0,8.0,3.0,0.0,2.0,1.0,2023,Villarreal,6
2022-08-22,Mon,LaLiga,Away,D,1.0,1.0,Elche,,12.0,7.0,16.0,12.0,4.0,1.0,1.0,0.0,2023,Almeria,0
2022-08-22,Mon,LaLiga,Home,D,1.0,1.0,Almeria,,13.0,3.0,12.0,16.0,1.0,0.0,4.0,1.0,2023,Elche,0
2022-08-22,Mon,LaLiga,Away,L,1.0,3.0,Girona,,7.0,3.0,18.0,16.0,6.0,1.0,3.0,0.0,2023,Getafe,0
2022-08-22,Mon,LaLiga,Home,W,3.0,1.0,Getafe,,12.0,6.0,16.0,18.0,3.0,0.0,6.0,1.0,2023,Girona,0
2022-08-26,Fri,LaLiga,Home,W,1.0,0.0,Osasuna,,7.0,1.0,9.0,21.0,0.0,1.0,3.0,0.0,2023,Betis,4
2022-08-26,Fri,LaLiga,Away,W,1.0,0.0,Girona,,11.0,6.0,13.0,16.0,1.0,0.0,2.0,0.0,2023,Celta,4
2022-08-26,Fri,LaLiga,Home,L,0.0,1.0,Celta,,11.0,3.0,16.0,13.0,2.0,0.0,1.0,0.0,2023,Girona,4
2022-08-26,Fri,LaLiga,Away,L,0.0,1.0,Betis,,12.0,2.0,21.0,9.0,3.0,0.0,0.0,1.0,2023,Osasuna,4
2022-08-27,Sat,LaLiga,Home,W,2.0,1.0,Sevilla,,11.0,5.0,18.0,11.0,5.0,0.0,8.0,0.0,2023,Almeria,5
2022-08-27,Sat,LaLiga,Home,L,0.0,1.0,Sociedad,,12.0,5.0,13.0,18.0,3.0,0.0,3.0,0.0,2023,Elche,5
2022-08-27,Sat,LaLiga,Away,W,2.0,0.0,Vallecano,,9.0,4.0,18.0,11.0,3.0,0.0,1.0,0.0,2023,Mallorca,5
2022-08-27,Sat,LaLiga,Away,L,1.0,2.0,Almeria,,13.0,5.0,11.0,18.0,8.0,0.0,5.0,0.0,2023,Sevilla,5
2022-08-27,Sat,LaLiga,Away,W,1.0,0.0,Elche,,9.0,5.0,18.0,13.0,3.0,0.0,3.0,0.0,2023,Sociedad,5
2022-08-27,Sat,LaLiga,Home,L,0.0,2.0,Mallorca,,15.0,0.0,11.0,18.0,1.0,0.0,3.0,0.0,2023,Vallecano,5
2022-08-28,Sun,LaLiga,Home,W,4.0,0.0,Valladolid,,24.0,9.0,9.0,8.0,0.0,0.0,3.0,0.0,2023,Barcelona,6
2022-08-28,Sun,LaLiga,Home,L,1.0,3.0,Real Madrid,,15.0,4.0,15.0,12.0,0.0,1.0,0.0,0.0,2023,Espanol,6
2022-08-28,Sun,LaLiga,Home,D,0.0,0.0,Villarreal,,8.0,2.0,11.0,19.0,1.0,0.0,5.0,0.0,2023,Getafe,6
2022-08-28,Sun,LaLiga,Away,W,3.0,1.0,Espanol,,19.0,6.0,12.0,15.0,0.0,0.0,0.0,1.0,2023,Real Madrid,6
2022-08-28,Sun,LaLiga,Away,L,0.0,4.0,Barcelona,,8.0,3.0,8.0,9.0,3.0,0.0,0.0,0.0,2023,Valladolid,6
2022-08-28,Sun,LaLiga,Away,D,0.0,0.0,Getafe,,11.0,6.0,19.0,11.0,5.0,0.0,1.0,0.0,2023,Villarreal,6
2022-08-29,Mon,LaLiga,Away,W,4.0,0.0,Cadiz,,20.0,8.0,4.0,18.0,1.0,0.0,2.0,0.0,2023,Ath Bilbao,0
2022-08-29,Mon,LaLiga,Away,W,1.0,0.0,Valencia,,13.0,7.0,17.0,15.0,3.0,0.0,4.0,0.0,2023,Ath Madrid,0
2022-08-29,Mon,LaLiga,Home,L,0.0,4.0,Ath Bilbao,,9.0,3.0,18.0,4.0,2.0,0.0,1.0,0.0,2023,Cadiz,0
2022-08-29,Mon,LaLiga,Home,L,0.0,1.0,Ath Madrid,,12.0,2.0,15.0,17.0,4.0,0.0,3.0,0.0,2023,Valencia,0
2022-09-02,Fri,LaLiga,Away,L,0.0,3.0,Celta,,7.0,0.0,23.0,13.0,2.0,0.0,1.0,0.0,2023,Cadiz,4
2022-09-02,Fri,LaLiga,Home,W,3.0,0.0,Cadiz,,9.0,5.0,13.0,23.0,1.0,0.0,2.0,0.0,2023,Celta,4
2022-09-03,Sat,LaLiga,Away,D,1.0,1.0,Sociedad,,15.0,7.0,13.0,18.0,4.0,0.0,5.0,0.0,2023,Ath Madrid,5
2022-09-03,Sat,LaLiga,Away,W,3.0,0.0,Sevilla,,18.0,7.0,14.0,15.0,4.0,0.0,2.0,0.0,2023,Barcelona,5
2022-09-03,Sat,LaLiga,Away,L,1.0,2.0,Real Madrid,,8.0,4.0,12.0,8.0,1.0,0.0,0.0,0.0,2023,Betis,5
2022-09-03,Sat,LaLiga,Away,D,1.0,1.0,Mallorca,,10.0,4.0,9.0,23.0,2.0,0.0,4.0,0.0,2023,Girona,5
2022-09-03,Sat,LaLiga,Home,D,1.0,1.0,Girona,,10.0,4.0,23.0,9.0,4.0,0.0,2.0,0.0,2023,Mallorca,5
2022-09-03,Sat,LaLiga,Home,W,2.0,1.0,Betis,,22.0,4.0,8.0,12.0,0.0,0.0,1.0,0.0,2023,Real Madrid,5
2022-09-03,Sat,LaLiga,Home,L,0.0,3.0,Barcelona,,9.0,4.0,15.0,14.0,2.0,0.0,4.0,0.0,2023,Sevilla,5
2022-09-03,Sat,LaLiga,Home,D,1.0,1.0,Ath Madrid,,12.0,5.0,18.0,13.0,5.0,0.0,4.0,0.0,2023,Sociedad,5
2022-09-04,Sun,LaLiga,Home,L,0.0,1.0,Espanol,,17.0,2.0,12.0,12.0,3.0,0.0,2.0,0.0,2023,Ath Bilbao,6
2022-09-04,Sun,LaLiga,Away,L,0.0,4.0,Villarreal,,7.0,0.0,9.0,10.0,3.0,0.0,1.0,0.0,2023,Elche,6
2022-09-04,Sun,LaLiga,Away,W,1.0,0.0,Ath Bilbao,,9.0,2.0,12.0,12.0,2.0,0.0,3.0,0.0,2023,Espanol,6
2022-09-04,Sun,LaLiga,Away,L,1.0,5.0,Valencia,,7.0,4.0,21.0,11.0,6.0,1.0,3.0,1.0,2023,Getafe,6
2022-09-04,Sun,LaLiga,Home,W,2.0,1.0,Vallecano,,13.0,6.0,14.0,16.0,2.0,0.0,2.0,0.0,2023,Osasuna,6
2022-09-04,Sun,LaLiga,Home,W,5.0,1.0,Getafe,,24.0,9.0,11.0,21.0,3.0,1.0,6.0,1.0,2023,Valencia,6
2022-09-04,Sun,LaLiga,Away,L,1.0,2.0,Osasuna,,5.0,3.0,16.0,14.0,2.0,0.0,2.0,0.0,2023,Vallecano,6
2022-09-04,Sun,LaLiga,Home,W,4.0,0.0,Elche,,18.0,10.0,10.0,9.0,1.0,0.0,3.0,0.0,2023,Villarreal,6
2022-09-05,Mon,LaLiga,Away,L,0.0,1.0,Valladolid,,12.0,1.0,20.0,11.0,6.0,0.0,1.0,0.0,2023,Almeria,0
2022-09-05,Mon,LaLiga,Home,W,1.0,0.0,Almeria,,14.0,6.0,11.0,20.0,1.0,0.0,6.0,0.0,2023,Valladolid,0
2022-09-09,Fri,LaLiga,Home,W,2.0,1.0,Valladolid,,14.0,5.0,11.0,15.0,0.0,0.0,2.0,0.0,2023,Girona,4
2022-09-09,Fri,LaLiga,Away,L,1.0,2.0,Girona,,14.0,4.0,15.0,11.0,2.0,0.0,0.0,0.0,2023,Valladolid,4
2022-09-10,Sat,LaLiga,Home,W,4.0,1.0,Celta,,10.0,4.0,11.0,6.0,2.0,0.0,3.0,0.0,2023,Ath Madrid,5
2022-09-10,Sat,LaLiga,Away,W,4.0,0.0,Cadiz,,16.0,8.0,13.0,12.0,2.0,0.0,1.0,0.0,2023,Barcelona,5
2022-09-10,Sat,LaLiga,Home,L,0.0,4.0,Barcelona,,6.0,0.0,12.0,13.0,1.0,0.0,2.0,0.0,2023,Cadiz,5
2022-09-10,Sat,LaLiga,Away,L,1.0,4.0,Ath Madrid,,14.0,3.0,6.0,11.0,3.0,0.0,2.0,0.0,2023,Celta,5
2022-09-10,Sat,LaLiga,Home,L,2.0,3.0,Sevilla,,19.0,5.0,11.0,14.0,3.0,0.0,5.0,1.0,2023,Espanol,5
2022-09-10,Sat,LaLiga,Away,W,3.0,2.0,Espanol,,11.0,7.0,14.0,11.0,5.0,1.0,3.0,0.0,2023,Sevilla,5
2022-09-10,Sat,LaLiga,Away,L,1.0,2.0,Vallecano,,17.0,4.0,11.0,22.0,2.0,0.0,5.0,0.0,2023,Valencia,5
2022-09-10,Sat,LaLiga,Home,W,2.0,1.0,Valencia,,14.0,6.0,22.0,11.0,5.0,0.0,2.0,0.0,2023,Vallecano,5
2022-09-11,Sun,LaLiga,Away,W,4.0,1.0,Elche,,16.0,8.0,9.0,15.0,0.0,0.0,3.0,0.0,2023,Ath Bilbao,6
2022-09-11,Sun,LaLiga,Home,W,1.0,0.0,Villarreal,,16.0,5.0,11.0,14.0,1.0,0.0,1.0,0.0,2023,Betis,6
2022-09-11,Sun,LaLiga,Home,L,1.0,4.0,Ath Bilbao,,9.0,2.0,15.0,9.0,3.0,0.0,0.0,0.0,2023,Elche,6
2022-09-11,Sun,LaLiga,Home,W,2.0,1.0,Sociedad,,8.0,3.0,9.0,16.0,4.0,0.0,1.0,0.0,2023,Getafe,6
2022-09-11,Sun,LaLiga,Away,L,1.0,4.0,Real Madrid,,5.0,2.0,15.0,7.0,5.0,0.0,3.0,0.0,2023,Mallorca,6
2022-09-11,Sun,LaLiga,Home,W,4.0,1.0,Mallorca,,22.0,7.0,7.0,15.0,3.0,0.0,5.0,0.0,2023,Real Madrid,6
2022-09-11,Sun,LaLiga,Away,L,1.0,2.0,Getafe,,13.0,6.0,16.0,9.0,1.0,0.0,4.0,0.0,2023,Sociedad,6
2022-09-11,Sun,LaLiga,Away,L,0.0,1.0,Betis,,14.0,3.0,14.0,11.0,1.0,0.0,1.0,0.0,2023,Villarreal,6
2022-09-12,Mon,LaLiga,Home,L,0.0,1.0,Osasuna,,7.0,2.0,4.0,9.0,0.0,0.0,2.0,0.0,2023,Almeria,0
2022-09-12,Mon,LaLiga,Away,W,1.0,0.0,Almeria,,15.0,4.0,9.0,4.0,2.0,0.0,0.0,0.0,2023,Osasuna,0
2022-09-16,Fri,LaLiga,Away,W,1.0,0.0,Valladolid,,7.0,1.0,19.0,12.0,4.0,0.0,1.0,0.0,2023,Cadiz,4
2022-09-16,Fri,LaLiga,Home,L,0.0,1.0,Cadiz,,18.0,6.0,12.0,19.0,1.0,0.0,4.0,0.0,2023,Valladolid,4
2022-09-17,Sat,LaLiga,Away,L,0.0,1.0,Mallorca,,9.0,3.0,14.0,15.0,6.0,0.0,3.0,0.0,2023,Almeria,5
2022-09-17,Sat,LaLiga,Home,W,3.0,2.0,Vallecano,,14.0,7.0,13.0,13.0,1.0,0.0,2.0,0.0,2023,Ath Bilbao,5
2022-09-17,Sat,LaLiga,Home,W,3.0,0.0,Elche,,25.0,9.0,11.0,9.0,2.0,0.0,2.0,1.0,2023,Barcelona,5
2022-09-17,Sat,LaLiga,Away,L,0.0,3.0,Valencia,,6.0,2.0,23.0,18.0,2.0,1.0,3.0,0.0,2023,Celta,5
2022-09-17,Sat,LaLiga,Away,L,0.0,3.0,Barcelona,,1.0,1.0,9.0,11.0,2.0,1.0,2.0,0.0,2023,Elche,5
2022-09-17,Sat,LaLiga,Home,W,1.0,0.0,Almeria,,5.0,2.0,15.0,14.0,3.0,0.0,6.0,0.0,2023,Mallorca,5
2022-09-17,Sat,LaLiga,Home,W,3.0,0.0,Celta,,14.0,7.0,18.0,23.0,3.0,0.0,2.0,1.0,2023,Valencia,5
2022-09-17,Sat,LaLiga,Away,L,2.0,3.0,Ath Bilbao,,11.0,2.0,13.0,13.0,2.0,0.0,1.0,0.0,2023,Vallecano,5
2022-09-18,Sun,LaLiga,Home,L,1.0,2.0,Real Madrid,,12.0,5.0,15.0,16.0,4.0,1.0,2.0,0.0,2023,Ath Madrid,6
2022-09-18,Sun,LaLiga,Home,W,2.0,1.0,Girona,,9.0,3.0,9.0,8.0,0.0,0.0,3.0,0.0,2023,Betis,6
2022-09-18,Sun,LaLiga,Away,L,1.0,2.0,Sociedad,,14.0,4.0,8.0,18.0,0.0,0.0,3.0,0.0,2023,Espanol,6
2022-09-18,Sun,LaLiga,Away,W,2.0,0.0,Osasuna,,10.0,4.0,15.0,15.0,3.0,1.0,7.0,1.0,2023,Getafe,6
2022-09-18,Sun,LaLiga,Away,L,1.0,2.0,Betis,,8.0,3.0,8.0,9.0,3.0,0.0,0.0,0.0,2023,Girona,6
2022-09-18,Sun,LaLiga,Home,L,0.0,2.0,Getafe,,12.0,4.0,15.0,15.0,7.0,1.0,3.0,1.0,2023,Osasuna,6
2022-09-18,Sun,LaLiga,Away,W,2.0,1.0,Ath Madrid,,6.0,3.0,16.0,15.0,2.0,0.0,4.0,1.0,2023,Real Madrid,6
2022-09-18,Sun,LaLiga,Away,D,1.0,1.0,Villarreal,,12.0,1.0,12.0,15.0,5.0,0.0,1.0,0.0,2023,Sevilla,6
2022-09-18,Sun,LaLiga,Home,W,2.0,1.0,Espanol,,14.0,6.0,18.0,8.0,3.0,0.0,0.0,0.0,2023,Sociedad,6
2022-09-18,Sun,LaLiga,Home,D,1.0,1.0,Sevilla,,17.0,7.0,15.0,12.0,1.0,0.0,5.0,0.0,2023,Villarreal,6
2022-09-30,Fri,LaLiga,Away,L,0.0,4.0,Ath Bilbao,,8.0,2.0,8.0,17.0,3.0,0.0,1.0,0.0,2023,Almeria,4
2022-09-30,Fri,LaLiga,Home,W,4.0,0.0,Almeria,,17.0,4.0,17.0,8.0,1.0,0.0,3.0,0.0,2023,Ath Bilbao,4
2022-10-01,Sat,LaLiga,Away,W,2.0,0.0,Sevilla,,20.0,6.0,12.0,9.0,2.0,0.0,3.0,0.0,2023,Ath Madrid,5
2022-10-01,Sat,LaLiga,Away,W,1.0,0.0,Mallorca,,11.0,3.0,13.0,9.0,4.0,0.0,2.0,0.0,2023,Barcelona,5
2022-10-01,Sat,LaLiga,Home,D,0.0,0.0,Villarreal,,10.0,2.0,13.0,8.0,2.0,1.0,3.0,0.0,2023,Cadiz,5
2022-10-01,Sat,LaLiga,Home,L,2.0,3.0,Valladolid,,14.0,6.0,23.0,13.0,2.0,0.0,4.0,0.0,2023,Getafe,5
2022-10-01,Sat,LaLiga,Home,L,0.0,1.0,Barcelona,,13.0,3.0,9.0,13.0,2.0,0.0,4.0,0.0,2023,Mallorca,5
2022-10-01,Sat,LaLiga,Home,L,0.0,2.0,Ath Madrid,,14.0,3.0,9.0,12.0,3.0,0.0,2.0,0.0,2023,Sevilla,5
2022-10-01,Sat,LaLiga,Away,W,3.0,2.0,Getafe,,14.0,7.0,13.0,23.0,4.0,0.0,2.0,0.0,2023,Valladolid,5
2022-10-01,Sat,LaLiga,Away,D,0.0,0.0,Cadiz,,14.0,6.0,8.0,13.0,3.0,0.0,2.0,1.0,2023,Villarreal,5
2022-10-02,Sun,LaLiga,Away,L,0.0,1.0,Celta,,9.0,4.0,3.0,26.0,3.0,1.0,4.0,0.0,2023,Betis,6
2022-10-02,Sun,LaLiga,Home,W,1.0,0.0,Betis,,11.0,4.0,26.0,3.0,4.0,0.0,3.0,1.0,2023,Celta,6
2022-10-02,Sun,LaLiga,Home,D,2.0,2.0,Valencia,,10.0,5.0,16.0,15.0,2.0,1.0,1.0,1.0,2023,Espanol,6
2022-10-02,Sun,LaLiga,Home,L,3.0,5.0,Sociedad,,16.0,8.0,9.0,19.0,3.0,0.0,1.0,0.0,2023,Girona,6
2022-10-02,Sun,LaLiga,Away,D,1.0,1.0,Real Madrid,,8.0,2.0,13.0,9.0,2.0,1.0,1.0,0.0,2023,Osasuna,6
2022-10-02,Sun,LaLiga,Home,D,1.0,1.0,Osasuna,,22.0,4.0,9.0,13.0,1.0,0.0,2.0,1.0,2023,Real Madrid,6
2022-10-02,Sun,LaLiga,Away,W,5.0,3.0,Girona,,11.0,5.0,19.0,9.0,1.0,0.0,3.0,0.0,2023,Sociedad,6
2022-10-02,Sun,LaLiga,Away,D,2.0,2.0,Espanol,,12.0,5.0,15.0,16.0,1.0,1.0,2.0,1.0,2023,Valencia,6
2022-10-03,Mon,LaLiga,Away,L,1.0,2.0,Vallecano,,5.0,2.0,19.0,5.0,8.0,0.0,1.0,0.0,2023,Elche,0
2022-10-03,Mon,LaLiga,Home,W,2.0,1.0,Elche,,15.0,6.0,5.0,19.0,1.0,0.0,8.0,0.0,2023,Vallecano,0
2022-10-07,Fri,LaLiga,Home,L,1.0,2.0,Valencia,,11.0,2.0,11.0,19.0,3.0,2.0,6.0,1.0,2023,Osasuna,4
2022-10-07,Fri,LaLiga,Away,W,2.0,1.0,Osasuna,,15.0,7.0,19.0,11.0,6.0,1.0,3.0,2.0,2023,Valencia,4
2022-10-08,Sat,LaLiga,Home,W,3.0,1.0,Vallecano,,10.0,4.0,22.0,12.0,4.0,1.0,2.0,0.0,2023,Almeria,5
2022-10-08,Sat,LaLiga,Away,D,1.0,1.0,Sevilla,,21.0,4.0,14.0,19.0,0.0,1.0,4.0,0.0,2023,Ath Bilbao,5
2022-10-08,Sat,LaLiga,Home,W,2.0,1.0,Girona,,13.0,7.0,12.0,13.0,3.0,0.0,1.0,0.0,2023,Ath Madrid,5
2022-10-08,Sat,LaLiga,Home,L,0.0,1.0,Real Madrid,,9.0,2.0,10.0,5.0,0.0,0.0,0.0,0.0,2023,Getafe,5
2022-10-08,Sat,LaLiga,Away,L,1.0,2.0,Ath Madrid,,11.0,4.0,13.0,12.0,1.0,0.0,3.0,0.0,2023,Girona,5
2022-10-08,Sat,LaLiga,Away,W,1.0,0.0,Getafe,,19.0,4.0,5.0,10.0,0.0,0.0,0.0,0.0,2023,Real Madrid,5
2022-10-08,Sat,LaLiga,Home,D,1.0,1.0,Ath Bilbao,,10.0,3.0,19.0,14.0,4.0,0.0,0.0,1.0,2023,Sevilla,5
2022-10-08,Sat,LaLiga,Away,L,1.0,3.0,Almeria,,12.0,4.0,12.0,22.0,2.0,0.0,4.0,1.0,2023,Vallecano,5
2022-10-09,Sun,LaLiga,Home,W,1.0,0.0,Celta,,13.0,5.0,16.0,9.0,2.0,0.0,4.0,0.0,2023,Barcelona,6
2022-10-09,Sun,LaLiga,Away,D,0.0,0.0,Valladolid,,4.0,1.0,16.0,12.0,1.0,1.0,1.0,0.0,2023,Betis,6
2022-10-09,Sun,LaLiga,Home,D,2.0,2.0,Espanol,,8.0,3.0,13.0,12.0,4.0,0.0,4.0,0.0,2023,Cadiz,6
2022-10-09,Sun,LaLiga,Away,L,0.0,1.0,Barcelona,,14.0,3.0,9.0,16.0,4.0,0.0,2.0,0.0,2023,Celta,6
2022-10-09,Sun,LaLiga,Away,D,2.0,2.0,Cadiz,,9.0,6.0,12.0,13.0,4.0,0.0,4.0,0.0,2023,Espanol,6
2022-10-09,Sun,LaLiga,Home,W,1.0,0.0,Villarreal,,17.0,5.0,21.0,18.0,5.0,0.0,3.0,0.0,2023,Sociedad,6
2022-10-09,Sun,LaLiga,Home,D,0.0,0.0,Betis,,12.0,3.0,12.0,16.0,1.0,0.0,1.0,1.0,2023,Valladolid,6
2022-10-09,Sun,LaLiga,Away,L,0.0,1.0,Sociedad,,5.0,1.0,18.0,21.0,3.0,0.0,5.0,0.0,2023,Villarreal,6
2022-10-10,Mon,LaLiga,Home,D,1.0,1.0,Mallorca,,7.0,2.0,12.0,17.0,4.0,1.0,5.0,1.0,2023,Elche,0
2022-10-10,Mon,LaLiga,Away,D,1.0,1.0,Elche,,11.0,4.0,17.0,12.0,5.0,1.0,4.0,1.0,2023,Mallorca,0
2022-10-14,Fri,LaLiga,Away,D,0.0,0.0,Vallecano,,6.0,3.0,17.0,13.0,3.0,0.0,2.0,0.0,2023,Getafe,4
2022-10-14,Fri,LaLiga,Home,D,0.0,0.0,Getafe,,16.0,3.0,13.0,17.0,2.0,0.0,3.0,0.0,2023,Vallecano,4
2022-10-15,Sat,LaLiga,Home,L,0.0,1.0,Ath Madrid,,13.0,3.0,14.0,17.0,0.0,0.0,6.0,0.0,2023,Ath Bilbao,5
2022-10-15,Sat,LaLiga,Away,W,1.0,0.0,Ath Bilbao,,3.0,1.0,17.0,14.0,6.0,0.0,0.0,0.0,2023,Ath Madrid,5
2022-10-15,Sat,LaLiga,Away,D,1.0,1.0,Girona,,9.0,2.0,9.0,16.0,4.0,0.0,5.0,0.0,2023,Cadiz,5
2022-10-15,Sat,LaLiga,Away,D,2.0,2.0,Valencia,,8.0,6.0,19.0,14.0,6.0,0.0,3.0,0.0,2023,Elche,5
2022-10-15,Sat,LaLiga,Home,D,1.0,1.0,Cadiz,,23.0,6.0,16.0,9.0,5.0,0.0,4.0,0.0,2023,Girona,5
2022-10-15,Sat,LaLiga,Home,L,0.0,1.0,Sevilla,,9.0,5.0,17.0,15.0,2.0,0.0,3.0,0.0,2023,Mallorca,5
2022-10-15,Sat,LaLiga,Away,W,1.0,0.0,Mallorca,,4.0,1.0,15.0,17.0,3.0,0.0,2.0,0.0,2023,Sevilla,5
2022-10-15,Sat,LaLiga,Home,D,2.0,2.0,Elche,,20.0,8.0,14.0,19.0,3.0,0.0,6.0,0.0,2023,Valencia,5
2022-10-16,Sun,LaLiga,Away,L,1.0,3.0,Betis,,12.0,5.0,7.0,6.0,1.0,0.0,1.0,0.0,2023,Almeria,6
2022-10-16,Sun,LaLiga,Away,L,1.0,3.0,Real Madrid,,18.0,5.0,14.0,11.0,2.0,0.0,2.0,0.0,2023,Barcelona,6
2022-10-16,Sun,LaLiga,Home,W,3.0,1.0,Almeria,,15.0,6.0,6.0,7.0,1.0,0.0,1.0,0.0,2023,Betis,6
2022-10-16,Sun,LaLiga,Home,L,1.0,2.0,Sociedad,,10.0,3.0,14.0,17.0,5.0,1.0,7.0,0.0,2023,Celta,6
2022-10-16,Sun,LaLiga,Home,W,1.0,0.0,Valladolid,,15.0,3.0,13.0,11.0,1.0,0.0,4.0,0.0,2023,Espanol,6
2022-10-16,Sun,LaLiga,Home,W,3.0,1.0,Barcelona,,8.0,4.0,11.0,14.0,2.0,0.0,2.0,0.0,2023,Real Madrid,6
2022-10-16,Sun,LaLiga,Away,W,2.0,1.0,Celta,,8.0,6.0,17.0,14.0,7.0,0.0,5.0,1.0,2023,Sociedad,6
2022-10-16,Sun,LaLiga,Away,L,0.0,1.0,Espanol,,14.0,2.0,11.0,13.0,4.0,0.0,1.0,0.0,2023,Valladolid,6
2022-10-17,Mon,LaLiga,Away,L,0.0,2.0,Villarreal,,14.0,3.0,23.0,14.0,6.0,0.0,2.0,0.0,2023,Osasuna,0
2022-10-17,Mon,LaLiga,Home,W,2.0,0.0,Osasuna,,12.0,9.0,14.0,23.0,2.0,0.0,6.0,0.0,2023,Villarreal,0
2022-10-18,Tue,LaLiga,Away,D,2.0,2.0,Getafe,,14.0,4.0,11.0,14.0,4.0,0.0,7.0,0.0,2023,Ath Bilbao,1
2022-10-18,Tue,LaLiga,Home,D,1.0,1.0,Vallecano,,12.0,4.0,11.0,11.0,3.0,0.0,0.0,0.0,2023,Ath Madrid,1
2022-10-18,Tue,LaLiga,Home,D,2.0,2.0,Ath Bilbao,,11.0,4.0,14.0,11.0,7.0,0.0,4.0,0.0,2023,Getafe,1
2022-10-18,Tue,LaLiga,Home,D,1.0,1.0,Valencia,,18.0,5.0,11.0,26.0,4.0,1.0,7.0,0.0,2023,Sevilla,1
2022-10-18,Tue,LaLiga,Away,D,1.0,1.0,Sevilla,,13.0,5.0,26.0,11.0,7.0,0.0,4.0,1.0,2023,Valencia,1
2022-10-18,Tue,LaLiga,Away,D,1.0,1.0,Ath Madrid,,14.0,4.0,11.0,11.0,0.0,0.0,3.0,0.0,2023,Vallecano,1
2022-10-19,Wed,LaLiga,Away,D,0.0,0.0,Cadiz,,12.0,3.0,7.0,15.0,2.0,1.0,1.0,0.0,2023,Betis,2
2022-10-19,Wed,LaLiga,Home,D,0.0,0.0,Betis,,13.0,3.0,15.0,7.0,1.0,0.0,2.0,1.0,2023,Cadiz,2
2022-10-19,Wed,LaLiga,Away,L,1.0,4.0,Valladolid,,22.0,5.0,11.0,12.0,1.0,0.0,1.0,0.0,2023,Celta,2
2022-10-19,Wed,LaLiga,Home,L,0.0,3.0,Real Madrid,,10.0,3.0,14.0,10.0,1.0,0.0,1.0,0.0,2023,Elche,2
2022-10-19,Wed,LaLiga,Away,L,0.0,1.0,Sociedad,,12.0,3.0,9.0,18.0,2.0,0.0,1.0,0.0,2023,Mallorca,2
2022-10-19,Wed,LaLiga,Away,W,3.0,0.0,Elche,,10.0,7.0,10.0,14.0,1.0,0.0,1.0,0.0,2023,Real Madrid,2
2022-10-19,Wed,LaLiga,Home,W,1.0,0.0,Mallorca,,14.0,7.0,18.0,9.0,1.0,0.0,2.0,0.0,2023,Sociedad,2
2022-10-19,Wed,LaLiga,Home,W,4.0,1.0,Celta,,9.0,7.0,12.0,11.0,1.0,0.0,1.0,0.0,2023,Valladolid,2
2022-10-20,Thu,LaLiga,Home,W,3.0,2.0,Girona,,13.0,7.0,14.0,14.0,1.0,0.0,3.0,0.0,2023,Almeria,3
2022-10-20,Thu,LaLiga,Home,W,3.0,0.0,Villarreal,,16.0,5.0,18.0,11.0,0.0,0.0,1.0,0.0,2023,Barcelona,3
2022-10-20,Thu,LaLiga,Away,L,0.0,1.0,Osasuna,,5.0,3.0,15.0,17.0,2.0,0.0,1.0,0.0,2023,Espanol,3
2022-10-20,Thu,LaLiga,Away,L,2.0,3.0,Almeria,,14.0,5.0,14.0,14.0,3.0,0.0,1.0,0.0,2023,Girona,3
2022-10-20,Thu,LaLiga,Home,W,1.0,0.0,Espanol,,17.0,5.0,17.0,15.0,1.0,0.0,2.0,0.0,2023,Osasuna,3
2022-10-20,Thu,LaLiga,Away,L,0.0,3.0,Barcelona,,5.0,1.0,11.0,18.0,1.0,0.0,0.0,0.0,2023,Villarreal,3
2022-10-22,Sat,LaLiga,Away,L,1.0,5.0,Vallecano,,3.0,0.0,12.0,13.0,4.0,2.0,1.0,1.0,2023,Cadiz,5
2022-10-22,Sat,LaLiga,Away,W,2.0,1.0,Valencia,,10.0,5.0,19.0,14.0,5.0,0.0,3.0,0.0,2023,Mallorca,5
2022-10-22,Sat,LaLiga,Home,W,3.0,1.0,Sevilla,,18.0,6.0,9.0,12.0,1.0,0.0,4.0,0.0,2023,Real Madrid,5
2022-10-22,Sat,LaLiga,Away,L,1.0,3.0,Real Madrid,,9.0,2.0,12.0,9.0,4.0,0.0,1.0,0.0,2023,Sevilla,5
2022-10-22,Sat,LaLiga,Away,L,0.0,1.0,Valladolid,,20.0,2.0,14.0,19.0,3.0,0.0,2.0,0.0,2023,Sociedad,5
2022-10-22,Sat,LaLiga,Home,L,1.0,2.0,Mallorca,,13.0,3.0,14.0,19.0,3.0,0.0,5.0,0.0,2023,Valencia,5
2022-10-22,Sat,LaLiga,Home,W,1.0,0.0,Sociedad,,9.0,2.0,19.0,14.0,2.0,0.0,3.0,0.0,2023,Valladolid,5
2022-10-22,Sat,LaLiga,Home,W,5.0,1.0,Cadiz,,28.0,11.0,13.0,12.0,1.0,1.0,4.0,2.0,2023,Vallecano,5
2022-10-23,Sun,LaLiga,Away,L,1.0,2.0,Villarreal,,15.0,4.0,8.0,7.0,1.0,0.0,4.0,1.0,2023,Almeria,6
2022-10-23,Sun,LaLiga,Away,L,0.0,4.0,Barcelona,,5.0,3.0,13.0,7.0,2.0,0.0,2.0,0.0,2023,Ath Bilbao,6
2022-10-23,Sun,LaLiga,Away,W,2.0,1.0,Betis,,9.0,3.0,17.0,10.0,3.0,0.0,2.0,0.0,2023,Ath Madrid,6
2022-10-23,Sun,LaLiga,Home,W,4.0,0.0,Ath Bilbao,,10.0,7.0,7.0,13.0,2.0,0.0,2.0,0.0,2023,Barcelona,6
2022-10-23,Sun,LaLiga,Home,L,1.0,2.0,Ath Madrid,,17.0,4.0,10.0,17.0,2.0,0.0,3.0,0.0,2023,Betis,6
2022-10-23,Sun,LaLiga,Away,D,2.0,2.0,Espanol,,9.0,4.0,10.0,13.0,3.0,0.0,2.0,0.0,2023,Elche,6
2022-10-23,Sun,LaLiga,Home,D,2.0,2.0,Elche,,13.0,5.0,13.0,10.0,2.0,0.0,3.0,0.0,2023,Espanol,6
2022-10-23,Sun,LaLiga,Home,D,1.0,1.0,Osasuna,,7.0,1.0,11.0,11.0,2.0,0.0,3.0,0.0,2023,Girona,6
2022-10-23,Sun,LaLiga,Away,D,1.0,1.0,Girona,,9.0,2.0,11.0,11.0,3.0,0.0,2.0,0.0,2023,Osasuna,6
2022-10-23,Sun,LaLiga,Home,W,2.0,1.0,Almeria,,11.0,5.0,7.0,8.0,4.0,1.0,1.0,0.0,2023,Villarreal,6
2022-10-24,Mon,LaLiga,Home,D,1.0,1.0,Getafe,,17.0,5.0,10.0,13.0,1.0,0.0,1.0,0.0,2023,Celta,0
2022-10-24,Mon,LaLiga,Away,D,1.0,1.0,Celta,,4.0,1.0,13.0,10.0,1.0,0.0,1.0,0.0,2023,Getafe,0
2022-10-28,Fri,LaLiga,Away,D,1.0,1.0,Mallorca,,7.0,2.0,9.0,15.0,1.0,0.0,4.0,0.0,2023,Espanol,4
2022-10-28,Fri,LaLiga,Home,D,1.0,1.0,Espanol,,12.0,5.0,15.0,9.0,4.0,0.0,1.0,0.0,2023,Mallorca,4
2022-10-29,Sat,LaLiga,Home,W,3.0,1.0,Celta,,19.0,5.0,10.0,7.0,4.0,0.0,0.0,1.0,2023,Almeria,5
2022-10-29,Sat,LaLiga,Away,L,2.0,3.0,Cadiz,,15.0,7.0,12.0,15.0,4.0,0.0,2.0,0.0,2023,Ath Madrid,5
2022-10-29,Sat,LaLiga,Away,W,1.0,0.0,Valencia,,13.0,2.0,7.0,13.0,5.0,0.0,4.0,0.0,2023,Barcelona,5
2022-10-29,Sat,LaLiga,Home,W,3.0,2.0,Ath Madrid,,10.0,7.0,15.0,12.0,2.0,0.0,4.0,0.0,2023,Cadiz,5
2022-10-29,Sat,LaLiga,Away,L,1.0,3.0,Almeria,,8.0,3.0,7.0,10.0,0.0,1.0,4.0,0.0,2023,Celta,5
2022-10-29,Sat,LaLiga,Home,L,0.0,1.0,Vallecano,,10.0,4.0,9.0,20.0,6.0,0.0,1.0,0.0,2023,Sevilla,5
2022-10-29,Sat,LaLiga,Home,L,0.0,1.0,Barcelona,,3.0,2.0,13.0,7.0,4.0,0.0,5.0,0.0,2023,Valencia,5
2022-10-29,Sat,LaLiga,Away,W,1.0,0.0,Sevilla,,15.0,5.0,20.0,9.0,1.0,0.0,6.0,0.0,2023,Vallecano,5
2022-10-30,Sun,LaLiga,Home,W,1.0,0.0,Villarreal,,19.0,7.0,12.0,10.0,2.0,0.0,1.0,0.0,2023,Ath Bilbao,6
2022-10-30,Sun,LaLiga,Away,W,2.0,0.0,Sociedad,,10.0,4.0,16.0,22.0,4.0,0.0,4.0,0.0,2023,Betis,6
2022-10-30,Sun,LaLiga,Away,D,1.0,1.0,Real Madrid,,8.0,2.0,8.0,16.0,3.0,0.0,3.0,1.0,2023,Girona,6
2022-10-30,Sun,LaLiga,Home,W,2.0,0.0,Valladolid,,20.0,10.0,14.0,16.0,1.0,0.0,3.0,0.0,2023,Osasuna,6
2022-10-30,Sun,LaLiga,Home,D,1.0,1.0,Girona,,19.0,6.0,16.0,8.0,3.0,1.0,3.0,0.0,2023,Real Madrid,6
2022-10-30,Sun,LaLiga,Home,L,0.0,2.0,Betis,,14.0,7.0,22.0,16.0,4.0,0.0,4.0,0.0,2023,Sociedad,6
2022-10-30,Sun,LaLiga,Away,L,0.0,2.0,Osasuna,,7.0,2.0,16.0,14.0,3.0,0.0,1.0,0.0,2023,Valladolid,6
2022-10-30,Sun,LaLiga,Away,L,0.0,1.0,Ath Bilbao,,6.0,3.0,10.0,12.0,1.0,0.0,2.0,0.0,2023,Villarreal,6
2022-10-31,Mon,LaLiga,Home,L,0.0,1.0,Getafe,,12.0,5.0,12.0,11.0,0.0,0.0,3.0,1.0,2023,Elche,0
2022-10-31,Mon,LaLiga,Away,W,1.0,0.0,Elche,,8.0,3.0,11.0,12.0,3.0,1.0,0.0,0.0,2023,Getafe,0
2022-11-04,Fri,LaLiga,Away,L,1.0,2.0,Girona,,11.0,7.0,11.0,11.0,1.0,0.0,1.0,0.0,2023,Ath Bilbao,4
2022-11-04,Fri,LaLiga,Home,W,2.0,1.0,Ath Bilbao,,19.0,10.0,11.0,11.0,1.0,0.0,1.0,0.0,2023,Girona,4
2022-11-05,Sat,LaLiga,Away,L,0.0,2.0,Barcelona,,4.0,1.0,13.0,14.0,1.0,0.0,2.0,0.0,2023,Almeria,5
2022-11-05,Sat,LaLiga,Home,W,2.0,0.0,Almeria,,27.0,13.0,14.0,13.0,2.0,0.0,1.0,0.0,2023,Barcelona,5
2022-11-05,Sat,LaLiga,Away,D,0.0,0.0,Getafe,,15.0,4.0,16.0,15.0,2.0,1.0,5.0,2.0,2023,Cadiz,5
2022-11-05,Sat,LaLiga,Home,L,1.0,2.0,Osasuna,,13.0,5.0,12.0,20.0,1.0,0.0,5.0,0.0,2023,Celta,5
2022-11-05,Sat,LaLiga,Away,L,1.0,2.0,Valladolid,,4.0,2.0,10.0,9.0,0.0,0.0,2.0,0.0,2023,Elche,5
2022-11-05,Sat,LaLiga,Home,D,0.0,0.0,Cadiz,,13.0,2.0,15.0,16.0,5.0,2.0,2.0,1.0,2023,Getafe,5
2022-11-05,Sat,LaLiga,Away,W,2.0,1.0,Celta,,8.0,4.0,20.0,12.0,5.0,0.0,1.0,0.0,2023,Osasuna,5
2022-11-05,Sat,LaLiga,Home,W,2.0,1.0,Elche,,16.0,11.0,9.0,10.0,2.0,0.0,0.0,0.0,2023,Valladolid,5
2022-11-06,Sun,LaLiga,Home,D,1.0,1.0,Espanol,,27.0,7.0,13.0,10.0,3.0,0.0,5.0,1.0,2023,Ath Madrid,6
2022-11-06,Sun,LaLiga,Home,D,1.0,1.0,Sevilla,,9.0,4.0,6.0,20.0,4.0,2.0,5.0,1.0,2023,Betis,6
2022-11-06,Sun,LaLiga,Away,D,1.0,1.0,Ath Madrid,,6.0,2.0,10.0,13.0,5.0,1.0,3.0,0.0,2023,Espanol,6
2022-11-06,Sun,LaLiga,Away,W,2.0,0.0,Villarreal,,7.0,5.0,16.0,17.0,6.0,0.0,4.0,0.0,2023,Mallorca,6
2022-11-06,Sun,LaLiga,Away,D,1.0,1.0,Betis,,22.0,6.0,20.0,6.0,5.0,1.0,4.0,2.0,2023,Sevilla,6
2022-11-06,Sun,LaLiga,Home,D,1.0,1.0,Valencia,,9.0,4.0,11.0,12.0,2.0,1.0,0.0,0.0,2023,Sociedad,6
2022-11-06,Sun,LaLiga,Away,D,1.0,1.0,Sociedad,,14.0,3.0,12.0,11.0,0.0,0.0,2.0,1.0,2023,Valencia,6
2022-11-06,Sun,LaLiga,Home,L,0.0,2.0,Mallorca,,9.0,2.0,17.0,16.0,4.0,0.0,6.0,0.0,2023,Villarreal,6
2022-11-07,Mon,LaLiga,Away,L,2.0,3.0,Vallecano,,16.0,2.0,11.0,22.0,5.0,0.0,4.0,0.0,2023,Real Madrid,0
2022-11-07,Mon,LaLiga,Home,W,3.0,2.0,Real Madrid,,15.0,7.0,22.0,11.0,4.0,0.0,5.0,0.0,2023,Vallecano,0
2022-11-08,Tue,LaLiga,Home,W,3.0,0.0,Valladolid,,19.0,6.0,20.0,6.0,3.0,0.0,1.0,0.0,2023,Ath Bilbao,1
2022-11-08,Tue,LaLiga,Away,W,2.0,1.0,Osasuna,,9.0,3.0,6.0,15.0,4.0,2.0,4.0,0.0,2023,Barcelona,1
2022-11-08,Tue,LaLiga,Home,L,1.0,2.0,Girona,,11.0,2.0,16.0,9.0,3.0,0.0,2.0,0.0,2023,Elche,1
2022-11-08,Tue,LaLiga,Away,W,2.0,1.0,Elche,,21.0,3.0,9.0,16.0,2.0,0.0,3.0,0.0,2023,Girona,1
2022-11-08,Tue,LaLiga,Home,L,1.0,2.0,Barcelona,,15.0,3.0,15.0,6.0,4.0,0.0,4.0,2.0,2023,Osasuna,1
2022-11-08,Tue,LaLiga,Away,L,0.0,3.0,Ath Bilbao,,8.0,0.0,6.0,20.0,1.0,0.0,3.0,0.0,2023,Valladolid,1
2022-11-09,Wed,LaLiga,Home,W,1.0,0.0,Getafe,,8.0,3.0,17.0,8.0,8.0,1.0,4.0,0.0,2023,Almeria,2
2022-11-09,Wed,LaLiga,Away,L,0.0,1.0,Mallorca,,17.0,5.0,17.0,14.0,3.0,0.0,5.0,0.0,2023,Ath Madrid,2
2022-11-09,Wed,LaLiga,Home,L,0.0,1.0,Villarreal,,14.0,6.0,11.0,6.0,1.0,0.0,3.0,0.0,2023,Espanol,2
2022-11-09,Wed,LaLiga,Away,L,0.0,1.0,Almeria,,11.0,3.0,8.0,17.0,4.0,0.0,8.0,1.0,2023,Getafe,2
2022-11-09,Wed,LaLiga,Home,W,1.0,0.0,Ath Madrid,,9.0,3.0,14.0,17.0,5.0,0.0,3.0,0.0,2023,Mallorca,2
2022-11-09,Wed,LaLiga,Home,L,1.0,2.0,Sociedad,,6.0,3.0,9.0,12.0,2.0,2.0,2.0,0.0,2023,Sevilla,2
2022-11-09,Wed,LaLiga,Away,W,2.0,1.0,Sevilla,,17.0,9.0,12.0,9.0,2.0,0.0,2.0,2.0,2023,Sociedad,2
2022-11-09,Wed,LaLiga,Away,W,1.0,0.0,Espanol,,10.0,3.0,6.0,11.0,3.0,0.0,1.0,0.0,2023,Villarreal,2
2022-11-10,Thu,LaLiga,Away,L,0.0,3.0,Valencia,,5.0,1.0,9.0,12.0,3.0,1.0,1.0,0.0,2023,Betis,3
2022-11-10,Thu,LaLiga,Away,L,1.0,2.0,Real Madrid,,10.0,5.0,16.0,12.0,3.0,0.0,3.0,0.0,2023,Cadiz,3
2022-11-10,Thu,LaLiga,Away,D,0.0,0.0,Vallecano,,11.0,3.0,16.0,19.0,1.0,0.0,7.0,0.0,2023,Celta,3
2022-11-10,Thu,LaLiga,Home,W,2.0,1.0,Cadiz,,18.0,5.0,12.0,16.0,3.0,0.0,3.0,0.0,2023,Real Madrid,3
2022-11-10,Thu,LaLiga,Home,W,3.0,0.0,Betis,,15.0,7.0,12.0,9.0,1.0,0.0,3.0,1.0,2023,Valencia,3
2022-11-10,Thu,LaLiga,Home,D,0.0,0.0,Celta,,10.0,3.0,19.0,16.0,7.0,0.0,1.0,0.0,2023,Vallecano,3
2022-12-29,Thu,LaLiga,Away,D,0.0,0.0,Betis,,10.0,0.0,17.0,8.0,4.0,0.0,1.0,1.0,2023,Ath Bilbao,3
2022-12-29,Thu,LaLiga,Home,W,2.0,0.0,Elche,,18.0,4.0,14.0,20.0,3.0,1.0,4.0,2.0,2023,Ath Madrid,3
2022-12-29,Thu,LaLiga,Home,D,0.0,0.0,Ath Bilbao,,9.0,5.0,8.0,17.0,1.0,1.0,4.0,0.0,2023,Betis,3
2022-12-29,Thu,LaLiga,Away,L,0.0,2.0,Ath Madrid,,5.0,1.0,20.0,14.0,4.0,2.0,3.0,1.0,2023,Elche,3
2022-12-29,Thu,LaLiga,Home,D,2.0,2.0,Vallecano,,16.0,7.0,14.0,14.0,3.0,0.0,2.0,0.0,2023,Girona,3
2022-12-29,Thu,LaLiga,Away,D,2.0,2.0,Girona,,12.0,4.0,14.0,14.0,2.0,0.0,3.0,0.0,2023,Vallecano,3
2022-12-30,Fri,LaLiga,Away,D,1.0,1.0,Cadiz,,18.0,9.0,14.0,7.0,0.0,0.0,2.0,0.0,2023,Almeria,4
2022-12-30,Fri,LaLiga,Home,D,1.0,1.0,Almeria,,12.0,6.0,7.0,14.0,2.0,0.0,0.0,0.0,2023,Cadiz,4
2022-12-30,Fri,LaLiga,Home,D,1.0,1.0,Sevilla,,17.0,5.0,11.0,13.0,2.0,0.0,4.0,1.0,2023,Celta,4
2022-12-30,Fri,LaLiga,Home,W,2.0,0.0,Mallorca,,14.0,6.0,10.0,19.0,0.0,0.0,1.0,0.0,2023,Getafe,4
2022-12-30,Fri,LaLiga,Away,L,0.0,2.0,Getafe,,3.0,0.0,19.0,10.0,1.0,0.0,0.0,0.0,2023,Mallorca,4
2022-12-30,Fri,LaLiga,Away,W,2.0,0.0,Valladolid,,19.0,8.0,9.0,7.0,0.0,0.0,2.0,1.0,2023,Real Madrid,4
2022-12-30,Fri,LaLiga,Away,D,1.0,1.0,Celta,,7.0,5.0,13.0,11.0,4.0,1.0,2.0,0.0,2023,Sevilla,4
2022-12-30,Fri,LaLiga,Home,L,0.0,2.0,Real Madrid,,14.0,4.0,7.0,9.0,2.0,1.0,0.0,0.0,2023,Valladolid,4
2022-12-31,Sat,LaLiga,Home,D,1.0,1.0,Espanol,,21.0,6.0,11.0,15.0,6.0,1.0,7.0,1.0,2023,Barcelona,5
2022-12-31,Sat,LaLiga,Away,D,1.0,1.0,Barcelona,,4.0,1.0,15.0,11.0,7.0,1.0,6.0,1.0,2023,Espanol,5
2022-12-31,Sat,LaLiga,Away,L,0.0,2.0,Sociedad,,11.0,3.0,15.0,10.0,1.0,0.0,1.0,0.0,2023,Osasuna,5
2022-12-31,Sat,LaLiga,Home,W,2.0,0.0,Osasuna,,9.0,2.0,10.0,15.0,1.0,0.0,1.0,0.0,2023,Sociedad,5
2022-12-31,Sat,LaLiga,Away,L,1.0,2.0,Villarreal,,13.0,4.0,16.0,12.0,3.0,0.0,1.0,0.0,2023,Valencia,5
2022-12-31,Sat,LaLiga,Home,W,2.0,1.0,Valencia,,14.0,8.0,12.0,16.0,1.0,0.0,3.0,0.0,2023,Villarreal,5
2023-01-06,Fri,LaLiga,Away,W,1.0,0.0,Valencia,,6.0,2.0,21.0,14.0,6.0,0.0,5.0,0.0,2023,Cadiz,4
2023-01-06,Fri,LaLiga,Away,W,1.0,0.0,Elche,,14.0,7.0,15.0,15.0,1.0,0.0,3.0,1.0,2023,Celta,4
2023-01-06,Fri,LaLiga,Home,L,0.0,1.0,Celta,,13.0,5.0,15.0,15.0,3.0,1.0,1.0,0.0,2023,Elche,4
2023-01-06,Fri,LaLiga,Home,L,0.0,1.0,Cadiz,,11.0,2.0,14.0,21.0,5.0,0.0,6.0,0.0,2023,Valencia,4
2023-01-07,Sat,LaLiga,Home,D,2.0,2.0,Girona,,12.0,6.0,13.0,16.0,3.0,0.0,2.0,0.0,2023,Espanol,5
2023-01-07,Sat,LaLiga,Away,D,2.0,2.0,Espanol,,12.0,5.0,16.0,13.0,2.0,0.0,3.0,0.0,2023,Girona,5
2023-01-07,Sat,LaLiga,Home,W,1.0,0.0,Valladolid,,13.0,4.0,14.0,17.0,2.0,0.0,3.0,0.0,2023,Mallorca,5
2023-01-07,Sat,LaLiga,Away,L,1.0,2.0,Villarreal,,13.0,3.0,6.0,13.0,1.0,0.0,4.0,0.0,2023,Real Madrid,5
2023-01-07,Sat,LaLiga,Away,L,0.0,1.0,Mallorca,,9.0,1.0,17.0,14.0,3.0,0.0,2.0,0.0,2023,Valladolid,5
2023-01-07,Sat,LaLiga,Home,W,2.0,1.0,Real Madrid,,17.0,5.0,13.0,6.0,4.0,0.0,1.0,0.0,2023,Villarreal,5
2023-01-08,Sun,LaLiga,Home,L,0.0,2.0,Sociedad,,6.0,1.0,13.0,14.0,1.0,0.0,0.0,0.0,2023,Almeria,6
2023-01-08,Sun,LaLiga,Home,L,0.0,1.0,Barcelona,,20.0,5.0,8.0,16.0,2.0,1.0,3.0,1.0,2023,Ath Madrid,6
2023-01-08,Sun,LaLiga,Away,W,1.0,0.0,Ath Madrid,,10.0,2.0,16.0,8.0,3.0,1.0,2.0,1.0,2023,Barcelona,6
2023-01-08,Sun,LaLiga,Away,W,2.0,1.0,Vallecano,,14.0,3.0,16.0,10.0,2.0,0.0,3.0,0.0,2023,Betis,6
2023-01-08,Sun,LaLiga,Away,L,1.0,2.0,Sevilla,,11.0,2.0,16.0,13.0,3.0,0.0,3.0,0.0,2023,Getafe,6
2023-01-08,Sun,LaLiga,Home,W,2.0,1.0,Getafe,,11.0,5.0,13.0,16.0,3.0,0.0,3.0,0.0,2023,Sevilla,6
2023-01-08,Sun,LaLiga,Away,W,2.0,0.0,Almeria,,9.0,6.0,14.0,13.0,0.0,0.0,1.0,0.0,2023,Sociedad,6
2023-01-08,Sun,LaLiga,Home,L,1.0,2.0,Betis,,15.0,3.0,10.0,16.0,3.0,0.0,2.0,0.0,2023,Vallecano,6
2023-01-09,Mon,LaLiga,Home,D,0.0,0.0,Osasuna,,17.0,3.0,8.0,13.0,0.0,0.0,1.0,0.0,2023,Ath Bilbao,0
2023-01-09,Mon,LaLiga,Away,D,0.0,0.0,Ath Bilbao,,3.0,1.0,13.0,8.0,1.0,0.0,0.0,0.0,2023,Osasuna,0
2023-01-13,Fri,LaLiga,Home,D,1.0,1.0,Villarreal,,21.0,8.0,11.0,8.0,0.0,0.0,2.0,0.0,2023,Celta,4
2023-01-13,Fri,LaLiga,Away,D,1.0,1.0,Celta,,3.0,1.0,8.0,11.0,2.0,0.0,0.0,0.0,2023,Villarreal,4
2023-01-14,Sat,LaLiga,Away,L,1.0,3.0,Sociedad,,6.0,2.0,15.0,20.0,1.0,1.0,5.0,0.0,2023,Ath Bilbao,5
2023-01-14,Sat,LaLiga,Home,W,2.0,1.0,Sevilla,,19.0,7.0,11.0,7.0,3.0,0.0,1.0,0.0,2023,Girona,5
2023-01-14,Sat,LaLiga,Away,L,0.0,1.0,Osasuna,,6.0,2.0,19.0,15.0,3.0,0.0,2.0,0.0,2023,Mallorca,5
2023-01-14,Sat,LaLiga,Home,W,1.0,0.0,Mallorca,,15.0,4.0,15.0,19.0,2.0,0.0,3.0,0.0,2023,Osasuna,5
2023-01-14,Sat,LaLiga,Away,L,1.0,2.0,Girona,,10.0,2.0,7.0,11.0,1.0,0.0,3.0,0.0,2023,Sevilla,5
2023-01-14,Sat,LaLiga,Home,W,3.0,1.0,Ath Bilbao,,11.0,5.0,20.0,15.0,5.0,0.0,1.0,1.0,2023,Sociedad,5
2023-01-14,Sat,LaLiga,Home,L,0.0,1.0,Vallecano,,9.0,2.0,17.0,18.0,2.0,0.0,2.0,0.0,2023,Valladolid,5
2023-01-14,Sat,LaLiga,Away,W,1.0,0.0,Valladolid,,13.0,6.0,18.0,17.0,2.0,0.0,2.0,0.0,2023,Vallecano,5
2023-01-15,Sun,LaLiga,Home,D,1.0,1.0,Ath Madrid,,14.0,3.0,14.0,12.0,4.0,0.0,4.0,1.0,2023,Almeria,6
2023-01-15,Sun,LaLiga,Away,D,1.0,1.0,Almeria,,12.0,6.0,12.0,14.0,4.0,1.0,4.0,0.0,2023,Ath Madrid,6
2023-01-15,Sun,LaLiga,Away,W,2.0,1.0,Getafe,,10.0,4.0,13.0,20.0,3.0,0.0,2.0,0.0,2023,Espanol,6
2023-01-15,Sun,LaLiga,Home,L,1.0,2.0,Espanol,,10.0,2.0,20.0,13.0,2.0,0.0,3.0,0.0,2023,Getafe,6
2023-01-16,Mon,LaLiga,Home,D,1.0,1.0,Elche,,16.0,3.0,11.0,21.0,3.0,0.0,2.0,0.0,2023,Cadiz,0
2023-01-16,Mon,LaLiga,Away,D,1.0,1.0,Cadiz,,12.0,5.0,21.0,11.0,2.0,0.0,3.0,0.0,2023,Elche,0
2023-01-20,Fri,LaLiga,Away,L,0.0,1.0,Mallorca,,10.0,3.0,11.0,15.0,3.0,0.0,2.0,0.0,2023,Celta,4
2023-01-20,Fri,LaLiga,Home,W,1.0,0.0,Celta,,8.0,3.0,15.0,11.0,2.0,0.0,3.0,0.0,2023,Mallorca,4
2023-01-21,Sat,LaLiga,Home,W,3.0,0.0,Valladolid,,18.0,8.0,12.0,7.0,1.0,0.0,1.0,0.0,2023,Ath Madrid,5
2023-01-21,Sat,LaLiga,Away,L,0.0,1.0,Espanol,,13.0,4.0,8.0,18.0,2.0,0.0,3.0,0.0,2023,Betis,5
2023-01-21,Sat,LaLiga,Away,L,0.0,1.0,Sevilla,,4.0,1.0,14.0,15.0,4.0,1.0,1.0,0.0,2023,Cadiz,5
2023-01-21,Sat,LaLiga,Home,W,1.0,0.0,Betis,,8.0,2.0,18.0,8.0,3.0,0.0,2.0,0.0,2023,Espanol,5
2023-01-21,Sat,LaLiga,Home,W,1.0,0.0,Cadiz,,17.0,9.0,15.0,14.0,1.0,0.0,4.0,1.0,2023,Sevilla,5
2023-01-21,Sat,LaLiga,Away,W,2.0,0.0,Vallecano,,12.0,7.0,11.0,11.0,0.0,0.0,0.0,0.0,2023,Sociedad,5
2023-01-21,Sat,LaLiga,Away,L,0.0,3.0,Ath Madrid,,7.0,1.0,7.0,12.0,1.0,0.0,1.0,0.0,2023,Valladolid,5
2023-01-21,Sat,LaLiga,Home,L,0.0,2.0,Sociedad,,14.0,2.0,11.0,11.0,0.0,0.0,0.0,0.0,2023,Vallecano,5
2023-01-22,Sun,LaLiga,Home,L,0.0,2.0,Real Madrid,,18.0,3.0,17.0,10.0,3.0,0.0,2.0,0.0,2023,Ath Bilbao,6
2023-01-22,Sun,LaLiga,Home,W,1.0,0.0,Getafe,,8.0,4.0,11.0,6.0,1.0,0.0,2.0,0.0,2023,Barcelona,6
2023-01-22,Sun,LaLiga,Home,D,1.0,1.0,Osasuna,,13.0,4.0,19.0,9.0,2.0,0.0,1.0,0.0,2023,Elche,6
2023-01-22,Sun,LaLiga,Away,L,0.0,1.0,Barcelona,,7.0,3.0,6.0,11.0,2.0,0.0,1.0,0.0,2023,Getafe,6
2023-01-22,Sun,LaLiga,Away,L,0.0,1.0,Villarreal,,8.0,1.0,15.0,21.0,5.0,1.0,5.0,0.0,2023,Girona,6
2023-01-22,Sun,LaLiga,Away,D,1.0,1.0,Elche,,8.0,4.0,9.0,19.0,1.0,0.0,2.0,0.0,2023,Osasuna,6
2023-01-22,Sun,LaLiga,Away,W,2.0,0.0,Ath Bilbao,,10.0,4.0,10.0,17.0,2.0,0.0,3.0,0.0,2023,Real Madrid,6
2023-01-22,Sun,LaLiga,Home,W,1.0,0.0,Girona,,19.0,9.0,21.0,15.0,5.0,0.0,5.0,1.0,2023,Villarreal,6
2023-01-23,Mon,LaLiga,Away,D,2.0,2.0,Valencia,,14.0,3.0,8.0,8.0,1.0,0.0,2.0,0.0,2023,Almeria,0
2023-01-23,Mon,LaLiga,Home,D,2.0,2.0,Almeria,,16.0,6.0,8.0,8.0,2.0,0.0,1.0,0.0,2023,Valencia,0
2023-01-27,Fri,LaLiga,Home,W,3.0,1.0,Espanol,,19.0,7.0,16.0,6.0,3.0,0.0,3.0,0.0,2023,Almeria,4
2023-01-27,Fri,LaLiga,Away,L,1.0,3.0,Almeria,,6.0,3.0,6.0,16.0,3.0,0.0,3.0,0.0,2023,Espanol,4
2023-01-28,Sat,LaLiga,Away,W,1.0,0.0,Girona,,8.0,3.0,15.0,10.0,3.0,0.0,2.0,1.0,2023,Barcelona,5
2023-01-28,Sat,LaLiga,Away,W,1.0,0.0,Getafe,,13.0,2.0,12.0,25.0,2.0,0.0,4.0,0.0,2023,Betis,5
2023-01-28,Sat,LaLiga,Home,W,2.0,0.0,Mallorca,,11.0,4.0,13.0,12.0,2.0,0.0,2.0,0.0,2023,Cadiz,5
2023-01-28,Sat,LaLiga,Away,L,0.0,3.0,Sevilla,,6.0,1.0,8.0,7.0,3.0,1.0,1.0,0.0,2023,Elche,5
2023-01-28,Sat,LaLiga,Home,L,0.0,1.0,Betis,,6.0,1.0,25.0,12.0,4.0,0.0,2.0,0.0,2023,Getafe,5
2023-01-28,Sat,LaLiga,Home,L,0.0,1.0,Barcelona,,8.0,2.0,10.0,15.0,2.0,1.0,3.0,0.0,2023,Girona,5
2023-01-28,Sat,LaLiga,Away,L,0.0,2.0,Cadiz,,9.0,2.0,12.0,13.0,2.0,0.0,2.0,0.0,2023,Mallorca,5
2023-01-28,Sat,LaLiga,Home,W,3.0,0.0,Elche,,22.0,8.0,7.0,8.0,1.0,0.0,3.0,1.0,2023,Sevilla,5
2023-01-29,Sun,LaLiga,Away,L,0.0,1.0,Celta,,5.0,0.0,19.0,17.0,2.0,0.0,3.0,0.0,2023,Ath Bilbao,6
2023-01-29,Sun,LaLiga,Away,W,1.0,0.0,Osasuna,,13.0,5.0,7.0,13.0,0.0,0.0,1.0,0.0,2023,Ath Madrid,6
2023-01-29,Sun,LaLiga,Home,W,1.0,0.0,Ath Bilbao,,9.0,3.0,17.0,19.0,3.0,0.0,2.0,0.0,2023,Celta,6
2023-01-29,Sun,LaLiga,Home,L,0.0,1.0,Ath Madrid,,14.0,4.0,13.0,7.0,1.0,0.0,0.0,0.0,2023,Osasuna,6
2023-01-29,Sun,LaLiga,Home,D,0.0,0.0,Sociedad,,20.0,7.0,8.0,19.0,1.0,0.0,4.0,0.0,2023,Real Madrid,6
2023-01-29,Sun,LaLiga,Away,D,0.0,0.0,Real Madrid,,8.0,3.0,19.0,8.0,4.0,0.0,1.0,0.0,2023,Sociedad,6
2023-01-29,Sun,LaLiga,Away,L,0.0,1.0,Valladolid,,15.0,2.0,15.0,14.0,1.0,0.0,3.0,0.0,2023,Valencia,6
2023-01-29,Sun,LaLiga,Home,W,1.0,0.0,Valencia,,13.0,6.0,14.0,15.0,3.0,0.0,1.0,0.0,2023,Valladolid,6
2023-01-30,Mon,LaLiga,Away,W,1.0,0.0,Villarreal,,11.0,3.0,18.0,11.0,3.0,0.0,2.0,0.0,2023,Vallecano,0
2023-01-30,Mon,LaLiga,Home,L,0.0,1.0,Vallecano,,12.0,3.0,11.0,18.0,2.0,0.0,3.0,0.0,2023,Villarreal,0
2023-02-01,Wed,LaLiga,Away,W,2.0,1.0,Betis,,13.0,3.0,9.0,17.0,0.0,0.0,3.0,1.0,2023,Barcelona,2
2023-02-01,Wed,LaLiga,Home,L,1.0,2.0,Barcelona,,5.0,1.0,17.0,9.0,3.0,1.0,0.0,0.0,2023,Betis,2
2023-02-02,Thu,LaLiga,Home,W,2.0,0.0,Valencia,,19.0,7.0,12.0,17.0,3.0,0.0,1.0,1.0,2023,Real Madrid,3
2023-02-02,Thu,LaLiga,Away,L,0.0,2.0,Real Madrid,,4.0,0.0,17.0,12.0,1.0,1.0,3.0,0.0,2023,Valencia,3
2023-02-03,Fri,LaLiga,Home,W,4.0,1.0,Cadiz,,17.0,9.0,14.0,12.0,2.0,1.0,1.0,0.0,2023,Ath Bilbao,4
2023-02-03,Fri,LaLiga,Away,L,1.0,4.0,Ath Bilbao,,15.0,3.0,12.0,14.0,1.0,0.0,2.0,1.0,2023,Cadiz,4
2023-02-04,Sat,LaLiga,Home,D,1.0,1.0,Getafe,,12.0,4.0,11.0,18.0,3.0,0.0,5.0,0.0,2023,Ath Madrid,5
2023-02-04,Sat,LaLiga,Home,L,3.0,4.0,Celta,,15.0,7.0,11.0,13.0,2.0,1.0,3.0,0.0,2023,Betis,5
2023-02-04,Sat,LaLiga,Away,W,4.0,3.0,Betis,,9.0,7.0,13.0,11.0,3.0,0.0,2.0,1.0,2023,Celta,5
2023-02-04,Sat,LaLiga,Home,W,3.0,1.0,Villarreal,,18.0,7.0,19.0,8.0,4.0,0.0,2.0,0.0,2023,Elche,5
2023-02-04,Sat,LaLiga,Home,D,1.0,1.0,Osasuna,,9.0,4.0,9.0,17.0,3.0,1.0,5.0,1.0,2023,Espanol,5
2023-02-04,Sat,LaLiga,Away,D,1.0,1.0,Ath Madrid,,9.0,1.0,18.0,11.0,5.0,0.0,3.0,0.0,2023,Getafe,5
2023-02-04,Sat,LaLiga,Away,D,1.0,1.0,Espanol,,9.0,3.0,17.0,9.0,5.0,1.0,3.0,1.0,2023,Osasuna,5
2023-02-04,Sat,LaLiga,Away,L,1.0,3.0,Elche,,14.0,2.0,8.0,19.0,2.0,0.0,4.0,0.0,2023,Villarreal,5
2023-02-05,Sun,LaLiga,Home,W,3.0,0.0,Sevilla,,16.0,7.0,8.0,10.0,0.0,0.0,2.0,0.0,2023,Barcelona,6
2023-02-05,Sun,LaLiga,Home,W,1.0,0.0,Valencia,,20.0,8.0,11.0,10.0,1.0,0.0,4.0,0.0,2023,Girona,6
2023-02-05,Sun,LaLiga,Home,W,1.0,0.0,Real Madrid,,4.0,1.0,29.0,14.0,5.0,0.0,5.0,0.0,2023,Mallorca,6
2023-02-05,Sun,LaLiga,Away,L,0.0,1.0,Mallorca,,20.0,1.0,14.0,29.0,5.0,0.0,5.0,0.0,2023,Real Madrid,6
2023-02-05,Sun,LaLiga,Away,L,0.0,3.0,Barcelona,,3.0,1.0,10.0,8.0,2.0,0.0,0.0,0.0,2023,Sevilla,6
2023-02-05,Sun,LaLiga,Home,L,0.0,1.0,Valladolid,,15.0,4.0,17.0,14.0,4.0,0.0,5.0,0.0,2023,Sociedad,6
2023-02-05,Sun,LaLiga,Away,L,0.0,1.0,Girona,,8.0,4.0,10.0,11.0,4.0,0.0,1.0,0.0,2023,Valencia,6
2023-02-05,Sun,LaLiga,Away,W,1.0,0.0,Sociedad,,7.0,2.0,14.0,17.0,5.0,0.0,4.0,0.0,2023,Valladolid,6
2023-02-06,Mon,LaLiga,Away,L,0.0,2.0,Vallecano,,14.0,5.0,9.0,16.0,3.0,0.0,3.0,0.0,2023,Almeria,0
2023-02-06,Mon,LaLiga,Home,W,2.0,0.0,Almeria,,15.0,11.0,16.0,9.0,3.0,0.0,3.0,0.0,2023,Vallecano,0
2023-02-10,Fri,LaLiga,Home,W,2.0,0.0,Girona,,12.0,3.0,17.0,11.0,4.0,0.0,4.0,0.0,2023,Cadiz,4
2023-02-10,Fri,LaLiga,Away,L,0.0,2.0,Cadiz,,7.0,1.0,11.0,17.0,4.0,0.0,4.0,0.0,2023,Girona,4
2023-02-11,Sat,LaLiga,Home,L,2.0,3.0,Betis,,16.0,9.0,12.0,10.0,2.0,0.0,3.0,0.0,2023,Almeria,5
2023-02-11,Sat,LaLiga,Away,W,2.0,1.0,Valencia,,11.0,3.0,17.0,11.0,2.0,0.0,2.0,0.0,2023,Ath Bilbao,5
2023-02-11,Sat,LaLiga,Away,W,3.0,2.0,Almeria,,12.0,7.0,10.0,12.0,3.0,0.0,2.0,0.0,2023,Betis,5
2023-02-11,Sat,LaLiga,Away,L,0.0,2.0,Sevilla,,6.0,0.0,14.0,9.0,2.0,0.0,5.0,0.0,2023,Mallorca,5
2023-02-11,Sat,LaLiga,Home,W,2.0,0.0,Mallorca,,15.0,6.0,9.0,14.0,5.0,0.0,2.0,0.0,2023,Sevilla,5
2023-02-11,Sat,LaLiga,Home,L,1.0,2.0,Ath Bilbao,,18.0,8.0,11.0,17.0,2.0,0.0,2.0,0.0,2023,Valencia,5
2023-02-12,Sun,LaLiga,Away,W,1.0,0.0,Celta,,10.0,2.0,13.0,10.0,2.0,1.0,2.0,0.0,2023,Ath Madrid,6
2023-02-12,Sun,LaLiga,Away,W,1.0,0.0,Villarreal,,7.0,4.0,18.0,22.0,4.0,0.0,4.0,0.0,2023,Barcelona,6
2023-02-12,Sun,LaLiga,Home,L,0.0,1.0,Ath Madrid,,14.0,3.0,10.0,13.0,2.0,0.0,2.0,1.0,2023,Celta,6
2023-02-12,Sun,LaLiga,Home,D,1.0,1.0,Vallecano,,13.0,4.0,21.0,19.0,4.0,1.0,4.0,0.0,2023,Getafe,6
2023-02-12,Sun,LaLiga,Away,D,0.0,0.0,Valladolid,,15.0,4.0,16.0,13.0,3.0,0.0,1.0,0.0,2023,Osasuna,6
2023-02-12,Sun,LaLiga,Home,D,0.0,0.0,Osasuna,,18.0,5.0,13.0,16.0,1.0,0.0,3.0,0.0,2023,Valladolid,6
2023-02-12,Sun,LaLiga,Away,D,1.0,1.0,Getafe,,19.0,4.0,19.0,21.0,4.0,0.0,4.0,1.0,2023,Vallecano,6
2023-02-12,Sun,LaLiga,Home,L,0.0,1.0,Barcelona,,11.0,2.0,22.0,18.0,4.0,0.0,4.0,0.0,2023,Villarreal,6
2023-02-13,Mon,LaLiga,Home,L,2.0,3.0,Sociedad,,10.0,6.0,9.0,17.0,4.0,1.0,1.0,0.0,2023,Espanol,0
2023-02-13,Mon,LaLiga,Away,W,3.0,2.0,Espanol,,11.0,5.0,17.0,9.0,1.0,0.0,4.0,1.0,2023,Sociedad,0
2023-02-15,Wed,LaLiga,Away,L,0.0,4.0,Real Madrid,,7.0,0.0,13.0,5.0,3.0,0.0,1.0,0.0,2023,Elche,2
2023-02-15,Wed,LaLiga,Home,W,4.0,0.0,Elche,,26.0,13.0,5.0,13.0,1.0,0.0,3.0,0.0,2023,Real Madrid,2
2023-02-17,Fri,LaLiga,Away,L,2.0,6.0,Girona,,16.0,4.0,8.0,10.0,1.0,0.0,1.0,0.0,2023,Almeria,4
2023-02-17,Fri,LaLiga,Home,W,6.0,2.0,Almeria,,14.0,8.0,10.0,8.0,1.0,0.0,1.0,0.0,2023,Girona,4
2023-02-18,Sat,LaLiga,Home,W,2.0,1.0,Valladolid,,16.0,10.0,18.0,15.0,3.0,0.0,5.0,0.0,2023,Betis,5
2023-02-18,Sat,LaLiga,Away,D,1.0,1.0,Sociedad,,18.0,4.0,12.0,14.0,5.0,1.0,3.0,0.0,2023,Celta,5
2023-02-18,Sat,LaLiga,Home,W,4.0,2.0,Villarreal,,13.0,5.0,19.0,8.0,5.0,0.0,0.0,1.0,2023,Mallorca,5
2023-02-18,Sat,LaLiga,Home,L,0.0,2.0,Real Madrid,,11.0,4.0,17.0,7.0,3.0,0.0,2.0,0.0,2023,Osasuna,5
2023-02-18,Sat,LaLiga,Away,W,2.0,0.0,Osasuna,,11.0,6.0,7.0,17.0,2.0,0.0,3.0,0.0,2023,Real Madrid,5
2023-02-18,Sat,LaLiga,Home,D,1.0,1.0,Celta,,9.0,3.0,14.0,12.0,3.0,0.0,5.0,1.0,2023,Sociedad,5
2023-02-18,Sat,LaLiga,Away,L,1.0,2.0,Betis,,17.0,3.0,15.0,18.0,5.0,0.0,3.0,0.0,2023,Valladolid,5
2023-02-18,Sat,LaLiga,Away,L,2.0,4.0,Mallorca,,8.0,4.0,8.0,19.0,0.0,1.0,5.0,0.0,2023,Villarreal,5
2023-02-19,Sun,LaLiga,Away,L,0.0,1.0,Ath Madrid,,8.0,2.0,13.0,7.0,3.0,0.0,2.0,0.0,2023,Ath Bilbao,6
2023-02-19,Sun,LaLiga,Home,W,1.0,0.0,Ath Bilbao,,17.0,5.0,7.0,13.0,2.0,0.0,3.0,0.0,2023,Ath Madrid,6
2023-02-19,Sun,LaLiga,Home,W,2.0,0.0,Cadiz,,16.0,5.0,15.0,18.0,2.0,0.0,3.0,0.0,2023,Barcelona,6
2023-02-19,Sun,LaLiga,Away,L,0.0,2.0,Barcelona,,14.0,4.0,18.0,15.0,3.0,0.0,2.0,0.0,2023,Cadiz,6
2023-02-19,Sun,LaLiga,Home,L,0.0,1.0,Espanol,,19.0,5.0,11.0,12.0,2.0,1.0,3.0,0.0,2023,Elche,6
2023-02-19,Sun,LaLiga,Away,W,1.0,0.0,Elche,,11.0,4.0,12.0,11.0,3.0,0.0,2.0,1.0,2023,Espanol,6
2023-02-19,Sun,LaLiga,Away,D,1.0,1.0,Vallecano,,7.0,2.0,6.0,15.0,1.0,0.0,4.0,0.0,2023,Sevilla,6
2023-02-19,Sun,LaLiga,Home,D,1.0,1.0,Sevilla,,18.0,5.0,15.0,6.0,4.0,0.0,1.0,0.0,2023,Vallecano,6
2023-02-20,Mon,LaLiga,Home,W,1.0,0.0,Valencia,,15.0,6.0,11.0,8.0,6.0,0.0,1.0,0.0,2023,Getafe,0
2023-02-20,Mon,LaLiga,Away,L,0.0,1.0,Getafe,,8.0,3.0,8.0,11.0,1.0,0.0,6.0,0.0,2023,Valencia,0
2023-02-24,Fri,LaLiga,Away,W,3.0,2.0,Elche,,21.0,9.0,9.0,16.0,1.0,0.0,4.0,2.0,2023,Betis,4
2023-02-24,Fri,LaLiga,Home,L,2.0,3.0,Betis,,4.0,2.0,16.0,9.0,4.0,2.0,1.0,0.0,2023,Elche,4
2023-02-25,Sat,LaLiga,Away,D,1.0,1.0,Real Madrid,,7.0,2.0,8.0,10.0,3.0,1.0,3.0,0.0,2023,Ath Madrid,5
2023-02-25,Sat,LaLiga,Home,W,1.0,0.0,Vallecano,,5.0,3.0,19.0,19.0,3.0,0.0,4.0,1.0,2023,Cadiz,5
2023-02-25,Sat,LaLiga,Home,W,2.0,1.0,Mallorca,,9.0,3.0,15.0,18.0,2.0,0.0,2.0,0.0,2023,Espanol,5
2023-02-25,Sat,LaLiga,Away,L,1.0,2.0,Espanol,,15.0,4.0,18.0,15.0,2.0,0.0,2.0,0.0,2023,Mallorca,5
2023-02-25,Sat,LaLiga,Home,D,1.0,1.0,Ath Madrid,,18.0,7.0,10.0,8.0,3.0,0.0,3.0,1.0,2023,Real Madrid,5
2023-02-25,Sat,LaLiga,Away,L,0.0,1.0,Valencia,,11.0,3.0,12.0,13.0,3.0,0.0,6.0,0.0,2023,Sociedad,5
2023-02-25,Sat,LaLiga,Home,W,1.0,0.0,Sociedad,,8.0,3.0,13.0,12.0,6.0,0.0,3.0,0.0,2023,Valencia,5
2023-02-25,Sat,LaLiga,Away,L,0.0,1.0,Cadiz,,11.0,2.0,19.0,19.0,4.0,1.0,3.0,0.0,2023,Vallecano,5
2023-02-26,Sun,LaLiga,Home,W,1.0,0.0,Barcelona,,7.0,4.0,13.0,11.0,3.0,0.0,3.0,0.0,2023,Almeria,6
2023-02-26,Sun,LaLiga,Home,L,2.0,3.0,Girona,,17.0,3.0,17.0,8.0,5.0,0.0,5.0,0.0,2023,Ath Bilbao,6
2023-02-26,Sun,LaLiga,Away,L,0.0,1.0,Almeria,,14.0,1.0,11.0,13.0,3.0,0.0,3.0,0.0,2023,Barcelona,6
2023-02-26,Sun,LaLiga,Home,W,3.0,0.0,Valladolid,,18.0,4.0,6.0,5.0,1.0,0.0,3.0,1.0,2023,Celta,6
2023-02-26,Sun,LaLiga,Away,W,3.0,2.0,Ath Bilbao,,8.0,4.0,8.0,17.0,5.0,0.0,5.0,0.0,2023,Girona,6
2023-02-26,Sun,LaLiga,Away,W,3.0,2.0,Sevilla,,11.0,4.0,15.0,10.0,2.0,0.0,4.0,1.0,2023,Osasuna,6
2023-02-26,Sun,LaLiga,Home,L,2.0,3.0,Osasuna,,22.0,8.0,10.0,15.0,4.0,1.0,2.0,0.0,2023,Sevilla,6
2023-02-26,Sun,LaLiga,Away,L,0.0,3.0,Celta,,6.0,3.0,5.0,6.0,3.0,1.0,1.0,0.0,2023,Valladolid,6
2023-02-27,Mon,LaLiga,Away,L,1.0,2.0,Villarreal,,8.0,3.0,13.0,9.0,1.0,0.0,0.0,0.0,2023,Getafe,0
2023-02-27,Mon,LaLiga,Home,W,2.0,1.0,Getafe,,11.0,5.0,9.0,13.0,0.0,0.0,1.0,0.0,2023,Villarreal,0
2023-03-03,Fri,LaLiga,Away,D,0.0,0.0,Sociedad,,6.0,2.0,18.0,18.0,1.0,0.0,0.0,0.0,2023,Cadiz,4
2023-03-03,Fri,LaLiga,Home,D,0.0,0.0,Cadiz,,15.0,3.0,18.0,18.0,0.0,0.0,1.0,0.0,2023,Sociedad,4
2023-03-04,Sat,LaLiga,Home,L,0.0,2.0,Villarreal,,6.0,0.0,11.0,10.0,2.0,0.0,4.0,0.0,2023,Almeria,5
2023-03-04,Sat,LaLiga,Home,W,6.0,1.0,Sevilla,,18.0,8.0,12.0,11.0,1.0,0.0,4.0,1.0,2023,Ath Madrid,5
2023-03-04,Sat,LaLiga,Away,W,1.0,0.0,Mallorca,,15.0,6.0,14.0,17.0,3.0,0.0,3.0,0.0,2023,Elche,5
2023-03-04,Sat,LaLiga,Home,W,3.0,2.0,Girona,,10.0,6.0,24.0,11.0,5.0,0.0,4.0,0.0,2023,Getafe,5
2023-03-04,Sat,LaLiga,Away,L,2.0,3.0,Getafe,,9.0,7.0,11.0,24.0,4.0,0.0,5.0,0.0,2023,Girona,5
2023-03-04,Sat,LaLiga,Home,L,0.0,1.0,Elche,,14.0,3.0,17.0,14.0,3.0,0.0,3.0,0.0,2023,Mallorca,5
2023-03-04,Sat,LaLiga,Away,L,1.0,6.0,Ath Madrid,,8.0,1.0,11.0,12.0,4.0,1.0,1.0,0.0,2023,Sevilla,5
2023-03-04,Sat,LaLiga,Away,W,2.0,0.0,Almeria,,16.0,6.0,10.0,11.0,4.0,0.0,2.0,0.0,2023,Villarreal,5
2023-03-05,Sun,LaLiga,Away,D,0.0,0.0,Vallecano,,16.0,3.0,17.0,9.0,0.0,1.0,1.0,0.0,2023,Ath Bilbao,6
2023-03-05,Sun,LaLiga,Home,W,1.0,0.0,Valencia,,13.0,4.0,11.0,13.0,0.0,1.0,0.0,0.0,2023,Barcelona,6
2023-03-05,Sun,LaLiga,Home,D,0.0,0.0,Real Madrid,,8.0,4.0,12.0,13.0,3.0,0.0,4.0,0.0,2023,Betis,6
2023-03-05,Sun,LaLiga,Away,L,1.0,2.0,Valladolid,,12.0,2.0,11.0,4.0,2.0,0.0,3.0,0.0,2023,Espanol,6
2023-03-05,Sun,LaLiga,Away,D,0.0,0.0,Betis,,15.0,5.0,13.0,12.0,4.0,0.0,3.0,0.0,2023,Real Madrid,6
2023-03-05,Sun,LaLiga,Away,L,0.0,1.0,Barcelona,,13.0,1.0,13.0,11.0,0.0,0.0,0.0,1.0,2023,Valencia,6
2023-03-05,Sun,LaLiga,Home,W,2.0,1.0,Espanol,,15.0,5.0,4.0,11.0,3.0,0.0,2.0,0.0,2023,Valladolid,6
2023-03-05,Sun,LaLiga,Home,D,0.0,0.0,Ath Bilbao,,18.0,2.0,9.0,17.0,1.0,0.0,0.0,1.0,2023,Vallecano,6
2023-03-06,Mon,LaLiga,Away,D,0.0,0.0,Osasuna,,6.0,0.0,12.0,12.0,2.0,0.0,0.0,0.0,2023,Celta,0
2023-03-06,Mon,LaLiga,Home,D,0.0,0.0,Celta,,10.0,5.0,12.0,12.0,0.0,0.0,2.0,0.0,2023,Osasuna,0
2023-03-10,Fri,LaLiga,Home,D,2.0,2.0,Getafe,,11.0,4.0,13.0,16.0,4.0,1.0,5.0,1.0,2023,Cadiz,4
2023-03-10,Fri,LaLiga,Away,D,2.0,2.0,Cadiz,,16.0,10.0,16.0,13.0,5.0,1.0,4.0,1.0,2023,Getafe,4
2023-03-11,Sat,LaLiga,Home,W,3.0,0.0,Vallecano,,15.0,6.0,13.0,12.0,2.0,0.0,3.0,0.0,2023,Celta,5
2023-03-11,Sat,LaLiga,Home,D,1.0,1.0,Valladolid,,24.0,10.0,19.0,11.0,4.0,0.0,6.0,2.0,2023,Elche,5
2023-03-11,Sat,LaLiga,Away,L,1.0,3.0,Real Madrid,,10.0,3.0,17.0,12.0,2.0,0.0,3.0,0.0,2023,Espanol,5
2023-03-11,Sat,LaLiga,Away,L,0.0,1.0,Valencia,,7.0,0.0,19.0,8.0,5.0,0.0,2.0,0.0,2023,Osasuna,5
2023-03-11,Sat,LaLiga,Home,W,3.0,1.0,Espanol,,22.0,7.0,12.0,17.0,3.0,0.0,2.0,0.0,2023,Real Madrid,5
2023-03-11,Sat,LaLiga,Home,W,1.0,0.0,Osasuna,,8.0,4.0,8.0,19.0,2.0,0.0,5.0,0.0,2023,Valencia,5
2023-03-11,Sat,LaLiga,Away,D,1.0,1.0,Elche,,5.0,1.0,11.0,19.0,6.0,2.0,4.0,0.0,2023,Valladolid,5
2023-03-11,Sat,LaLiga,Away,L,0.0,3.0,Celta,,12.0,3.0,12.0,13.0,3.0,0.0,2.0,0.0,2023,Vallecano,5
2023-03-12,Sun,LaLiga,Away,L,1.0,2.0,Sevilla,,13.0,5.0,11.0,8.0,4.0,0.0,4.0,0.0,2023,Almeria,6
2023-03-12,Sun,LaLiga,Home,L,0.0,1.0,Barcelona,,15.0,5.0,13.0,7.0,2.0,0.0,1.0,0.0,2023,Ath Bilbao,6
2023-03-12,Sun,LaLiga,Away,W,1.0,0.0,Ath Bilbao,,10.0,2.0,7.0,13.0,1.0,0.0,2.0,0.0,2023,Barcelona,6
2023-03-12,Sun,LaLiga,Away,D,1.0,1.0,Villarreal,,6.0,3.0,11.0,8.0,2.0,0.0,3.0,0.0,2023,Betis,6
2023-03-12,Sun,LaLiga,Home,D,1.0,1.0,Sociedad,,8.0,2.0,19.0,20.0,2.0,0.0,2.0,1.0,2023,Mallorca,6
2023-03-12,Sun,LaLiga,Home,W,2.0,1.0,Almeria,,27.0,5.0,8.0,11.0,4.0,0.0,4.0,0.0,2023,Sevilla,6
2023-03-12,Sun,LaLiga,Away,D,1.0,1.0,Mallorca,,8.0,2.0,20.0,19.0,2.0,1.0,2.0,0.0,2023,Sociedad,6
2023-03-12,Sun,LaLiga,Home,D,1.0,1.0,Betis,,15.0,4.0,8.0,11.0,3.0,0.0,2.0,0.0,2023,Villarreal,6
2023-03-13,Mon,LaLiga,Away,W,1.0,0.0,Girona,,14.0,4.0,12.0,6.0,3.0,0.0,2.0,0.0,2023,Ath Madrid,0
2023-03-13,Mon,LaLiga,Home,L,0.0,1.0,Ath Madrid,,6.0,4.0,6.0,12.0,2.0,0.0,3.0,0.0,2023,Girona,0
2023-03-17,Fri,LaLiga,Away,W,3.0,1.0,Valladolid,,15.0,6.0,14.0,9.0,2.0,0.0,2.0,0.0,2023,Ath Bilbao,4
2023-03-17,Fri,LaLiga,Home,L,1.0,3.0,Ath Bilbao,,15.0,3.0,9.0,14.0,2.0,0.0,2.0,0.0,2023,Valladolid,4
2023-03-18,Sat,LaLiga,Home,D,1.0,1.0,Cadiz,,17.0,5.0,12.0,12.0,1.0,0.0,4.0,0.0,2023,Almeria,5
2023-03-18,Sat,LaLiga,Home,W,3.0,0.0,Valencia,,14.0,6.0,12.0,9.0,2.0,0.0,0.0,0.0,2023,Ath Madrid,5
2023-03-18,Sat,LaLiga,Away,D,1.0,1.0,Almeria,,10.0,4.0,12.0,12.0,4.0,0.0,1.0,0.0,2023,Cadiz,5
2023-03-18,Sat,LaLiga,Away,W,3.0,1.0,Espanol,,8.0,4.0,12.0,11.0,2.0,0.0,2.0,0.0,2023,Celta,5
2023-03-18,Sat,LaLiga,Home,L,1.0,3.0,Celta,,11.0,3.0,11.0,12.0,2.0,0.0,2.0,0.0,2023,Espanol,5
2023-03-18,Sat,LaLiga,Away,D,2.0,2.0,Vallecano,,12.0,4.0,16.0,15.0,2.0,0.0,2.0,0.0,2023,Girona,5
2023-03-18,Sat,LaLiga,Away,L,0.0,3.0,Ath Madrid,,9.0,1.0,9.0,12.0,0.0,0.0,2.0,0.0,2023,Valencia,5
2023-03-18,Sat,LaLiga,Home,D,2.0,2.0,Girona,,15.0,3.0,15.0,16.0,2.0,0.0,2.0,0.0,2023,Vallecano,5
2023-03-19,Sun,LaLiga,Home,W,2.0,1.0,Real Madrid,,17.0,7.0,12.0,13.0,4.0,0.0,3.0,0.0,2023,Barcelona,6
2023-03-19,Sun,LaLiga,Home,W,1.0,0.0,Mallorca,,10.0,3.0,8.0,15.0,1.0,0.0,2.0,0.0,2023,Betis,6
2023-03-19,Sun,LaLiga,Away,L,0.0,2.0,Sociedad,,4.0,3.0,16.0,16.0,1.0,0.0,2.0,0.0,2023,Elche,6
2023-03-19,Sun,LaLiga,Home,W,2.0,0.0,Sevilla,,15.0,4.0,22.0,10.0,4.0,0.0,2.0,0.0,2023,Getafe,6
2023-03-19,Sun,LaLiga,Away,L,0.0,1.0,Betis,,5.0,1.0,15.0,8.0,2.0,0.0,1.0,0.0,2023,Mallorca,6
2023-03-19,Sun,LaLiga,Home,L,0.0,3.0,Villarreal,,10.0,2.0,15.0,7.0,3.0,0.0,2.0,0.0,2023,Osasuna,6
2023-03-19,Sun,LaLiga,Away,L,1.0,2.0,Barcelona,,11.0,3.0,13.0,12.0,3.0,0.0,4.0,0.0,2023,Real Madrid,6
2023-03-19,Sun,LaLiga,Away,L,0.0,2.0,Getafe,,11.0,4.0,10.0,22.0,2.0,0.0,4.0,0.0,2023,Sevilla,6
2023-03-19,Sun,LaLiga,Home,W,2.0,0.0,Elche,,17.0,4.0,16.0,16.0,2.0,0.0,1.0,0.0,2023,Sociedad,6
2023-03-19,Sun,LaLiga,Away,W,3.0,0.0,Osasuna,,12.0,6.0,7.0,15.0,2.0,0.0,3.0,0.0,2023,Villarreal,6
2023-03-31,Fri,LaLiga,Home,D,0.0,0.0,Osasuna,,10.0,1.0,19.0,17.0,7.0,1.0,3.0,0.0,2023,Mallorca,4
2023-03-31,Fri,LaLiga,Away,D,0.0,0.0,Mallorca,,11.0,2.0,17.0,19.0,3.0,0.0,7.0,1.0,2023,Osasuna,4
2023-04-01,Sat,LaLiga,Home,D,0.0,0.0,Getafe,,17.0,3.0,8.0,9.0,0.0,0.0,0.0,0.0,2023,Ath Bilbao,5
2023-04-01,Sat,LaLiga,Away,W,4.0,0.0,Elche,,12.0,6.0,11.0,11.0,3.0,0.0,0.0,0.0,2023,Barcelona,5
2023-04-01,Sat,LaLiga,Home,L,0.0,2.0,Sevilla,,14.0,3.0,9.0,14.0,3.0,0.0,4.0,0.0,2023,Cadiz,5
2023-04-01,Sat,LaLiga,Home,L,0.0,4.0,Barcelona,,15.0,2.0,11.0,11.0,0.0,0.0,3.0,0.0,2023,Elche,5
2023-04-01,Sat,LaLiga,Away,L,1.0,2.0,Girona,,5.0,1.0,16.0,12.0,2.0,1.0,4.0,0.0,2023,Espanol,5
2023-04-01,Sat,LaLiga,Away,D,0.0,0.0,Ath Bilbao,,9.0,1.0,9.0,8.0,0.0,0.0,0.0,0.0,2023,Getafe,5
2023-04-01,Sat,LaLiga,Home,W,2.0,1.0,Espanol,,14.0,4.0,12.0,16.0,4.0,0.0,2.0,1.0,2023,Girona,5
2023-04-01,Sat,LaLiga,Away,W,2.0,0.0,Cadiz,,11.0,5.0,14.0,9.0,4.0,0.0,3.0,0.0,2023,Sevilla,5
2023-04-02,Sun,LaLiga,Away,D,2.0,2.0,Celta,,8.0,3.0,12.0,13.0,5.0,0.0,3.0,0.0,2023,Almeria,6
2023-04-02,Sun,LaLiga,Home,W,1.0,0.0,Betis,,13.0,7.0,20.0,11.0,1.0,0.0,2.0,0.0,2023,Ath Madrid,6
2023-04-02,Sun,LaLiga,Away,L,0.0,1.0,Ath Madrid,,6.0,2.0,11.0,20.0,2.0,0.0,1.0,0.0,2023,Betis,6
2023-04-02,Sun,LaLiga,Home,D,2.0,2.0,Almeria,,21.0,5.0,13.0,12.0,3.0,0.0,5.0,0.0,2023,Celta,6
2023-04-02,Sun,LaLiga,Home,W,6.0,0.0,Valladolid,,30.0,17.0,17.0,11.0,0.0,0.0,1.0,0.0,2023,Real Madrid,6
2023-04-02,Sun,LaLiga,Away,L,0.0,2.0,Villarreal,,16.0,3.0,19.0,12.0,3.0,0.0,5.0,1.0,2023,Sociedad,6
2023-04-02,Sun,LaLiga,Away,L,0.0,6.0,Real Madrid,,12.0,2.0,11.0,17.0,1.0,0.0,0.0,0.0,2023,Valladolid,6
2023-04-02,Sun,LaLiga,Home,W,2.0,0.0,Sociedad,,16.0,4.0,12.0,19.0,5.0,1.0,3.0,0.0,2023,Villarreal,6
2023-04-03,Mon,LaLiga,Home,D,1.0,1.0,Vallecano,,18.0,4.0,15.0,16.0,2.0,0.0,3.0,0.0,2023,Valencia,0
2023-04-03,Mon,LaLiga,Away,D,1.0,1.0,Valencia,,7.0,2.0,16.0,15.0,3.0,0.0,2.0,0.0,2023,Vallecano,0
2023-04-07,Fri,LaLiga,Away,D,2.0,2.0,Sevilla,,9.0,4.0,9.0,11.0,2.0,0.0,6.0,2.0,2023,Celta,4
2023-04-07,Fri,LaLiga,Home,D,2.0,2.0,Celta,,7.0,2.0,11.0,9.0,6.0,2.0,2.0,0.0,2023,Sevilla,4
2023-04-08,Sat,LaLiga,Away,W,2.0,1.0,Espanol,,12.0,7.0,18.0,14.0,4.0,0.0,6.0,1.0,2023,Ath Bilbao,5
2023-04-08,Sat,LaLiga,Away,L,1.0,2.0,Osasuna,,7.0,1.0,7.0,15.0,3.0,0.0,1.0,0.0,2023,Elche,5
2023-04-08,Sat,LaLiga,Home,L,1.0,2.0,Ath Bilbao,,9.0,2.0,14.0,18.0,6.0,1.0,4.0,0.0,2023,Espanol,5
2023-04-08,Sat,LaLiga,Away,L,0.0,2.0,Sociedad,,6.0,4.0,9.0,11.0,1.0,0.0,2.0,0.0,2023,Getafe,5
2023-04-08,Sat,LaLiga,Home,W,2.0,1.0,Elche,,22.0,6.0,15.0,7.0,1.0,0.0,3.0,0.0,2023,Osasuna,5
2023-04-08,Sat,LaLiga,Home,L,2.0,3.0,Villarreal,,18.0,4.0,8.0,19.0,0.0,0.0,3.0,0.0,2023,Real Madrid,5
2023-04-08,Sat,LaLiga,Home,W,2.0,0.0,Getafe,,11.0,6.0,11.0,9.0,2.0,0.0,1.0,0.0,2023,Sociedad,5
2023-04-08,Sat,LaLiga,Away,W,3.0,2.0,Real Madrid,,17.0,8.0,19.0,8.0,3.0,0.0,0.0,0.0,2023,Villarreal,5
2023-04-09,Sun,LaLiga,Home,W,2.0,1.0,Valencia,,10.0,4.0,11.0,11.0,3.0,0.0,2.0,0.0,2023,Almeria,6
2023-04-09,Sun,LaLiga,Away,W,2.0,1.0,Vallecano,,14.0,4.0,7.0,8.0,0.0,0.0,0.0,1.0,2023,Ath Madrid,6
2023-04-09,Sun,LaLiga,Home,L,0.0,2.0,Cadiz,,9.0,3.0,18.0,16.0,3.0,2.0,3.0,0.0,2023,Betis,6
2023-04-09,Sun,LaLiga,Away,W,2.0,0.0,Betis,,15.0,4.0,16.0,18.0,3.0,0.0,3.0,2.0,2023,Cadiz,6
2023-04-09,Sun,LaLiga,Away,D,3.0,3.0,Valladolid,,14.0,6.0,20.0,13.0,5.0,0.0,3.0,0.0,2023,Mallorca,6
2023-04-09,Sun,LaLiga,Away,L,1.0,2.0,Almeria,,11.0,4.0,11.0,11.0,2.0,0.0,3.0,0.0,2023,Valencia,6
2023-04-09,Sun,LaLiga,Home,D,3.0,3.0,Mallorca,,10.0,6.0,13.0,20.0,3.0,0.0,5.0,0.0,2023,Valladolid,6
2023-04-09,Sun,LaLiga,Home,L,1.0,2.0,Ath Madrid,,15.0,3.0,8.0,7.0,0.0,1.0,0.0,0.0,2023,Vallecano,6
2023-04-10,Mon,LaLiga,Home,D,0.0,0.0,Girona,,18.0,3.0,14.0,14.0,0.0,0.0,2.0,0.0,2023,Barcelona,0
2023-04-10,Mon,LaLiga,Away,D,0.0,0.0,Barcelona,,5.0,0.0,14.0,14.0,2.0,0.0,0.0,0.0,2023,Girona,0
2023-04-14,Fri,LaLiga,Away,L,1.0,2.0,Vallecano,,8.0,4.0,16.0,18.0,3.0,0.0,2.0,0.0,2023,Osasuna,4
2023-04-14,Fri,LaLiga,Home,W,2.0,1.0,Osasuna,,12.0,3.0,18.0,16.0,2.0,0.0,3.0,0.0,2023,Vallecano,4
2023-04-15,Sat,LaLiga,Home,W,2.0,0.0,Sociedad,,13.0,5.0,16.0,14.0,5.0,0.0,2.0,0.0,2023,Ath Bilbao,5
2023-04-15,Sat,LaLiga,Home,W,3.0,1.0,Espanol,,15.0,8.0,9.0,13.0,2.0,0.0,2.0,0.0,2023,Betis,5
2023-04-15,Sat,LaLiga,Home,L,0.0,2.0,Real Madrid,,12.0,3.0,12.0,7.0,1.0,0.0,0.0,0.0,2023,Cadiz,5
2023-04-15,Sat,LaLiga,Away,L,1.0,3.0,Betis,,13.0,4.0,13.0,9.0,2.0,0.0,2.0,0.0,2023,Espanol,5
2023-04-15,Sat,LaLiga,Away,W,2.0,0.0,Cadiz,,35.0,11.0,7.0,12.0,0.0,0.0,1.0,0.0,2023,Real Madrid,5
2023-04-15,Sat,LaLiga,Away,L,0.0,2.0,Ath Bilbao,,13.0,4.0,14.0,16.0,2.0,0.0,5.0,0.0,2023,Sociedad,5
2023-04-15,Sat,LaLiga,Away,W,2.0,1.0,Villarreal,,14.0,7.0,18.0,9.0,6.0,0.0,1.0,0.0,2023,Valladolid,5
2023-04-15,Sat,LaLiga,Home,L,1.0,2.0,Valladolid,,22.0,7.0,9.0,18.0,1.0,0.0,6.0,0.0,2023,Villarreal,5
2023-04-16,Sun,LaLiga,Away,L,1.0,2.0,Ath Madrid,,2.0,0.0,8.0,7.0,3.0,0.0,3.0,0.0,2023,Almeria,6
2023-04-16,Sun,LaLiga,Home,W,2.0,1.0,Almeria,,19.0,7.0,7.0,8.0,3.0,0.0,3.0,0.0,2023,Ath Madrid,6
2023-04-16,Sun,LaLiga,Away,D,0.0,0.0,Getafe,,15.0,3.0,12.0,13.0,1.0,0.0,2.0,0.0,2023,Barcelona,6
2023-04-16,Sun,LaLiga,Away,L,0.0,2.0,Girona,,13.0,5.0,14.0,9.0,3.0,1.0,3.0,0.0,2023,Elche,6
2023-04-16,Sun,LaLiga,Home,D,0.0,0.0,Barcelona,,5.0,1.0,13.0,12.0,2.0,0.0,1.0,0.0,2023,Getafe,6
2023-04-16,Sun,LaLiga,Home,W,2.0,0.0,Elche,,14.0,4.0,9.0,14.0,3.0,0.0,3.0,1.0,2023,Girona,6
2023-04-16,Sun,LaLiga,Away,W,2.0,0.0,Valencia,,6.0,3.0,17.0,10.0,4.0,0.0,1.0,1.0,2023,Sevilla,6
2023-04-16,Sun,LaLiga,Home,L,0.0,2.0,Sevilla,,13.0,3.0,10.0,17.0,1.0,1.0,4.0,0.0,2023,Valencia,6
2023-04-17,Mon,LaLiga,Home,L,0.0,1.0,Mallorca,,12.0,3.0,10.0,19.0,2.0,1.0,1.0,0.0,2023,Celta,0
2023-04-17,Mon,LaLiga,Away,W,1.0,0.0,Celta,,8.0,2.0,19.0,10.0,1.0,0.0,2.0,1.0,2023,Mallorca,0
2023-04-21,Fri,LaLiga,Away,D,0.0,0.0,Espanol,,11.0,2.0,22.0,8.0,2.0,0.0,4.0,0.0,2023,Cadiz,4
2023-04-21,Fri,LaLiga,Home,D,0.0,0.0,Cadiz,,14.0,5.0,8.0,22.0,4.0,0.0,2.0,0.0,2023,Espanol,4
2023-04-22,Sat,LaLiga,Home,L,1.0,2.0,Ath Bilbao,,12.0,4.0,8.0,20.0,2.0,0.0,4.0,0.0,2023,Almeria,5
2023-04-22,Sat,LaLiga,Away,W,2.0,1.0,Almeria,,14.0,3.0,20.0,8.0,4.0,0.0,2.0,0.0,2023,Ath Bilbao,5
2023-04-22,Sat,LaLiga,Away,L,2.0,3.0,Osasuna,,21.0,6.0,13.0,20.0,0.0,0.0,2.0,0.0,2023,Betis,5
2023-04-22,Sat,LaLiga,Away,L,0.0,2.0,Real Madrid,,12.0,2.0,10.0,10.0,2.0,0.0,1.0,0.0,2023,Celta,5
2023-04-22,Sat,LaLiga,Away,L,0.0,1.0,Valladolid,,12.0,6.0,9.0,14.0,1.0,0.0,1.0,0.0,2023,Girona,5
2023-04-22,Sat,LaLiga,Home,W,3.0,2.0,Betis,,10.0,5.0,20.0,13.0,2.0,0.0,0.0,0.0,2023,Osasuna,5
2023-04-22,Sat,LaLiga,Home,W,2.0,0.0,Celta,,17.0,5.0,10.0,10.0,1.0,0.0,2.0,0.0,2023,Real Madrid,5
2023-04-22,Sat,LaLiga,Home,W,2.0,1.0,Vallecano,,7.0,1.0,18.0,19.0,1.0,0.0,2.0,0.0,2023,Sociedad,5
2023-04-22,Sat,LaLiga,Home,W,1.0,0.0,Girona,,15.0,6.0,14.0,9.0,1.0,0.0,1.0,0.0,2023,Valladolid,5
2023-04-22,Sat,LaLiga,Away,L,1.0,2.0,Sociedad,,7.0,2.0,19.0,18.0,2.0,0.0,1.0,0.0,2023,Vallecano,5
2023-04-23,Sun,LaLiga,Away,L,0.0,1.0,Barcelona,,13.0,3.0,16.0,15.0,7.0,0.0,4.0,0.0,2023,Ath Madrid,6
2023-04-23,Sun,LaLiga,Home,W,1.0,0.0,Ath Madrid,,13.0,4.0,15.0,16.0,4.0,0.0,7.0,0.0,2023,Barcelona,6
2023-04-23,Sun,LaLiga,Home,L,0.0,2.0,Valencia,,7.0,1.0,12.0,6.0,3.0,0.0,1.0,0.0,2023,Elche,6
2023-04-23,Sun,LaLiga,Away,L,1.0,3.0,Mallorca,,3.0,1.0,18.0,15.0,3.0,0.0,2.0,0.0,2023,Getafe,6
2023-04-23,Sun,LaLiga,Home,W,3.0,1.0,Getafe,,8.0,4.0,15.0,18.0,2.0,0.0,3.0,0.0,2023,Mallorca,6
2023-04-23,Sun,LaLiga,Home,W,2.0,1.0,Villarreal,,17.0,4.0,12.0,10.0,1.0,0.0,2.0,0.0,2023,Sevilla,6
2023-04-23,Sun,LaLiga,Away,W,2.0,0.0,Elche,,5.0,3.0,6.0,12.0,1.0,0.0,3.0,0.0,2023,Valencia,6
2023-04-23,Sun,LaLiga,Away,L,1.0,2.0,Sevilla,,17.0,5.0,10.0,12.0,2.0,0.0,1.0,0.0,2023,Villarreal,6
2023-04-25,Tue,LaLiga,Home,D,0.0,0.0,Sociedad,,10.0,1.0,13.0,23.0,1.0,0.0,3.0,0.0,2023,Betis,1
2023-04-25,Tue,LaLiga,Home,L,0.0,1.0,Osasuna,,20.0,4.0,8.0,15.0,0.0,0.0,1.0,1.0,2023,Cadiz,1
2023-04-25,Tue,LaLiga,Home,W,4.0,2.0,Real Madrid,,13.0,5.0,7.0,6.0,1.0,0.0,2.0,0.0,2023,Girona,1
2023-04-25,Tue,LaLiga,Away,W,1.0,0.0,Cadiz,,6.0,4.0,15.0,8.0,1.0,1.0,0.0,0.0,2023,Osasuna,1
2023-04-25,Tue,LaLiga,Away,L,2.0,4.0,Girona,,18.0,3.0,6.0,7.0,2.0,0.0,1.0,0.0,2023,Real Madrid,1
2023-04-25,Tue,LaLiga,Away,D,0.0,0.0,Betis,,10.0,3.0,23.0,13.0,3.0,0.0,1.0,0.0,2023,Sociedad,1
2023-04-26,Wed,LaLiga,Away,W,2.0,1.0,Getafe,,23.0,11.0,9.0,15.0,2.0,0.0,2.0,1.0,2023,Almeria,2
2023-04-26,Wed,LaLiga,Home,W,3.0,1.0,Mallorca,,24.0,9.0,10.0,9.0,0.0,0.0,0.0,0.0,2023,Ath Madrid,2
2023-04-26,Wed,LaLiga,Away,L,1.0,2.0,Vallecano,,10.0,5.0,14.0,10.0,4.0,0.0,1.0,0.0,2023,Barcelona,2
2023-04-26,Wed,LaLiga,Home,W,1.0,0.0,Elche,,17.0,9.0,9.0,12.0,0.0,0.0,0.0,0.0,2023,Celta,2
2023-04-26,Wed,LaLiga,Away,L,0.0,1.0,Celta,,16.0,1.0,12.0,9.0,0.0,0.0,0.0,0.0,2023,Elche,2
2023-04-26,Wed,LaLiga,Home,L,1.0,2.0,Almeria,,21.0,9.0,15.0,9.0,2.0,1.0,2.0,0.0,2023,Getafe,2
2023-04-26,Wed,LaLiga,Away,L,1.0,3.0,Ath Madrid,,6.0,2.0,9.0,10.0,0.0,0.0,0.0,0.0,2023,Mallorca,2
2023-04-26,Wed,LaLiga,Home,W,2.0,1.0,Barcelona,,9.0,6.0,10.0,14.0,1.0,0.0,4.0,0.0,2023,Vallecano,2
2023-04-27,Thu,LaLiga,Home,L,0.0,1.0,Sevilla,,7.0,2.0,7.0,11.0,3.0,0.0,3.0,0.0,2023,Ath Bilbao,3
2023-04-27,Thu,LaLiga,Away,L,2.0,4.0,Villarreal,,13.0,4.0,10.0,14.0,4.0,1.0,2.0,0.0,2023,Espanol,3
2023-04-27,Thu,LaLiga,Away,W,1.0,0.0,Ath Bilbao,,4.0,1.0,11.0,7.0,3.0,0.0,3.0,0.0,2023,Sevilla,3
2023-04-27,Thu,LaLiga,Home,W,2.0,1.0,Valladolid,,18.0,5.0,16.0,17.0,0.0,0.0,4.0,0.0,2023,Valencia,3
2023-04-27,Thu,LaLiga,Away,L,1.0,2.0,Valencia,,8.0,2.0,17.0,16.0,4.0,0.0,0.0,0.0,2023,Valladolid,3
2023-04-27,Thu,LaLiga,Home,W,4.0,2.0,Espanol,,31.0,13.0,14.0,10.0,2.0,0.0,4.0,1.0,2023,Villarreal,3
2023-04-28,Fri,LaLiga,Home,L,0.0,2.0,Sociedad,,13.0,1.0,12.0,15.0,3.0,0.0,1.0,0.0,2023,Osasuna,4
2023-04-28,Fri,LaLiga,Away,W,2.0,0.0,Osasuna,,12.0,8.0,15.0,12.0,1.0,0.0,3.0,0.0,2023,Sociedad,4
2023-04-29,Sat,LaLiga,Away,L,2.0,4.0,Real Madrid,,9.0,3.0,16.0,12.0,2.0,0.0,2.0,0.0,2023,Almeria,5
2023-04-29,Sat,LaLiga,Home,W,4.0,0.0,Betis,,15.0,8.0,10.0,9.0,0.0,0.0,2.0,1.0,2023,Barcelona,5
2023-04-29,Sat,LaLiga,Away,L,0.0,4.0,Barcelona,,4.0,1.0,9.0,10.0,2.0,1.0,0.0,0.0,2023,Betis,5
2023-04-29,Sat,LaLiga,Home,W,4.0,0.0,Vallecano,,18.0,9.0,13.0,16.0,1.0,0.0,2.0,1.0,2023,Elche,5
2023-04-29,Sat,LaLiga,Home,W,4.0,2.0,Almeria,,15.0,12.0,12.0,16.0,2.0,0.0,2.0,0.0,2023,Real Madrid,5
2023-04-29,Sat,LaLiga,Away,L,0.0,4.0,Elche,,14.0,3.0,16.0,13.0,2.0,1.0,1.0,0.0,2023,Vallecano,5
2023-04-30,Sun,LaLiga,Away,W,5.0,2.0,Valladolid,,9.0,6.0,8.0,14.0,1.0,0.0,2.0,0.0,2023,Ath Madrid,6
2023-04-30,Sun,LaLiga,Home,W,2.0,1.0,Valencia,,8.0,4.0,14.0,10.0,6.0,0.0,2.0,0.0,2023,Cadiz,6
2023-04-30,Sun,LaLiga,Away,L,1.0,3.0,Villarreal,,14.0,5.0,11.0,12.0,4.0,0.0,1.0,0.0,2023,Celta,6
2023-04-30,Sun,LaLiga,Home,W,1.0,0.0,Getafe,,17.0,8.0,12.0,23.0,3.0,0.0,5.0,0.0,2023,Espanol,6
2023-04-30,Sun,LaLiga,Away,L,0.0,1.0,Espanol,,7.0,2.0,23.0,12.0,5.0,0.0,3.0,0.0,2023,Getafe,6
2023-04-30,Sun,LaLiga,Away,L,1.0,2.0,Cadiz,,16.0,4.0,10.0,14.0,2.0,0.0,6.0,0.0,2023,Valencia,6
2023-04-30,Sun,LaLiga,Home,L,2.0,5.0,Ath Madrid,,19.0,6.0,14.0,8.0,2.0,0.0,1.0,0.0,2023,Valladolid,6
2023-04-30,Sun,LaLiga,Home,W,3.0,1.0,Celta,,9.0,3.0,12.0,11.0,1.0,0.0,4.0,0.0,2023,Villarreal,6
2023-05-01,Mon,LaLiga,Away,D,1.0,1.0,Mallorca,,16.0,6.0,9.0,17.0,2.0,0.0,4.0,0.0,2023,Ath Bilbao,0
2023-05-01,Mon,LaLiga,Away,W,2.0,0.0,Sevilla,,9.0,3.0,11.0,14.0,1.0,0.0,1.0,0.0,2023,Girona,0
2023-05-01,Mon,LaLiga,Home,D,1.0,1.0,Ath Bilbao,,9.0,2.0,17.0,9.0,4.0,0.0,2.0,0.0,2023,Mallorca,0
2023-05-01,Mon,LaLiga,Home,L,0.0,2.0,Girona,,23.0,5.0,14.0,11.0,1.0,0.0,1.0,0.0,2023,Sevilla,0
2023-05-02,Tue,LaLiga,Home,W,2.0,1.0,Elche,,10.0,4.0,8.0,9.0,2.0,0.0,2.0,0.0,2023,Almeria,1
2023-05-02,Tue,LaLiga,Home,W,1.0,0.0,Osasuna,,21.0,4.0,7.0,10.0,0.0,0.0,0.0,1.0,2023,Barcelona,1
2023-05-02,Tue,LaLiga,Away,L,1.0,2.0,Almeria,,14.0,1.0,9.0,8.0,2.0,0.0,2.0,0.0,2023,Elche,1
2023-05-02,Tue,LaLiga,Away,L,0.0,1.0,Barcelona,,7.0,2.0,10.0,7.0,0.0,1.0,0.0,0.0,2023,Osasuna,1
2023-05-02,Tue,LaLiga,Away,L,0.0,2.0,Sociedad,,10.0,5.0,9.0,17.0,5.0,1.0,1.0,0.0,2023,Real Madrid,1
2023-05-02,Tue,LaLiga,Home,W,2.0,0.0,Real Madrid,,9.0,4.0,17.0,9.0,1.0,0.0,5.0,1.0,2023,Sociedad,1
2023-05-03,Wed,LaLiga,Home,W,5.0,1.0,Cadiz,,18.0,8.0,12.0,9.0,3.0,0.0,2.0,0.0,2023,Ath Madrid,2
2023-05-03,Wed,LaLiga,Away,L,1.0,5.0,Ath Madrid,,2.0,1.0,9.0,12.0,2.0,0.0,3.0,0.0,2023,Cadiz,2
2023-05-03,Wed,LaLiga,Away,L,0.0,1.0,Getafe,,7.0,1.0,14.0,21.0,5.0,1.0,7.0,0.0,2023,Celta,2
2023-05-03,Wed,LaLiga,Home,W,1.0,0.0,Celta,,14.0,4.0,21.0,14.0,7.0,0.0,5.0,1.0,2023,Getafe,2
2023-05-03,Wed,LaLiga,Home,D,1.0,1.0,Villarreal,,8.0,1.0,14.0,13.0,4.0,0.0,2.0,0.0,2023,Valencia,2
2023-05-03,Wed,LaLiga,Away,D,1.0,1.0,Valencia,,11.0,4.0,13.0,14.0,2.0,0.0,4.0,0.0,2023,Villarreal,2
2023-05-04,Thu,LaLiga,Home,L,0.0,1.0,Betis,,21.0,6.0,13.0,7.0,1.0,1.0,3.0,0.0,2023,Ath Bilbao,3
2023-05-04,Thu,LaLiga,Away,W,1.0,0.0,Ath Bilbao,,12.0,2.0,7.0,13.0,3.0,0.0,1.0,1.0,2023,Betis,3
2023-05-04,Thu,LaLiga,Away,L,2.0,3.0,Sevilla,,7.0,3.0,11.0,15.0,2.0,0.0,1.0,0.0,2023,Espanol,3
2023-05-04,Thu,LaLiga,Home,W,2.0,1.0,Mallorca,,17.0,7.0,9.0,13.0,4.0,0.0,0.0,0.0,2023,Girona,3
2023-05-04,Thu,LaLiga,Away,L,1.0,2.0,Girona,,8.0,2.0,13.0,9.0,0.0,0.0,4.0,0.0,2023,Mallorca,3
2023-05-04,Thu,LaLiga,Home,W,3.0,2.0,Espanol,,18.0,6.0,15.0,11.0,1.0,0.0,2.0,0.0,2023,Sevilla,3
2023-05-04,Thu,LaLiga,Away,L,1.0,2.0,Vallecano,,7.0,4.0,15.0,18.0,0.0,0.0,0.0,0.0,2023,Valladolid,3
2023-05-04,Thu,LaLiga,Home,W,2.0,1.0,Valladolid,,16.0,6.0,18.0,15.0,0.0,0.0,0.0,0.0,2023,Vallecano,3
2023-05-12,Fri,LaLiga,Away,L,0.0,1.0,Mallorca,,14.0,4.0,14.0,16.0,3.0,0.0,5.0,0.0,2023,Cadiz,4
2023-05-12,Fri,LaLiga,Home,W,1.0,0.0,Cadiz,,8.0,3.0,16.0,14.0,5.0,0.0,3.0,0.0,2023,Mallorca,4
2023-05-13,Sat,LaLiga,Away,L,1.0,3.0,Osasuna,,8.0,3.0,7.0,7.0,0.0,0.0,0.0,0.0,2023,Almeria,5
2023-05-13,Sat,LaLiga,Away,L,1.0,5.0,Villarreal,,11.0,5.0,13.0,11.0,3.0,0.0,4.0,0.0,2023,Ath Bilbao,5
2023-05-13,Sat,LaLiga,Away,L,0.0,1.0,Real Madrid,,9.0,2.0,23.0,5.0,4.0,0.0,1.0,0.0,2023,Getafe,5
2023-05-13,Sat,LaLiga,Away,D,2.0,2.0,Sociedad,,13.0,6.0,13.0,22.0,3.0,1.0,5.0,0.0,2023,Girona,5
2023-05-13,Sat,LaLiga,Home,W,3.0,1.0,Almeria,,18.0,7.0,7.0,7.0,0.0,0.0,0.0,0.0,2023,Osasuna,5
2023-05-13,Sat,LaLiga,Home,W,1.0,0.0,Getafe,,16.0,3.0,5.0,23.0,1.0,0.0,4.0,0.0,2023,Real Madrid,5
2023-05-13,Sat,LaLiga,Home,D,2.0,2.0,Girona,,18.0,6.0,22.0,13.0,5.0,0.0,3.0,1.0,2023,Sociedad,5
2023-05-13,Sat,LaLiga,Home,W,5.0,1.0,Ath Bilbao,,17.0,11.0,11.0,13.0,4.0,0.0,3.0,0.0,2023,Villarreal,5
2023-05-14,Sun,LaLiga,Away,L,0.0,1.0,Elche,,13.0,4.0,3.0,16.0,0.0,0.0,2.0,0.0,2023,Ath Madrid,6
2023-05-14,Sun,LaLiga,Away,W,4.0,2.0,Espanol,,15.0,5.0,9.0,12.0,3.0,0.0,1.0,0.0,2023,Barcelona,6
2023-05-14,Sun,LaLiga,Home,L,1.0,2.0,Valencia,,10.0,6.0,13.0,19.0,3.0,0.0,5.0,1.0,2023,Celta,6
2023-05-14,Sun,LaLiga,Home,W,1.0,0.0,Ath Madrid,,15.0,4.0,16.0,3.0,2.0,0.0,0.0,0.0,2023,Elche,6
2023-05-14,Sun,LaLiga,Home,L,2.0,4.0,Barcelona,,15.0,7.0,12.0,9.0,1.0,0.0,3.0,0.0,2023,Espanol,6
2023-05-14,Sun,LaLiga,Away,W,3.0,0.0,Valladolid,,17.0,5.0,16.0,9.0,1.0,0.0,2.0,0.0,2023,Sevilla,6
2023-05-14,Sun,LaLiga,Away,W,2.0,1.0,Celta,,12.0,5.0,19.0,13.0,5.0,1.0,3.0,0.0,2023,Valencia,6
2023-05-14,Sun,LaLiga,Home,L,0.0,3.0,Sevilla,,28.0,6.0,9.0,16.0,2.0,0.0,1.0,0.0,2023,Valladolid,6
2023-05-15,Mon,LaLiga,Home,W,3.0,1.0,Vallecano,,11.0,5.0,11.0,9.0,3.0,0.0,2.0,1.0,2023,Betis,0
2023-05-15,Mon,LaLiga,Away,L,1.0,3.0,Betis,,16.0,4.0,9.0,11.0,2.0,1.0,3.0,0.0,2023,Vallecano,0
2023-05-19,Fri,LaLiga,Home,W,2.0,0.0,Valladolid,,11.0,4.0,18.0,18.0,4.0,0.0,4.0,1.0,2023,Cadiz,4
2023-05-19,Fri,LaLiga,Away,L,0.0,2.0,Cadiz,,6.0,2.0,18.0,18.0,4.0,1.0,4.0,0.0,2023,Valladolid,4
2023-05-20,Sat,LaLiga,Home,W,3.0,0.0,Mallorca,,12.0,3.0,11.0,15.0,1.0,0.0,2.0,0.0,2023,Almeria,5
2023-05-20,Sat,LaLiga,Home,W,2.0,1.0,Celta,,10.0,3.0,17.0,12.0,4.0,0.0,1.0,0.0,2023,Ath Bilbao,5
2023-05-20,Sat,LaLiga,Home,L,1.0,2.0,Sociedad,,13.0,4.0,8.0,16.0,4.0,0.0,4.0,0.0,2023,Barcelona,5
2023-05-20,Sat,LaLiga,Away,L,1.0,2.0,Ath Bilbao,,8.0,3.0,12.0,17.0,1.0,0.0,4.0,0.0,2023,Celta,5
2023-05-20,Sat,LaLiga,Away,D,1.0,1.0,Getafe,,13.0,4.0,11.0,19.0,1.0,0.0,3.0,0.0,2023,Elche,5
2023-05-20,Sat,LaLiga,Home,D,1.0,1.0,Elche,,9.0,5.0,19.0,11.0,3.0,0.0,1.0,0.0,2023,Getafe,5
2023-05-20,Sat,LaLiga,Home,L,1.0,2.0,Villarreal,,9.0,3.0,16.0,11.0,2.0,0.0,1.0,0.0,2023,Girona,5
2023-05-20,Sat,LaLiga,Away,L,0.0,3.0,Almeria,,7.0,3.0,15.0,11.0,2.0,0.0,1.0,0.0,2023,Mallorca,5
2023-05-20,Sat,LaLiga,Away,W,2.0,1.0,Barcelona,,13.0,6.0,16.0,8.0,4.0,0.0,4.0,0.0,2023,Sociedad,5
2023-05-20,Sat,LaLiga,Away,W,2.0,1.0,Girona,,10.0,5.0,11.0,16.0,1.0,0.0,2.0,0.0,2023,Villarreal,5
2023-05-21,Sun,LaLiga,Home,W,3.0,0.0,Osasuna,,15.0,5.0,6.0,11.0,0.0,0.0,2.0,0.0,2023,Ath Madrid,6
2023-05-21,Sun,LaLiga,Away,D,0.0,0.0,Sevilla,,5.0,0.0,11.0,14.0,2.0,1.0,2.0,0.0,2023,Betis,6
2023-05-21,Sun,LaLiga,Away,W,2.0,1.0,Vallecano,,10.0,6.0,11.0,8.0,2.0,0.0,2.0,0.0,2023,Espanol,6
2023-05-21,Sun,LaLiga,Away,L,0.0,3.0,Ath Madrid,,12.0,2.0,11.0,6.0,2.0,0.0,0.0,0.0,2023,Osasuna,6
2023-05-21,Sun,LaLiga,Away,L,0.0,1.0,Valencia,,13.0,5.0,4.0,13.0,2.0,1.0,4.0,0.0,2023,Real Madrid,6
2023-05-21,Sun,LaLiga,Home,D,0.0,0.0,Betis,,10.0,4.0,14.0,11.0,2.0,0.0,2.0,1.0,2023,Sevilla,6
2023-05-21,Sun,LaLiga,Home,W,1.0,0.0,Real Madrid,,12.0,6.0,13.0,4.0,4.0,0.0,2.0,1.0,2023,Valencia,6
2023-05-21,Sun,LaLiga,Home,L,1.0,2.0,Espanol,,15.0,5.0,8.0,11.0,2.0,0.0,2.0,0.0,2023,Vallecano,6
2023-05-23,Tue,LaLiga,Away,L,0.0,1.0,Sociedad,,2.0,2.0,8.0,20.0,1.0,1.0,0.0,0.0,2023,Almeria,1
2023-05-23,Tue,LaLiga,Away,L,1.0,3.0,Valladolid,,16.0,6.0,9.0,13.0,0.0,0.0,1.0,0.0,2023,Barcelona,1
2023-05-23,Tue,LaLiga,Home,D,1.0,1.0,Girona,,16.0,7.0,13.0,13.0,0.0,0.0,0.0,0.0,2023,Celta,1
2023-05-23,Tue,LaLiga,Away,D,1.0,1.0,Celta,,11.0,4.0,13.0,13.0,0.0,0.0,0.0,0.0,2023,Girona,1
2023-05-23,Tue,LaLiga,Home,W,1.0,0.0,Almeria,,15.0,2.0,20.0,8.0,0.0,0.0,1.0,1.0,2023,Sociedad,1
2023-05-23,Tue,LaLiga,Home,W,3.0,1.0,Barcelona,,8.0,4.0,13.0,9.0,1.0,0.0,0.0,0.0,2023,Valladolid,1
2023-05-24,Wed,LaLiga,Away,D,3.0,3.0,Espanol,,16.0,7.0,9.0,6.0,3.0,0.0,2.0,0.0,2023,Ath Madrid,2
2023-05-24,Wed,LaLiga,Home,L,0.0,1.0,Getafe,,11.0,4.0,8.0,12.0,2.0,1.0,5.0,0.0,2023,Betis,2
2023-05-24,Wed,LaLiga,Away,L,0.0,2.0,Villarreal,,16.0,8.0,8.0,14.0,2.0,0.0,1.0,0.0,2023,Cadiz,2
2023-05-24,Wed,LaLiga,Home,D,1.0,1.0,Sevilla,,20.0,7.0,12.0,10.0,1.0,0.0,4.0,1.0,2023,Elche,2
2023-05-24,Wed,LaLiga,Home,D,3.0,3.0,Ath Madrid,,26.0,13.0,6.0,9.0,2.0,0.0,3.0,0.0,2023,Espanol,2
2023-05-24,Wed,LaLiga,Away,W,1.0,0.0,Betis,,9.0,2.0,12.0,8.0,5.0,0.0,2.0,1.0,2023,Getafe,2
2023-05-24,Wed,LaLiga,Home,W,2.0,1.0,Vallecano,,12.0,3.0,11.0,14.0,1.0,0.0,3.0,0.0,2023,Real Madrid,2
2023-05-24,Wed,LaLiga,Away,D,1.0,1.0,Elche,,9.0,3.0,10.0,12.0,4.0,1.0,1.0,0.0,2023,Sevilla,2
2023-05-24,Wed,LaLiga,Away,L,1.0,2.0,Real Madrid,,15.0,6.0,14.0,11.0,3.0,0.0,1.0,0.0,2023,Vallecano,2
2023-05-24,Wed,LaLiga,Home,W,2.0,0.0,Cadiz,,13.0,7.0,14.0,8.0,1.0,0.0,2.0,0.0,2023,Villarreal,2
2023-05-25,Thu,LaLiga,Away,L,0.0,2.0,Osasuna,,10.0,5.0,13.0,17.0,3.0,0.0,3.0,0.0,2023,Ath Bilbao,3
2023-05-25,Thu,LaLiga,Home,W,1.0,0.0,Valencia,,4.0,3.0,15.0,12.0,4.0,0.0,2.0,0.0,2023,Mallorca,3
2023-05-25,Thu,LaLiga,Home,W,2.0,0.0,Ath Bilbao,,9.0,3.0,17.0,13.0,3.0,0.0,3.0,0.0,2023,Osasuna,3
2023-05-25,Thu,LaLiga,Away,L,0.0,1.0,Mallorca,,15.0,5.0,12.0,15.0,2.0,0.0,4.0,0.0,2023,Valencia,3
2023-05-27,Sat,LaLiga,Away,W,2.0,1.0,Sevilla,,6.0,3.0,10.0,23.0,4.0,0.0,2.0,1.0,2023,Real Madrid,5
2023-05-27,Sat,LaLiga,Home,L,1.0,2.0,Real Madrid,,11.0,1.0,23.0,10.0,2.0,1.0,4.0,0.0,2023,Sevilla,5
2023-05-28,Sun,LaLiga,Home,D,0.0,0.0,Valladolid,,23.0,7.0,11.0,16.0,0.0,0.0,4.0,0.0,2023,Almeria,6
2023-05-28,Sun,LaLiga,Home,L,0.0,1.0,Elche,,27.0,8.0,7.0,10.0,1.0,0.0,1.0,0.0,2023,Ath Bilbao,6
2023-05-28,Sun,LaLiga,Home,W,2.0,1.0,Sociedad,,11.0,5.0,8.0,10.0,2.0,0.0,2.0,0.0,2023,Ath Madrid,6
2023-05-28,Sun,LaLiga,Home,W,3.0,0.0,Mallorca,,28.0,9.0,4.0,9.0,0.0,0.0,0.0,1.0,2023,Barcelona,6
2023-05-28,Sun,LaLiga,Away,W,2.0,1.0,Girona,,18.0,7.0,12.0,14.0,1.0,0.0,0.0,0.0,2023,Betis,6
2023-05-28,Sun,LaLiga,Home,W,1.0,0.0,Celta,,13.0,3.0,16.0,10.0,9.0,0.0,5.0,0.0,2023,Cadiz,6
2023-05-28,Sun,LaLiga,Away,L,0.0,1.0,Cadiz,,9.0,4.0,10.0,16.0,5.0,0.0,9.0,0.0,2023,Celta,6
2023-05-28,Sun,LaLiga,Away,W,1.0,0.0,Ath Bilbao,,6.0,2.0,10.0,7.0,1.0,0.0,1.0,0.0,2023,Elche,6
2023-05-28,Sun,LaLiga,Away,D,2.0,2.0,Valencia,,9.0,5.0,12.0,12.0,4.0,0.0,0.0,0.0,2023,Espanol,6
2023-05-28,Sun,LaLiga,Home,W,2.0,1.0,Osasuna,,16.0,6.0,11.0,6.0,3.0,0.0,1.0,0.0,2023,Getafe,6
2023-05-28,Sun,LaLiga,Home,L,1.0,2.0,Betis,,9.0,3.0,14.0,12.0,0.0,0.0,1.0,0.0,2023,Girona,6
2023-05-28,Sun,LaLiga,Away,L,0.0,3.0,Barcelona,,3.0,1.0,9.0,4.0,0.0,1.0,0.0,0.0,2023,Mallorca,6
2023-05-28,Sun,LaLiga,Away,L,1.0,2.0,Getafe,,10.0,2.0,6.0,11.0,1.0,0.0,3.0,0.0,2023,Osasuna,6
2023-05-28,Sun,LaLiga,Away,L,1.0,2.0,Ath Madrid,,10.0,5.0,10.0,8.0,2.0,0.0,2.0,0.0,2023,Sociedad,6
2023-05-28,Sun,LaLiga,Home,D,2.0,2.0,Espanol,,19.0,4.0,12.0,12.0,0.0,0.0,4.0,0.0,2023,Valencia,6
2023-05-28,Sun,LaLiga,Away,D,0.0,0.0,Almeria,,8.0,2.0,16.0,11.0,4.0,0.0,0.0,0.0,2023,Valladolid,6
2023-05-28,Sun,LaLiga,Home,W,2.0,1.0,Villarreal,,15.0,4.0,9.0,9.0,3.0,0.0,5.0,0.0,2023,Vallecano,6
2023-05-28,Sun,LaLiga,Away,L,1.0,2.0,Vallecano,,7.0,2.0,9.0,9.0,5.0,0.0,3.0,0.0,2023,Villarreal,6
2023-06-04,Sun,LaLiga,Away,D,3.0,3.0,Espanol,,11.0,4.0,12.0,11.0,3.0,0.0,2.0,0.0,2023,Almeria,6
2023-06-04,Sun,LaLiga,Away,D,1.0,1.0,Real Madrid,,15.0,9.0,14.0,11.0,2.0,0.0,2.0,0.0,2023,Ath Bilbao,6
2023-06-04,Sun,LaLiga,Away,D,2.0,2.0,Villarreal,,9.0,3.0,12.0,9.0,2.0,1.0,3.0,0.0,2023,Ath Madrid,6
2023-06-04,Sun,LaLiga,Away,L,1.0,2.0,Celta,,9.0,2.0,9.0,13.0,2.0,0.0,2.0,0.0,2023,Barcelona,6
2023-06-04,Sun,LaLiga,Home,D,1.0,1.0,Valencia,,8.0,3.0,11.0,11.0,3.0,0.0,0.0,1.0,2023,Betis,6
2023-06-04,Sun,LaLiga,Away,D,1.0,1.0,Elche,,14.0,3.0,8.0,18.0,3.0,0.0,4.0,0.0,2023,Cadiz,6
2023-06-04,Sun,LaLiga,Home,W,2.0,1.0,Barcelona,,12.0,9.0,13.0,9.0,2.0,0.0,2.0,0.0,2023,Celta,6
2023-06-04,Sun,LaLiga,Home,D,1.0,1.0,Cadiz,,12.0,5.0,18.0,8.0,4.0,0.0,3.0,0.0,2023,Elche,6
2023-06-04,Sun,LaLiga,Home,D,3.0,3.0,Almeria,,12.0,8.0,11.0,12.0,2.0,0.0,3.0,0.0,2023,Espanol,6
2023-06-04,Sun,LaLiga,Away,D,0.0,0.0,Valladolid,,4.0,1.0,25.0,9.0,3.0,0.0,1.0,0.0,2023,Getafe,6
2023-06-04,Sun,LaLiga,Away,L,1.0,2.0,Osasuna,,11.0,6.0,9.0,12.0,5.0,0.0,1.0,0.0,2023,Girona,6
2023-06-04,Sun,LaLiga,Home,W,3.0,0.0,Vallecano,,8.0,4.0,14.0,15.0,0.0,0.0,0.0,0.0,2023,Mallorca,6
2023-06-04,Sun,LaLiga,Home,W,2.0,1.0,Girona,,14.0,7.0,12.0,9.0,1.0,0.0,5.0,0.0,2023,Osasuna,6
2023-06-04,Sun,LaLiga,Home,D,1.0,1.0,Ath Bilbao,,9.0,2.0,11.0,14.0,2.0,0.0,2.0,0.0,2023,Real Madrid,6
2023-06-04,Sun,LaLiga,Away,L,1.0,2.0,Sociedad,,9.0,4.0,13.0,10.0,1.0,0.0,0.0,0.0,2023,Sevilla,6
2023-06-04,Sun,LaLiga,Home,W,2.0,1.0,Sevilla,,17.0,6.0,10.0,13.0,0.0,0.0,1.0,0.0,2023,Sociedad,6
2023-06-04,Sun,LaLiga,Away,D,1.0,1.0,Betis,,10.0,3.0,11.0,11.0,0.0,1.0,3.0,0.0,2023,Valencia,6
2023-06-04,Sun,LaLiga,Home,D,0.0,0.0,Getafe,,15.0,0.0,9.0,25.0,1.0,0.0,3.0,0.0,2023,Valladolid,6
2023-06-04,Sun,LaLiga,Away,L,0.0,3.0,Mallorca,,20.0,4.0,15.0,14.0,0.0,0.0,0.0,0.0,2023,Vallecano,6
2023-06-04,Sun,LaLiga,Home,D,2.0,2.0,Ath Madrid,,22.0,7.0,9.0,12.0,3.0,0.0,2.0,1.0,2023,Villarreal,6
2023-08-11,Fri,LaLiga,Home,L,0.0,2.0,Vallecano,,19.0,5.0,16.0,25.0,1.0,0.0,3.0,0.0,2024,Almeria,4
2023-08-11,Fri,LaLiga,Home,L,1.0,2.0,Valencia,,9.0,3.0,15.0,17.0,3.0,1.0,2.0,0.0,2024,Sevilla,4
2023-08-11,Fri,LaLiga,Away,W,2.0,1.0,Sevilla,,10.0,3.0,17.0,15.0,2.0,0.0,3.0,1.0,2024,Valencia,4
2023-08-11,Fri,LaLiga,Away,W,2.0,0.0,Almeria,,10.0,4.0,25.0,16.0,3.0,0.0,1.0,0.0,2024,Vallecano,4
2023-08-12,Sat,LaLiga,Home,L,0.0,2.0,Real Madrid,,7.0,1.0,18.0,6.0,3.0,0.0,1.0,0.0,2024,Ath Bilbao,5
2023-08-12,Sat,LaLiga,Away,D,1.0,1.0,Sociedad,,6.0,1.0,9.0,22.0,5.0,0.0,2.0,0.0,2024,Girona,5
2023-08-12,Sat,LaLiga,Home,D,1.0,1.0,Mallorca,,5.0,2.0,11.0,21.0,3.0,0.0,2.0,0.0,2024,Las Palmas,5
2023-08-12,Sat,LaLiga,Away,D,1.0,1.0,Las Palmas,,12.0,2.0,21.0,11.0,2.0,0.0,3.0,0.0,2024,Mallorca,5
2023-08-12,Sat,LaLiga,Away,W,2.0,0.0,Ath Bilbao,,14.0,8.0,6.0,18.0,1.0,0.0,3.0,0.0,2024,Real Madrid,5
2023-08-12,Sat,LaLiga,Home,D,1.0,1.0,Girona,,15.0,2.0,22.0,9.0,2.0,0.0,5.0,0.0,2024,Sociedad,5
2023-08-13,Sun,LaLiga,Away,D,0.0,0.0,Getafe,,14.0,4.0,11.0,20.0,2.0,1.0,8.0,1.0,2024,Barcelona,6
2023-08-13,Sun,LaLiga,Away,W,2.0,1.0,Villarreal,,12.0,5.0,17.0,13.0,3.0,0.0,1.0,0.0,2024,Betis,6
2023-08-13,Sun,LaLiga,Home,L,0.0,2.0,Osasuna,,11.0,1.0,11.0,15.0,1.0,0.0,1.0,0.0,2024,Celta,6
2023-08-13,Sun,LaLiga,Home,D,0.0,0.0,Barcelona,,5.0,2.0,20.0,11.0,8.0,1.0,2.0,1.0,2024,Getafe,6
2023-08-13,Sun,LaLiga,Away,W,2.0,0.0,Celta,,11.0,5.0,15.0,11.0,1.0,0.0,1.0,0.0,2024,Osasuna,6
2023-08-13,Sun,LaLiga,Home,L,1.0,2.0,Betis,,18.0,5.0,13.0,17.0,1.0,0.0,3.0,0.0,2024,Villarreal,6
2023-08-14,Mon,LaLiga,Away,L,0.0,1.0,Cadiz,,10.0,2.0,15.0,19.0,2.0,0.0,3.0,1.0,2024,Alaves,0
2023-08-14,Mon,LaLiga,Home,W,3.0,1.0,Granada,,14.0,6.0,15.0,9.0,3.0,0.0,1.0,0.0,2024,Ath Madrid,0
2023-08-14,Mon,LaLiga,Home,W,1.0,0.0,Alaves,,12.0,3.0,19.0,15.0,3.0,1.0,2.0,0.0,2024,Cadiz,0
2023-08-14,Mon,LaLiga,Away,L,1.0,3.0,Ath Madrid,,7.0,4.0,9.0,15.0,1.0,0.0,3.0,0.0,2024,Granada,0
2023-08-18,Fri,LaLiga,Away,L,0.0,1.0,Valencia,,7.0,1.0,6.0,12.0,0.0,0.0,0.0,0.0,2024,Las Palmas,4
2023-08-18,Fri,LaLiga,Home,L,0.0,1.0,Villarreal,,8.0,1.0,12.0,11.0,2.0,0.0,4.0,0.0,2024,Mallorca,4
2023-08-18,Fri,LaLiga,Home,W,1.0,0.0,Las Palmas,,9.0,4.0,12.0,6.0,0.0,0.0,0.0,0.0,2024,Valencia,4
2023-08-18,Fri,LaLiga,Away,W,1.0,0.0,Mallorca,,15.0,3.0,11.0,12.0,4.0,0.0,2.0,0.0,2024,Villarreal,4
2023-08-19,Sat,LaLiga,Home,L,1.0,3.0,Real Madrid,,20.0,8.0,10.0,13.0,1.0,0.0,0.0,0.0,2024,Almeria,5
2023-08-19,Sat,LaLiga,Away,W,2.0,0.0,Osasuna,,8.0,2.0,14.0,9.0,5.0,1.0,1.0,1.0,2024,Ath Bilbao,5
2023-08-19,Sat,LaLiga,Away,D,1.0,1.0,Sociedad,,17.0,6.0,12.0,12.0,1.0,0.0,2.0,0.0,2024,Celta,5
2023-08-19,Sat,LaLiga,Home,L,0.0,2.0,Ath Bilbao,,18.0,7.0,9.0,14.0,1.0,1.0,5.0,1.0,2024,Osasuna,5
2023-08-19,Sat,LaLiga,Away,W,3.0,1.0,Almeria,,24.0,9.0,13.0,10.0,0.0,0.0,1.0,0.0,2024,Real Madrid,5
2023-08-19,Sat,LaLiga,Home,D,1.0,1.0,Celta,,11.0,2.0,12.0,12.0,2.0,0.0,1.0,0.0,2024,Sociedad,5
2023-08-20,Sun,LaLiga,Away,D,0.0,0.0,Betis,,5.0,1.0,8.0,10.0,1.0,0.0,2.0,0.0,2024,Ath Madrid,6
2023-08-20,Sun,LaLiga,Home,W,2.0,0.0,Cadiz,,23.0,10.0,9.0,22.0,4.0,0.0,3.0,0.0,2024,Barcelona,6
2023-08-20,Sun,LaLiga,Home,D,0.0,0.0,Ath Madrid,,14.0,0.0,10.0,8.0,2.0,0.0,1.0,0.0,2024,Betis,6
2023-08-20,Sun,LaLiga,Away,L,0.0,2.0,Barcelona,,10.0,1.0,22.0,9.0,3.0,0.0,4.0,0.0,2024,Cadiz,6
2023-08-20,Sun,LaLiga,Away,L,0.0,3.0,Girona,,9.0,2.0,20.0,11.0,5.0,0.0,2.0,0.0,2024,Getafe,6
2023-08-20,Sun,LaLiga,Home,W,3.0,0.0,Getafe,,7.0,6.0,11.0,20.0,2.0,0.0,5.0,0.0,2024,Girona,6
2023-08-21,Mon,LaLiga,Home,W,4.0,3.0,Sevilla,,14.0,7.0,14.0,13.0,1.0,0.0,2.0,0.0,2024,Alaves,0
2023-08-21,Mon,LaLiga,Home,L,0.0,2.0,Vallecano,,14.0,7.0,14.0,11.0,2.0,1.0,1.0,0.0,2024,Granada,0
2023-08-21,Mon,LaLiga,Away,L,3.0,4.0,Alaves,,12.0,2.0,13.0,14.0,2.0,0.0,1.0,0.0,2024,Sevilla,0
2023-08-21,Mon,LaLiga,Away,W,2.0,0.0,Granada,,17.0,9.0,11.0,14.0,1.0,0.0,2.0,1.0,2024,Vallecano,0
2023-08-25,Fri,LaLiga,Home,L,0.0,1.0,Real Madrid,,13.0,4.0,19.0,14.0,2.0,0.0,3.0,0.0,2024,Celta,4
2023-08-25,Fri,LaLiga,Home,D,0.0,0.0,Sociedad,,11.0,5.0,7.0,29.0,1.0,0.0,4.0,0.0,2024,Las Palmas,4
2023-08-25,Fri,LaLiga,Away,W,1.0,0.0,Celta,,10.0,3.0,14.0,19.0,3.0,0.0,2.0,0.0,2024,Real Madrid,4
2023-08-25,Fri,LaLiga,Away,D,0.0,0.0,Las Palmas,,8.0,1.0,29.0,7.0,4.0,0.0,1.0,0.0,2024,Sociedad,4
2023-08-26,Sat,LaLiga,Away,D,1.0,1.0,Cadiz,,5.0,2.0,22.0,16.0,5.0,1.0,0.0,1.0,2024,Almeria,5
2023-08-26,Sat,LaLiga,Home,D,1.0,1.0,Almeria,,11.0,3.0,16.0,22.0,0.0,1.0,5.0,1.0,2024,Cadiz,5
2023-08-26,Sat,LaLiga,Away,W,2.0,1.0,Sevilla,,8.0,3.0,18.0,11.0,1.0,0.0,2.0,0.0,2024,Girona,5
2023-08-26,Sat,LaLiga,Home,W,3.0,2.0,Mallorca,,10.0,4.0,11.0,27.0,2.0,0.0,7.0,0.0,2024,Granada,5
2023-08-26,Sat,LaLiga,Away,L,2.0,3.0,Granada,,10.0,5.0,27.0,11.0,7.0,0.0,2.0,0.0,2024,Mallorca,5
2023-08-26,Sat,LaLiga,Home,L,1.0,2.0,Girona,,21.0,4.0,11.0,18.0,2.0,0.0,1.0,0.0,2024,Sevilla,5
2023-08-27,Sun,LaLiga,Home,W,4.0,2.0,Betis,,14.0,6.0,23.0,11.0,4.0,0.0,2.0,0.0,2024,Ath Bilbao,6
2023-08-27,Sun,LaLiga,Away,W,4.0,3.0,Villarreal,,21.0,11.0,14.0,12.0,3.0,0.0,3.0,0.0,2024,Barcelona,6
2023-08-27,Sun,LaLiga,Away,L,2.0,4.0,Ath Bilbao,,7.0,3.0,11.0,23.0,2.0,0.0,4.0,0.0,2024,Betis,6
2023-08-27,Sun,LaLiga,Away,W,2.0,1.0,Valencia,,7.0,2.0,12.0,13.0,4.0,0.0,3.0,0.0,2024,Osasuna,6
2023-08-27,Sun,LaLiga,Home,L,1.0,2.0,Osasuna,,16.0,4.0,13.0,12.0,3.0,0.0,4.0,0.0,2024,Valencia,6
2023-08-27,Sun,LaLiga,Home,L,3.0,4.0,Barcelona,,13.0,6.0,12.0,14.0,3.0,0.0,3.0,0.0,2024,Villarreal,6
2023-08-28,Mon,LaLiga,Away,L,0.0,1.0,Getafe,,16.0,2.0,15.0,13.0,2.0,0.0,1.0,0.0,2024,Alaves,0
2023-08-28,Mon,LaLiga,Away,W,7.0,0.0,Vallecano,,17.0,10.0,17.0,19.0,3.0,0.0,4.0,0.0,2024,Ath Madrid,0
2023-08-28,Mon,LaLiga,Home,W,1.0,0.0,Alaves,,15.0,4.0,13.0,15.0,1.0,0.0,2.0,0.0,2024,Getafe,0
2023-08-28,Mon,LaLiga,Home,L,0.0,7.0,Ath Madrid,,12.0,3.0,19.0,17.0,4.0,0.0,3.0,0.0,2024,Vallecano,0
2023-09-01,Fri,LaLiga,Home,L,2.0,3.0,Celta,,16.0,5.0,9.0,9.0,1.0,0.0,1.0,0.0,2024,Almeria,4
2023-09-01,Fri,LaLiga,Home,W,3.0,1.0,Villarreal,,18.0,4.0,21.0,15.0,5.0,0.0,4.0,1.0,2024,Cadiz,4
2023-09-01,Fri,LaLiga,Away,W,3.0,2.0,Almeria,,14.0,8.0,9.0,9.0,1.0,0.0,1.0,0.0,2024,Celta,4
2023-09-01,Fri,LaLiga,Away,L,1.0,3.0,Cadiz,,7.0,3.0,15.0,21.0,4.0,1.0,5.0,0.0,2024,Villarreal,4
2023-09-02,Sat,LaLiga,Home,W,1.0,0.0,Valencia,,7.0,1.0,18.0,9.0,4.0,0.0,2.0,0.0,2024,Alaves,5
2023-09-02,Sat,LaLiga,Home,W,1.0,0.0,Vallecano,,14.0,5.0,22.0,20.0,3.0,0.0,5.0,0.0,2024,Betis,5
2023-09-02,Sat,LaLiga,Away,L,1.0,2.0,Real Madrid,,6.0,2.0,16.0,12.0,6.0,0.0,2.0,0.0,2024,Getafe,5
2023-09-02,Sat,LaLiga,Away,L,3.0,5.0,Sociedad,,8.0,5.0,14.0,15.0,5.0,0.0,1.0,0.0,2024,Granada,5
2023-09-02,Sat,LaLiga,Home,W,2.0,1.0,Getafe,,26.0,12.0,12.0,16.0,2.0,0.0,6.0,0.0,2024,Real Madrid,5
2023-09-02,Sat,LaLiga,Home,W,5.0,3.0,Granada,,15.0,6.0,15.0,14.0,1.0,0.0,5.0,0.0,2024,Sociedad,5
2023-09-02,Sat,LaLiga,Away,L,0.0,1.0,Alaves,,9.0,4.0,9.0,18.0,2.0,0.0,4.0,0.0,2024,Valencia,5
2023-09-02,Sat,LaLiga,Away,L,0.0,1.0,Betis,,15.0,6.0,20.0,22.0,5.0,0.0,3.0,0.0,2024,Vallecano,5
2023-09-03,Sun,LaLiga,Away,D,0.0,0.0,Mallorca,,11.0,3.0,17.0,12.0,1.0,0.0,0.0,0.0,2024,Ath Bilbao,6
2023-09-03,Sun,LaLiga,Away,W,2.0,1.0,Osasuna,,9.0,4.0,16.0,6.0,3.0,0.0,1.0,1.0,2024,Barcelona,6
2023-09-03,Sun,LaLiga,Home,W,1.0,0.0,Las Palmas,,11.0,6.0,15.0,10.0,3.0,0.0,3.0,0.0,2024,Girona,6
2023-09-03,Sun,LaLiga,Away,L,0.0,1.0,Girona,,10.0,5.0,10.0,15.0,3.0,0.0,3.0,0.0,2024,Las Palmas,6
2023-09-03,Sun,LaLiga,Home,D,0.0,0.0,Ath Bilbao,,8.0,2.0,12.0,17.0,0.0,0.0,1.0,0.0,2024,Mallorca,6
2023-09-03,Sun,LaLiga,Home,L,1.0,2.0,Barcelona,,11.0,3.0,6.0,16.0,1.0,1.0,3.0,0.0,2024,Osasuna,6
2023-09-15,Fri,LaLiga,Away,L,0.0,2.0,Vallecano,,9.0,1.0,14.0,15.0,3.0,0.0,2.0,0.0,2024,Alaves,4
2023-09-15,Fri,LaLiga,Home,W,2.0,0.0,Alaves,,20.0,11.0,15.0,14.0,2.0,0.0,3.0,0.0,2024,Vallecano,4
2023-09-16,Sat,LaLiga,Home,W,3.0,0.0,Cadiz,,20.0,9.0,10.0,20.0,1.0,0.0,4.0,0.0,2024,Ath Bilbao,5
2023-09-16,Sat,LaLiga,Away,L,0.0,3.0,Valencia,,11.0,3.0,17.0,13.0,5.0,0.0,1.0,0.0,2024,Ath Madrid,5
2023-09-16,Sat,LaLiga,Home,W,5.0,0.0,Betis,,17.0,9.0,9.0,10.0,1.0,0.0,2.0,0.0,2024,Barcelona,5
2023-09-16,Sat,LaLiga,Away,L,0.0,5.0,Barcelona,,11.0,2.0,10.0,9.0,2.0,0.0,1.0,0.0,2024,Betis,5
2023-09-16,Sat,LaLiga,Away,L,0.0,3.0,Ath Bilbao,,5.0,4.0,20.0,10.0,4.0,0.0,1.0,0.0,2024,Cadiz,5
2023-09-16,Sat,LaLiga,Home,L,0.0,1.0,Mallorca,,16.0,4.0,9.0,15.0,1.0,0.0,3.0,0.0,2024,Celta,5
2023-09-16,Sat,LaLiga,Away,W,1.0,0.0,Celta,,7.0,4.0,15.0,9.0,3.0,0.0,1.0,0.0,2024,Mallorca,5
2023-09-16,Sat,LaLiga,Home,W,3.0,0.0,Ath Madrid,,12.0,8.0,13.0,17.0,1.0,0.0,5.0,0.0,2024,Valencia,5
2023-09-17,Sun,LaLiga,Away,L,1.0,2.0,Villarreal,,17.0,7.0,6.0,16.0,3.0,0.0,2.0,0.0,2024,Almeria,6
2023-09-17,Sun,LaLiga,Home,W,3.0,2.0,Osasuna,,11.0,6.0,15.0,11.0,6.0,0.0,2.0,0.0,2024,Getafe,6
2023-09-17,Sun,LaLiga,Away,L,0.0,1.0,Sevilla,,12.0,2.0,12.0,13.0,5.0,0.0,3.0,0.0,2024,Las Palmas,6
2023-09-17,Sun,LaLiga,Away,L,2.0,3.0,Getafe,,8.0,3.0,11.0,15.0,2.0,0.0,6.0,0.0,2024,Osasuna,6
2023-09-17,Sun,LaLiga,Home,W,2.0,1.0,Sociedad,,17.0,8.0,11.0,14.0,3.0,0.0,2.0,0.0,2024,Real Madrid,6
2023-09-17,Sun,LaLiga,Home,W,1.0,0.0,Las Palmas,,26.0,9.0,13.0,12.0,3.0,0.0,5.0,0.0,2024,Sevilla,6
2023-09-17,Sun,LaLiga,Away,L,1.0,2.0,Real Madrid,,15.0,5.0,14.0,11.0,2.0,0.0,3.0,0.0,2024,Sociedad,6
2023-09-17,Sun,LaLiga,Home,W,2.0,1.0,Almeria,,10.0,4.0,16.0,6.0,2.0,0.0,3.0,0.0,2024,Villarreal,6
2023-09-18,Mon,LaLiga,Away,W,4.0,2.0,Granada,,13.0,7.0,21.0,13.0,3.0,0.0,3.0,0.0,2024,Girona,0
2023-09-18,Mon,LaLiga,Home,L,2.0,4.0,Girona,,12.0,5.0,13.0,21.0,3.0,0.0,3.0,0.0,2024,Granada,0
2023-09-22,Fri,LaLiga,Home,L,0.0,2.0,Ath Bilbao,,15.0,5.0,13.0,9.0,2.0,0.0,2.0,0.0,2024,Alaves,4
2023-09-22,Fri,LaLiga,Away,W,2.0,0.0,Alaves,,11.0,3.0,9.0,13.0,2.0,0.0,2.0,0.0,2024,Ath Bilbao,4
2023-09-23,Sat,LaLiga,Home,D,2.0,2.0,Valencia,,17.0,10.0,12.0,10.0,4.0,0.0,2.0,0.0,2024,Almeria,5
2023-09-23,Sat,LaLiga,Home,W,3.0,2.0,Celta,,15.0,6.0,10.0,11.0,2.0,0.0,1.0,0.0,2024,Barcelona,5
2023-09-23,Sat,LaLiga,Away,L,2.0,3.0,Barcelona,,13.0,7.0,11.0,10.0,1.0,0.0,2.0,0.0,2024,Celta,5
2023-09-23,Sat,LaLiga,Home,W,5.0,3.0,Mallorca,,23.0,10.0,10.0,12.0,1.0,0.0,5.0,0.0,2024,Girona,5
2023-09-23,Sat,LaLiga,Away,L,3.0,5.0,Girona,,15.0,5.0,12.0,10.0,5.0,0.0,1.0,0.0,2024,Mallorca,5
2023-09-23,Sat,LaLiga,Home,D,0.0,0.0,Sevilla,,16.0,2.0,11.0,7.0,2.0,0.0,3.0,0.0,2024,Osasuna,5
2023-09-23,Sat,LaLiga,Away,D,0.0,0.0,Osasuna,,15.0,3.0,7.0,11.0,3.0,0.0,2.0,0.0,2024,Sevilla,5
2023-09-23,Sat,LaLiga,Away,D,2.0,2.0,Almeria,,7.0,5.0,10.0,12.0,2.0,0.0,4.0,0.0,2024,Valencia,5
2023-09-24,Sun,LaLiga,Home,W,3.0,1.0,Real Madrid,,10.0,4.0,13.0,10.0,1.0,0.0,3.0,0.0,2024,Ath Madrid,6
2023-09-24,Sun,LaLiga,Home,D,1.0,1.0,Cadiz,,21.0,7.0,10.0,14.0,2.0,0.0,3.0,0.0,2024,Betis,6
2023-09-24,Sun,LaLiga,Away,D,1.0,1.0,Betis,,5.0,1.0,14.0,10.0,3.0,0.0,2.0,0.0,2024,Cadiz,6
2023-09-24,Sun,LaLiga,Away,L,3.0,4.0,Sociedad,,10.0,7.0,24.0,13.0,2.0,0.0,3.0,0.0,2024,Getafe,6
2023-09-24,Sun,LaLiga,Away,L,0.0,1.0,Las Palmas,,2.0,1.0,19.0,13.0,4.0,0.0,6.0,1.0,2024,Granada,6
2023-09-24,Sun,LaLiga,Home,W,1.0,0.0,Granada,,10.0,3.0,13.0,19.0,6.0,1.0,4.0,0.0,2024,Las Palmas,6
2023-09-24,Sun,LaLiga,Away,L,1.0,3.0,Ath Madrid,,20.0,5.0,10.0,13.0,3.0,0.0,1.0,0.0,2024,Real Madrid,6
2023-09-24,Sun,LaLiga,Home,W,4.0,3.0,Getafe,,10.0,6.0,13.0,24.0,3.0,0.0,2.0,0.0,2024,Sociedad,6
2023-09-24,Sun,LaLiga,Home,D,1.0,1.0,Villarreal,,11.0,6.0,20.0,18.0,2.0,0.0,3.0,1.0,2024,Vallecano,6
2023-09-24,Sun,LaLiga,Away,D,1.0,1.0,Vallecano,,13.0,6.0,18.0,20.0,3.0,1.0,2.0,0.0,2024,Villarreal,6
2023-09-26,Tue,LaLiga,Away,L,1.0,5.0,Sevilla,,10.0,1.0,16.0,15.0,2.0,0.0,3.0,0.0,2024,Almeria,1
2023-09-26,Tue,LaLiga,Away,D,2.0,2.0,Mallorca,,10.0,4.0,7.0,19.0,1.0,0.0,4.0,1.0,2024,Barcelona,1
2023-09-26,Tue,LaLiga,Home,D,2.0,2.0,Barcelona,,10.0,5.0,19.0,7.0,4.0,1.0,1.0,0.0,2024,Mallorca,1
2023-09-26,Tue,LaLiga,Home,W,5.0,1.0,Almeria,,18.0,9.0,15.0,16.0,3.0,0.0,2.0,0.0,2024,Sevilla,1
2023-09-27,Wed,LaLiga,Home,D,2.0,2.0,Getafe,,9.0,4.0,9.0,19.0,5.0,1.0,6.0,0.0,2024,Ath Bilbao,2
2023-09-27,Wed,LaLiga,Home,D,0.0,0.0,Vallecano,,9.0,2.0,16.0,13.0,5.0,0.0,6.0,1.0,2024,Cadiz,2
2023-09-27,Wed,LaLiga,Away,D,2.0,2.0,Ath Bilbao,,13.0,5.0,19.0,9.0,6.0,0.0,5.0,1.0,2024,Getafe,2
2023-09-27,Wed,LaLiga,Away,W,2.0,1.0,Villarreal,,17.0,5.0,11.0,9.0,2.0,0.0,3.0,0.0,2024,Girona,2
2023-09-27,Wed,LaLiga,Away,L,0.0,2.0,Real Madrid,,16.0,2.0,9.0,7.0,1.0,0.0,0.0,0.0,2024,Las Palmas,2
2023-09-27,Wed,LaLiga,Home,W,2.0,0.0,Las Palmas,,21.0,9.0,7.0,9.0,0.0,0.0,1.0,0.0,2024,Real Madrid,2
2023-09-27,Wed,LaLiga,Away,W,1.0,0.0,Valencia,,2.0,1.0,17.0,14.0,7.0,0.0,4.0,1.0,2024,Sociedad,2
2023-09-27,Wed,LaLiga,Home,L,0.0,1.0,Sociedad,,9.0,2.0,14.0,17.0,4.0,1.0,7.0,0.0,2024,Valencia,2
2023-09-27,Wed,LaLiga,Away,D,0.0,0.0,Cadiz,,9.0,4.0,13.0,16.0,6.0,1.0,5.0,0.0,2024,Vallecano,2
2023-09-27,Wed,LaLiga,Home,L,1.0,2.0,Girona,,14.0,3.0,9.0,11.0,3.0,0.0,2.0,0.0,2024,Villarreal,2
2023-09-28,Thu,LaLiga,Away,D,1.0,1.0,Celta,,21.0,11.0,11.0,9.0,3.0,0.0,5.0,1.0,2024,Alaves,3
2023-09-28,Thu,LaLiga,Away,W,2.0,0.0,Osasuna,,4.0,3.0,4.0,14.0,3.0,1.0,3.0,1.0,2024,Ath Madrid,3
2023-09-28,Thu,LaLiga,Away,D,1.0,1.0,Granada,,13.0,3.0,10.0,14.0,1.0,0.0,2.0,0.0,2024,Betis,3
2023-09-28,Thu,LaLiga,Home,D,1.0,1.0,Alaves,,8.0,0.0,9.0,11.0,5.0,1.0,3.0,0.0,2024,Celta,3
2023-09-28,Thu,LaLiga,Home,D,1.0,1.0,Betis,,19.0,7.0,14.0,10.0,2.0,0.0,1.0,0.0,2024,Granada,3
2023-09-28,Thu,LaLiga,Home,L,0.0,2.0,Ath Madrid,,13.0,2.0,14.0,4.0,3.0,1.0,3.0,1.0,2024,Osasuna,3
2023-09-29,Fri,LaLiga,Home,W,1.0,0.0,Sevilla,,18.0,5.0,11.0,15.0,2.0,0.0,3.0,0.0,2024,Barcelona,4
2023-09-29,Fri,LaLiga,Away,L,0.0,1.0,Barcelona,,12.0,3.0,15.0,11.0,3.0,0.0,2.0,0.0,2024,Sevilla,4
2023-09-30,Sat,LaLiga,Away,L,0.0,3.0,Sociedad,,18.0,3.0,9.0,20.0,2.0,0.0,2.0,0.0,2024,Ath Bilbao,5
2023-09-30,Sat,LaLiga,Home,D,0.0,0.0,Villarreal,,22.0,9.0,19.0,11.0,2.0,0.0,4.0,1.0,2024,Getafe,5
2023-09-30,Sat,LaLiga,Home,L,0.0,3.0,Real Madrid,,13.0,3.0,13.0,14.0,2.0,0.0,2.0,1.0,2024,Girona,5
2023-09-30,Sat,LaLiga,Away,D,2.0,2.0,Vallecano,,9.0,4.0,20.0,12.0,5.0,0.0,2.0,0.0,2024,Mallorca,5
2023-09-30,Sat,LaLiga,Away,W,3.0,0.0,Girona,,14.0,7.0,14.0,13.0,2.0,1.0,2.0,0.0,2024,Real Madrid,5
2023-09-30,Sat,LaLiga,Home,W,3.0,0.0,Ath Bilbao,,8.0,5.0,20.0,9.0,2.0,0.0,2.0,0.0,2024,Sociedad,5
2023-09-30,Sat,LaLiga,Home,D,2.0,2.0,Mallorca,,19.0,5.0,12.0,20.0,2.0,0.0,5.0,0.0,2024,Vallecano,5
2023-09-30,Sat,LaLiga,Away,D,0.0,0.0,Getafe,,3.0,0.0,11.0,19.0,4.0,1.0,2.0,0.0,2024,Villarreal,5
2023-10-01,Sun,LaLiga,Home,L,0.0,2.0,Osasuna,,17.0,3.0,13.0,13.0,2.0,1.0,3.0,0.0,2024,Alaves,6
2023-10-01,Sun,LaLiga,Home,D,3.0,3.0,Granada,,17.0,5.0,18.0,14.0,2.0,0.0,1.0,0.0,2024,Almeria,6
2023-10-01,Sun,LaLiga,Home,W,3.0,2.0,Cadiz,,18.0,9.0,5.0,10.0,1.0,0.0,3.0,0.0,2024,Ath Madrid,6
2023-10-01,Sun,LaLiga,Home,W,3.0,0.0,Valencia,,15.0,7.0,11.0,10.0,2.0,0.0,2.0,0.0,2024,Betis,6
2023-10-01,Sun,LaLiga,Away,L,2.0,3.0,Ath Madrid,,8.0,4.0,10.0,5.0,3.0,0.0,1.0,0.0,2024,Cadiz,6
2023-10-01,Sun,LaLiga,Away,D,3.0,3.0,Almeria,,19.0,4.0,14.0,18.0,1.0,0.0,2.0,0.0,2024,Granada,6
2023-10-01,Sun,LaLiga,Away,W,2.0,0.0,Alaves,,10.0,3.0,13.0,13.0,3.0,0.0,2.0,1.0,2024,Osasuna,6
2023-10-01,Sun,LaLiga,Away,L,0.0,3.0,Betis,,9.0,2.0,10.0,11.0,2.0,0.0,2.0,0.0,2024,Valencia,6
2023-10-02,Mon,LaLiga,Away,L,1.0,2.0,Las Palmas,,11.0,3.0,14.0,13.0,1.0,0.0,2.0,0.0,2024,Celta,0
2023-10-02,Mon,LaLiga,Home,W,2.0,1.0,Celta,,16.0,5.0,13.0,14.0,2.0,0.0,1.0,0.0,2024,Las Palmas,0
2023-10-06,Fri,LaLiga,Away,L,0.0,3.0,Ath Bilbao,,4.0,1.0,7.0,11.0,0.0,0.0,2.0,0.0,2024,Almeria,4
2023-10-06,Fri,LaLiga,Home,W,3.0,0.0,Almeria,,23.0,9.0,11.0,7.0,2.0,0.0,0.0,0.0,2024,Ath Bilbao,4
2023-10-07,Sat,LaLiga,Home,L,0.0,1.0,Girona,,8.0,2.0,12.0,13.0,1.0,1.0,3.0,0.0,2024,Cadiz,5
2023-10-07,Sat,LaLiga,Away,W,1.0,0.0,Cadiz,,20.0,5.0,13.0,12.0,3.0,0.0,1.0,1.0,2024,Girona,5
2023-10-07,Sat,LaLiga,Home,D,1.0,1.0,Valencia,,9.0,5.0,17.0,11.0,2.0,0.0,1.0,0.0,2024,Mallorca,5
2023-10-07,Sat,LaLiga,Away,L,0.0,4.0,Real Madrid,,7.0,1.0,6.0,9.0,2.0,0.0,2.0,0.0,2024,Osasuna,5
2023-10-07,Sat,LaLiga,Home,W,4.0,0.0,Osasuna,,19.0,9.0,9.0,6.0,2.0,0.0,2.0,0.0,2024,Real Madrid,5
2023-10-07,Sat,LaLiga,Home,D,2.0,2.0,Vallecano,,22.0,6.0,16.0,19.0,5.0,0.0,2.0,0.0,2024,Sevilla,5
2023-10-07,Sat,LaLiga,Away,D,1.0,1.0,Mallorca,,11.0,3.0,11.0,17.0,1.0,0.0,2.0,0.0,2024,Valencia,5
2023-10-07,Sat,LaLiga,Away,D,2.0,2.0,Sevilla,,7.0,4.0,19.0,16.0,2.0,0.0,5.0,0.0,2024,Vallecano,5
2023-10-08,Sun,LaLiga,Home,D,1.0,1.0,Betis,,15.0,5.0,13.0,9.0,3.0,0.0,3.0,1.0,2024,Alaves,6
2023-10-08,Sun,LaLiga,Home,W,2.0,1.0,Sociedad,,14.0,5.0,9.0,12.0,3.0,0.0,3.0,0.0,2024,Ath Madrid,6
2023-10-08,Sun,LaLiga,Away,D,2.0,2.0,Granada,,22.0,10.0,7.0,12.0,1.0,0.0,4.0,0.0,2024,Barcelona,6
2023-10-08,Sun,LaLiga,Away,D,1.0,1.0,Alaves,,6.0,2.0,9.0,13.0,3.0,1.0,3.0,0.0,2024,Betis,6
2023-10-08,Sun,LaLiga,Home,D,2.0,2.0,Getafe,,26.0,11.0,14.0,20.0,1.0,0.0,8.0,1.0,2024,Celta,6
2023-10-08,Sun,LaLiga,Away,D,2.0,2.0,Celta,,3.0,2.0,20.0,14.0,8.0,1.0,1.0,0.0,2024,Getafe,6
2023-10-08,Sun,LaLiga,Home,D,2.0,2.0,Barcelona,,7.0,2.0,12.0,7.0,4.0,0.0,1.0,0.0,2024,Granada,6
2023-10-08,Sun,LaLiga,Away,W,2.0,1.0,Villarreal,,8.0,5.0,7.0,17.0,4.0,0.0,4.0,0.0,2024,Las Palmas,6
2023-10-08,Sun,LaLiga,Away,L,1.0,2.0,Ath Madrid,,13.0,4.0,12.0,9.0,3.0,0.0,3.0,0.0,2024,Sociedad,6
2023-10-08,Sun,LaLiga,Home,L,1.0,2.0,Las Palmas,,9.0,4.0,17.0,7.0,4.0,0.0,4.0,0.0,2024,Villarreal,6
2023-10-20,Fri,LaLiga,Away,L,0.0,2.0,Osasuna,,13.0,3.0,13.0,19.0,4.0,1.0,3.0,0.0,2024,Granada,4
2023-10-20,Fri,LaLiga,Home,W,2.0,0.0,Granada,,12.0,6.0,19.0,13.0,3.0,0.0,4.0,1.0,2024,Osasuna,4
2023-10-21,Sat,LaLiga,Away,W,3.0,0.0,Celta,,12.0,7.0,10.0,10.0,2.0,0.0,3.0,1.0,2024,Ath Madrid,5
2023-10-21,Sat,LaLiga,Away,D,1.0,1.0,Getafe,,13.0,3.0,11.0,17.0,2.0,0.0,5.0,0.0,2024,Betis,5
2023-10-21,Sat,LaLiga,Home,L,0.0,3.0,Ath Madrid,,16.0,3.0,10.0,10.0,3.0,1.0,2.0,0.0,2024,Celta,5
2023-10-21,Sat,LaLiga,Home,D,1.0,1.0,Betis,,14.0,4.0,17.0,11.0,5.0,0.0,2.0,0.0,2024,Getafe,5
2023-10-21,Sat,LaLiga,Away,L,0.0,1.0,Sociedad,,18.0,7.0,16.0,14.0,3.0,0.0,3.0,0.0,2024,Mallorca,5
2023-10-21,Sat,LaLiga,Away,D,1.0,1.0,Sevilla,,14.0,5.0,6.0,13.0,2.0,0.0,5.0,0.0,2024,Real Madrid,5
2023-10-21,Sat,LaLiga,Home,D,1.0,1.0,Real Madrid,,17.0,7.0,13.0,6.0,5.0,0.0,2.0,0.0,2024,Sevilla,5
2023-10-21,Sat,LaLiga,Home,W,1.0,0.0,Mallorca,,14.0,6.0,14.0,16.0,3.0,0.0,3.0,0.0,2024,Sociedad,5
2023-10-22,Sun,LaLiga,Away,D,1.0,1.0,Villarreal,,16.0,7.0,10.0,15.0,3.0,0.0,4.0,0.0,2024,Alaves,6
2023-10-22,Sun,LaLiga,Away,L,2.0,5.0,Girona,,9.0,5.0,14.0,11.0,2.0,0.0,1.0,0.0,2024,Almeria,6
2023-10-22,Sun,LaLiga,Away,L,0.0,1.0,Barcelona,,10.0,3.0,18.0,11.0,3.0,0.0,3.0,0.0,2024,Ath Bilbao,6
2023-10-22,Sun,LaLiga,Home,W,1.0,0.0,Ath Bilbao,,12.0,7.0,11.0,18.0,3.0,0.0,3.0,0.0,2024,Barcelona,6
2023-10-22,Sun,LaLiga,Home,W,5.0,2.0,Almeria,,19.0,8.0,11.0,14.0,1.0,0.0,2.0,0.0,2024,Girona,6
2023-10-22,Sun,LaLiga,Home,L,0.0,1.0,Vallecano,,12.0,6.0,13.0,11.0,4.0,0.0,3.0,1.0,2024,Las Palmas,6
2023-10-22,Sun,LaLiga,Away,W,1.0,0.0,Las Palmas,,12.0,4.0,11.0,13.0,3.0,1.0,4.0,0.0,2024,Vallecano,6
2023-10-22,Sun,LaLiga,Home,D,1.0,1.0,Alaves,,12.0,3.0,15.0,10.0,4.0,0.0,3.0,0.0,2024,Villarreal,6
2023-10-23,Mon,LaLiga,Away,L,0.0,2.0,Valencia,,5.0,4.0,16.0,16.0,3.0,1.0,0.0,0.0,2024,Cadiz,0
2023-10-23,Mon,LaLiga,Home,W,2.0,0.0,Cadiz,,12.0,4.0,16.0,16.0,0.0,0.0,3.0,1.0,2024,Valencia,0
2023-10-27,Fri,LaLiga,Away,L,0.0,1.0,Girona,,4.0,2.0,12.0,15.0,2.0,0.0,3.0,0.0,2024,Celta,4
2023-10-27,Fri,LaLiga,Home,W,1.0,0.0,Celta,,12.0,2.0,15.0,12.0,3.0,0.0,2.0,0.0,2024,Girona,4
2023-10-28,Sat,LaLiga,Home,L,1.0,2.0,Las Palmas,,10.0,4.0,13.0,19.0,3.0,0.0,1.0,0.0,2024,Almeria,5
2023-10-28,Sat,LaLiga,Home,L,1.0,2.0,Real Madrid,,15.0,3.0,15.0,15.0,2.0,0.0,1.0,0.0,2024,Barcelona,5
2023-10-28,Sat,LaLiga,Home,D,2.0,2.0,Sevilla,,10.0,5.0,17.0,12.0,6.0,0.0,4.0,0.0,2024,Cadiz,5
2023-10-28,Sat,LaLiga,Away,D,0.0,0.0,Mallorca,,8.0,0.0,25.0,10.0,1.0,0.0,0.0,0.0,2024,Getafe,5
2023-10-28,Sat,LaLiga,Away,W,2.0,1.0,Almeria,,10.0,3.0,19.0,13.0,1.0,0.0,3.0,0.0,2024,Las Palmas,5
2023-10-28,Sat,LaLiga,Home,D,0.0,0.0,Getafe,,15.0,4.0,10.0,25.0,0.0,0.0,1.0,0.0,2024,Mallorca,5
2023-10-28,Sat,LaLiga,Away,W,2.0,1.0,Barcelona,,13.0,4.0,15.0,15.0,1.0,0.0,2.0,0.0,2024,Real Madrid,5
2023-10-28,Sat,LaLiga,Away,D,2.0,2.0,Cadiz,,20.0,10.0,12.0,17.0,4.0,0.0,6.0,0.0,2024,Sevilla,5
2023-10-29,Sun,LaLiga,Away,L,1.0,2.0,Ath Madrid,,8.0,1.0,11.0,10.0,2.0,0.0,3.0,0.0,2024,Alaves,6
2023-10-29,Sun,LaLiga,Home,D,2.0,2.0,Valencia,,12.0,7.0,11.0,10.0,3.0,0.0,1.0,0.0,2024,Ath Bilbao,6
2023-10-29,Sun,LaLiga,Home,W,2.0,1.0,Alaves,,11.0,7.0,10.0,11.0,3.0,0.0,2.0,0.0,2024,Ath Madrid,6
2023-10-29,Sun,LaLiga,Home,W,2.0,1.0,Osasuna,,9.0,2.0,10.0,25.0,3.0,0.0,4.0,0.0,2024,Betis,6
2023-10-29,Sun,LaLiga,Away,L,1.0,2.0,Betis,,7.0,1.0,25.0,10.0,4.0,0.0,3.0,0.0,2024,Osasuna,6
2023-10-29,Sun,LaLiga,Away,D,2.0,2.0,Vallecano,,15.0,3.0,16.0,17.0,2.0,0.0,3.0,0.0,2024,Sociedad,6
2023-10-29,Sun,LaLiga,Away,D,2.0,2.0,Ath Bilbao,,11.0,5.0,10.0,11.0,1.0,0.0,3.0,0.0,2024,Valencia,6
2023-10-29,Sun,LaLiga,Home,D,2.0,2.0,Sociedad,,16.0,7.0,17.0,16.0,3.0,0.0,2.0,0.0,2024,Vallecano,6
2023-10-30,Mon,LaLiga,Home,L,2.0,3.0,Villarreal,,18.0,8.0,14.0,15.0,0.0,0.0,4.0,0.0,2024,Granada,0
2023-10-30,Mon,LaLiga,Away,W,3.0,2.0,Granada,,6.0,5.0,15.0,14.0,4.0,0.0,0.0,0.0,2024,Villarreal,0
2023-11-03,Fri,LaLiga,Away,L,1.0,2.0,Las Palmas,,13.0,5.0,9.0,12.0,3.0,0.0,0.0,0.0,2024,Ath Madrid,4
2023-11-03,Fri,LaLiga,Home,W,2.0,1.0,Ath Madrid,,9.0,3.0,12.0,9.0,0.0,0.0,3.0,0.0,2024,Las Palmas,4
2023-11-04,Sat,LaLiga,Away,W,1.0,0.0,Sociedad,,12.0,4.0,8.0,16.0,3.0,0.0,3.0,0.0,2024,Barcelona,5
2023-11-04,Sat,LaLiga,Home,W,2.0,0.0,Mallorca,,22.0,3.0,13.0,16.0,1.0,0.0,4.0,1.0,2024,Betis,5
2023-11-04,Sat,LaLiga,Home,D,1.0,1.0,Sevilla,,15.0,3.0,14.0,10.0,2.0,1.0,5.0,0.0,2024,Celta,5
2023-11-04,Sat,LaLiga,Away,W,4.0,2.0,Osasuna,,11.0,4.0,10.0,14.0,3.0,0.0,5.0,0.0,2024,Girona,5
2023-11-04,Sat,LaLiga,Away,L,0.0,2.0,Betis,,8.0,1.0,16.0,13.0,4.0,1.0,1.0,0.0,2024,Mallorca,5
2023-11-04,Sat,LaLiga,Home,L,2.0,4.0,Girona,,15.0,3.0,14.0,10.0,5.0,0.0,3.0,0.0,2024,Osasuna,5
2023-11-04,Sat,LaLiga,Away,D,1.0,1.0,Celta,,13.0,5.0,10.0,14.0,5.0,0.0,2.0,1.0,2024,Sevilla,5
2023-11-04,Sat,LaLiga,Home,L,0.0,1.0,Barcelona,,13.0,6.0,16.0,8.0,3.0,0.0,3.0,0.0,2024,Sociedad,5
2023-11-05,Sun,LaLiga,Home,W,1.0,0.0,Almeria,,23.0,3.0,13.0,14.0,2.0,0.0,3.0,0.0,2024,Alaves,6
2023-11-05,Sun,LaLiga,Away,L,0.0,1.0,Alaves,,9.0,3.0,14.0,13.0,3.0,0.0,2.0,0.0,2024,Almeria,6
2023-11-05,Sun,LaLiga,Away,W,3.0,2.0,Villarreal,,17.0,7.0,18.0,11.0,4.0,0.0,4.0,0.0,2024,Ath Bilbao,6
2023-11-05,Sun,LaLiga,Away,L,0.0,1.0,Valencia,,6.0,1.0,15.0,20.0,5.0,0.0,3.0,0.0,2024,Granada,6
2023-11-05,Sun,LaLiga,Home,D,0.0,0.0,Vallecano,,22.0,5.0,12.0,15.0,3.0,0.0,5.0,0.0,2024,Real Madrid,6
2023-11-05,Sun,LaLiga,Home,W,1.0,0.0,Granada,,11.0,2.0,20.0,15.0,3.0,0.0,5.0,0.0,2024,Valencia,6
2023-11-05,Sun,LaLiga,Away,D,0.0,0.0,Real Madrid,,4.0,0.0,15.0,12.0,5.0,0.0,3.0,0.0,2024,Vallecano,6
2023-11-05,Sun,LaLiga,Home,L,2.0,3.0,Ath Bilbao,,17.0,6.0,11.0,18.0,4.0,0.0,4.0,0.0,2024,Villarreal,6
2023-11-06,Mon,LaLiga,Away,L,0.0,1.0,Getafe,,6.0,2.0,12.0,18.0,1.0,0.0,7.0,1.0,2024,Cadiz,0
2023-11-06,Mon,LaLiga,Home,W,1.0,0.0,Cadiz,,13.0,3.0,18.0,12.0,7.0,1.0,1.0,0.0,2024,Getafe,0
2023-11-10,Fri,LaLiga,Home,W,4.0,3.0,Celta,,21.0,12.0,15.0,13.0,2.0,0.0,2.0,0.0,2024,Ath Bilbao,4
2023-11-10,Fri,LaLiga,Away,L,3.0,4.0,Ath Bilbao,,13.0,5.0,13.0,15.0,2.0,0.0,2.0,0.0,2024,Celta,4
2023-11-11,Sat,LaLiga,Home,L,1.0,3.0,Sociedad,,7.0,2.0,18.0,19.0,2.0,0.0,2.0,0.0,2024,Almeria,5
2023-11-11,Sat,LaLiga,Away,D,1.0,1.0,Granada,,10.0,6.0,9.0,14.0,2.0,0.0,4.0,0.0,2024,Getafe,5
2023-11-11,Sat,LaLiga,Away,W,2.0,1.0,Vallecano,,19.0,7.0,13.0,15.0,2.0,0.0,1.0,0.0,2024,Girona,5
2023-11-11,Sat,LaLiga,Home,D,1.0,1.0,Getafe,,12.0,6.0,14.0,9.0,4.0,0.0,2.0,0.0,2024,Granada,5
2023-11-11,Sat,LaLiga,Away,D,1.0,1.0,Osasuna,,6.0,1.0,10.0,25.0,1.0,0.0,1.0,0.0,2024,Las Palmas,5
2023-11-11,Sat,LaLiga,Home,D,1.0,1.0,Las Palmas,,11.0,3.0,25.0,10.0,1.0,0.0,1.0,0.0,2024,Osasuna,5
2023-11-11,Sat,LaLiga,Home,W,5.0,1.0,Valencia,,16.0,7.0,7.0,26.0,1.0,0.0,3.0,0.0,2024,Real Madrid,5
2023-11-11,Sat,LaLiga,Away,W,3.0,1.0,Almeria,,18.0,6.0,19.0,18.0,2.0,0.0,2.0,0.0,2024,Sociedad,5
2023-11-11,Sat,LaLiga,Away,L,1.0,5.0,Real Madrid,,10.0,4.0,26.0,7.0,3.0,0.0,1.0,0.0,2024,Valencia,5
2023-11-11,Sat,LaLiga,Home,L,1.0,2.0,Girona,,22.0,9.0,15.0,13.0,1.0,0.0,2.0,0.0,2024,Vallecano,5
2023-11-12,Sun,LaLiga,Away,L,1.0,2.0,Barcelona,,8.0,1.0,10.0,11.0,1.0,0.0,2.0,0.0,2024,Alaves,6
2023-11-12,Sun,LaLiga,Home,W,3.0,1.0,Villarreal,,25.0,10.0,8.0,8.0,0.0,0.0,2.0,0.0,2024,Ath Madrid,6
2023-11-12,Sun,LaLiga,Home,W,2.0,1.0,Alaves,,11.0,6.0,11.0,10.0,2.0,0.0,1.0,0.0,2024,Barcelona,6
2023-11-12,Sun,LaLiga,Away,D,1.0,1.0,Sevilla,,14.0,6.0,14.0,18.0,1.0,0.0,1.0,0.0,2024,Betis,6
2023-11-12,Sun,LaLiga,Home,D,1.0,1.0,Betis,,13.0,4.0,18.0,14.0,1.0,0.0,1.0,0.0,2024,Sevilla,6
2023-11-12,Sun,LaLiga,Away,L,1.0,3.0,Ath Madrid,,11.0,7.0,8.0,8.0,2.0,0.0,0.0,0.0,2024,Villarreal,6
2023-11-24,Fri,LaLiga,Home,W,3.0,1.0,Granada,,8.0,5.0,10.0,13.0,1.0,0.0,3.0,0.0,2024,Alaves,4
2023-11-24,Fri,LaLiga,Away,L,1.0,3.0,Alaves,,11.0,4.0,13.0,10.0,3.0,0.0,1.0,0.0,2024,Granada,4
2023-11-25,Sat,LaLiga,Away,L,1.0,2.0,Getafe,,13.0,4.0,8.0,12.0,4.0,0.0,2.0,0.0,2024,Almeria,5
2023-11-25,Sat,LaLiga,Home,W,1.0,0.0,Mallorca,,20.0,3.0,8.0,19.0,0.0,0.0,0.0,0.0,2024,Ath Madrid,5
2023-11-25,Sat,LaLiga,Away,D,1.0,1.0,Vallecano,,15.0,4.0,13.0,23.0,4.0,0.0,3.0,0.0,2024,Barcelona,5
2023-11-25,Sat,LaLiga,Away,D,0.0,0.0,Valencia,,13.0,1.0,7.0,13.0,2.0,0.0,3.0,0.0,2024,Celta,5
2023-11-25,Sat,LaLiga,Home,W,2.0,1.0,Almeria,,18.0,5.0,12.0,8.0,2.0,0.0,4.0,0.0,2024,Getafe,5
2023-11-25,Sat,LaLiga,Away,L,0.0,1.0,Ath Madrid,,8.0,1.0,19.0,8.0,0.0,0.0,0.0,0.0,2024,Mallorca,5
2023-11-25,Sat,LaLiga,Home,D,0.0,0.0,Celta,,8.0,0.0,13.0,7.0,3.0,0.0,2.0,0.0,2024,Valencia,5
2023-11-25,Sat,LaLiga,Home,D,1.0,1.0,Barcelona,,10.0,4.0,23.0,13.0,3.0,0.0,4.0,0.0,2024,Vallecano,5
2023-11-26,Sun,LaLiga,Home,W,1.0,0.0,Las Palmas,,12.0,6.0,7.0,12.0,1.0,0.0,2.0,0.0,2024,Betis,6
2023-11-26,Sun,LaLiga,Home,L,0.0,3.0,Real Madrid,,13.0,4.0,16.0,16.0,3.0,0.0,3.0,0.0,2024,Cadiz,6
2023-11-26,Sun,LaLiga,Away,L,0.0,1.0,Betis,,15.0,4.0,12.0,7.0,2.0,0.0,1.0,0.0,2024,Las Palmas,6
2023-11-26,Sun,LaLiga,Away,L,1.0,3.0,Villarreal,,15.0,7.0,14.0,9.0,0.0,0.0,0.0,0.0,2024,Osasuna,6
2023-11-26,Sun,LaLiga,Away,W,3.0,0.0,Cadiz,,14.0,5.0,16.0,16.0,3.0,0.0,3.0,0.0,2024,Real Madrid,6
2023-11-26,Sun,LaLiga,Away,L,1.0,2.0,Sociedad,,8.0,2.0,8.0,22.0,1.0,2.0,2.0,0.0,2024,Sevilla,6
2023-11-26,Sun,LaLiga,Home,W,2.0,1.0,Sevilla,,11.0,8.0,22.0,8.0,2.0,0.0,1.0,2.0,2024,Sociedad,6
2023-11-26,Sun,LaLiga,Home,W,3.0,1.0,Osasuna,,10.0,3.0,9.0,14.0,0.0,0.0,0.0,0.0,2024,Villarreal,6
2023-11-27,Mon,LaLiga,Away,D,1.0,1.0,Girona,,13.0,6.0,16.0,8.0,1.0,0.0,1.0,0.0,2024,Ath Bilbao,0
2023-11-27,Mon,LaLiga,Home,D,1.0,1.0,Ath Bilbao,,12.0,2.0,8.0,16.0,1.0,0.0,1.0,0.0,2024,Girona,0
2023-11-29,Wed,LaLiga,Away,D,1.0,1.0,Mallorca,,6.0,3.0,18.0,14.0,3.0,0.0,2.0,0.0,2024,Cadiz,2
2023-11-29,Wed,LaLiga,Home,D,1.0,1.0,Cadiz,,16.0,3.0,14.0,18.0,2.0,0.0,3.0,0.0,2024,Mallorca,2
2023-12-01,Fri,LaLiga,Away,L,0.0,2.0,Las Palmas,,12.0,4.0,9.0,11.0,5.0,1.0,0.0,0.0,2024,Getafe,4
2023-12-01,Fri,LaLiga,Home,W,2.0,0.0,Getafe,,11.0,6.0,11.0,9.0,0.0,0.0,5.0,1.0,2024,Las Palmas,4
2023-12-02,Sat,LaLiga,Home,W,4.0,0.0,Vallecano,,9.0,4.0,15.0,11.0,1.0,0.0,2.0,0.0,2024,Ath Bilbao,5
2023-12-02,Sat,LaLiga,Home,W,2.0,1.0,Valencia,,9.0,5.0,6.0,7.0,2.0,0.0,3.0,0.0,2024,Girona,5
2023-12-02,Sat,LaLiga,Away,L,0.0,2.0,Real Madrid,,1.0,0.0,12.0,10.0,1.0,0.0,2.0,0.0,2024,Granada,5
2023-12-02,Sat,LaLiga,Home,D,1.0,1.0,Sociedad,,9.0,3.0,12.0,10.0,3.0,0.0,3.0,0.0,2024,Osasuna,5
2023-12-02,Sat,LaLiga,Home,W,2.0,0.0,Granada,,11.0,4.0,10.0,12.0,2.0,0.0,1.0,0.0,2024,Real Madrid,5
2023-12-02,Sat,LaLiga,Away,D,1.0,1.0,Osasuna,,17.0,5.0,10.0,12.0,3.0,0.0,3.0,0.0,2024,Sociedad,5
2023-12-02,Sat,LaLiga,Away,L,1.0,2.0,Girona,,9.0,3.0,7.0,6.0,3.0,0.0,2.0,0.0,2024,Valencia,5
2023-12-02,Sat,LaLiga,Away,L,0.0,4.0,Ath Bilbao,,11.0,3.0,11.0,15.0,2.0,0.0,1.0,0.0,2024,Vallecano,5
2023-12-03,Sun,LaLiga,Away,D,0.0,0.0,Mallorca,,7.0,4.0,15.0,16.0,2.0,0.0,4.0,0.0,2024,Alaves,6
2023-12-03,Sun,LaLiga,Home,D,0.0,0.0,Betis,,20.0,8.0,12.0,8.0,0.0,0.0,3.0,1.0,2024,Almeria,6
2023-12-03,Sun,LaLiga,Away,L,0.0,1.0,Barcelona,,9.0,4.0,12.0,17.0,4.0,0.0,5.0,0.0,2024,Ath Madrid,6
2023-12-03,Sun,LaLiga,Home,W,1.0,0.0,Ath Madrid,,13.0,2.0,17.0,12.0,5.0,0.0,4.0,0.0,2024,Barcelona,6
2023-12-03,Sun,LaLiga,Away,D,0.0,0.0,Almeria,,6.0,2.0,8.0,12.0,3.0,1.0,0.0,0.0,2024,Betis,6
2023-12-03,Sun,LaLiga,Home,D,0.0,0.0,Alaves,,7.0,3.0,16.0,15.0,4.0,0.0,2.0,0.0,2024,Mallorca,6
2023-12-03,Sun,LaLiga,Home,D,1.0,1.0,Villarreal,,18.0,4.0,6.0,16.0,3.0,0.0,2.0,0.0,2024,Sevilla,6
2023-12-03,Sun,LaLiga,Away,D,1.0,1.0,Sevilla,,5.0,4.0,16.0,6.0,2.0,0.0,3.0,0.0,2024,Villarreal,6
2023-12-04,Mon,LaLiga,Away,D,1.0,1.0,Celta,,2.0,1.0,18.0,14.0,6.0,1.0,1.0,0.0,2024,Cadiz,0
2023-12-04,Mon,LaLiga,Home,D,1.0,1.0,Cadiz,,26.0,7.0,14.0,18.0,1.0,0.0,6.0,1.0,2024,Celta,0
2023-12-08,Fri,LaLiga,Home,W,1.0,0.0,Valencia,,8.0,6.0,15.0,14.0,2.0,1.0,4.0,2.0,2024,Getafe,4
2023-12-08,Fri,LaLiga,Away,L,0.0,1.0,Getafe,,3.0,0.0,14.0,15.0,4.0,2.0,2.0,1.0,2024,Valencia,4
2023-12-09,Sat,LaLiga,Home,L,0.0,1.0,Las Palmas,,19.0,5.0,13.0,13.0,3.0,0.0,4.0,0.0,2024,Alaves,5
2023-12-09,Sat,LaLiga,Home,D,1.0,1.0,Real Madrid,,14.0,6.0,14.0,7.0,2.0,0.0,1.0,0.0,2024,Betis,5
2023-12-09,Sat,LaLiga,Away,W,1.0,0.0,Alaves,,9.0,2.0,13.0,13.0,4.0,0.0,3.0,0.0,2024,Las Palmas,5
2023-12-09,Sat,LaLiga,Home,W,1.0,0.0,Sevilla,,6.0,3.0,15.0,6.0,2.0,0.0,2.0,0.0,2024,Mallorca,5
2023-12-09,Sat,LaLiga,Away,D,1.0,1.0,Betis,,12.0,2.0,7.0,14.0,1.0,0.0,2.0,0.0,2024,Real Madrid,5
2023-12-09,Sat,LaLiga,Away,L,0.0,1.0,Mallorca,,19.0,5.0,6.0,15.0,2.0,0.0,2.0,0.0,2024,Sevilla,5
2023-12-09,Sat,LaLiga,Away,W,3.0,0.0,Villarreal,,16.0,5.0,22.0,10.0,1.0,0.0,2.0,0.0,2024,Sociedad,5
2023-12-09,Sat,LaLiga,Home,L,0.0,3.0,Sociedad,,20.0,4.0,10.0,22.0,2.0,0.0,1.0,0.0,2024,Villarreal,5
2023-12-10,Sun,LaLiga,Away,L,1.0,2.0,Ath Madrid,,19.0,5.0,11.0,13.0,0.0,0.0,1.0,0.0,2024,Almeria,6
2023-12-10,Sun,LaLiga,Home,W,2.0,1.0,Almeria,,13.0,4.0,13.0,11.0,1.0,0.0,0.0,0.0,2024,Ath Madrid,6
2023-12-10,Sun,LaLiga,Home,L,2.0,4.0,Girona,,31.0,11.0,7.0,10.0,1.0,0.0,2.0,0.0,2024,Barcelona,6
2023-12-10,Sun,LaLiga,Home,D,1.0,1.0,Osasuna,,12.0,5.0,15.0,16.0,1.0,0.0,2.0,0.0,2024,Cadiz,6
2023-12-10,Sun,LaLiga,Away,W,4.0,2.0,Barcelona,,15.0,7.0,10.0,7.0,2.0,0.0,1.0,0.0,2024,Girona,6
2023-12-10,Sun,LaLiga,Away,D,1.0,1.0,Cadiz,,13.0,5.0,16.0,15.0,2.0,0.0,1.0,0.0,2024,Osasuna,6
2023-12-11,Mon,LaLiga,Away,D,1.0,1.0,Granada,,19.0,4.0,11.0,9.0,2.0,0.0,0.0,0.0,2024,Ath Bilbao,0
2023-12-11,Mon,LaLiga,Away,D,0.0,0.0,Vallecano,,4.0,2.0,10.0,15.0,0.0,0.0,3.0,0.0,2024,Celta,0
2023-12-11,Mon,LaLiga,Home,D,1.0,1.0,Ath Bilbao,,7.0,4.0,9.0,11.0,0.0,0.0,2.0,0.0,2024,Granada,0
2023-12-11,Mon,LaLiga,Home,D,0.0,0.0,Celta,,17.0,4.0,15.0,10.0,3.0,0.0,0.0,0.0,2024,Vallecano,0
2023-12-15,Fri,LaLiga,Home,W,1.0,0.0,Vallecano,,10.0,4.0,20.0,13.0,2.0,0.0,3.0,0.0,2024,Osasuna,4
2023-12-15,Fri,LaLiga,Away,L,0.0,1.0,Osasuna,,9.0,3.0,13.0,20.0,3.0,0.0,2.0,0.0,2024,Vallecano,4
2023-12-16,Sat,LaLiga,Home,W,2.0,0.0,Ath Madrid,,16.0,7.0,7.0,10.0,0.0,0.0,1.0,0.0,2024,Ath Bilbao,5
2023-12-16,Sat,LaLiga,Away,L,0.0,2.0,Ath Bilbao,,7.0,3.0,10.0,7.0,1.0,0.0,0.0,0.0,2024,Ath Madrid,5
2023-12-16,Sat,LaLiga,Away,D,1.0,1.0,Valencia,,16.0,8.0,11.0,9.0,2.0,0.0,1.0,0.0,2024,Barcelona,5
2023-12-16,Sat,LaLiga,Home,W,1.0,0.0,Granada,,11.0,4.0,20.0,18.0,6.0,1.0,2.0,0.0,2024,Celta,5
2023-12-16,Sat,LaLiga,Away,W,3.0,0.0,Sevilla,,14.0,7.0,18.0,18.0,3.0,0.0,3.0,0.0,2024,Getafe,5
2023-12-16,Sat,LaLiga,Away,L,0.0,1.0,Celta,,7.0,2.0,18.0,20.0,2.0,0.0,6.0,1.0,2024,Granada,5
2023-12-16,Sat,LaLiga,Home,L,0.0,3.0,Getafe,,12.0,4.0,18.0,18.0,3.0,0.0,3.0,0.0,2024,Sevilla,5
2023-12-16,Sat,LaLiga,Home,D,1.0,1.0,Barcelona,,11.0,4.0,9.0,11.0,1.0,0.0,2.0,0.0,2024,Valencia,5
2023-12-17,Sun,LaLiga,Home,D,0.0,0.0,Mallorca,,7.0,1.0,12.0,9.0,2.0,0.0,1.0,0.0,2024,Almeria,6
2023-12-17,Sun,LaLiga,Away,D,0.0,0.0,Sociedad,,12.0,3.0,12.0,12.0,4.0,0.0,3.0,0.0,2024,Betis,6
2023-12-17,Sun,LaLiga,Away,D,1.0,1.0,Las Palmas,,13.0,5.0,12.0,9.0,3.0,0.0,1.0,0.0,2024,Cadiz,6
2023-12-17,Sun,LaLiga,Home,D,1.0,1.0,Cadiz,,7.0,2.0,9.0,12.0,1.0,0.0,3.0,0.0,2024,Las Palmas,6
2023-12-17,Sun,LaLiga,Away,D,0.0,0.0,Almeria,,20.0,2.0,9.0,12.0,1.0,0.0,2.0,0.0,2024,Mallorca,6
2023-12-17,Sun,LaLiga,Home,W,4.0,1.0,Villarreal,,22.0,9.0,14.0,12.0,2.0,0.0,3.0,0.0,2024,Real Madrid,6
2023-12-17,Sun,LaLiga,Home,D,0.0,0.0,Betis,,12.0,4.0,12.0,12.0,3.0,0.0,4.0,0.0,2024,Sociedad,6
2023-12-17,Sun,LaLiga,Away,L,1.0,4.0,Real Madrid,,3.0,1.0,12.0,14.0,3.0,0.0,2.0,0.0,2024,Villarreal,6
2023-12-18,Mon,LaLiga,Away,L,0.0,3.0,Girona,,12.0,2.0,7.0,9.0,1.0,0.0,0.0,0.0,2024,Alaves,0
2023-12-18,Mon,LaLiga,Home,W,3.0,0.0,Alaves,,9.0,4.0,9.0,7.0,0.0,0.0,1.0,0.0,2024,Girona,0
2023-12-19,Tue,LaLiga,Home,D,3.0,3.0,Getafe,,8.0,4.0,7.0,14.0,3.0,1.0,3.0,0.0,2024,Ath Madrid,1
2023-12-19,Tue,LaLiga,Away,D,3.0,3.0,Ath Madrid,,29.0,9.0,14.0,7.0,3.0,0.0,3.0,1.0,2024,Getafe,1
2023-12-19,Tue,LaLiga,Home,L,0.0,3.0,Sevilla,,12.0,3.0,10.0,18.0,2.0,0.0,1.0,0.0,2024,Granada,1
2023-12-19,Tue,LaLiga,Away,W,3.0,0.0,Granada,,12.0,5.0,18.0,10.0,1.0,0.0,2.0,0.0,2024,Sevilla,1
2023-12-19,Tue,LaLiga,Away,W,1.0,0.0,Vallecano,,8.0,3.0,18.0,16.0,5.0,1.0,1.0,0.0,2024,Valencia,1
2023-12-19,Tue,LaLiga,Home,L,0.0,1.0,Valencia,,7.0,1.0,16.0,18.0,1.0,0.0,5.0,1.0,2024,Vallecano,1
2023-12-20,Wed,LaLiga,Away,L,2.0,3.0,Barcelona,,10.0,5.0,9.0,16.0,3.0,0.0,3.0,0.0,2024,Almeria,2
2023-12-20,Wed,LaLiga,Home,W,1.0,0.0,Las Palmas,,19.0,10.0,12.0,11.0,1.0,0.0,3.0,0.0,2024,Ath Bilbao,2
2023-12-20,Wed,LaLiga,Home,W,3.0,2.0,Almeria,,30.0,11.0,16.0,9.0,3.0,0.0,3.0,0.0,2024,Barcelona,2
2023-12-20,Wed,LaLiga,Away,L,2.0,3.0,Villarreal,,15.0,5.0,15.0,16.0,4.0,0.0,2.0,0.0,2024,Celta,2
2023-12-20,Wed,LaLiga,Away,L,0.0,1.0,Ath Bilbao,,5.0,1.0,11.0,12.0,3.0,0.0,1.0,0.0,2024,Las Palmas,2
2023-12-20,Wed,LaLiga,Home,W,3.0,2.0,Celta,,12.0,8.0,16.0,15.0,2.0,0.0,4.0,0.0,2024,Villarreal,2
2023-12-21,Thu,LaLiga,Home,L,0.0,1.0,Real Madrid,,8.0,2.0,18.0,13.0,3.0,0.0,1.0,1.0,2024,Alaves,3
2023-12-21,Thu,LaLiga,Home,D,1.0,1.0,Girona,,21.0,4.0,6.0,9.0,2.0,0.0,2.0,0.0,2024,Betis,3
2023-12-21,Thu,LaLiga,Home,D,0.0,0.0,Sociedad,,10.0,2.0,16.0,15.0,3.0,0.0,1.0,0.0,2024,Cadiz,3
2023-12-21,Thu,LaLiga,Away,D,1.0,1.0,Betis,,12.0,4.0,9.0,6.0,2.0,0.0,2.0,0.0,2024,Girona,3
2023-12-21,Thu,LaLiga,Home,W,3.0,2.0,Osasuna,,15.0,8.0,11.0,12.0,3.0,0.0,1.0,0.0,2024,Mallorca,3
2023-12-21,Thu,LaLiga,Away,L,2.0,3.0,Mallorca,,12.0,7.0,12.0,11.0,1.0,0.0,3.0,0.0,2024,Osasuna,3
2023-12-21,Thu,LaLiga,Away,W,1.0,0.0,Alaves,,9.0,4.0,13.0,18.0,1.0,1.0,3.0,0.0,2024,Real Madrid,3
2023-12-21,Thu,LaLiga,Away,D,0.0,0.0,Cadiz,,8.0,1.0,15.0,16.0,1.0,0.0,3.0,0.0,2024,Sociedad,3
2023-12-23,Sat,LaLiga,Home,W,1.0,0.0,Sevilla,,12.0,4.0,12.0,19.0,7.0,1.0,3.0,0.0,2024,Ath Madrid,5
2023-12-23,Sat,LaLiga,Away,L,0.0,1.0,Ath Madrid,,8.0,2.0,19.0,12.0,3.0,0.0,7.0,1.0,2024,Sevilla,5
2024-01-02,Tue,LaLiga,Away,D,1.0,1.0,Sociedad,,7.0,2.0,17.0,9.0,4.0,0.0,4.0,1.0,2024,Alaves,1
2024-01-02,Tue,LaLiga,Home,L,0.0,2.0,Vallecano,,5.0,0.0,16.0,16.0,6.0,2.0,3.0,0.0,2024,Getafe,1
2024-01-02,Tue,LaLiga,Home,D,1.0,1.0,Alaves,,16.0,6.0,9.0,17.0,4.0,1.0,4.0,0.0,2024,Sociedad,1
2024-01-02,Tue,LaLiga,Home,W,3.0,1.0,Villarreal,,11.0,8.0,12.0,15.0,2.0,0.0,5.0,0.0,2024,Valencia,1
2024-01-02,Tue,LaLiga,Away,W,2.0,0.0,Getafe,,12.0,8.0,16.0,16.0,3.0,0.0,6.0,2.0,2024,Vallecano,1
2024-01-02,Tue,LaLiga,Away,L,1.0,3.0,Valencia,,8.0,4.0,15.0,12.0,5.0,0.0,2.0,0.0,2024,Villarreal,1
2024-01-03,Wed,LaLiga,Away,L,3.0,4.0,Girona,,18.0,12.0,10.0,8.0,1.0,0.0,0.0,0.0,2024,Ath Madrid,2
2024-01-03,Wed,LaLiga,Away,L,1.0,2.0,Celta,,14.0,3.0,12.0,10.0,2.0,0.0,0.0,0.0,2024,Betis,2
2024-01-03,Wed,LaLiga,Away,L,0.0,2.0,Granada,,15.0,2.0,16.0,17.0,4.0,1.0,3.0,0.0,2024,Cadiz,2
2024-01-03,Wed,LaLiga,Home,W,2.0,1.0,Betis,,19.0,6.0,10.0,12.0,0.0,0.0,2.0,0.0,2024,Celta,2
2024-01-03,Wed,LaLiga,Home,W,4.0,3.0,Ath Madrid,,17.0,9.0,8.0,10.0,0.0,0.0,1.0,0.0,2024,Girona,2
2024-01-03,Wed,LaLiga,Home,W,2.0,0.0,Cadiz,,15.0,8.0,17.0,16.0,3.0,0.0,4.0,1.0,2024,Granada,2
2024-01-03,Wed,LaLiga,Away,L,0.0,1.0,Real Madrid,,7.0,0.0,15.0,5.0,3.0,0.0,2.0,0.0,2024,Mallorca,2
2024-01-03,Wed,LaLiga,Home,W,1.0,0.0,Mallorca,,17.0,5.0,5.0,15.0,2.0,0.0,3.0,0.0,2024,Real Madrid,2
2024-01-04,Thu,LaLiga,Away,L,0.0,1.0,Osasuna,,4.0,0.0,5.0,14.0,2.0,0.0,1.0,0.0,2024,Almeria,3
2024-01-04,Thu,LaLiga,Away,W,2.0,0.0,Sevilla,,15.0,6.0,19.0,9.0,1.0,0.0,3.0,0.0,2024,Ath Bilbao,3
2024-01-04,Thu,LaLiga,Away,W,2.0,1.0,Las Palmas,,15.0,5.0,5.0,14.0,2.0,0.0,5.0,1.0,2024,Barcelona,3
2024-01-04,Thu,LaLiga,Home,L,1.0,2.0,Barcelona,,12.0,3.0,14.0,5.0,5.0,1.0,2.0,0.0,2024,Las Palmas,3
2024-01-04,Thu,LaLiga,Home,W,1.0,0.0,Almeria,,14.0,2.0,14.0,5.0,1.0,0.0,2.0,0.0,2024,Osasuna,3
2024-01-04,Thu,LaLiga,Home,L,0.0,2.0,Ath Bilbao,,11.0,2.0,9.0,19.0,3.0,0.0,1.0,0.0,2024,Sevilla,3
2024-01-12,Fri,LaLiga,Away,W,3.0,2.0,Sevilla,,16.0,8.0,13.0,12.0,3.0,0.0,4.0,0.0,2024,Alaves,4
2024-01-12,Fri,LaLiga,Home,L,2.0,3.0,Alaves,,19.0,4.0,12.0,13.0,4.0,0.0,3.0,0.0,2024,Sevilla,4
2024-01-13,Sat,LaLiga,Home,W,2.0,1.0,Sociedad,,10.0,3.0,16.0,21.0,1.0,0.0,4.0,0.0,2024,Ath Bilbao,5
2024-01-13,Sat,LaLiga,Home,W,1.0,0.0,Granada,,25.0,6.0,11.0,17.0,3.0,0.0,4.0,0.0,2024,Betis,5
2024-01-13,Sat,LaLiga,Away,D,1.0,1.0,Mallorca,,6.0,2.0,18.0,18.0,1.0,0.0,4.0,0.0,2024,Celta,5
2024-01-13,Sat,LaLiga,Away,L,0.0,1.0,Betis,,6.0,2.0,17.0,11.0,4.0,0.0,3.0,0.0,2024,Granada,5
2024-01-13,Sat,LaLiga,Home,W,3.0,0.0,Villarreal,,8.0,3.0,13.0,11.0,4.0,0.0,3.0,0.0,2024,Las Palmas,5
2024-01-13,Sat,LaLiga,Home,D,1.0,1.0,Celta,,17.0,6.0,18.0,18.0,4.0,0.0,1.0,0.0,2024,Mallorca,5
2024-01-13,Sat,LaLiga,Away,L,1.0,2.0,Ath Bilbao,,9.0,1.0,21.0,16.0,4.0,0.0,1.0,0.0,2024,Sociedad,5
2024-01-13,Sat,LaLiga,Away,L,0.0,3.0,Las Palmas,,17.0,3.0,11.0,13.0,3.0,0.0,4.0,0.0,2024,Villarreal,5
2024-01-14,Sun,LaLiga,Home,D,0.0,0.0,Girona,,20.0,3.0,13.0,8.0,4.0,0.0,4.0,1.0,2024,Almeria,6
2024-01-14,Sun,LaLiga,Home,L,1.0,4.0,Valencia,,10.0,2.0,15.0,15.0,4.0,0.0,2.0,0.0,2024,Cadiz,6
2024-01-14,Sun,LaLiga,Away,D,0.0,0.0,Almeria,,5.0,1.0,8.0,13.0,4.0,1.0,4.0,0.0,2024,Girona,6
2024-01-14,Sun,LaLiga,Away,W,4.0,1.0,Cadiz,,9.0,5.0,15.0,15.0,2.0,0.0,4.0,0.0,2024,Valencia,6
2024-01-19,Fri,LaLiga,Home,W,1.0,0.0,Cadiz,,13.0,3.0,15.0,18.0,0.0,0.0,4.0,0.0,2024,Alaves,4
2024-01-19,Fri,LaLiga,Away,L,0.0,1.0,Alaves,,9.0,1.0,18.0,15.0,4.0,0.0,0.0,0.0,2024,Cadiz,4
2024-01-20,Sat,LaLiga,Away,L,0.0,1.0,Valencia,,6.0,3.0,14.0,11.0,3.0,0.0,0.0,0.0,2024,Ath Bilbao,5
2024-01-20,Sat,LaLiga,Home,L,0.0,1.0,Sociedad,,6.0,2.0,12.0,18.0,1.0,0.0,2.0,0.0,2024,Celta,5
2024-01-20,Sat,LaLiga,Away,W,2.0,0.0,Vallecano,,10.0,5.0,8.0,19.0,1.0,0.0,3.0,1.0,2024,Las Palmas,5
2024-01-20,Sat,LaLiga,Away,D,1.0,1.0,Villarreal,,8.0,2.0,11.0,13.0,2.0,0.0,2.0,1.0,2024,Mallorca,5
2024-01-20,Sat,LaLiga,Away,W,1.0,0.0,Celta,,6.0,2.0,18.0,12.0,2.0,0.0,1.0,0.0,2024,Sociedad,5
2024-01-20,Sat,LaLiga,Home,W,1.0,0.0,Ath Bilbao,,6.0,1.0,11.0,14.0,0.0,0.0,3.0,0.0,2024,Valencia,5
2024-01-20,Sat,LaLiga,Home,L,0.0,2.0,Las Palmas,,16.0,3.0,19.0,8.0,3.0,1.0,1.0,0.0,2024,Vallecano,5
2024-01-20,Sat,LaLiga,Home,D,1.0,1.0,Mallorca,,18.0,5.0,13.0,11.0,2.0,1.0,2.0,0.0,2024,Villarreal,5
2024-01-21,Sun,LaLiga,Away,L,2.0,3.0,Real Madrid,,10.0,2.0,17.0,9.0,5.0,0.0,3.0,0.0,2024,Almeria,6
2024-01-21,Sun,LaLiga,Away,W,4.0,2.0,Betis,,11.0,4.0,9.0,12.0,2.0,0.0,1.0,0.0,2024,Barcelona,6
2024-01-21,Sun,LaLiga,Home,L,2.0,4.0,Barcelona,,14.0,5.0,12.0,9.0,1.0,0.0,2.0,0.0,2024,Betis,6
2024-01-21,Sun,LaLiga,Away,L,2.0,3.0,Osasuna,,10.0,7.0,16.0,14.0,4.0,0.0,4.0,0.0,2024,Getafe,6
2024-01-21,Sun,LaLiga,Home,W,5.0,1.0,Sevilla,,12.0,8.0,9.0,11.0,0.0,0.0,2.0,0.0,2024,Girona,6
2024-01-21,Sun,LaLiga,Home,W,3.0,2.0,Getafe,,13.0,7.0,14.0,16.0,4.0,0.0,4.0,0.0,2024,Osasuna,6
2024-01-21,Sun,LaLiga,Home,W,3.0,2.0,Almeria,,18.0,6.0,9.0,17.0,3.0,0.0,5.0,0.0,2024,Real Madrid,6
2024-01-21,Sun,LaLiga,Away,L,1.0,5.0,Girona,,9.0,3.0,11.0,9.0,2.0,0.0,0.0,0.0,2024,Sevilla,6
2024-01-22,Mon,LaLiga,Away,W,1.0,0.0,Granada,,10.0,5.0,16.0,11.0,2.0,0.0,2.0,1.0,2024,Ath Madrid,0
2024-01-22,Mon,LaLiga,Home,L,0.0,1.0,Ath Madrid,,17.0,2.0,11.0,16.0,2.0,1.0,2.0,0.0,2024,Granada,0
2024-01-26,Fri,LaLiga,Away,W,3.0,0.0,Almeria,,11.0,3.0,12.0,17.0,2.0,0.0,1.0,0.0,2024,Alaves,4
2024-01-26,Fri,LaLiga,Home,L,0.0,3.0,Alaves,,19.0,7.0,17.0,12.0,1.0,0.0,2.0,0.0,2024,Almeria,4
2024-01-27,Sat,LaLiga,Home,L,3.0,5.0,Villarreal,,22.0,10.0,8.0,13.0,3.0,0.0,4.0,0.0,2024,Barcelona,5
2024-01-27,Sat,LaLiga,Away,W,1.0,0.0,Mallorca,,8.0,2.0,6.0,14.0,1.0,0.0,2.0,0.0,2024,Betis,5
2024-01-27,Sat,LaLiga,Home,L,1.0,2.0,Real Madrid,,7.0,2.0,17.0,14.0,3.0,0.0,3.0,0.0,2024,Las Palmas,5
2024-01-27,Sat,LaLiga,Home,L,0.0,1.0,Betis,,14.0,1.0,14.0,6.0,2.0,0.0,1.0,0.0,2024,Mallorca,5
2024-01-27,Sat,LaLiga,Away,W,2.0,1.0,Las Palmas,,13.0,5.0,14.0,17.0,3.0,0.0,3.0,0.0,2024,Real Madrid,5
2024-01-27,Sat,LaLiga,Home,D,0.0,0.0,Vallecano,,6.0,3.0,16.0,14.0,2.0,0.0,4.0,0.0,2024,Sociedad,5
2024-01-27,Sat,LaLiga,Away,D,0.0,0.0,Sociedad,,5.0,0.0,14.0,16.0,4.0,0.0,2.0,0.0,2024,Vallecano,5
2024-01-27,Sat,LaLiga,Away,W,5.0,3.0,Barcelona,,9.0,6.0,13.0,8.0,4.0,0.0,3.0,0.0,2024,Villarreal,5
2024-01-28,Sun,LaLiga,Away,D,0.0,0.0,Cadiz,,8.0,0.0,14.0,13.0,2.0,0.0,4.0,0.0,2024,Ath Bilbao,6
2024-01-28,Sun,LaLiga,Home,W,2.0,0.0,Valencia,,12.0,8.0,9.0,9.0,2.0,0.0,0.0,0.0,2024,Ath Madrid,6
2024-01-28,Sun,LaLiga,Home,D,0.0,0.0,Ath Bilbao,,9.0,2.0,13.0,14.0,4.0,0.0,2.0,0.0,2024,Cadiz,6
2024-01-28,Sun,LaLiga,Home,L,0.0,1.0,Girona,,10.0,5.0,13.0,11.0,1.0,0.0,1.0,0.0,2024,Celta,6
2024-01-28,Sun,LaLiga,Away,W,1.0,0.0,Celta,,15.0,6.0,11.0,13.0,1.0,0.0,1.0,0.0,2024,Girona,6
2024-01-28,Sun,LaLiga,Away,D,1.0,1.0,Sevilla,,11.0,4.0,13.0,19.0,0.0,0.0,3.0,1.0,2024,Osasuna,6
2024-01-28,Sun,LaLiga,Home,D,1.0,1.0,Osasuna,,10.0,5.0,19.0,13.0,3.0,1.0,0.0,0.0,2024,Sevilla,6
2024-01-28,Sun,LaLiga,Away,L,0.0,2.0,Ath Madrid,,10.0,3.0,9.0,9.0,0.0,0.0,2.0,0.0,2024,Valencia,6
2024-01-29,Mon,LaLiga,Home,W,2.0,0.0,Granada,,7.0,4.0,17.0,11.0,2.0,0.0,1.0,0.0,2024,Getafe,0
2024-01-29,Mon,LaLiga,Away,L,0.0,2.0,Getafe,,16.0,3.0,11.0,17.0,1.0,0.0,2.0,0.0,2024,Granada,0
2024-01-31,Wed,LaLiga,Home,W,2.0,1.0,Vallecano,,8.0,3.0,11.0,13.0,0.0,0.0,3.0,0.0,2024,Ath Madrid,2
2024-01-31,Wed,LaLiga,Home,W,1.0,0.0,Osasuna,,16.0,4.0,9.0,12.0,1.0,0.0,2.0,1.0,2024,Barcelona,2
2024-01-31,Wed,LaLiga,Away,L,0.0,1.0,Barcelona,,9.0,1.0,12.0,9.0,2.0,1.0,1.0,0.0,2024,Osasuna,2
2024-01-31,Wed,LaLiga,Away,L,1.0,2.0,Ath Madrid,,10.0,2.0,13.0,11.0,3.0,0.0,0.0,0.0,2024,Vallecano,2
2024-02-01,Thu,LaLiga,Home,L,0.0,2.0,Real Madrid,,10.0,2.0,16.0,5.0,1.0,0.0,2.0,0.0,2024,Getafe,3
2024-02-01,Thu,LaLiga,Away,W,2.0,0.0,Getafe,,16.0,9.0,5.0,16.0,2.0,0.0,1.0,0.0,2024,Real Madrid,3
2024-02-02,Fri,LaLiga,Home,W,4.0,0.0,Mallorca,,13.0,6.0,17.0,15.0,0.0,0.0,1.0,0.0,2024,Ath Bilbao,4
2024-02-02,Fri,LaLiga,Away,L,0.0,4.0,Ath Bilbao,,6.0,2.0,15.0,17.0,1.0,0.0,0.0,0.0,2024,Mallorca,4
2024-02-03,Sat,LaLiga,Home,L,1.0,3.0,Barcelona,,13.0,2.0,15.0,10.0,2.0,0.0,2.0,1.0,2024,Alaves,5
2024-02-03,Sat,LaLiga,Away,L,1.0,2.0,Valencia,,15.0,5.0,16.0,17.0,5.0,0.0,4.0,0.0,2024,Almeria,5
2024-02-03,Sat,LaLiga,Away,W,3.0,1.0,Alaves,,8.0,5.0,10.0,15.0,2.0,1.0,2.0,0.0,2024,Barcelona,5
2024-02-03,Sat,LaLiga,Home,D,0.0,0.0,Sociedad,,11.0,3.0,8.0,19.0,2.0,0.0,3.0,0.0,2024,Girona,5
2024-02-03,Sat,LaLiga,Home,D,1.0,1.0,Las Palmas,,3.0,1.0,6.0,16.0,4.0,1.0,3.0,1.0,2024,Granada,5
2024-02-03,Sat,LaLiga,Away,D,1.0,1.0,Granada,,16.0,6.0,16.0,6.0,3.0,1.0,4.0,1.0,2024,Las Palmas,5
2024-02-03,Sat,LaLiga,Away,D,0.0,0.0,Girona,,11.0,2.0,19.0,8.0,3.0,0.0,2.0,0.0,2024,Sociedad,5
2024-02-03,Sat,LaLiga,Home,W,2.0,1.0,Almeria,,7.0,2.0,17.0,16.0,4.0,0.0,5.0,0.0,2024,Valencia,5
2024-02-04,Sun,LaLiga,Away,D,1.0,1.0,Real Madrid,,10.0,5.0,15.0,6.0,5.0,0.0,0.0,0.0,2024,Ath Madrid,6
2024-02-04,Sun,LaLiga,Home,D,1.0,1.0,Getafe,,9.0,3.0,9.0,19.0,7.0,0.0,4.0,0.0,2024,Betis,6
2024-02-04,Sun,LaLiga,Away,D,0.0,0.0,Villarreal,,8.0,2.0,14.0,14.0,1.0,0.0,3.0,0.0,2024,Cadiz,6
2024-02-04,Sun,LaLiga,Away,W,3.0,0.0,Osasuna,,6.0,5.0,10.0,10.0,0.0,0.0,2.0,0.0,2024,Celta,6
2024-02-04,Sun,LaLiga,Away,D,1.0,1.0,Betis,,11.0,2.0,19.0,9.0,4.0,0.0,7.0,0.0,2024,Getafe,6
2024-02-04,Sun,LaLiga,Home,L,0.0,3.0,Celta,,18.0,1.0,10.0,10.0,2.0,0.0,0.0,0.0,2024,Osasuna,6
2024-02-04,Sun,LaLiga,Home,D,1.0,1.0,Ath Madrid,,17.0,4.0,6.0,15.0,0.0,0.0,5.0,0.0,2024,Real Madrid,6
2024-02-04,Sun,LaLiga,Home,D,0.0,0.0,Cadiz,,19.0,4.0,14.0,14.0,3.0,0.0,1.0,0.0,2024,Villarreal,6
2024-02-05,Mon,LaLiga,Away,W,2.0,1.0,Vallecano,,10.0,6.0,10.0,8.0,2.0,0.0,2.0,0.0,2024,Sevilla,0
2024-02-05,Mon,LaLiga,Home,L,1.0,2.0,Sevilla,,22.0,5.0,8.0,10.0,2.0,0.0,2.0,0.0,2024,Vallecano,0
2024-02-09,Fri,LaLiga,Away,W,2.0,0.0,Cadiz,,13.0,5.0,10.0,12.0,1.0,0.0,1.0,0.0,2024,Betis,4
2024-02-09,Fri,LaLiga,Home,L,0.0,2.0,Betis,,14.0,5.0,12.0,10.0,1.0,0.0,1.0,0.0,2024,Cadiz,4
2024-02-10,Sat,LaLiga,Home,D,1.0,1.0,Villarreal,,17.0,4.0,7.0,11.0,0.0,0.0,2.0,0.0,2024,Alaves,5
2024-02-10,Sat,LaLiga,Away,L,0.0,4.0,Real Madrid,,5.0,0.0,12.0,9.0,2.0,0.0,1.0,0.0,2024,Girona,5
2024-02-10,Sat,LaLiga,Home,W,2.0,0.0,Valencia,,8.0,3.0,9.0,9.0,2.0,0.0,0.0,0.0,2024,Las Palmas,5
2024-02-10,Sat,LaLiga,Away,W,1.0,0.0,Sociedad,,9.0,2.0,11.0,11.0,0.0,0.0,0.0,0.0,2024,Osasuna,5
2024-02-10,Sat,LaLiga,Home,W,4.0,0.0,Girona,,16.0,6.0,9.0,12.0,1.0,0.0,2.0,0.0,2024,Real Madrid,5
2024-02-10,Sat,LaLiga,Home,L,0.0,1.0,Osasuna,,21.0,3.0,11.0,11.0,0.0,0.0,0.0,0.0,2024,Sociedad,5
2024-02-10,Sat,LaLiga,Away,L,0.0,2.0,Las Palmas,,7.0,1.0,9.0,9.0,0.0,0.0,2.0,0.0,2024,Valencia,5
2024-02-10,Sat,LaLiga,Away,D,1.0,1.0,Alaves,,12.0,4.0,11.0,7.0,2.0,0.0,0.0,0.0,2024,Villarreal,5
2024-02-11,Sun,LaLiga,Away,L,0.0,1.0,Sevilla,,16.0,5.0,5.0,8.0,1.0,0.0,2.0,0.0,2024,Ath Madrid,6
2024-02-11,Sun,LaLiga,Home,D,3.0,3.0,Granada,,11.0,6.0,13.0,9.0,1.0,0.0,2.0,0.0,2024,Barcelona,6
2024-02-11,Sun,LaLiga,Away,L,2.0,3.0,Getafe,,9.0,4.0,13.0,16.0,2.0,0.0,1.0,0.0,2024,Celta,6
2024-02-11,Sun,LaLiga,Home,W,3.0,2.0,Celta,,11.0,4.0,16.0,13.0,1.0,0.0,2.0,0.0,2024,Getafe,6
2024-02-11,Sun,LaLiga,Away,D,3.0,3.0,Barcelona,,11.0,5.0,9.0,13.0,2.0,0.0,1.0,0.0,2024,Granada,6
2024-02-11,Sun,LaLiga,Home,W,2.0,1.0,Vallecano,,8.0,5.0,17.0,11.0,4.0,0.0,0.0,0.0,2024,Mallorca,6
2024-02-11,Sun,LaLiga,Home,W,1.0,0.0,Ath Madrid,,10.0,6.0,8.0,5.0,2.0,0.0,1.0,0.0,2024,Sevilla,6
2024-02-11,Sun,LaLiga,Away,L,1.0,2.0,Mallorca,,11.0,4.0,11.0,17.0,0.0,0.0,4.0,0.0,2024,Vallecano,6
2024-02-12,Mon,LaLiga,Home,D,0.0,0.0,Ath Bilbao,,10.0,4.0,17.0,15.0,4.0,1.0,1.0,0.0,2024,Almeria,0
2024-02-12,Mon,LaLiga,Away,D,0.0,0.0,Almeria,,12.0,4.0,15.0,17.0,1.0,0.0,4.0,1.0,2024,Ath Bilbao,0
2024-02-16,Fri,LaLiga,Away,D,1.0,1.0,Villarreal,,11.0,2.0,13.0,13.0,1.0,0.0,0.0,0.0,2024,Getafe,4
2024-02-16,Fri,LaLiga,Home,D,1.0,1.0,Getafe,,20.0,7.0,13.0,13.0,0.0,0.0,1.0,0.0,2024,Villarreal,4
2024-02-17,Sat,LaLiga,Home,W,5.0,0.0,Las Palmas,,13.0,7.0,19.0,9.0,2.0,0.0,2.0,0.0,2024,Ath Madrid,5
2024-02-17,Sat,LaLiga,Away,W,2.0,1.0,Celta,,14.0,4.0,13.0,11.0,4.0,0.0,2.0,0.0,2024,Barcelona,5
2024-02-17,Sat,LaLiga,Away,L,0.0,2.0,Osasuna,,5.0,1.0,12.0,20.0,2.0,0.0,4.0,0.0,2024,Cadiz,5
2024-02-17,Sat,LaLiga,Home,L,1.0,2.0,Barcelona,,13.0,4.0,11.0,13.0,2.0,0.0,4.0,0.0,2024,Celta,5
2024-02-17,Sat,LaLiga,Away,L,0.0,5.0,Ath Madrid,,11.0,2.0,9.0,19.0,2.0,0.0,2.0,0.0,2024,Las Palmas,5
2024-02-17,Sat,LaLiga,Home,W,2.0,0.0,Cadiz,,11.0,4.0,20.0,12.0,4.0,0.0,2.0,0.0,2024,Osasuna,5
2024-02-17,Sat,LaLiga,Away,D,0.0,0.0,Valencia,,1.0,1.0,8.0,5.0,1.0,0.0,0.0,0.0,2024,Sevilla,5
2024-02-17,Sat,LaLiga,Home,D,0.0,0.0,Sevilla,,14.0,4.0,5.0,8.0,0.0,0.0,1.0,0.0,2024,Valencia,5
2024-02-18,Sun,LaLiga,Away,D,0.0,0.0,Betis,,13.0,4.0,9.0,13.0,2.0,0.0,5.0,0.0,2024,Alaves,6
2024-02-18,Sun,LaLiga,Away,D,1.0,1.0,Granada,,13.0,3.0,22.0,13.0,3.0,0.0,2.0,0.0,2024,Almeria,6
2024-02-18,Sun,LaLiga,Home,D,0.0,0.0,Alaves,,13.0,2.0,13.0,9.0,5.0,0.0,2.0,0.0,2024,Betis,6
2024-02-18,Sun,LaLiga,Home,D,1.0,1.0,Almeria,,19.0,7.0,13.0,22.0,2.0,0.0,3.0,0.0,2024,Granada,6
2024-02-18,Sun,LaLiga,Home,L,1.0,2.0,Sociedad,,4.0,1.0,12.0,18.0,7.0,1.0,5.0,0.0,2024,Mallorca,6
2024-02-18,Sun,LaLiga,Away,D,1.0,1.0,Vallecano,,11.0,4.0,7.0,17.0,3.0,1.0,4.0,0.0,2024,Real Madrid,6
2024-02-18,Sun,LaLiga,Away,W,2.0,1.0,Mallorca,,19.0,5.0,18.0,12.0,5.0,0.0,7.0,1.0,2024,Sociedad,6
2024-02-18,Sun,LaLiga,Home,D,1.0,1.0,Real Madrid,,8.0,3.0,17.0,7.0,4.0,0.0,3.0,1.0,2024,Vallecano,6
2024-02-19,Mon,LaLiga,Home,W,3.0,2.0,Girona,,14.0,7.0,16.0,13.0,1.0,0.0,2.0,0.0,2024,Ath Bilbao,0
2024-02-19,Mon,LaLiga,Away,L,2.0,3.0,Ath Bilbao,,12.0,6.0,13.0,16.0,2.0,0.0,1.0,0.0,2024,Girona,0
2024-02-23,Fri,LaLiga,Home,L,1.0,3.0,Villarreal,,21.0,8.0,15.0,14.0,3.0,0.0,4.0,0.0,2024,Sociedad,4
2024-02-23,Fri,LaLiga,Away,W,3.0,1.0,Sociedad,,6.0,4.0,14.0,15.0,4.0,0.0,3.0,0.0,2024,Villarreal,4
2024-02-24,Sat,LaLiga,Home,D,1.0,1.0,Mallorca,,9.0,1.0,7.0,15.0,0.0,0.0,2.0,0.0,2024,Alaves,5
2024-02-24,Sat,LaLiga,Home,D,2.0,2.0,Ath Madrid,,9.0,4.0,13.0,12.0,1.0,0.0,1.0,0.0,2024,Almeria,5
2024-02-24,Sat,LaLiga,Away,D,2.0,2.0,Almeria,,18.0,9.0,12.0,13.0,1.0,0.0,1.0,0.0,2024,Ath Madrid,5
2024-02-24,Sat,LaLiga,Home,W,4.0,0.0,Getafe,,17.0,9.0,12.0,18.0,1.0,0.0,4.0,0.0,2024,Barcelona,5
2024-02-24,Sat,LaLiga,Away,L,0.0,4.0,Barcelona,,10.0,4.0,18.0,12.0,4.0,0.0,1.0,0.0,2024,Getafe,5
2024-02-24,Sat,LaLiga,Away,D,1.0,1.0,Alaves,,15.0,8.0,15.0,7.0,2.0,0.0,0.0,0.0,2024,Mallorca,5
2024-02-25,Sun,LaLiga,Away,L,1.0,3.0,Betis,,3.0,1.0,12.0,14.0,6.0,1.0,1.0,0.0,2024,Ath Bilbao,6
2024-02-25,Sun,LaLiga,Home,W,3.0,1.0,Ath Bilbao,,13.0,5.0,14.0,12.0,1.0,0.0,6.0,1.0,2024,Betis,6
2024-02-25,Sun,LaLiga,Home,D,2.0,2.0,Celta,,19.0,6.0,13.0,20.0,2.0,0.0,3.0,0.0,2024,Cadiz,6
2024-02-25,Sun,LaLiga,Away,D,2.0,2.0,Cadiz,,7.0,3.0,20.0,13.0,3.0,0.0,2.0,0.0,2024,Celta,6
2024-02-25,Sun,LaLiga,Home,D,1.0,1.0,Osasuna,,9.0,3.0,6.0,15.0,2.0,0.0,1.0,0.0,2024,Las Palmas,6
2024-02-25,Sun,LaLiga,Away,D,1.0,1.0,Las Palmas,,6.0,2.0,15.0,6.0,1.0,0.0,2.0,0.0,2024,Osasuna,6
2024-02-25,Sun,LaLiga,Home,W,1.0,0.0,Sevilla,,16.0,6.0,10.0,13.0,1.0,0.0,3.0,0.0,2024,Real Madrid,6
2024-02-25,Sun,LaLiga,Away,L,0.0,1.0,Real Madrid,,4.0,1.0,13.0,10.0,3.0,0.0,1.0,0.0,2024,Sevilla,6
2024-02-26,Mon,LaLiga,Home,W,3.0,0.0,Vallecano,,14.0,8.0,13.0,16.0,3.0,0.0,5.0,1.0,2024,Girona,0
2024-02-26,Mon,LaLiga,Away,L,0.0,3.0,Girona,,7.0,1.0,16.0,13.0,5.0,1.0,3.0,0.0,2024,Vallecano,0
2024-03-01,Fri,LaLiga,Away,L,0.0,1.0,Celta,,3.0,0.0,14.0,8.0,2.0,1.0,1.0,0.0,2024,Almeria,4
2024-03-01,Fri,LaLiga,Home,W,1.0,0.0,Almeria,,15.0,6.0,8.0,14.0,1.0,0.0,2.0,1.0,2024,Celta,4
2024-03-02,Sat,LaLiga,Away,D,1.0,1.0,Vallecano,,16.0,5.0,17.0,14.0,1.0,0.0,1.0,0.0,2024,Cadiz,5
2024-03-02,Sat,LaLiga,Home,D,3.0,3.0,Las Palmas,,16.0,5.0,28.0,9.0,4.0,0.0,1.0,0.0,2024,Getafe,5
2024-03-02,Sat,LaLiga,Away,D,3.0,3.0,Getafe,,14.0,5.0,9.0,28.0,1.0,0.0,4.0,0.0,2024,Las Palmas,5
2024-03-02,Sat,LaLiga,Away,D,2.0,2.0,Valencia,,10.0,5.0,11.0,18.0,3.0,1.0,2.0,0.0,2024,Real Madrid,5
2024-03-02,Sat,LaLiga,Home,W,3.0,2.0,Sociedad,,12.0,5.0,12.0,15.0,1.0,0.0,2.0,0.0,2024,Sevilla,5
2024-03-02,Sat,LaLiga,Away,L,2.0,3.0,Sevilla,,13.0,4.0,15.0,12.0,2.0,0.0,1.0,0.0,2024,Sociedad,5
2024-03-02,Sat,LaLiga,Home,D,2.0,2.0,Real Madrid,,12.0,5.0,18.0,11.0,2.0,0.0,3.0,1.0,2024,Valencia,5
2024-03-02,Sat,LaLiga,Home,D,1.0,1.0,Cadiz,,9.0,5.0,14.0,17.0,1.0,0.0,1.0,0.0,2024,Vallecano,5
2024-03-03,Sun,LaLiga,Home,D,0.0,0.0,Barcelona,,8.0,2.0,14.0,11.0,3.0,0.0,3.0,0.0,2024,Ath Bilbao,6
2024-03-03,Sun,LaLiga,Home,W,2.0,1.0,Betis,,17.0,12.0,9.0,12.0,1.0,0.0,2.0,0.0,2024,Ath Madrid,6
2024-03-03,Sun,LaLiga,Away,D,0.0,0.0,Ath Bilbao,,8.0,2.0,11.0,14.0,3.0,0.0,3.0,0.0,2024,Barcelona,6
2024-03-03,Sun,LaLiga,Away,L,1.0,2.0,Ath Madrid,,12.0,6.0,12.0,9.0,2.0,0.0,1.0,0.0,2024,Betis,6
2024-03-03,Sun,LaLiga,Away,L,0.0,1.0,Mallorca,,15.0,4.0,9.0,19.0,0.0,0.0,5.0,0.0,2024,Girona,6
2024-03-03,Sun,LaLiga,Away,L,1.0,5.0,Villarreal,,9.0,3.0,15.0,12.0,2.0,0.0,1.0,0.0,2024,Granada,6
2024-03-03,Sun,LaLiga,Home,W,1.0,0.0,Girona,,16.0,2.0,19.0,9.0,5.0,0.0,0.0,0.0,2024,Mallorca,6
2024-03-03,Sun,LaLiga,Home,W,5.0,1.0,Granada,,16.0,10.0,12.0,15.0,1.0,0.0,2.0,0.0,2024,Villarreal,6
2024-03-04,Mon,LaLiga,Away,L,0.0,1.0,Osasuna,,10.0,4.0,11.0,15.0,1.0,0.0,2.0,0.0,2024,Alaves,0
2024-03-04,Mon,LaLiga,Home,W,1.0,0.0,Alaves,,15.0,4.0,15.0,11.0,2.0,0.0,1.0,0.0,2024,Osasuna,0
2024-03-08,Fri,LaLiga,Home,W,1.0,0.0,Mallorca,,20.0,6.0,9.0,14.0,1.0,0.0,1.0,0.0,2024,Barcelona,4
2024-03-08,Fri,LaLiga,Away,L,0.0,1.0,Barcelona,,9.0,3.0,14.0,9.0,1.0,0.0,1.0,0.0,2024,Mallorca,4
2024-03-09,Sat,LaLiga,Away,L,0.0,2.0,Cadiz,,8.0,4.0,15.0,20.0,5.0,0.0,4.0,0.0,2024,Ath Madrid,5
2024-03-09,Sat,LaLiga,Home,W,2.0,0.0,Ath Madrid,,7.0,3.0,20.0,15.0,4.0,0.0,5.0,0.0,2024,Cadiz,5
2024-03-09,Sat,LaLiga,Away,L,0.0,1.0,Valencia,,15.0,5.0,19.0,10.0,3.0,0.0,2.0,0.0,2024,Getafe,5
2024-03-09,Sat,LaLiga,Home,W,2.0,0.0,Osasuna,,11.0,6.0,10.0,16.0,3.0,0.0,3.0,0.0,2024,Girona,5
2024-03-09,Sat,LaLiga,Home,L,2.0,3.0,Sociedad,,13.0,6.0,17.0,11.0,1.0,0.0,2.0,0.0,2024,Granada,5
2024-03-09,Sat,LaLiga,Away,L,0.0,2.0,Girona,,7.0,1.0,16.0,10.0,3.0,0.0,3.0,0.0,2024,Osasuna,5
2024-03-09,Sat,LaLiga,Away,W,3.0,2.0,Granada,,11.0,8.0,11.0,17.0,2.0,0.0,1.0,0.0,2024,Sociedad,5
2024-03-09,Sat,LaLiga,Home,W,1.0,0.0,Getafe,,10.0,3.0,10.0,19.0,2.0,0.0,3.0,0.0,2024,Valencia,5
2024-03-10,Sun,LaLiga,Home,W,1.0,0.0,Vallecano,,12.0,4.0,13.0,10.0,2.0,0.0,2.0,0.0,2024,Alaves,6
2024-03-10,Sun,LaLiga,Away,W,2.0,0.0,Las Palmas,,7.0,2.0,14.0,8.0,3.0,0.0,3.0,0.0,2024,Ath Bilbao,6
2024-03-10,Sun,LaLiga,Home,L,2.0,3.0,Villarreal,,13.0,4.0,12.0,17.0,3.0,1.0,4.0,1.0,2024,Betis,6
2024-03-10,Sun,LaLiga,Away,L,0.0,4.0,Real Madrid,,11.0,1.0,13.0,8.0,3.0,0.0,2.0,0.0,2024,Celta,6
2024-03-10,Sun,LaLiga,Home,L,0.0,2.0,Ath Bilbao,,14.0,2.0,8.0,14.0,3.0,0.0,3.0,0.0,2024,Las Palmas,6
2024-03-10,Sun,LaLiga,Home,W,4.0,0.0,Celta,,24.0,13.0,8.0,13.0,2.0,0.0,3.0,0.0,2024,Real Madrid,6
2024-03-10,Sun,LaLiga,Away,L,0.0,1.0,Alaves,,9.0,3.0,10.0,13.0,2.0,0.0,2.0,0.0,2024,Vallecano,6
2024-03-10,Sun,LaLiga,Away,W,3.0,2.0,Betis,,6.0,4.0,17.0,12.0,4.0,1.0,3.0,1.0,2024,Villarreal,6
2024-03-11,Mon,LaLiga,Home,D,2.0,2.0,Sevilla,,14.0,4.0,6.0,11.0,2.0,0.0,2.0,0.0,2024,Almeria,0
2024-03-11,Mon,LaLiga,Away,D,2.0,2.0,Almeria,,19.0,6.0,11.0,6.0,2.0,0.0,2.0,0.0,2024,Sevilla,0
2024-03-15,Fri,LaLiga,Away,L,0.0,2.0,Sociedad,,13.0,2.0,6.0,15.0,1.0,0.0,3.0,0.0,2024,Cadiz,4
2024-03-15,Fri,LaLiga,Home,W,2.0,0.0,Cadiz,,14.0,6.0,15.0,6.0,3.0,0.0,1.0,0.0,2024,Sociedad,4
2024-03-16,Sat,LaLiga,Away,L,0.0,2.0,Ath Bilbao,,7.0,3.0,13.0,7.0,3.0,0.0,1.0,0.0,2024,Alaves,5
2024-03-16,Sat,LaLiga,Home,W,2.0,0.0,Alaves,,16.0,4.0,7.0,13.0,1.0,0.0,3.0,0.0,2024,Ath Bilbao,5
2024-03-16,Sat,LaLiga,Home,W,1.0,0.0,Girona,,11.0,3.0,16.0,13.0,4.0,0.0,4.0,0.0,2024,Getafe,5
2024-03-16,Sat,LaLiga,Away,L,0.0,1.0,Getafe,,13.0,3.0,13.0,16.0,4.0,0.0,4.0,0.0,2024,Girona,5
2024-03-16,Sat,LaLiga,Away,L,0.0,1.0,Mallorca,,8.0,3.0,9.0,17.0,0.0,0.0,2.0,0.0,2024,Granada,5
2024-03-16,Sat,LaLiga,Home,W,1.0,0.0,Granada,,18.0,8.0,17.0,9.0,2.0,0.0,0.0,0.0,2024,Mallorca,5
2024-03-16,Sat,LaLiga,Home,L,2.0,4.0,Real Madrid,,9.0,4.0,18.0,9.0,3.0,0.0,2.0,0.0,2024,Osasuna,5
2024-03-16,Sat,LaLiga,Away,W,4.0,2.0,Osasuna,,17.0,9.0,9.0,18.0,2.0,0.0,3.0,0.0,2024,Real Madrid,5
2024-03-17,Sun,LaLiga,Away,W,1.0,0.0,Las Palmas,,3.0,2.0,17.0,8.0,2.0,0.0,2.0,0.0,2024,Almeria,6
2024-03-17,Sun,LaLiga,Home,L,0.0,3.0,Barcelona,,12.0,3.0,15.0,9.0,3.0,1.0,1.0,0.0,2024,Ath Madrid,6
2024-03-17,Sun,LaLiga,Away,W,3.0,0.0,Ath Madrid,,9.0,5.0,9.0,15.0,1.0,0.0,3.0,1.0,2024,Barcelona,6
2024-03-17,Sun,LaLiga,Away,L,0.0,2.0,Vallecano,,11.0,1.0,16.0,22.0,4.0,0.0,4.0,0.0,2024,Betis,6
2024-03-17,Sun,LaLiga,Away,W,2.0,1.0,Sevilla,,18.0,5.0,6.0,13.0,0.0,0.0,4.0,0.0,2024,Celta,6
2024-03-17,Sun,LaLiga,Home,L,0.0,1.0,Almeria,,21.0,6.0,8.0,17.0,2.0,0.0,2.0,0.0,2024,Las Palmas,6
2024-03-17,Sun,LaLiga,Home,L,1.0,2.0,Celta,,11.0,4.0,13.0,6.0,4.0,0.0,0.0,0.0,2024,Sevilla,6
2024-03-17,Sun,LaLiga,Away,L,0.0,1.0,Villarreal,,14.0,7.0,12.0,12.0,1.0,0.0,5.0,0.0,2024,Valencia,6
2024-03-17,Sun,LaLiga,Home,W,2.0,0.0,Betis,,8.0,4.0,22.0,16.0,4.0,0.0,4.0,0.0,2024,Vallecano,6
2024-03-17,Sun,LaLiga,Home,W,1.0,0.0,Valencia,,13.0,7.0,12.0,12.0,5.0,0.0,1.0,0.0,2024,Villarreal,6
2024-03-29,Fri,LaLiga,Home,W,1.0,0.0,Granada,,13.0,5.0,17.0,14.0,2.0,0.0,4.0,0.0,2024,Cadiz,4
2024-03-29,Fri,LaLiga,Away,L,0.0,1.0,Cadiz,,10.0,2.0,14.0,17.0,4.0,0.0,2.0,0.0,2024,Granada,4
2024-03-30,Sat,LaLiga,Home,L,0.0,3.0,Osasuna,,12.0,5.0,12.0,14.0,3.0,0.0,2.0,0.0,2024,Almeria,5
2024-03-30,Sat,LaLiga,Home,W,1.0,0.0,Las Palmas,,14.0,2.0,11.0,9.0,5.0,0.0,1.0,1.0,2024,Barcelona,5
2024-03-30,Sat,LaLiga,Home,L,0.0,1.0,Sevilla,,18.0,5.0,11.0,15.0,4.0,0.0,5.0,0.0,2024,Getafe,5
2024-03-30,Sat,LaLiga,Away,L,0.0,1.0,Barcelona,,8.0,0.0,9.0,11.0,1.0,1.0,5.0,0.0,2024,Las Palmas,5
2024-03-30,Sat,LaLiga,Away,D,0.0,0.0,Valencia,,11.0,3.0,11.0,8.0,2.0,0.0,0.0,0.0,2024,Mallorca,5
2024-03-30,Sat,LaLiga,Away,W,3.0,0.0,Almeria,,6.0,4.0,14.0,12.0,2.0,0.0,3.0,0.0,2024,Osasuna,5
2024-03-30,Sat,LaLiga,Away,W,1.0,0.0,Getafe,,10.0,3.0,15.0,11.0,5.0,0.0,4.0,0.0,2024,Sevilla,5
2024-03-30,Sat,LaLiga,Home,D,0.0,0.0,Mallorca,,14.0,5.0,8.0,11.0,0.0,0.0,2.0,0.0,2024,Valencia,5
2024-03-31,Sun,LaLiga,Home,L,0.0,1.0,Sociedad,,3.0,0.0,10.0,15.0,2.0,0.0,2.0,0.0,2024,Alaves,6
2024-03-31,Sun,LaLiga,Away,L,0.0,2.0,Real Madrid,,7.0,3.0,13.0,9.0,1.0,0.0,2.0,0.0,2024,Ath Bilbao,6
2024-03-31,Sun,LaLiga,Away,L,2.0,3.0,Girona,,7.0,4.0,14.0,13.0,4.0,0.0,3.0,0.0,2024,Betis,6
2024-03-31,Sun,LaLiga,Home,D,0.0,0.0,Vallecano,,13.0,0.0,12.0,16.0,3.0,0.0,3.0,0.0,2024,Celta,6
2024-03-31,Sun,LaLiga,Home,W,3.0,2.0,Betis,,9.0,5.0,13.0,14.0,3.0,0.0,4.0,0.0,2024,Girona,6
2024-03-31,Sun,LaLiga,Home,W,2.0,0.0,Ath Bilbao,,9.0,4.0,9.0,13.0,2.0,0.0,1.0,0.0,2024,Real Madrid,6
2024-03-31,Sun,LaLiga,Away,W,1.0,0.0,Alaves,,12.0,3.0,15.0,10.0,2.0,0.0,2.0,0.0,2024,Sociedad,6
2024-03-31,Sun,LaLiga,Away,D,0.0,0.0,Celta,,8.0,2.0,16.0,12.0,3.0,0.0,3.0,0.0,2024,Vallecano,6
2024-04-01,Mon,LaLiga,Away,W,2.0,1.0,Villarreal,,14.0,8.0,22.0,14.0,3.0,0.0,3.0,0.0,2024,Ath Madrid,0
2024-04-01,Mon,LaLiga,Home,L,1.0,2.0,Ath Madrid,,11.0,2.0,14.0,22.0,3.0,0.0,3.0,0.0,2024,Villarreal,0
2024-04-04,Thu,LaLiga,Home,L,0.0,1.0,Valencia,,13.0,3.0,20.0,15.0,3.0,0.0,1.0,0.0,2024,Granada,3
2024-04-04,Thu,LaLiga,Away,W,1.0,0.0,Granada,,6.0,2.0,15.0,20.0,1.0,0.0,3.0,0.0,2024,Valencia,3
2024-04-12,Fri,LaLiga,Home,W,2.0,1.0,Celta,,15.0,3.0,7.0,10.0,1.0,0.0,0.0,0.0,2024,Betis,4
2024-04-12,Fri,LaLiga,Away,L,1.0,2.0,Betis,,12.0,5.0,10.0,7.0,0.0,0.0,1.0,0.0,2024,Celta,4
2024-04-13,Sat,LaLiga,Home,W,3.0,1.0,Girona,,17.0,4.0,18.0,12.0,3.0,0.0,2.0,0.0,2024,Ath Madrid,5
2024-04-13,Sat,LaLiga,Away,W,1.0,0.0,Cadiz,,12.0,2.0,15.0,17.0,3.0,0.0,3.0,0.0,2024,Barcelona,5
2024-04-13,Sat,LaLiga,Home,L,0.0,1.0,Barcelona,,14.0,3.0,17.0,15.0,3.0,0.0,3.0,0.0,2024,Cadiz,5
2024-04-13,Sat,LaLiga,Away,D,0.0,0.0,Vallecano,,7.0,0.0,19.0,17.0,6.0,0.0,4.0,0.0,2024,Getafe,5
2024-04-13,Sat,LaLiga,Away,L,1.0,3.0,Ath Madrid,,12.0,5.0,12.0,18.0,2.0,0.0,3.0,0.0,2024,Girona,5
2024-04-13,Sat,LaLiga,Home,L,0.0,1.0,Real Madrid,,6.0,2.0,18.0,7.0,2.0,0.0,1.0,0.0,2024,Mallorca,5
2024-04-13,Sat,LaLiga,Away,W,1.0,0.0,Mallorca,,16.0,9.0,7.0,18.0,1.0,0.0,2.0,0.0,2024,Real Madrid,5
2024-04-13,Sat,LaLiga,Home,D,0.0,0.0,Getafe,,11.0,2.0,17.0,19.0,4.0,0.0,6.0,0.0,2024,Vallecano,5
2024-04-14,Sun,LaLiga,Away,L,0.0,2.0,Granada,,8.0,3.0,11.0,16.0,2.0,0.0,3.0,0.0,2024,Alaves,6
2024-04-14,Sun,LaLiga,Away,D,2.0,2.0,Sociedad,,7.0,3.0,8.0,16.0,2.0,0.0,2.0,1.0,2024,Almeria,6
2024-04-14,Sun,LaLiga,Home,D,1.0,1.0,Villarreal,,13.0,6.0,13.0,12.0,3.0,0.0,3.0,1.0,2024,Ath Bilbao,6
2024-04-14,Sun,LaLiga,Home,W,2.0,0.0,Alaves,,9.0,3.0,16.0,11.0,3.0,0.0,2.0,0.0,2024,Granada,6
2024-04-14,Sun,LaLiga,Home,L,0.0,2.0,Sevilla,,5.0,2.0,8.0,13.0,3.0,1.0,3.0,0.0,2024,Las Palmas,6
2024-04-14,Sun,LaLiga,Away,W,2.0,0.0,Las Palmas,,10.0,3.0,13.0,8.0,3.0,0.0,3.0,1.0,2024,Sevilla,6
2024-04-14,Sun,LaLiga,Home,D,2.0,2.0,Almeria,,17.0,4.0,16.0,8.0,2.0,1.0,2.0,0.0,2024,Sociedad,6
2024-04-14,Sun,LaLiga,Away,D,1.0,1.0,Ath Bilbao,,10.0,2.0,12.0,13.0,3.0,1.0,3.0,0.0,2024,Villarreal,6
2024-04-15,Mon,LaLiga,Home,L,0.0,1.0,Valencia,,13.0,2.0,10.0,10.0,0.0,0.0,2.0,0.0,2024,Osasuna,0
2024-04-15,Mon,LaLiga,Away,W,1.0,0.0,Osasuna,,4.0,3.0,10.0,10.0,2.0,0.0,0.0,0.0,2024,Valencia,0
2024-04-19,Fri,LaLiga,Home,D,1.0,1.0,Granada,,17.0,6.0,11.0,15.0,4.0,0.0,2.0,0.0,2024,Ath Bilbao,4
2024-04-19,Fri,LaLiga,Away,D,1.0,1.0,Ath Bilbao,,5.0,0.0,15.0,11.0,2.0,0.0,4.0,0.0,2024,Granada,4
2024-04-20,Sat,LaLiga,Away,W,2.0,1.0,Valencia,,12.0,6.0,10.0,18.0,3.0,0.0,2.0,0.0,2024,Betis,5
2024-04-20,Sat,LaLiga,Away,L,1.0,4.0,Girona,,12.0,5.0,14.0,11.0,2.0,0.0,1.0,0.0,2024,Cadiz,5
2024-04-20,Sat,LaLiga,Home,W,4.0,1.0,Las Palmas,,21.0,13.0,10.0,9.0,1.0,0.0,0.0,0.0,2024,Celta,5
2024-04-20,Sat,LaLiga,Home,W,4.0,1.0,Cadiz,,10.0,5.0,11.0,14.0,1.0,0.0,2.0,0.0,2024,Girona,5
2024-04-20,Sat,LaLiga,Away,L,1.0,4.0,Celta,,9.0,4.0,9.0,10.0,0.0,0.0,1.0,0.0,2024,Las Palmas,5
2024-04-20,Sat,LaLiga,Away,L,1.0,2.0,Vallecano,,6.0,2.0,15.0,9.0,1.0,0.0,4.0,0.0,2024,Osasuna,5
2024-04-20,Sat,LaLiga,Home,L,1.0,2.0,Betis,,8.0,5.0,18.0,10.0,2.0,0.0,3.0,0.0,2024,Valencia,5
2024-04-20,Sat,LaLiga,Home,W,2.0,1.0,Osasuna,,17.0,6.0,9.0,15.0,4.0,0.0,1.0,0.0,2024,Vallecano,5
2024-04-21,Sun,LaLiga,Home,W,2.0,0.0,Ath Madrid,,8.0,3.0,20.0,12.0,5.0,0.0,3.0,0.0,2024,Alaves,6
2024-04-21,Sun,LaLiga,Home,L,1.0,2.0,Villarreal,,24.0,5.0,10.0,16.0,3.0,1.0,4.0,0.0,2024,Almeria,6
2024-04-21,Sun,LaLiga,Away,L,0.0,2.0,Alaves,,15.0,4.0,12.0,20.0,3.0,0.0,5.0,0.0,2024,Ath Madrid,6
2024-04-21,Sun,LaLiga,Away,L,2.0,3.0,Real Madrid,,14.0,6.0,12.0,11.0,2.0,0.0,3.0,0.0,2024,Barcelona,6
2024-04-21,Sun,LaLiga,Home,D,1.0,1.0,Sociedad,,6.0,4.0,12.0,18.0,0.0,0.0,2.0,0.0,2024,Getafe,6
2024-04-21,Sun,LaLiga,Home,W,3.0,2.0,Barcelona,,14.0,8.0,11.0,12.0,3.0,0.0,2.0,0.0,2024,Real Madrid,6
2024-04-21,Sun,LaLiga,Away,D,1.0,1.0,Getafe,,7.0,3.0,18.0,12.0,2.0,0.0,0.0,0.0,2024,Sociedad,6
2024-04-21,Sun,LaLiga,Away,W,2.0,1.0,Almeria,,11.0,3.0,16.0,10.0,4.0,0.0,3.0,1.0,2024,Villarreal,6
2024-04-22,Mon,LaLiga,Away,L,1.0,2.0,Sevilla,,8.0,6.0,8.0,10.0,2.0,0.0,0.0,0.0,2024,Mallorca,0
2024-04-22,Mon,LaLiga,Home,W,2.0,1.0,Mallorca,,11.0,4.0,10.0,8.0,0.0,0.0,2.0,0.0,2024,Sevilla,0
2024-04-26,Fri,LaLiga,Away,W,1.0,0.0,Sociedad,,5.0,3.0,11.0,13.0,4.0,0.0,3.0,0.0,2024,Real Madrid,4
2024-04-26,Fri,LaLiga,Home,L,0.0,1.0,Real Madrid,,9.0,3.0,13.0,11.0,3.0,0.0,4.0,0.0,2024,Sociedad,4
2024-04-27,Sat,LaLiga,Home,W,3.0,0.0,Celta,,16.0,8.0,10.0,9.0,3.0,0.0,3.0,0.0,2024,Alaves,5
2024-04-27,Sat,LaLiga,Home,L,1.0,3.0,Getafe,,21.0,11.0,15.0,31.0,5.0,1.0,4.0,0.0,2024,Almeria,5
2024-04-27,Sat,LaLiga,Away,L,1.0,3.0,Ath Madrid,,7.0,1.0,15.0,16.0,2.0,0.0,3.0,0.0,2024,Ath Bilbao,5
2024-04-27,Sat,LaLiga,Home,W,3.0,1.0,Ath Bilbao,,8.0,3.0,16.0,15.0,3.0,0.0,2.0,0.0,2024,Ath Madrid,5
2024-04-27,Sat,LaLiga,Away,L,0.0,3.0,Alaves,,4.0,0.0,9.0,10.0,3.0,0.0,3.0,0.0,2024,Celta,5
2024-04-27,Sat,LaLiga,Away,W,3.0,1.0,Almeria,,8.0,5.0,31.0,15.0,4.0,0.0,5.0,1.0,2024,Getafe,5
2024-04-27,Sat,LaLiga,Away,W,2.0,0.0,Las Palmas,,6.0,3.0,10.0,12.0,3.0,0.0,1.0,0.0,2024,Girona,5
2024-04-27,Sat,LaLiga,Home,L,0.0,2.0,Girona,,10.0,5.0,12.0,10.0,1.0,0.0,3.0,0.0,2024,Las Palmas,5
2024-04-28,Sun,LaLiga,Home,D,1.0,1.0,Sevilla,,15.0,5.0,9.0,20.0,3.0,0.0,5.0,0.0,2024,Betis,6
2024-04-28,Sun,LaLiga,Home,D,1.0,1.0,Mallorca,,10.0,2.0,14.0,21.0,3.0,0.0,2.0,0.0,2024,Cadiz,6
2024-04-28,Sun,LaLiga,Home,W,3.0,0.0,Osasuna,,12.0,4.0,17.0,5.0,4.0,0.0,0.0,0.0,2024,Granada,6
2024-04-28,Sun,LaLiga,Away,D,1.0,1.0,Cadiz,,9.0,2.0,21.0,14.0,2.0,0.0,3.0,0.0,2024,Mallorca,6
2024-04-28,Sun,LaLiga,Away,L,0.0,3.0,Granada,,11.0,2.0,5.0,17.0,0.0,0.0,4.0,0.0,2024,Osasuna,6
2024-04-28,Sun,LaLiga,Away,D,1.0,1.0,Betis,,10.0,1.0,20.0,9.0,5.0,0.0,3.0,0.0,2024,Sevilla,6
2024-04-28,Sun,LaLiga,Away,L,0.0,3.0,Villarreal,,20.0,4.0,8.0,15.0,1.0,0.0,2.0,0.0,2024,Vallecano,6
2024-04-28,Sun,LaLiga,Home,W,3.0,0.0,Vallecano,,15.0,7.0,15.0,8.0,2.0,0.0,1.0,0.0,2024,Villarreal,6
2024-04-29,Mon,LaLiga,Home,W,4.0,2.0,Valencia,,27.0,13.0,12.0,5.0,1.0,0.0,0.0,1.0,2024,Barcelona,0
2024-04-29,Mon,LaLiga,Away,L,2.0,4.0,Barcelona,,5.0,3.0,5.0,12.0,0.0,1.0,1.0,0.0,2024,Valencia,0
2024-05-03,Fri,LaLiga,Away,W,2.0,0.0,Getafe,,7.0,2.0,9.0,6.0,2.0,2.0,0.0,0.0,2024,Ath Bilbao,4
2024-05-03,Fri,LaLiga,Home,L,0.0,2.0,Ath Bilbao,,34.0,9.0,6.0,9.0,0.0,0.0,2.0,2.0,2024,Getafe,4
2024-05-04,Sat,LaLiga,Away,W,1.0,0.0,Mallorca,,9.0,4.0,7.0,12.0,0.0,0.0,2.0,0.0,2024,Ath Madrid,5
2024-05-04,Sat,LaLiga,Away,L,2.0,4.0,Girona,,16.0,7.0,8.0,11.0,3.0,0.0,0.0,0.0,2024,Barcelona,5
2024-05-04,Sat,LaLiga,Away,L,0.0,3.0,Real Madrid,,7.0,2.0,12.0,6.0,1.0,0.0,0.0,0.0,2024,Cadiz,5
2024-05-04,Sat,LaLiga,Home,W,4.0,2.0,Barcelona,,9.0,7.0,11.0,8.0,0.0,0.0,3.0,0.0,2024,Girona,5
2024-05-04,Sat,LaLiga,Away,L,0.0,2.0,Sociedad,,7.0,1.0,11.0,12.0,1.0,0.0,2.0,0.0,2024,Las Palmas,5
2024-05-04,Sat,LaLiga,Home,L,0.0,1.0,Ath Madrid,,7.0,4.0,12.0,7.0,2.0,0.0,0.0,0.0,2024,Mallorca,5
2024-05-04,Sat,LaLiga,Home,W,3.0,0.0,Cadiz,,19.0,9.0,6.0,12.0,0.0,0.0,1.0,0.0,2024,Real Madrid,5
2024-05-04,Sat,LaLiga,Home,W,2.0,0.0,Las Palmas,,9.0,4.0,12.0,11.0,2.0,0.0,1.0,0.0,2024,Sociedad,5
2024-05-05,Sun,LaLiga,Away,W,1.0,0.0,Valencia,,14.0,4.0,17.0,9.0,3.0,0.0,1.0,0.0,2024,Alaves,6
2024-05-05,Sun,LaLiga,Away,W,1.0,0.0,Vallecano,,7.0,2.0,15.0,17.0,2.0,0.0,3.0,0.0,2024,Almeria,6
2024-05-05,Sun,LaLiga,Away,W,2.0,0.0,Osasuna,,10.0,4.0,13.0,13.0,2.0,0.0,2.0,1.0,2024,Betis,6
2024-05-05,Sun,LaLiga,Home,W,3.0,2.0,Villarreal,,23.0,7.0,11.0,5.0,4.0,0.0,0.0,1.0,2024,Celta,6
2024-05-05,Sun,LaLiga,Away,L,0.0,3.0,Sevilla,,8.0,3.0,13.0,15.0,2.0,0.0,2.0,0.0,2024,Granada,6
2024-05-05,Sun,LaLiga,Home,L,0.0,2.0,Betis,,12.0,2.0,13.0,13.0,2.0,1.0,2.0,0.0,2024,Osasuna,6
2024-05-05,Sun,LaLiga,Home,W,3.0,0.0,Granada,,11.0,5.0,15.0,13.0,2.0,0.0,2.0,0.0,2024,Sevilla,6
2024-05-05,Sun,LaLiga,Home,L,0.0,1.0,Alaves,,13.0,1.0,9.0,17.0,1.0,0.0,3.0,0.0,2024,Valencia,6
2024-05-05,Sun,LaLiga,Home,L,0.0,1.0,Almeria,,27.0,10.0,17.0,15.0,3.0,0.0,2.0,0.0,2024,Vallecano,6
2024-05-05,Sun,LaLiga,Away,L,2.0,3.0,Celta,,11.0,3.0,5.0,11.0,0.0,1.0,4.0,0.0,2024,Villarreal,6
2024-05-10,Fri,LaLiga,Home,D,2.0,2.0,Girona,,14.0,8.0,13.0,6.0,3.0,0.0,2.0,0.0,2024,Alaves,4
2024-05-10,Fri,LaLiga,Away,D,2.0,2.0,Alaves,,15.0,5.0,6.0,13.0,2.0,0.0,3.0,0.0,2024,Girona,4
2024-05-11,Sat,LaLiga,Home,D,2.0,2.0,Osasuna,,15.0,6.0,9.0,14.0,2.0,0.0,4.0,0.0,2024,Ath Bilbao,5
2024-05-11,Sat,LaLiga,Home,L,0.0,4.0,Real Madrid,,12.0,1.0,11.0,10.0,2.0,0.0,0.0,0.0,2024,Granada,5
2024-05-11,Sat,LaLiga,Away,L,0.0,1.0,Mallorca,,7.0,1.0,10.0,18.0,2.0,0.0,6.0,0.0,2024,Las Palmas,5
2024-05-11,Sat,LaLiga,Home,W,1.0,0.0,Las Palmas,,7.0,2.0,18.0,10.0,6.0,0.0,2.0,0.0,2024,Mallorca,5
2024-05-11,Sat,LaLiga,Away,D,2.0,2.0,Ath Bilbao,,13.0,3.0,14.0,9.0,4.0,0.0,2.0,0.0,2024,Osasuna,5
2024-05-11,Sat,LaLiga,Away,W,4.0,0.0,Granada,,13.0,7.0,10.0,11.0,0.0,0.0,2.0,0.0,2024,Real Madrid,5
2024-05-11,Sat,LaLiga,Away,L,2.0,3.0,Villarreal,,8.0,4.0,14.0,12.0,5.0,0.0,3.0,0.0,2024,Sevilla,5
2024-05-11,Sat,LaLiga,Home,W,3.0,2.0,Sevilla,,25.0,7.0,12.0,14.0,3.0,0.0,5.0,0.0,2024,Villarreal,5
2024-05-12,Sun,LaLiga,Away,L,2.0,3.0,Betis,,14.0,7.0,10.0,9.0,2.0,0.0,0.0,0.0,2024,Almeria,6
2024-05-12,Sun,LaLiga,Home,W,1.0,0.0,Celta,,21.0,8.0,7.0,9.0,1.0,0.0,1.0,0.0,2024,Ath Madrid,6
2024-05-12,Sun,LaLiga,Home,W,3.0,2.0,Almeria,,14.0,7.0,9.0,10.0,0.0,0.0,2.0,0.0,2024,Betis,6
2024-05-12,Sun,LaLiga,Home,W,1.0,0.0,Getafe,,13.0,6.0,23.0,16.0,5.0,0.0,2.0,0.0,2024,Cadiz,6
2024-05-12,Sun,LaLiga,Away,L,0.0,1.0,Ath Madrid,,6.0,2.0,9.0,7.0,1.0,0.0,1.0,0.0,2024,Celta,6
2024-05-12,Sun,LaLiga,Away,L,0.0,1.0,Cadiz,,10.0,4.0,16.0,23.0,2.0,0.0,5.0,0.0,2024,Getafe,6
2024-05-12,Sun,LaLiga,Home,D,0.0,0.0,Vallecano,,13.0,5.0,14.0,21.0,1.0,0.0,2.0,0.0,2024,Valencia,6
2024-05-12,Sun,LaLiga,Away,D,0.0,0.0,Valencia,,12.0,1.0,21.0,14.0,2.0,0.0,1.0,0.0,2024,Vallecano,6
2024-05-13,Mon,LaLiga,Home,W,2.0,0.0,Sociedad,,14.0,5.0,12.0,14.0,2.0,0.0,3.0,0.0,2024,Barcelona,0
2024-05-13,Mon,LaLiga,Away,L,0.0,2.0,Barcelona,,10.0,3.0,14.0,12.0,3.0,0.0,2.0,0.0,2024,Sociedad,0
2024-05-14,Tue,LaLiga,Away,L,0.0,5.0,Real Madrid,,18.0,10.0,12.0,6.0,1.0,0.0,1.0,0.0,2024,Alaves,1
2024-05-14,Tue,LaLiga,Home,L,0.0,1.0,Villarreal,,22.0,5.0,3.0,14.0,1.0,0.0,5.0,1.0,2024,Girona,1
2024-05-14,Tue,LaLiga,Away,D,1.0,1.0,Osasuna,,10.0,4.0,11.0,12.0,1.0,0.0,0.0,0.0,2024,Mallorca,1
2024-05-14,Tue,LaLiga,Home,D,1.0,1.0,Mallorca,,10.0,4.0,12.0,11.0,0.0,0.0,1.0,0.0,2024,Osasuna,1
2024-05-14,Tue,LaLiga,Home,W,5.0,0.0,Alaves,,22.0,11.0,6.0,12.0,1.0,0.0,1.0,0.0,2024,Real Madrid,1
2024-05-14,Tue,LaLiga,Away,W,1.0,0.0,Girona,,11.0,3.0,14.0,3.0,5.0,1.0,1.0,0.0,2024,Villarreal,1
2024-05-15,Wed,LaLiga,Away,L,1.0,2.0,Celta,,7.0,2.0,14.0,15.0,0.0,0.0,2.0,0.0,2024,Ath Bilbao,2
2024-05-15,Wed,LaLiga,Away,W,3.0,0.0,Getafe,,7.0,3.0,7.0,17.0,3.0,0.0,4.0,0.0,2024,Ath Madrid,2
2024-05-15,Wed,LaLiga,Away,W,1.0,0.0,Sevilla,,19.0,7.0,11.0,13.0,2.0,0.0,6.0,0.0,2024,Cadiz,2
2024-05-15,Wed,LaLiga,Home,W,2.0,1.0,Ath Bilbao,,10.0,4.0,15.0,14.0,2.0,0.0,0.0,0.0,2024,Celta,2
2024-05-15,Wed,LaLiga,Home,L,0.0,3.0,Ath Madrid,,8.0,3.0,17.0,7.0,4.0,0.0,3.0,0.0,2024,Getafe,2
2024-05-15,Wed,LaLiga,Away,L,1.0,2.0,Vallecano,,10.0,1.0,17.0,12.0,3.0,0.0,4.0,1.0,2024,Granada,2
2024-05-15,Wed,LaLiga,Home,L,0.0,1.0,Cadiz,,14.0,3.0,13.0,11.0,6.0,0.0,2.0,0.0,2024,Sevilla,2
2024-05-15,Wed,LaLiga,Home,W,2.0,1.0,Granada,,18.0,9.0,12.0,17.0,4.0,1.0,3.0,0.0,2024,Vallecano,2
2024-05-16,Thu,LaLiga,Home,L,0.0,2.0,Barcelona,,12.0,3.0,9.0,11.0,0.0,0.0,1.0,0.0,2024,Almeria,3
2024-05-16,Thu,LaLiga,Away,W,2.0,0.0,Almeria,,16.0,7.0,11.0,9.0,1.0,0.0,0.0,0.0,2024,Barcelona,3
2024-05-16,Thu,LaLiga,Away,D,2.0,2.0,Las Palmas,,6.0,4.0,12.0,9.0,1.0,0.0,2.0,0.0,2024,Betis,3
2024-05-16,Thu,LaLiga,Home,D,2.0,2.0,Betis,,16.0,9.0,9.0,12.0,2.0,0.0,1.0,0.0,2024,Las Palmas,3
2024-05-16,Thu,LaLiga,Home,W,1.0,0.0,Valencia,,10.0,5.0,11.0,13.0,0.0,0.0,2.0,0.0,2024,Sociedad,3
2024-05-16,Thu,LaLiga,Away,L,0.0,1.0,Sociedad,,7.0,3.0,13.0,11.0,2.0,0.0,0.0,0.0,2024,Valencia,3
2024-05-18,Sat,LaLiga,Home,W,1.0,0.0,Getafe,,9.0,2.0,13.0,27.0,5.0,0.0,7.0,1.0,2024,Alaves,5
2024-05-18,Sat,LaLiga,Away,L,0.0,1.0,Alaves,,10.0,4.0,27.0,13.0,7.0,1.0,5.0,0.0,2024,Getafe,5
2024-05-19,Sun,LaLiga,Away,D,2.0,2.0,Mallorca,,7.0,3.0,9.0,9.0,3.0,0.0,2.0,0.0,2024,Almeria,6
2024-05-19,Sun,LaLiga,Home,W,2.0,0.0,Sevilla,,15.0,6.0,12.0,5.0,1.0,0.0,1.0,0.0,2024,Ath Bilbao,6
2024-05-19,Sun,LaLiga,Home,L,1.0,4.0,Osasuna,,15.0,2.0,12.0,9.0,2.0,0.0,2.0,0.0,2024,Ath Madrid,6
2024-05-19,Sun,LaLiga,Home,W,3.0,0.0,Vallecano,,14.0,6.0,10.0,7.0,4.0,0.0,2.0,0.0,2024,Barcelona,6
2024-05-19,Sun,LaLiga,Home,L,0.0,2.0,Sociedad,,18.0,9.0,12.0,18.0,3.0,0.0,4.0,0.0,2024,Betis,6
2024-05-19,Sun,LaLiga,Home,D,0.0,0.0,Las Palmas,,10.0,3.0,13.0,12.0,3.0,1.0,1.0,0.0,2024,Cadiz,6
2024-05-19,Sun,LaLiga,Away,W,2.0,1.0,Granada,,8.0,5.0,12.0,15.0,1.0,0.0,2.0,0.0,2024,Celta,6
2024-05-19,Sun,LaLiga,Away,W,3.0,1.0,Valencia,,18.0,5.0,8.0,10.0,0.0,0.0,2.0,0.0,2024,Girona,6
2024-05-19,Sun,LaLiga,Home,L,1.0,2.0,Celta,,11.0,3.0,15.0,12.0,2.0,0.0,1.0,0.0,2024,Granada,6
2024-05-19,Sun,LaLiga,Away,D,0.0,0.0,Cadiz,,9.0,1.0,12.0,13.0,1.0,0.0,3.0,1.0,2024,Las Palmas,6
2024-05-19,Sun,LaLiga,Home,D,2.0,2.0,Almeria,,29.0,8.0,9.0,9.0,2.0,0.0,3.0,0.0,2024,Mallorca,6
2024-05-19,Sun,LaLiga,Away,W,4.0,1.0,Ath Madrid,,15.0,6.0,9.0,12.0,2.0,0.0,2.0,0.0,2024,Osasuna,6
2024-05-19,Sun,LaLiga,Away,D,4.0,4.0,Villarreal,,12.0,6.0,12.0,15.0,2.0,0.0,3.0,0.0,2024,Real Madrid,6
2024-05-19,Sun,LaLiga,Away,L,0.0,2.0,Ath Bilbao,,9.0,4.0,5.0,12.0,1.0,0.0,1.0,0.0,2024,Sevilla,6
2024-05-19,Sun,LaLiga,Away,W,2.0,0.0,Betis,,5.0,2.0,18.0,12.0,4.0,0.0,3.0,0.0,2024,Sociedad,6
2024-05-19,Sun,LaLiga,Home,L,1.0,3.0,Girona,,20.0,6.0,10.0,8.0,2.0,0.0,0.0,0.0,2024,Valencia,6
2024-05-19,Sun,LaLiga,Away,L,0.0,3.0,Barcelona,,15.0,4.0,7.0,10.0,2.0,0.0,4.0,0.0,2024,Vallecano,6
2024-05-19,Sun,LaLiga,Home,D,4.0,4.0,Real Madrid,,21.0,7.0,15.0,12.0,3.0,0.0,2.0,0.0,2024,Villarreal,6
2024-05-24,Fri,LaLiga,Home,W,7.0,0.0,Granada,,16.0,9.0,6.0,13.0,3.0,0.0,5.0,1.0,2024,Girona,4
2024-05-24,Fri,LaLiga,Away,L,0.0,7.0,Girona,,10.0,2.0,13.0,6.0,5.0,1.0,3.0,0.0,2024,Granada,4
2024-05-25,Sat,LaLiga,Home,W,6.0,1.0,Cadiz,,27.0,12.0,4.0,9.0,2.0,0.0,2.0,0.0,2024,Almeria,5
2024-05-25,Sat,LaLiga,Away,W,1.0,0.0,Vallecano,,7.0,1.0,13.0,6.0,1.0,0.0,1.0,0.0,2024,Ath Bilbao,5
2024-05-25,Sat,LaLiga,Away,W,2.0,0.0,Sociedad,,10.0,4.0,15.0,19.0,5.0,1.0,3.0,0.0,2024,Ath Madrid,5
2024-05-25,Sat,LaLiga,Away,D,0.0,0.0,Real Madrid,,11.0,3.0,11.0,8.0,1.0,0.0,2.0,0.0,2024,Betis,5
2024-05-25,Sat,LaLiga,Away,L,1.0,6.0,Almeria,,12.0,4.0,9.0,4.0,2.0,0.0,2.0,0.0,2024,Cadiz,5
2024-05-25,Sat,LaLiga,Home,D,1.0,1.0,Villarreal,,12.0,6.0,13.0,6.0,4.0,0.0,3.0,0.0,2024,Osasuna,5
2024-05-25,Sat,LaLiga,Home,D,0.0,0.0,Betis,,13.0,5.0,8.0,11.0,2.0,0.0,1.0,0.0,2024,Real Madrid,5
2024-05-25,Sat,LaLiga,Home,L,0.0,2.0,Ath Madrid,,14.0,4.0,19.0,15.0,3.0,0.0,5.0,1.0,2024,Sociedad,5
2024-05-25,Sat,LaLiga,Home,L,0.0,1.0,Ath Bilbao,,17.0,4.0,6.0,13.0,1.0,0.0,1.0,0.0,2024,Vallecano,5
2024-05-25,Sat,LaLiga,Away,D,1.0,1.0,Osasuna,,11.0,3.0,6.0,13.0,3.0,0.0,4.0,0.0,2024,Villarreal,5
2024-05-26,Sun,LaLiga,Away,D,1.0,1.0,Las Palmas,,14.0,4.0,10.0,16.0,1.0,0.0,2.0,0.0,2024,Alaves,6
2024-05-26,Sun,LaLiga,Away,W,2.0,1.0,Sevilla,,11.0,6.0,9.0,11.0,1.0,0.0,2.0,0.0,2024,Barcelona,6
2024-05-26,Sun,LaLiga,Home,D,2.0,2.0,Valencia,,9.0,4.0,17.0,18.0,0.0,0.0,0.0,0.0,2024,Celta,6
2024-05-26,Sun,LaLiga,Home,L,1.0,2.0,Mallorca,,16.0,6.0,12.0,10.0,0.0,0.0,2.0,0.0,2024,Getafe,6
2024-05-26,Sun,LaLiga,Home,D,1.0,1.0,Alaves,,10.0,4.0,16.0,10.0,2.0,0.0,1.0,0.0,2024,Las Palmas,6
2024-05-26,Sun,LaLiga,Away,W,2.0,1.0,Getafe,,9.0,4.0,10.0,12.0,2.0,0.0,0.0,0.0,2024,Mallorca,6
2024-05-26,Sun,LaLiga,Home,L,1.0,2.0,Barcelona,,15.0,6.0,11.0,9.0,2.0,0.0,1.0,0.0,2024,Sevilla,6
2024-05-26,Sun,LaLiga,Away,D,2.0,2.0,Celta,,12.0,1.0,18.0,17.0,0.0,0.0,0.0,0.0,2024,Valencia,6
2024-08-15,Thu,LaLiga,Home,D,1.0,1.0,Getafe,,7.0,4.0,15.0,12.0,4.0,0.0,1.0,0.0,2025,Ath Bilbao,3
2024-08-15,Thu,LaLiga,Home,D,1.0,1.0,Girona,,19.0,4.0,11.0,7.0,2.0,0.0,0.0,0.0,2025,Betis,3
2024-08-15,Thu,LaLiga,Away,D,1.0,1.0,Ath Bilbao,,9.0,2.0,12.0,15.0,1.0,0.0,4.0,0.0,2025,Getafe,3
2024-08-15,Thu,LaLiga,Away,D,1.0,1.0,Betis,,13.0,2.0,7.0,11.0,0.0,0.0,2.0,0.0,2025,Girona,3
2024-08-16,Fri,LaLiga,Away,L,1.0,2.0,Celta,,10.0,2.0,23.0,8.0,2.0,0.0,3.0,0.0,2025,Alaves,4
2024-08-16,Fri,LaLiga,Home,W,2.0,1.0,Alaves,,6.0,4.0,8.0,23.0,3.0,0.0,2.0,0.0,2025,Celta,4
2024-08-16,Fri,LaLiga,Home,D,2.0,2.0,Sevilla,,13.0,5.0,12.0,13.0,0.0,0.0,0.0,0.0,2025,Las Palmas,4
2024-08-16,Fri,LaLiga,Away,D,2.0,2.0,Las Palmas,,16.0,5.0,13.0,12.0,0.0,0.0,0.0,0.0,2025,Sevilla,4
2024-08-17,Sat,LaLiga,Away,W,2.0,1.0,Valencia,,18.0,8.0,13.0,11.0,3.0,0.0,2.0,0.0,2025,Barcelona,5
2024-08-17,Sat,LaLiga,Away,D,1.0,1.0,Osasuna,,10.0,4.0,12.0,14.0,2.0,0.0,3.0,0.0,2025,Leganes,5
2024-08-17,Sat,LaLiga,Home,D,1.0,1.0,Leganes,,16.0,5.0,14.0,12.0,3.0,0.0,2.0,0.0,2025,Osasuna,5
2024-08-17,Sat,LaLiga,Home,L,1.0,2.0,Barcelona,,6.0,1.0,11.0,13.0,2.0,0.0,3.0,0.0,2025,Valencia,5
2024-08-18,Sun,LaLiga,Home,D,1.0,1.0,Real Madrid,,12.0,5.0,11.0,6.0,1.0,0.0,0.0,1.0,2025,Mallorca,6
2024-08-18,Sun,LaLiga,Away,D,1.0,1.0,Mallorca,,13.0,4.0,6.0,11.0,0.0,1.0,1.0,0.0,2025,Real Madrid,6
2024-08-18,Sun,LaLiga,Home,L,1.0,2.0,Vallecano,,11.0,5.0,14.0,21.0,2.0,0.0,4.0,0.0,2025,Sociedad,6
2024-08-18,Sun,LaLiga,Away,W,2.0,1.0,Sociedad,,12.0,5.0,21.0,14.0,4.0,0.0,2.0,0.0,2025,Vallecano,6
2024-08-19,Mon,LaLiga,Away,D,2.0,2.0,Villarreal,,10.0,5.0,10.0,6.0,3.0,0.0,1.0,0.0,2025,Ath Madrid,0
2024-08-19,Mon,LaLiga,Away,L,0.0,1.0,Valladolid,,10.0,2.0,8.0,15.0,2.0,0.0,2.0,0.0,2025,Espanol,0
2024-08-19,Mon,LaLiga,Home,W,1.0,0.0,Espanol,,12.0,3.0,15.0,8.0,2.0,0.0,2.0,0.0,2025,Valladolid,0
2024-08-19,Mon,LaLiga,Home,D,2.0,2.0,Ath Madrid,,8.0,3.0,6.0,10.0,1.0,0.0,3.0,0.0,2025,Villarreal,0
2024-08-23,Fri,LaLiga,Home,W,3.0,1.0,Valencia,,7.0,5.0,9.0,11.0,3.0,0.0,0.0,0.0,2025,Celta,4
2024-08-23,Fri,LaLiga,Home,L,1.0,2.0,Villarreal,,15.0,9.0,15.0,7.0,3.0,0.0,5.0,0.0,2025,Sevilla,4
2024-08-23,Fri,LaLiga,Away,L,1.0,3.0,Celta,,13.0,5.0,11.0,9.0,0.0,0.0,3.0,0.0,2025,Valencia,4
2024-08-23,Fri,LaLiga,Away,W,2.0,1.0,Sevilla,,6.0,5.0,7.0,15.0,5.0,0.0,3.0,0.0,2025,Villarreal,4
2024-08-24,Sat,LaLiga,Away,L,1.0,2.0,Barcelona,,9.0,2.0,16.0,11.0,5.0,0.0,4.0,0.0,2025,Ath Bilbao,5
2024-08-24,Sat,LaLiga,Home,W,2.0,1.0,Ath Bilbao,,13.0,5.0,11.0,16.0,4.0,0.0,5.0,0.0,2025,Barcelona,5
2024-08-24,Sat,LaLiga,Home,L,0.0,1.0,Sociedad,,13.0,3.0,14.0,18.0,2.0,0.0,2.0,0.0,2025,Espanol,5
2024-08-24,Sat,LaLiga,Home,D,0.0,0.0,Vallecano,,12.0,0.0,16.0,18.0,1.0,0.0,2.0,0.0,2025,Getafe,5
2024-08-24,Sat,LaLiga,Away,L,0.0,1.0,Osasuna,,11.0,2.0,8.0,10.0,1.0,0.0,2.0,0.0,2025,Mallorca,5
2024-08-24,Sat,LaLiga,Home,W,1.0,0.0,Mallorca,,15.0,5.0,10.0,8.0,2.0,0.0,1.0,0.0,2025,Osasuna,5
2024-08-24,Sat,LaLiga,Away,W,1.0,0.0,Espanol,,8.0,4.0,18.0,14.0,2.0,0.0,2.0,0.0,2025,Sociedad,5
2024-08-24,Sat,LaLiga,Away,D,0.0,0.0,Getafe,,3.0,1.0,18.0,16.0,2.0,0.0,1.0,0.0,2025,Vallecano,5
2024-08-25,Sun,LaLiga,Home,D,0.0,0.0,Betis,,3.0,1.0,16.0,13.0,1.0,1.0,4.0,0.0,2025,Alaves,6
2024-08-25,Sun,LaLiga,Home,W,3.0,0.0,Girona,,11.0,6.0,11.0,10.0,1.0,0.0,3.0,0.0,2025,Ath Madrid,6
2024-08-25,Sun,LaLiga,Away,D,0.0,0.0,Alaves,,13.0,3.0,13.0,16.0,4.0,0.0,1.0,1.0,2025,Betis,6
2024-08-25,Sun,LaLiga,Away,L,0.0,3.0,Ath Madrid,,13.0,5.0,10.0,11.0,3.0,0.0,1.0,0.0,2025,Girona,6
2024-08-25,Sun,LaLiga,Away,L,1.0,2.0,Leganes,,10.0,5.0,10.0,11.0,1.0,0.0,1.0,0.0,2025,Las Palmas,6
2024-08-25,Sun,LaLiga,Home,W,2.0,1.0,Las Palmas,,10.0,5.0,11.0,10.0,1.0,0.0,1.0,0.0,2025,Leganes,6
2024-08-25,Sun,LaLiga,Home,W,3.0,0.0,Valladolid,,17.0,9.0,10.0,15.0,1.0,0.0,1.0,0.0,2025,Real Madrid,6
2024-08-25,Sun,LaLiga,Away,L,0.0,3.0,Real Madrid,,8.0,2.0,15.0,10.0,1.0,0.0,1.0,0.0,2025,Valladolid,6
2024-08-26,Mon,LaLiga,Away,L,3.0,4.0,Villarreal,,18.0,8.0,6.0,8.0,3.0,0.0,4.0,0.0,2025,Celta,0
2024-08-26,Mon,LaLiga,Home,W,4.0,3.0,Celta,,22.0,9.0,8.0,6.0,4.0,0.0,3.0,0.0,2025,Villarreal,0
2024-08-27,Tue,LaLiga,Away,W,2.0,1.0,Vallecano,,22.0,5.0,11.0,17.0,1.0,0.0,3.0,0.0,2025,Barcelona,1
2024-08-27,Tue,LaLiga,Home,D,0.0,0.0,Sevilla,,12.0,4.0,15.0,10.0,0.0,0.0,1.0,1.0,2025,Mallorca,1
2024-08-27,Tue,LaLiga,Away,D,0.0,0.0,Mallorca,,16.0,7.0,10.0,15.0,1.0,1.0,0.0,0.0,2025,Sevilla,1
2024-08-27,Tue,LaLiga,Home,L,1.0,2.0,Barcelona,,8.0,4.0,17.0,11.0,3.0,0.0,1.0,0.0,2025,Vallecano,1
2024-08-28,Wed,LaLiga,Away,W,2.0,1.0,Sociedad,,12.0,5.0,12.0,16.0,4.0,0.0,4.0,1.0,2025,Alaves,2
2024-08-28,Wed,LaLiga,Home,W,1.0,0.0,Valencia,,13.0,4.0,14.0,9.0,1.0,0.0,3.0,0.0,2025,Ath Bilbao,2
2024-08-28,Wed,LaLiga,Home,D,0.0,0.0,Espanol,,24.0,7.0,6.0,9.0,0.0,0.0,2.0,0.0,2025,Ath Madrid,2
2024-08-28,Wed,LaLiga,Away,D,0.0,0.0,Ath Madrid,,8.0,1.0,9.0,6.0,2.0,0.0,0.0,0.0,2025,Espanol,2
2024-08-28,Wed,LaLiga,Away,D,0.0,0.0,Valladolid,,8.0,1.0,19.0,13.0,5.0,0.0,1.0,0.0,2025,Leganes,2
2024-08-28,Wed,LaLiga,Home,L,1.0,2.0,Alaves,,8.0,1.0,16.0,12.0,4.0,1.0,4.0,0.0,2025,Sociedad,2
2024-08-28,Wed,LaLiga,Away,L,0.0,1.0,Ath Bilbao,,2.0,0.0,9.0,14.0,3.0,0.0,1.0,0.0,2025,Valencia,2
2024-08-28,Wed,LaLiga,Home,D,0.0,0.0,Leganes,,12.0,2.0,13.0,19.0,1.0,0.0,5.0,0.0,2025,Valladolid,2
2024-08-29,Thu,LaLiga,Home,W,4.0,0.0,Osasuna,,10.0,5.0,10.0,9.0,0.0,0.0,0.0,0.0,2025,Girona,3
2024-08-29,Thu,LaLiga,Home,D,1.0,1.0,Real Madrid,,7.0,3.0,16.0,13.0,0.0,0.0,2.0,0.0,2025,Las Palmas,3
2024-08-29,Thu,LaLiga,Away,L,0.0,4.0,Girona,,1.0,0.0,9.0,10.0,0.0,0.0,0.0,0.0,2025,Osasuna,3
2024-08-29,Thu,LaLiga,Away,D,1.0,1.0,Las Palmas,,25.0,8.0,13.0,16.0,2.0,0.0,0.0,0.0,2025,Real Madrid,3
2024-08-31,Sat,LaLiga,Home,L,0.0,1.0,Ath Madrid,,8.0,1.0,13.0,9.0,3.0,0.0,1.0,0.0,2025,Ath Bilbao,5
2024-08-31,Sat,LaLiga,Away,W,1.0,0.0,Ath Bilbao,,9.0,2.0,9.0,13.0,1.0,0.0,3.0,0.0,2025,Ath Madrid,5
2024-08-31,Sat,LaLiga,Home,W,7.0,0.0,Valladolid,,23.0,10.0,6.0,12.0,0.0,0.0,3.0,0.0,2025,Barcelona,5
2024-08-31,Sat,LaLiga,Home,W,2.0,1.0,Vallecano,,10.0,5.0,14.0,16.0,3.0,0.0,2.0,0.0,2025,Espanol,5
2024-08-31,Sat,LaLiga,Home,L,0.0,1.0,Mallorca,,4.0,2.0,11.0,17.0,1.0,0.0,3.0,0.0,2025,Leganes,5
2024-08-31,Sat,LaLiga,Away,W,1.0,0.0,Leganes,,12.0,3.0,17.0,11.0,3.0,0.0,1.0,0.0,2025,Mallorca,5
2024-08-31,Sat,LaLiga,Home,D,1.0,1.0,Villarreal,,22.0,6.0,15.0,11.0,3.0,0.0,5.0,1.0,2025,Valencia,5
2024-08-31,Sat,LaLiga,Away,L,0.0,7.0,Barcelona,,5.0,2.0,12.0,6.0,3.0,0.0,0.0,0.0,2025,Valladolid,5
2024-08-31,Sat,LaLiga,Away,L,1.0,2.0,Espanol,,17.0,5.0,16.0,14.0,2.0,0.0,3.0,0.0,2025,Vallecano,5
2024-08-31,Sat,LaLiga,Away,D,1.0,1.0,Valencia,,9.0,3.0,11.0,15.0,5.0,1.0,3.0,0.0,2025,Villarreal,5
2024-09-01,Sun,LaLiga,Home,W,2.0,0.0,Las Palmas,,15.0,5.0,13.0,9.0,3.0,0.0,0.0,0.0,2025,Alaves,6
2024-09-01,Sun,LaLiga,Away,L,0.0,2.0,Real Madrid,,12.0,2.0,16.0,8.0,0.0,0.0,2.0,0.0,2025,Betis,6
2024-09-01,Sun,LaLiga,Away,L,2.0,3.0,Osasuna,,12.0,3.0,10.0,19.0,0.0,1.0,2.0,0.0,2025,Celta,6
2024-09-01,Sun,LaLiga,Home,D,0.0,0.0,Sociedad,,16.0,1.0,14.0,16.0,1.0,0.0,1.0,0.0,2025,Getafe,6
2024-09-01,Sun,LaLiga,Away,W,2.0,0.0,Sevilla,,11.0,4.0,14.0,6.0,2.0,0.0,3.0,0.0,2025,Girona,6
2024-09-01,Sun,LaLiga,Away,L,0.0,2.0,Alaves,,12.0,7.0,9.0,13.0,0.0,0.0,3.0,0.0,2025,Las Palmas,6
2024-09-01,Sun,LaLiga,Home,W,3.0,2.0,Celta,,10.0,4.0,19.0,10.0,2.0,0.0,0.0,1.0,2025,Osasuna,6
2024-09-01,Sun,LaLiga,Home,W,2.0,0.0,Betis,,20.0,8.0,8.0,16.0,2.0,0.0,0.0,0.0,2025,Real Madrid,6
2024-09-01,Sun,LaLiga,Home,L,0.0,2.0,Girona,,16.0,5.0,6.0,14.0,3.0,0.0,2.0,0.0,2025,Sevilla,6
2024-09-01,Sun,LaLiga,Away,D,0.0,0.0,Getafe,,1.0,0.0,16.0,14.0,1.0,0.0,1.0,0.0,2025,Sociedad,6
2024-09-13,Fri,LaLiga,Home,W,2.0,0.0,Leganes,,14.0,5.0,11.0,18.0,1.0,0.0,2.0,0.0,2025,Betis,4
2024-09-13,Fri,LaLiga,Away,L,0.0,2.0,Betis,,3.0,0.0,18.0,11.0,2.0,0.0,1.0,0.0,2025,Leganes,4
2024-09-14,Sat,LaLiga,Away,L,2.0,3.0,Espanol,,19.0,6.0,14.0,17.0,3.0,0.0,2.0,0.0,2025,Alaves,5
2024-09-14,Sat,LaLiga,Home,W,3.0,2.0,Alaves,,9.0,4.0,17.0,14.0,2.0,0.0,3.0,0.0,2025,Espanol,5
2024-09-14,Sat,LaLiga,Away,L,0.0,1.0,Sevilla,,15.0,4.0,15.0,19.0,4.0,0.0,3.0,1.0,2025,Getafe,5
2024-09-14,Sat,LaLiga,Home,L,1.0,2.0,Villarreal,,10.0,5.0,11.0,10.0,3.0,1.0,3.0,0.0,2025,Mallorca,5
2024-09-14,Sat,LaLiga,Away,W,2.0,0.0,Sociedad,,16.0,7.0,9.0,12.0,1.0,0.0,4.0,0.0,2025,Real Madrid,5
2024-09-14,Sat,LaLiga,Home,W,1.0,0.0,Getafe,,10.0,4.0,19.0,15.0,3.0,1.0,4.0,0.0,2025,Sevilla,5
2024-09-14,Sat,LaLiga,Home,L,0.0,2.0,Real Madrid,,11.0,2.0,12.0,9.0,4.0,0.0,1.0,0.0,2025,Sociedad,5
2024-09-14,Sat,LaLiga,Away,W,2.0,1.0,Mallorca,,21.0,4.0,10.0,11.0,3.0,0.0,3.0,1.0,2025,Villarreal,5
2024-09-15,Sun,LaLiga,Away,W,3.0,2.0,Las Palmas,,9.0,4.0,12.0,8.0,2.0,1.0,1.0,0.0,2025,Ath Bilbao,6
2024-09-15,Sun,LaLiga,Home,W,3.0,0.0,Valencia,,14.0,5.0,10.0,8.0,1.0,0.0,2.0,0.0,2025,Ath Madrid,6
2024-09-15,Sun,LaLiga,Away,W,4.0,1.0,Girona,,20.0,9.0,4.0,13.0,2.0,1.0,3.0,0.0,2025,Barcelona,6
2024-09-15,Sun,LaLiga,Home,W,3.0,1.0,Valladolid,,14.0,7.0,14.0,15.0,3.0,0.0,5.0,1.0,2025,Celta,6
2024-09-15,Sun,LaLiga,Home,L,1.0,4.0,Barcelona,,9.0,4.0,13.0,4.0,3.0,0.0,2.0,1.0,2025,Girona,6
2024-09-15,Sun,LaLiga,Home,L,2.0,3.0,Ath Bilbao,,15.0,6.0,8.0,12.0,1.0,0.0,2.0,1.0,2025,Las Palmas,6
2024-09-15,Sun,LaLiga,Away,L,0.0,3.0,Ath Madrid,,5.0,1.0,8.0,10.0,2.0,0.0,1.0,0.0,2025,Valencia,6
2024-09-15,Sun,LaLiga,Away,L,1.0,3.0,Celta,,6.0,1.0,15.0,14.0,5.0,1.0,3.0,0.0,2025,Valladolid,6
2024-09-16,Mon,LaLiga,Away,L,1.0,3.0,Vallecano,,5.0,2.0,15.0,12.0,2.0,0.0,3.0,0.0,2025,Osasuna,0
2024-09-16,Mon,LaLiga,Home,W,3.0,1.0,Osasuna,,17.0,6.0,12.0,15.0,3.0,0.0,2.0,0.0,2025,Vallecano,0
2024-09-17,Tue,LaLiga,Home,W,1.0,0.0,Sociedad,,10.0,4.0,5.0,10.0,1.0,0.0,1.0,0.0,2025,Mallorca,1
2024-09-17,Tue,LaLiga,Away,L,0.0,1.0,Mallorca,,13.0,4.0,10.0,5.0,1.0,0.0,1.0,0.0,2025,Sociedad,1
2024-09-18,Wed,LaLiga,Home,W,2.0,1.0,Getafe,,18.0,8.0,10.0,20.0,3.0,0.0,5.0,0.0,2025,Betis,2
2024-09-18,Wed,LaLiga,Away,L,1.0,2.0,Betis,,15.0,5.0,20.0,10.0,5.0,0.0,3.0,0.0,2025,Getafe,2
2024-09-19,Thu,LaLiga,Away,W,2.0,0.0,Leganes,,10.0,4.0,11.0,12.0,0.0,0.0,3.0,0.0,2025,Ath Bilbao,3
2024-09-19,Thu,LaLiga,Home,L,0.0,2.0,Ath Bilbao,,14.0,3.0,12.0,11.0,3.0,0.0,0.0,0.0,2025,Leganes,3
2024-09-20,Fri,LaLiga,Home,W,2.0,1.0,Sevilla,,10.0,4.0,11.0,16.0,1.0,0.0,4.0,0.0,2025,Alaves,4
2024-09-20,Fri,LaLiga,Away,L,1.0,2.0,Alaves,,8.0,2.0,16.0,11.0,4.0,0.0,1.0,0.0,2025,Sevilla,4
2024-09-21,Sat,LaLiga,Away,L,1.0,4.0,Real Madrid,,10.0,2.0,5.0,7.0,3.0,0.0,4.0,0.0,2025,Espanol,5
2024-09-21,Sat,LaLiga,Away,L,0.0,2.0,Valencia,,8.0,3.0,10.0,13.0,2.0,0.0,3.0,0.0,2025,Girona,5
2024-09-21,Sat,LaLiga,Away,L,1.0,2.0,Osasuna,,11.0,4.0,11.0,14.0,5.0,0.0,2.0,0.0,2025,Las Palmas,5
2024-09-21,Sat,LaLiga,Home,W,2.0,1.0,Las Palmas,,13.0,2.0,14.0,11.0,2.0,0.0,5.0,0.0,2025,Osasuna,5
2024-09-21,Sat,LaLiga,Home,W,4.0,1.0,Espanol,,31.0,14.0,7.0,5.0,4.0,0.0,3.0,0.0,2025,Real Madrid,5
2024-09-21,Sat,LaLiga,Away,D,0.0,0.0,Valladolid,,14.0,4.0,12.0,15.0,4.0,0.0,4.0,0.0,2025,Sociedad,5
2024-09-21,Sat,LaLiga,Home,W,2.0,0.0,Girona,,7.0,2.0,13.0,10.0,3.0,0.0,2.0,0.0,2025,Valencia,5
2024-09-21,Sat,LaLiga,Home,D,0.0,0.0,Sociedad,,15.0,2.0,15.0,12.0,4.0,0.0,4.0,0.0,2025,Valladolid,5
2024-09-22,Sun,LaLiga,Home,W,3.0,1.0,Celta,,10.0,7.0,16.0,11.0,3.0,0.0,2.0,0.0,2025,Ath Bilbao,6
2024-09-22,Sun,LaLiga,Away,D,1.0,1.0,Vallecano,,10.0,5.0,12.0,9.0,0.0,0.0,0.0,0.0,2025,Ath Madrid,6
2024-09-22,Sun,LaLiga,Away,W,5.0,1.0,Villarreal,,17.0,10.0,12.0,12.0,1.0,0.0,6.0,0.0,2025,Barcelona,6
2024-09-22,Sun,LaLiga,Away,L,1.0,3.0,Ath Bilbao,,11.0,4.0,11.0,16.0,2.0,0.0,3.0,0.0,2025,Celta,6
2024-09-22,Sun,LaLiga,Home,D,1.0,1.0,Leganes,,12.0,3.0,16.0,17.0,3.0,0.0,2.0,0.0,2025,Getafe,6
2024-09-22,Sun,LaLiga,Away,D,1.0,1.0,Getafe,,6.0,3.0,17.0,16.0,2.0,0.0,3.0,0.0,2025,Leganes,6
2024-09-22,Sun,LaLiga,Home,D,1.0,1.0,Ath Madrid,,15.0,3.0,9.0,12.0,0.0,0.0,0.0,0.0,2025,Vallecano,6
2024-09-22,Sun,LaLiga,Home,L,1.0,5.0,Barcelona,,13.0,4.0,12.0,12.0,6.0,0.0,1.0,0.0,2025,Villarreal,6
2024-09-23,Mon,LaLiga,Home,L,1.0,2.0,Mallorca,,14.0,6.0,12.0,12.0,3.0,0.0,2.0,0.0,2025,Betis,0
2024-09-23,Mon,LaLiga,Away,W,2.0,1.0,Betis,,6.0,6.0,12.0,12.0,2.0,0.0,3.0,0.0,2025,Mallorca,0
2024-09-24,Tue,LaLiga,Away,L,2.0,3.0,Real Madrid,,12.0,3.0,10.0,7.0,0.0,0.0,4.0,0.0,2025,Alaves,1
2024-09-24,Tue,LaLiga,Away,D,0.0,0.0,Valencia,,9.0,2.0,11.0,6.0,3.0,0.0,2.0,0.0,2025,Osasuna,1
2024-09-24,Tue,LaLiga,Home,W,3.0,2.0,Alaves,,10.0,4.0,7.0,10.0,4.0,0.0,0.0,0.0,2025,Real Madrid,1
2024-09-24,Tue,LaLiga,Home,W,2.0,1.0,Valladolid,,22.0,5.0,14.0,12.0,5.0,1.0,4.0,0.0,2025,Sevilla,1
2024-09-24,Tue,LaLiga,Home,D,0.0,0.0,Osasuna,,10.0,2.0,6.0,11.0,2.0,0.0,3.0,0.0,2025,Valencia,1
2024-09-24,Tue,LaLiga,Away,L,1.0,2.0,Sevilla,,8.0,2.0,12.0,14.0,4.0,0.0,5.0,1.0,2025,Valladolid,1
2024-09-25,Wed,LaLiga,Home,W,1.0,0.0,Getafe,,16.0,4.0,4.0,14.0,1.0,0.0,1.0,0.0,2025,Barcelona,2
2024-09-25,Wed,LaLiga,Away,L,0.0,1.0,Barcelona,,7.0,1.0,14.0,4.0,1.0,0.0,1.0,0.0,2025,Getafe,2
2024-09-25,Wed,LaLiga,Home,D,0.0,0.0,Vallecano,,11.0,0.0,8.0,16.0,3.0,0.0,4.0,0.0,2025,Girona,2
2024-09-25,Wed,LaLiga,Away,D,0.0,0.0,Girona,,2.0,0.0,16.0,8.0,4.0,0.0,3.0,0.0,2025,Vallecano,2
2024-09-26,Thu,LaLiga,Away,W,1.0,0.0,Celta,,7.0,2.0,7.0,10.0,2.0,0.0,2.0,0.0,2025,Ath Madrid,3
2024-09-26,Thu,LaLiga,Away,D,1.0,1.0,Las Palmas,,14.0,5.0,10.0,21.0,2.0,0.0,4.0,0.0,2025,Betis,3
2024-09-26,Thu,LaLiga,Home,L,0.0,1.0,Ath Madrid,,9.0,4.0,10.0,7.0,2.0,0.0,2.0,0.0,2025,Celta,3
2024-09-26,Thu,LaLiga,Home,L,1.0,2.0,Villarreal,,11.0,2.0,12.0,14.0,5.0,0.0,3.0,0.0,2025,Espanol,3
2024-09-26,Thu,LaLiga,Home,D,1.0,1.0,Betis,,8.0,2.0,21.0,10.0,4.0,0.0,2.0,0.0,2025,Las Palmas,3
2024-09-26,Thu,LaLiga,Away,W,2.0,1.0,Espanol,,15.0,4.0,14.0,12.0,3.0,0.0,5.0,0.0,2025,Villarreal,3
2024-09-27,Fri,LaLiga,Away,W,2.0,1.0,Valladolid,,14.0,6.0,9.0,15.0,2.0,0.0,3.0,0.0,2025,Mallorca,4
2024-09-27,Fri,LaLiga,Home,L,1.0,2.0,Mallorca,,11.0,1.0,15.0,9.0,3.0,0.0,2.0,0.0,2025,Valladolid,4
2024-09-28,Sat,LaLiga,Away,L,0.0,2.0,Getafe,,9.0,1.0,24.0,17.0,6.0,0.0,3.0,0.0,2025,Alaves,5
2024-09-28,Sat,LaLiga,Away,L,2.0,4.0,Osasuna,,12.0,5.0,3.0,13.0,2.0,0.0,2.0,0.0,2025,Barcelona,5
2024-09-28,Sat,LaLiga,Home,W,2.0,0.0,Alaves,,14.0,8.0,17.0,24.0,3.0,0.0,6.0,0.0,2025,Getafe,5
2024-09-28,Sat,LaLiga,Away,D,1.0,1.0,Vallecano,,13.0,3.0,7.0,12.0,1.0,0.0,2.0,0.0,2025,Leganes,5
2024-09-28,Sat,LaLiga,Home,W,4.0,2.0,Barcelona,,11.0,6.0,13.0,3.0,2.0,0.0,2.0,0.0,2025,Osasuna,5
2024-09-28,Sat,LaLiga,Home,W,3.0,0.0,Valencia,,11.0,6.0,7.0,12.0,0.0,0.0,0.0,0.0,2025,Sociedad,5
2024-09-28,Sat,LaLiga,Away,L,0.0,3.0,Sociedad,,9.0,4.0,12.0,7.0,0.0,0.0,0.0,0.0,2025,Valencia,5
2024-09-28,Sat,LaLiga,Home,D,1.0,1.0,Leganes,,15.0,6.0,12.0,7.0,2.0,0.0,1.0,0.0,2025,Vallecano,5
2024-09-29,Sun,LaLiga,Home,D,1.0,1.0,Sevilla,,13.0,3.0,6.0,7.0,0.0,1.0,3.0,0.0,2025,Ath Bilbao,6
2024-09-29,Sun,LaLiga,Home,D,1.0,1.0,Real Madrid,,12.0,4.0,11.0,11.0,3.0,1.0,1.0,0.0,2025,Ath Madrid,6
2024-09-29,Sun,LaLiga,Home,W,1.0,0.0,Espanol,,20.0,12.0,14.0,20.0,2.0,0.0,4.0,0.0,2025,Betis,6
2024-09-29,Sun,LaLiga,Home,D,1.0,1.0,Girona,,12.0,2.0,9.0,14.0,1.0,0.0,0.0,0.0,2025,Celta,6
2024-09-29,Sun,LaLiga,Away,L,0.0,1.0,Betis,,8.0,1.0,20.0,14.0,4.0,0.0,2.0,0.0,2025,Espanol,6
2024-09-29,Sun,LaLiga,Away,D,1.0,1.0,Celta,,9.0,4.0,14.0,9.0,0.0,0.0,1.0,0.0,2025,Girona,6
2024-09-29,Sun,LaLiga,Away,D,1.0,1.0,Ath Madrid,,12.0,4.0,11.0,11.0,1.0,0.0,3.0,1.0,2025,Real Madrid,6
2024-09-29,Sun,LaLiga,Away,D,1.0,1.0,Ath Bilbao,,13.0,4.0,7.0,6.0,3.0,0.0,0.0,1.0,2025,Sevilla,6
2024-09-30,Mon,LaLiga,Away,L,1.0,3.0,Villarreal,,7.0,3.0,10.0,14.0,3.0,0.0,0.0,0.0,2025,Las Palmas,0
2024-09-30,Mon,LaLiga,Home,W,3.0,1.0,Las Palmas,,17.0,7.0,14.0,10.0,0.0,0.0,3.0,0.0,2025,Villarreal,0
2024-10-04,Fri,LaLiga,Home,D,0.0,0.0,Valencia,,8.0,0.0,15.0,14.0,2.0,0.0,2.0,0.0,2025,Leganes,4
2024-10-04,Fri,LaLiga,Away,D,0.0,0.0,Leganes,,6.0,1.0,14.0,15.0,2.0,0.0,2.0,0.0,2025,Valencia,4
2024-10-05,Sat,LaLiga,Away,W,1.0,0.0,Las Palmas,,8.0,1.0,13.0,9.0,8.0,2.0,3.0,0.0,2025,Celta,5
2024-10-05,Sat,LaLiga,Home,W,2.0,1.0,Mallorca,,8.0,3.0,14.0,19.0,1.0,0.0,5.0,0.0,2025,Espanol,5
2024-10-05,Sat,LaLiga,Home,D,1.0,1.0,Osasuna,,11.0,3.0,17.0,10.0,2.0,0.0,4.0,0.0,2025,Getafe,5
2024-10-05,Sat,LaLiga,Home,L,0.0,1.0,Celta,,24.0,5.0,9.0,13.0,3.0,0.0,8.0,2.0,2025,Las Palmas,5
2024-10-05,Sat,LaLiga,Away,L,1.0,2.0,Espanol,,11.0,4.0,19.0,14.0,5.0,0.0,1.0,0.0,2025,Mallorca,5
2024-10-05,Sat,LaLiga,Away,D,1.0,1.0,Getafe,,6.0,2.0,10.0,17.0,4.0,0.0,2.0,0.0,2025,Osasuna,5
2024-10-05,Sat,LaLiga,Home,W,2.0,0.0,Villarreal,,11.0,2.0,7.0,11.0,0.0,0.0,1.0,0.0,2025,Real Madrid,5
2024-10-05,Sat,LaLiga,Home,L,1.0,2.0,Vallecano,,13.0,5.0,13.0,18.0,4.0,0.0,2.0,0.0,2025,Valladolid,5
2024-10-05,Sat,LaLiga,Away,W,2.0,1.0,Valladolid,,17.0,3.0,18.0,13.0,2.0,0.0,4.0,0.0,2025,Vallecano,5
2024-10-05,Sat,LaLiga,Away,L,0.0,2.0,Real Madrid,,10.0,1.0,11.0,7.0,1.0,0.0,0.0,0.0,2025,Villarreal,5
2024-10-06,Sun,LaLiga,Home,L,0.0,3.0,Barcelona,,11.0,2.0,13.0,8.0,2.0,0.0,2.0,0.0,2025,Alaves,6
2024-10-06,Sun,LaLiga,Away,L,1.0,2.0,Girona,,13.0,4.0,13.0,12.0,3.0,1.0,4.0,0.0,2025,Ath Bilbao,6
2024-10-06,Sun,LaLiga,Away,D,1.0,1.0,Sociedad,,4.0,1.0,9.0,10.0,2.0,0.0,0.0,0.0,2025,Ath Madrid,6
2024-10-06,Sun,LaLiga,Away,W,3.0,0.0,Alaves,,14.0,8.0,8.0,13.0,2.0,0.0,2.0,0.0,2025,Barcelona,6
2024-10-06,Sun,LaLiga,Away,L,0.0,1.0,Sevilla,,11.0,3.0,15.0,15.0,3.0,0.0,6.0,1.0,2025,Betis,6
2024-10-06,Sun,LaLiga,Home,W,2.0,1.0,Ath Bilbao,,14.0,6.0,12.0,13.0,4.0,0.0,3.0,1.0,2025,Girona,6
2024-10-06,Sun,LaLiga,Home,W,1.0,0.0,Betis,,14.0,5.0,15.0,15.0,6.0,1.0,3.0,0.0,2025,Sevilla,6
2024-10-06,Sun,LaLiga,Home,D,1.0,1.0,Ath Madrid,,16.0,8.0,10.0,9.0,0.0,0.0,2.0,0.0,2025,Sociedad,6
2024-10-18,Fri,LaLiga,Home,L,2.0,3.0,Valladolid,,10.0,4.0,15.0,14.0,6.0,1.0,2.0,0.0,2025,Alaves,4
2024-10-18,Fri,LaLiga,Away,W,3.0,2.0,Alaves,,12.0,4.0,14.0,15.0,2.0,0.0,6.0,1.0,2025,Valladolid,4
2024-10-19,Sat,LaLiga,Home,W,4.0,1.0,Espanol,,10.0,6.0,15.0,22.0,2.0,0.0,3.0,0.0,2025,Ath Bilbao,5
2024-10-19,Sat,LaLiga,Away,W,2.0,1.0,Osasuna,,11.0,7.0,8.0,12.0,1.0,1.0,2.0,0.0,2025,Betis,5
2024-10-19,Sat,LaLiga,Home,L,1.0,2.0,Real Madrid,,13.0,5.0,16.0,13.0,2.0,0.0,1.0,0.0,2025,Celta,5
2024-10-19,Sat,LaLiga,Away,L,1.0,4.0,Ath Bilbao,,5.0,2.0,22.0,15.0,3.0,0.0,2.0,0.0,2025,Espanol,5
2024-10-19,Sat,LaLiga,Home,L,0.0,1.0,Sociedad,,8.0,3.0,10.0,12.0,2.0,0.0,1.0,0.0,2025,Girona,5
2024-10-19,Sat,LaLiga,Home,L,1.0,2.0,Betis,,19.0,6.0,12.0,8.0,2.0,0.0,1.0,1.0,2025,Osasuna,5
2024-10-19,Sat,LaLiga,Away,W,2.0,1.0,Celta,,10.0,3.0,13.0,16.0,1.0,0.0,2.0,0.0,2025,Real Madrid,5
2024-10-19,Sat,LaLiga,Away,W,1.0,0.0,Girona,,14.0,4.0,12.0,10.0,1.0,0.0,2.0,0.0,2025,Sociedad,5
2024-10-20,Sun,LaLiga,Home,W,3.0,1.0,Leganes,,24.0,9.0,14.0,8.0,5.0,0.0,1.0,0.0,2025,Ath Madrid,6
2024-10-20,Sun,LaLiga,Home,W,5.0,1.0,Sevilla,,21.0,9.0,6.0,14.0,1.0,0.0,2.0,0.0,2025,Barcelona,6
2024-10-20,Sun,LaLiga,Away,D,1.0,1.0,Villarreal,,21.0,4.0,21.0,18.0,3.0,0.0,4.0,0.0,2025,Getafe,6
2024-10-20,Sun,LaLiga,Away,L,1.0,3.0,Ath Madrid,,5.0,2.0,8.0,14.0,1.0,0.0,5.0,0.0,2025,Leganes,6
2024-10-20,Sun,LaLiga,Home,W,1.0,0.0,Vallecano,,19.0,5.0,9.0,13.0,1.0,0.0,1.0,0.0,2025,Mallorca,6
2024-10-20,Sun,LaLiga,Away,L,1.0,5.0,Barcelona,,7.0,1.0,14.0,6.0,2.0,0.0,1.0,0.0,2025,Sevilla,6
2024-10-20,Sun,LaLiga,Away,L,0.0,1.0,Mallorca,,10.0,2.0,13.0,9.0,1.0,0.0,1.0,0.0,2025,Vallecano,6
2024-10-20,Sun,LaLiga,Home,D,1.0,1.0,Getafe,,10.0,4.0,18.0,21.0,4.0,0.0,3.0,0.0,2025,Villarreal,6
2024-10-21,Mon,LaLiga,Away,W,3.0,2.0,Valencia,,11.0,6.0,12.0,12.0,9.0,0.0,4.0,1.0,2025,Las Palmas,0
2024-10-21,Mon,LaLiga,Home,L,2.0,3.0,Las Palmas,,14.0,7.0,12.0,12.0,4.0,1.0,9.0,0.0,2025,Valencia,0
2024-10-25,Fri,LaLiga,Home,L,0.0,2.0,Sevilla,,16.0,1.0,14.0,9.0,2.0,0.0,0.0,0.0,2025,Espanol,4
2024-10-25,Fri,LaLiga,Away,W,2.0,0.0,Espanol,,6.0,3.0,9.0,14.0,0.0,0.0,2.0,0.0,2025,Sevilla,4
2024-10-26,Sat,LaLiga,Away,L,0.0,1.0,Vallecano,,15.0,7.0,14.0,8.0,4.0,0.0,2.0,1.0,2025,Alaves,5
2024-10-26,Sat,LaLiga,Away,W,4.0,0.0,Real Madrid,,15.0,7.0,17.0,15.0,5.0,0.0,2.0,0.0,2025,Barcelona,5
2024-10-26,Sat,LaLiga,Away,L,0.0,1.0,Las Palmas,,8.0,3.0,14.0,12.0,5.0,1.0,4.0,0.0,2025,Girona,5
2024-10-26,Sat,LaLiga,Home,W,1.0,0.0,Girona,,12.0,3.0,12.0,14.0,4.0,0.0,5.0,1.0,2025,Las Palmas,5
2024-10-26,Sat,LaLiga,Home,L,0.0,4.0,Barcelona,,9.0,4.0,15.0,17.0,2.0,0.0,5.0,0.0,2025,Real Madrid,5
2024-10-26,Sat,LaLiga,Home,L,1.0,2.0,Villarreal,,7.0,3.0,16.0,13.0,4.0,0.0,3.0,0.0,2025,Valladolid,5
2024-10-26,Sat,LaLiga,Home,W,1.0,0.0,Alaves,,16.0,4.0,8.0,14.0,2.0,1.0,4.0,0.0,2025,Vallecano,5
2024-10-26,Sat,LaLiga,Away,W,2.0,1.0,Valladolid,,21.0,9.0,13.0,16.0,3.0,0.0,4.0,0.0,2025,Villarreal,5
2024-10-27,Sun,LaLiga,Away,L,0.0,1.0,Betis,,10.0,3.0,4.0,8.0,2.0,0.0,3.0,0.0,2025,Ath Madrid,6
2024-10-27,Sun,LaLiga,Home,W,1.0,0.0,Ath Madrid,,24.0,3.0,8.0,4.0,3.0,0.0,2.0,0.0,2025,Betis,6
2024-10-27,Sun,LaLiga,Away,L,0.0,3.0,Leganes,,18.0,5.0,17.0,15.0,2.0,0.0,2.0,0.0,2025,Celta,6
2024-10-27,Sun,LaLiga,Home,D,1.0,1.0,Valencia,,15.0,4.0,20.0,20.0,3.0,0.0,7.0,0.0,2025,Getafe,6
2024-10-27,Sun,LaLiga,Home,W,3.0,0.0,Celta,,7.0,4.0,15.0,17.0,2.0,0.0,2.0,0.0,2025,Leganes,6
2024-10-27,Sun,LaLiga,Away,W,2.0,0.0,Sociedad,,10.0,4.0,14.0,7.0,4.0,0.0,3.0,0.0,2025,Osasuna,6
2024-10-27,Sun,LaLiga,Home,L,0.0,2.0,Osasuna,,19.0,9.0,7.0,14.0,3.0,0.0,4.0,0.0,2025,Sociedad,6
2024-10-27,Sun,LaLiga,Away,D,1.0,1.0,Getafe,,2.0,1.0,20.0,20.0,7.0,0.0,3.0,0.0,2025,Valencia,6
2024-10-28,Mon,LaLiga,Away,D,0.0,0.0,Mallorca,,20.0,1.0,12.0,9.0,1.0,0.0,5.0,1.0,2025,Ath Bilbao,0
2024-10-28,Mon,LaLiga,Home,D,0.0,0.0,Ath Bilbao,,4.0,1.0,9.0,12.0,5.0,1.0,1.0,0.0,2025,Mallorca,0
2024-11-01,Fri,LaLiga,Home,W,1.0,0.0,Mallorca,,13.0,3.0,19.0,12.0,3.0,0.0,2.0,0.0,2025,Alaves,4
2024-11-01,Fri,LaLiga,Away,L,0.0,1.0,Alaves,,7.0,2.0,12.0,19.0,2.0,0.0,3.0,0.0,2025,Mallorca,4
2024-11-02,Sat,LaLiga,Home,W,4.0,3.0,Leganes,,15.0,6.0,17.0,15.0,2.0,0.0,4.0,0.0,2025,Girona,5
2024-11-02,Sat,LaLiga,Away,L,3.0,4.0,Girona,,8.0,5.0,15.0,17.0,4.0,0.0,2.0,0.0,2025,Leganes,5
2024-11-02,Sat,LaLiga,Home,W,1.0,0.0,Valladolid,,20.0,4.0,21.0,12.0,1.0,0.0,5.0,0.0,2025,Osasuna,5
2024-11-02,Sat,LaLiga,Away,L,0.0,1.0,Osasuna,,7.0,4.0,12.0,21.0,5.0,0.0,1.0,0.0,2025,Valladolid,5
2024-11-03,Sun,LaLiga,Home,D,1.0,1.0,Betis,,17.0,8.0,9.0,8.0,0.0,0.0,0.0,0.0,2025,Ath Bilbao,6
2024-11-03,Sun,LaLiga,Home,W,2.0,0.0,Las Palmas,,15.0,3.0,13.0,13.0,1.0,0.0,1.0,0.0,2025,Ath Madrid,6
2024-11-03,Sun,LaLiga,Home,W,3.0,1.0,Espanol,,14.0,9.0,13.0,14.0,0.0,0.0,3.0,0.0,2025,Barcelona,6
2024-11-03,Sun,LaLiga,Away,D,1.0,1.0,Ath Bilbao,,7.0,4.0,8.0,9.0,0.0,0.0,0.0,0.0,2025,Betis,6
2024-11-03,Sun,LaLiga,Away,L,1.0,3.0,Barcelona,,10.0,3.0,14.0,13.0,3.0,0.0,0.0,0.0,2025,Espanol,6
2024-11-03,Sun,LaLiga,Away,L,0.0,2.0,Ath Madrid,,1.0,1.0,13.0,13.0,1.0,0.0,1.0,0.0,2025,Las Palmas,6
2024-11-03,Sun,LaLiga,Home,L,0.0,2.0,Sociedad,,8.0,0.0,6.0,17.0,2.0,0.0,1.0,0.0,2025,Sevilla,6
2024-11-03,Sun,LaLiga,Away,W,2.0,0.0,Sevilla,,9.0,3.0,17.0,6.0,1.0,0.0,2.0,0.0,2025,Sociedad,6
2024-11-04,Mon,LaLiga,Home,W,1.0,0.0,Getafe,,10.0,3.0,12.0,11.0,1.0,0.0,4.0,1.0,2025,Celta,0
2024-11-04,Mon,LaLiga,Away,L,0.0,1.0,Celta,,10.0,2.0,11.0,12.0,4.0,1.0,1.0,0.0,2025,Getafe,0
2024-11-08,Fri,LaLiga,Away,W,3.0,1.0,Vallecano,,11.0,3.0,13.0,9.0,3.0,0.0,1.0,0.0,2025,Las Palmas,4
2024-11-08,Fri,LaLiga,Home,L,1.0,3.0,Las Palmas,,35.0,7.0,9.0,13.0,1.0,0.0,3.0,0.0,2025,Vallecano,4
2024-11-09,Sat,LaLiga,Away,L,0.0,3.0,Villarreal,,9.0,3.0,21.0,17.0,3.0,0.0,1.0,0.0,2025,Alaves,5
2024-11-09,Sat,LaLiga,Home,W,1.0,0.0,Sevilla,,8.0,4.0,7.0,10.0,2.0,0.0,1.0,1.0,2025,Leganes,5
2024-11-09,Sat,LaLiga,Away,L,0.0,4.0,Real Madrid,,2.0,0.0,16.0,9.0,2.0,0.0,0.0,0.0,2025,Osasuna,5
2024-11-09,Sat,LaLiga,Home,W,4.0,0.0,Osasuna,,18.0,8.0,9.0,16.0,0.0,0.0,2.0,0.0,2025,Real Madrid,5
2024-11-09,Sat,LaLiga,Away,L,0.0,1.0,Leganes,,13.0,2.0,10.0,7.0,1.0,1.0,2.0,0.0,2025,Sevilla,5
2024-11-09,Sat,LaLiga,Home,W,3.0,0.0,Alaves,,13.0,3.0,17.0,21.0,1.0,0.0,3.0,0.0,2025,Villarreal,5
2024-11-10,Sun,LaLiga,Away,D,1.0,1.0,Valladolid,,17.0,1.0,12.0,12.0,4.0,0.0,4.0,0.0,2025,Ath Bilbao,6
2024-11-10,Sun,LaLiga,Away,W,1.0,0.0,Mallorca,,9.0,2.0,16.0,10.0,3.0,0.0,1.0,0.0,2025,Ath Madrid,6
2024-11-10,Sun,LaLiga,Away,L,0.0,1.0,Sociedad,,11.0,0.0,6.0,17.0,1.0,0.0,3.0,0.0,2025,Barcelona,6
2024-11-10,Sun,LaLiga,Home,D,2.0,2.0,Celta,,19.0,6.0,12.0,8.0,3.0,0.0,0.0,0.0,2025,Betis,6
2024-11-10,Sun,LaLiga,Away,D,2.0,2.0,Betis,,3.0,2.0,8.0,12.0,0.0,0.0,3.0,0.0,2025,Celta,6
2024-11-10,Sun,LaLiga,Home,L,0.0,1.0,Girona,,8.0,0.0,25.0,16.0,3.0,0.0,3.0,0.0,2025,Getafe,6
2024-11-10,Sun,LaLiga,Away,W,1.0,0.0,Getafe,,3.0,2.0,16.0,25.0,3.0,0.0,3.0,0.0,2025,Girona,6
2024-11-10,Sun,LaLiga,Home,L,0.0,1.0,Ath Madrid,,12.0,6.0,10.0,16.0,1.0,0.0,3.0,0.0,2025,Mallorca,6
2024-11-10,Sun,LaLiga,Home,W,1.0,0.0,Barcelona,,14.0,6.0,17.0,6.0,3.0,0.0,1.0,0.0,2025,Sociedad,6
2024-11-10,Sun,LaLiga,Home,D,1.0,1.0,Ath Bilbao,,6.0,3.0,12.0,12.0,4.0,0.0,4.0,0.0,2025,Valladolid,6
2024-11-22,Fri,LaLiga,Home,W,2.0,0.0,Valladolid,,12.0,5.0,15.0,15.0,3.0,0.0,2.0,0.0,2025,Getafe,4
2024-11-22,Fri,LaLiga,Away,L,0.0,2.0,Getafe,,6.0,3.0,15.0,15.0,2.0,0.0,3.0,0.0,2025,Valladolid,4
2024-11-23,Sat,LaLiga,Away,L,1.0,2.0,Ath Madrid,,4.0,1.0,19.0,18.0,3.0,0.0,3.0,0.0,2025,Alaves,5
2024-11-23,Sat,LaLiga,Home,W,2.0,1.0,Alaves,,11.0,8.0,18.0,19.0,3.0,0.0,3.0,0.0,2025,Ath Madrid,5
2024-11-23,Sat,LaLiga,Away,D,2.0,2.0,Celta,,9.0,4.0,9.0,13.0,5.0,1.0,5.0,0.0,2025,Barcelona,5
2024-11-23,Sat,LaLiga,Away,L,2.0,4.0,Valencia,,7.0,3.0,16.0,10.0,2.0,0.0,4.0,0.0,2025,Betis,5
2024-11-23,Sat,LaLiga,Home,D,2.0,2.0,Barcelona,,15.0,8.0,13.0,9.0,5.0,0.0,5.0,1.0,2025,Celta,5
2024-11-23,Sat,LaLiga,Away,L,1.0,4.0,Girona,,9.0,1.0,19.0,4.0,3.0,0.0,0.0,0.0,2025,Espanol,5
2024-11-23,Sat,LaLiga,Home,W,4.0,1.0,Espanol,,12.0,5.0,4.0,19.0,0.0,0.0,3.0,0.0,2025,Girona,5
2024-11-23,Sat,LaLiga,Home,L,2.0,3.0,Mallorca,,14.0,3.0,10.0,18.0,4.0,0.0,2.0,1.0,2025,Las Palmas,5
2024-11-23,Sat,LaLiga,Away,W,3.0,2.0,Las Palmas,,10.0,3.0,18.0,10.0,2.0,1.0,4.0,0.0,2025,Mallorca,5
2024-11-23,Sat,LaLiga,Home,W,4.0,2.0,Betis,,11.0,5.0,10.0,16.0,4.0,0.0,2.0,0.0,2025,Valencia,5
2024-11-24,Sun,LaLiga,Home,W,1.0,0.0,Sociedad,,12.0,4.0,18.0,9.0,3.0,0.0,4.0,0.0,2025,Ath Bilbao,6
2024-11-24,Sun,LaLiga,Home,L,0.0,3.0,Real Madrid,,4.0,0.0,17.0,11.0,2.0,0.0,0.0,0.0,2025,Leganes,6
2024-11-24,Sun,LaLiga,Home,D,2.0,2.0,Villarreal,,4.0,3.0,12.0,13.0,6.0,0.0,5.0,0.0,2025,Osasuna,6
2024-11-24,Sun,LaLiga,Away,W,3.0,0.0,Leganes,,16.0,9.0,11.0,17.0,0.0,0.0,2.0,0.0,2025,Real Madrid,6
2024-11-24,Sun,LaLiga,Home,W,1.0,0.0,Vallecano,,11.0,3.0,14.0,14.0,2.0,0.0,5.0,1.0,2025,Sevilla,6
2024-11-24,Sun,LaLiga,Away,L,0.0,1.0,Ath Bilbao,,6.0,1.0,9.0,18.0,4.0,0.0,3.0,0.0,2025,Sociedad,6
2024-11-24,Sun,LaLiga,Away,L,0.0,1.0,Sevilla,,9.0,1.0,14.0,14.0,5.0,1.0,2.0,0.0,2025,Vallecano,6
2024-11-24,Sun,LaLiga,Away,D,2.0,2.0,Osasuna,,17.0,7.0,13.0,12.0,5.0,0.0,6.0,0.0,2025,Villarreal,6
2024-11-29,Fri,LaLiga,Home,W,2.0,1.0,Valencia,,9.0,3.0,9.0,14.0,0.0,0.0,0.0,0.0,2025,Mallorca,4
2024-11-29,Fri,LaLiga,Away,L,1.0,2.0,Mallorca,,7.0,1.0,14.0,9.0,0.0,0.0,0.0,0.0,2025,Valencia,4
2024-11-30,Sat,LaLiga,Home,D,1.0,1.0,Leganes,,18.0,7.0,15.0,15.0,1.0,0.0,4.0,0.0,2025,Alaves,5
2024-11-30,Sat,LaLiga,Away,W,5.0,0.0,Valladolid,,13.0,9.0,11.0,6.0,2.0,0.0,1.0,0.0,2025,Ath Madrid,5
2024-11-30,Sat,LaLiga,Home,L,1.0,2.0,Las Palmas,,27.0,8.0,7.0,11.0,0.0,0.0,0.0,0.0,2025,Barcelona,5
2024-11-30,Sat,LaLiga,Away,L,1.0,3.0,Espanol,,16.0,2.0,7.0,13.0,2.0,0.0,2.0,0.0,2025,Celta,5
2024-11-30,Sat,LaLiga,Home,W,3.0,1.0,Celta,,9.0,5.0,13.0,7.0,2.0,0.0,2.0,0.0,2025,Espanol,5
2024-11-30,Sat,LaLiga,Away,W,2.0,1.0,Barcelona,,5.0,3.0,11.0,7.0,0.0,0.0,0.0,0.0,2025,Las Palmas,5
2024-11-30,Sat,LaLiga,Away,D,1.0,1.0,Alaves,,6.0,3.0,15.0,15.0,4.0,0.0,1.0,0.0,2025,Leganes,5
2024-11-30,Sat,LaLiga,Home,L,0.0,5.0,Ath Madrid,,9.0,1.0,6.0,11.0,1.0,0.0,2.0,0.0,2025,Valladolid,5
2024-12-01,Sun,LaLiga,Away,W,2.0,1.0,Vallecano,,12.0,7.0,8.0,14.0,0.0,0.0,3.0,0.0,2025,Ath Bilbao,6
2024-12-01,Sun,LaLiga,Away,L,0.0,2.0,Sociedad,,7.0,2.0,10.0,28.0,2.0,0.0,3.0,0.0,2025,Betis,6
2024-12-01,Sun,LaLiga,Away,L,0.0,2.0,Real Madrid,,8.0,3.0,26.0,7.0,6.0,0.0,2.0,0.0,2025,Getafe,6
2024-12-01,Sun,LaLiga,Away,D,2.0,2.0,Villarreal,,13.0,6.0,13.0,8.0,6.0,0.0,2.0,0.0,2025,Girona,6
2024-12-01,Sun,LaLiga,Home,W,2.0,0.0,Getafe,,13.0,4.0,7.0,26.0,2.0,0.0,6.0,0.0,2025,Real Madrid,6
2024-12-01,Sun,LaLiga,Home,W,2.0,0.0,Betis,,2.0,1.0,28.0,10.0,3.0,0.0,2.0,0.0,2025,Sociedad,6
2024-12-01,Sun,LaLiga,Home,L,1.0,2.0,Ath Bilbao,,7.0,4.0,14.0,8.0,3.0,0.0,0.0,0.0,2025,Vallecano,6
2024-12-01,Sun,LaLiga,Home,D,2.0,2.0,Girona,,13.0,4.0,8.0,13.0,2.0,0.0,6.0,0.0,2025,Villarreal,6
2024-12-02,Mon,LaLiga,Away,D,1.0,1.0,Sevilla,,7.0,3.0,15.0,11.0,1.0,0.0,1.0,0.0,2025,Osasuna,0
2024-12-02,Mon,LaLiga,Home,D,1.0,1.0,Osasuna,,12.0,5.0,11.0,15.0,1.0,0.0,1.0,0.0,2025,Sevilla,0
2024-12-03,Tue,LaLiga,Away,W,5.0,1.0,Mallorca,,20.0,9.0,13.0,13.0,3.0,0.0,4.0,0.0,2025,Barcelona,1
2024-12-03,Tue,LaLiga,Home,L,1.0,5.0,Barcelona,,6.0,1.0,13.0,13.0,4.0,0.0,3.0,0.0,2025,Mallorca,1
2024-12-04,Wed,LaLiga,Home,W,2.0,1.0,Real Madrid,,9.0,3.0,21.0,9.0,3.0,0.0,3.0,0.0,2025,Ath Bilbao,2
2024-12-04,Wed,LaLiga,Away,L,1.0,2.0,Ath Bilbao,,10.0,5.0,9.0,21.0,3.0,0.0,3.0,0.0,2025,Real Madrid,2
2024-12-06,Fri,LaLiga,Home,W,2.0,0.0,Mallorca,,12.0,5.0,9.0,12.0,1.0,0.0,0.0,1.0,2025,Celta,4
2024-12-06,Fri,LaLiga,Away,L,0.0,2.0,Celta,,9.0,4.0,12.0,9.0,0.0,1.0,1.0,0.0,2025,Mallorca,4
2024-12-07,Sat,LaLiga,Away,D,2.0,2.0,Betis,,9.0,3.0,14.0,15.0,2.0,0.0,1.0,0.0,2025,Barcelona,5
2024-12-07,Sat,LaLiga,Home,D,2.0,2.0,Barcelona,,12.0,6.0,15.0,14.0,1.0,0.0,2.0,0.0,2025,Betis,5
2024-12-07,Sat,LaLiga,Home,L,0.0,3.0,Real Madrid,,10.0,4.0,6.0,7.0,3.0,0.0,2.0,0.0,2025,Girona,5
2024-12-07,Sat,LaLiga,Home,W,2.0,1.0,Valladolid,,11.0,5.0,17.0,13.0,4.0,0.0,3.0,0.0,2025,Las Palmas,5
2024-12-07,Sat,LaLiga,Away,W,3.0,0.0,Girona,,10.0,7.0,7.0,6.0,2.0,0.0,3.0,0.0,2025,Real Madrid,5
2024-12-07,Sat,LaLiga,Home,L,0.0,1.0,Vallecano,,14.0,6.0,5.0,12.0,2.0,0.0,2.0,0.0,2025,Valencia,5
2024-12-07,Sat,LaLiga,Away,L,1.0,2.0,Las Palmas,,9.0,2.0,13.0,17.0,3.0,0.0,4.0,0.0,2025,Valladolid,5
2024-12-07,Sat,LaLiga,Away,W,1.0,0.0,Valencia,,6.0,1.0,12.0,5.0,2.0,0.0,2.0,0.0,2025,Vallecano,5
2024-12-08,Sun,LaLiga,Away,D,2.0,2.0,Osasuna,,6.0,3.0,14.0,13.0,3.0,0.0,4.0,0.0,2025,Alaves,6
2024-12-08,Sun,LaLiga,Home,W,2.0,0.0,Villarreal,,12.0,4.0,15.0,10.0,2.0,0.0,1.0,0.0,2025,Ath Bilbao,6
2024-12-08,Sun,LaLiga,Home,W,4.0,3.0,Sevilla,,14.0,9.0,11.0,8.0,4.0,0.0,3.0,0.0,2025,Ath Madrid,6
2024-12-08,Sun,LaLiga,Home,L,0.0,3.0,Sociedad,,11.0,2.0,12.0,15.0,2.0,0.0,2.0,0.0,2025,Leganes,6
2024-12-08,Sun,LaLiga,Home,D,2.0,2.0,Alaves,,16.0,8.0,13.0,14.0,4.0,0.0,3.0,0.0,2025,Osasuna,6
2024-12-08,Sun,LaLiga,Away,L,3.0,4.0,Ath Madrid,,4.0,3.0,8.0,11.0,3.0,0.0,4.0,0.0,2025,Sevilla,6
2024-12-08,Sun,LaLiga,Away,W,3.0,0.0,Leganes,,15.0,5.0,15.0,12.0,2.0,0.0,2.0,0.0,2025,Sociedad,6
2024-12-08,Sun,LaLiga,Away,L,0.0,2.0,Ath Bilbao,,11.0,1.0,10.0,15.0,1.0,0.0,2.0,0.0,2025,Villarreal,6
2024-12-09,Mon,LaLiga,Away,L,0.0,1.0,Getafe,,9.0,1.0,15.0,14.0,6.0,0.0,3.0,0.0,2025,Espanol,0
2024-12-09,Mon,LaLiga,Home,W,1.0,0.0,Espanol,,15.0,6.0,14.0,15.0,3.0,0.0,6.0,0.0,2025,Getafe,0
2024-12-13,Fri,LaLiga,Away,L,0.0,1.0,Valladolid,,14.0,2.0,10.0,10.0,3.0,0.0,4.0,1.0,2025,Valencia,4
2024-12-13,Fri,LaLiga,Home,W,1.0,0.0,Valencia,,2.0,1.0,10.0,10.0,4.0,1.0,3.0,0.0,2025,Valladolid,4
2024-12-14,Sat,LaLiga,Away,L,0.0,1.0,Sevilla,,10.0,2.0,9.0,12.0,3.0,0.0,7.0,0.0,2025,Celta,5
2024-12-14,Sat,LaLiga,Home,D,0.0,0.0,Osasuna,,9.0,3.0,13.0,13.0,3.0,0.0,1.0,0.0,2025,Espanol,5
2024-12-14,Sat,LaLiga,Away,L,1.0,2.0,Mallorca,,13.0,1.0,14.0,10.0,2.0,0.0,5.0,1.0,2025,Girona,5
2024-12-14,Sat,LaLiga,Home,W,2.0,1.0,Girona,,8.0,2.0,10.0,14.0,5.0,1.0,2.0,0.0,2025,Mallorca,5
2024-12-14,Sat,LaLiga,Away,D,0.0,0.0,Espanol,,6.0,0.0,13.0,13.0,1.0,0.0,3.0,0.0,2025,Osasuna,5
2024-12-14,Sat,LaLiga,Away,D,3.0,3.0,Vallecano,,13.0,6.0,8.0,18.0,2.0,0.0,4.0,0.0,2025,Real Madrid,5
2024-12-14,Sat,LaLiga,Home,W,1.0,0.0,Celta,,8.0,3.0,12.0,9.0,7.0,0.0,3.0,0.0,2025,Sevilla,5
2024-12-14,Sat,LaLiga,Home,D,3.0,3.0,Real Madrid,,14.0,5.0,18.0,8.0,4.0,0.0,2.0,0.0,2025,Vallecano,5
2024-12-15,Sun,LaLiga,Home,D,1.0,1.0,Ath Bilbao,,6.0,3.0,14.0,17.0,2.0,0.0,2.0,0.0,2025,Alaves,6
2024-12-15,Sun,LaLiga,Away,D,1.0,1.0,Alaves,,9.0,2.0,17.0,14.0,2.0,0.0,2.0,0.0,2025,Ath Bilbao,6
2024-12-15,Sun,LaLiga,Home,W,1.0,0.0,Getafe,,11.0,3.0,13.0,15.0,3.0,0.0,1.0,0.0,2025,Ath Madrid,6
2024-12-15,Sun,LaLiga,Home,L,0.0,1.0,Leganes,,20.0,4.0,5.0,13.0,0.0,0.0,2.0,0.0,2025,Barcelona,6
2024-12-15,Sun,LaLiga,Away,W,2.0,1.0,Villarreal,,10.0,4.0,10.0,19.0,2.0,1.0,5.0,0.0,2025,Betis,6
2024-12-15,Sun,LaLiga,Away,L,0.0,1.0,Ath Madrid,,7.0,1.0,15.0,13.0,1.0,0.0,3.0,0.0,2025,Getafe,6
2024-12-15,Sun,LaLiga,Away,D,0.0,0.0,Sociedad,,9.0,3.0,12.0,17.0,3.0,0.0,2.0,0.0,2025,Las Palmas,6
2024-12-15,Sun,LaLiga,Away,W,1.0,0.0,Barcelona,,6.0,4.0,13.0,5.0,2.0,0.0,0.0,0.0,2025,Leganes,6
2024-12-15,Sun,LaLiga,Home,D,0.0,0.0,Las Palmas,,15.0,4.0,17.0,12.0,2.0,0.0,3.0,0.0,2025,Sociedad,6
2024-12-15,Sun,LaLiga,Home,L,1.0,2.0,Betis,,17.0,4.0,19.0,10.0,5.0,0.0,2.0,1.0,2025,Villarreal,6
2024-12-18,Wed,LaLiga,Home,D,1.0,1.0,Valencia,,10.0,3.0,13.0,11.0,1.0,0.0,0.0,0.0,2025,Espanol,2
2024-12-18,Wed,LaLiga,Away,D,1.0,1.0,Espanol,,14.0,4.0,11.0,13.0,0.0,0.0,1.0,0.0,2025,Valencia,2
2024-12-18,Wed,LaLiga,Away,D,1.0,1.0,Villarreal,,18.0,3.0,15.0,10.0,3.0,0.0,4.0,1.0,2025,Vallecano,2
2024-12-18,Wed,LaLiga,Home,D,1.0,1.0,Vallecano,,14.0,5.0,10.0,15.0,4.0,1.0,3.0,0.0,2025,Villarreal,2
2024-12-20,Fri,LaLiga,Home,W,3.0,0.0,Valladolid,,23.0,7.0,13.0,7.0,3.0,0.0,1.0,0.0,2025,Girona,4
2024-12-20,Fri,LaLiga,Away,L,0.0,3.0,Girona,,1.0,1.0,7.0,13.0,1.0,0.0,3.0,0.0,2025,Valladolid,4
2024-12-21,Sat,LaLiga,Away,W,2.0,1.0,Osasuna,,13.0,8.0,13.0,10.0,1.0,0.0,0.0,0.0,2025,Ath Bilbao,5
2024-12-21,Sat,LaLiga,Away,W,2.0,1.0,Barcelona,,5.0,4.0,8.0,11.0,3.0,0.0,0.0,0.0,2025,Ath Madrid,5
2024-12-21,Sat,LaLiga,Home,L,1.0,2.0,Ath Madrid,,19.0,7.0,11.0,8.0,0.0,0.0,3.0,0.0,2025,Barcelona,5
2024-12-21,Sat,LaLiga,Home,W,2.0,0.0,Sociedad,,11.0,7.0,19.0,13.0,3.0,0.0,5.0,0.0,2025,Celta,5
2024-12-21,Sat,LaLiga,Home,L,0.0,1.0,Mallorca,,18.0,5.0,19.0,13.0,4.0,0.0,3.0,0.0,2025,Getafe,5
2024-12-21,Sat,LaLiga,Away,W,1.0,0.0,Getafe,,9.0,2.0,13.0,19.0,3.0,0.0,4.0,0.0,2025,Mallorca,5
2024-12-21,Sat,LaLiga,Home,L,1.0,2.0,Ath Bilbao,,6.0,3.0,10.0,13.0,0.0,0.0,1.0,0.0,2025,Osasuna,5
2024-12-21,Sat,LaLiga,Away,L,0.0,2.0,Celta,,7.0,1.0,13.0,19.0,5.0,0.0,3.0,0.0,2025,Sociedad,5
2024-12-22,Sun,LaLiga,Away,D,2.0,2.0,Valencia,,11.0,3.0,15.0,20.0,1.0,0.0,2.0,0.0,2025,Alaves,6
2024-12-22,Sun,LaLiga,Home,D,1.0,1.0,Vallecano,,14.0,5.0,9.0,14.0,0.0,0.0,4.0,0.0,2025,Betis,6
2024-12-22,Sun,LaLiga,Away,L,0.0,1.0,Las Palmas,,9.0,2.0,16.0,9.0,2.0,0.0,4.0,0.0,2025,Espanol,6
2024-12-22,Sun,LaLiga,Home,W,1.0,0.0,Espanol,,10.0,4.0,9.0,16.0,4.0,0.0,2.0,0.0,2025,Las Palmas,6
2024-12-22,Sun,LaLiga,Home,L,2.0,5.0,Villarreal,,5.0,3.0,17.0,15.0,1.0,2.0,2.0,0.0,2025,Leganes,6
2024-12-22,Sun,LaLiga,Home,W,4.0,2.0,Sevilla,,16.0,8.0,5.0,14.0,1.0,0.0,2.0,0.0,2025,Real Madrid,6
2024-12-22,Sun,LaLiga,Away,L,2.0,4.0,Real Madrid,,10.0,5.0,14.0,5.0,2.0,0.0,1.0,0.0,2025,Sevilla,6
2024-12-22,Sun,LaLiga,Home,D,2.0,2.0,Alaves,,8.0,3.0,20.0,15.0,2.0,0.0,1.0,0.0,2025,Valencia,6
2024-12-22,Sun,LaLiga,Away,D,1.0,1.0,Betis,,10.0,4.0,14.0,9.0,4.0,0.0,0.0,0.0,2025,Vallecano,6
2024-12-22,Sun,LaLiga,Away,W,5.0,2.0,Leganes,,18.0,9.0,15.0,17.0,2.0,0.0,1.0,2.0,2025,Villarreal,6
2025-01-03,Fri,LaLiga,Away,W,2.0,1.0,Valencia,,17.0,5.0,9.0,16.0,3.0,1.0,2.0,0.0,2025,Real Madrid,4
2025-01-03,Fri,LaLiga,Home,L,1.0,2.0,Real Madrid,,8.0,5.0,16.0,9.0,2.0,0.0,3.0,1.0,2025,Valencia,4
2025-01-10,Fri,LaLiga,Away,L,1.0,2.0,Vallecano,,23.0,7.0,9.0,18.0,3.0,1.0,2.0,0.0,2025,Celta,4
2025-01-10,Fri,LaLiga,Home,W,2.0,1.0,Celta,,8.0,5.0,18.0,9.0,2.0,0.0,3.0,1.0,2025,Vallecano,4
2025-01-11,Sat,LaLiga,Home,L,0.0,1.0,Girona,,11.0,2.0,16.0,11.0,1.0,0.0,4.0,0.0,2025,Alaves,5
2025-01-11,Sat,LaLiga,Away,L,0.0,1.0,Valladolid,,14.0,3.0,10.0,21.0,4.0,0.0,2.0,0.0,2025,Betis,5
2025-01-11,Sat,LaLiga,Home,D,1.0,1.0,Leganes,,15.0,5.0,15.0,19.0,2.0,0.0,2.0,1.0,2025,Espanol,5
2025-01-11,Sat,LaLiga,Away,W,1.0,0.0,Alaves,,3.0,1.0,11.0,16.0,4.0,0.0,1.0,0.0,2025,Girona,5
2025-01-11,Sat,LaLiga,Away,D,1.0,1.0,Espanol,,14.0,6.0,19.0,15.0,2.0,1.0,2.0,0.0,2025,Leganes,5
2025-01-11,Sat,LaLiga,Home,D,1.0,1.0,Valencia,,15.0,5.0,16.0,8.0,1.0,0.0,2.0,0.0,2025,Sevilla,5
2025-01-11,Sat,LaLiga,Away,D,1.0,1.0,Sevilla,,5.0,1.0,8.0,16.0,2.0,0.0,1.0,0.0,2025,Valencia,5
2025-01-11,Sat,LaLiga,Home,W,1.0,0.0,Betis,,12.0,1.0,21.0,10.0,2.0,0.0,4.0,0.0,2025,Valladolid,5
2025-01-12,Sun,LaLiga,Home,W,1.0,0.0,Osasuna,,9.0,5.0,8.0,14.0,2.0,0.0,0.0,0.0,2025,Ath Madrid,6
2025-01-12,Sun,LaLiga,Away,W,2.0,1.0,Las Palmas,,12.0,3.0,17.0,14.0,3.0,0.0,2.0,0.0,2025,Getafe,6
2025-01-12,Sun,LaLiga,Home,L,1.0,2.0,Getafe,,15.0,7.0,14.0,17.0,2.0,0.0,3.0,0.0,2025,Las Palmas,6
2025-01-12,Sun,LaLiga,Away,L,0.0,1.0,Ath Madrid,,6.0,1.0,14.0,8.0,0.0,0.0,2.0,0.0,2025,Osasuna,6
2025-01-13,Mon,LaLiga,Home,W,1.0,0.0,Villarreal,,6.0,3.0,17.0,6.0,4.0,0.0,2.0,0.0,2025,Sociedad,0
2025-01-13,Mon,LaLiga,Away,L,0.0,1.0,Sociedad,,15.0,5.0,6.0,17.0,2.0,0.0,4.0,0.0,2025,Villarreal,0
2025-01-17,Fri,LaLiga,Home,W,2.0,1.0,Valladolid,,12.0,4.0,13.0,16.0,2.0,0.0,2.0,0.0,2025,Espanol,4
2025-01-17,Fri,LaLiga,Away,L,1.0,2.0,Espanol,,11.0,4.0,16.0,13.0,2.0,0.0,2.0,0.0,2025,Valladolid,4
2025-01-18,Sat,LaLiga,Away,W,3.0,1.0,Betis,,9.0,5.0,24.0,12.0,5.0,0.0,4.0,1.0,2025,Alaves,5
2025-01-18,Sat,LaLiga,Away,L,0.0,1.0,Leganes,,19.0,4.0,6.0,16.0,3.0,0.0,1.0,0.0,2025,Ath Madrid,5
2025-01-18,Sat,LaLiga,Away,D,1.0,1.0,Getafe,,21.0,5.0,9.0,9.0,2.0,0.0,3.0,0.0,2025,Barcelona,5
2025-01-18,Sat,LaLiga,Home,L,1.0,3.0,Alaves,,7.0,2.0,12.0,24.0,4.0,1.0,5.0,0.0,2025,Betis,5
2025-01-18,Sat,LaLiga,Home,D,1.0,1.0,Barcelona,,10.0,4.0,9.0,9.0,3.0,0.0,2.0,0.0,2025,Getafe,5
2025-01-18,Sat,LaLiga,Home,L,1.0,2.0,Sevilla,,7.0,4.0,6.0,15.0,0.0,0.0,4.0,0.0,2025,Girona,5
2025-01-18,Sat,LaLiga,Home,W,1.0,0.0,Ath Madrid,,9.0,3.0,16.0,6.0,1.0,0.0,3.0,0.0,2025,Leganes,5
2025-01-18,Sat,LaLiga,Away,W,2.0,1.0,Girona,,14.0,6.0,15.0,6.0,4.0,0.0,0.0,0.0,2025,Sevilla,5
2025-01-19,Sun,LaLiga,Away,W,2.0,1.0,Celta,,14.0,6.0,6.0,14.0,0.0,0.0,0.0,0.0,2025,Ath Bilbao,6
2025-01-19,Sun,LaLiga,Home,L,1.0,2.0,Ath Bilbao,,3.0,1.0,14.0,6.0,0.0,0.0,0.0,0.0,2025,Celta,6
2025-01-19,Sun,LaLiga,Away,L,1.0,4.0,Real Madrid,,6.0,2.0,13.0,11.0,1.0,1.0,0.0,0.0,2025,Las Palmas,6
2025-01-19,Sun,LaLiga,Home,D,1.0,1.0,Vallecano,,12.0,3.0,9.0,13.0,3.0,0.0,2.0,0.0,2025,Osasuna,6
2025-01-19,Sun,LaLiga,Home,W,4.0,1.0,Las Palmas,,26.0,13.0,11.0,13.0,0.0,0.0,1.0,1.0,2025,Real Madrid,6
2025-01-19,Sun,LaLiga,Away,L,0.0,1.0,Valencia,,9.0,3.0,12.0,10.0,4.0,0.0,3.0,0.0,2025,Sociedad,6
2025-01-19,Sun,LaLiga,Home,W,1.0,0.0,Sociedad,,7.0,2.0,10.0,12.0,3.0,0.0,4.0,0.0,2025,Valencia,6
2025-01-19,Sun,LaLiga,Away,D,1.0,1.0,Osasuna,,8.0,3.0,13.0,9.0,2.0,0.0,3.0,0.0,2025,Vallecano,6
2025-01-20,Mon,LaLiga,Away,L,0.0,4.0,Villarreal,,9.0,2.0,12.0,9.0,3.0,0.0,1.0,0.0,2025,Mallorca,0
2025-01-20,Mon,LaLiga,Home,W,4.0,0.0,Mallorca,,14.0,7.0,9.0,12.0,1.0,0.0,3.0,0.0,2025,Villarreal,0
2025-01-24,Fri,LaLiga,Home,D,1.0,1.0,Osasuna,,16.0,7.0,14.0,17.0,7.0,1.0,8.0,0.0,2025,Las Palmas,4
2025-01-24,Fri,LaLiga,Away,D,1.0,1.0,Las Palmas,,16.0,4.0,17.0,14.0,8.0,0.0,7.0,1.0,2025,Osasuna,4
2025-01-25,Sat,LaLiga,Home,D,1.0,1.0,Villarreal,,20.0,8.0,10.0,14.0,4.0,0.0,2.0,0.0,2025,Ath Madrid,5
2025-01-25,Sat,LaLiga,Away,W,1.0,0.0,Mallorca,,8.0,3.0,18.0,12.0,2.0,0.0,2.0,1.0,2025,Betis,5
2025-01-25,Sat,LaLiga,Away,D,1.0,1.0,Sevilla,,6.0,1.0,14.0,13.0,4.0,0.0,1.0,0.0,2025,Espanol,5
2025-01-25,Sat,LaLiga,Home,L,0.0,1.0,Betis,,16.0,3.0,12.0,18.0,2.0,1.0,2.0,0.0,2025,Mallorca,5
2025-01-25,Sat,LaLiga,Away,W,3.0,0.0,Valladolid,,20.0,4.0,12.0,11.0,3.0,0.0,3.0,1.0,2025,Real Madrid,5
2025-01-25,Sat,LaLiga,Home,D,1.0,1.0,Espanol,,25.0,4.0,13.0,14.0,1.0,0.0,4.0,0.0,2025,Sevilla,5
2025-01-25,Sat,LaLiga,Home,L,0.0,3.0,Real Madrid,,6.0,2.0,11.0,12.0,3.0,1.0,3.0,0.0,2025,Valladolid,5
2025-01-25,Sat,LaLiga,Away,D,1.0,1.0,Ath Madrid,,11.0,1.0,14.0,10.0,2.0,0.0,4.0,0.0,2025,Villarreal,5
2025-01-26,Sun,LaLiga,Home,D,0.0,0.0,Leganes,,29.0,3.0,10.0,8.0,1.0,0.0,1.0,0.0,2025,Ath Bilbao,6
2025-01-26,Sun,LaLiga,Home,W,7.0,1.0,Valencia,,22.0,11.0,10.0,12.0,0.0,0.0,1.0,0.0,2025,Barcelona,6
2025-01-26,Sun,LaLiga,Away,W,3.0,0.0,Sociedad,,13.0,4.0,15.0,11.0,6.0,0.0,3.0,0.0,2025,Getafe,6
2025-01-26,Sun,LaLiga,Away,L,1.0,2.0,Vallecano,,12.0,5.0,9.0,19.0,1.0,0.0,3.0,0.0,2025,Girona,6
2025-01-26,Sun,LaLiga,Away,D,0.0,0.0,Ath Bilbao,,5.0,2.0,8.0,10.0,1.0,0.0,1.0,0.0,2025,Leganes,6
2025-01-26,Sun,LaLiga,Home,L,0.0,3.0,Getafe,,13.0,4.0,11.0,15.0,3.0,0.0,6.0,0.0,2025,Sociedad,6
2025-01-26,Sun,LaLiga,Away,L,1.0,7.0,Barcelona,,7.0,2.0,12.0,10.0,1.0,0.0,0.0,0.0,2025,Valencia,6
2025-01-26,Sun,LaLiga,Home,W,2.0,1.0,Girona,,17.0,7.0,19.0,9.0,3.0,0.0,1.0,0.0,2025,Vallecano,6
2025-01-27,Mon,LaLiga,Home,D,1.0,1.0,Celta,,3.0,1.0,15.0,14.0,2.0,0.0,3.0,0.0,2025,Alaves,0
2025-01-27,Mon,LaLiga,Away,D,1.0,1.0,Alaves,,5.0,2.0,14.0,15.0,3.0,0.0,2.0,0.0,2025,Celta,0
2025-01-31,Fri,LaLiga,Home,L,0.0,1.0,Vallecano,,5.0,1.0,7.0,19.0,2.0,1.0,4.0,0.0,2025,Leganes,4
2025-01-31,Fri,LaLiga,Away,W,1.0,0.0,Leganes,,19.0,3.0,19.0,7.0,4.0,0.0,2.0,1.0,2025,Vallecano,4
2025-02-01,Sat,LaLiga,Home,W,2.0,0.0,Mallorca,,17.0,5.0,9.0,14.0,2.0,0.0,3.0,0.0,2025,Ath Madrid,5
2025-02-01,Sat,LaLiga,Home,W,1.0,0.0,Real Madrid,,5.0,2.0,14.0,3.0,2.0,0.0,0.0,0.0,2025,Espanol,5
2025-02-01,Sat,LaLiga,Home,D,0.0,0.0,Sevilla,,7.0,1.0,15.0,12.0,4.0,0.0,6.0,0.0,2025,Getafe,5
2025-02-01,Sat,LaLiga,Away,L,0.0,2.0,Ath Madrid,,10.0,1.0,14.0,9.0,3.0,0.0,2.0,0.0,2025,Mallorca,5
2025-02-01,Sat,LaLiga,Away,L,0.0,1.0,Espanol,,21.0,7.0,3.0,14.0,0.0,0.0,2.0,0.0,2025,Real Madrid,5
2025-02-01,Sat,LaLiga,Away,D,0.0,0.0,Getafe,,13.0,1.0,12.0,15.0,6.0,0.0,4.0,0.0,2025,Sevilla,5
2025-02-01,Sat,LaLiga,Away,L,1.0,5.0,Villarreal,,8.0,2.0,14.0,9.0,2.0,0.0,1.0,0.0,2025,Valladolid,5
2025-02-01,Sat,LaLiga,Home,W,5.0,1.0,Valladolid,,22.0,8.0,9.0,14.0,1.0,0.0,2.0,0.0,2025,Villarreal,5
2025-02-02,Sun,LaLiga,Away,L,0.0,1.0,Barcelona,,3.0,0.0,20.0,8.0,2.0,0.0,5.0,0.0,2025,Alaves,6
2025-02-02,Sun,LaLiga,Away,D,2.0,2.0,Betis,,12.0,4.0,20.0,10.0,1.0,0.0,3.0,0.0,2025,Ath Bilbao,6
2025-02-02,Sun,LaLiga,Home,W,1.0,0.0,Alaves,,11.0,4.0,8.0,20.0,5.0,0.0,2.0,0.0,2025,Barcelona,6
2025-02-02,Sun,LaLiga,Home,D,2.0,2.0,Ath Bilbao,,10.0,6.0,10.0,20.0,3.0,0.0,1.0,0.0,2025,Betis,6
2025-02-02,Sun,LaLiga,Away,L,1.0,2.0,Valencia,,3.0,2.0,17.0,9.0,2.0,0.0,1.0,0.0,2025,Celta,6
2025-02-02,Sun,LaLiga,Home,W,2.0,1.0,Sociedad,,11.0,4.0,10.0,8.0,3.0,0.0,3.0,0.0,2025,Osasuna,6
2025-02-02,Sun,LaLiga,Away,L,1.0,2.0,Osasuna,,13.0,3.0,8.0,10.0,3.0,0.0,3.0,0.0,2025,Sociedad,6
2025-02-02,Sun,LaLiga,Home,W,2.0,1.0,Celta,,8.0,5.0,9.0,17.0,1.0,0.0,2.0,0.0,2025,Valencia,6
2025-02-03,Mon,LaLiga,Home,W,2.0,1.0,Las Palmas,,12.0,4.0,12.0,12.0,2.0,0.0,2.0,0.0,2025,Girona,0
2025-02-03,Mon,LaLiga,Away,L,1.0,2.0,Girona,,10.0,2.0,12.0,12.0,2.0,0.0,2.0,0.0,2025,Las Palmas,0
2025-02-07,Fri,LaLiga,Away,L,0.0,1.0,Vallecano,,8.0,3.0,15.0,11.0,2.0,0.0,2.0,0.0,2025,Valladolid,4
2025-02-07,Fri,LaLiga,Home,W,1.0,0.0,Valladolid,,20.0,6.0,11.0,15.0,2.0,0.0,2.0,0.0,2025,Vallecano,4
2025-02-08,Sat,LaLiga,Home,W,3.0,0.0,Girona,,23.0,8.0,7.0,12.0,0.0,0.0,4.0,0.0,2025,Ath Bilbao,5
2025-02-08,Sat,LaLiga,Away,D,1.0,1.0,Real Madrid,,10.0,1.0,13.0,14.0,3.0,0.0,1.0,0.0,2025,Ath Madrid,5
2025-02-08,Sat,LaLiga,Away,L,2.0,3.0,Celta,,12.0,5.0,11.0,11.0,5.0,0.0,3.0,0.0,2025,Betis,5
2025-02-08,Sat,LaLiga,Home,W,3.0,2.0,Betis,,14.0,6.0,11.0,11.0,3.0,0.0,5.0,0.0,2025,Celta,5
2025-02-08,Sat,LaLiga,Away,L,0.0,3.0,Ath Bilbao,,3.0,1.0,12.0,7.0,4.0,0.0,0.0,0.0,2025,Girona,5
2025-02-08,Sat,LaLiga,Home,L,1.0,2.0,Villarreal,,20.0,4.0,12.0,12.0,6.0,0.0,3.0,0.0,2025,Las Palmas,5
2025-02-08,Sat,LaLiga,Home,D,1.0,1.0,Ath Madrid,,23.0,9.0,14.0,13.0,1.0,0.0,3.0,0.0,2025,Real Madrid,5
2025-02-08,Sat,LaLiga,Away,W,2.0,1.0,Las Palmas,,9.0,4.0,12.0,12.0,3.0,0.0,6.0,0.0,2025,Villarreal,5
2025-02-09,Sun,LaLiga,Home,L,0.0,1.0,Getafe,,12.0,4.0,16.0,16.0,2.0,0.0,6.0,0.0,2025,Alaves,6
2025-02-09,Sun,LaLiga,Away,W,4.0,1.0,Sevilla,,10.0,6.0,6.0,14.0,2.0,1.0,5.0,0.0,2025,Barcelona,6
2025-02-09,Sun,LaLiga,Away,L,1.0,2.0,Sociedad,,4.0,1.0,17.0,11.0,2.0,0.0,1.0,0.0,2025,Espanol,6
2025-02-09,Sun,LaLiga,Away,W,1.0,0.0,Alaves,,4.0,3.0,16.0,16.0,6.0,0.0,2.0,0.0,2025,Getafe,6
2025-02-09,Sun,LaLiga,Away,L,0.0,2.0,Valencia,,12.0,4.0,9.0,14.0,1.0,0.0,1.0,0.0,2025,Leganes,6
2025-02-09,Sun,LaLiga,Home,L,1.0,4.0,Barcelona,,8.0,4.0,14.0,6.0,5.0,0.0,2.0,1.0,2025,Sevilla,6
2025-02-09,Sun,LaLiga,Home,W,2.0,1.0,Espanol,,13.0,3.0,11.0,17.0,1.0,0.0,2.0,0.0,2025,Sociedad,6
2025-02-09,Sun,LaLiga,Home,W,2.0,0.0,Leganes,,18.0,4.0,14.0,9.0,1.0,0.0,1.0,0.0,2025,Valencia,6
2025-02-10,Mon,LaLiga,Home,D,1.0,1.0,Osasuna,,10.0,2.0,7.0,11.0,1.0,0.0,4.0,0.0,2025,Mallorca,0
2025-02-10,Mon,LaLiga,Away,D,1.0,1.0,Mallorca,,19.0,4.0,11.0,7.0,4.0,0.0,1.0,0.0,2025,Osasuna,0
2025-02-14,Fri,LaLiga,Away,W,2.0,1.0,Girona,,10.0,6.0,23.0,11.0,3.0,0.0,2.0,1.0,2025,Getafe,4
2025-02-14,Fri,LaLiga,Home,L,1.0,2.0,Getafe,,14.0,4.0,11.0,23.0,2.0,1.0,3.0,0.0,2025,Girona,4
2025-02-15,Sat,LaLiga,Away,D,3.0,3.0,Leganes,,16.0,7.0,15.0,18.0,5.0,0.0,4.0,1.0,2025,Alaves,5
2025-02-15,Sat,LaLiga,Home,D,1.0,1.0,Celta,,9.0,3.0,8.0,18.0,3.0,1.0,5.0,0.0,2025,Ath Madrid,5
2025-02-15,Sat,LaLiga,Away,D,1.0,1.0,Ath Madrid,,11.0,4.0,18.0,8.0,5.0,0.0,3.0,1.0,2025,Celta,5
2025-02-15,Sat,LaLiga,Home,D,3.0,3.0,Alaves,,8.0,3.0,18.0,15.0,4.0,1.0,5.0,0.0,2025,Leganes,5
2025-02-15,Sat,LaLiga,Home,D,1.0,1.0,Real Madrid,,11.0,4.0,16.0,7.0,3.0,0.0,1.0,1.0,2025,Osasuna,5
2025-02-15,Sat,LaLiga,Away,D,1.0,1.0,Osasuna,,17.0,6.0,7.0,16.0,1.0,1.0,3.0,0.0,2025,Real Madrid,5
2025-02-15,Sat,LaLiga,Away,D,1.0,1.0,Villarreal,,12.0,3.0,17.0,6.0,5.0,0.0,0.0,0.0,2025,Valencia,5
2025-02-15,Sat,LaLiga,Home,D,1.0,1.0,Valencia,,13.0,4.0,6.0,17.0,0.0,0.0,5.0,0.0,2025,Villarreal,5
2025-02-16,Sun,LaLiga,Away,D,1.0,1.0,Espanol,,14.0,4.0,8.0,12.0,1.0,0.0,1.0,0.0,2025,Ath Bilbao,6
2025-02-16,Sun,LaLiga,Home,W,3.0,0.0,Sociedad,,24.0,8.0,9.0,15.0,0.0,0.0,2.0,2.0,2025,Betis,6
2025-02-16,Sun,LaLiga,Home,D,1.0,1.0,Ath Bilbao,,12.0,4.0,12.0,8.0,1.0,0.0,1.0,0.0,2025,Espanol,6
2025-02-16,Sun,LaLiga,Away,L,1.0,3.0,Mallorca,,9.0,4.0,13.0,7.0,4.0,0.0,1.0,0.0,2025,Las Palmas,6
2025-02-16,Sun,LaLiga,Home,W,3.0,1.0,Las Palmas,,14.0,5.0,7.0,13.0,1.0,0.0,4.0,0.0,2025,Mallorca,6
2025-02-16,Sun,LaLiga,Away,W,4.0,0.0,Valladolid,,11.0,6.0,10.0,11.0,2.0,0.0,4.0,0.0,2025,Sevilla,6
2025-02-16,Sun,LaLiga,Away,L,0.0,3.0,Betis,,5.0,1.0,15.0,9.0,2.0,2.0,0.0,0.0,2025,Sociedad,6
2025-02-16,Sun,LaLiga,Home,L,0.0,4.0,Sevilla,,7.0,2.0,11.0,10.0,4.0,0.0,2.0,0.0,2025,Valladolid,6
2025-02-17,Mon,LaLiga,Home,W,1.0,0.0,Vallecano,,14.0,5.0,11.0,9.0,2.0,0.0,3.0,0.0,2025,Barcelona,0
2025-02-17,Mon,LaLiga,Away,L,0.0,1.0,Barcelona,,9.0,4.0,9.0,11.0,3.0,0.0,2.0,0.0,2025,Vallecano,0
2025-02-21,Fri,LaLiga,Home,W,1.0,0.0,Osasuna,,12.0,5.0,11.0,13.0,1.0,0.0,0.0,0.0,2025,Celta,4
2025-02-21,Fri,LaLiga,Away,L,0.0,1.0,Celta,,18.0,1.0,13.0,11.0,0.0,0.0,1.0,0.0,2025,Osasuna,4
2025-02-22,Sat,LaLiga,Home,L,0.0,1.0,Espanol,,15.0,5.0,13.0,17.0,2.0,0.0,2.0,0.0,2025,Alaves,5
2025-02-22,Sat,LaLiga,Away,W,3.0,0.0,Valencia,,11.0,3.0,16.0,18.0,3.0,0.0,1.0,0.0,2025,Ath Madrid,5
2025-02-22,Sat,LaLiga,Away,W,2.0,0.0,Las Palmas,,15.0,5.0,4.0,13.0,1.0,0.0,1.0,0.0,2025,Barcelona,5
2025-02-22,Sat,LaLiga,Away,W,1.0,0.0,Alaves,,9.0,2.0,17.0,13.0,2.0,0.0,2.0,0.0,2025,Espanol,5
2025-02-22,Sat,LaLiga,Home,L,0.0,2.0,Barcelona,,10.0,2.0,13.0,4.0,1.0,0.0,1.0,0.0,2025,Las Palmas,5
2025-02-22,Sat,LaLiga,Home,L,0.0,3.0,Ath Madrid,,18.0,2.0,18.0,16.0,1.0,0.0,3.0,0.0,2025,Valencia,5
2025-02-22,Sat,LaLiga,Home,L,0.0,1.0,Villarreal,,10.0,5.0,15.0,12.0,1.0,1.0,4.0,0.0,2025,Vallecano,5
2025-02-22,Sat,LaLiga,Away,W,1.0,0.0,Vallecano,,10.0,5.0,12.0,15.0,4.0,0.0,1.0,1.0,2025,Villarreal,5
2025-02-23,Sun,LaLiga,Home,W,7.0,1.0,Valladolid,,29.0,16.0,10.0,5.0,2.0,0.0,3.0,1.0,2025,Ath Bilbao,6
2025-02-23,Sun,LaLiga,Away,W,2.0,1.0,Getafe,,13.0,6.0,20.0,17.0,0.0,1.0,3.0,1.0,2025,Betis,6
2025-02-23,Sun,LaLiga,Home,L,1.0,2.0,Betis,,10.0,4.0,17.0,20.0,3.0,1.0,0.0,1.0,2025,Getafe,6
2025-02-23,Sun,LaLiga,Away,L,0.0,2.0,Real Madrid,,6.0,2.0,7.0,1.0,2.0,0.0,0.0,0.0,2025,Girona,6
2025-02-23,Sun,LaLiga,Away,L,0.0,3.0,Sociedad,,8.0,2.0,13.0,13.0,3.0,0.0,3.0,0.0,2025,Leganes,6
2025-02-23,Sun,LaLiga,Home,W,2.0,0.0,Girona,,22.0,5.0,1.0,7.0,0.0,0.0,2.0,0.0,2025,Real Madrid,6
2025-02-23,Sun,LaLiga,Home,W,3.0,0.0,Leganes,,12.0,5.0,13.0,13.0,3.0,0.0,3.0,0.0,2025,Sociedad,6
2025-02-23,Sun,LaLiga,Away,L,1.0,7.0,Ath Bilbao,,5.0,3.0,5.0,10.0,3.0,1.0,2.0,0.0,2025,Valladolid,6
2025-02-24,Mon,LaLiga,Away,D,1.0,1.0,Sevilla,,13.0,2.0,12.0,11.0,3.0,0.0,1.0,0.0,2025,Mallorca,0
2025-02-24,Mon,LaLiga,Home,D,1.0,1.0,Mallorca,,19.0,4.0,11.0,12.0,1.0,0.0,3.0,0.0,2025,Sevilla,0
2025-02-28,Fri,LaLiga,Away,D,1.0,1.0,Valladolid,,4.0,3.0,8.0,11.0,1.0,1.0,2.0,0.0,2025,Las Palmas,4
2025-02-28,Fri,LaLiga,Home,D,1.0,1.0,Las Palmas,,23.0,7.0,11.0,8.0,2.0,0.0,1.0,1.0,2025,Valladolid,4
2025-03-01,Sat,LaLiga,Away,L,0.0,1.0,Ath Madrid,,15.0,3.0,8.0,7.0,3.0,0.0,2.0,0.0,2025,Ath Bilbao,5
2025-03-01,Sat,LaLiga,Home,W,1.0,0.0,Ath Bilbao,,12.0,4.0,7.0,8.0,2.0,0.0,3.0,0.0,2025,Ath Madrid,5
2025-03-01,Sat,LaLiga,Home,W,2.0,1.0,Real Madrid,,18.0,3.0,17.0,12.0,3.0,0.0,4.0,0.0,2025,Betis,5
2025-03-01,Sat,LaLiga,Away,D,2.0,2.0,Girona,,10.0,6.0,17.0,8.0,0.0,0.0,0.0,0.0,2025,Celta,5
2025-03-01,Sat,LaLiga,Home,D,2.0,2.0,Celta,,9.0,6.0,8.0,17.0,0.0,0.0,0.0,0.0,2025,Girona,5
2025-03-01,Sat,LaLiga,Away,L,1.0,2.0,Betis,,9.0,2.0,12.0,17.0,4.0,0.0,3.0,0.0,2025,Real Madrid,5
2025-03-01,Sat,LaLiga,Away,D,1.0,1.0,Vallecano,,10.0,5.0,9.0,14.0,0.0,0.0,1.0,0.0,2025,Sevilla,5
2025-03-01,Sat,LaLiga,Home,D,1.0,1.0,Sevilla,,20.0,8.0,14.0,9.0,1.0,0.0,0.0,0.0,2025,Vallecano,5
2025-03-02,Sun,LaLiga,Away,D,1.0,1.0,Mallorca,,19.0,7.0,14.0,20.0,2.0,0.0,0.0,0.0,2025,Alaves,6
2025-03-02,Sun,LaLiga,Home,W,4.0,0.0,Sociedad,,33.0,10.0,15.0,6.0,0.0,0.0,0.0,1.0,2025,Barcelona,6
2025-03-02,Sun,LaLiga,Away,L,0.0,1.0,Leganes,,9.0,0.0,15.0,15.0,1.0,0.0,1.0,0.0,2025,Getafe,6
2025-03-02,Sun,LaLiga,Home,W,1.0,0.0,Getafe,,5.0,1.0,15.0,15.0,1.0,0.0,1.0,0.0,2025,Leganes,6
2025-03-02,Sun,LaLiga,Home,D,1.0,1.0,Alaves,,15.0,4.0,20.0,14.0,0.0,0.0,2.0,0.0,2025,Mallorca,6
2025-03-02,Sun,LaLiga,Home,D,3.0,3.0,Valencia,,12.0,5.0,10.0,7.0,2.0,0.0,1.0,0.0,2025,Osasuna,6
2025-03-02,Sun,LaLiga,Away,L,0.0,4.0,Barcelona,,0.0,0.0,6.0,15.0,0.0,1.0,0.0,0.0,2025,Sociedad,6
2025-03-02,Sun,LaLiga,Away,D,3.0,3.0,Osasuna,,12.0,5.0,7.0,10.0,1.0,0.0,2.0,0.0,2025,Valencia,6
2025-03-08,Sat,LaLiga,Home,W,1.0,0.0,Villarreal,,5.0,3.0,11.0,13.0,3.0,2.0,1.0,0.0,2025,Alaves,5
2025-03-08,Sat,LaLiga,Home,W,2.0,1.0,Leganes,,7.0,4.0,10.0,9.0,3.0,0.0,2.0,0.0,2025,Celta,5
2025-03-08,Sat,LaLiga,Away,L,1.0,2.0,Celta,,12.0,6.0,9.0,10.0,2.0,0.0,3.0,0.0,2025,Leganes,5
2025-03-08,Sat,LaLiga,Home,W,2.0,1.0,Valladolid,,17.0,4.0,11.0,10.0,1.0,0.0,3.0,0.0,2025,Valencia,5
2025-03-08,Sat,LaLiga,Away,L,1.0,2.0,Valencia,,11.0,4.0,10.0,11.0,3.0,0.0,1.0,0.0,2025,Valladolid,5
2025-03-08,Sat,LaLiga,Away,L,0.0,1.0,Alaves,,24.0,2.0,13.0,11.0,1.0,0.0,3.0,2.0,2025,Villarreal,5
2025-03-09,Sun,LaLiga,Home,D,1.0,1.0,Mallorca,,8.0,2.0,6.0,13.0,1.0,0.0,3.0,0.0,2025,Ath Bilbao,6
2025-03-09,Sun,LaLiga,Away,L,1.0,2.0,Getafe,,4.0,2.0,14.0,10.0,2.0,1.0,6.0,0.0,2025,Ath Madrid,6
2025-03-09,Sun,LaLiga,Home,W,1.0,0.0,Las Palmas,,14.0,6.0,12.0,14.0,2.0,0.0,8.0,1.0,2025,Betis,6
2025-03-09,Sun,LaLiga,Home,W,2.0,1.0,Ath Madrid,,11.0,3.0,10.0,14.0,6.0,0.0,2.0,1.0,2025,Getafe,6
2025-03-09,Sun,LaLiga,Away,L,0.0,1.0,Betis,,8.0,1.0,14.0,12.0,8.0,1.0,2.0,0.0,2025,Las Palmas,6
2025-03-09,Sun,LaLiga,Away,D,1.0,1.0,Ath Bilbao,,9.0,2.0,13.0,6.0,3.0,0.0,1.0,0.0,2025,Mallorca,6
2025-03-09,Sun,LaLiga,Home,W,2.0,1.0,Vallecano,,10.0,5.0,12.0,17.0,3.0,0.0,1.0,0.0,2025,Real Madrid,6
2025-03-09,Sun,LaLiga,Away,W,1.0,0.0,Sociedad,,9.0,4.0,12.0,14.0,1.0,0.0,2.0,0.0,2025,Sevilla,6
2025-03-09,Sun,LaLiga,Home,L,0.0,1.0,Sevilla,,7.0,2.0,14.0,12.0,2.0,0.0,1.0,0.0,2025,Sociedad,6
2025-03-09,Sun,LaLiga,Away,L,1.0,2.0,Real Madrid,,20.0,6.0,17.0,12.0,1.0,0.0,3.0,0.0,2025,Vallecano,6
2025-03-10,Mon,LaLiga,Home,D,1.0,1.0,Girona,,7.0,4.0,11.0,13.0,3.0,0.0,3.0,0.0,2025,Espanol,0
2025-03-10,Mon,LaLiga,Away,D,1.0,1.0,Espanol,,18.0,4.0,13.0,11.0,3.0,0.0,3.0,0.0,2025,Girona,0
2025-03-14,Fri,LaLiga,Away,D,2.0,2.0,Las Palmas,,9.0,3.0,22.0,10.0,5.0,0.0,5.0,0.0,2025,Alaves,4
2025-03-14,Fri,LaLiga,Home,D,2.0,2.0,Alaves,,14.0,7.0,10.0,22.0,5.0,0.0,5.0,0.0,2025,Las Palmas,4
2025-03-15,Sat,LaLiga,Away,W,1.0,0.0,Valladolid,,10.0,1.0,15.0,9.0,3.0,0.0,3.0,0.0,2025,Celta,5
2025-03-15,Sat,LaLiga,Away,L,1.0,2.0,Mallorca,,2.0,0.0,12.0,10.0,2.0,0.0,0.0,0.0,2025,Espanol,5
2025-03-15,Sat,LaLiga,Home,D,1.0,1.0,Valencia,,14.0,4.0,12.0,5.0,2.0,0.0,1.0,0.0,2025,Girona,5
2025-03-15,Sat,LaLiga,Home,W,2.0,1.0,Espanol,,20.0,7.0,10.0,12.0,0.0,0.0,2.0,0.0,2025,Mallorca,5
2025-03-15,Sat,LaLiga,Away,W,2.0,1.0,Villarreal,,9.0,5.0,3.0,17.0,1.0,0.0,2.0,0.0,2025,Real Madrid,5
2025-03-15,Sat,LaLiga,Away,D,1.0,1.0,Girona,,12.0,2.0,5.0,12.0,1.0,0.0,2.0,0.0,2025,Valencia,5
2025-03-15,Sat,LaLiga,Home,L,0.0,1.0,Celta,,5.0,2.0,9.0,15.0,3.0,0.0,3.0,0.0,2025,Valladolid,5
2025-03-15,Sat,LaLiga,Home,L,1.0,2.0,Real Madrid,,23.0,10.0,17.0,3.0,2.0,0.0,1.0,0.0,2025,Villarreal,5
2025-03-16,Sun,LaLiga,Away,W,1.0,0.0,Sevilla,,9.0,4.0,12.0,13.0,2.0,0.0,4.0,0.0,2025,Ath Bilbao,6
2025-03-16,Sun,LaLiga,Home,L,2.0,4.0,Barcelona,,7.0,2.0,10.0,11.0,1.0,0.0,3.0,0.0,2025,Ath Madrid,6
2025-03-16,Sun,LaLiga,Away,W,4.0,2.0,Ath Madrid,,13.0,6.0,11.0,10.0,3.0,0.0,1.0,0.0,2025,Barcelona,6
2025-03-16,Sun,LaLiga,Away,W,3.0,2.0,Leganes,,21.0,6.0,5.0,16.0,1.0,0.0,2.0,0.0,2025,Betis,6
2025-03-16,Sun,LaLiga,Away,W,2.0,1.0,Osasuna,,7.0,4.0,15.0,19.0,3.0,1.0,2.0,0.0,2025,Getafe,6
2025-03-16,Sun,LaLiga,Home,L,2.0,3.0,Betis,,10.0,4.0,16.0,5.0,2.0,0.0,1.0,0.0,2025,Leganes,6
2025-03-16,Sun,LaLiga,Home,L,1.0,2.0,Getafe,,12.0,4.0,19.0,15.0,2.0,0.0,3.0,1.0,2025,Osasuna,6
2025-03-16,Sun,LaLiga,Home,L,0.0,1.0,Ath Bilbao,,11.0,4.0,13.0,12.0,4.0,0.0,2.0,0.0,2025,Sevilla,6
2025-03-16,Sun,LaLiga,Away,D,2.0,2.0,Vallecano,,8.0,4.0,9.0,16.0,2.0,0.0,3.0,0.0,2025,Sociedad,6
2025-03-16,Sun,LaLiga,Home,D,2.0,2.0,Sociedad,,10.0,5.0,16.0,9.0,3.0,0.0,2.0,0.0,2025,Vallecano,6
2025-03-27,Thu,LaLiga,Home,W,3.0,0.0,Osasuna,,19.0,5.0,7.0,14.0,1.0,0.0,3.0,0.0,2025,Barcelona,3
2025-03-27,Thu,LaLiga,Away,L,0.0,3.0,Barcelona,,4.0,0.0,14.0,7.0,3.0,0.0,1.0,0.0,2025,Osasuna,3
2025-03-29,Sat,LaLiga,Home,L,0.0,2.0,Vallecano,,12.0,4.0,14.0,12.0,3.0,0.0,5.0,0.0,2025,Alaves,5
2025-03-29,Sat,LaLiga,Away,D,1.0,1.0,Espanol,,13.0,2.0,14.0,12.0,1.0,0.0,2.0,0.0,2025,Ath Madrid,5
2025-03-29,Sat,LaLiga,Home,D,1.0,1.0,Ath Madrid,,8.0,1.0,12.0,14.0,2.0,0.0,1.0,0.0,2025,Espanol,5
2025-03-29,Sat,LaLiga,Away,L,2.0,3.0,Real Madrid,,10.0,4.0,13.0,9.0,4.0,0.0,1.0,0.0,2025,Leganes,5
2025-03-29,Sat,LaLiga,Home,W,3.0,2.0,Leganes,,24.0,10.0,9.0,13.0,1.0,0.0,4.0,0.0,2025,Real Madrid,5
2025-03-29,Sat,LaLiga,Home,W,2.0,1.0,Valladolid,,12.0,2.0,20.0,10.0,2.0,0.0,3.0,0.0,2025,Sociedad,5
2025-03-29,Sat,LaLiga,Away,L,1.0,2.0,Sociedad,,12.0,5.0,10.0,20.0,3.0,0.0,2.0,0.0,2025,Valladolid,5
2025-03-29,Sat,LaLiga,Away,W,2.0,0.0,Alaves,,11.0,5.0,12.0,14.0,5.0,0.0,3.0,0.0,2025,Vallecano,5
2025-03-30,Sun,LaLiga,Home,D,0.0,0.0,Osasuna,,11.0,5.0,12.0,12.0,1.0,0.0,1.0,0.0,2025,Ath Bilbao,6
2025-03-30,Sun,LaLiga,Home,W,4.0,1.0,Girona,,21.0,9.0,8.0,11.0,0.0,0.0,1.0,0.0,2025,Barcelona,6
2025-03-30,Sun,LaLiga,Home,W,2.0,1.0,Sevilla,,11.0,3.0,10.0,22.0,4.0,0.0,4.0,0.0,2025,Betis,6
2025-03-30,Sun,LaLiga,Home,L,1.0,2.0,Villarreal,,11.0,4.0,16.0,21.0,1.0,0.0,4.0,0.0,2025,Getafe,6
2025-03-30,Sun,LaLiga,Away,L,1.0,4.0,Barcelona,,4.0,2.0,11.0,8.0,1.0,0.0,0.0,0.0,2025,Girona,6
2025-03-30,Sun,LaLiga,Away,L,0.0,1.0,Valencia,,8.0,2.0,15.0,16.0,5.0,0.0,5.0,0.0,2025,Mallorca,6
2025-03-30,Sun,LaLiga,Away,D,0.0,0.0,Ath Bilbao,,5.0,2.0,12.0,12.0,1.0,0.0,1.0,0.0,2025,Osasuna,6
2025-03-30,Sun,LaLiga,Away,L,1.0,2.0,Betis,,6.0,2.0,22.0,10.0,4.0,0.0,4.0,0.0,2025,Sevilla,6
2025-03-30,Sun,LaLiga,Home,W,1.0,0.0,Mallorca,,8.0,2.0,16.0,15.0,5.0,0.0,5.0,0.0,2025,Valencia,6
2025-03-30,Sun,LaLiga,Away,W,2.0,1.0,Getafe,,9.0,3.0,21.0,16.0,4.0,0.0,1.0,0.0,2025,Villarreal,6
2025-03-31,Mon,LaLiga,Home,D,1.0,1.0,Las Palmas,,19.0,7.0,17.0,5.0,3.0,0.0,0.0,0.0,2025,Celta,0
2025-03-31,Mon,LaLiga,Away,D,1.0,1.0,Celta,,4.0,2.0,5.0,17.0,0.0,0.0,3.0,0.0,2025,Las Palmas,0
2025-04-04,Fri,LaLiga,Away,W,4.0,0.0,Vallecano,,15.0,7.0,10.0,8.0,2.0,0.0,2.0,0.0,2025,Espanol,4
2025-04-04,Fri,LaLiga,Home,L,0.0,4.0,Espanol,,16.0,5.0,8.0,10.0,2.0,0.0,2.0,0.0,2025,Vallecano,4
2025-04-05,Sat,LaLiga,Away,W,1.0,0.0,Girona,,14.0,3.0,16.0,9.0,4.0,0.0,1.0,0.0,2025,Alaves,5
2025-04-05,Sat,LaLiga,Home,D,1.0,1.0,Betis,,13.0,5.0,16.0,12.0,2.0,0.0,1.0,0.0,2025,Barcelona,5
2025-04-05,Sat,LaLiga,Away,D,1.0,1.0,Barcelona,,6.0,2.0,12.0,16.0,1.0,0.0,2.0,0.0,2025,Betis,5
2025-04-05,Sat,LaLiga,Away,W,2.0,1.0,Mallorca,,10.0,4.0,11.0,9.0,0.0,0.0,3.0,0.0,2025,Celta,5
2025-04-05,Sat,LaLiga,Home,L,0.0,1.0,Alaves,,11.0,6.0,9.0,16.0,1.0,0.0,4.0,0.0,2025,Girona,5
2025-04-05,Sat,LaLiga,Home,L,1.0,2.0,Celta,,7.0,2.0,9.0,11.0,3.0,0.0,0.0,0.0,2025,Mallorca,5
2025-04-05,Sat,LaLiga,Home,L,1.0,2.0,Valencia,,21.0,9.0,10.0,13.0,0.0,0.0,4.0,0.0,2025,Real Madrid,5
2025-04-05,Sat,LaLiga,Away,W,2.0,1.0,Real Madrid,,10.0,2.0,13.0,10.0,4.0,0.0,0.0,0.0,2025,Valencia,5
2025-04-06,Sun,LaLiga,Away,D,0.0,0.0,Villarreal,,11.0,2.0,13.0,9.0,1.0,0.0,0.0,1.0,2025,Ath Bilbao,6
2025-04-06,Sun,LaLiga,Away,W,2.0,1.0,Sevilla,,13.0,5.0,12.0,14.0,4.0,0.0,1.0,0.0,2025,Ath Madrid,6
2025-04-06,Sun,LaLiga,Away,W,4.0,0.0,Valladolid,,16.0,9.0,17.0,11.0,1.0,0.0,3.0,1.0,2025,Getafe,6
2025-04-06,Sun,LaLiga,Home,L,1.0,3.0,Sociedad,,13.0,5.0,7.0,10.0,0.0,0.0,2.0,0.0,2025,Las Palmas,6
2025-04-06,Sun,LaLiga,Home,L,1.0,2.0,Ath Madrid,,11.0,6.0,14.0,12.0,1.0,0.0,4.0,0.0,2025,Sevilla,6
2025-04-06,Sun,LaLiga,Away,W,3.0,1.0,Las Palmas,,13.0,8.0,10.0,7.0,2.0,0.0,0.0,0.0,2025,Sociedad,6
2025-04-06,Sun,LaLiga,Home,L,0.0,4.0,Getafe,,5.0,0.0,11.0,17.0,3.0,1.0,1.0,0.0,2025,Valladolid,6
2025-04-06,Sun,LaLiga,Home,D,0.0,0.0,Ath Bilbao,,12.0,4.0,9.0,13.0,0.0,1.0,1.0,0.0,2025,Villarreal,6
2025-04-07,Mon,LaLiga,Home,D,1.0,1.0,Osasuna,,13.0,7.0,18.0,14.0,3.0,0.0,3.0,0.0,2025,Leganes,0
2025-04-07,Mon,LaLiga,Away,D,1.0,1.0,Leganes,,14.0,6.0,14.0,18.0,3.0,0.0,3.0,0.0,2025,Osasuna,0
2025-04-11,Fri,LaLiga,Away,L,0.0,1.0,Valencia,,12.0,5.0,18.0,10.0,2.0,0.0,3.0,0.0,2025,Sevilla,4
2025-04-11,Fri,LaLiga,Home,W,1.0,0.0,Sevilla,,8.0,6.0,10.0,18.0,3.0,0.0,2.0,0.0,2025,Valencia,4
2025-04-12,Sat,LaLiga,Away,W,1.0,0.0,Leganes,,12.0,3.0,4.0,10.0,1.0,0.0,2.0,0.0,2025,Barcelona,5
2025-04-12,Sat,LaLiga,Home,L,0.0,2.0,Espanol,,16.0,6.0,14.0,10.0,2.0,0.0,2.0,0.0,2025,Celta,5
2025-04-12,Sat,LaLiga,Away,W,2.0,0.0,Celta,,5.0,3.0,10.0,14.0,2.0,0.0,2.0,0.0,2025,Espanol,5
2025-04-12,Sat,LaLiga,Home,L,1.0,3.0,Las Palmas,,11.0,6.0,14.0,15.0,0.0,1.0,2.0,0.0,2025,Getafe,5
2025-04-12,Sat,LaLiga,Away,W,3.0,1.0,Getafe,,10.0,5.0,15.0,14.0,2.0,0.0,0.0,1.0,2025,Las Palmas,5
2025-04-12,Sat,LaLiga,Home,L,0.0,1.0,Barcelona,,6.0,1.0,10.0,4.0,2.0,0.0,1.0,0.0,2025,Leganes,5
2025-04-12,Sat,LaLiga,Away,W,2.0,0.0,Sociedad,,7.0,3.0,12.0,11.0,1.0,0.0,3.0,0.0,2025,Mallorca,5
2025-04-12,Sat,LaLiga,Home,L,0.0,2.0,Mallorca,,15.0,4.0,11.0,12.0,3.0,0.0,1.0,0.0,2025,Sociedad,5
2025-04-13,Sun,LaLiga,Home,L,0.0,1.0,Real Madrid,,13.0,6.0,21.0,12.0,4.0,1.0,4.0,1.0,2025,Alaves,6
2025-04-13,Sun,LaLiga,Home,W,3.0,1.0,Vallecano,,13.0,4.0,12.0,7.0,4.0,0.0,3.0,0.0,2025,Ath Bilbao,6
2025-04-13,Sun,LaLiga,Home,L,1.0,2.0,Villarreal,,24.0,5.0,4.0,13.0,0.0,0.0,4.0,0.0,2025,Betis,6
2025-04-13,Sun,LaLiga,Away,L,1.0,2.0,Osasuna,,18.0,8.0,15.0,17.0,0.0,0.0,2.0,0.0,2025,Girona,6
2025-04-13,Sun,LaLiga,Home,W,2.0,1.0,Girona,,13.0,6.0,17.0,15.0,2.0,0.0,0.0,0.0,2025,Osasuna,6
2025-04-13,Sun,LaLiga,Away,W,1.0,0.0,Alaves,,11.0,4.0,12.0,21.0,4.0,1.0,4.0,1.0,2025,Real Madrid,6
2025-04-13,Sun,LaLiga,Away,L,1.0,3.0,Ath Bilbao,,11.0,3.0,7.0,12.0,3.0,0.0,4.0,0.0,2025,Vallecano,6
2025-04-13,Sun,LaLiga,Away,W,2.0,1.0,Betis,,8.0,2.0,13.0,4.0,4.0,0.0,0.0,0.0,2025,Villarreal,6
2025-04-14,Mon,LaLiga,Home,W,4.0,2.0,Valladolid,,24.0,9.0,11.0,8.0,1.0,0.0,1.0,0.0,2025,Ath Madrid,0
2025-04-14,Mon,LaLiga,Away,L,2.0,4.0,Ath Madrid,,6.0,3.0,8.0,11.0,1.0,0.0,1.0,0.0,2025,Valladolid,0
2025-04-18,Fri,LaLiga,Home,W,1.0,0.0,Getafe,,9.0,3.0,12.0,15.0,0.0,0.0,2.0,1.0,2025,Espanol,4
2025-04-18,Fri,LaLiga,Away,L,0.0,1.0,Espanol,,9.0,4.0,15.0,12.0,2.0,1.0,0.0,0.0,2025,Getafe,4
2025-04-19,Sat,LaLiga,Away,L,0.0,1.0,Las Palmas,,7.0,2.0,13.0,13.0,1.0,0.0,3.0,0.0,2025,Ath Madrid,5
2025-04-19,Sat,LaLiga,Home,W,4.0,3.0,Celta,,18.0,6.0,10.0,13.0,2.0,0.0,2.0,0.0,2025,Barcelona,5
2025-04-19,Sat,LaLiga,Away,L,3.0,4.0,Barcelona,,11.0,8.0,13.0,10.0,2.0,0.0,2.0,0.0,2025,Celta,5
2025-04-19,Sat,LaLiga,Home,W,1.0,0.0,Ath Madrid,,8.0,2.0,13.0,13.0,3.0,0.0,1.0,0.0,2025,Las Palmas,5
2025-04-19,Sat,LaLiga,Away,D,0.0,0.0,Mallorca,,15.0,1.0,15.0,17.0,1.0,0.0,2.0,0.0,2025,Leganes,5
2025-04-19,Sat,LaLiga,Home,D,0.0,0.0,Leganes,,11.0,1.0,17.0,15.0,2.0,0.0,1.0,0.0,2025,Mallorca,5
2025-04-19,Sat,LaLiga,Away,D,1.0,1.0,Vallecano,,10.0,3.0,13.0,18.0,1.0,0.0,3.0,0.0,2025,Valencia,5
2025-04-19,Sat,LaLiga,Home,D,1.0,1.0,Valencia,,11.0,4.0,18.0,13.0,3.0,0.0,1.0,0.0,2025,Vallecano,5
2025-04-20,Sun,LaLiga,Away,D,1.0,1.0,Sevilla,,11.0,3.0,11.0,10.0,2.0,0.0,2.0,0.0,2025,Alaves,6
2025-04-20,Sun,LaLiga,Away,L,0.0,1.0,Real Madrid,,3.0,1.0,15.0,7.0,2.0,0.0,1.0,0.0,2025,Ath Bilbao,6
2025-04-20,Sun,LaLiga,Away,W,3.0,2.0,Valladolid,,11.0,6.0,17.0,12.0,0.0,0.0,2.0,0.0,2025,Osasuna,6
2025-04-20,Sun,LaLiga,Home,W,1.0,0.0,Ath Bilbao,,22.0,7.0,7.0,15.0,1.0,0.0,2.0,0.0,2025,Real Madrid,6
2025-04-20,Sun,LaLiga,Home,D,1.0,1.0,Alaves,,10.0,2.0,10.0,11.0,2.0,0.0,2.0,0.0,2025,Sevilla,6
2025-04-20,Sun,LaLiga,Away,D,2.0,2.0,Villarreal,,4.0,4.0,12.0,12.0,1.0,0.0,5.0,0.0,2025,Sociedad,6
2025-04-20,Sun,LaLiga,Home,L,2.0,3.0,Osasuna,,12.0,5.0,12.0,17.0,2.0,0.0,0.0,0.0,2025,Valladolid,6
2025-04-20,Sun,LaLiga,Home,D,2.0,2.0,Sociedad,,20.0,5.0,12.0,12.0,5.0,0.0,1.0,0.0,2025,Villarreal,6
2025-04-21,Mon,LaLiga,Away,W,3.0,1.0,Girona,,17.0,9.0,11.0,13.0,2.0,0.0,3.0,0.0,2025,Betis,0
2025-04-21,Mon,LaLiga,Home,L,1.0,3.0,Betis,,11.0,5.0,13.0,11.0,3.0,0.0,2.0,0.0,2025,Girona,0
2025-04-22,Tue,LaLiga,Home,W,1.0,0.0,Mallorca,,40.0,13.0,10.0,7.0,0.0,0.0,1.0,0.0,2025,Barcelona,1
2025-04-22,Tue,LaLiga,Away,D,1.0,1.0,Valencia,,8.0,3.0,7.0,7.0,1.0,0.0,2.0,0.0,2025,Espanol,1
2025-04-22,Tue,LaLiga,Away,L,0.0,1.0,Barcelona,,4.0,0.0,7.0,10.0,1.0,0.0,0.0,0.0,2025,Mallorca,1
2025-04-22,Tue,LaLiga,Home,D,1.0,1.0,Espanol,,16.0,7.0,7.0,7.0,2.0,0.0,1.0,0.0,2025,Valencia,1
2025-04-23,Wed,LaLiga,Home,W,1.0,0.0,Sociedad,,10.0,1.0,17.0,17.0,4.0,0.0,5.0,0.0,2025,Alaves,2
2025-04-23,Wed,LaLiga,Home,W,1.0,0.0,Las Palmas,,13.0,4.0,13.0,9.0,1.0,0.0,3.0,0.0,2025,Ath Bilbao,2
2025-04-23,Wed,LaLiga,Home,W,3.0,0.0,Villarreal,,21.0,9.0,16.0,10.0,2.0,0.0,1.0,1.0,2025,Celta,2
2025-04-23,Wed,LaLiga,Home,L,0.0,1.0,Real Madrid,,20.0,6.0,15.0,7.0,3.0,0.0,1.0,0.0,2025,Getafe,2
2025-04-23,Wed,LaLiga,Away,L,0.0,1.0,Ath Bilbao,,10.0,2.0,9.0,13.0,3.0,0.0,1.0,0.0,2025,Las Palmas,2
2025-04-23,Wed,LaLiga,Away,W,1.0,0.0,Getafe,,14.0,7.0,7.0,15.0,1.0,0.0,3.0,0.0,2025,Real Madrid,2
2025-04-23,Wed,LaLiga,Away,L,0.0,1.0,Alaves,,6.0,0.0,17.0,17.0,5.0,0.0,4.0,0.0,2025,Sociedad,2
2025-04-23,Wed,LaLiga,Away,L,0.0,3.0,Celta,,4.0,1.0,10.0,16.0,1.0,1.0,2.0,0.0,2025,Villarreal,2
2025-04-24,Thu,LaLiga,Home,W,3.0,0.0,Vallecano,,10.0,5.0,8.0,15.0,0.0,0.0,2.0,0.0,2025,Ath Madrid,3
2025-04-24,Thu,LaLiga,Home,W,5.0,1.0,Valladolid,,16.0,6.0,7.0,7.0,1.0,0.0,0.0,0.0,2025,Betis,3
2025-04-24,Thu,LaLiga,Away,D,1.0,1.0,Leganes,,8.0,3.0,18.0,16.0,2.0,0.0,4.0,1.0,2025,Girona,3
2025-04-24,Thu,LaLiga,Home,D,1.0,1.0,Girona,,7.0,1.0,16.0,18.0,4.0,1.0,2.0,0.0,2025,Leganes,3
2025-04-24,Thu,LaLiga,Home,W,1.0,0.0,Sevilla,,9.0,2.0,14.0,13.0,4.0,0.0,2.0,1.0,2025,Osasuna,3
2025-04-24,Thu,LaLiga,Away,L,0.0,1.0,Osasuna,,12.0,3.0,13.0,14.0,2.0,1.0,4.0,0.0,2025,Sevilla,3
2025-04-24,Thu,LaLiga,Away,L,1.0,5.0,Betis,,10.0,5.0,7.0,7.0,0.0,0.0,1.0,0.0,2025,Valladolid,3
2025-04-24,Thu,LaLiga,Away,L,0.0,3.0,Ath Madrid,,12.0,5.0,15.0,8.0,2.0,0.0,0.0,0.0,2025,Vallecano,3
2025-04-27,Sun,LaLiga,Away,L,0.0,1.0,Villarreal,,12.0,1.0,11.0,19.0,0.0,0.0,4.0,0.0,2025,Espanol,6
2025-04-27,Sun,LaLiga,Home,W,1.0,0.0,Espanol,,14.0,5.0,19.0,11.0,4.0,0.0,0.0,0.0,2025,Villarreal,6
2025-05-02,Fri,LaLiga,Away,L,0.0,1.0,Vallecano,,12.0,1.0,13.0,12.0,2.0,1.0,3.0,0.0,2025,Getafe,4
2025-05-02,Fri,LaLiga,Home,W,1.0,0.0,Getafe,,13.0,8.0,12.0,13.0,3.0,0.0,2.0,1.0,2025,Vallecano,4
2025-05-03,Sat,LaLiga,Home,D,0.0,0.0,Ath Madrid,,8.0,2.0,18.0,13.0,3.0,0.0,2.0,0.0,2025,Alaves,5
2025-05-03,Sat,LaLiga,Away,D,0.0,0.0,Alaves,,9.0,2.0,13.0,18.0,2.0,0.0,3.0,0.0,2025,Ath Madrid,5
2025-05-03,Sat,LaLiga,Away,W,2.0,1.0,Valladolid,,24.0,7.0,15.0,12.0,2.0,0.0,3.0,0.0,2025,Barcelona,5
2025-05-03,Sat,LaLiga,Home,L,2.0,3.0,Valencia,,15.0,3.0,12.0,6.0,1.0,0.0,1.0,0.0,2025,Las Palmas,5
2025-05-03,Sat,LaLiga,Away,L,2.0,4.0,Villarreal,,11.0,4.0,18.0,10.0,1.0,0.0,4.0,0.0,2025,Osasuna,5
2025-05-03,Sat,LaLiga,Away,W,3.0,2.0,Las Palmas,,10.0,5.0,6.0,12.0,1.0,0.0,1.0,0.0,2025,Valencia,5
2025-05-03,Sat,LaLiga,Home,L,1.0,2.0,Barcelona,,5.0,4.0,12.0,15.0,3.0,0.0,2.0,0.0,2025,Valladolid,5
2025-05-03,Sat,LaLiga,Home,W,4.0,2.0,Osasuna,,15.0,5.0,10.0,18.0,4.0,0.0,1.0,0.0,2025,Villarreal,5
2025-05-04,Sun,LaLiga,Away,D,0.0,0.0,Sociedad,,3.0,1.0,13.0,18.0,2.0,0.0,1.0,0.0,2025,Ath Bilbao,6
2025-05-04,Sun,LaLiga,Away,W,2.0,1.0,Espanol,,20.0,10.0,10.0,16.0,0.0,0.0,2.0,0.0,2025,Betis,6
2025-05-04,Sun,LaLiga,Away,L,2.0,3.0,Real Madrid,,14.0,7.0,11.0,5.0,1.0,0.0,2.0,0.0,2025,Celta,6
2025-05-04,Sun,LaLiga,Home,L,1.0,2.0,Betis,,11.0,5.0,16.0,10.0,2.0,0.0,0.0,0.0,2025,Espanol,6
2025-05-04,Sun,LaLiga,Away,D,2.0,2.0,Sevilla,,9.0,3.0,12.0,17.0,5.0,0.0,4.0,0.0,2025,Leganes,6
2025-05-04,Sun,LaLiga,Home,W,3.0,2.0,Celta,,17.0,6.0,5.0,11.0,2.0,0.0,1.0,0.0,2025,Real Madrid,6
2025-05-04,Sun,LaLiga,Home,D,2.0,2.0,Leganes,,25.0,7.0,17.0,12.0,4.0,0.0,5.0,0.0,2025,Sevilla,6
2025-05-04,Sun,LaLiga,Home,D,0.0,0.0,Ath Bilbao,,12.0,3.0,18.0,13.0,1.0,0.0,2.0,0.0,2025,Sociedad,6
2025-05-05,Mon,LaLiga,Home,W,1.0,0.0,Mallorca,,13.0,6.0,11.0,14.0,0.0,0.0,2.0,0.0,2025,Girona,0
2025-05-05,Mon,LaLiga,Away,L,0.0,1.0,Girona,,9.0,1.0,14.0,11.0,2.0,0.0,0.0,0.0,2025,Mallorca,0
2025-05-09,Fri,LaLiga,Home,L,0.0,1.0,Vallecano,,11.0,2.0,8.0,9.0,2.0,0.0,3.0,0.0,2025,Las Palmas,4
2025-05-09,Fri,LaLiga,Away,W,1.0,0.0,Las Palmas,,16.0,5.0,9.0,8.0,3.0,0.0,2.0,0.0,2025,Vallecano,4
2025-05-10,Sat,LaLiga,Home,W,4.0,0.0,Sociedad,,13.0,7.0,7.0,12.0,0.0,0.0,1.0,0.0,2025,Ath Madrid,5
2025-05-10,Sat,LaLiga,Home,W,3.0,2.0,Sevilla,,8.0,4.0,11.0,16.0,0.0,1.0,2.0,0.0,2025,Celta,5
2025-05-10,Sat,LaLiga,Away,L,0.0,3.0,Valencia,,10.0,3.0,20.0,17.0,5.0,0.0,3.0,0.0,2025,Getafe,5
2025-05-10,Sat,LaLiga,Home,L,0.0,1.0,Villarreal,,7.0,0.0,13.0,10.0,2.0,0.0,3.0,0.0,2025,Girona,5
2025-05-10,Sat,LaLiga,Home,W,2.0,1.0,Valladolid,,12.0,4.0,16.0,12.0,2.0,0.0,1.0,0.0,2025,Mallorca,5
2025-05-10,Sat,LaLiga,Away,L,2.0,3.0,Celta,,19.0,10.0,16.0,11.0,2.0,0.0,0.0,1.0,2025,Sevilla,5
2025-05-10,Sat,LaLiga,Away,L,0.0,4.0,Ath Madrid,,6.0,1.0,12.0,7.0,1.0,0.0,0.0,0.0,2025,Sociedad,5
2025-05-10,Sat,LaLiga,Home,W,3.0,0.0,Getafe,,10.0,6.0,17.0,20.0,3.0,0.0,5.0,0.0,2025,Valencia,5
2025-05-10,Sat,LaLiga,Away,L,1.0,2.0,Mallorca,,16.0,7.0,12.0,16.0,1.0,0.0,2.0,0.0,2025,Valladolid,5
2025-05-10,Sat,LaLiga,Away,W,1.0,0.0,Girona,,14.0,5.0,10.0,13.0,3.0,0.0,2.0,0.0,2025,Villarreal,5
2025-05-11,Sun,LaLiga,Away,L,0.0,1.0,Ath Bilbao,,4.0,1.0,12.0,17.0,1.0,0.0,1.0,0.0,2025,Alaves,6
2025-05-11,Sun,LaLiga,Home,W,1.0,0.0,Alaves,,11.0,3.0,17.0,12.0,1.0,0.0,1.0,0.0,2025,Ath Bilbao,6
2025-05-11,Sun,LaLiga,Home,W,4.0,3.0,Real Madrid,,23.0,9.0,17.0,15.0,4.0,0.0,3.0,0.0,2025,Barcelona,6
2025-05-11,Sun,LaLiga,Home,D,1.0,1.0,Osasuna,,10.0,5.0,8.0,12.0,3.0,0.0,2.0,0.0,2025,Betis,6
2025-05-11,Sun,LaLiga,Away,L,2.0,3.0,Leganes,,12.0,6.0,18.0,14.0,2.0,0.0,2.0,0.0,2025,Espanol,6
2025-05-11,Sun,LaLiga,Home,W,3.0,2.0,Espanol,,13.0,5.0,14.0,18.0,2.0,0.0,2.0,0.0,2025,Leganes,6
2025-05-11,Sun,LaLiga,Away,D,1.0,1.0,Betis,,16.0,5.0,12.0,8.0,2.0,0.0,3.0,0.0,2025,Osasuna,6
2025-05-11,Sun,LaLiga,Away,L,3.0,4.0,Barcelona,,9.0,5.0,15.0,17.0,3.0,0.0,4.0,0.0,2025,Real Madrid,6
2025-05-13,Tue,LaLiga,Away,W,1.0,0.0,Sociedad,,6.0,2.0,11.0,18.0,1.0,0.0,3.0,0.0,2025,Celta,1
2025-05-13,Tue,LaLiga,Away,W,1.0,0.0,Valladolid,,13.0,5.0,19.0,5.0,0.0,0.0,0.0,0.0,2025,Girona,1
2025-05-13,Tue,LaLiga,Away,L,0.0,1.0,Sevilla,,14.0,3.0,15.0,22.0,6.0,0.0,6.0,0.0,2025,Las Palmas,1
2025-05-13,Tue,LaLiga,Home,W,1.0,0.0,Las Palmas,,10.0,3.0,22.0,15.0,6.0,0.0,6.0,0.0,2025,Sevilla,1
2025-05-13,Tue,LaLiga,Home,L,0.0,1.0,Celta,,15.0,5.0,18.0,11.0,3.0,0.0,1.0,0.0,2025,Sociedad,1
2025-05-13,Tue,LaLiga,Home,L,0.0,1.0,Girona,,11.0,4.0,5.0,19.0,0.0,0.0,0.0,0.0,2025,Valladolid,1
2025-05-14,Wed,LaLiga,Home,W,1.0,0.0,Valencia,,11.0,5.0,16.0,10.0,4.0,0.0,3.0,0.0,2025,Alaves,2
2025-05-14,Wed,LaLiga,Away,L,0.0,3.0,Villarreal,,23.0,6.0,11.0,5.0,1.0,0.0,1.0,0.0,2025,Leganes,2
2025-05-14,Wed,LaLiga,Away,L,1.0,2.0,Real Madrid,,4.0,2.0,15.0,6.0,3.0,0.0,0.0,0.0,2025,Mallorca,2
2025-05-14,Wed,LaLiga,Home,W,2.0,1.0,Mallorca,,39.0,13.0,6.0,15.0,0.0,0.0,3.0,0.0,2025,Real Madrid,2
2025-05-14,Wed,LaLiga,Away,L,0.0,1.0,Alaves,,10.0,3.0,10.0,16.0,3.0,0.0,4.0,0.0,2025,Valencia,2
2025-05-14,Wed,LaLiga,Home,W,3.0,0.0,Leganes,,17.0,7.0,5.0,11.0,1.0,0.0,1.0,0.0,2025,Villarreal,2
2025-05-15,Thu,LaLiga,Away,W,2.0,0.0,Getafe,,9.0,2.0,7.0,10.0,0.0,0.0,1.0,0.0,2025,Ath Bilbao,3
2025-05-15,Thu,LaLiga,Away,L,0.0,2.0,Osasuna,,9.0,5.0,11.0,12.0,1.0,0.0,1.0,0.0,2025,Ath Madrid,3
2025-05-15,Thu,LaLiga,Away,W,2.0,0.0,Espanol,,12.0,4.0,10.0,8.0,2.0,0.0,2.0,1.0,2025,Barcelona,3
2025-05-15,Thu,LaLiga,Away,D,2.0,2.0,Vallecano,,10.0,3.0,18.0,8.0,3.0,0.0,1.0,0.0,2025,Betis,3
2025-05-15,Thu,LaLiga,Home,L,0.0,2.0,Barcelona,,9.0,1.0,8.0,10.0,2.0,1.0,2.0,0.0,2025,Espanol,3
2025-05-15,Thu,LaLiga,Home,L,0.0,2.0,Ath Bilbao,,11.0,1.0,10.0,7.0,1.0,0.0,0.0,0.0,2025,Getafe,3
2025-05-15,Thu,LaLiga,Home,W,2.0,0.0,Ath Madrid,,9.0,3.0,12.0,11.0,1.0,0.0,1.0,0.0,2025,Osasuna,3
2025-05-15,Thu,LaLiga,Home,D,2.0,2.0,Betis,,20.0,6.0,8.0,18.0,1.0,0.0,3.0,0.0,2025,Vallecano,3
2025-05-18,Sun,LaLiga,Away,W,1.0,0.0,Valladolid,,14.0,4.0,24.0,12.0,2.0,0.0,0.0,0.0,2025,Alaves,6
2025-05-18,Sun,LaLiga,Away,W,1.0,0.0,Valencia,,10.0,4.0,16.0,10.0,1.0,0.0,3.0,0.0,2025,Ath Bilbao,6
2025-05-18,Sun,LaLiga,Home,W,4.0,1.0,Betis,,20.0,11.0,12.0,9.0,1.0,0.0,1.0,0.0,2025,Ath Madrid,6
2025-05-18,Sun,LaLiga,Home,L,2.0,3.0,Villarreal,,24.0,9.0,14.0,9.0,2.0,0.0,0.0,0.0,2025,Barcelona,6
2025-05-18,Sun,LaLiga,Away,L,1.0,4.0,Ath Madrid,,12.0,7.0,9.0,12.0,1.0,0.0,1.0,0.0,2025,Betis,6
2025-05-18,Sun,LaLiga,Home,L,1.0,2.0,Vallecano,,24.0,7.0,10.0,17.0,2.0,0.0,3.0,0.0,2025,Celta,6
2025-05-18,Sun,LaLiga,Away,L,0.0,2.0,Osasuna,,16.0,6.0,5.0,11.0,1.0,0.0,1.0,0.0,2025,Espanol,6
2025-05-18,Sun,LaLiga,Away,W,2.0,1.0,Mallorca,,10.0,4.0,9.0,14.0,2.0,0.0,2.0,0.0,2025,Getafe,6
2025-05-18,Sun,LaLiga,Away,L,2.0,3.0,Sociedad,,9.0,5.0,9.0,10.0,3.0,0.0,1.0,0.0,2025,Girona,6
2025-05-18,Sun,LaLiga,Home,L,0.0,1.0,Leganes,,12.0,3.0,15.0,12.0,2.0,0.0,2.0,0.0,2025,Las Palmas,6
2025-05-18,Sun,LaLiga,Away,W,1.0,0.0,Las Palmas,,11.0,4.0,12.0,15.0,2.0,0.0,2.0,0.0,2025,Leganes,6
2025-05-18,Sun,LaLiga,Home,L,1.0,2.0,Getafe,,7.0,1.0,14.0,9.0,2.0,0.0,2.0,0.0,2025,Mallorca,6
2025-05-18,Sun,LaLiga,Home,W,2.0,0.0,Espanol,,16.0,3.0,11.0,5.0,1.0,0.0,1.0,0.0,2025,Osasuna,6
2025-05-18,Sun,LaLiga,Away,W,2.0,0.0,Sevilla,,16.0,6.0,9.0,7.0,1.0,0.0,0.0,2.0,2025,Real Madrid,6
2025-05-18,Sun,LaLiga,Home,L,0.0,2.0,Real Madrid,,6.0,1.0,7.0,9.0,0.0,2.0,1.0,0.0,2025,Sevilla,6
2025-05-18,Sun,LaLiga,Home,W,3.0,2.0,Girona,,15.0,9.0,10.0,9.0,1.0,0.0,3.0,0.0,2025,Sociedad,6
2025-05-18,Sun,LaLiga,Home,L,0.0,1.0,Ath Bilbao,,6.0,2.0,10.0,16.0,3.0,0.0,1.0,0.0,2025,Valencia,6
2025-05-18,Sun,LaLiga,Home,L,0.0,1.0,Alaves,,7.0,1.0,12.0,24.0,0.0,0.0,2.0,0.0,2025,Valladolid,6
2025-05-18,Sun,LaLiga,Away,W,2.0,1.0,Celta,,7.0,2.0,17.0,10.0,3.0,0.0,2.0,0.0,2025,Vallecano,6
2025-05-18,Sun,LaLiga,Away,W,3.0,2.0,Barcelona,,7.0,3.0,9.0,14.0,0.0,0.0,2.0,0.0,2025,Villarreal,6
2025-05-23,Fri,LaLiga,Home,D,1.0,1.0,Valencia,,14.0,4.0,8.0,12.0,1.0,0.0,2.0,0.0,2025,Betis,4
2025-05-23,Fri,LaLiga,Away,D,1.0,1.0,Betis,,9.0,2.0,12.0,8.0,2.0,0.0,1.0,0.0,2025,Valencia,4
2025-05-24,Sat,LaLiga,Home,D,1.0,1.0,Osasuna,,14.0,5.0,15.0,6.0,2.0,0.0,2.0,0.0,2025,Alaves,5
2025-05-24,Sat,LaLiga,Away,W,2.0,1.0,Getafe,,15.0,8.0,10.0,13.0,4.0,0.0,3.0,1.0,2025,Celta,5
2025-05-24,Sat,LaLiga,Home,W,2.0,0.0,Las Palmas,,8.0,3.0,12.0,11.0,3.0,0.0,2.0,0.0,2025,Espanol,5
2025-05-24,Sat,LaLiga,Home,L,1.0,2.0,Celta,,6.0,1.0,13.0,10.0,3.0,1.0,4.0,0.0,2025,Getafe,5
2025-05-24,Sat,LaLiga,Away,L,0.0,2.0,Espanol,,10.0,4.0,11.0,12.0,2.0,0.0,3.0,0.0,2025,Las Palmas,5
2025-05-24,Sat,LaLiga,Home,W,3.0,0.0,Valladolid,,16.0,6.0,11.0,16.0,0.0,0.0,1.0,0.0,2025,Leganes,5
2025-05-24,Sat,LaLiga,Away,D,0.0,0.0,Vallecano,,9.0,2.0,14.0,9.0,2.0,0.0,2.0,0.0,2025,Mallorca,5
2025-05-24,Sat,LaLiga,Away,D,1.0,1.0,Alaves,,19.0,5.0,6.0,15.0,2.0,0.0,2.0,0.0,2025,Osasuna,5
2025-05-24,Sat,LaLiga,Home,W,2.0,0.0,Sociedad,,16.0,8.0,5.0,7.0,0.0,0.0,0.0,0.0,2025,Real Madrid,5
2025-05-24,Sat,LaLiga,Away,L,0.0,2.0,Real Madrid,,9.0,1.0,7.0,5.0,0.0,0.0,0.0,0.0,2025,Sociedad,5
2025-05-24,Sat,LaLiga,Away,L,0.0,3.0,Leganes,,6.0,2.0,16.0,11.0,1.0,0.0,0.0,0.0,2025,Valladolid,5
2025-05-24,Sat,LaLiga,Home,D,0.0,0.0,Mallorca,,27.0,8.0,9.0,14.0,2.0,0.0,2.0,0.0,2025,Vallecano,5
2025-05-25,Sun,LaLiga,Home,L,0.0,3.0,Barcelona,,10.0,1.0,21.0,10.0,1.0,0.0,0.0,0.0,2025,Ath Bilbao,6
2025-05-25,Sun,LaLiga,Away,W,4.0,0.0,Girona,,19.0,11.0,11.0,13.0,1.0,0.0,0.0,0.0,2025,Ath Madrid,6
2025-05-25,Sun,LaLiga,Away,W,3.0,0.0,Ath Bilbao,,13.0,4.0,10.0,21.0,0.0,0.0,1.0,0.0,2025,Barcelona,6
2025-05-25,Sun,LaLiga,Home,L,0.0,4.0,Ath Madrid,,2.0,1.0,13.0,11.0,0.0,0.0,1.0,0.0,2025,Girona,6
2025-05-25,Sun,LaLiga,Away,L,2.0,4.0,Villarreal,,17.0,6.0,14.0,8.0,1.0,0.0,0.0,0.0,2025,Sevilla,6
2025-05-25,Sun,LaLiga,Home,W,4.0,2.0,Sevilla,,12.0,7.0,8.0,14.0,0.0,0.0,1.0,0.0,2025,Villarreal,6
