actual_x,predicted_x,date,team_x,opponent_x,result_x,new_team_x,actual_y,predicted_y,team_y,opponent_y,result_y,new_team_y
0,0,2023-01-04,Atalanta,Spezia,D,Atalanta,0,0,Spezia,Atalanta,D,Spezia
1,0,2023-01-09,Atalanta,Bologna,W,Atalanta,0,0,Bologna,Atalanta,L,Bologna
1,0,2023-01-15,Atalanta,Salernitana,W,Atalanta,0,0,Salernitana,Atalanta,L,Salernitana
0,0,2023-01-22,Atalanta,Juventus,D,Atalanta,0,0,Juventus,Atalanta,D,Juventus
1,0,2023-01-28,Atalanta,Sampdoria,W,Atalanta,0,0,Sampdoria,Atalanta,L,Sampdoria
0,1,2023-02-04,Atalanta,Sassuolo,L,Atalanta,1,0,Sassuolo,Atalanta,W,Sassuolo
1,0,2023-02-11,Atalanta,Lazio,W,Atalanta,0,0,Lazio,Atalanta,L,Lazio
0,0,2023-02-19,Atalanta,Lecce,L,Atalanta,1,0,Lecce,Atalanta,W,Lecce
0,0,2023-02-26,Atalanta,Milan,L,Atalanta,1,0,Milan,Atalanta,W,Milan
0,1,2023-03-04,Atalanta,Udinese,D,Atalanta,0,0,Udinese,Atalanta,D,Udinese
0,0,2023-03-11,Atalanta,Napoli,L,Atalanta,1,0,Napoli,Atalanta,W,Napoli
1,0,2023-03-17,Atalanta,Empoli,W,Atalanta,0,0,Empoli,Atalanta,L,Empoli
1,0,2023-04-01,Atalanta,Cremonese,W,Atalanta,0,0,Cremonese,Atalanta,L,Cremonese
0,0,2023-04-08,Atalanta,Bologna,L,Atalanta,1,0,Bologna,Atalanta,W,Bologna
0,0,2023-04-17,Atalanta,Fiorentina,D,Atalanta,0,0,Fiorentina,Atalanta,D,Fiorentina
1,0,2023-04-24,Atalanta,Roma,W,Atalanta,0,0,Roma,Atalanta,L,Roma
1,0,2023-04-29,Atalanta,Torino,W,Atalanta,0,0,Torino,Atalanta,L,Torino
1,0,2023-05-03,Atalanta,Spezia,W,Atalanta,0,0,Spezia,Atalanta,L,Spezia
0,0,2023-05-07,Atalanta,Juventus,L,Atalanta,1,0,Juventus,Atalanta,W,Juventus
0,0,2023-05-13,Atalanta,Salernitana,L,Atalanta,1,0,Salernitana,Atalanta,W,Salernitana
1,0,2023-05-20,Atalanta,Verona,W,Atalanta,0,0,Verona,Atalanta,L,Verona
0,0,2023-05-27,Atalanta,Inter,L,Atalanta,1,0,Inter,Atalanta,W,Inter
1,0,2023-06-04,Atalanta,Monza,W,Atalanta,0,0,Monza,Atalanta,L,Monza
1,0,2023-08-20,Atalanta,Sassuolo,W,Atalanta,0,0,Sassuolo,Atalanta,L,Sassuolo
1,1,2023-09-02,Atalanta,Monza,W,Atalanta,0,0,Monza,Atalanta,L,Monza
0,0,2023-09-17,Atalanta,Fiorentina,L,Atalanta,1,0,Fiorentina,Atalanta,W,Fiorentina
1,0,2023-09-24,Atalanta,Cagliari,W,Atalanta,0,0,Cagliari,Atalanta,L,Cagliari
1,0,2023-09-27,Atalanta,Verona,W,Atalanta,0,0,Verona,Atalanta,L,Verona
0,0,2023-10-01,Atalanta,Juventus,D,Atalanta,0,0,Juventus,Atalanta,D,Juventus
0,0,2023-10-08,Atalanta,Lazio,L,Atalanta,1,0,Lazio,Atalanta,W,Lazio
1,0,2023-10-22,Atalanta,Genoa,W,Atalanta,0,0,Genoa,Atalanta,L,Genoa
1,0,2023-10-30,Atalanta,Empoli,W,Atalanta,0,0,Empoli,Atalanta,L,Empoli
0,0,2023-11-04,Atalanta,Inter,L,Atalanta,1,0,Inter,Atalanta,W,Inter
0,0,2023-11-12,Atalanta,Udinese,D,Atalanta,0,0,Udinese,Atalanta,D,Udinese
0,0,2023-11-25,Atalanta,Napoli,L,Atalanta,1,0,Napoli,Atalanta,W,Napoli
0,0,2023-12-04,Atalanta,Torino,L,Atalanta,1,0,Torino,Atalanta,W,Torino
1,0,2023-12-09,Atalanta,Milan,W,Atalanta,0,0,Milan,Atalanta,L,Milan
1,0,2023-12-18,Atalanta,Salernitana,W,Atalanta,0,0,Salernitana,Atalanta,L,Salernitana
0,0,2023-12-23,Atalanta,Bologna,L,Atalanta,1,0,Bologna,Atalanta,W,Bologna
1,0,2023-12-30,Atalanta,Lecce,W,Atalanta,0,0,Lecce,Atalanta,L,Lecce
0,0,2024-01-07,Atalanta,Roma,D,Atalanta,0,0,Roma,Atalanta,D,Roma
1,0,2024-01-15,Atalanta,Frosinone,W,Atalanta,0,0,Frosinone,Atalanta,L,Frosinone
1,1,2024-01-27,Atalanta,Udinese,W,Atalanta,0,0,Udinese,Atalanta,L,Udinese
1,0,2024-02-04,Atalanta,Lazio,W,Atalanta,0,0,Lazio,Atalanta,L,Lazio
1,1,2024-02-11,Atalanta,Genoa,W,Atalanta,0,0,Genoa,Atalanta,L,Genoa
1,1,2024-02-17,Atalanta,Sassuolo,W,Atalanta,0,0,Sassuolo,Atalanta,L,Sassuolo
0,1,2024-02-25,Atalanta,Milan,D,Atalanta,0,0,Milan,Atalanta,D,Milan
0,0,2024-02-28,Atalanta,Inter,L,Atalanta,1,0,Inter,Atalanta,W,Inter
0,0,2024-03-03,Atalanta,Bologna,L,Atalanta,1,0,Bologna,Atalanta,W,Bologna
0,0,2024-03-10,Atalanta,Juventus,D,Atalanta,0,0,Juventus,Atalanta,D,Juventus
1,0,2024-03-30,Atalanta,Napoli,W,Atalanta,0,0,Napoli,Atalanta,L,Napoli
0,0,2024-04-07,Atalanta,Cagliari,L,Atalanta,1,0,Cagliari,Atalanta,W,Cagliari
0,0,2024-04-15,Atalanta,Verona,D,Atalanta,0,0,Verona,Atalanta,D,Verona
1,0,2024-04-21,Atalanta,Monza,W,Atalanta,0,0,Monza,Atalanta,L,Monza
1,0,2024-04-28,Atalanta,Empoli,W,Atalanta,0,0,Empoli,Atalanta,L,Empoli
1,0,2024-05-06,Atalanta,Salernitana,W,Atalanta,0,0,Salernitana,Atalanta,L,Salernitana
1,0,2024-05-12,Atalanta,Roma,W,Atalanta,0,0,Roma,Atalanta,L,Roma
1,0,2024-05-18,Atalanta,Lecce,W,Atalanta,0,0,Lecce,Atalanta,L,Lecce
1,1,2024-05-26,Atalanta,Torino,W,Atalanta,0,0,Torino,Atalanta,L,Torino
0,1,2024-06-02,Atalanta,Fiorentina,L,Atalanta,1,0,Fiorentina,Atalanta,W,Fiorentina
1,0,2024-08-19,Atalanta,Lecce,W,Atalanta,0,0,Lecce,Atalanta,L,Lecce
0,0,2024-08-25,Atalanta,Torino,L,Atalanta,1,0,Torino,Atalanta,W,Torino
0,0,2024-08-30,Atalanta,Inter,L,Atalanta,1,0,Inter,Atalanta,W,Inter
1,0,2024-09-15,Atalanta,Fiorentina,W,Atalanta,0,0,Fiorentina,Atalanta,L,Fiorentina
0,0,2024-09-24,Atalanta,Como,L,Atalanta,1,0,Como,Atalanta,W,Como
0,0,2024-09-28,Atalanta,Bologna,D,Atalanta,0,0,Bologna,Atalanta,D,Bologna
1,0,2024-10-05,Atalanta,Genoa,W,Atalanta,0,0,Genoa,Atalanta,L,Genoa
1,1,2024-10-20,Atalanta,Venezia,W,Atalanta,0,0,Venezia,Atalanta,L,Venezia
1,1,2024-10-26,Atalanta,Verona,W,Atalanta,0,0,Verona,Atalanta,L,Verona
1,0,2024-10-30,Atalanta,Monza,W,Atalanta,0,0,Monza,Atalanta,L,Monza
1,0,2024-11-03,Atalanta,Napoli,W,Atalanta,0,0,Napoli,Atalanta,L,Napoli
1,1,2024-11-10,Atalanta,Udinese,W,Atalanta,0,0,Udinese,Atalanta,L,Udinese
1,0,2024-11-23,Atalanta,Parma,W,Atalanta,0,0,Parma,Atalanta,L,Parma
1,0,2024-12-02,Atalanta,Roma,W,Atalanta,0,0,Roma,Atalanta,L,Roma
1,0,2024-12-06,Atalanta,Milan,W,Atalanta,0,0,Milan,Atalanta,L,Milan
1,0,2024-12-14,Atalanta,Cagliari,W,Atalanta,0,0,Cagliari,Atalanta,L,Cagliari
1,0,2024-12-22,Atalanta,Empoli,W,Atalanta,0,0,Empoli,Atalanta,L,Empoli
0,0,2024-12-28,Atalanta,Lazio,D,Atalanta,0,0,Lazio,Atalanta,D,Lazio
0,0,2025-01-11,Atalanta,Udinese,D,Atalanta,0,0,Udinese,Atalanta,D,Udinese
0,0,2025-01-14,Atalanta,Juventus,D,Atalanta,0,0,Juventus,Atalanta,D,Juventus
0,0,2025-01-18,Atalanta,Napoli,L,Atalanta,1,0,Napoli,Atalanta,W,Napoli
1,0,2025-01-25,Atalanta,Como,W,Atalanta,0,0,Como,Atalanta,L,Como
0,0,2025-02-01,Atalanta,Torino,D,Atalanta,0,0,Torino,Atalanta,D,Torino
1,0,2025-02-08,Atalanta,Verona,W,Atalanta,0,0,Verona,Atalanta,L,Verona
0,1,2025-02-15,Atalanta,Cagliari,D,Atalanta,0,0,Cagliari,Atalanta,D,Cagliari
1,0,2025-02-23,Atalanta,Empoli,W,Atalanta,0,0,Empoli,Atalanta,L,Empoli
0,1,2025-03-01,Atalanta,Venezia,D,Atalanta,0,0,Venezia,Atalanta,D,Venezia
1,0,2025-03-09,Atalanta,Juventus,W,Atalanta,0,1,Juventus,Atalanta,L,Juventus
0,1,2025-03-16,Atalanta,Inter,L,Atalanta,1,0,Inter,Atalanta,W,Inter
0,0,2025-03-30,Atalanta,Fiorentina,L,Atalanta,1,0,Fiorentina,Atalanta,W,Fiorentina
0,0,2025-04-06,Atalanta,Lazio,L,Atalanta,1,0,Lazio,Atalanta,W,Lazio
1,0,2025-04-13,Atalanta,Bologna,W,Atalanta,0,0,Bologna,Atalanta,L,Bologna
1,0,2025-04-20,Atalanta,Milan,W,Atalanta,0,0,Milan,Atalanta,L,Milan
0,0,2025-04-27,Atalanta,Lecce,D,Atalanta,0,0,Lecce,Atalanta,D,Lecce
1,0,2025-05-04,Atalanta,Monza,W,Atalanta,0,0,Monza,Atalanta,L,Monza
1,0,2025-05-12,Atalanta,Roma,W,Atalanta,0,0,Roma,Atalanta,L,Roma
1,0,2025-05-17,Atalanta,Genoa,W,Atalanta,0,0,Genoa,Atalanta,L,Genoa
0,0,2025-05-25,Atalanta,Parma,L,Atalanta,1,0,Parma,Atalanta,W,Parma
0,0,2023-01-04,Bologna,Roma,L,Bologna,1,0,Roma,Bologna,W,Roma
0,0,2023-01-09,Bologna,Atalanta,L,Bologna,1,0,Atalanta,Bologna,W,Atalanta
1,0,2023-01-15,Bologna,Udinese,W,Bologna,0,0,Udinese,Bologna,L,Udinese
0,0,2023-01-23,Bologna,Cremonese,D,Bologna,0,0,Cremonese,Bologna,D,Cremonese
1,0,2023-01-27,Bologna,Spezia,W,Bologna,0,0,Spezia,Bologna,L,Spezia
1,0,2023-02-05,Bologna,Fiorentina,W,Bologna,0,0,Fiorentina,Bologna,L,Fiorentina
0,0,2023-02-12,Bologna,Monza,L,Bologna,1,0,Monza,Bologna,W,Monza
1,0,2023-02-18,Bologna,Sampdoria,W,Bologna,0,0,Sampdoria,Bologna,L,Sampdoria
1,0,2023-02-26,Bologna,Inter,W,Bologna,0,0,Inter,Bologna,L,Inter
0,0,2023-03-06,Bologna,Torino,L,Bologna,1,0,Torino,Bologna,W,Torino
0,0,2023-03-11,Bologna,Lazio,D,Bologna,0,0,Lazio,Bologna,D,Lazio
0,0,2023-03-18,Bologna,Salernitana,D,Bologna,0,0,Salernitana,Bologna,D,Salernitana
1,0,2023-04-02,Bologna,Udinese,W,Bologna,0,0,Udinese,Bologna,L,Udinese
1,0,2023-04-08,Bologna,Atalanta,W,Bologna,0,0,Atalanta,Bologna,L,Atalanta
0,0,2023-04-15,Bologna,Milan,D,Bologna,0,0,Milan,Bologna,D,Milan
0,0,2023-04-21,Bologna,Verona,L,Bologna,1,0,Verona,Bologna,W,Verona
0,0,2023-04-30,Bologna,Juventus,D,Bologna,0,0,Juventus,Bologna,D,Juventus
0,0,2023-05-04,Bologna,Empoli,L,Bologna,1,0,Empoli,Bologna,W,Empoli
0,0,2023-05-08,Bologna,Sassuolo,D,Bologna,0,0,Sassuolo,Bologna,D,Sassuolo
0,0,2023-05-14,Bologna,Roma,D,Bologna,0,0,Roma,Bologna,D,Roma
1,0,2023-05-20,Bologna,Cremonese,W,Bologna,0,0,Cremonese,Bologna,L,Cremonese
0,0,2023-05-28,Bologna,Napoli,D,Bologna,0,0,Napoli,Bologna,D,Napoli
1,0,2023-06-04,Bologna,Lecce,W,Bologna,0,0,Lecce,Bologna,L,Lecce
0,0,2023-08-21,Bologna,Milan,L,Bologna,1,0,Milan,Bologna,W,Milan
0,0,2023-08-27,Bologna,Juventus,D,Bologna,0,0,Juventus,Bologna,D,Juventus
1,0,2023-09-02,Bologna,Cagliari,W,Bologna,0,0,Cagliari,Bologna,L,Cagliari
0,0,2023-09-18,Bologna,Verona,D,Bologna,0,0,Verona,Bologna,D,Verona
0,0,2023-09-24,Bologna,Napoli,D,Bologna,0,0,Napoli,Bologna,D,Napoli
0,0,2023-09-28,Bologna,Monza,D,Bologna,0,0,Monza,Bologna,D,Monza
1,0,2023-10-01,Bologna,Empoli,W,Bologna,0,0,Empoli,Bologna,L,Empoli
0,0,2023-10-07,Bologna,Inter,D,Bologna,0,0,Inter,Bologna,D,Inter
1,0,2023-10-22,Bologna,Frosinone,W,Bologna,0,0,Frosinone,Bologna,L,Frosinone
0,0,2023-10-28,Bologna,Sassuolo,D,Bologna,0,0,Sassuolo,Bologna,D,Sassuolo
1,0,2023-11-03,Bologna,Lazio,W,Bologna,0,0,Lazio,Bologna,L,Lazio
0,0,2023-11-12,Bologna,Fiorentina,L,Bologna,1,0,Fiorentina,Bologna,W,Fiorentina
1,0,2023-11-27,Bologna,Torino,W,Bologna,0,0,Torino,Bologna,L,Torino
0,0,2023-12-03,Bologna,Lecce,D,Bologna,0,0,Lecce,Bologna,D,Lecce
1,0,2023-12-10,Bologna,Salernitana,W,Bologna,0,0,Salernitana,Bologna,L,Salernitana
1,0,2023-12-17,Bologna,Roma,W,Bologna,0,0,Roma,Bologna,L,Roma
1,0,2023-12-23,Bologna,Atalanta,W,Bologna,0,0,Atalanta,Bologna,L,Atalanta
0,0,2023-12-30,Bologna,Udinese,L,Bologna,1,0,Udinese,Bologna,W,Udinese
0,0,2024-01-05,Bologna,Genoa,D,Bologna,0,0,Genoa,Bologna,D,Genoa
0,0,2024-01-14,Bologna,Cagliari,L,Bologna,1,0,Cagliari,Bologna,W,Cagliari
0,0,2024-01-27,Bologna,Milan,D,Bologna,0,0,Milan,Bologna,D,Milan
1,0,2024-02-03,Bologna,Sassuolo,W,Bologna,0,0,Sassuolo,Bologna,L,Sassuolo
1,0,2024-02-11,Bologna,Lecce,W,Bologna,0,0,Lecce,Bologna,L,Lecce
1,0,2024-02-14,Bologna,Fiorentina,W,Bologna,0,0,Fiorentina,Bologna,L,Fiorentina
1,0,2024-02-18,Bologna,Lazio,W,Bologna,0,0,Lazio,Bologna,L,Lazio
1,1,2024-02-23,Bologna,Verona,W,Bologna,0,0,Verona,Bologna,L,Verona
1,0,2024-03-03,Bologna,Atalanta,W,Bologna,0,0,Atalanta,Bologna,L,Atalanta
0,0,2024-03-09,Bologna,Inter,L,Bologna,1,0,Inter,Bologna,W,Inter
1,0,2024-03-15,Bologna,Empoli,W,Bologna,0,0,Empoli,Bologna,L,Empoli
1,1,2024-04-01,Bologna,Salernitana,W,Bologna,0,0,Salernitana,Bologna,L,Salernitana
0,0,2024-04-07,Bologna,Frosinone,D,Bologna,0,0,Frosinone,Bologna,D,Frosinone
0,0,2024-04-13,Bologna,Monza,D,Bologna,0,0,Monza,Bologna,D,Monza
1,0,2024-04-22,Bologna,Roma,W,Bologna,0,0,Roma,Bologna,L,Roma
0,1,2024-04-28,Bologna,Udinese,D,Bologna,0,0,Udinese,Bologna,D,Udinese
0,0,2024-05-03,Bologna,Torino,D,Bologna,0,0,Torino,Bologna,D,Torino
1,0,2024-05-11,Bologna,Napoli,W,Bologna,0,0,Napoli,Bologna,L,Napoli
0,0,2024-05-20,Bologna,Juventus,D,Bologna,0,0,Juventus,Bologna,D,Juventus
0,0,2024-05-24,Bologna,Genoa,L,Bologna,1,0,Genoa,Bologna,W,Genoa
0,0,2024-08-18,Bologna,Udinese,D,Bologna,0,0,Udinese,Bologna,D,Udinese
0,0,2024-08-25,Bologna,Napoli,L,Bologna,1,0,Napoli,Bologna,W,Napoli
0,0,2024-08-31,Bologna,Empoli,D,Bologna,0,0,Empoli,Bologna,D,Empoli
0,0,2024-09-14,Bologna,Como,D,Bologna,0,0,Como,Bologna,D,Como
1,0,2024-09-22,Bologna,Monza,W,Bologna,0,0,Monza,Bologna,L,Monza
0,0,2024-09-28,Bologna,Atalanta,D,Bologna,0,0,Atalanta,Bologna,D,Atalanta
0,0,2024-10-06,Bologna,Parma,D,Bologna,0,0,Parma,Bologna,D,Parma
0,0,2024-10-19,Bologna,Genoa,D,Bologna,0,0,Genoa,Bologna,D,Genoa
1,0,2024-10-29,Bologna,Cagliari,W,Bologna,0,0,Cagliari,Bologna,L,Cagliari
1,0,2024-11-02,Bologna,Lecce,W,Bologna,0,0,Lecce,Bologna,L,Lecce
1,0,2024-11-10,Bologna,Roma,W,Bologna,0,0,Roma,Bologna,L,Roma
0,0,2024-11-24,Bologna,Lazio,L,Bologna,1,1,Lazio,Bologna,W,Lazio
1,0,2024-11-30,Bologna,Venezia,W,Bologna,0,0,Venezia,Bologna,L,Venezia
0,0,2024-12-07,Bologna,Juventus,D,Bologna,0,0,Juventus,Bologna,D,Juventus
1,0,2024-12-15,Bologna,Fiorentina,W,Bologna,0,0,Fiorentina,Bologna,L,Fiorentina
1,0,2024-12-21,Bologna,Torino,W,Bologna,0,0,Torino,Bologna,L,Torino
0,0,2024-12-30,Bologna,Verona,L,Bologna,1,0,Verona,Bologna,W,Verona
0,0,2025-01-12,Bologna,Roma,D,Bologna,0,0,Roma,Bologna,D,Roma
0,0,2025-01-15,Bologna,Inter,D,Bologna,0,1,Inter,Bologna,D,Inter
1,0,2025-01-18,Bologna,Monza,W,Bologna,0,0,Monza,Bologna,L,Monza
0,0,2025-01-25,Bologna,Empoli,D,Bologna,0,0,Empoli,Bologna,D,Empoli
1,0,2025-02-01,Bologna,Como,W,Bologna,0,0,Como,Bologna,L,Como
0,0,2025-02-09,Bologna,Lecce,D,Bologna,0,0,Lecce,Bologna,D,Lecce
1,0,2025-02-14,Bologna,Torino,W,Bologna,0,0,Torino,Bologna,L,Torino
0,0,2025-02-22,Bologna,Parma,L,Bologna,1,0,Parma,Bologna,W,Parma
1,0,2025-02-27,Bologna,Milan,W,Bologna,0,0,Milan,Bologna,L,Milan
1,0,2025-03-02,Bologna,Cagliari,W,Bologna,0,0,Cagliari,Bologna,L,Cagliari
1,0,2025-03-09,Bologna,Verona,W,Bologna,0,0,Verona,Bologna,L,Verona
1,0,2025-03-16,Bologna,Lazio,W,Bologna,0,0,Lazio,Bologna,L,Lazio
1,0,2025-03-29,Bologna,Venezia,W,Bologna,0,0,Venezia,Bologna,L,Venezia
0,0,2025-04-07,Bologna,Napoli,D,Bologna,0,0,Napoli,Bologna,D,Napoli
0,0,2025-04-13,Bologna,Atalanta,L,Bologna,1,0,Atalanta,Bologna,W,Atalanta
1,0,2025-04-20,Bologna,Inter,W,Bologna,0,0,Inter,Bologna,L,Inter
0,0,2025-04-28,Bologna,Udinese,D,Bologna,0,0,Udinese,Bologna,D,Udinese
0,0,2025-05-04,Bologna,Juventus,D,Bologna,0,0,Juventus,Bologna,D,Juventus
0,0,2025-05-09,Bologna,Milan,L,Bologna,1,0,Milan,Bologna,W,Milan
0,0,2025-05-18,Bologna,Fiorentina,L,Bologna,1,0,Fiorentina,Bologna,W,Fiorentina
0,0,2025-05-24,Bologna,Genoa,L,Bologna,1,0,Genoa,Bologna,W,Genoa
0,0,2023-08-21,Cagliari,Torino,D,Cagliari,0,0,Torino,Cagliari,D,Torino
0,0,2023-08-28,Cagliari,Inter,L,Cagliari,1,0,Inter,Cagliari,W,Inter
0,0,2023-09-02,Cagliari,Bologna,L,Cagliari,1,0,Bologna,Cagliari,W,Bologna
0,0,2023-09-17,Cagliari,Udinese,D,Cagliari,0,0,Udinese,Cagliari,D,Udinese
0,0,2023-09-24,Cagliari,Atalanta,L,Cagliari,1,0,Atalanta,Cagliari,W,Atalanta
0,0,2023-09-27,Cagliari,Milan,L,Cagliari,1,0,Milan,Cagliari,W,Milan
0,0,2023-10-02,Cagliari,Fiorentina,L,Cagliari,1,0,Fiorentina,Cagliari,W,Fiorentina
0,0,2023-10-08,Cagliari,Roma,L,Cagliari,1,0,Roma,Cagliari,W,Roma
0,0,2023-10-22,Cagliari,Salernitana,D,Cagliari,0,0,Salernitana,Cagliari,D,Salernitana
1,0,2023-10-29,Cagliari,Frosinone,W,Cagliari,0,0,Frosinone,Cagliari,L,Frosinone
1,0,2023-11-05,Cagliari,Genoa,W,Cagliari,0,0,Genoa,Cagliari,L,Genoa
0,0,2023-11-11,Cagliari,Juventus,L,Cagliari,1,0,Juventus,Cagliari,W,Juventus
0,0,2023-11-26,Cagliari,Monza,D,Cagliari,0,0,Monza,Cagliari,D,Monza
0,0,2023-12-02,Cagliari,Lazio,L,Cagliari,1,0,Lazio,Cagliari,W,Lazio
1,0,2023-12-11,Cagliari,Sassuolo,W,Cagliari,0,0,Sassuolo,Cagliari,L,Sassuolo
0,0,2023-12-16,Cagliari,Napoli,L,Cagliari,1,0,Napoli,Cagliari,W,Napoli
0,0,2023-12-23,Cagliari,Verona,L,Cagliari,1,0,Verona,Cagliari,W,Verona
0,0,2023-12-30,Cagliari,Empoli,D,Cagliari,0,0,Empoli,Cagliari,D,Empoli
0,0,2024-01-06,Cagliari,Lecce,D,Cagliari,0,0,Lecce,Cagliari,D,Lecce
1,0,2024-01-14,Cagliari,Bologna,W,Cagliari,0,0,Bologna,Cagliari,L,Bologna
0,0,2024-01-21,Cagliari,Frosinone,L,Cagliari,1,0,Frosinone,Cagliari,W,Frosinone
0,0,2024-01-26,Cagliari,Torino,L,Cagliari,1,0,Torino,Cagliari,W,Torino
0,0,2024-02-05,Cagliari,Roma,L,Cagliari,1,0,Roma,Cagliari,W,Roma
0,0,2024-02-10,Cagliari,Lazio,L,Cagliari,1,0,Lazio,Cagliari,W,Lazio
0,0,2024-02-18,Cagliari,Udinese,D,Cagliari,0,0,Udinese,Cagliari,D,Udinese
0,0,2024-02-25,Cagliari,Napoli,D,Cagliari,0,0,Napoli,Cagliari,D,Napoli
1,0,2024-03-03,Cagliari,Empoli,W,Cagliari,0,0,Empoli,Cagliari,L,Empoli
1,0,2024-03-09,Cagliari,Salernitana,W,Cagliari,0,0,Salernitana,Cagliari,L,Salernitana
0,0,2024-03-16,Cagliari,Monza,L,Cagliari,1,0,Monza,Cagliari,W,Monza
0,0,2024-04-01,Cagliari,Verona,D,Cagliari,0,0,Verona,Cagliari,D,Verona
1,0,2024-04-07,Cagliari,Atalanta,W,Cagliari,0,0,Atalanta,Cagliari,L,Atalanta
0,0,2024-04-14,Cagliari,Inter,D,Cagliari,0,1,Inter,Cagliari,D,Inter
0,0,2024-04-19,Cagliari,Juventus,D,Cagliari,0,0,Juventus,Cagliari,D,Juventus
0,0,2024-04-29,Cagliari,Genoa,L,Cagliari,1,0,Genoa,Cagliari,W,Genoa
0,0,2024-05-05,Cagliari,Lecce,D,Cagliari,0,0,Lecce,Cagliari,D,Lecce
0,0,2024-05-11,Cagliari,Milan,L,Cagliari,1,0,Milan,Cagliari,W,Milan
1,0,2024-05-19,Cagliari,Sassuolo,W,Cagliari,0,0,Sassuolo,Cagliari,L,Sassuolo
0,0,2024-05-23,Cagliari,Fiorentina,L,Cagliari,1,0,Fiorentina,Cagliari,W,Fiorentina
0,0,2024-08-18,Cagliari,Roma,D,Cagliari,0,0,Roma,Cagliari,D,Roma
0,0,2024-08-31,Cagliari,Lecce,L,Cagliari,1,0,Lecce,Cagliari,W,Lecce
0,0,2024-09-15,Cagliari,Napoli,L,Cagliari,1,0,Napoli,Cagliari,W,Napoli
0,0,2024-09-20,Cagliari,Empoli,L,Cagliari,1,0,Empoli,Cagliari,W,Empoli
1,0,2024-09-30,Cagliari,Parma,W,Cagliari,0,0,Parma,Cagliari,L,Parma
0,0,2024-10-06,Cagliari,Juventus,D,Cagliari,0,0,Juventus,Cagliari,D,Juventus
1,0,2024-10-20,Cagliari,Torino,W,Cagliari,0,0,Torino,Cagliari,L,Torino
0,0,2024-10-25,Cagliari,Udinese,L,Cagliari,1,0,Udinese,Cagliari,W,Udinese
0,0,2024-10-29,Cagliari,Bologna,L,Cagliari,1,0,Bologna,Cagliari,W,Bologna
0,0,2024-11-04,Cagliari,Lazio,L,Cagliari,1,0,Lazio,Cagliari,W,Lazio
0,0,2024-11-09,Cagliari,Milan,D,Cagliari,0,0,Milan,Cagliari,D,Milan
0,0,2024-11-24,Cagliari,Genoa,D,Cagliari,0,0,Genoa,Cagliari,D,Genoa
1,0,2024-11-29,Cagliari,Verona,W,Cagliari,0,0,Verona,Cagliari,L,Verona
0,0,2024-12-08,Cagliari,Fiorentina,L,Cagliari,1,0,Fiorentina,Cagliari,W,Fiorentina
0,0,2024-12-14,Cagliari,Atalanta,L,Cagliari,1,0,Atalanta,Cagliari,W,Atalanta
0,0,2024-12-22,Cagliari,Venezia,L,Cagliari,1,0,Venezia,Cagliari,W,Venezia
0,0,2024-12-28,Cagliari,Inter,L,Cagliari,1,0,Inter,Cagliari,W,Inter
1,0,2025-01-05,Cagliari,Monza,W,Cagliari,0,0,Monza,Cagliari,L,Monza
0,0,2025-01-11,Cagliari,Milan,D,Cagliari,0,1,Milan,Cagliari,D,Milan
1,0,2025-01-19,Cagliari,Lecce,W,Cagliari,0,0,Lecce,Cagliari,L,Lecce
0,0,2025-01-24,Cagliari,Torino,L,Cagliari,1,0,Torino,Cagliari,W,Torino
0,0,2025-02-03,Cagliari,Lazio,L,Cagliari,1,0,Lazio,Cagliari,W,Lazio
1,0,2025-02-09,Cagliari,Parma,W,Cagliari,0,0,Parma,Cagliari,L,Parma
0,0,2025-02-15,Cagliari,Atalanta,D,Cagliari,0,1,Atalanta,Cagliari,D,Atalanta
0,0,2025-02-23,Cagliari,Juventus,L,Cagliari,1,0,Juventus,Cagliari,W,Juventus
0,0,2025-03-02,Cagliari,Bologna,L,Cagliari,1,0,Bologna,Cagliari,W,Bologna
0,0,2025-03-07,Cagliari,Genoa,D,Cagliari,0,0,Genoa,Cagliari,D,Genoa
0,0,2025-03-16,Cagliari,Roma,L,Cagliari,1,1,Roma,Cagliari,W,Roma
1,0,2025-03-30,Cagliari,Monza,W,Cagliari,0,0,Monza,Cagliari,L,Monza
0,0,2025-04-06,Cagliari,Empoli,D,Cagliari,0,0,Empoli,Cagliari,D,Empoli
0,0,2025-04-12,Cagliari,Inter,L,Cagliari,1,0,Inter,Cagliari,W,Inter
0,0,2025-04-23,Cagliari,Fiorentina,L,Cagliari,1,0,Fiorentina,Cagliari,W,Fiorentina
1,0,2025-04-28,Cagliari,Verona,W,Cagliari,0,0,Verona,Cagliari,L,Verona
0,0,2025-05-03,Cagliari,Udinese,L,Cagliari,1,0,Udinese,Cagliari,W,Udinese
0,0,2025-05-10,Cagliari,Como,L,Cagliari,1,0,Como,Cagliari,W,Como
1,0,2025-05-18,Cagliari,Venezia,W,Cagliari,0,0,Venezia,Cagliari,L,Venezia
0,0,2025-05-23,Cagliari,Napoli,L,Cagliari,1,0,Napoli,Cagliari,W,Napoli
0,0,2024-09-14,Como,Bologna,D,Como,0,0,Bologna,Como,D,Bologna
1,0,2024-09-24,Como,Atalanta,W,Como,0,0,Atalanta,Como,L,Atalanta
1,1,2024-09-29,Como,Verona,W,Como,0,0,Verona,Como,L,Verona
0,0,2024-10-04,Como,Napoli,L,Como,1,0,Napoli,Como,W,Napoli
0,0,2024-10-19,Como,Parma,D,Como,0,0,Parma,Como,D,Parma
0,0,2024-10-25,Como,Torino,L,Como,1,0,Torino,Como,W,Torino
0,0,2024-10-31,Como,Lazio,L,Como,1,0,Lazio,Como,W,Lazio
0,0,2024-11-04,Como,Empoli,L,Como,1,0,Empoli,Como,W,Empoli
0,0,2024-11-07,Como,Genoa,D,Como,0,0,Genoa,Como,D,Genoa
0,0,2024-11-24,Como,Fiorentina,L,Como,1,0,Fiorentina,Como,W,Fiorentina
0,0,2024-11-30,Como,Monza,D,Como,0,0,Monza,Como,D,Monza
0,0,2024-12-08,Como,Venezia,D,Como,0,0,Venezia,Como,D,Venezia
1,0,2024-12-15,Como,Roma,W,Como,0,0,Roma,Como,L,Roma
0,0,2024-12-23,Como,Inter,L,Como,1,0,Inter,Como,W,Inter
1,0,2024-12-30,Como,Lecce,W,Como,0,0,Lecce,Como,L,Lecce
0,0,2025-01-10,Como,Lazio,D,Como,0,0,Lazio,Como,D,Lazio
0,0,2025-01-14,Como,Milan,L,Como,1,0,Milan,Como,W,Milan
1,0,2025-01-20,Como,Udinese,W,Como,0,0,Udinese,Como,L,Udinese
0,0,2025-01-25,Como,Atalanta,L,Como,1,0,Atalanta,Como,W,Atalanta
0,0,2025-02-01,Como,Bologna,L,Como,1,0,Bologna,Como,W,Bologna
0,0,2025-02-07,Como,Juventus,L,Como,1,0,Juventus,Como,W,Juventus
1,0,2025-02-16,Como,Fiorentina,W,Como,0,0,Fiorentina,Como,L,Fiorentina
1,0,2025-02-23,Como,Napoli,W,Como,0,0,Napoli,Como,L,Napoli
0,0,2025-03-02,Como,Roma,L,Como,1,0,Roma,Como,W,Roma
0,0,2025-03-08,Como,Venezia,D,Como,0,0,Venezia,Como,D,Venezia
0,0,2025-03-15,Como,Milan,L,Como,1,0,Milan,Como,W,Milan
0,0,2025-03-29,Como,Empoli,D,Como,0,0,Empoli,Como,D,Empoli
1,0,2025-04-05,Como,Monza,W,Como,0,0,Monza,Como,L,Monza
1,1,2025-04-13,Como,Torino,W,Como,0,0,Torino,Como,L,Torino
1,0,2025-04-19,Como,Lecce,W,Como,0,0,Lecce,Como,L,Lecce
1,1,2025-04-27,Como,Genoa,W,Como,0,0,Genoa,Como,L,Genoa
1,0,2025-05-03,Como,Parma,W,Como,0,0,Parma,Como,L,Parma
1,0,2025-05-10,Como,Cagliari,W,Como,0,0,Cagliari,Como,L,Cagliari
0,0,2025-05-18,Como,Verona,D,Como,0,0,Verona,Como,D,Verona
0,0,2025-05-23,Como,Inter,L,Como,1,0,Inter,Como,W,Inter
0,0,2023-01-04,Cremonese,Juventus,L,Cremonese,1,0,Juventus,Cremonese,W,Juventus
0,0,2023-01-09,Cremonese,Verona,L,Cremonese,1,0,Verona,Cremonese,W,Verona
0,0,2023-01-14,Cremonese,Monza,L,Cremonese,1,0,Monza,Cremonese,W,Monza
0,0,2023-01-23,Cremonese,Bologna,D,Cremonese,0,0,Bologna,Cremonese,D,Bologna
0,0,2023-01-28,Cremonese,Inter,L,Cremonese,1,0,Inter,Cremonese,W,Inter
0,0,2023-02-04,Cremonese,Lecce,L,Cremonese,1,0,Lecce,Cremonese,W,Lecce
0,0,2023-02-12,Cremonese,Napoli,L,Cremonese,1,0,Napoli,Cremonese,W,Napoli
0,0,2023-02-20,Cremonese,Torino,D,Cremonese,0,0,Torino,Cremonese,D,Torino
1,0,2023-02-28,Cremonese,Roma,W,Cremonese,0,0,Roma,Cremonese,L,Roma
0,0,2023-03-06,Cremonese,Sassuolo,L,Cremonese,1,0,Sassuolo,Cremonese,W,Sassuolo
0,0,2023-03-12,Cremonese,Fiorentina,L,Cremonese,1,0,Fiorentina,Cremonese,W,Fiorentina
0,0,2023-03-18,Cremonese,Monza,D,Cremonese,0,0,Monza,Cremonese,D,Monza
0,0,2023-04-01,Cremonese,Atalanta,L,Cremonese,1,0,Atalanta,Cremonese,W,Atalanta
1,0,2023-04-08,Cremonese,Sampdoria,W,Cremonese,0,0,Sampdoria,Cremonese,L,Sampdoria
1,0,2023-04-14,Cremonese,Empoli,W,Cremonese,0,0,Empoli,Cremonese,L,Empoli
0,0,2023-04-23,Cremonese,Udinese,L,Cremonese,1,0,Udinese,Cremonese,W,Udinese
0,0,2023-04-30,Cremonese,Verona,D,Cremonese,0,0,Verona,Cremonese,D,Verona
0,0,2023-05-03,Cremonese,Milan,D,Cremonese,0,0,Milan,Cremonese,D,Milan
1,0,2023-05-06,Cremonese,Spezia,W,Cremonese,0,0,Spezia,Cremonese,L,Spezia
0,0,2023-05-14,Cremonese,Juventus,L,Cremonese,1,0,Juventus,Cremonese,W,Juventus
0,0,2023-05-20,Cremonese,Bologna,L,Cremonese,1,0,Bologna,Cremonese,W,Bologna
0,0,2023-05-28,Cremonese,Lazio,L,Cremonese,1,0,Lazio,Cremonese,W,Lazio
1,0,2023-06-03,Cremonese,Salernitana,W,Cremonese,0,0,Salernitana,Cremonese,L,Salernitana
0,0,2023-01-04,Empoli,Udinese,D,Empoli,0,0,Udinese,Empoli,D,Udinese
0,0,2023-01-08,Empoli,Lazio,D,Empoli,0,0,Lazio,Empoli,D,Lazio
1,0,2023-01-16,Empoli,Sampdoria,W,Empoli,0,0,Sampdoria,Empoli,L,Sampdoria
1,0,2023-01-23,Empoli,Inter,W,Empoli,0,0,Inter,Empoli,L,Inter
0,0,2023-01-28,Empoli,Torino,D,Empoli,0,0,Torino,Empoli,D,Torino
0,0,2023-02-04,Empoli,Roma,L,Empoli,1,0,Roma,Empoli,W,Roma
0,0,2023-02-11,Empoli,Spezia,D,Empoli,0,0,Spezia,Empoli,D,Spezia
0,0,2023-02-19,Empoli,Fiorentina,D,Empoli,0,0,Fiorentina,Empoli,D,Fiorentina
0,0,2023-02-25,Empoli,Napoli,L,Empoli,1,1,Napoli,Empoli,W,Napoli
0,0,2023-03-04,Empoli,Monza,L,Empoli,1,0,Monza,Empoli,W,Monza
0,0,2023-03-11,Empoli,Udinese,L,Empoli,1,0,Udinese,Empoli,W,Udinese
0,0,2023-03-17,Empoli,Atalanta,L,Empoli,1,0,Atalanta,Empoli,W,Atalanta
1,0,2023-04-03,Empoli,Lecce,W,Empoli,0,0,Lecce,Empoli,L,Lecce
0,0,2023-04-07,Empoli,Milan,D,Empoli,0,0,Milan,Empoli,D,Milan
0,0,2023-04-14,Empoli,Cremonese,L,Empoli,1,0,Cremonese,Empoli,W,Cremonese
0,0,2023-04-23,Empoli,Inter,L,Empoli,1,1,Inter,Empoli,W,Inter
0,0,2023-04-30,Empoli,Sassuolo,L,Empoli,1,0,Sassuolo,Empoli,W,Sassuolo
1,0,2023-05-04,Empoli,Bologna,W,Empoli,0,0,Bologna,Empoli,L,Bologna
1,0,2023-05-08,Empoli,Salernitana,W,Empoli,0,0,Salernitana,Empoli,L,Salernitana
0,0,2023-05-15,Empoli,Sampdoria,D,Empoli,0,0,Sampdoria,Empoli,D,Sampdoria
1,0,2023-05-22,Empoli,Juventus,W,Empoli,0,0,Juventus,Empoli,L,Juventus
0,0,2023-05-28,Empoli,Verona,D,Empoli,0,0,Verona,Empoli,D,Verona
0,0,2023-06-03,Empoli,Lazio,L,Empoli,1,0,Lazio,Empoli,W,Lazio
0,0,2023-08-19,Empoli,Verona,L,Empoli,1,0,Verona,Empoli,W,Verona
0,0,2023-08-26,Empoli,Monza,L,Empoli,1,0,Monza,Empoli,W,Monza
0,0,2023-09-03,Empoli,Juventus,L,Empoli,1,0,Juventus,Empoli,W,Juventus
0,0,2023-09-17,Empoli,Roma,L,Empoli,1,0,Roma,Empoli,W,Roma
0,0,2023-09-24,Empoli,Inter,L,Empoli,1,1,Inter,Empoli,W,Inter
1,0,2023-09-27,Empoli,Salernitana,W,Empoli,0,0,Salernitana,Empoli,L,Salernitana
0,0,2023-10-01,Empoli,Bologna,L,Empoli,1,0,Bologna,Empoli,W,Bologna
0,0,2023-10-06,Empoli,Udinese,D,Empoli,0,0,Udinese,Empoli,D,Udinese
1,0,2023-10-23,Empoli,Fiorentina,W,Empoli,0,0,Fiorentina,Empoli,L,Fiorentina
0,0,2023-10-30,Empoli,Atalanta,L,Empoli,1,0,Atalanta,Empoli,W,Atalanta
0,0,2023-11-06,Empoli,Frosinone,L,Empoli,1,0,Frosinone,Empoli,W,Frosinone
1,0,2023-11-12,Empoli,Napoli,W,Empoli,0,1,Napoli,Empoli,L,Napoli
0,0,2023-11-26,Empoli,Sassuolo,L,Empoli,1,0,Sassuolo,Empoli,W,Sassuolo
0,0,2023-12-02,Empoli,Genoa,D,Empoli,0,0,Genoa,Empoli,D,Genoa
0,0,2023-12-11,Empoli,Lecce,D,Empoli,0,0,Lecce,Empoli,D,Lecce
0,0,2023-12-16,Empoli,Torino,L,Empoli,1,0,Torino,Empoli,W,Torino
0,0,2023-12-22,Empoli,Lazio,L,Empoli,1,0,Lazio,Empoli,W,Lazio
0,0,2023-12-30,Empoli,Cagliari,D,Empoli,0,0,Cagliari,Empoli,D,Cagliari
0,0,2024-01-07,Empoli,Milan,L,Empoli,1,1,Milan,Empoli,W,Milan
0,0,2024-01-13,Empoli,Verona,L,Empoli,1,0,Verona,Empoli,W,Verona
1,0,2024-01-21,Empoli,Monza,W,Empoli,0,0,Monza,Empoli,L,Monza
0,0,2024-01-27,Empoli,Juventus,D,Empoli,0,1,Juventus,Empoli,D,Juventus
0,0,2024-02-03,Empoli,Genoa,D,Empoli,0,0,Genoa,Empoli,D,Genoa
1,0,2024-02-09,Empoli,Salernitana,W,Empoli,0,0,Salernitana,Empoli,L,Salernitana
0,0,2024-02-18,Empoli,Fiorentina,D,Empoli,0,0,Fiorentina,Empoli,D,Fiorentina
1,0,2024-02-24,Empoli,Sassuolo,W,Empoli,0,0,Sassuolo,Empoli,L,Sassuolo
0,0,2024-03-03,Empoli,Cagliari,L,Empoli,1,0,Cagliari,Empoli,W,Cagliari
0,0,2024-03-10,Empoli,Milan,L,Empoli,1,0,Milan,Empoli,W,Milan
0,0,2024-03-15,Empoli,Bologna,L,Empoli,1,0,Bologna,Empoli,W,Bologna
0,0,2024-04-01,Empoli,Inter,L,Empoli,1,0,Inter,Empoli,W,Inter
1,0,2024-04-06,Empoli,Torino,W,Empoli,0,0,Torino,Empoli,L,Torino
0,0,2024-04-13,Empoli,Lecce,L,Empoli,1,0,Lecce,Empoli,W,Lecce
1,0,2024-04-20,Empoli,Napoli,W,Empoli,0,0,Napoli,Empoli,L,Napoli
0,0,2024-04-28,Empoli,Atalanta,L,Empoli,1,0,Atalanta,Empoli,W,Atalanta
0,0,2024-05-05,Empoli,Frosinone,D,Empoli,0,0,Frosinone,Empoli,D,Frosinone
0,0,2024-05-12,Empoli,Lazio,L,Empoli,1,0,Lazio,Empoli,W,Lazio
0,0,2024-05-19,Empoli,Udinese,D,Empoli,0,0,Udinese,Empoli,D,Udinese
1,0,2024-05-26,Empoli,Roma,W,Empoli,0,0,Roma,Empoli,L,Roma
0,0,2024-08-17,Empoli,Monza,D,Empoli,0,0,Monza,Empoli,D,Monza
1,0,2024-08-25,Empoli,Roma,W,Empoli,0,0,Roma,Empoli,L,Roma
0,0,2024-08-31,Empoli,Bologna,D,Empoli,0,0,Bologna,Empoli,D,Bologna
0,0,2024-09-14,Empoli,Juventus,D,Empoli,0,0,Juventus,Empoli,D,Juventus
1,0,2024-09-20,Empoli,Cagliari,W,Empoli,0,0,Cagliari,Empoli,L,Cagliari
0,0,2024-09-29,Empoli,Fiorentina,D,Empoli,0,0,Fiorentina,Empoli,D,Fiorentina
0,0,2024-10-06,Empoli,Lazio,L,Empoli,1,0,Lazio,Empoli,W,Lazio
0,0,2024-10-20,Empoli,Napoli,L,Empoli,1,0,Napoli,Empoli,W,Napoli
0,0,2024-10-27,Empoli,Parma,D,Empoli,0,0,Parma,Empoli,D,Parma
0,0,2024-10-30,Empoli,Inter,L,Empoli,1,1,Inter,Empoli,W,Inter
1,0,2024-11-04,Empoli,Como,W,Empoli,0,0,Como,Empoli,L,Como
0,0,2024-11-08,Empoli,Lecce,D,Empoli,0,0,Lecce,Empoli,D,Lecce
0,0,2024-11-25,Empoli,Udinese,D,Empoli,0,0,Udinese,Empoli,D,Udinese
0,0,2024-11-30,Empoli,Milan,L,Empoli,1,0,Milan,Empoli,W,Milan
1,0,2024-12-08,Empoli,Verona,W,Empoli,0,0,Verona,Empoli,L,Verona
0,0,2024-12-13,Empoli,Torino,L,Empoli,1,0,Torino,Empoli,W,Torino
0,0,2024-12-22,Empoli,Atalanta,L,Empoli,1,0,Atalanta,Empoli,W,Atalanta
0,0,2024-12-28,Empoli,Genoa,L,Empoli,1,0,Genoa,Empoli,W,Genoa
0,0,2025-01-04,Empoli,Venezia,D,Empoli,0,0,Venezia,Empoli,D,Venezia
0,0,2025-01-11,Empoli,Lecce,L,Empoli,1,0,Lecce,Empoli,W,Lecce
0,0,2025-01-19,Empoli,Inter,L,Empoli,1,0,Inter,Empoli,W,Inter
0,0,2025-01-25,Empoli,Bologna,D,Empoli,0,0,Bologna,Empoli,D,Bologna
0,0,2025-02-02,Empoli,Juventus,L,Empoli,1,0,Juventus,Empoli,W,Juventus
0,0,2025-02-08,Empoli,Milan,L,Empoli,1,0,Milan,Empoli,W,Milan
0,0,2025-02-16,Empoli,Udinese,L,Empoli,1,0,Udinese,Empoli,W,Udinese
0,0,2025-02-23,Empoli,Atalanta,L,Empoli,1,0,Atalanta,Empoli,W,Atalanta
0,0,2025-03-02,Empoli,Genoa,D,Empoli,0,0,Genoa,Empoli,D,Genoa
0,0,2025-03-09,Empoli,Roma,L,Empoli,1,0,Roma,Empoli,W,Roma
0,0,2025-03-15,Empoli,Torino,L,Empoli,1,0,Torino,Empoli,W,Torino
0,0,2025-03-29,Empoli,Como,D,Empoli,0,0,Como,Empoli,D,Como
0,0,2025-04-06,Empoli,Cagliari,D,Empoli,0,0,Cagliari,Empoli,D,Cagliari
0,0,2025-04-14,Empoli,Napoli,L,Empoli,1,0,Napoli,Empoli,W,Napoli
0,0,2025-04-20,Empoli,Venezia,D,Empoli,0,0,Venezia,Empoli,D,Venezia
0,0,2025-04-27,Empoli,Fiorentina,L,Empoli,1,0,Fiorentina,Empoli,W,Fiorentina
0,0,2025-05-04,Empoli,Lazio,L,Empoli,1,0,Lazio,Empoli,W,Lazio
1,0,2025-05-10,Empoli,Parma,W,Empoli,0,0,Parma,Empoli,L,Parma
1,0,2025-05-18,Empoli,Monza,W,Empoli,0,0,Monza,Empoli,L,Monza
0,0,2025-05-25,Empoli,Verona,L,Empoli,1,0,Verona,Empoli,W,Verona
0,0,2023-01-04,Fiorentina,Monza,D,Fiorentina,0,0,Monza,Fiorentina,D,Monza
1,1,2023-01-07,Fiorentina,Sassuolo,W,Fiorentina,0,0,Sassuolo,Fiorentina,L,Sassuolo
0,0,2023-01-15,Fiorentina,Roma,L,Fiorentina,1,0,Roma,Fiorentina,W,Roma
0,0,2023-01-21,Fiorentina,Torino,L,Fiorentina,1,0,Torino,Fiorentina,W,Torino
0,0,2023-01-29,Fiorentina,Lazio,D,Fiorentina,0,0,Lazio,Fiorentina,D,Lazio
0,0,2023-02-05,Fiorentina,Bologna,L,Fiorentina,1,0,Bologna,Fiorentina,W,Bologna
0,0,2023-02-12,Fiorentina,Juventus,L,Fiorentina,1,1,Juventus,Fiorentina,W,Juventus
0,0,2023-02-19,Fiorentina,Empoli,D,Fiorentina,0,0,Empoli,Fiorentina,D,Empoli
1,0,2023-02-27,Fiorentina,Verona,W,Fiorentina,0,0,Verona,Fiorentina,L,Verona
1,0,2023-03-04,Fiorentina,Milan,W,Fiorentina,0,0,Milan,Fiorentina,L,Milan
1,0,2023-03-12,Fiorentina,Cremonese,W,Fiorentina,0,0,Cremonese,Fiorentina,L,Cremonese
1,0,2023-03-19,Fiorentina,Lecce,W,Fiorentina,0,0,Lecce,Fiorentina,L,Lecce
1,0,2023-04-01,Fiorentina,Inter,W,Fiorentina,0,0,Inter,Fiorentina,L,Inter
0,0,2023-04-08,Fiorentina,Spezia,D,Fiorentina,0,0,Spezia,Fiorentina,D,Spezia
0,0,2023-04-17,Fiorentina,Atalanta,D,Fiorentina,0,0,Atalanta,Fiorentina,D,Atalanta
0,0,2023-04-23,Fiorentina,Monza,L,Fiorentina,1,0,Monza,Fiorentina,W,Monza
1,0,2023-04-30,Fiorentina,Sampdoria,W,Fiorentina,0,0,Sampdoria,Fiorentina,L,Sampdoria
0,0,2023-05-03,Fiorentina,Salernitana,D,Fiorentina,0,0,Salernitana,Fiorentina,D,Salernitana
0,0,2023-05-07,Fiorentina,Napoli,L,Fiorentina,1,0,Napoli,Fiorentina,W,Napoli
1,1,2023-05-14,Fiorentina,Udinese,W,Fiorentina,0,0,Udinese,Fiorentina,L,Udinese
0,0,2023-05-21,Fiorentina,Torino,D,Fiorentina,0,0,Torino,Fiorentina,D,Torino
1,0,2023-05-27,Fiorentina,Roma,W,Fiorentina,0,0,Roma,Fiorentina,L,Roma
1,0,2023-06-02,Fiorentina,Sassuolo,W,Fiorentina,0,0,Sassuolo,Fiorentina,L,Sassuolo
1,0,2023-08-19,Fiorentina,Genoa,W,Fiorentina,0,0,Genoa,Fiorentina,L,Genoa
0,0,2023-08-27,Fiorentina,Lecce,D,Fiorentina,0,0,Lecce,Fiorentina,D,Lecce
0,0,2023-09-03,Fiorentina,Inter,L,Fiorentina,1,0,Inter,Fiorentina,W,Inter
1,0,2023-09-17,Fiorentina,Atalanta,W,Fiorentina,0,0,Atalanta,Fiorentina,L,Atalanta
1,0,2023-09-24,Fiorentina,Udinese,W,Fiorentina,0,0,Udinese,Fiorentina,L,Udinese
0,0,2023-09-28,Fiorentina,Frosinone,D,Fiorentina,0,0,Frosinone,Fiorentina,D,Frosinone
1,0,2023-10-02,Fiorentina,Cagliari,W,Fiorentina,0,0,Cagliari,Fiorentina,L,Cagliari
1,0,2023-10-08,Fiorentina,Napoli,W,Fiorentina,0,1,Napoli,Fiorentina,L,Napoli
0,0,2023-10-23,Fiorentina,Empoli,L,Fiorentina,1,0,Empoli,Fiorentina,W,Empoli
0,0,2023-10-30,Fiorentina,Lazio,L,Fiorentina,1,0,Lazio,Fiorentina,W,Lazio
0,0,2023-11-05,Fiorentina,Juventus,L,Fiorentina,1,1,Juventus,Fiorentina,W,Juventus
1,0,2023-11-12,Fiorentina,Bologna,W,Fiorentina,0,0,Bologna,Fiorentina,L,Bologna
0,0,2023-11-25,Fiorentina,Milan,L,Fiorentina,1,0,Milan,Fiorentina,W,Milan
1,0,2023-12-03,Fiorentina,Salernitana,W,Fiorentina,0,0,Salernitana,Fiorentina,L,Salernitana
0,0,2023-12-10,Fiorentina,Roma,D,Fiorentina,0,0,Roma,Fiorentina,D,Roma
1,1,2023-12-17,Fiorentina,Verona,W,Fiorentina,0,0,Verona,Fiorentina,L,Verona
1,0,2023-12-22,Fiorentina,Monza,W,Fiorentina,0,0,Monza,Fiorentina,L,Monza
1,0,2023-12-29,Fiorentina,Torino,W,Fiorentina,0,0,Torino,Fiorentina,L,Torino
0,0,2024-01-06,Fiorentina,Sassuolo,L,Fiorentina,1,0,Sassuolo,Fiorentina,W,Sassuolo
0,0,2024-01-14,Fiorentina,Udinese,D,Fiorentina,0,0,Udinese,Fiorentina,D,Udinese
0,0,2024-01-28,Fiorentina,Inter,L,Fiorentina,1,0,Inter,Fiorentina,W,Inter
0,0,2024-02-02,Fiorentina,Lecce,L,Fiorentina,1,0,Lecce,Fiorentina,W,Lecce
1,0,2024-02-11,Fiorentina,Frosinone,W,Fiorentina,0,0,Frosinone,Fiorentina,L,Frosinone
0,0,2024-02-14,Fiorentina,Bologna,L,Fiorentina,1,0,Bologna,Fiorentina,W,Bologna
0,0,2024-02-18,Fiorentina,Empoli,D,Fiorentina,0,0,Empoli,Fiorentina,D,Empoli
1,0,2024-02-26,Fiorentina,Lazio,W,Fiorentina,0,0,Lazio,Fiorentina,L,Lazio
0,0,2024-03-02,Fiorentina,Torino,D,Fiorentina,0,0,Torino,Fiorentina,D,Torino
0,0,2024-03-10,Fiorentina,Roma,D,Fiorentina,0,0,Roma,Fiorentina,D,Roma
0,0,2024-03-30,Fiorentina,Milan,L,Fiorentina,1,0,Milan,Fiorentina,W,Milan
0,0,2024-04-07,Fiorentina,Juventus,L,Fiorentina,1,0,Juventus,Fiorentina,W,Juventus
0,0,2024-04-15,Fiorentina,Genoa,D,Fiorentina,0,0,Genoa,Fiorentina,D,Genoa
1,0,2024-04-21,Fiorentina,Salernitana,W,Fiorentina,0,0,Salernitana,Fiorentina,L,Salernitana
1,0,2024-04-28,Fiorentina,Sassuolo,W,Fiorentina,0,0,Sassuolo,Fiorentina,L,Sassuolo
0,1,2024-05-05,Fiorentina,Verona,L,Fiorentina,1,0,Verona,Fiorentina,W,Verona
1,0,2024-05-13,Fiorentina,Monza,W,Fiorentina,0,0,Monza,Fiorentina,L,Monza
0,0,2024-05-17,Fiorentina,Napoli,D,Fiorentina,0,0,Napoli,Fiorentina,D,Napoli
1,0,2024-05-23,Fiorentina,Cagliari,W,Fiorentina,0,0,Cagliari,Fiorentina,L,Cagliari
1,0,2024-06-02,Fiorentina,Atalanta,W,Fiorentina,0,1,Atalanta,Fiorentina,L,Atalanta
0,0,2024-08-17,Fiorentina,Parma,D,Fiorentina,0,0,Parma,Fiorentina,D,Parma
0,0,2024-08-25,Fiorentina,Venezia,D,Fiorentina,0,0,Venezia,Fiorentina,D,Venezia
0,0,2024-09-01,Fiorentina,Monza,D,Fiorentina,0,0,Monza,Fiorentina,D,Monza
0,0,2024-09-15,Fiorentina,Atalanta,L,Fiorentina,1,0,Atalanta,Fiorentina,W,Atalanta
1,0,2024-09-22,Fiorentina,Lazio,W,Fiorentina,0,0,Lazio,Fiorentina,L,Lazio
0,0,2024-09-29,Fiorentina,Empoli,D,Fiorentina,0,0,Empoli,Fiorentina,D,Empoli
1,0,2024-10-06,Fiorentina,Milan,W,Fiorentina,0,1,Milan,Fiorentina,L,Milan
1,0,2024-10-20,Fiorentina,Lecce,W,Fiorentina,0,0,Lecce,Fiorentina,L,Lecce
1,0,2024-10-27,Fiorentina,Roma,W,Fiorentina,0,0,Roma,Fiorentina,L,Roma
1,0,2024-10-31,Fiorentina,Genoa,W,Fiorentina,0,0,Genoa,Fiorentina,L,Genoa
1,1,2024-11-03,Fiorentina,Torino,W,Fiorentina,0,0,Torino,Fiorentina,L,Torino
1,1,2024-11-10,Fiorentina,Verona,W,Fiorentina,0,0,Verona,Fiorentina,L,Verona
1,0,2024-11-24,Fiorentina,Como,W,Fiorentina,0,0,Como,Fiorentina,L,Como
1,0,2024-12-08,Fiorentina,Cagliari,W,Fiorentina,0,0,Cagliari,Fiorentina,L,Cagliari
0,0,2024-12-15,Fiorentina,Bologna,L,Fiorentina,1,0,Bologna,Fiorentina,W,Bologna
0,0,2024-12-23,Fiorentina,Udinese,L,Fiorentina,1,0,Udinese,Fiorentina,W,Udinese
0,0,2024-12-29,Fiorentina,Juventus,D,Fiorentina,0,0,Juventus,Fiorentina,D,Juventus
0,0,2025-01-04,Fiorentina,Napoli,L,Fiorentina,1,0,Napoli,Fiorentina,W,Napoli
0,0,2025-01-13,Fiorentina,Monza,L,Fiorentina,1,0,Monza,Fiorentina,W,Monza
0,0,2025-01-19,Fiorentina,Torino,D,Fiorentina,0,0,Torino,Fiorentina,D,Torino
1,0,2025-01-26,Fiorentina,Lazio,W,Fiorentina,0,0,Lazio,Fiorentina,L,Lazio
1,0,2025-02-02,Fiorentina,Genoa,W,Fiorentina,0,0,Genoa,Fiorentina,L,Genoa
1,0,2025-02-06,Fiorentina,Inter,W,Fiorentina,0,0,Inter,Fiorentina,L,Inter
0,0,2025-02-10,Fiorentina,Inter,L,Fiorentina,1,0,Inter,Fiorentina,W,Inter
0,0,2025-02-16,Fiorentina,Como,L,Fiorentina,1,0,Como,Fiorentina,W,Como
0,0,2025-02-23,Fiorentina,Verona,L,Fiorentina,1,0,Verona,Fiorentina,W,Verona
1,0,2025-02-28,Fiorentina,Lecce,W,Fiorentina,0,0,Lecce,Fiorentina,L,Lecce
0,0,2025-03-09,Fiorentina,Napoli,L,Fiorentina,1,0,Napoli,Fiorentina,W,Napoli
1,0,2025-03-16,Fiorentina,Juventus,W,Fiorentina,0,0,Juventus,Fiorentina,L,Juventus
1,0,2025-03-30,Fiorentina,Atalanta,W,Fiorentina,0,0,Atalanta,Fiorentina,L,Atalanta
0,0,2025-04-05,Fiorentina,Milan,D,Fiorentina,0,0,Milan,Fiorentina,D,Milan
0,0,2025-04-13,Fiorentina,Parma,D,Fiorentina,0,0,Parma,Fiorentina,D,Parma
1,0,2025-04-23,Fiorentina,Cagliari,W,Fiorentina,0,0,Cagliari,Fiorentina,L,Cagliari
1,0,2025-04-27,Fiorentina,Empoli,W,Fiorentina,0,0,Empoli,Fiorentina,L,Empoli
0,0,2025-05-04,Fiorentina,Roma,L,Fiorentina,1,0,Roma,Fiorentina,W,Roma
0,0,2025-05-12,Fiorentina,Venezia,L,Fiorentina,1,0,Venezia,Fiorentina,W,Venezia
1,0,2025-05-18,Fiorentina,Bologna,W,Fiorentina,0,0,Bologna,Fiorentina,L,Bologna
1,0,2025-05-25,Fiorentina,Udinese,W,Fiorentina,0,0,Udinese,Fiorentina,L,Udinese
1,0,2023-09-17,Frosinone,Sassuolo,W,Frosinone,0,0,Sassuolo,Frosinone,L,Sassuolo
0,0,2023-09-22,Frosinone,Salernitana,D,Frosinone,0,0,Salernitana,Frosinone,D,Salernitana
0,0,2023-09-28,Frosinone,Fiorentina,D,Frosinone,0,0,Fiorentina,Frosinone,D,Fiorentina
0,0,2023-10-01,Frosinone,Roma,L,Frosinone,1,0,Roma,Frosinone,W,Roma
1,0,2023-10-08,Frosinone,Verona,W,Frosinone,0,0,Verona,Frosinone,L,Verona
0,0,2023-10-22,Frosinone,Bologna,L,Frosinone,1,0,Bologna,Frosinone,W,Bologna
0,0,2023-10-29,Frosinone,Cagliari,L,Frosinone,1,0,Cagliari,Frosinone,W,Cagliari
1,0,2023-11-06,Frosinone,Empoli,W,Frosinone,0,0,Empoli,Frosinone,L,Empoli
0,0,2023-11-12,Frosinone,Inter,L,Frosinone,1,0,Inter,Frosinone,W,Inter
1,0,2023-11-26,Frosinone,Genoa,W,Frosinone,0,0,Genoa,Frosinone,L,Genoa
0,0,2023-12-02,Frosinone,Milan,L,Frosinone,1,0,Milan,Frosinone,W,Milan
0,0,2023-12-10,Frosinone,Torino,D,Frosinone,0,0,Torino,Frosinone,D,Torino
0,0,2023-12-16,Frosinone,Lecce,L,Frosinone,1,0,Lecce,Frosinone,W,Lecce
0,0,2023-12-23,Frosinone,Juventus,L,Frosinone,1,0,Juventus,Frosinone,W,Juventus
0,0,2023-12-29,Frosinone,Lazio,L,Frosinone,1,0,Lazio,Frosinone,W,Lazio
0,0,2024-01-06,Frosinone,Monza,L,Frosinone,1,0,Monza,Frosinone,W,Monza
0,0,2024-01-15,Frosinone,Atalanta,L,Frosinone,1,0,Atalanta,Frosinone,W,Atalanta
1,0,2024-01-21,Frosinone,Cagliari,W,Frosinone,0,0,Cagliari,Frosinone,L,Cagliari
0,0,2024-01-28,Frosinone,Verona,D,Frosinone,0,0,Verona,Frosinone,D,Verona
0,0,2024-02-03,Frosinone,Milan,L,Frosinone,1,0,Milan,Frosinone,W,Milan
0,0,2024-02-11,Frosinone,Fiorentina,L,Frosinone,1,0,Fiorentina,Frosinone,W,Fiorentina
0,0,2024-02-18,Frosinone,Roma,L,Frosinone,1,0,Roma,Frosinone,W,Roma
0,0,2024-02-25,Frosinone,Juventus,L,Frosinone,1,0,Juventus,Frosinone,W,Juventus
0,0,2024-03-03,Frosinone,Lecce,D,Frosinone,0,0,Lecce,Frosinone,D,Lecce
0,0,2024-03-09,Frosinone,Sassuolo,L,Frosinone,1,0,Sassuolo,Frosinone,W,Sassuolo
0,0,2024-03-16,Frosinone,Lazio,L,Frosinone,1,0,Lazio,Frosinone,W,Lazio
0,0,2024-03-30,Frosinone,Genoa,D,Frosinone,0,0,Genoa,Frosinone,D,Genoa
0,0,2024-04-07,Frosinone,Bologna,D,Frosinone,0,0,Bologna,Frosinone,D,Bologna
0,0,2024-04-14,Frosinone,Napoli,D,Frosinone,0,0,Napoli,Frosinone,D,Napoli
0,0,2024-04-21,Frosinone,Torino,D,Frosinone,0,0,Torino,Frosinone,D,Torino
1,0,2024-04-26,Frosinone,Salernitana,W,Frosinone,0,0,Salernitana,Frosinone,L,Salernitana
0,0,2024-05-05,Frosinone,Empoli,D,Frosinone,0,0,Empoli,Frosinone,D,Empoli
0,0,2024-05-10,Frosinone,Inter,L,Frosinone,1,0,Inter,Frosinone,W,Inter
1,0,2024-05-19,Frosinone,Monza,W,Frosinone,0,0,Monza,Frosinone,L,Monza
0,0,2024-05-26,Frosinone,Udinese,L,Frosinone,1,0,Udinese,Frosinone,W,Udinese
0,0,2023-08-19,Genoa,Fiorentina,L,Genoa,1,0,Fiorentina,Genoa,W,Fiorentina
1,0,2023-08-27,Genoa,Lazio,W,Genoa,0,1,Lazio,Genoa,L,Lazio
0,0,2023-09-03,Genoa,Torino,L,Genoa,1,0,Torino,Genoa,W,Torino
0,0,2023-09-16,Genoa,Napoli,D,Genoa,0,1,Napoli,Genoa,D,Napoli
0,0,2023-09-22,Genoa,Lecce,L,Genoa,1,0,Lecce,Genoa,W,Lecce
1,0,2023-09-28,Genoa,Roma,W,Genoa,0,0,Roma,Genoa,L,Roma
0,0,2023-10-01,Genoa,Udinese,D,Genoa,0,0,Udinese,Genoa,D,Udinese
0,0,2023-10-07,Genoa,Milan,L,Genoa,1,0,Milan,Genoa,W,Milan
0,0,2023-10-22,Genoa,Atalanta,L,Genoa,1,0,Atalanta,Genoa,W,Atalanta
1,0,2023-10-27,Genoa,Salernitana,W,Genoa,0,0,Salernitana,Genoa,L,Salernitana
0,0,2023-11-05,Genoa,Cagliari,L,Genoa,1,0,Cagliari,Genoa,W,Cagliari
1,0,2023-11-10,Genoa,Verona,W,Genoa,0,0,Verona,Genoa,L,Verona
0,0,2023-11-26,Genoa,Frosinone,L,Genoa,1,0,Frosinone,Genoa,W,Frosinone
0,0,2023-12-02,Genoa,Empoli,D,Genoa,0,0,Empoli,Genoa,D,Empoli
0,0,2023-12-10,Genoa,Monza,L,Genoa,1,0,Monza,Genoa,W,Monza
0,0,2023-12-15,Genoa,Juventus,D,Genoa,0,0,Juventus,Genoa,D,Juventus
1,0,2023-12-22,Genoa,Sassuolo,W,Genoa,0,0,Sassuolo,Genoa,L,Sassuolo
0,0,2023-12-29,Genoa,Inter,D,Genoa,0,1,Inter,Genoa,D,Inter
0,0,2024-01-05,Genoa,Bologna,D,Genoa,0,0,Bologna,Genoa,D,Bologna
0,0,2024-01-13,Genoa,Torino,D,Genoa,0,0,Torino,Genoa,D,Torino
1,0,2024-01-21,Genoa,Salernitana,W,Genoa,0,0,Salernitana,Genoa,L,Salernitana
1,0,2024-01-28,Genoa,Lecce,W,Genoa,0,0,Lecce,Genoa,L,Lecce
0,0,2024-02-03,Genoa,Empoli,D,Genoa,0,0,Empoli,Genoa,D,Empoli
0,0,2024-02-11,Genoa,Atalanta,L,Genoa,1,1,Atalanta,Genoa,W,Atalanta
0,0,2024-02-17,Genoa,Napoli,D,Genoa,0,0,Napoli,Genoa,D,Napoli
1,0,2024-02-24,Genoa,Udinese,W,Genoa,0,0,Udinese,Genoa,L,Udinese
0,0,2024-03-04,Genoa,Inter,L,Genoa,1,1,Inter,Genoa,W,Inter
0,0,2024-03-09,Genoa,Monza,L,Genoa,1,0,Monza,Genoa,W,Monza
0,0,2024-03-17,Genoa,Juventus,D,Genoa,0,0,Juventus,Genoa,D,Juventus
0,0,2024-03-30,Genoa,Frosinone,D,Genoa,0,0,Frosinone,Genoa,D,Frosinone
1,0,2024-04-07,Genoa,Verona,W,Genoa,0,0,Verona,Genoa,L,Verona
0,0,2024-04-15,Genoa,Fiorentina,D,Genoa,0,0,Fiorentina,Genoa,D,Fiorentina
0,0,2024-04-19,Genoa,Lazio,L,Genoa,1,0,Lazio,Genoa,W,Lazio
1,0,2024-04-29,Genoa,Cagliari,W,Genoa,0,0,Cagliari,Genoa,L,Cagliari
0,0,2024-05-05,Genoa,Milan,D,Genoa,0,0,Milan,Genoa,D,Milan
1,0,2024-05-12,Genoa,Sassuolo,W,Genoa,0,0,Sassuolo,Genoa,L,Sassuolo
0,0,2024-05-19,Genoa,Roma,L,Genoa,1,0,Roma,Genoa,W,Roma
1,0,2024-05-24,Genoa,Bologna,W,Genoa,0,0,Bologna,Genoa,L,Bologna
0,0,2024-08-17,Genoa,Inter,D,Genoa,0,0,Inter,Genoa,D,Inter
1,0,2024-08-24,Genoa,Monza,W,Genoa,0,0,Monza,Genoa,L,Monza
0,0,2024-09-01,Genoa,Verona,L,Genoa,1,0,Verona,Genoa,W,Verona
0,0,2024-09-15,Genoa,Roma,D,Genoa,0,0,Roma,Genoa,D,Roma
0,0,2024-09-21,Genoa,Venezia,L,Genoa,1,0,Venezia,Genoa,W,Venezia
0,0,2024-09-28,Genoa,Juventus,L,Genoa,1,0,Juventus,Genoa,W,Juventus
0,0,2024-10-05,Genoa,Atalanta,L,Genoa,1,0,Atalanta,Genoa,W,Atalanta
0,0,2024-10-19,Genoa,Bologna,D,Genoa,0,0,Bologna,Genoa,D,Bologna
0,0,2024-10-27,Genoa,Lazio,L,Genoa,1,0,Lazio,Genoa,W,Lazio
0,0,2024-10-31,Genoa,Fiorentina,L,Genoa,1,0,Fiorentina,Genoa,W,Fiorentina
1,0,2024-11-04,Genoa,Parma,W,Genoa,0,0,Parma,Genoa,L,Parma
0,0,2024-11-07,Genoa,Como,D,Genoa,0,0,Como,Genoa,D,Como
0,0,2024-11-24,Genoa,Cagliari,D,Genoa,0,0,Cagliari,Genoa,D,Cagliari
1,0,2024-12-01,Genoa,Udinese,W,Genoa,0,0,Udinese,Genoa,L,Udinese
0,0,2024-12-07,Genoa,Torino,D,Genoa,0,0,Torino,Genoa,D,Torino
0,0,2024-12-15,Genoa,Milan,D,Genoa,0,0,Milan,Genoa,D,Milan
0,0,2024-12-21,Genoa,Napoli,L,Genoa,1,0,Napoli,Genoa,W,Napoli
1,0,2024-12-28,Genoa,Empoli,W,Genoa,0,0,Empoli,Genoa,L,Empoli
0,0,2025-01-05,Genoa,Lecce,D,Genoa,0,0,Lecce,Genoa,D,Lecce
1,0,2025-01-12,Genoa,Parma,W,Genoa,0,0,Parma,Genoa,L,Parma
0,0,2025-01-17,Genoa,Roma,L,Genoa,1,0,Roma,Genoa,W,Roma
1,0,2025-01-27,Genoa,Monza,W,Genoa,0,0,Monza,Genoa,L,Monza
0,0,2025-02-02,Genoa,Fiorentina,L,Genoa,1,0,Fiorentina,Genoa,W,Fiorentina
0,0,2025-02-08,Genoa,Torino,D,Genoa,0,0,Torino,Genoa,D,Torino
1,0,2025-02-17,Genoa,Venezia,W,Genoa,0,0,Venezia,Genoa,L,Venezia
0,0,2025-02-22,Genoa,Inter,L,Genoa,1,0,Inter,Genoa,W,Inter
0,0,2025-03-02,Genoa,Empoli,D,Genoa,0,0,Empoli,Genoa,D,Empoli
0,0,2025-03-07,Genoa,Cagliari,D,Genoa,0,0,Cagliari,Genoa,D,Cagliari
1,0,2025-03-14,Genoa,Lecce,W,Genoa,0,0,Lecce,Genoa,L,Lecce
0,0,2025-03-29,Genoa,Juventus,L,Genoa,1,0,Juventus,Genoa,W,Juventus
1,0,2025-04-04,Genoa,Udinese,W,Genoa,0,0,Udinese,Genoa,L,Udinese
0,0,2025-04-13,Genoa,Verona,D,Genoa,0,0,Verona,Genoa,D,Verona
0,0,2025-04-23,Genoa,Lazio,L,Genoa,1,0,Lazio,Genoa,W,Lazio
0,0,2025-04-27,Genoa,Como,L,Genoa,1,1,Como,Genoa,W,Como
0,0,2025-05-05,Genoa,Milan,L,Genoa,1,0,Milan,Genoa,W,Milan
0,0,2025-05-11,Genoa,Napoli,D,Genoa,0,0,Napoli,Genoa,D,Napoli
0,0,2025-05-17,Genoa,Atalanta,L,Genoa,1,0,Atalanta,Genoa,W,Atalanta
1,0,2025-05-24,Genoa,Bologna,W,Genoa,0,0,Bologna,Genoa,L,Bologna
1,0,2023-01-04,Inter,Napoli,W,Inter,0,0,Napoli,Inter,L,Napoli
0,0,2023-01-07,Inter,Monza,D,Inter,0,0,Monza,Inter,D,Monza
1,0,2023-01-14,Inter,Verona,W,Inter,0,0,Verona,Inter,L,Verona
0,0,2023-01-23,Inter,Empoli,L,Inter,1,0,Empoli,Inter,W,Empoli
1,0,2023-01-28,Inter,Cremonese,W,Inter,0,0,Cremonese,Inter,L,Cremonese
1,0,2023-02-05,Inter,Milan,W,Inter,0,0,Milan,Inter,L,Milan
0,0,2023-02-13,Inter,Sampdoria,D,Inter,0,0,Sampdoria,Inter,D,Sampdoria
1,1,2023-02-18,Inter,Udinese,W,Inter,0,0,Udinese,Inter,L,Udinese
0,0,2023-02-26,Inter,Bologna,L,Inter,1,0,Bologna,Inter,W,Bologna
1,0,2023-03-05,Inter,Lecce,W,Inter,0,0,Lecce,Inter,L,Lecce
0,0,2023-03-10,Inter,Spezia,L,Inter,1,0,Spezia,Inter,W,Spezia
0,0,2023-03-19,Inter,Juventus,L,Inter,1,0,Juventus,Inter,W,Juventus
0,0,2023-04-01,Inter,Fiorentina,L,Inter,1,0,Fiorentina,Inter,W,Fiorentina
0,0,2023-04-07,Inter,Salernitana,D,Inter,0,0,Salernitana,Inter,D,Salernitana
0,0,2023-04-15,Inter,Monza,L,Inter,1,0,Monza,Inter,W,Monza
1,1,2023-04-23,Inter,Empoli,W,Inter,0,0,Empoli,Inter,L,Empoli
1,1,2023-04-30,Inter,Lazio,W,Inter,0,0,Lazio,Inter,L,Lazio
1,1,2023-05-03,Inter,Verona,W,Inter,0,0,Verona,Inter,L,Verona
1,1,2023-05-06,Inter,Roma,W,Inter,0,0,Roma,Inter,L,Roma
1,1,2023-05-13,Inter,Sassuolo,W,Inter,0,0,Sassuolo,Inter,L,Sassuolo
0,0,2023-05-21,Inter,Napoli,L,Inter,1,0,Napoli,Inter,W,Napoli
1,0,2023-05-27,Inter,Atalanta,W,Inter,0,0,Atalanta,Inter,L,Atalanta
1,0,2023-06-03,Inter,Torino,W,Inter,0,0,Torino,Inter,L,Torino
1,0,2023-08-19,Inter,Monza,W,Inter,0,0,Monza,Inter,L,Monza
1,0,2023-08-28,Inter,Cagliari,W,Inter,0,0,Cagliari,Inter,L,Cagliari
1,0,2023-09-03,Inter,Fiorentina,W,Inter,0,0,Fiorentina,Inter,L,Fiorentina
1,1,2023-09-16,Inter,Milan,W,Inter,0,0,Milan,Inter,L,Milan
1,1,2023-09-24,Inter,Empoli,W,Inter,0,0,Empoli,Inter,L,Empoli
0,1,2023-09-27,Inter,Sassuolo,L,Inter,1,0,Sassuolo,Inter,W,Sassuolo
1,0,2023-09-30,Inter,Salernitana,W,Inter,0,0,Salernitana,Inter,L,Salernitana
0,0,2023-10-07,Inter,Bologna,D,Inter,0,0,Bologna,Inter,D,Bologna
1,0,2023-10-21,Inter,Torino,W,Inter,0,0,Torino,Inter,L,Torino
1,0,2023-10-29,Inter,Roma,W,Inter,0,0,Roma,Inter,L,Roma
1,0,2023-11-04,Inter,Atalanta,W,Inter,0,0,Atalanta,Inter,L,Atalanta
1,0,2023-11-12,Inter,Frosinone,W,Inter,0,0,Frosinone,Inter,L,Frosinone
0,0,2023-11-26,Inter,Juventus,D,Inter,0,0,Juventus,Inter,D,Juventus
1,0,2023-12-03,Inter,Napoli,W,Inter,0,0,Napoli,Inter,L,Napoli
1,0,2023-12-09,Inter,Udinese,W,Inter,0,0,Udinese,Inter,L,Udinese
1,0,2023-12-17,Inter,Lazio,W,Inter,0,0,Lazio,Inter,L,Lazio
1,0,2023-12-23,Inter,Lecce,W,Inter,0,0,Lecce,Inter,L,Lecce
0,1,2023-12-29,Inter,Genoa,D,Inter,0,0,Genoa,Inter,D,Genoa
1,1,2024-01-06,Inter,Verona,W,Inter,0,0,Verona,Inter,L,Verona
1,0,2024-01-13,Inter,Monza,W,Inter,0,0,Monza,Inter,L,Monza
1,0,2024-01-28,Inter,Fiorentina,W,Inter,0,0,Fiorentina,Inter,L,Fiorentina
1,0,2024-02-04,Inter,Juventus,W,Inter,0,0,Juventus,Inter,L,Juventus
1,0,2024-02-10,Inter,Roma,W,Inter,0,0,Roma,Inter,L,Roma
1,0,2024-02-16,Inter,Salernitana,W,Inter,0,0,Salernitana,Inter,L,Salernitana
1,0,2024-02-25,Inter,Lecce,W,Inter,0,0,Lecce,Inter,L,Lecce
1,0,2024-02-28,Inter,Atalanta,W,Inter,0,0,Atalanta,Inter,L,Atalanta
1,1,2024-03-04,Inter,Genoa,W,Inter,0,0,Genoa,Inter,L,Genoa
1,0,2024-03-09,Inter,Bologna,W,Inter,0,0,Bologna,Inter,L,Bologna
0,0,2024-03-17,Inter,Napoli,D,Inter,0,1,Napoli,Inter,D,Napoli
1,0,2024-04-01,Inter,Empoli,W,Inter,0,0,Empoli,Inter,L,Empoli
1,0,2024-04-08,Inter,Udinese,W,Inter,0,0,Udinese,Inter,L,Udinese
0,1,2024-04-14,Inter,Cagliari,D,Inter,0,0,Cagliari,Inter,D,Cagliari
1,0,2024-04-22,Inter,Milan,W,Inter,0,1,Milan,Inter,L,Milan
1,1,2024-04-28,Inter,Torino,W,Inter,0,0,Torino,Inter,L,Torino
0,0,2024-05-04,Inter,Sassuolo,L,Inter,1,0,Sassuolo,Inter,W,Sassuolo
1,0,2024-05-10,Inter,Frosinone,W,Inter,0,0,Frosinone,Inter,L,Frosinone
0,0,2024-05-19,Inter,Lazio,D,Inter,0,0,Lazio,Inter,D,Lazio
0,0,2024-05-26,Inter,Verona,D,Inter,0,0,Verona,Inter,D,Verona
0,0,2024-08-17,Inter,Genoa,D,Inter,0,0,Genoa,Inter,D,Genoa
1,0,2024-08-24,Inter,Lecce,W,Inter,0,0,Lecce,Inter,L,Lecce
1,0,2024-08-30,Inter,Atalanta,W,Inter,0,0,Atalanta,Inter,L,Atalanta
0,0,2024-09-15,Inter,Monza,D,Inter,0,0,Monza,Inter,D,Monza
0,0,2024-09-22,Inter,Milan,L,Inter,1,0,Milan,Inter,W,Milan
1,0,2024-09-28,Inter,Udinese,W,Inter,0,0,Udinese,Inter,L,Udinese
1,0,2024-10-05,Inter,Torino,W,Inter,0,0,Torino,Inter,L,Torino
1,0,2024-10-20,Inter,Roma,W,Inter,0,0,Roma,Inter,L,Roma
0,1,2024-10-27,Inter,Juventus,D,Inter,0,0,Juventus,Inter,D,Juventus
1,1,2024-10-30,Inter,Empoli,W,Inter,0,0,Empoli,Inter,L,Empoli
1,1,2024-11-03,Inter,Venezia,W,Inter,0,0,Venezia,Inter,L,Venezia
0,1,2024-11-10,Inter,Napoli,D,Inter,0,0,Napoli,Inter,D,Napoli
1,0,2024-11-23,Inter,Verona,W,Inter,0,0,Verona,Inter,L,Verona
1,0,2024-12-06,Inter,Parma,W,Inter,0,0,Parma,Inter,L,Parma
1,0,2024-12-16,Inter,Lazio,W,Inter,0,0,Lazio,Inter,L,Lazio
1,0,2024-12-23,Inter,Como,W,Inter,0,0,Como,Inter,L,Como
1,0,2024-12-28,Inter,Cagliari,W,Inter,0,0,Cagliari,Inter,L,Cagliari
1,1,2025-01-12,Inter,Venezia,W,Inter,0,0,Venezia,Inter,L,Venezia
0,1,2025-01-15,Inter,Bologna,D,Inter,0,0,Bologna,Inter,D,Bologna
1,0,2025-01-19,Inter,Empoli,W,Inter,0,0,Empoli,Inter,L,Empoli
1,0,2025-01-26,Inter,Lecce,W,Inter,0,0,Lecce,Inter,L,Lecce
0,0,2025-02-02,Inter,Milan,D,Inter,0,0,Milan,Inter,D,Milan
0,0,2025-02-06,Inter,Fiorentina,L,Inter,1,0,Fiorentina,Inter,W,Fiorentina
1,0,2025-02-10,Inter,Fiorentina,W,Inter,0,0,Fiorentina,Inter,L,Fiorentina
0,0,2025-02-16,Inter,Juventus,L,Inter,1,0,Juventus,Inter,W,Juventus
1,0,2025-02-22,Inter,Genoa,W,Inter,0,0,Genoa,Inter,L,Genoa
0,0,2025-03-01,Inter,Napoli,D,Inter,0,0,Napoli,Inter,D,Napoli
1,0,2025-03-08,Inter,Monza,W,Inter,0,0,Monza,Inter,L,Monza
1,0,2025-03-16,Inter,Atalanta,W,Inter,0,1,Atalanta,Inter,L,Atalanta
1,0,2025-03-30,Inter,Udinese,W,Inter,0,0,Udinese,Inter,L,Udinese
0,0,2025-04-05,Inter,Parma,D,Inter,0,0,Parma,Inter,D,Parma
1,0,2025-04-12,Inter,Cagliari,W,Inter,0,0,Cagliari,Inter,L,Cagliari
0,0,2025-04-20,Inter,Bologna,L,Inter,1,0,Bologna,Inter,W,Bologna
0,0,2025-04-27,Inter,Roma,L,Inter,1,0,Roma,Inter,W,Roma
1,0,2025-05-03,Inter,Verona,W,Inter,0,0,Verona,Inter,L,Verona
1,0,2025-05-11,Inter,Torino,W,Inter,0,0,Torino,Inter,L,Torino
0,0,2025-05-18,Inter,Lazio,D,Inter,0,0,Lazio,Inter,D,Lazio
1,0,2025-05-23,Inter,Como,W,Inter,0,0,Como,Inter,L,Como
1,0,2023-01-04,Juventus,Cremonese,W,Juventus,0,0,Cremonese,Juventus,L,Cremonese
1,1,2023-01-07,Juventus,Udinese,W,Juventus,0,0,Udinese,Juventus,L,Udinese
0,0,2023-01-13,Juventus,Napoli,L,Juventus,1,0,Napoli,Juventus,W,Napoli
0,0,2023-01-22,Juventus,Atalanta,D,Juventus,0,0,Atalanta,Juventus,D,Atalanta
0,0,2023-01-29,Juventus,Monza,L,Juventus,1,0,Monza,Juventus,W,Monza
1,0,2023-02-07,Juventus,Salernitana,W,Juventus,0,0,Salernitana,Juventus,L,Salernitana
1,1,2023-02-12,Juventus,Fiorentina,W,Juventus,0,0,Fiorentina,Juventus,L,Fiorentina
1,0,2023-02-19,Juventus,Spezia,W,Juventus,0,0,Spezia,Juventus,L,Spezia
1,0,2023-02-28,Juventus,Torino,W,Juventus,0,0,Torino,Juventus,L,Torino
0,0,2023-03-05,Juventus,Roma,L,Juventus,1,0,Roma,Juventus,W,Roma
1,0,2023-03-12,Juventus,Sampdoria,W,Juventus,0,0,Sampdoria,Juventus,L,Sampdoria
1,0,2023-03-19,Juventus,Inter,W,Juventus,0,0,Inter,Juventus,L,Inter
1,1,2023-04-01,Juventus,Verona,W,Juventus,0,0,Verona,Juventus,L,Verona
0,0,2023-04-08,Juventus,Lazio,L,Juventus,1,0,Lazio,Juventus,W,Lazio
0,0,2023-04-16,Juventus,Sassuolo,L,Juventus,1,0,Sassuolo,Juventus,W,Sassuolo
0,0,2023-04-23,Juventus,Napoli,L,Juventus,1,0,Napoli,Juventus,W,Napoli
0,0,2023-04-30,Juventus,Bologna,D,Juventus,0,0,Bologna,Juventus,D,Bologna
1,0,2023-05-03,Juventus,Lecce,W,Juventus,0,0,Lecce,Juventus,L,Lecce
1,0,2023-05-07,Juventus,Atalanta,W,Juventus,0,0,Atalanta,Juventus,L,Atalanta
1,0,2023-05-14,Juventus,Cremonese,W,Juventus,0,0,Cremonese,Juventus,L,Cremonese
0,0,2023-05-22,Juventus,Empoli,L,Juventus,1,0,Empoli,Juventus,W,Empoli
0,0,2023-05-28,Juventus,Milan,L,Juventus,1,0,Milan,Juventus,W,Milan
1,0,2023-06-04,Juventus,Udinese,W,Juventus,0,0,Udinese,Juventus,L,Udinese
1,0,2023-08-20,Juventus,Udinese,W,Juventus,0,0,Udinese,Juventus,L,Udinese
0,0,2023-08-27,Juventus,Bologna,D,Juventus,0,0,Bologna,Juventus,D,Bologna
1,0,2023-09-03,Juventus,Empoli,W,Juventus,0,0,Empoli,Juventus,L,Empoli
1,0,2023-09-16,Juventus,Lazio,W,Juventus,0,0,Lazio,Juventus,L,Lazio
0,0,2023-09-23,Juventus,Sassuolo,L,Juventus,1,0,Sassuolo,Juventus,W,Sassuolo
1,0,2023-09-26,Juventus,Lecce,W,Juventus,0,0,Lecce,Juventus,L,Lecce
0,0,2023-10-01,Juventus,Atalanta,D,Juventus,0,0,Atalanta,Juventus,D,Atalanta
1,0,2023-10-07,Juventus,Torino,W,Juventus,0,0,Torino,Juventus,L,Torino
1,0,2023-10-22,Juventus,Milan,W,Juventus,0,0,Milan,Juventus,L,Milan
1,0,2023-10-28,Juventus,Verona,W,Juventus,0,0,Verona,Juventus,L,Verona
1,1,2023-11-05,Juventus,Fiorentina,W,Juventus,0,0,Fiorentina,Juventus,L,Fiorentina
1,0,2023-11-11,Juventus,Cagliari,W,Juventus,0,0,Cagliari,Juventus,L,Cagliari
0,0,2023-11-26,Juventus,Inter,D,Juventus,0,0,Inter,Juventus,D,Inter
1,0,2023-12-01,Juventus,Monza,W,Juventus,0,0,Monza,Juventus,L,Monza
1,0,2023-12-08,Juventus,Napoli,W,Juventus,0,0,Napoli,Juventus,L,Napoli
0,0,2023-12-15,Juventus,Genoa,D,Juventus,0,0,Genoa,Juventus,D,Genoa
1,0,2023-12-23,Juventus,Frosinone,W,Juventus,0,0,Frosinone,Juventus,L,Frosinone
1,0,2023-12-30,Juventus,Roma,W,Juventus,0,0,Roma,Juventus,L,Roma
1,0,2024-01-07,Juventus,Salernitana,W,Juventus,0,0,Salernitana,Juventus,L,Salernitana
1,0,2024-01-16,Juventus,Sassuolo,W,Juventus,0,0,Sassuolo,Juventus,L,Sassuolo
1,0,2024-01-21,Juventus,Lecce,W,Juventus,0,0,Lecce,Juventus,L,Lecce
0,1,2024-01-27,Juventus,Empoli,D,Juventus,0,0,Empoli,Juventus,D,Empoli
0,0,2024-02-04,Juventus,Inter,L,Juventus,1,0,Inter,Juventus,W,Inter
0,0,2024-02-12,Juventus,Udinese,L,Juventus,1,0,Udinese,Juventus,W,Udinese
0,0,2024-02-17,Juventus,Verona,D,Juventus,0,0,Verona,Juventus,D,Verona
1,0,2024-02-25,Juventus,Frosinone,W,Juventus,0,0,Frosinone,Juventus,L,Frosinone
0,0,2024-03-03,Juventus,Napoli,L,Juventus,1,1,Napoli,Juventus,W,Napoli
0,0,2024-03-10,Juventus,Atalanta,D,Juventus,0,0,Atalanta,Juventus,D,Atalanta
0,0,2024-03-17,Juventus,Genoa,D,Juventus,0,0,Genoa,Juventus,D,Genoa
0,0,2024-03-30,Juventus,Lazio,L,Juventus,1,0,Lazio,Juventus,W,Lazio
1,0,2024-04-07,Juventus,Fiorentina,W,Juventus,0,0,Fiorentina,Juventus,L,Fiorentina
0,0,2024-04-13,Juventus,Torino,D,Juventus,0,0,Torino,Juventus,D,Torino
0,0,2024-04-19,Juventus,Cagliari,D,Juventus,0,0,Cagliari,Juventus,D,Cagliari
0,0,2024-04-27,Juventus,Milan,D,Juventus,0,0,Milan,Juventus,D,Milan
0,0,2024-05-05,Juventus,Roma,D,Juventus,0,0,Roma,Juventus,D,Roma
0,0,2024-05-12,Juventus,Salernitana,D,Juventus,0,0,Salernitana,Juventus,D,Salernitana
0,0,2024-05-20,Juventus,Bologna,D,Juventus,0,0,Bologna,Juventus,D,Bologna
1,0,2024-05-25,Juventus,Monza,W,Juventus,0,0,Monza,Juventus,L,Monza
1,0,2024-08-26,Juventus,Verona,W,Juventus,0,0,Verona,Juventus,L,Verona
0,0,2024-09-01,Juventus,Roma,D,Juventus,0,0,Roma,Juventus,D,Roma
0,0,2024-09-14,Juventus,Empoli,D,Juventus,0,0,Empoli,Juventus,D,Empoli
0,0,2024-09-21,Juventus,Napoli,D,Juventus,0,0,Napoli,Juventus,D,Napoli
1,0,2024-09-28,Juventus,Genoa,W,Juventus,0,0,Genoa,Juventus,L,Genoa
0,0,2024-10-06,Juventus,Cagliari,D,Juventus,0,0,Cagliari,Juventus,D,Cagliari
1,0,2024-10-19,Juventus,Lazio,W,Juventus,0,0,Lazio,Juventus,L,Lazio
0,0,2024-10-27,Juventus,Inter,D,Juventus,0,1,Inter,Juventus,D,Inter
0,0,2024-10-30,Juventus,Parma,D,Juventus,0,0,Parma,Juventus,D,Parma
1,0,2024-11-02,Juventus,Udinese,W,Juventus,0,0,Udinese,Juventus,L,Udinese
1,0,2024-11-09,Juventus,Torino,W,Juventus,0,0,Torino,Juventus,L,Torino
0,0,2024-11-23,Juventus,Milan,D,Juventus,0,0,Milan,Juventus,D,Milan
0,0,2024-12-01,Juventus,Lecce,D,Juventus,0,0,Lecce,Juventus,D,Lecce
0,0,2024-12-07,Juventus,Bologna,D,Juventus,0,0,Bologna,Juventus,D,Bologna
0,0,2024-12-14,Juventus,Venezia,D,Juventus,0,0,Venezia,Juventus,D,Venezia
1,0,2024-12-22,Juventus,Monza,W,Juventus,0,0,Monza,Juventus,L,Monza
0,0,2024-12-29,Juventus,Fiorentina,D,Juventus,0,0,Fiorentina,Juventus,D,Fiorentina
0,0,2025-01-11,Juventus,Torino,D,Juventus,0,0,Torino,Juventus,D,Torino
0,0,2025-01-14,Juventus,Atalanta,D,Juventus,0,0,Atalanta,Juventus,D,Atalanta
1,0,2025-01-18,Juventus,Milan,W,Juventus,0,0,Milan,Juventus,L,Milan
0,0,2025-01-25,Juventus,Napoli,L,Juventus,1,0,Napoli,Juventus,W,Napoli
1,0,2025-02-02,Juventus,Empoli,W,Juventus,0,0,Empoli,Juventus,L,Empoli
1,0,2025-02-07,Juventus,Como,W,Juventus,0,0,Como,Juventus,L,Como
1,0,2025-02-16,Juventus,Inter,W,Juventus,0,0,Inter,Juventus,L,Inter
1,0,2025-02-23,Juventus,Cagliari,W,Juventus,0,0,Cagliari,Juventus,L,Cagliari
1,0,2025-03-03,Juventus,Verona,W,Juventus,0,0,Verona,Juventus,L,Verona
0,1,2025-03-09,Juventus,Atalanta,L,Juventus,1,0,Atalanta,Juventus,W,Atalanta
0,0,2025-03-16,Juventus,Fiorentina,L,Juventus,1,0,Fiorentina,Juventus,W,Fiorentina
1,0,2025-03-29,Juventus,Genoa,W,Juventus,0,0,Genoa,Juventus,L,Genoa
0,0,2025-04-06,Juventus,Roma,D,Juventus,0,0,Roma,Juventus,D,Roma
1,0,2025-04-12,Juventus,Lecce,W,Juventus,0,0,Lecce,Juventus,L,Lecce
0,0,2025-04-23,Juventus,Parma,L,Juventus,1,0,Parma,Juventus,W,Parma
1,0,2025-04-27,Juventus,Monza,W,Juventus,0,0,Monza,Juventus,L,Monza
0,0,2025-05-04,Juventus,Bologna,D,Juventus,0,0,Bologna,Juventus,D,Bologna
0,0,2025-05-10,Juventus,Lazio,D,Juventus,0,0,Lazio,Juventus,D,Lazio
1,0,2025-05-18,Juventus,Udinese,W,Juventus,0,0,Udinese,Juventus,L,Udinese
1,0,2025-05-25,Juventus,Venezia,W,Juventus,0,0,Venezia,Juventus,L,Venezia
0,0,2023-01-04,Lazio,Lecce,L,Lazio,1,0,Lecce,Lazio,W,Lecce
0,0,2023-01-08,Lazio,Empoli,D,Lazio,0,0,Empoli,Lazio,D,Empoli
1,0,2023-01-15,Lazio,Sassuolo,W,Lazio,0,0,Sassuolo,Lazio,L,Sassuolo
1,0,2023-01-24,Lazio,Milan,W,Lazio,0,0,Milan,Lazio,L,Milan
0,0,2023-01-29,Lazio,Fiorentina,D,Lazio,0,0,Fiorentina,Lazio,D,Fiorentina
0,0,2023-02-06,Lazio,Verona,D,Lazio,0,0,Verona,Lazio,D,Verona
0,0,2023-02-11,Lazio,Atalanta,L,Lazio,1,0,Atalanta,Lazio,W,Atalanta
1,0,2023-02-19,Lazio,Salernitana,W,Lazio,0,0,Salernitana,Lazio,L,Salernitana
1,0,2023-02-27,Lazio,Sampdoria,W,Lazio,0,0,Sampdoria,Lazio,L,Sampdoria
1,0,2023-03-03,Lazio,Napoli,W,Lazio,0,1,Napoli,Lazio,L,Napoli
0,0,2023-03-11,Lazio,Bologna,D,Lazio,0,0,Bologna,Lazio,D,Bologna
1,0,2023-03-19,Lazio,Roma,W,Lazio,0,0,Roma,Lazio,L,Roma
1,0,2023-04-02,Lazio,Monza,W,Lazio,0,0,Monza,Lazio,L,Monza
1,0,2023-04-08,Lazio,Juventus,W,Lazio,0,0,Juventus,Lazio,L,Juventus
1,0,2023-04-14,Lazio,Spezia,W,Lazio,0,0,Spezia,Lazio,L,Spezia
0,0,2023-04-22,Lazio,Torino,L,Lazio,1,0,Torino,Lazio,W,Torino
0,0,2023-04-30,Lazio,Inter,L,Lazio,1,1,Inter,Lazio,W,Inter
1,0,2023-05-03,Lazio,Sassuolo,W,Lazio,0,0,Sassuolo,Lazio,L,Sassuolo
0,0,2023-05-06,Lazio,Milan,L,Lazio,1,0,Milan,Lazio,W,Milan
0,0,2023-05-12,Lazio,Lecce,D,Lazio,0,0,Lecce,Lazio,D,Lecce
1,0,2023-05-21,Lazio,Udinese,W,Lazio,0,0,Udinese,Lazio,L,Udinese
1,0,2023-05-28,Lazio,Cremonese,W,Lazio,0,0,Cremonese,Lazio,L,Cremonese
1,0,2023-06-03,Lazio,Empoli,W,Lazio,0,0,Empoli,Lazio,L,Empoli
0,0,2023-08-20,Lazio,Lecce,L,Lazio,1,0,Lecce,Lazio,W,Lecce
0,1,2023-08-27,Lazio,Genoa,L,Lazio,1,0,Genoa,Lazio,W,Genoa
1,0,2023-09-02,Lazio,Napoli,W,Lazio,0,1,Napoli,Lazio,L,Napoli
0,0,2023-09-16,Lazio,Juventus,L,Lazio,1,0,Juventus,Lazio,W,Juventus
0,0,2023-09-23,Lazio,Monza,D,Lazio,0,0,Monza,Lazio,D,Monza
1,0,2023-09-27,Lazio,Torino,W,Lazio,0,0,Torino,Lazio,L,Torino
0,0,2023-09-30,Lazio,Milan,L,Lazio,1,0,Milan,Lazio,W,Milan
1,0,2023-10-08,Lazio,Atalanta,W,Lazio,0,0,Atalanta,Lazio,L,Atalanta
1,0,2023-10-21,Lazio,Sassuolo,W,Lazio,0,0,Sassuolo,Lazio,L,Sassuolo
1,0,2023-10-30,Lazio,Fiorentina,W,Lazio,0,0,Fiorentina,Lazio,L,Fiorentina
0,0,2023-11-03,Lazio,Bologna,L,Lazio,1,0,Bologna,Lazio,W,Bologna
0,0,2023-11-12,Lazio,Roma,D,Lazio,0,0,Roma,Lazio,D,Roma
0,0,2023-11-25,Lazio,Salernitana,L,Lazio,1,0,Salernitana,Lazio,W,Salernitana
1,0,2023-12-02,Lazio,Cagliari,W,Lazio,0,0,Cagliari,Lazio,L,Cagliari
0,0,2023-12-09,Lazio,Verona,D,Lazio,0,0,Verona,Lazio,D,Verona
0,0,2023-12-17,Lazio,Inter,L,Lazio,1,0,Inter,Lazio,W,Inter
1,0,2023-12-22,Lazio,Empoli,W,Lazio,0,0,Empoli,Lazio,L,Empoli
1,0,2023-12-29,Lazio,Frosinone,W,Lazio,0,0,Frosinone,Lazio,L,Frosinone
1,0,2024-01-07,Lazio,Udinese,W,Lazio,0,0,Udinese,Lazio,L,Udinese
1,0,2024-01-14,Lazio,Lecce,W,Lazio,0,0,Lecce,Lazio,L,Lecce
0,0,2024-01-28,Lazio,Napoli,D,Lazio,0,0,Napoli,Lazio,D,Napoli
0,0,2024-02-04,Lazio,Atalanta,L,Lazio,1,0,Atalanta,Lazio,W,Atalanta
1,0,2024-02-10,Lazio,Cagliari,W,Lazio,0,0,Cagliari,Lazio,L,Cagliari
0,0,2024-02-18,Lazio,Bologna,L,Lazio,1,0,Bologna,Lazio,W,Bologna
1,0,2024-02-22,Lazio,Torino,W,Lazio,0,0,Torino,Lazio,L,Torino
0,0,2024-02-26,Lazio,Fiorentina,L,Lazio,1,0,Fiorentina,Lazio,W,Fiorentina
0,0,2024-03-01,Lazio,Milan,L,Lazio,1,0,Milan,Lazio,W,Milan
0,0,2024-03-11,Lazio,Udinese,L,Lazio,1,0,Udinese,Lazio,W,Udinese
1,0,2024-03-16,Lazio,Frosinone,W,Lazio,0,0,Frosinone,Lazio,L,Frosinone
1,0,2024-03-30,Lazio,Juventus,W,Lazio,0,0,Juventus,Lazio,L,Juventus
0,0,2024-04-06,Lazio,Roma,L,Lazio,1,0,Roma,Lazio,W,Roma
1,0,2024-04-12,Lazio,Salernitana,W,Lazio,0,0,Salernitana,Lazio,L,Salernitana
1,0,2024-04-19,Lazio,Genoa,W,Lazio,0,0,Genoa,Lazio,L,Genoa
1,0,2024-04-27,Lazio,Verona,W,Lazio,0,0,Verona,Lazio,L,Verona
0,0,2024-05-04,Lazio,Monza,D,Lazio,0,0,Monza,Lazio,D,Monza
1,0,2024-05-12,Lazio,Empoli,W,Lazio,0,0,Empoli,Lazio,L,Empoli
0,0,2024-05-19,Lazio,Inter,D,Lazio,0,0,Inter,Lazio,D,Inter
0,0,2024-05-26,Lazio,Sassuolo,D,Lazio,0,0,Sassuolo,Lazio,D,Sassuolo
1,0,2024-08-18,Lazio,Venezia,W,Lazio,0,0,Venezia,Lazio,L,Venezia
0,0,2024-08-24,Lazio,Udinese,L,Lazio,1,0,Udinese,Lazio,W,Udinese
0,0,2024-08-31,Lazio,Milan,D,Lazio,0,0,Milan,Lazio,D,Milan
1,0,2024-09-16,Lazio,Verona,W,Lazio,0,0,Verona,Lazio,L,Verona
0,0,2024-09-22,Lazio,Fiorentina,L,Lazio,1,0,Fiorentina,Lazio,W,Fiorentina
1,0,2024-09-29,Lazio,Torino,W,Lazio,0,0,Torino,Lazio,L,Torino
1,0,2024-10-06,Lazio,Empoli,W,Lazio,0,0,Empoli,Lazio,L,Empoli
0,0,2024-10-19,Lazio,Juventus,L,Lazio,1,0,Juventus,Lazio,W,Juventus
1,0,2024-10-27,Lazio,Genoa,W,Lazio,0,0,Genoa,Lazio,L,Genoa
1,0,2024-10-31,Lazio,Como,W,Lazio,0,0,Como,Lazio,L,Como
1,0,2024-11-04,Lazio,Cagliari,W,Lazio,0,0,Cagliari,Lazio,L,Cagliari
1,0,2024-11-10,Lazio,Monza,W,Lazio,0,0,Monza,Lazio,L,Monza
1,1,2024-11-24,Lazio,Bologna,W,Lazio,0,0,Bologna,Lazio,L,Bologna
0,0,2024-12-01,Lazio,Parma,L,Lazio,1,0,Parma,Lazio,W,Parma
1,0,2024-12-08,Lazio,Napoli,W,Lazio,0,0,Napoli,Lazio,L,Napoli
0,0,2024-12-16,Lazio,Inter,L,Lazio,1,0,Inter,Lazio,W,Inter
1,0,2024-12-21,Lazio,Lecce,W,Lazio,0,0,Lecce,Lazio,L,Lecce
0,0,2024-12-28,Lazio,Atalanta,D,Lazio,0,0,Atalanta,Lazio,D,Atalanta
0,0,2025-01-05,Lazio,Roma,L,Lazio,1,0,Roma,Lazio,W,Roma
0,0,2025-01-10,Lazio,Como,D,Lazio,0,0,Como,Lazio,D,Como
1,0,2025-01-19,Lazio,Verona,W,Lazio,0,0,Verona,Lazio,L,Verona
0,0,2025-01-26,Lazio,Fiorentina,L,Lazio,1,0,Fiorentina,Lazio,W,Fiorentina
1,0,2025-02-03,Lazio,Cagliari,W,Lazio,0,0,Cagliari,Lazio,L,Cagliari
1,0,2025-02-09,Lazio,Monza,W,Lazio,0,0,Monza,Lazio,L,Monza
0,0,2025-02-15,Lazio,Napoli,D,Lazio,0,0,Napoli,Lazio,D,Napoli
0,0,2025-02-22,Lazio,Venezia,D,Lazio,0,0,Venezia,Lazio,D,Venezia
1,0,2025-03-02,Lazio,Milan,W,Lazio,0,0,Milan,Lazio,L,Milan
0,0,2025-03-10,Lazio,Udinese,D,Lazio,0,0,Udinese,Lazio,D,Udinese
0,0,2025-03-16,Lazio,Bologna,L,Lazio,1,0,Bologna,Lazio,W,Bologna
0,0,2025-03-31,Lazio,Torino,D,Lazio,0,0,Torino,Lazio,D,Torino
1,0,2025-04-06,Lazio,Atalanta,W,Lazio,0,0,Atalanta,Lazio,L,Atalanta
0,0,2025-04-13,Lazio,Roma,D,Lazio,0,0,Roma,Lazio,D,Roma
1,0,2025-04-23,Lazio,Genoa,W,Lazio,0,0,Genoa,Lazio,L,Genoa
0,0,2025-04-28,Lazio,Parma,D,Lazio,0,0,Parma,Lazio,D,Parma
1,0,2025-05-04,Lazio,Empoli,W,Lazio,0,0,Empoli,Lazio,L,Empoli
0,0,2025-05-10,Lazio,Juventus,D,Lazio,0,0,Juventus,Lazio,D,Juventus
0,0,2025-05-18,Lazio,Inter,D,Lazio,0,0,Inter,Lazio,D,Inter
0,0,2025-05-25,Lazio,Lecce,L,Lazio,1,0,Lecce,Lazio,W,Lecce
1,0,2023-01-04,Lecce,Lazio,W,Lecce,0,0,Lazio,Lecce,L,Lazio
0,0,2023-01-08,Lecce,Spezia,D,Lecce,0,0,Spezia,Lecce,D,Spezia
0,0,2023-01-14,Lecce,Milan,D,Lecce,0,0,Milan,Lecce,D,Milan
0,0,2023-01-21,Lecce,Verona,L,Lecce,1,0,Verona,Lecce,W,Verona
0,0,2023-01-27,Lecce,Salernitana,L,Lecce,1,0,Salernitana,Lecce,W,Salernitana
1,0,2023-02-04,Lecce,Cremonese,W,Lecce,0,0,Cremonese,Lecce,L,Cremonese
0,0,2023-02-11,Lecce,Roma,D,Lecce,0,0,Roma,Lecce,D,Roma
1,0,2023-02-19,Lecce,Atalanta,W,Lecce,0,0,Atalanta,Lecce,L,Atalanta
0,0,2023-02-25,Lecce,Sassuolo,L,Lecce,1,0,Sassuolo,Lecce,W,Sassuolo
0,0,2023-03-05,Lecce,Inter,L,Lecce,1,0,Inter,Lecce,W,Inter
0,0,2023-03-12,Lecce,Torino,L,Lecce,1,0,Torino,Lecce,W,Torino
0,0,2023-03-19,Lecce,Fiorentina,L,Lecce,1,0,Fiorentina,Lecce,W,Fiorentina
0,0,2023-04-03,Lecce,Empoli,L,Lecce,1,0,Empoli,Lecce,W,Empoli
0,0,2023-04-07,Lecce,Napoli,L,Lecce,1,0,Napoli,Lecce,W,Napoli
0,0,2023-04-16,Lecce,Sampdoria,D,Lecce,0,0,Sampdoria,Lecce,D,Sampdoria
0,0,2023-04-23,Lecce,Milan,L,Lecce,1,1,Milan,Lecce,W,Milan
1,0,2023-04-28,Lecce,Udinese,W,Lecce,0,0,Udinese,Lecce,L,Udinese
0,0,2023-05-03,Lecce,Juventus,L,Lecce,1,0,Juventus,Lecce,W,Juventus
0,0,2023-05-07,Lecce,Verona,L,Lecce,1,0,Verona,Lecce,W,Verona
0,0,2023-05-12,Lecce,Lazio,D,Lecce,0,0,Lazio,Lecce,D,Lazio
0,0,2023-05-21,Lecce,Spezia,D,Lecce,0,0,Spezia,Lecce,D,Spezia
1,0,2023-05-28,Lecce,Monza,W,Lecce,0,0,Monza,Lecce,L,Monza
0,0,2023-06-04,Lecce,Bologna,L,Lecce,1,0,Bologna,Lecce,W,Bologna
1,0,2023-08-20,Lecce,Lazio,W,Lecce,0,0,Lazio,Lecce,L,Lazio
0,0,2023-08-27,Lecce,Fiorentina,D,Lecce,0,0,Fiorentina,Lecce,D,Fiorentina
1,0,2023-09-03,Lecce,Salernitana,W,Lecce,0,0,Salernitana,Lecce,L,Salernitana
0,0,2023-09-17,Lecce,Monza,D,Lecce,0,0,Monza,Lecce,D,Monza
1,0,2023-09-22,Lecce,Genoa,W,Lecce,0,0,Genoa,Lecce,L,Genoa
0,0,2023-09-26,Lecce,Juventus,L,Lecce,1,0,Juventus,Lecce,W,Juventus
0,0,2023-09-30,Lecce,Napoli,L,Lecce,1,0,Napoli,Lecce,W,Napoli
0,0,2023-10-06,Lecce,Sassuolo,D,Lecce,0,0,Sassuolo,Lecce,D,Sassuolo
0,0,2023-10-23,Lecce,Udinese,D,Lecce,0,0,Udinese,Lecce,D,Udinese
0,0,2023-10-28,Lecce,Torino,L,Lecce,1,0,Torino,Lecce,W,Torino
0,0,2023-11-05,Lecce,Roma,L,Lecce,1,0,Roma,Lecce,W,Roma
0,0,2023-11-11,Lecce,Milan,D,Lecce,0,0,Milan,Lecce,D,Milan
0,0,2023-11-27,Lecce,Verona,D,Lecce,0,0,Verona,Lecce,D,Verona
0,0,2023-12-03,Lecce,Bologna,D,Lecce,0,0,Bologna,Lecce,D,Bologna
0,0,2023-12-11,Lecce,Empoli,D,Lecce,0,0,Empoli,Lecce,D,Empoli
1,0,2023-12-16,Lecce,Frosinone,W,Lecce,0,0,Frosinone,Lecce,L,Frosinone
0,0,2023-12-23,Lecce,Inter,L,Lecce,1,0,Inter,Lecce,W,Inter
0,0,2023-12-30,Lecce,Atalanta,L,Lecce,1,0,Atalanta,Lecce,W,Atalanta
0,0,2024-01-06,Lecce,Cagliari,D,Lecce,0,0,Cagliari,Lecce,D,Cagliari
0,0,2024-01-14,Lecce,Lazio,L,Lecce,1,0,Lazio,Lecce,W,Lazio
0,0,2024-01-21,Lecce,Juventus,L,Lecce,1,0,Juventus,Lecce,W,Juventus
0,0,2024-01-28,Lecce,Genoa,L,Lecce,1,0,Genoa,Lecce,W,Genoa
1,0,2024-02-02,Lecce,Fiorentina,W,Lecce,0,0,Fiorentina,Lecce,L,Fiorentina
0,0,2024-02-11,Lecce,Bologna,L,Lecce,1,0,Bologna,Lecce,W,Bologna
0,0,2024-02-16,Lecce,Torino,L,Lecce,1,0,Torino,Lecce,W,Torino
0,0,2024-02-25,Lecce,Inter,L,Lecce,1,0,Inter,Lecce,W,Inter
0,0,2024-03-03,Lecce,Frosinone,D,Lecce,0,0,Frosinone,Lecce,D,Frosinone
0,0,2024-03-10,Lecce,Verona,L,Lecce,1,0,Verona,Lecce,W,Verona
1,0,2024-03-16,Lecce,Salernitana,W,Lecce,0,0,Salernitana,Lecce,L,Salernitana
0,0,2024-04-01,Lecce,Roma,D,Lecce,0,0,Roma,Lecce,D,Roma
0,0,2024-04-06,Lecce,Milan,L,Lecce,1,0,Milan,Lecce,W,Milan
1,0,2024-04-13,Lecce,Empoli,W,Lecce,0,0,Empoli,Lecce,L,Empoli
1,0,2024-04-21,Lecce,Sassuolo,W,Lecce,0,0,Sassuolo,Lecce,L,Sassuolo
0,0,2024-04-27,Lecce,Monza,D,Lecce,0,0,Monza,Lecce,D,Monza
0,0,2024-05-05,Lecce,Cagliari,D,Lecce,0,0,Cagliari,Lecce,D,Cagliari
0,0,2024-05-13,Lecce,Udinese,L,Lecce,1,0,Udinese,Lecce,W,Udinese
0,0,2024-05-18,Lecce,Atalanta,L,Lecce,1,0,Atalanta,Lecce,W,Atalanta
0,0,2024-05-26,Lecce,Napoli,D,Lecce,0,0,Napoli,Lecce,D,Napoli
0,0,2024-08-19,Lecce,Atalanta,L,Lecce,1,0,Atalanta,Lecce,W,Atalanta
0,0,2024-08-24,Lecce,Inter,L,Lecce,1,0,Inter,Lecce,W,Inter
1,0,2024-08-31,Lecce,Cagliari,W,Lecce,0,0,Cagliari,Lecce,L,Cagliari
0,0,2024-09-15,Lecce,Torino,D,Lecce,0,0,Torino,Lecce,D,Torino
0,0,2024-09-21,Lecce,Parma,D,Lecce,0,0,Parma,Lecce,D,Parma
0,0,2024-09-27,Lecce,Milan,L,Lecce,1,0,Milan,Lecce,W,Milan
0,0,2024-10-05,Lecce,Udinese,L,Lecce,1,0,Udinese,Lecce,W,Udinese
0,0,2024-10-20,Lecce,Fiorentina,L,Lecce,1,0,Fiorentina,Lecce,W,Fiorentina
0,0,2024-10-26,Lecce,Napoli,L,Lecce,1,0,Napoli,Lecce,W,Napoli
1,0,2024-10-29,Lecce,Verona,W,Lecce,0,0,Verona,Lecce,L,Verona
0,0,2024-11-02,Lecce,Bologna,L,Lecce,1,0,Bologna,Lecce,W,Bologna
0,0,2024-11-08,Lecce,Empoli,D,Lecce,0,0,Empoli,Lecce,D,Empoli
1,0,2024-11-25,Lecce,Venezia,W,Lecce,0,0,Venezia,Lecce,L,Venezia
0,0,2024-12-01,Lecce,Juventus,D,Lecce,0,0,Juventus,Lecce,D,Juventus
0,0,2024-12-07,Lecce,Roma,L,Lecce,1,0,Roma,Lecce,W,Roma
1,0,2024-12-15,Lecce,Monza,W,Lecce,0,0,Monza,Lecce,L,Monza
0,0,2024-12-21,Lecce,Lazio,L,Lecce,1,0,Lazio,Lecce,W,Lazio
0,0,2024-12-30,Lecce,Como,L,Lecce,1,0,Como,Lecce,W,Como
0,0,2025-01-05,Lecce,Genoa,D,Lecce,0,0,Genoa,Lecce,D,Genoa
1,0,2025-01-11,Lecce,Empoli,W,Lecce,0,0,Empoli,Lecce,L,Empoli
0,0,2025-01-19,Lecce,Cagliari,L,Lecce,1,0,Cagliari,Lecce,W,Cagliari
0,0,2025-01-26,Lecce,Inter,L,Lecce,1,0,Inter,Lecce,W,Inter
1,0,2025-01-31,Lecce,Parma,W,Lecce,0,0,Parma,Lecce,L,Parma
0,0,2025-02-09,Lecce,Bologna,D,Lecce,0,0,Bologna,Lecce,D,Bologna
0,0,2025-02-16,Lecce,Monza,D,Lecce,0,0,Monza,Lecce,D,Monza
0,0,2025-02-21,Lecce,Udinese,L,Lecce,1,0,Udinese,Lecce,W,Udinese
0,0,2025-02-28,Lecce,Fiorentina,L,Lecce,1,0,Fiorentina,Lecce,W,Fiorentina
0,0,2025-03-08,Lecce,Milan,L,Lecce,1,0,Milan,Lecce,W,Milan
0,0,2025-03-14,Lecce,Genoa,L,Lecce,1,0,Genoa,Lecce,W,Genoa
0,0,2025-03-29,Lecce,Roma,L,Lecce,1,0,Roma,Lecce,W,Roma
0,0,2025-04-06,Lecce,Venezia,D,Lecce,0,0,Venezia,Lecce,D,Venezia
0,0,2025-04-12,Lecce,Juventus,L,Lecce,1,0,Juventus,Lecce,W,Juventus
0,0,2025-04-19,Lecce,Como,L,Lecce,1,0,Como,Lecce,W,Como
0,0,2025-04-27,Lecce,Atalanta,D,Lecce,0,0,Atalanta,Lecce,D,Atalanta
0,0,2025-05-03,Lecce,Napoli,L,Lecce,1,0,Napoli,Lecce,W,Napoli
0,0,2025-05-11,Lecce,Verona,D,Lecce,0,0,Verona,Lecce,D,Verona
1,0,2025-05-18,Lecce,Torino,W,Lecce,0,0,Torino,Lecce,L,Torino
1,0,2025-05-25,Lecce,Lazio,W,Lecce,0,0,Lazio,Lecce,L,Lazio
1,0,2023-01-04,Milan,Salernitana,W,Milan,0,0,Salernitana,Milan,L,Salernitana
0,0,2023-01-08,Milan,Roma,D,Milan,0,0,Roma,Milan,D,Roma
0,0,2023-01-14,Milan,Lecce,D,Milan,0,0,Lecce,Milan,D,Lecce
0,0,2023-01-24,Milan,Lazio,L,Milan,1,0,Lazio,Milan,W,Lazio
0,0,2023-01-29,Milan,Sassuolo,L,Milan,1,0,Sassuolo,Milan,W,Sassuolo
0,0,2023-02-05,Milan,Inter,L,Milan,1,0,Inter,Milan,W,Inter
1,0,2023-02-10,Milan,Torino,W,Milan,0,0,Torino,Milan,L,Torino
1,0,2023-02-18,Milan,Monza,W,Milan,0,0,Monza,Milan,L,Monza
1,0,2023-02-26,Milan,Atalanta,W,Milan,0,0,Atalanta,Milan,L,Atalanta
0,0,2023-03-04,Milan,Fiorentina,L,Milan,1,0,Fiorentina,Milan,W,Fiorentina
0,0,2023-03-13,Milan,Salernitana,D,Milan,0,0,Salernitana,Milan,D,Salernitana
0,0,2023-03-18,Milan,Udinese,L,Milan,1,0,Udinese,Milan,W,Udinese
1,0,2023-04-02,Milan,Napoli,W,Milan,0,0,Napoli,Milan,L,Napoli
0,0,2023-04-07,Milan,Empoli,D,Milan,0,0,Empoli,Milan,D,Empoli
0,0,2023-04-15,Milan,Bologna,D,Milan,0,0,Bologna,Milan,D,Bologna
1,1,2023-04-23,Milan,Lecce,W,Milan,0,0,Lecce,Milan,L,Lecce
0,0,2023-04-29,Milan,Roma,D,Milan,0,0,Roma,Milan,D,Roma
0,0,2023-05-03,Milan,Cremonese,D,Milan,0,0,Cremonese,Milan,D,Cremonese
1,0,2023-05-06,Milan,Lazio,W,Milan,0,0,Lazio,Milan,L,Lazio
0,0,2023-05-13,Milan,Spezia,L,Milan,1,0,Spezia,Milan,W,Spezia
1,0,2023-05-20,Milan,Sampdoria,W,Milan,0,0,Sampdoria,Milan,L,Sampdoria
1,0,2023-05-28,Milan,Juventus,W,Milan,0,0,Juventus,Milan,L,Juventus
1,1,2023-06-04,Milan,Verona,W,Milan,0,0,Verona,Milan,L,Verona
1,0,2023-08-21,Milan,Bologna,W,Milan,0,0,Bologna,Milan,L,Bologna
1,0,2023-08-26,Milan,Torino,W,Milan,0,0,Torino,Milan,L,Torino
1,0,2023-09-01,Milan,Roma,W,Milan,0,0,Roma,Milan,L,Roma
0,0,2023-09-16,Milan,Inter,L,Milan,1,1,Inter,Milan,W,Inter
1,0,2023-09-23,Milan,Verona,W,Milan,0,0,Verona,Milan,L,Verona
1,0,2023-09-27,Milan,Cagliari,W,Milan,0,0,Cagliari,Milan,L,Cagliari
1,0,2023-09-30,Milan,Lazio,W,Milan,0,0,Lazio,Milan,L,Lazio
1,0,2023-10-07,Milan,Genoa,W,Milan,0,0,Genoa,Milan,L,Genoa
0,0,2023-10-22,Milan,Juventus,L,Milan,1,0,Juventus,Milan,W,Juventus
0,0,2023-10-29,Milan,Napoli,D,Milan,0,1,Napoli,Milan,D,Napoli
0,0,2023-11-04,Milan,Udinese,L,Milan,1,0,Udinese,Milan,W,Udinese
0,0,2023-11-11,Milan,Lecce,D,Milan,0,0,Lecce,Milan,D,Lecce
1,0,2023-11-25,Milan,Fiorentina,W,Milan,0,0,Fiorentina,Milan,L,Fiorentina
1,0,2023-12-02,Milan,Frosinone,W,Milan,0,0,Frosinone,Milan,L,Frosinone
0,0,2023-12-09,Milan,Atalanta,L,Milan,1,0,Atalanta,Milan,W,Atalanta
1,0,2023-12-17,Milan,Monza,W,Milan,0,0,Monza,Milan,L,Monza
0,0,2023-12-22,Milan,Salernitana,D,Milan,0,0,Salernitana,Milan,D,Salernitana
1,1,2023-12-30,Milan,Sassuolo,W,Milan,0,0,Sassuolo,Milan,L,Sassuolo
1,1,2024-01-07,Milan,Empoli,W,Milan,0,0,Empoli,Milan,L,Empoli
1,1,2024-01-14,Milan,Roma,W,Milan,0,0,Roma,Milan,L,Roma
1,0,2024-01-20,Milan,Udinese,W,Milan,0,0,Udinese,Milan,L,Udinese
0,0,2024-01-27,Milan,Bologna,D,Milan,0,0,Bologna,Milan,D,Bologna
1,0,2024-02-03,Milan,Frosinone,W,Milan,0,0,Frosinone,Milan,L,Frosinone
1,0,2024-02-11,Milan,Napoli,W,Milan,0,0,Napoli,Milan,L,Napoli
0,0,2024-02-18,Milan,Monza,L,Milan,1,0,Monza,Milan,W,Monza
0,0,2024-02-25,Milan,Atalanta,D,Milan,0,1,Atalanta,Milan,D,Atalanta
1,0,2024-03-01,Milan,Lazio,W,Milan,0,0,Lazio,Milan,L,Lazio
1,0,2024-03-10,Milan,Empoli,W,Milan,0,0,Empoli,Milan,L,Empoli
1,0,2024-03-17,Milan,Verona,W,Milan,0,0,Verona,Milan,L,Verona
1,0,2024-03-30,Milan,Fiorentina,W,Milan,0,0,Fiorentina,Milan,L,Fiorentina
1,0,2024-04-06,Milan,Lecce,W,Milan,0,0,Lecce,Milan,L,Lecce
0,0,2024-04-14,Milan,Sassuolo,D,Milan,0,0,Sassuolo,Milan,D,Sassuolo
0,1,2024-04-22,Milan,Inter,L,Milan,1,0,Inter,Milan,W,Inter
0,0,2024-04-27,Milan,Juventus,D,Milan,0,0,Juventus,Milan,D,Juventus
0,0,2024-05-05,Milan,Genoa,D,Milan,0,0,Genoa,Milan,D,Genoa
1,0,2024-05-11,Milan,Cagliari,W,Milan,0,0,Cagliari,Milan,L,Cagliari
0,0,2024-05-18,Milan,Torino,L,Milan,1,0,Torino,Milan,W,Torino
0,0,2024-05-25,Milan,Salernitana,D,Milan,0,0,Salernitana,Milan,D,Salernitana
0,0,2024-08-17,Milan,Torino,D,Milan,0,0,Torino,Milan,D,Torino
0,0,2024-08-24,Milan,Parma,L,Milan,1,0,Parma,Milan,W,Parma
0,0,2024-08-31,Milan,Lazio,D,Milan,0,0,Lazio,Milan,D,Lazio
1,0,2024-09-14,Milan,Venezia,W,Milan,0,0,Venezia,Milan,L,Venezia
1,0,2024-09-22,Milan,Inter,W,Milan,0,0,Inter,Milan,L,Inter
1,0,2024-09-27,Milan,Lecce,W,Milan,0,0,Lecce,Milan,L,Lecce
0,1,2024-10-06,Milan,Fiorentina,L,Milan,1,0,Fiorentina,Milan,W,Fiorentina
1,1,2024-10-19,Milan,Udinese,W,Milan,0,0,Udinese,Milan,L,Udinese
0,0,2024-10-29,Milan,Napoli,L,Milan,1,0,Napoli,Milan,W,Napoli
1,0,2024-11-02,Milan,Monza,W,Milan,0,0,Monza,Milan,L,Monza
0,0,2024-11-09,Milan,Cagliari,D,Milan,0,0,Cagliari,Milan,D,Cagliari
0,0,2024-11-23,Milan,Juventus,D,Milan,0,0,Juventus,Milan,D,Juventus
1,0,2024-11-30,Milan,Empoli,W,Milan,0,0,Empoli,Milan,L,Empoli
0,0,2024-12-06,Milan,Atalanta,L,Milan,1,0,Atalanta,Milan,W,Atalanta
0,0,2024-12-15,Milan,Genoa,D,Milan,0,0,Genoa,Milan,D,Genoa
1,0,2024-12-20,Milan,Verona,W,Milan,0,0,Verona,Milan,L,Verona
0,0,2024-12-29,Milan,Roma,D,Milan,0,0,Roma,Milan,D,Roma
0,1,2025-01-11,Milan,Cagliari,D,Milan,0,0,Cagliari,Milan,D,Cagliari
1,0,2025-01-14,Milan,Como,W,Milan,0,0,Como,Milan,L,Como
0,0,2025-01-18,Milan,Juventus,L,Milan,1,0,Juventus,Milan,W,Juventus
1,1,2025-01-26,Milan,Parma,W,Milan,0,0,Parma,Milan,L,Parma
0,0,2025-02-02,Milan,Inter,D,Milan,0,0,Inter,Milan,D,Inter
1,0,2025-02-08,Milan,Empoli,W,Milan,0,0,Empoli,Milan,L,Empoli
1,0,2025-02-15,Milan,Verona,W,Milan,0,0,Verona,Milan,L,Verona
0,0,2025-02-22,Milan,Torino,L,Milan,1,0,Torino,Milan,W,Torino
0,0,2025-02-27,Milan,Bologna,L,Milan,1,0,Bologna,Milan,W,Bologna
0,0,2025-03-02,Milan,Lazio,L,Milan,1,0,Lazio,Milan,W,Lazio
1,0,2025-03-08,Milan,Lecce,W,Milan,0,0,Lecce,Milan,L,Lecce
1,0,2025-03-15,Milan,Como,W,Milan,0,0,Como,Milan,L,Como
0,0,2025-03-30,Milan,Napoli,L,Milan,1,1,Napoli,Milan,W,Napoli
0,0,2025-04-05,Milan,Fiorentina,D,Milan,0,0,Fiorentina,Milan,D,Fiorentina
1,0,2025-04-11,Milan,Udinese,W,Milan,0,0,Udinese,Milan,L,Udinese
0,0,2025-04-20,Milan,Atalanta,L,Milan,1,0,Atalanta,Milan,W,Atalanta
1,0,2025-04-27,Milan,Venezia,W,Milan,0,0,Venezia,Milan,L,Venezia
1,0,2025-05-05,Milan,Genoa,W,Milan,0,0,Genoa,Milan,L,Genoa
1,0,2025-05-09,Milan,Bologna,W,Milan,0,0,Bologna,Milan,L,Bologna
0,0,2025-05-18,Milan,Roma,L,Milan,1,0,Roma,Milan,W,Roma
1,0,2025-05-24,Milan,Monza,W,Milan,0,0,Monza,Milan,L,Monza
0,0,2023-01-04,Monza,Fiorentina,D,Monza,0,0,Fiorentina,Monza,D,Fiorentina
0,0,2023-01-07,Monza,Inter,D,Monza,0,0,Inter,Monza,D,Inter
1,0,2023-01-14,Monza,Cremonese,W,Monza,0,0,Cremonese,Monza,L,Cremonese
0,0,2023-01-22,Monza,Sassuolo,D,Monza,0,0,Sassuolo,Monza,D,Sassuolo
1,0,2023-01-29,Monza,Juventus,W,Monza,0,0,Juventus,Monza,L,Juventus
0,0,2023-02-06,Monza,Sampdoria,D,Monza,0,0,Sampdoria,Monza,D,Sampdoria
1,0,2023-02-12,Monza,Bologna,W,Monza,0,0,Bologna,Monza,L,Bologna
0,0,2023-02-18,Monza,Milan,L,Monza,1,0,Milan,Monza,W,Milan
0,0,2023-02-26,Monza,Salernitana,L,Monza,1,0,Salernitana,Monza,W,Salernitana
1,0,2023-03-04,Monza,Empoli,W,Monza,0,0,Empoli,Monza,L,Empoli
0,0,2023-03-12,Monza,Verona,D,Monza,0,0,Verona,Monza,D,Verona
0,0,2023-03-18,Monza,Cremonese,D,Monza,0,0,Cremonese,Monza,D,Cremonese
0,0,2023-04-02,Monza,Lazio,L,Monza,1,0,Lazio,Monza,W,Lazio
0,0,2023-04-08,Monza,Udinese,D,Monza,0,0,Udinese,Monza,D,Udinese
1,0,2023-04-15,Monza,Inter,W,Monza,0,0,Inter,Monza,L,Inter
1,0,2023-04-23,Monza,Fiorentina,W,Monza,0,0,Fiorentina,Monza,L,Fiorentina
1,0,2023-04-28,Monza,Spezia,W,Monza,0,0,Spezia,Monza,L,Spezia
0,0,2023-05-03,Monza,Roma,D,Monza,0,0,Roma,Monza,D,Roma
0,0,2023-05-07,Monza,Torino,D,Monza,0,0,Torino,Monza,D,Torino
1,0,2023-05-14,Monza,Napoli,W,Monza,0,0,Napoli,Monza,L,Napoli
1,0,2023-05-19,Monza,Sassuolo,W,Monza,0,0,Sassuolo,Monza,L,Sassuolo
0,0,2023-05-28,Monza,Lecce,L,Monza,1,0,Lecce,Monza,W,Lecce
0,0,2023-06-04,Monza,Atalanta,L,Monza,1,0,Atalanta,Monza,W,Atalanta
0,0,2023-08-19,Monza,Inter,L,Monza,1,0,Inter,Monza,W,Inter
1,0,2023-08-26,Monza,Empoli,W,Monza,0,0,Empoli,Monza,L,Empoli
0,0,2023-09-02,Monza,Atalanta,L,Monza,1,1,Atalanta,Monza,W,Atalanta
0,0,2023-09-17,Monza,Lecce,D,Monza,0,0,Lecce,Monza,D,Lecce
0,0,2023-09-23,Monza,Lazio,D,Monza,0,0,Lazio,Monza,D,Lazio
0,0,2023-09-28,Monza,Bologna,D,Monza,0,0,Bologna,Monza,D,Bologna
1,0,2023-10-02,Monza,Sassuolo,W,Monza,0,0,Sassuolo,Monza,L,Sassuolo
1,0,2023-10-08,Monza,Salernitana,W,Monza,0,0,Salernitana,Monza,L,Salernitana
0,0,2023-10-22,Monza,Roma,L,Monza,1,0,Roma,Monza,W,Roma
0,1,2023-10-29,Monza,Udinese,D,Monza,0,0,Udinese,Monza,D,Udinese
1,0,2023-11-05,Monza,Verona,W,Monza,0,0,Verona,Monza,L,Verona
0,0,2023-11-11,Monza,Torino,D,Monza,0,0,Torino,Monza,D,Torino
0,0,2023-11-26,Monza,Cagliari,D,Monza,0,0,Cagliari,Monza,D,Cagliari
0,0,2023-12-01,Monza,Juventus,L,Monza,1,0,Juventus,Monza,W,Juventus
1,0,2023-12-10,Monza,Genoa,W,Monza,0,0,Genoa,Monza,L,Genoa
0,0,2023-12-17,Monza,Milan,L,Monza,1,0,Milan,Monza,W,Milan
0,0,2023-12-22,Monza,Fiorentina,L,Monza,1,0,Fiorentina,Monza,W,Fiorentina
0,0,2023-12-29,Monza,Napoli,D,Monza,0,0,Napoli,Monza,D,Napoli
1,0,2024-01-06,Monza,Frosinone,W,Monza,0,0,Frosinone,Monza,L,Frosinone
0,0,2024-01-13,Monza,Inter,L,Monza,1,0,Inter,Monza,W,Inter
0,0,2024-01-21,Monza,Empoli,L,Monza,1,0,Empoli,Monza,W,Empoli
1,0,2024-01-28,Monza,Sassuolo,W,Monza,0,0,Sassuolo,Monza,L,Sassuolo
0,0,2024-02-03,Monza,Udinese,D,Monza,0,0,Udinese,Monza,D,Udinese
0,0,2024-02-11,Monza,Verona,D,Monza,0,0,Verona,Monza,D,Verona
1,0,2024-02-18,Monza,Milan,W,Monza,0,0,Milan,Monza,L,Milan
1,0,2024-02-24,Monza,Salernitana,W,Monza,0,0,Salernitana,Monza,L,Salernitana
0,0,2024-03-02,Monza,Roma,L,Monza,1,0,Roma,Monza,W,Roma
1,0,2024-03-09,Monza,Genoa,W,Monza,0,0,Genoa,Monza,L,Genoa
1,0,2024-03-16,Monza,Cagliari,W,Monza,0,0,Cagliari,Monza,L,Cagliari
0,0,2024-03-30,Monza,Torino,L,Monza,1,0,Torino,Monza,W,Torino
0,0,2024-04-07,Monza,Napoli,L,Monza,1,0,Napoli,Monza,W,Napoli
0,0,2024-04-13,Monza,Bologna,D,Monza,0,0,Bologna,Monza,D,Bologna
0,0,2024-04-21,Monza,Atalanta,L,Monza,1,0,Atalanta,Monza,W,Atalanta
0,0,2024-04-27,Monza,Lecce,D,Monza,0,0,Lecce,Monza,D,Lecce
0,0,2024-05-04,Monza,Lazio,D,Monza,0,0,Lazio,Monza,D,Lazio
0,0,2024-05-13,Monza,Fiorentina,L,Monza,1,0,Fiorentina,Monza,W,Fiorentina
0,0,2024-05-19,Monza,Frosinone,L,Monza,1,0,Frosinone,Monza,W,Frosinone
0,0,2024-05-25,Monza,Juventus,L,Monza,1,0,Juventus,Monza,W,Juventus
0,0,2024-08-17,Monza,Empoli,D,Monza,0,0,Empoli,Monza,D,Empoli
0,0,2024-08-24,Monza,Genoa,L,Monza,1,0,Genoa,Monza,W,Genoa
0,0,2024-09-01,Monza,Fiorentina,D,Monza,0,0,Fiorentina,Monza,D,Fiorentina
0,0,2024-09-15,Monza,Inter,D,Monza,0,0,Inter,Monza,D,Inter
0,0,2024-09-22,Monza,Bologna,L,Monza,1,0,Bologna,Monza,W,Bologna
0,0,2024-09-29,Monza,Napoli,L,Monza,1,0,Napoli,Monza,W,Napoli
0,0,2024-10-06,Monza,Roma,D,Monza,0,0,Roma,Monza,D,Roma
1,0,2024-10-21,Monza,Verona,W,Monza,0,0,Verona,Monza,L,Verona
0,0,2024-10-27,Monza,Venezia,D,Monza,0,0,Venezia,Monza,D,Venezia
0,0,2024-10-30,Monza,Atalanta,L,Monza,1,0,Atalanta,Monza,W,Atalanta
0,0,2024-11-02,Monza,Milan,L,Monza,1,0,Milan,Monza,W,Milan
0,0,2024-11-10,Monza,Lazio,L,Monza,1,0,Lazio,Monza,W,Lazio
0,0,2024-11-24,Monza,Torino,D,Monza,0,0,Torino,Monza,D,Torino
0,0,2024-11-30,Monza,Como,D,Monza,0,0,Como,Monza,D,Como
0,0,2024-12-09,Monza,Udinese,L,Monza,1,0,Udinese,Monza,W,Udinese
0,0,2024-12-15,Monza,Lecce,L,Monza,1,0,Lecce,Monza,W,Lecce
0,0,2024-12-22,Monza,Juventus,L,Monza,1,0,Juventus,Monza,W,Juventus
0,0,2024-12-28,Monza,Parma,L,Monza,1,0,Parma,Monza,W,Parma
0,0,2025-01-05,Monza,Cagliari,L,Monza,1,0,Cagliari,Monza,W,Cagliari
1,0,2025-01-13,Monza,Fiorentina,W,Monza,0,0,Fiorentina,Monza,L,Fiorentina
0,0,2025-01-18,Monza,Bologna,L,Monza,1,0,Bologna,Monza,W,Bologna
0,0,2025-01-27,Monza,Genoa,L,Monza,1,0,Genoa,Monza,W,Genoa
0,0,2025-02-01,Monza,Verona,L,Monza,1,0,Verona,Monza,W,Verona
0,0,2025-02-09,Monza,Lazio,L,Monza,1,0,Lazio,Monza,W,Lazio
0,0,2025-02-16,Monza,Lecce,D,Monza,0,0,Lecce,Monza,D,Lecce
0,0,2025-02-24,Monza,Roma,L,Monza,1,0,Roma,Monza,W,Roma
0,0,2025-03-02,Monza,Torino,L,Monza,1,0,Torino,Monza,W,Torino
0,0,2025-03-08,Monza,Inter,L,Monza,1,0,Inter,Monza,W,Inter
0,0,2025-03-15,Monza,Parma,D,Monza,0,0,Parma,Monza,D,Parma
0,0,2025-03-30,Monza,Cagliari,L,Monza,1,0,Cagliari,Monza,W,Cagliari
0,0,2025-04-05,Monza,Como,L,Monza,1,0,Como,Monza,W,Como
0,0,2025-04-12,Monza,Venezia,L,Monza,1,0,Venezia,Monza,W,Venezia
0,0,2025-04-19,Monza,Napoli,L,Monza,1,0,Napoli,Monza,W,Napoli
0,0,2025-04-27,Monza,Juventus,L,Monza,1,0,Juventus,Monza,W,Juventus
0,0,2025-05-04,Monza,Atalanta,L,Monza,1,0,Atalanta,Monza,W,Atalanta
1,0,2025-05-11,Monza,Udinese,W,Monza,0,0,Udinese,Monza,L,Udinese
0,0,2025-05-18,Monza,Empoli,L,Monza,1,0,Empoli,Monza,W,Empoli
0,0,2025-05-24,Monza,Milan,L,Monza,1,0,Milan,Monza,W,Milan
0,0,2023-01-04,Napoli,Inter,L,Napoli,1,0,Inter,Napoli,W,Inter
1,0,2023-01-08,Napoli,Sampdoria,W,Napoli,0,0,Sampdoria,Napoli,L,Sampdoria
1,0,2023-01-13,Napoli,Juventus,W,Napoli,0,0,Juventus,Napoli,L,Juventus
1,0,2023-01-21,Napoli,Salernitana,W,Napoli,0,0,Salernitana,Napoli,L,Salernitana
1,1,2023-01-29,Napoli,Roma,W,Napoli,0,0,Roma,Napoli,L,Roma
1,0,2023-02-05,Napoli,Spezia,W,Napoli,0,0,Spezia,Napoli,L,Spezia
1,0,2023-02-12,Napoli,Cremonese,W,Napoli,0,0,Cremonese,Napoli,L,Cremonese
1,0,2023-02-17,Napoli,Sassuolo,W,Napoli,0,0,Sassuolo,Napoli,L,Sassuolo
1,1,2023-02-25,Napoli,Empoli,W,Napoli,0,0,Empoli,Napoli,L,Empoli
0,1,2023-03-03,Napoli,Lazio,L,Napoli,1,0,Lazio,Napoli,W,Lazio
1,0,2023-03-11,Napoli,Atalanta,W,Napoli,0,0,Atalanta,Napoli,L,Atalanta
1,0,2023-03-19,Napoli,Torino,W,Napoli,0,0,Torino,Napoli,L,Torino
0,0,2023-04-02,Napoli,Milan,L,Napoli,1,0,Milan,Napoli,W,Milan
1,0,2023-04-07,Napoli,Lecce,W,Napoli,0,0,Lecce,Napoli,L,Lecce
0,0,2023-04-15,Napoli,Verona,D,Napoli,0,0,Verona,Napoli,D,Verona
1,0,2023-04-23,Napoli,Juventus,W,Napoli,0,0,Juventus,Napoli,L,Juventus
0,0,2023-04-30,Napoli,Salernitana,D,Napoli,0,0,Salernitana,Napoli,D,Salernitana
0,0,2023-05-04,Napoli,Udinese,D,Napoli,0,0,Udinese,Napoli,D,Udinese
1,0,2023-05-07,Napoli,Fiorentina,W,Napoli,0,0,Fiorentina,Napoli,L,Fiorentina
0,0,2023-05-14,Napoli,Monza,L,Napoli,1,0,Monza,Napoli,W,Monza
1,0,2023-05-21,Napoli,Inter,W,Napoli,0,0,Inter,Napoli,L,Inter
0,0,2023-05-28,Napoli,Bologna,D,Napoli,0,0,Bologna,Napoli,D,Bologna
1,1,2023-06-04,Napoli,Sampdoria,W,Napoli,0,0,Sampdoria,Napoli,L,Sampdoria
1,1,2023-08-27,Napoli,Sassuolo,W,Napoli,0,0,Sassuolo,Napoli,L,Sassuolo
0,1,2023-09-02,Napoli,Lazio,L,Napoli,1,0,Lazio,Napoli,W,Lazio
0,1,2023-09-16,Napoli,Genoa,D,Napoli,0,0,Genoa,Napoli,D,Genoa
0,0,2023-09-24,Napoli,Bologna,D,Napoli,0,0,Bologna,Napoli,D,Bologna
1,0,2023-09-27,Napoli,Udinese,W,Napoli,0,0,Udinese,Napoli,L,Udinese
1,0,2023-09-30,Napoli,Lecce,W,Napoli,0,0,Lecce,Napoli,L,Lecce
0,1,2023-10-08,Napoli,Fiorentina,L,Napoli,1,0,Fiorentina,Napoli,W,Fiorentina
1,1,2023-10-21,Napoli,Verona,W,Napoli,0,0,Verona,Napoli,L,Verona
0,1,2023-10-29,Napoli,Milan,D,Napoli,0,0,Milan,Napoli,D,Milan
1,0,2023-11-04,Napoli,Salernitana,W,Napoli,0,0,Salernitana,Napoli,L,Salernitana
0,1,2023-11-12,Napoli,Empoli,L,Napoli,1,0,Empoli,Napoli,W,Empoli
1,0,2023-11-25,Napoli,Atalanta,W,Napoli,0,0,Atalanta,Napoli,L,Atalanta
0,0,2023-12-03,Napoli,Inter,L,Napoli,1,0,Inter,Napoli,W,Inter
0,0,2023-12-08,Napoli,Juventus,L,Napoli,1,0,Juventus,Napoli,W,Juventus
1,0,2023-12-16,Napoli,Cagliari,W,Napoli,0,0,Cagliari,Napoli,L,Cagliari
0,0,2023-12-23,Napoli,Roma,L,Napoli,1,0,Roma,Napoli,W,Roma
0,0,2023-12-29,Napoli,Monza,D,Napoli,0,0,Monza,Napoli,D,Monza
0,0,2024-01-07,Napoli,Torino,L,Napoli,1,0,Torino,Napoli,W,Torino
1,0,2024-01-13,Napoli,Salernitana,W,Napoli,0,0,Salernitana,Napoli,L,Salernitana
0,0,2024-01-28,Napoli,Lazio,D,Napoli,0,0,Lazio,Napoli,D,Lazio
1,0,2024-02-04,Napoli,Verona,W,Napoli,0,0,Verona,Napoli,L,Verona
0,0,2024-02-11,Napoli,Milan,L,Napoli,1,0,Milan,Napoli,W,Milan
0,0,2024-02-17,Napoli,Genoa,D,Napoli,0,0,Genoa,Napoli,D,Genoa
0,0,2024-02-25,Napoli,Cagliari,D,Napoli,0,0,Cagliari,Napoli,D,Cagliari
1,0,2024-02-28,Napoli,Sassuolo,W,Napoli,0,0,Sassuolo,Napoli,L,Sassuolo
1,1,2024-03-03,Napoli,Juventus,W,Napoli,0,0,Juventus,Napoli,L,Juventus
0,1,2024-03-08,Napoli,Torino,D,Napoli,0,0,Torino,Napoli,D,Torino
0,1,2024-03-17,Napoli,Inter,D,Napoli,0,0,Inter,Napoli,D,Inter
0,0,2024-03-30,Napoli,Atalanta,L,Napoli,1,0,Atalanta,Napoli,W,Atalanta
1,0,2024-04-07,Napoli,Monza,W,Napoli,0,0,Monza,Napoli,L,Monza
0,0,2024-04-14,Napoli,Frosinone,D,Napoli,0,0,Frosinone,Napoli,D,Frosinone
0,0,2024-04-20,Napoli,Empoli,L,Napoli,1,0,Empoli,Napoli,W,Empoli
0,0,2024-04-28,Napoli,Roma,D,Napoli,0,0,Roma,Napoli,D,Roma
0,0,2024-05-06,Napoli,Udinese,D,Napoli,0,0,Udinese,Napoli,D,Udinese
0,0,2024-05-11,Napoli,Bologna,L,Napoli,1,0,Bologna,Napoli,W,Bologna
0,0,2024-05-17,Napoli,Fiorentina,D,Napoli,0,0,Fiorentina,Napoli,D,Fiorentina
0,0,2024-05-26,Napoli,Lecce,D,Napoli,0,0,Lecce,Napoli,D,Lecce
0,0,2024-08-18,Napoli,Verona,L,Napoli,1,0,Verona,Napoli,W,Verona
1,0,2024-08-25,Napoli,Bologna,W,Napoli,0,0,Bologna,Napoli,L,Bologna
1,1,2024-08-31,Napoli,Parma,W,Napoli,0,0,Parma,Napoli,L,Parma
1,0,2024-09-15,Napoli,Cagliari,W,Napoli,0,0,Cagliari,Napoli,L,Cagliari
0,0,2024-09-21,Napoli,Juventus,D,Napoli,0,0,Juventus,Napoli,D,Juventus
1,0,2024-09-29,Napoli,Monza,W,Napoli,0,0,Monza,Napoli,L,Monza
1,0,2024-10-04,Napoli,Como,W,Napoli,0,0,Como,Napoli,L,Como
1,0,2024-10-20,Napoli,Empoli,W,Napoli,0,0,Empoli,Napoli,L,Empoli
1,0,2024-10-26,Napoli,Lecce,W,Napoli,0,0,Lecce,Napoli,L,Lecce
1,0,2024-10-29,Napoli,Milan,W,Napoli,0,0,Milan,Napoli,L,Milan
0,0,2024-11-03,Napoli,Atalanta,L,Napoli,1,0,Atalanta,Napoli,W,Atalanta
0,0,2024-11-10,Napoli,Inter,D,Napoli,0,1,Inter,Napoli,D,Inter
1,0,2024-11-24,Napoli,Roma,W,Napoli,0,0,Roma,Napoli,L,Roma
1,0,2024-12-01,Napoli,Torino,W,Napoli,0,0,Torino,Napoli,L,Torino
0,0,2024-12-08,Napoli,Lazio,L,Napoli,1,0,Lazio,Napoli,W,Lazio
1,0,2024-12-14,Napoli,Udinese,W,Napoli,0,0,Udinese,Napoli,L,Udinese
1,0,2024-12-21,Napoli,Genoa,W,Napoli,0,0,Genoa,Napoli,L,Genoa
1,0,2024-12-29,Napoli,Venezia,W,Napoli,0,0,Venezia,Napoli,L,Venezia
1,0,2025-01-04,Napoli,Fiorentina,W,Napoli,0,0,Fiorentina,Napoli,L,Fiorentina
1,1,2025-01-12,Napoli,Verona,W,Napoli,0,0,Verona,Napoli,L,Verona
1,0,2025-01-18,Napoli,Atalanta,W,Napoli,0,0,Atalanta,Napoli,L,Atalanta
1,0,2025-01-25,Napoli,Juventus,W,Napoli,0,0,Juventus,Napoli,L,Juventus
0,0,2025-02-02,Napoli,Roma,D,Napoli,0,0,Roma,Napoli,D,Roma
0,0,2025-02-09,Napoli,Udinese,D,Napoli,0,0,Udinese,Napoli,D,Udinese
0,0,2025-02-15,Napoli,Lazio,D,Napoli,0,0,Lazio,Napoli,D,Lazio
0,0,2025-02-23,Napoli,Como,L,Napoli,1,0,Como,Napoli,W,Como
0,0,2025-03-01,Napoli,Inter,D,Napoli,0,0,Inter,Napoli,D,Inter
1,0,2025-03-09,Napoli,Fiorentina,W,Napoli,0,0,Fiorentina,Napoli,L,Fiorentina
0,0,2025-03-16,Napoli,Venezia,D,Napoli,0,0,Venezia,Napoli,D,Venezia
1,1,2025-03-30,Napoli,Milan,W,Napoli,0,0,Milan,Napoli,L,Milan
0,0,2025-04-07,Napoli,Bologna,D,Napoli,0,0,Bologna,Napoli,D,Bologna
1,0,2025-04-14,Napoli,Empoli,W,Napoli,0,0,Empoli,Napoli,L,Empoli
1,0,2025-04-19,Napoli,Monza,W,Napoli,0,0,Monza,Napoli,L,Monza
1,0,2025-04-27,Napoli,Torino,W,Napoli,0,0,Torino,Napoli,L,Torino
1,0,2025-05-03,Napoli,Lecce,W,Napoli,0,0,Lecce,Napoli,L,Lecce
0,0,2025-05-11,Napoli,Genoa,D,Napoli,0,0,Genoa,Napoli,D,Genoa
0,0,2025-05-18,Napoli,Parma,D,Napoli,0,0,Parma,Napoli,D,Parma
1,0,2025-05-23,Napoli,Cagliari,W,Napoli,0,0,Cagliari,Napoli,L,Cagliari
0,0,2024-08-17,Parma,Fiorentina,D,Parma,0,0,Fiorentina,Parma,D,Fiorentina
1,0,2024-08-24,Parma,Milan,W,Parma,0,0,Milan,Parma,L,Milan
0,0,2024-08-31,Parma,Napoli,L,Parma,1,1,Napoli,Parma,W,Napoli
0,0,2024-09-16,Parma,Udinese,L,Parma,1,0,Udinese,Parma,W,Udinese
0,0,2024-09-21,Parma,Lecce,D,Parma,0,0,Lecce,Parma,D,Lecce
0,0,2024-09-30,Parma,Cagliari,L,Parma,1,0,Cagliari,Parma,W,Cagliari
0,0,2024-10-06,Parma,Bologna,D,Parma,0,0,Bologna,Parma,D,Bologna
0,0,2024-10-19,Parma,Como,D,Parma,0,0,Como,Parma,D,Como
0,0,2024-10-27,Parma,Empoli,D,Parma,0,0,Empoli,Parma,D,Empoli
0,0,2024-10-30,Parma,Juventus,D,Parma,0,0,Juventus,Parma,D,Juventus
0,0,2024-11-04,Parma,Genoa,L,Parma,1,0,Genoa,Parma,W,Genoa
1,0,2024-11-09,Parma,Venezia,W,Parma,0,0,Venezia,Parma,L,Venezia
0,0,2024-11-23,Parma,Atalanta,L,Parma,1,0,Atalanta,Parma,W,Atalanta
1,0,2024-12-01,Parma,Lazio,W,Parma,0,0,Lazio,Parma,L,Lazio
0,0,2024-12-06,Parma,Inter,L,Parma,1,0,Inter,Parma,W,Inter
0,0,2024-12-15,Parma,Verona,L,Parma,1,0,Verona,Parma,W,Verona
0,0,2024-12-22,Parma,Roma,L,Parma,1,0,Roma,Parma,W,Roma
1,0,2024-12-28,Parma,Monza,W,Parma,0,0,Monza,Parma,L,Monza
0,0,2025-01-05,Parma,Torino,D,Parma,0,0,Torino,Parma,D,Torino
0,0,2025-01-12,Parma,Genoa,L,Parma,1,0,Genoa,Parma,W,Genoa
0,0,2025-01-19,Parma,Venezia,D,Parma,0,0,Venezia,Parma,D,Venezia
0,0,2025-01-26,Parma,Milan,L,Parma,1,1,Milan,Parma,W,Milan
0,0,2025-01-31,Parma,Lecce,L,Parma,1,0,Lecce,Parma,W,Lecce
0,0,2025-02-09,Parma,Cagliari,L,Parma,1,0,Cagliari,Parma,W,Cagliari
0,0,2025-02-16,Parma,Roma,L,Parma,1,0,Roma,Parma,W,Roma
1,0,2025-02-22,Parma,Bologna,W,Parma,0,0,Bologna,Parma,L,Bologna
0,0,2025-03-01,Parma,Udinese,L,Parma,1,0,Udinese,Parma,W,Udinese
0,0,2025-03-08,Parma,Torino,D,Parma,0,0,Torino,Parma,D,Torino
0,0,2025-03-15,Parma,Monza,D,Parma,0,0,Monza,Parma,D,Monza
0,0,2025-03-31,Parma,Verona,D,Parma,0,0,Verona,Parma,D,Verona
0,0,2025-04-05,Parma,Inter,D,Parma,0,0,Inter,Parma,D,Inter
0,0,2025-04-13,Parma,Fiorentina,D,Parma,0,0,Fiorentina,Parma,D,Fiorentina
1,0,2025-04-23,Parma,Juventus,W,Parma,0,0,Juventus,Parma,L,Juventus
0,0,2025-04-28,Parma,Lazio,D,Parma,0,0,Lazio,Parma,D,Lazio
0,0,2025-05-03,Parma,Como,L,Parma,1,0,Como,Parma,W,Como
0,0,2025-05-10,Parma,Empoli,L,Parma,1,0,Empoli,Parma,W,Empoli
0,0,2025-05-18,Parma,Napoli,D,Parma,0,0,Napoli,Parma,D,Napoli
1,0,2025-05-25,Parma,Atalanta,W,Parma,0,0,Atalanta,Parma,L,Atalanta
1,0,2023-01-04,Roma,Bologna,W,Roma,0,0,Bologna,Roma,L,Bologna
0,0,2023-01-08,Roma,Milan,D,Roma,0,0,Milan,Roma,D,Milan
1,0,2023-01-15,Roma,Fiorentina,W,Roma,0,0,Fiorentina,Roma,L,Fiorentina
1,0,2023-01-22,Roma,Spezia,W,Roma,0,0,Spezia,Roma,L,Spezia
0,0,2023-01-29,Roma,Napoli,L,Roma,1,1,Napoli,Roma,W,Napoli
1,0,2023-02-04,Roma,Empoli,W,Roma,0,0,Empoli,Roma,L,Empoli
0,0,2023-02-11,Roma,Lecce,D,Roma,0,0,Lecce,Roma,D,Lecce
1,0,2023-02-19,Roma,Verona,W,Roma,0,0,Verona,Roma,L,Verona
0,0,2023-02-28,Roma,Cremonese,L,Roma,1,0,Cremonese,Roma,W,Cremonese
1,0,2023-03-05,Roma,Juventus,W,Roma,0,0,Juventus,Roma,L,Juventus
0,0,2023-03-12,Roma,Sassuolo,L,Roma,1,0,Sassuolo,Roma,W,Sassuolo
0,0,2023-03-19,Roma,Lazio,L,Roma,1,0,Lazio,Roma,W,Lazio
1,0,2023-04-02,Roma,Sampdoria,W,Roma,0,0,Sampdoria,Roma,L,Sampdoria
1,0,2023-04-08,Roma,Torino,W,Roma,0,0,Torino,Roma,L,Torino
1,1,2023-04-16,Roma,Udinese,W,Roma,0,0,Udinese,Roma,L,Udinese
0,0,2023-04-24,Roma,Atalanta,L,Roma,1,0,Atalanta,Roma,W,Atalanta
0,0,2023-04-29,Roma,Milan,D,Roma,0,0,Milan,Roma,D,Milan
0,0,2023-05-03,Roma,Monza,D,Roma,0,0,Monza,Roma,D,Monza
0,0,2023-05-06,Roma,Inter,L,Roma,1,1,Inter,Roma,W,Inter
0,0,2023-05-14,Roma,Bologna,D,Roma,0,0,Bologna,Roma,D,Bologna
0,0,2023-05-22,Roma,Salernitana,D,Roma,0,0,Salernitana,Roma,D,Salernitana
0,0,2023-05-27,Roma,Fiorentina,L,Roma,1,0,Fiorentina,Roma,W,Fiorentina
1,0,2023-06-04,Roma,Spezia,W,Roma,0,0,Spezia,Roma,L,Spezia
0,0,2023-08-20,Roma,Salernitana,D,Roma,0,0,Salernitana,Roma,D,Salernitana
0,0,2023-08-26,Roma,Verona,L,Roma,1,0,Verona,Roma,W,Verona
0,0,2023-09-01,Roma,Milan,L,Roma,1,0,Milan,Roma,W,Milan
1,0,2023-09-17,Roma,Empoli,W,Roma,0,0,Empoli,Roma,L,Empoli
0,0,2023-09-24,Roma,Torino,D,Roma,0,0,Torino,Roma,D,Torino
0,0,2023-09-28,Roma,Genoa,L,Roma,1,0,Genoa,Roma,W,Genoa
1,0,2023-10-01,Roma,Frosinone,W,Roma,0,0,Frosinone,Roma,L,Frosinone
1,0,2023-10-08,Roma,Cagliari,W,Roma,0,0,Cagliari,Roma,L,Cagliari
1,0,2023-10-22,Roma,Monza,W,Roma,0,0,Monza,Roma,L,Monza
0,0,2023-10-29,Roma,Inter,L,Roma,1,0,Inter,Roma,W,Inter
1,0,2023-11-05,Roma,Lecce,W,Roma,0,0,Lecce,Roma,L,Lecce
0,0,2023-11-12,Roma,Lazio,D,Roma,0,0,Lazio,Roma,D,Lazio
1,0,2023-11-26,Roma,Udinese,W,Roma,0,0,Udinese,Roma,L,Udinese
1,0,2023-12-03,Roma,Sassuolo,W,Roma,0,0,Sassuolo,Roma,L,Sassuolo
0,0,2023-12-10,Roma,Fiorentina,D,Roma,0,0,Fiorentina,Roma,D,Fiorentina
0,0,2023-12-17,Roma,Bologna,L,Roma,1,0,Bologna,Roma,W,Bologna
1,0,2023-12-23,Roma,Napoli,W,Roma,0,0,Napoli,Roma,L,Napoli
0,0,2023-12-30,Roma,Juventus,L,Roma,1,0,Juventus,Roma,W,Juventus
0,0,2024-01-07,Roma,Atalanta,D,Roma,0,0,Atalanta,Roma,D,Atalanta
0,0,2024-01-14,Roma,Milan,L,Roma,1,1,Milan,Roma,W,Milan
1,0,2024-01-20,Roma,Verona,W,Roma,0,0,Verona,Roma,L,Verona
1,0,2024-01-29,Roma,Salernitana,W,Roma,0,0,Salernitana,Roma,L,Salernitana
1,0,2024-02-05,Roma,Cagliari,W,Roma,0,0,Cagliari,Roma,L,Cagliari
0,0,2024-02-10,Roma,Inter,L,Roma,1,0,Inter,Roma,W,Inter
1,0,2024-02-18,Roma,Frosinone,W,Roma,0,0,Frosinone,Roma,L,Frosinone
1,0,2024-02-26,Roma,Torino,W,Roma,0,0,Torino,Roma,L,Torino
1,0,2024-03-02,Roma,Monza,W,Roma,0,0,Monza,Roma,L,Monza
0,0,2024-03-10,Roma,Fiorentina,D,Roma,0,0,Fiorentina,Roma,D,Fiorentina
1,0,2024-03-17,Roma,Sassuolo,W,Roma,0,0,Sassuolo,Roma,L,Sassuolo
0,0,2024-04-01,Roma,Lecce,D,Roma,0,0,Lecce,Roma,D,Lecce
1,0,2024-04-06,Roma,Lazio,W,Roma,0,0,Lazio,Roma,L,Lazio
0,0,2024-04-22,Roma,Bologna,L,Roma,1,0,Bologna,Roma,W,Bologna
1,0,2024-04-25,Roma,Udinese,W,Roma,0,0,Udinese,Roma,L,Udinese
0,0,2024-04-28,Roma,Napoli,D,Roma,0,0,Napoli,Roma,D,Napoli
0,0,2024-05-05,Roma,Juventus,D,Roma,0,0,Juventus,Roma,D,Juventus
0,0,2024-05-12,Roma,Atalanta,L,Roma,1,0,Atalanta,Roma,W,Atalanta
1,0,2024-05-19,Roma,Genoa,W,Roma,0,0,Genoa,Roma,L,Genoa
0,0,2024-05-26,Roma,Empoli,L,Roma,1,0,Empoli,Roma,W,Empoli
0,0,2024-08-18,Roma,Cagliari,D,Roma,0,0,Cagliari,Roma,D,Cagliari
0,0,2024-08-25,Roma,Empoli,L,Roma,1,0,Empoli,Roma,W,Empoli
0,0,2024-09-01,Roma,Juventus,D,Roma,0,0,Juventus,Roma,D,Juventus
0,0,2024-09-15,Roma,Genoa,D,Roma,0,0,Genoa,Roma,D,Genoa
1,0,2024-09-22,Roma,Udinese,W,Roma,0,0,Udinese,Roma,L,Udinese
1,0,2024-09-29,Roma,Venezia,W,Roma,0,0,Venezia,Roma,L,Venezia
0,0,2024-10-06,Roma,Monza,D,Roma,0,0,Monza,Roma,D,Monza
0,0,2024-10-20,Roma,Inter,L,Roma,1,0,Inter,Roma,W,Inter
0,0,2024-10-27,Roma,Fiorentina,L,Roma,1,0,Fiorentina,Roma,W,Fiorentina
1,0,2024-10-31,Roma,Torino,W,Roma,0,0,Torino,Roma,L,Torino
0,0,2024-11-03,Roma,Verona,L,Roma,1,0,Verona,Roma,W,Verona
0,0,2024-11-10,Roma,Bologna,L,Roma,1,0,Bologna,Roma,W,Bologna
0,0,2024-11-24,Roma,Napoli,L,Roma,1,0,Napoli,Roma,W,Napoli
0,0,2024-12-02,Roma,Atalanta,L,Roma,1,0,Atalanta,Roma,W,Atalanta
1,0,2024-12-07,Roma,Lecce,W,Roma,0,0,Lecce,Roma,L,Lecce
0,0,2024-12-15,Roma,Como,L,Roma,1,0,Como,Roma,W,Como
1,0,2024-12-22,Roma,Parma,W,Roma,0,0,Parma,Roma,L,Parma
0,0,2024-12-29,Roma,Milan,D,Roma,0,0,Milan,Roma,D,Milan
1,0,2025-01-05,Roma,Lazio,W,Roma,0,0,Lazio,Roma,L,Lazio
0,0,2025-01-12,Roma,Bologna,D,Roma,0,0,Bologna,Roma,D,Bologna
1,0,2025-01-17,Roma,Genoa,W,Roma,0,0,Genoa,Roma,L,Genoa
1,0,2025-01-26,Roma,Udinese,W,Roma,0,0,Udinese,Roma,L,Udinese
0,0,2025-02-02,Roma,Napoli,D,Roma,0,0,Napoli,Roma,D,Napoli
1,0,2025-02-09,Roma,Venezia,W,Roma,0,0,Venezia,Roma,L,Venezia
1,0,2025-02-16,Roma,Parma,W,Roma,0,0,Parma,Roma,L,Parma
1,0,2025-02-24,Roma,Monza,W,Roma,0,0,Monza,Roma,L,Monza
1,0,2025-03-02,Roma,Como,W,Roma,0,0,Como,Roma,L,Como
1,0,2025-03-09,Roma,Empoli,W,Roma,0,0,Empoli,Roma,L,Empoli
1,1,2025-03-16,Roma,Cagliari,W,Roma,0,0,Cagliari,Roma,L,Cagliari
1,0,2025-03-29,Roma,Lecce,W,Roma,0,0,Lecce,Roma,L,Lecce
0,0,2025-04-06,Roma,Juventus,D,Roma,0,0,Juventus,Roma,D,Juventus
0,0,2025-04-13,Roma,Lazio,D,Roma,0,0,Lazio,Roma,D,Lazio
1,0,2025-04-19,Roma,Verona,W,Roma,0,0,Verona,Roma,L,Verona
1,0,2025-04-27,Roma,Inter,W,Roma,0,0,Inter,Roma,L,Inter
1,0,2025-05-04,Roma,Fiorentina,W,Roma,0,0,Fiorentina,Roma,L,Fiorentina
0,0,2025-05-12,Roma,Atalanta,L,Roma,1,0,Atalanta,Roma,W,Atalanta
1,0,2025-05-18,Roma,Milan,W,Roma,0,0,Milan,Roma,L,Milan
1,0,2025-05-25,Roma,Torino,W,Roma,0,0,Torino,Roma,L,Torino
0,0,2023-01-04,Salernitana,Milan,L,Salernitana,1,0,Milan,Salernitana,W,Milan
0,0,2023-01-08,Salernitana,Torino,D,Salernitana,0,0,Torino,Salernitana,D,Torino
0,0,2023-01-15,Salernitana,Atalanta,L,Salernitana,1,0,Atalanta,Salernitana,W,Atalanta
0,0,2023-01-21,Salernitana,Napoli,L,Salernitana,1,0,Napoli,Salernitana,W,Napoli
1,0,2023-01-27,Salernitana,Lecce,W,Salernitana,0,0,Lecce,Salernitana,L,Lecce
0,0,2023-02-07,Salernitana,Juventus,L,Salernitana,1,0,Juventus,Salernitana,W,Juventus
0,0,2023-02-13,Salernitana,Verona,L,Salernitana,1,0,Verona,Salernitana,W,Verona
0,0,2023-02-19,Salernitana,Lazio,L,Salernitana,1,0,Lazio,Salernitana,W,Lazio
1,0,2023-02-26,Salernitana,Monza,W,Salernitana,0,0,Monza,Salernitana,L,Monza
0,0,2023-03-05,Salernitana,Sampdoria,D,Salernitana,0,0,Sampdoria,Salernitana,D,Sampdoria
0,0,2023-03-13,Salernitana,Milan,D,Salernitana,0,0,Milan,Salernitana,D,Milan
0,0,2023-03-18,Salernitana,Bologna,D,Salernitana,0,0,Bologna,Salernitana,D,Bologna
0,0,2023-04-02,Salernitana,Spezia,D,Salernitana,0,0,Spezia,Salernitana,D,Spezia
0,0,2023-04-07,Salernitana,Inter,D,Salernitana,0,0,Inter,Salernitana,D,Inter
0,0,2023-04-16,Salernitana,Torino,D,Salernitana,0,0,Torino,Salernitana,D,Torino
1,0,2023-04-22,Salernitana,Sassuolo,W,Salernitana,0,0,Sassuolo,Salernitana,L,Sassuolo
0,0,2023-04-30,Salernitana,Napoli,D,Salernitana,0,0,Napoli,Salernitana,D,Napoli
0,0,2023-05-03,Salernitana,Fiorentina,D,Salernitana,0,0,Fiorentina,Salernitana,D,Fiorentina
0,0,2023-05-08,Salernitana,Empoli,L,Salernitana,1,0,Empoli,Salernitana,W,Empoli
1,0,2023-05-13,Salernitana,Atalanta,W,Salernitana,0,0,Atalanta,Salernitana,L,Atalanta
0,0,2023-05-22,Salernitana,Roma,D,Salernitana,0,0,Roma,Salernitana,D,Roma
1,0,2023-05-27,Salernitana,Udinese,W,Salernitana,0,0,Udinese,Salernitana,L,Udinese
0,0,2023-06-03,Salernitana,Cremonese,L,Salernitana,1,0,Cremonese,Salernitana,W,Cremonese
0,0,2023-08-20,Salernitana,Roma,D,Salernitana,0,0,Roma,Salernitana,D,Roma
0,0,2023-08-28,Salernitana,Udinese,D,Salernitana,0,0,Udinese,Salernitana,D,Udinese
0,0,2023-09-03,Salernitana,Lecce,L,Salernitana,1,0,Lecce,Salernitana,W,Lecce
0,0,2023-09-18,Salernitana,Torino,L,Salernitana,1,0,Torino,Salernitana,W,Torino
0,0,2023-09-22,Salernitana,Frosinone,D,Salernitana,0,0,Frosinone,Salernitana,D,Frosinone
0,0,2023-09-27,Salernitana,Empoli,L,Salernitana,1,0,Empoli,Salernitana,W,Empoli
0,0,2023-09-30,Salernitana,Inter,L,Salernitana,1,0,Inter,Salernitana,W,Inter
0,0,2023-10-08,Salernitana,Monza,L,Salernitana,1,0,Monza,Salernitana,W,Monza
0,0,2023-10-22,Salernitana,Cagliari,D,Salernitana,0,0,Cagliari,Salernitana,D,Cagliari
0,0,2023-10-27,Salernitana,Genoa,L,Salernitana,1,0,Genoa,Salernitana,W,Genoa
0,0,2023-11-04,Salernitana,Napoli,L,Salernitana,1,0,Napoli,Salernitana,W,Napoli
0,0,2023-11-10,Salernitana,Sassuolo,D,Salernitana,0,0,Sassuolo,Salernitana,D,Sassuolo
1,0,2023-11-25,Salernitana,Lazio,W,Salernitana,0,0,Lazio,Salernitana,L,Lazio
0,0,2023-12-03,Salernitana,Fiorentina,L,Salernitana,1,0,Fiorentina,Salernitana,W,Fiorentina
0,0,2023-12-10,Salernitana,Bologna,L,Salernitana,1,0,Bologna,Salernitana,W,Bologna
0,0,2023-12-18,Salernitana,Atalanta,L,Salernitana,1,0,Atalanta,Salernitana,W,Atalanta
0,0,2023-12-22,Salernitana,Milan,D,Salernitana,0,0,Milan,Salernitana,D,Milan
1,0,2023-12-30,Salernitana,Verona,W,Salernitana,0,0,Verona,Salernitana,L,Verona
0,0,2024-01-07,Salernitana,Juventus,L,Salernitana,1,0,Juventus,Salernitana,W,Juventus
0,0,2024-01-13,Salernitana,Napoli,L,Salernitana,1,0,Napoli,Salernitana,W,Napoli
0,0,2024-01-21,Salernitana,Genoa,L,Salernitana,1,0,Genoa,Salernitana,W,Genoa
0,0,2024-01-29,Salernitana,Roma,L,Salernitana,1,0,Roma,Salernitana,W,Roma
0,0,2024-02-04,Salernitana,Torino,D,Salernitana,0,0,Torino,Salernitana,D,Torino
0,0,2024-02-09,Salernitana,Empoli,L,Salernitana,1,0,Empoli,Salernitana,W,Empoli
0,0,2024-02-16,Salernitana,Inter,L,Salernitana,1,0,Inter,Salernitana,W,Inter
0,0,2024-02-24,Salernitana,Monza,L,Salernitana,1,0,Monza,Salernitana,W,Monza
0,0,2024-03-02,Salernitana,Udinese,D,Salernitana,0,0,Udinese,Salernitana,D,Udinese
0,0,2024-03-09,Salernitana,Cagliari,L,Salernitana,1,0,Cagliari,Salernitana,W,Cagliari
0,0,2024-03-16,Salernitana,Lecce,L,Salernitana,1,0,Lecce,Salernitana,W,Lecce
0,0,2024-04-01,Salernitana,Bologna,L,Salernitana,1,1,Bologna,Salernitana,W,Bologna
0,0,2024-04-05,Salernitana,Sassuolo,D,Salernitana,0,0,Sassuolo,Salernitana,D,Sassuolo
0,0,2024-04-12,Salernitana,Lazio,L,Salernitana,1,0,Lazio,Salernitana,W,Lazio
0,0,2024-04-21,Salernitana,Fiorentina,L,Salernitana,1,0,Fiorentina,Salernitana,W,Fiorentina
0,0,2024-04-26,Salernitana,Frosinone,L,Salernitana,1,0,Frosinone,Salernitana,W,Frosinone
0,0,2024-05-06,Salernitana,Atalanta,L,Salernitana,1,0,Atalanta,Salernitana,W,Atalanta
0,0,2024-05-12,Salernitana,Juventus,D,Salernitana,0,0,Juventus,Salernitana,D,Juventus
0,0,2024-05-20,Salernitana,Verona,L,Salernitana,1,0,Verona,Salernitana,W,Verona
0,0,2024-05-25,Salernitana,Milan,D,Salernitana,0,0,Milan,Salernitana,D,Milan
1,0,2023-01-04,Sampdoria,Sassuolo,W,Sampdoria,0,0,Sassuolo,Sampdoria,L,Sassuolo
0,0,2023-01-08,Sampdoria,Napoli,L,Sampdoria,1,0,Napoli,Sampdoria,W,Napoli
0,0,2023-01-16,Sampdoria,Empoli,L,Sampdoria,1,0,Empoli,Sampdoria,W,Empoli
0,0,2023-01-22,Sampdoria,Udinese,L,Sampdoria,1,0,Udinese,Sampdoria,W,Udinese
0,0,2023-01-28,Sampdoria,Atalanta,L,Sampdoria,1,0,Atalanta,Sampdoria,W,Atalanta
0,0,2023-02-06,Sampdoria,Monza,D,Sampdoria,0,0,Monza,Sampdoria,D,Monza
0,0,2023-02-13,Sampdoria,Inter,D,Sampdoria,0,0,Inter,Sampdoria,D,Inter
0,0,2023-02-18,Sampdoria,Bologna,L,Sampdoria,1,0,Bologna,Sampdoria,W,Bologna
0,0,2023-02-27,Sampdoria,Lazio,L,Sampdoria,1,0,Lazio,Sampdoria,W,Lazio
0,0,2023-03-05,Sampdoria,Salernitana,D,Sampdoria,0,0,Salernitana,Sampdoria,D,Salernitana
0,0,2023-03-12,Sampdoria,Juventus,L,Sampdoria,1,0,Juventus,Sampdoria,W,Juventus
1,0,2023-03-19,Sampdoria,Verona,W,Sampdoria,0,0,Verona,Sampdoria,L,Verona
0,0,2023-04-02,Sampdoria,Roma,L,Sampdoria,1,0,Roma,Sampdoria,W,Roma
0,0,2023-04-08,Sampdoria,Cremonese,L,Sampdoria,1,0,Cremonese,Sampdoria,W,Cremonese
0,0,2023-04-16,Sampdoria,Lecce,D,Sampdoria,0,0,Lecce,Sampdoria,D,Lecce
0,0,2023-04-22,Sampdoria,Spezia,D,Sampdoria,0,0,Spezia,Sampdoria,D,Spezia
0,0,2023-04-30,Sampdoria,Fiorentina,L,Sampdoria,1,0,Fiorentina,Sampdoria,W,Fiorentina
0,0,2023-05-03,Sampdoria,Torino,L,Sampdoria,1,0,Torino,Sampdoria,W,Torino
0,0,2023-05-08,Sampdoria,Udinese,L,Sampdoria,1,0,Udinese,Sampdoria,W,Udinese
0,0,2023-05-15,Sampdoria,Empoli,D,Sampdoria,0,0,Empoli,Sampdoria,D,Empoli
0,0,2023-05-20,Sampdoria,Milan,L,Sampdoria,1,0,Milan,Sampdoria,W,Milan
0,0,2023-05-26,Sampdoria,Sassuolo,D,Sampdoria,0,0,Sassuolo,Sampdoria,D,Sassuolo
0,0,2023-06-04,Sampdoria,Napoli,L,Sampdoria,1,1,Napoli,Sampdoria,W,Napoli
0,0,2023-01-04,Sassuolo,Sampdoria,L,Sassuolo,1,0,Sampdoria,Sassuolo,W,Sampdoria
0,0,2023-01-07,Sassuolo,Fiorentina,L,Sassuolo,1,1,Fiorentina,Sassuolo,W,Fiorentina
0,0,2023-01-15,Sassuolo,Lazio,L,Sassuolo,1,0,Lazio,Sassuolo,W,Lazio
0,0,2023-01-22,Sassuolo,Monza,D,Sassuolo,0,0,Monza,Sassuolo,D,Monza
1,0,2023-01-29,Sassuolo,Milan,W,Sassuolo,0,0,Milan,Sassuolo,L,Milan
1,0,2023-02-04,Sassuolo,Atalanta,W,Sassuolo,0,1,Atalanta,Sassuolo,L,Atalanta
0,0,2023-02-12,Sassuolo,Udinese,D,Sassuolo,0,0,Udinese,Sassuolo,D,Udinese
0,0,2023-02-17,Sassuolo,Napoli,L,Sassuolo,1,0,Napoli,Sassuolo,W,Napoli
1,0,2023-02-25,Sassuolo,Lecce,W,Sassuolo,0,0,Lecce,Sassuolo,L,Lecce
1,0,2023-03-06,Sassuolo,Cremonese,W,Sassuolo,0,0,Cremonese,Sassuolo,L,Cremonese
1,0,2023-03-12,Sassuolo,Roma,W,Sassuolo,0,0,Roma,Sassuolo,L,Roma
1,1,2023-03-17,Sassuolo,Spezia,W,Sassuolo,0,0,Spezia,Sassuolo,L,Spezia
0,1,2023-04-03,Sassuolo,Torino,D,Sassuolo,0,0,Torino,Sassuolo,D,Torino
0,1,2023-04-08,Sassuolo,Verona,L,Sassuolo,1,0,Verona,Sassuolo,W,Verona
1,0,2023-04-16,Sassuolo,Juventus,W,Sassuolo,0,0,Juventus,Sassuolo,L,Juventus
0,0,2023-04-22,Sassuolo,Salernitana,L,Sassuolo,1,0,Salernitana,Sassuolo,W,Salernitana
1,0,2023-04-30,Sassuolo,Empoli,W,Sassuolo,0,0,Empoli,Sassuolo,L,Empoli
0,0,2023-05-03,Sassuolo,Lazio,L,Sassuolo,1,0,Lazio,Sassuolo,W,Lazio
0,0,2023-05-08,Sassuolo,Bologna,D,Sassuolo,0,0,Bologna,Sassuolo,D,Bologna
0,0,2023-05-13,Sassuolo,Inter,L,Sassuolo,1,1,Inter,Sassuolo,W,Inter
0,0,2023-05-19,Sassuolo,Monza,L,Sassuolo,1,0,Monza,Sassuolo,W,Monza
0,0,2023-05-26,Sassuolo,Sampdoria,D,Sassuolo,0,0,Sampdoria,Sassuolo,D,Sampdoria
0,0,2023-06-02,Sassuolo,Fiorentina,L,Sassuolo,1,0,Fiorentina,Sassuolo,W,Fiorentina
0,0,2023-08-20,Sassuolo,Atalanta,L,Sassuolo,1,0,Atalanta,Sassuolo,W,Atalanta
0,0,2023-08-27,Sassuolo,Napoli,L,Sassuolo,1,1,Napoli,Sassuolo,W,Napoli
1,0,2023-09-01,Sassuolo,Verona,W,Sassuolo,0,0,Verona,Sassuolo,L,Verona
0,0,2023-09-17,Sassuolo,Frosinone,L,Sassuolo,1,0,Frosinone,Sassuolo,W,Frosinone
1,0,2023-09-23,Sassuolo,Juventus,W,Sassuolo,0,0,Juventus,Sassuolo,L,Juventus
1,0,2023-09-27,Sassuolo,Inter,W,Sassuolo,0,1,Inter,Sassuolo,L,Inter
0,0,2023-10-02,Sassuolo,Monza,L,Sassuolo,1,0,Monza,Sassuolo,W,Monza
0,0,2023-10-06,Sassuolo,Lecce,D,Sassuolo,0,0,Lecce,Sassuolo,D,Lecce
0,0,2023-10-21,Sassuolo,Lazio,L,Sassuolo,1,0,Lazio,Sassuolo,W,Lazio
0,0,2023-10-28,Sassuolo,Bologna,D,Sassuolo,0,0,Bologna,Sassuolo,D,Bologna
0,0,2023-11-06,Sassuolo,Torino,L,Sassuolo,1,0,Torino,Sassuolo,W,Torino
0,0,2023-11-10,Sassuolo,Salernitana,D,Sassuolo,0,0,Salernitana,Sassuolo,D,Salernitana
1,0,2023-11-26,Sassuolo,Empoli,W,Sassuolo,0,0,Empoli,Sassuolo,L,Empoli
0,0,2023-12-03,Sassuolo,Roma,L,Sassuolo,1,0,Roma,Sassuolo,W,Roma
0,0,2023-12-11,Sassuolo,Cagliari,L,Sassuolo,1,0,Cagliari,Sassuolo,W,Cagliari
0,0,2023-12-17,Sassuolo,Udinese,D,Sassuolo,0,0,Udinese,Sassuolo,D,Udinese
0,0,2023-12-22,Sassuolo,Genoa,L,Sassuolo,1,0,Genoa,Sassuolo,W,Genoa
0,0,2023-12-30,Sassuolo,Milan,L,Sassuolo,1,1,Milan,Sassuolo,W,Milan
1,0,2024-01-06,Sassuolo,Fiorentina,W,Sassuolo,0,0,Fiorentina,Sassuolo,L,Fiorentina
0,0,2024-01-16,Sassuolo,Juventus,L,Sassuolo,1,0,Juventus,Sassuolo,W,Juventus
0,0,2024-01-28,Sassuolo,Monza,L,Sassuolo,1,0,Monza,Sassuolo,W,Monza
0,0,2024-02-03,Sassuolo,Bologna,L,Sassuolo,1,0,Bologna,Sassuolo,W,Bologna
0,0,2024-02-10,Sassuolo,Torino,D,Sassuolo,0,0,Torino,Sassuolo,D,Torino
0,0,2024-02-17,Sassuolo,Atalanta,L,Sassuolo,1,1,Atalanta,Sassuolo,W,Atalanta
0,0,2024-02-24,Sassuolo,Empoli,L,Sassuolo,1,0,Empoli,Sassuolo,W,Empoli
0,0,2024-02-28,Sassuolo,Napoli,L,Sassuolo,1,0,Napoli,Sassuolo,W,Napoli
0,0,2024-03-03,Sassuolo,Verona,L,Sassuolo,1,0,Verona,Sassuolo,W,Verona
1,0,2024-03-09,Sassuolo,Frosinone,W,Sassuolo,0,0,Frosinone,Sassuolo,L,Frosinone
0,0,2024-03-17,Sassuolo,Roma,L,Sassuolo,1,0,Roma,Sassuolo,W,Roma
0,0,2024-04-01,Sassuolo,Udinese,D,Sassuolo,0,0,Udinese,Sassuolo,D,Udinese
0,0,2024-04-05,Sassuolo,Salernitana,D,Sassuolo,0,0,Salernitana,Sassuolo,D,Salernitana
0,0,2024-04-14,Sassuolo,Milan,D,Sassuolo,0,0,Milan,Sassuolo,D,Milan
0,0,2024-04-21,Sassuolo,Lecce,L,Sassuolo,1,0,Lecce,Sassuolo,W,Lecce
0,0,2024-04-28,Sassuolo,Fiorentina,L,Sassuolo,1,0,Fiorentina,Sassuolo,W,Fiorentina
1,0,2024-05-04,Sassuolo,Inter,W,Sassuolo,0,0,Inter,Sassuolo,L,Inter
0,0,2024-05-12,Sassuolo,Genoa,L,Sassuolo,1,0,Genoa,Sassuolo,W,Genoa
0,0,2024-05-19,Sassuolo,Cagliari,L,Sassuolo,1,0,Cagliari,Sassuolo,W,Cagliari
0,0,2024-05-26,Sassuolo,Lazio,D,Sassuolo,0,0,Lazio,Sassuolo,D,Lazio
0,0,2023-01-04,Spezia,Atalanta,D,Spezia,0,0,Atalanta,Spezia,D,Atalanta
0,0,2023-01-08,Spezia,Lecce,D,Spezia,0,0,Lecce,Spezia,D,Lecce
1,0,2023-01-15,Spezia,Torino,W,Spezia,0,0,Torino,Spezia,L,Torino
0,0,2023-01-22,Spezia,Roma,L,Spezia,1,0,Roma,Spezia,W,Roma
0,0,2023-01-27,Spezia,Bologna,L,Spezia,1,0,Bologna,Spezia,W,Bologna
0,0,2023-02-05,Spezia,Napoli,L,Spezia,1,0,Napoli,Spezia,W,Napoli
0,0,2023-02-11,Spezia,Empoli,D,Spezia,0,0,Empoli,Spezia,D,Empoli
0,0,2023-02-19,Spezia,Juventus,L,Spezia,1,0,Juventus,Spezia,W,Juventus
0,0,2023-02-26,Spezia,Udinese,D,Spezia,0,0,Udinese,Spezia,D,Udinese
0,0,2023-03-05,Spezia,Verona,D,Spezia,0,0,Verona,Spezia,D,Verona
1,0,2023-03-10,Spezia,Inter,W,Spezia,0,0,Inter,Spezia,L,Inter
0,0,2023-03-17,Spezia,Sassuolo,L,Spezia,1,1,Sassuolo,Spezia,W,Sassuolo
0,0,2023-04-02,Spezia,Salernitana,D,Spezia,0,0,Salernitana,Spezia,D,Salernitana
0,0,2023-04-08,Spezia,Fiorentina,D,Spezia,0,0,Fiorentina,Spezia,D,Fiorentina
0,0,2023-04-14,Spezia,Lazio,L,Spezia,1,0,Lazio,Spezia,W,Lazio
0,0,2023-04-22,Spezia,Sampdoria,D,Spezia,0,0,Sampdoria,Spezia,D,Sampdoria
0,0,2023-04-28,Spezia,Monza,L,Spezia,1,0,Monza,Spezia,W,Monza
0,0,2023-05-03,Spezia,Atalanta,L,Spezia,1,0,Atalanta,Spezia,W,Atalanta
0,0,2023-05-06,Spezia,Cremonese,L,Spezia,1,0,Cremonese,Spezia,W,Cremonese
1,0,2023-05-13,Spezia,Milan,W,Spezia,0,0,Milan,Spezia,L,Milan
0,0,2023-05-21,Spezia,Lecce,D,Spezia,0,0,Lecce,Spezia,D,Lecce
0,0,2023-05-27,Spezia,Torino,L,Spezia,1,0,Torino,Spezia,W,Torino
0,0,2023-06-04,Spezia,Roma,L,Spezia,1,0,Roma,Spezia,W,Roma
0,0,2023-01-04,Torino,Verona,D,Torino,0,0,Verona,Torino,D,Verona
0,0,2023-01-08,Torino,Salernitana,D,Torino,0,0,Salernitana,Torino,D,Salernitana
0,0,2023-01-15,Torino,Spezia,L,Torino,1,0,Spezia,Torino,W,Spezia
1,0,2023-01-21,Torino,Fiorentina,W,Torino,0,0,Fiorentina,Torino,L,Fiorentina
0,0,2023-01-28,Torino,Empoli,D,Torino,0,0,Empoli,Torino,D,Empoli
1,0,2023-02-05,Torino,Udinese,W,Torino,0,1,Udinese,Torino,L,Udinese
0,0,2023-02-10,Torino,Milan,L,Torino,1,0,Milan,Torino,W,Milan
0,0,2023-02-20,Torino,Cremonese,D,Torino,0,0,Cremonese,Torino,D,Cremonese
0,0,2023-02-28,Torino,Juventus,L,Torino,1,0,Juventus,Torino,W,Juventus
1,0,2023-03-06,Torino,Bologna,W,Torino,0,0,Bologna,Torino,L,Bologna
1,0,2023-03-12,Torino,Lecce,W,Torino,0,0,Lecce,Torino,L,Lecce
0,0,2023-03-19,Torino,Napoli,L,Torino,1,0,Napoli,Torino,W,Napoli
0,0,2023-04-03,Torino,Sassuolo,D,Torino,0,1,Sassuolo,Torino,D,Sassuolo
0,0,2023-04-08,Torino,Roma,L,Torino,1,0,Roma,Torino,W,Roma
0,0,2023-04-16,Torino,Salernitana,D,Torino,0,0,Salernitana,Torino,D,Salernitana
1,0,2023-04-22,Torino,Lazio,W,Torino,0,0,Lazio,Torino,L,Lazio
0,0,2023-04-29,Torino,Atalanta,L,Torino,1,0,Atalanta,Torino,W,Atalanta
1,0,2023-05-03,Torino,Sampdoria,W,Torino,0,0,Sampdoria,Torino,L,Sampdoria
0,0,2023-05-07,Torino,Monza,D,Torino,0,0,Monza,Torino,D,Monza
1,0,2023-05-14,Torino,Verona,W,Torino,0,0,Verona,Torino,L,Verona
0,0,2023-05-21,Torino,Fiorentina,D,Torino,0,0,Fiorentina,Torino,D,Fiorentina
1,0,2023-05-27,Torino,Spezia,W,Torino,0,0,Spezia,Torino,L,Spezia
0,0,2023-06-03,Torino,Inter,L,Torino,1,0,Inter,Torino,W,Inter
0,0,2023-08-21,Torino,Cagliari,D,Torino,0,0,Cagliari,Torino,D,Cagliari
0,0,2023-08-26,Torino,Milan,L,Torino,1,0,Milan,Torino,W,Milan
1,0,2023-09-03,Torino,Genoa,W,Torino,0,0,Genoa,Torino,L,Genoa
1,0,2023-09-18,Torino,Salernitana,W,Torino,0,0,Salernitana,Torino,L,Salernitana
0,0,2023-09-24,Torino,Roma,D,Torino,0,0,Roma,Torino,D,Roma
0,0,2023-09-27,Torino,Lazio,L,Torino,1,0,Lazio,Torino,W,Lazio
0,0,2023-10-02,Torino,Verona,D,Torino,0,0,Verona,Torino,D,Verona
0,0,2023-10-07,Torino,Juventus,L,Torino,1,0,Juventus,Torino,W,Juventus
0,0,2023-10-21,Torino,Inter,L,Torino,1,0,Inter,Torino,W,Inter
1,0,2023-10-28,Torino,Lecce,W,Torino,0,0,Lecce,Torino,L,Lecce
1,0,2023-11-06,Torino,Sassuolo,W,Torino,0,0,Sassuolo,Torino,L,Sassuolo
0,0,2023-11-11,Torino,Monza,D,Torino,0,0,Monza,Torino,D,Monza
0,0,2023-11-27,Torino,Bologna,L,Torino,1,0,Bologna,Torino,W,Bologna
1,0,2023-12-04,Torino,Atalanta,W,Torino,0,0,Atalanta,Torino,L,Atalanta
0,0,2023-12-10,Torino,Frosinone,D,Torino,0,0,Frosinone,Torino,D,Frosinone
1,0,2023-12-16,Torino,Empoli,W,Torino,0,0,Empoli,Torino,L,Empoli
0,0,2023-12-23,Torino,Udinese,D,Torino,0,0,Udinese,Torino,D,Udinese
0,0,2023-12-29,Torino,Fiorentina,L,Torino,1,0,Fiorentina,Torino,W,Fiorentina
1,0,2024-01-07,Torino,Napoli,W,Torino,0,0,Napoli,Torino,L,Napoli
0,0,2024-01-13,Torino,Genoa,D,Torino,0,0,Genoa,Torino,D,Genoa
1,0,2024-01-26,Torino,Cagliari,W,Torino,0,0,Cagliari,Torino,L,Cagliari
0,0,2024-02-04,Torino,Salernitana,D,Torino,0,0,Salernitana,Torino,D,Salernitana
0,0,2024-02-10,Torino,Sassuolo,D,Torino,0,0,Sassuolo,Torino,D,Sassuolo
1,0,2024-02-16,Torino,Lecce,W,Torino,0,0,Lecce,Torino,L,Lecce
0,0,2024-02-22,Torino,Lazio,L,Torino,1,0,Lazio,Torino,W,Lazio
0,0,2024-02-26,Torino,Roma,L,Torino,1,0,Roma,Torino,W,Roma
0,0,2024-03-02,Torino,Fiorentina,D,Torino,0,0,Fiorentina,Torino,D,Fiorentina
0,0,2024-03-08,Torino,Napoli,D,Torino,0,1,Napoli,Torino,D,Napoli
1,0,2024-03-16,Torino,Udinese,W,Torino,0,0,Udinese,Torino,L,Udinese
1,0,2024-03-30,Torino,Monza,W,Torino,0,0,Monza,Torino,L,Monza
0,0,2024-04-06,Torino,Empoli,L,Torino,1,0,Empoli,Torino,W,Empoli
0,0,2024-04-13,Torino,Juventus,D,Torino,0,0,Juventus,Torino,D,Juventus
0,0,2024-04-21,Torino,Frosinone,D,Torino,0,0,Frosinone,Torino,D,Frosinone
0,0,2024-04-28,Torino,Inter,L,Torino,1,1,Inter,Torino,W,Inter
0,0,2024-05-03,Torino,Bologna,D,Torino,0,0,Bologna,Torino,D,Bologna
1,0,2024-05-12,Torino,Verona,W,Torino,0,0,Verona,Torino,L,Verona
1,0,2024-05-18,Torino,Milan,W,Torino,0,0,Milan,Torino,L,Milan
0,0,2024-05-26,Torino,Atalanta,L,Torino,1,1,Atalanta,Torino,W,Atalanta
0,0,2024-08-17,Torino,Milan,D,Torino,0,0,Milan,Torino,D,Milan
1,0,2024-08-25,Torino,Atalanta,W,Torino,0,0,Atalanta,Torino,L,Atalanta
1,0,2024-08-30,Torino,Venezia,W,Torino,0,0,Venezia,Torino,L,Venezia
0,0,2024-09-15,Torino,Lecce,D,Torino,0,0,Lecce,Torino,D,Lecce
1,0,2024-09-20,Torino,Verona,W,Torino,0,0,Verona,Torino,L,Verona
0,0,2024-09-29,Torino,Lazio,L,Torino,1,0,Lazio,Torino,W,Lazio
0,0,2024-10-05,Torino,Inter,L,Torino,1,0,Inter,Torino,W,Inter
0,0,2024-10-20,Torino,Cagliari,L,Torino,1,0,Cagliari,Torino,W,Cagliari
1,0,2024-10-25,Torino,Como,W,Torino,0,0,Como,Torino,L,Como
0,0,2024-10-31,Torino,Roma,L,Torino,1,0,Roma,Torino,W,Roma
0,0,2024-11-03,Torino,Fiorentina,L,Torino,1,1,Fiorentina,Torino,W,Fiorentina
0,0,2024-11-09,Torino,Juventus,L,Torino,1,0,Juventus,Torino,W,Juventus
0,0,2024-11-24,Torino,Monza,D,Torino,0,0,Monza,Torino,D,Monza
0,0,2024-12-01,Torino,Napoli,L,Torino,1,0,Napoli,Torino,W,Napoli
0,0,2024-12-07,Torino,Genoa,D,Torino,0,0,Genoa,Torino,D,Genoa
1,0,2024-12-13,Torino,Empoli,W,Torino,0,0,Empoli,Torino,L,Empoli
0,0,2024-12-21,Torino,Bologna,L,Torino,1,0,Bologna,Torino,W,Bologna
0,0,2024-12-29,Torino,Udinese,D,Torino,0,0,Udinese,Torino,D,Udinese
0,0,2025-01-05,Torino,Parma,D,Torino,0,0,Parma,Torino,D,Parma
0,0,2025-01-11,Torino,Juventus,D,Torino,0,0,Juventus,Torino,D,Juventus
0,0,2025-01-19,Torino,Fiorentina,D,Torino,0,0,Fiorentina,Torino,D,Fiorentina
1,0,2025-01-24,Torino,Cagliari,W,Torino,0,0,Cagliari,Torino,L,Cagliari
0,0,2025-02-01,Torino,Atalanta,D,Torino,0,0,Atalanta,Torino,D,Atalanta
0,0,2025-02-08,Torino,Genoa,D,Torino,0,0,Genoa,Torino,D,Genoa
0,0,2025-02-14,Torino,Bologna,L,Torino,1,0,Bologna,Torino,W,Bologna
1,0,2025-02-22,Torino,Milan,W,Torino,0,0,Milan,Torino,L,Milan
1,0,2025-03-02,Torino,Monza,W,Torino,0,0,Monza,Torino,L,Monza
0,0,2025-03-08,Torino,Parma,D,Torino,0,0,Parma,Torino,D,Parma
1,0,2025-03-15,Torino,Empoli,W,Torino,0,0,Empoli,Torino,L,Empoli
0,0,2025-03-31,Torino,Lazio,D,Torino,0,0,Lazio,Torino,D,Lazio
0,0,2025-04-06,Torino,Verona,D,Torino,0,0,Verona,Torino,D,Verona
0,0,2025-04-13,Torino,Como,L,Torino,1,1,Como,Torino,W,Como
1,0,2025-04-23,Torino,Udinese,W,Torino,0,0,Udinese,Torino,L,Udinese
0,0,2025-04-27,Torino,Napoli,L,Torino,1,0,Napoli,Torino,W,Napoli
0,0,2025-05-02,Torino,Venezia,D,Torino,0,0,Venezia,Torino,D,Venezia
0,0,2025-05-11,Torino,Inter,L,Torino,1,0,Inter,Torino,W,Inter
0,0,2025-05-18,Torino,Lecce,L,Torino,1,0,Lecce,Torino,W,Lecce
0,0,2025-05-25,Torino,Roma,L,Torino,1,0,Roma,Torino,W,Roma
0,0,2023-01-04,Udinese,Empoli,D,Udinese,0,0,Empoli,Udinese,D,Empoli
0,0,2023-01-07,Udinese,Juventus,L,Udinese,1,1,Juventus,Udinese,W,Juventus
0,0,2023-01-15,Udinese,Bologna,L,Udinese,1,0,Bologna,Udinese,W,Bologna
1,0,2023-01-22,Udinese,Sampdoria,W,Udinese,0,0,Sampdoria,Udinese,L,Sampdoria
0,0,2023-01-30,Udinese,Verona,D,Udinese,0,0,Verona,Udinese,D,Verona
0,1,2023-02-05,Udinese,Torino,L,Udinese,1,0,Torino,Udinese,W,Torino
0,0,2023-02-12,Udinese,Sassuolo,D,Udinese,0,0,Sassuolo,Udinese,D,Sassuolo
0,0,2023-02-18,Udinese,Inter,L,Udinese,1,1,Inter,Udinese,W,Inter
0,0,2023-02-26,Udinese,Spezia,D,Udinese,0,0,Spezia,Udinese,D,Spezia
0,0,2023-03-04,Udinese,Atalanta,D,Udinese,0,1,Atalanta,Udinese,D,Atalanta
1,0,2023-03-11,Udinese,Empoli,W,Udinese,0,0,Empoli,Udinese,L,Empoli
1,0,2023-03-18,Udinese,Milan,W,Udinese,0,0,Milan,Udinese,L,Milan
0,0,2023-04-02,Udinese,Bologna,L,Udinese,1,0,Bologna,Udinese,W,Bologna
0,0,2023-04-08,Udinese,Monza,D,Udinese,0,0,Monza,Udinese,D,Monza
0,0,2023-04-16,Udinese,Roma,L,Udinese,1,1,Roma,Udinese,W,Roma
1,0,2023-04-23,Udinese,Cremonese,W,Udinese,0,0,Cremonese,Udinese,L,Cremonese
0,0,2023-04-28,Udinese,Lecce,L,Udinese,1,0,Lecce,Udinese,W,Lecce
0,0,2023-05-04,Udinese,Napoli,D,Udinese,0,0,Napoli,Udinese,D,Napoli
1,0,2023-05-08,Udinese,Sampdoria,W,Udinese,0,0,Sampdoria,Udinese,L,Sampdoria
0,0,2023-05-14,Udinese,Fiorentina,L,Udinese,1,1,Fiorentina,Udinese,W,Fiorentina
0,0,2023-05-21,Udinese,Lazio,L,Udinese,1,0,Lazio,Udinese,W,Lazio
0,0,2023-05-27,Udinese,Salernitana,L,Udinese,1,0,Salernitana,Udinese,W,Salernitana
0,0,2023-06-04,Udinese,Juventus,L,Udinese,1,0,Juventus,Udinese,W,Juventus
0,0,2023-08-20,Udinese,Juventus,L,Udinese,1,0,Juventus,Udinese,W,Juventus
0,0,2023-08-28,Udinese,Salernitana,D,Udinese,0,0,Salernitana,Udinese,D,Salernitana
0,0,2023-09-17,Udinese,Cagliari,D,Udinese,0,0,Cagliari,Udinese,D,Cagliari
0,0,2023-09-24,Udinese,Fiorentina,L,Udinese,1,0,Fiorentina,Udinese,W,Fiorentina
0,0,2023-09-27,Udinese,Napoli,L,Udinese,1,0,Napoli,Udinese,W,Napoli
0,0,2023-10-01,Udinese,Genoa,D,Udinese,0,0,Genoa,Udinese,D,Genoa
0,0,2023-10-06,Udinese,Empoli,D,Udinese,0,0,Empoli,Udinese,D,Empoli
0,0,2023-10-23,Udinese,Lecce,D,Udinese,0,0,Lecce,Udinese,D,Lecce
0,0,2023-10-29,Udinese,Monza,D,Udinese,0,1,Monza,Udinese,D,Monza
1,0,2023-11-04,Udinese,Milan,W,Udinese,0,0,Milan,Udinese,L,Milan
0,0,2023-11-12,Udinese,Atalanta,D,Udinese,0,0,Atalanta,Udinese,D,Atalanta
0,0,2023-11-26,Udinese,Roma,L,Udinese,1,0,Roma,Udinese,W,Roma
0,0,2023-12-03,Udinese,Verona,D,Udinese,0,0,Verona,Udinese,D,Verona
0,0,2023-12-09,Udinese,Inter,L,Udinese,1,0,Inter,Udinese,W,Inter
0,0,2023-12-17,Udinese,Sassuolo,D,Udinese,0,0,Sassuolo,Udinese,D,Sassuolo
0,0,2023-12-23,Udinese,Torino,D,Udinese,0,0,Torino,Udinese,D,Torino
1,0,2023-12-30,Udinese,Bologna,W,Udinese,0,0,Bologna,Udinese,L,Bologna
0,0,2024-01-07,Udinese,Lazio,L,Udinese,1,0,Lazio,Udinese,W,Lazio
0,0,2024-01-14,Udinese,Fiorentina,D,Udinese,0,0,Fiorentina,Udinese,D,Fiorentina
0,0,2024-01-20,Udinese,Milan,L,Udinese,1,0,Milan,Udinese,W,Milan
0,0,2024-01-27,Udinese,Atalanta,L,Udinese,1,1,Atalanta,Udinese,W,Atalanta
0,0,2024-02-03,Udinese,Monza,D,Udinese,0,0,Monza,Udinese,D,Monza
1,0,2024-02-12,Udinese,Juventus,W,Udinese,0,0,Juventus,Udinese,L,Juventus
0,0,2024-02-18,Udinese,Cagliari,D,Udinese,0,0,Cagliari,Udinese,D,Cagliari
0,0,2024-02-24,Udinese,Genoa,L,Udinese,1,0,Genoa,Udinese,W,Genoa
0,0,2024-03-02,Udinese,Salernitana,D,Udinese,0,0,Salernitana,Udinese,D,Salernitana
1,0,2024-03-11,Udinese,Lazio,W,Udinese,0,0,Lazio,Udinese,L,Lazio
0,0,2024-03-16,Udinese,Torino,L,Udinese,1,0,Torino,Udinese,W,Torino
0,0,2024-04-01,Udinese,Sassuolo,D,Udinese,0,0,Sassuolo,Udinese,D,Sassuolo
0,0,2024-04-08,Udinese,Inter,L,Udinese,1,0,Inter,Udinese,W,Inter
0,0,2024-04-20,Udinese,Verona,L,Udinese,1,0,Verona,Udinese,W,Verona
0,0,2024-04-25,Udinese,Roma,L,Udinese,1,0,Roma,Udinese,W,Roma
0,0,2024-04-28,Udinese,Bologna,D,Udinese,0,1,Bologna,Udinese,D,Bologna
0,0,2024-05-06,Udinese,Napoli,D,Udinese,0,0,Napoli,Udinese,D,Napoli
1,0,2024-05-13,Udinese,Lecce,W,Udinese,0,0,Lecce,Udinese,L,Lecce
0,0,2024-05-19,Udinese,Empoli,D,Udinese,0,0,Empoli,Udinese,D,Empoli
1,0,2024-05-26,Udinese,Frosinone,W,Udinese,0,0,Frosinone,Udinese,L,Frosinone
0,0,2024-08-18,Udinese,Bologna,D,Udinese,0,0,Bologna,Udinese,D,Bologna
1,0,2024-08-24,Udinese,Lazio,W,Udinese,0,0,Lazio,Udinese,L,Lazio
1,0,2024-09-16,Udinese,Parma,W,Udinese,0,0,Parma,Udinese,L,Parma
0,0,2024-09-22,Udinese,Roma,L,Udinese,1,0,Roma,Udinese,W,Roma
0,0,2024-09-28,Udinese,Inter,L,Udinese,1,0,Inter,Udinese,W,Inter
1,0,2024-10-05,Udinese,Lecce,W,Udinese,0,0,Lecce,Udinese,L,Lecce
0,0,2024-10-19,Udinese,Milan,L,Udinese,1,1,Milan,Udinese,W,Milan
1,0,2024-10-25,Udinese,Cagliari,W,Udinese,0,0,Cagliari,Udinese,L,Cagliari
0,0,2024-10-30,Udinese,Venezia,L,Udinese,1,0,Venezia,Udinese,W,Venezia
0,0,2024-11-02,Udinese,Juventus,L,Udinese,1,0,Juventus,Udinese,W,Juventus
0,0,2024-11-10,Udinese,Atalanta,L,Udinese,1,1,Atalanta,Udinese,W,Atalanta
0,0,2024-11-25,Udinese,Empoli,D,Udinese,0,0,Empoli,Udinese,D,Empoli
0,0,2024-12-01,Udinese,Genoa,L,Udinese,1,0,Genoa,Udinese,W,Genoa
1,0,2024-12-09,Udinese,Monza,W,Udinese,0,0,Monza,Udinese,L,Monza
0,0,2024-12-14,Udinese,Napoli,L,Udinese,1,0,Napoli,Udinese,W,Napoli
1,0,2024-12-23,Udinese,Fiorentina,W,Udinese,0,0,Fiorentina,Udinese,L,Fiorentina
0,0,2024-12-29,Udinese,Torino,D,Udinese,0,0,Torino,Udinese,D,Torino
0,0,2025-01-04,Udinese,Verona,D,Udinese,0,0,Verona,Udinese,D,Verona
0,0,2025-01-11,Udinese,Atalanta,D,Udinese,0,0,Atalanta,Udinese,D,Atalanta
0,0,2025-01-20,Udinese,Como,L,Udinese,1,0,Como,Udinese,W,Como
0,0,2025-01-26,Udinese,Roma,L,Udinese,1,0,Roma,Udinese,W,Roma
1,0,2025-02-01,Udinese,Venezia,W,Udinese,0,0,Venezia,Udinese,L,Venezia
0,0,2025-02-09,Udinese,Napoli,D,Udinese,0,0,Napoli,Udinese,D,Napoli
1,0,2025-02-16,Udinese,Empoli,W,Udinese,0,0,Empoli,Udinese,L,Empoli
1,0,2025-02-21,Udinese,Lecce,W,Udinese,0,0,Lecce,Udinese,L,Lecce
1,0,2025-03-01,Udinese,Parma,W,Udinese,0,0,Parma,Udinese,L,Parma
0,0,2025-03-10,Udinese,Lazio,D,Udinese,0,0,Lazio,Udinese,D,Lazio
0,1,2025-03-15,Udinese,Verona,L,Udinese,1,0,Verona,Udinese,W,Verona
0,0,2025-03-30,Udinese,Inter,L,Udinese,1,0,Inter,Udinese,W,Inter
0,0,2025-04-04,Udinese,Genoa,L,Udinese,1,0,Genoa,Udinese,W,Genoa
0,0,2025-04-11,Udinese,Milan,L,Udinese,1,0,Milan,Udinese,W,Milan
0,0,2025-04-23,Udinese,Torino,L,Udinese,1,0,Torino,Udinese,W,Torino
0,0,2025-04-28,Udinese,Bologna,D,Udinese,0,0,Bologna,Udinese,D,Bologna
1,0,2025-05-03,Udinese,Cagliari,W,Udinese,0,0,Cagliari,Udinese,L,Cagliari
0,0,2025-05-11,Udinese,Monza,L,Udinese,1,0,Monza,Udinese,W,Monza
0,0,2025-05-18,Udinese,Juventus,L,Udinese,1,0,Juventus,Udinese,W,Juventus
0,0,2025-05-25,Udinese,Fiorentina,L,Udinese,1,0,Fiorentina,Udinese,W,Fiorentina
0,0,2024-08-18,Venezia,Lazio,L,Venezia,1,0,Lazio,Venezia,W,Lazio
0,0,2024-08-25,Venezia,Fiorentina,D,Venezia,0,0,Fiorentina,Venezia,D,Fiorentina
0,0,2024-08-30,Venezia,Torino,L,Venezia,1,0,Torino,Venezia,W,Torino
0,0,2024-09-14,Venezia,Milan,L,Venezia,1,0,Milan,Venezia,W,Milan
1,0,2024-09-21,Venezia,Genoa,W,Venezia,0,0,Genoa,Venezia,L,Genoa
0,0,2024-09-29,Venezia,Roma,L,Venezia,1,0,Roma,Venezia,W,Roma
0,0,2024-10-04,Venezia,Verona,L,Venezia,1,0,Verona,Venezia,W,Verona
0,0,2024-10-20,Venezia,Atalanta,L,Venezia,1,1,Atalanta,Venezia,W,Atalanta
0,0,2024-10-27,Venezia,Monza,D,Venezia,0,0,Monza,Venezia,D,Monza
1,0,2024-10-30,Venezia,Udinese,W,Venezia,0,0,Udinese,Venezia,L,Udinese
0,0,2024-11-03,Venezia,Inter,L,Venezia,1,1,Inter,Venezia,W,Inter
0,0,2024-11-09,Venezia,Parma,L,Venezia,1,0,Parma,Venezia,W,Parma
0,0,2024-11-25,Venezia,Lecce,L,Venezia,1,0,Lecce,Venezia,W,Lecce
0,0,2024-11-30,Venezia,Bologna,L,Venezia,1,0,Bologna,Venezia,W,Bologna
0,0,2024-12-08,Venezia,Como,D,Venezia,0,0,Como,Venezia,D,Como
0,0,2024-12-14,Venezia,Juventus,D,Venezia,0,0,Juventus,Venezia,D,Juventus
1,0,2024-12-22,Venezia,Cagliari,W,Venezia,0,0,Cagliari,Venezia,L,Cagliari
0,0,2024-12-29,Venezia,Napoli,L,Venezia,1,0,Napoli,Venezia,W,Napoli
0,0,2025-01-04,Venezia,Empoli,D,Venezia,0,0,Empoli,Venezia,D,Empoli
0,0,2025-01-12,Venezia,Inter,L,Venezia,1,1,Inter,Venezia,W,Inter
0,0,2025-01-19,Venezia,Parma,D,Venezia,0,0,Parma,Venezia,D,Parma
0,0,2025-01-27,Venezia,Verona,D,Venezia,0,0,Verona,Venezia,D,Verona
0,0,2025-02-01,Venezia,Udinese,L,Venezia,1,0,Udinese,Venezia,W,Udinese
0,0,2025-02-09,Venezia,Roma,L,Venezia,1,0,Roma,Venezia,W,Roma
0,0,2025-02-17,Venezia,Genoa,L,Venezia,1,0,Genoa,Venezia,W,Genoa
0,0,2025-02-22,Venezia,Lazio,D,Venezia,0,0,Lazio,Venezia,D,Lazio
0,0,2025-03-01,Venezia,Atalanta,D,Venezia,0,1,Atalanta,Venezia,D,Atalanta
0,0,2025-03-08,Venezia,Como,D,Venezia,0,0,Como,Venezia,D,Como
0,0,2025-03-16,Venezia,Napoli,D,Venezia,0,0,Napoli,Venezia,D,Napoli
0,0,2025-03-29,Venezia,Bologna,L,Venezia,1,0,Bologna,Venezia,W,Bologna
0,0,2025-04-06,Venezia,Lecce,D,Venezia,0,0,Lecce,Venezia,D,Lecce
1,0,2025-04-12,Venezia,Monza,W,Venezia,0,0,Monza,Venezia,L,Monza
0,0,2025-04-20,Venezia,Empoli,D,Venezia,0,0,Empoli,Venezia,D,Empoli
0,0,2025-04-27,Venezia,Milan,L,Venezia,1,0,Milan,Venezia,W,Milan
0,0,2025-05-02,Venezia,Torino,D,Venezia,0,0,Torino,Venezia,D,Torino
1,0,2025-05-12,Venezia,Fiorentina,W,Venezia,0,0,Fiorentina,Venezia,L,Fiorentina
0,0,2025-05-18,Venezia,Cagliari,L,Venezia,1,0,Cagliari,Venezia,W,Cagliari
0,0,2025-05-25,Venezia,Juventus,L,Venezia,1,0,Juventus,Venezia,W,Juventus
0,0,2023-01-04,Verona,Torino,D,Verona,0,0,Torino,Verona,D,Torino
1,0,2023-01-09,Verona,Cremonese,W,Verona,0,0,Cremonese,Verona,L,Cremonese
0,0,2023-01-14,Verona,Inter,L,Verona,1,0,Inter,Verona,W,Inter
1,0,2023-01-21,Verona,Lecce,W,Verona,0,0,Lecce,Verona,L,Lecce
0,0,2023-01-30,Verona,Udinese,D,Verona,0,0,Udinese,Verona,D,Udinese
0,0,2023-02-06,Verona,Lazio,D,Verona,0,0,Lazio,Verona,D,Lazio
1,0,2023-02-13,Verona,Salernitana,W,Verona,0,0,Salernitana,Verona,L,Salernitana
0,0,2023-02-19,Verona,Roma,L,Verona,1,0,Roma,Verona,W,Roma
0,0,2023-02-27,Verona,Fiorentina,L,Verona,1,0,Fiorentina,Verona,W,Fiorentina
0,0,2023-03-05,Verona,Spezia,D,Verona,0,0,Spezia,Verona,D,Spezia
0,0,2023-03-12,Verona,Monza,D,Verona,0,0,Monza,Verona,D,Monza
0,0,2023-03-19,Verona,Sampdoria,L,Verona,1,0,Sampdoria,Verona,W,Sampdoria
0,0,2023-04-01,Verona,Juventus,L,Verona,1,1,Juventus,Verona,W,Juventus
1,0,2023-04-08,Verona,Sassuolo,W,Verona,0,1,Sassuolo,Verona,L,Sassuolo
0,0,2023-04-15,Verona,Napoli,D,Verona,0,0,Napoli,Verona,D,Napoli
1,0,2023-04-21,Verona,Bologna,W,Verona,0,0,Bologna,Verona,L,Bologna
0,0,2023-04-30,Verona,Cremonese,D,Verona,0,0,Cremonese,Verona,D,Cremonese
0,0,2023-05-03,Verona,Inter,L,Verona,1,1,Inter,Verona,W,Inter
1,0,2023-05-07,Verona,Lecce,W,Verona,0,0,Lecce,Verona,L,Lecce
0,0,2023-05-14,Verona,Torino,L,Verona,1,0,Torino,Verona,W,Torino
0,0,2023-05-20,Verona,Atalanta,L,Verona,1,0,Atalanta,Verona,W,Atalanta
0,0,2023-05-28,Verona,Empoli,D,Verona,0,0,Empoli,Verona,D,Empoli
0,0,2023-06-04,Verona,Milan,L,Verona,1,1,Milan,Verona,W,Milan
1,0,2023-08-19,Verona,Empoli,W,Verona,0,0,Empoli,Verona,L,Empoli
1,0,2023-08-26,Verona,Roma,W,Verona,0,0,Roma,Verona,L,Roma
0,0,2023-09-01,Verona,Sassuolo,L,Verona,1,0,Sassuolo,Verona,W,Sassuolo
0,0,2023-09-18,Verona,Bologna,D,Verona,0,0,Bologna,Verona,D,Bologna
0,0,2023-09-23,Verona,Milan,L,Verona,1,0,Milan,Verona,W,Milan
0,0,2023-09-27,Verona,Atalanta,L,Verona,1,0,Atalanta,Verona,W,Atalanta
0,0,2023-10-02,Verona,Torino,D,Verona,0,0,Torino,Verona,D,Torino
0,0,2023-10-08,Verona,Frosinone,L,Verona,1,0,Frosinone,Verona,W,Frosinone
0,0,2023-10-21,Verona,Napoli,L,Verona,1,1,Napoli,Verona,W,Napoli
0,0,2023-10-28,Verona,Juventus,L,Verona,1,0,Juventus,Verona,W,Juventus
0,0,2023-11-05,Verona,Monza,L,Verona,1,0,Monza,Verona,W,Monza
0,0,2023-11-10,Verona,Genoa,L,Verona,1,0,Genoa,Verona,W,Genoa
0,0,2023-11-27,Verona,Lecce,D,Verona,0,0,Lecce,Verona,D,Lecce
0,0,2023-12-03,Verona,Udinese,D,Verona,0,0,Udinese,Verona,D,Udinese
0,0,2023-12-09,Verona,Lazio,D,Verona,0,0,Lazio,Verona,D,Lazio
0,0,2023-12-17,Verona,Fiorentina,L,Verona,1,1,Fiorentina,Verona,W,Fiorentina
1,0,2023-12-23,Verona,Cagliari,W,Verona,0,0,Cagliari,Verona,L,Cagliari
0,0,2023-12-30,Verona,Salernitana,L,Verona,1,0,Salernitana,Verona,W,Salernitana
0,0,2024-01-06,Verona,Inter,L,Verona,1,1,Inter,Verona,W,Inter
1,0,2024-01-13,Verona,Empoli,W,Verona,0,0,Empoli,Verona,L,Empoli
0,0,2024-01-20,Verona,Roma,L,Verona,1,0,Roma,Verona,W,Roma
0,0,2024-01-28,Verona,Frosinone,D,Verona,0,0,Frosinone,Verona,D,Frosinone
0,0,2024-02-04,Verona,Napoli,L,Verona,1,0,Napoli,Verona,W,Napoli
0,0,2024-02-11,Verona,Monza,D,Verona,0,0,Monza,Verona,D,Monza
0,0,2024-02-17,Verona,Juventus,D,Verona,0,0,Juventus,Verona,D,Juventus
0,0,2024-02-23,Verona,Bologna,L,Verona,1,1,Bologna,Verona,W,Bologna
1,0,2024-03-03,Verona,Sassuolo,W,Verona,0,0,Sassuolo,Verona,L,Sassuolo
1,0,2024-03-10,Verona,Lecce,W,Verona,0,0,Lecce,Verona,L,Lecce
0,0,2024-03-17,Verona,Milan,L,Verona,1,0,Milan,Verona,W,Milan
0,0,2024-04-01,Verona,Cagliari,D,Verona,0,0,Cagliari,Verona,D,Cagliari
0,0,2024-04-07,Verona,Genoa,L,Verona,1,0,Genoa,Verona,W,Genoa
0,0,2024-04-15,Verona,Atalanta,D,Verona,0,0,Atalanta,Verona,D,Atalanta
1,0,2024-04-20,Verona,Udinese,W,Verona,0,0,Udinese,Verona,L,Udinese
0,0,2024-04-27,Verona,Lazio,L,Verona,1,0,Lazio,Verona,W,Lazio
1,0,2024-05-05,Verona,Fiorentina,W,Verona,0,1,Fiorentina,Verona,L,Fiorentina
0,0,2024-05-12,Verona,Torino,L,Verona,1,0,Torino,Verona,W,Torino
1,0,2024-05-20,Verona,Salernitana,W,Verona,0,0,Salernitana,Verona,L,Salernitana
0,0,2024-05-26,Verona,Inter,D,Verona,0,0,Inter,Verona,D,Inter
1,0,2024-08-18,Verona,Napoli,W,Verona,0,0,Napoli,Verona,L,Napoli
0,0,2024-08-26,Verona,Juventus,L,Verona,1,0,Juventus,Verona,W,Juventus
1,0,2024-09-01,Verona,Genoa,W,Verona,0,0,Genoa,Verona,L,Genoa
0,0,2024-09-16,Verona,Lazio,L,Verona,1,0,Lazio,Verona,W,Lazio
0,0,2024-09-20,Verona,Torino,L,Verona,1,0,Torino,Verona,W,Torino
0,0,2024-09-29,Verona,Como,L,Verona,1,1,Como,Verona,W,Como
1,0,2024-10-04,Verona,Venezia,W,Verona,0,0,Venezia,Verona,L,Venezia
0,0,2024-10-21,Verona,Monza,L,Verona,1,0,Monza,Verona,W,Monza
0,0,2024-10-26,Verona,Atalanta,L,Verona,1,1,Atalanta,Verona,W,Atalanta
0,0,2024-10-29,Verona,Lecce,L,Verona,1,0,Lecce,Verona,W,Lecce
1,0,2024-11-03,Verona,Roma,W,Verona,0,0,Roma,Verona,L,Roma
0,0,2024-11-10,Verona,Fiorentina,L,Verona,1,1,Fiorentina,Verona,W,Fiorentina
0,0,2024-11-23,Verona,Inter,L,Verona,1,0,Inter,Verona,W,Inter
0,0,2024-11-29,Verona,Cagliari,L,Verona,1,0,Cagliari,Verona,W,Cagliari
0,0,2024-12-08,Verona,Empoli,L,Verona,1,0,Empoli,Verona,W,Empoli
1,0,2024-12-15,Verona,Parma,W,Verona,0,0,Parma,Verona,L,Parma
0,0,2024-12-20,Verona,Milan,L,Verona,1,0,Milan,Verona,W,Milan
1,0,2024-12-30,Verona,Bologna,W,Verona,0,0,Bologna,Verona,L,Bologna
0,0,2025-01-04,Verona,Udinese,D,Verona,0,0,Udinese,Verona,D,Udinese
0,0,2025-01-12,Verona,Napoli,L,Verona,1,1,Napoli,Verona,W,Napoli
0,0,2025-01-19,Verona,Lazio,L,Verona,1,0,Lazio,Verona,W,Lazio
0,0,2025-01-27,Verona,Venezia,D,Verona,0,0,Venezia,Verona,D,Venezia
1,0,2025-02-01,Verona,Monza,W,Verona,0,0,Monza,Verona,L,Monza
0,0,2025-02-08,Verona,Atalanta,L,Verona,1,0,Atalanta,Verona,W,Atalanta
0,0,2025-02-15,Verona,Milan,L,Verona,1,0,Milan,Verona,W,Milan
1,0,2025-02-23,Verona,Fiorentina,W,Verona,0,0,Fiorentina,Verona,L,Fiorentina
0,0,2025-03-03,Verona,Juventus,L,Verona,1,0,Juventus,Verona,W,Juventus
0,0,2025-03-09,Verona,Bologna,L,Verona,1,0,Bologna,Verona,W,Bologna
1,0,2025-03-15,Verona,Udinese,W,Verona,0,1,Udinese,Verona,L,Udinese
0,0,2025-03-31,Verona,Parma,D,Verona,0,0,Parma,Verona,D,Parma
0,0,2025-04-06,Verona,Torino,D,Verona,0,0,Torino,Verona,D,Torino
0,0,2025-04-13,Verona,Genoa,D,Verona,0,0,Genoa,Verona,D,Genoa
0,0,2025-04-19,Verona,Roma,L,Verona,1,0,Roma,Verona,W,Roma
0,0,2025-04-28,Verona,Cagliari,L,Verona,1,0,Cagliari,Verona,W,Cagliari
0,0,2025-05-03,Verona,Inter,L,Verona,1,0,Inter,Verona,W,Inter
0,0,2025-05-11,Verona,Lecce,D,Verona,0,0,Lecce,Verona,D,Lecce
0,0,2025-05-18,Verona,Como,D,Verona,0,0,Como,Verona,D,Como
1,0,2025-05-25,Verona,Empoli,W,Verona,0,0,Empoli,Verona,L,Empoli
