date,day,comp,venue,result,gf,ga,opponent,referee,sh,sot,foul_comm,foul_rec,yc_rec,rc_rec,yc_opp,rc_opp,season,team,day_code
2020-09-12,Sat,Premier League,Away,W,3.0,0.0,Fulham,C Kavanagh,13.0,6.0,12.0,12.0,2.0,0.0,2.0,0.0,2021,Arsenal,5
2020-09-12,Sat,Premier League,Home,W,1.0,0.0,Southampton,J Moss,5.0,3.0,14.0,11.0,2.0,0.0,1.0,0.0,2021,Crystal Palace,5
2020-09-12,Sat,Premier League,Home,L,0.0,3.0,Arsenal,C Kavanagh,5.0,2.0,12.0,12.0,2.0,0.0,2.0,0.0,2021,Fulham,5
2020-09-12,Sat,Premier League,Away,L,3.0,4.0,Liverpool,M Oliver,6.0,3.0,6.0,9.0,0.0,0.0,1.0,0.0,2021,Leeds,5
2020-09-12,Sat,Premier League,Home,W,4.0,3.0,Leeds,M Oliver,22.0,6.0,9.0,6.0,1.0,0.0,0.0,0.0,2021,Liverpool,5
2020-09-12,Sat,Premier League,Away,W,2.0,0.0,West Ham,S Attwell,15.0,2.0,7.0,13.0,2.0,0.0,2.0,0.0,2021,Newcastle,5
2020-09-12,Sat,Premier League,Away,L,0.0,1.0,Crystal Palace,J Moss,9.0,5.0,11.0,14.0,1.0,0.0,2.0,0.0,2021,Southampton,5
2020-09-12,Sat,Premier League,Home,L,0.0,2.0,Newcastle,S Attwell,15.0,3.0,13.0,7.0,2.0,0.0,2.0,0.0,2021,West Ham,5
2020-09-13,Sun,Premier League,Away,W,1.0,0.0,Tottenham,M Atkinson,15.0,4.0,7.0,15.0,0.0,0.0,1.0,0.0,2021,Everton,6
2020-09-13,Sun,Premier League,Away,W,3.0,0.0,West Brom,A Taylor,13.0,7.0,9.0,12.0,1.0,0.0,1.0,0.0,2021,Leicester,6
2020-09-13,Sun,Premier League,Home,L,0.0,1.0,Everton,M Atkinson,9.0,5.0,15.0,7.0,1.0,0.0,0.0,0.0,2021,Tottenham,6
2020-09-13,Sun,Premier League,Home,L,0.0,3.0,Leicester,A Taylor,7.0,1.0,12.0,9.0,1.0,0.0,1.0,0.0,2021,West Brom,6
2020-09-14,Mon,Premier League,Home,L,1.0,3.0,Chelsea,C Pawson,13.0,3.0,8.0,13.0,1.0,0.0,0.0,0.0,2021,Brighton,0
2020-09-14,Mon,Premier League,Away,W,3.0,1.0,Brighton,C Pawson,10.0,5.0,13.0,8.0,0.0,0.0,1.0,0.0,2021,Chelsea,0
2020-09-14,Mon,Premier League,Home,L,0.0,2.0,Wolves,M Dean,9.0,2.0,13.0,7.0,2.0,0.0,1.0,0.0,2021,Sheffield United,0
2020-09-14,Mon,Premier League,Away,W,2.0,0.0,Sheffield United,M Dean,11.0,4.0,7.0,13.0,1.0,0.0,2.0,0.0,2021,Wolves,0
2020-09-19,Sat,Premier League,Home,W,2.0,1.0,West Ham,M Oliver,7.0,3.0,11.0,13.0,0.0,0.0,1.0,0.0,2021,Arsenal,5
2020-09-19,Sat,Premier League,Away,W,3.0,1.0,Man United,M Atkinson,14.0,5.0,10.0,13.0,1.0,0.0,2.0,0.0,2021,Crystal Palace,5
2020-09-19,Sat,Premier League,Home,W,5.0,2.0,West Brom,M Dean,17.0,7.0,9.0,11.0,1.0,0.0,0.0,1.0,2021,Everton,5
2020-09-19,Sat,Premier League,Away,L,3.0,4.0,Leeds,A Taylor,14.0,6.0,18.0,13.0,2.0,0.0,1.0,0.0,2021,Fulham,5
2020-09-19,Sat,Premier League,Home,W,4.0,3.0,Fulham,A Taylor,10.0,7.0,13.0,18.0,1.0,0.0,2.0,0.0,2021,Leeds,5
2020-09-19,Sat,Premier League,Home,L,1.0,3.0,Crystal Palace,M Atkinson,13.0,4.0,13.0,10.0,2.0,0.0,1.0,0.0,2021,Man United,5
2020-09-19,Sat,Premier League,Away,L,2.0,5.0,Everton,M Dean,6.0,4.0,11.0,9.0,0.0,1.0,1.0,0.0,2021,West Brom,5
2020-09-19,Sat,Premier League,Away,L,1.0,2.0,Arsenal,M Oliver,14.0,3.0,13.0,11.0,1.0,0.0,0.0,0.0,2021,West Ham,5
2020-09-20,Sun,Premier League,Away,W,3.0,0.0,Newcastle,K Friend,13.0,6.0,15.0,16.0,0.0,1.0,3.0,0.0,2021,Brighton,6
2020-09-20,Sun,Premier League,Away,L,2.0,4.0,Leicester,L Mason,16.0,5.0,13.0,11.0,2.0,0.0,1.0,0.0,2021,Burnley,6
2020-09-20,Sun,Premier League,Home,L,0.0,2.0,Liverpool,P Tierney,5.0,3.0,10.0,6.0,0.0,1.0,0.0,0.0,2021,Chelsea,6
2020-09-20,Sun,Premier League,Home,W,4.0,2.0,Burnley,L Mason,14.0,6.0,11.0,13.0,1.0,0.0,2.0,0.0,2021,Leicester,6
2020-09-20,Sun,Premier League,Away,W,2.0,0.0,Chelsea,P Tierney,18.0,6.0,6.0,10.0,0.0,0.0,0.0,1.0,2021,Liverpool,6
2020-09-20,Sun,Premier League,Home,L,0.0,3.0,Brighton,K Friend,6.0,0.0,16.0,15.0,3.0,0.0,0.0,1.0,2021,Newcastle,6
2020-09-20,Sun,Premier League,Home,L,2.0,5.0,Tottenham,D Coote,14.0,7.0,16.0,18.0,4.0,0.0,3.0,0.0,2021,Southampton,6
2020-09-20,Sun,Premier League,Away,W,5.0,2.0,Southampton,D Coote,9.0,6.0,18.0,16.0,3.0,0.0,4.0,0.0,2021,Tottenham,6
2020-09-21,Mon,Premier League,Home,W,1.0,0.0,Sheffield United,G Scott,18.0,2.0,12.0,13.0,3.0,0.0,1.0,1.0,2021,Aston Villa,0
2020-09-21,Mon,Premier League,Away,W,3.0,1.0,Wolves,A Marriner,14.0,9.0,8.0,6.0,3.0,0.0,0.0,0.0,2021,Man City,0
2020-09-21,Mon,Premier League,Away,L,0.0,1.0,Aston Villa,G Scott,4.0,1.0,13.0,12.0,1.0,1.0,3.0,0.0,2021,Sheffield United,0
2020-09-21,Mon,Premier League,Home,L,1.0,3.0,Man City,A Marriner,10.0,1.0,6.0,8.0,0.0,0.0,3.0,0.0,2021,Wolves,0
2020-09-26,Sat,Premier League,Home,L,2.0,3.0,Man United,C Kavanagh,18.0,5.0,18.0,16.0,4.0,0.0,2.0,0.0,2021,Brighton,5
2020-09-26,Sat,Premier League,Home,L,0.0,1.0,Southampton,A Marriner,10.0,2.0,8.0,10.0,1.0,0.0,0.0,0.0,2021,Burnley,5
2020-09-26,Sat,Premier League,Away,D,3.0,3.0,West Brom,J Moss,22.0,10.0,16.0,8.0,3.0,0.0,1.0,0.0,2021,Chelsea,5
2020-09-26,Sat,Premier League,Home,L,1.0,2.0,Everton,K Friend,8.0,1.0,16.0,15.0,3.0,0.0,1.0,0.0,2021,Crystal Palace,5
2020-09-26,Sat,Premier League,Away,W,2.0,1.0,Crystal Palace,K Friend,10.0,5.0,15.0,16.0,1.0,0.0,3.0,0.0,2021,Everton,5
2020-09-26,Sat,Premier League,Away,W,3.0,2.0,Brighton,C Kavanagh,7.0,3.0,16.0,18.0,2.0,0.0,4.0,0.0,2021,Man United,5
2020-09-26,Sat,Premier League,Away,W,1.0,0.0,Burnley,A Marriner,5.0,1.0,10.0,8.0,0.0,0.0,1.0,0.0,2021,Southampton,5
2020-09-26,Sat,Premier League,Home,D,3.0,3.0,Chelsea,J Moss,9.0,3.0,8.0,16.0,1.0,0.0,3.0,0.0,2021,West Brom,5
2020-09-27,Sun,Premier League,Away,W,1.0,0.0,Sheffield United,P Tierney,17.0,9.0,4.0,18.0,1.0,0.0,2.0,0.0,2021,Leeds,6
2020-09-27,Sun,Premier League,Away,W,5.0,2.0,Man City,M Oliver,7.0,7.0,8.0,13.0,3.0,0.0,1.0,0.0,2021,Leicester,6
2020-09-27,Sun,Premier League,Home,L,2.0,5.0,Leicester,M Oliver,16.0,5.0,13.0,8.0,1.0,0.0,3.0,0.0,2021,Man City,6
2020-09-27,Sun,Premier League,Away,D,1.0,1.0,Tottenham,P Bankes,6.0,1.0,9.0,15.0,4.0,0.0,1.0,0.0,2021,Newcastle,6
2020-09-27,Sun,Premier League,Home,L,0.0,1.0,Leeds,P Tierney,14.0,4.0,18.0,4.0,2.0,0.0,1.0,0.0,2021,Sheffield United,6
2020-09-27,Sun,Premier League,Home,D,1.0,1.0,Newcastle,P Bankes,23.0,12.0,15.0,9.0,1.0,0.0,4.0,0.0,2021,Tottenham,6
2020-09-27,Sun,Premier League,Home,W,4.0,0.0,Wolves,M Atkinson,15.0,7.0,7.0,11.0,0.0,0.0,1.0,0.0,2021,West Ham,6
2020-09-27,Sun,Premier League,Away,L,0.0,4.0,West Ham,M Atkinson,11.0,2.0,11.0,7.0,1.0,0.0,0.0,0.0,2021,Wolves,6
2020-09-28,Mon,Premier League,Away,L,1.0,3.0,Liverpool,C Pawson,4.0,3.0,7.0,11.0,2.0,0.0,2.0,0.0,2021,Arsenal,0
2020-09-28,Mon,Premier League,Away,W,3.0,0.0,Fulham,S Attwell,12.0,5.0,14.0,18.0,3.0,0.0,6.0,0.0,2021,Aston Villa,0
2020-09-28,Mon,Premier League,Home,L,0.0,3.0,Aston Villa,S Attwell,16.0,3.0,18.0,14.0,6.0,0.0,3.0,0.0,2021,Fulham,0
2020-09-28,Mon,Premier League,Home,W,3.0,1.0,Arsenal,C Pawson,21.0,8.0,11.0,7.0,2.0,0.0,2.0,0.0,2021,Liverpool,0
2020-10-03,Sat,Premier League,Away,L,2.0,4.0,Everton,S Hooper,11.0,3.0,14.0,13.0,1.0,0.0,0.0,0.0,2021,Brighton,5
2020-10-03,Sat,Premier League,Away,L,1.0,3.0,Newcastle,D Coote,7.0,3.0,17.0,13.0,3.0,0.0,2.0,0.0,2021,Burnley,5
2020-10-03,Sat,Premier League,Home,W,4.0,0.0,Crystal Palace,M Oliver,17.0,6.0,17.0,13.0,2.0,0.0,0.0,0.0,2021,Chelsea,5
2020-10-03,Sat,Premier League,Away,L,0.0,4.0,Chelsea,M Oliver,4.0,0.0,13.0,17.0,0.0,0.0,2.0,0.0,2021,Crystal Palace,5
2020-10-03,Sat,Premier League,Home,W,4.0,2.0,Brighton,S Hooper,11.0,6.0,13.0,14.0,0.0,0.0,1.0,0.0,2021,Everton,5
2020-10-03,Sat,Premier League,Home,D,1.0,1.0,Man City,M Dean,12.0,7.0,11.0,12.0,2.0,0.0,1.0,0.0,2021,Leeds,5
2020-10-03,Sat,Premier League,Away,D,1.0,1.0,Leeds,M Dean,23.0,2.0,12.0,11.0,1.0,0.0,2.0,0.0,2021,Man City,5
2020-10-03,Sat,Premier League,Home,W,3.0,1.0,Burnley,D Coote,10.0,5.0,13.0,17.0,2.0,0.0,3.0,0.0,2021,Newcastle,5
2020-10-04,Sun,Premier League,Home,W,2.0,1.0,Sheffield United,L Mason,6.0,5.0,3.0,9.0,0.0,0.0,1.0,0.0,2021,Arsenal,6
2020-10-04,Sun,Premier League,Home,W,7.0,2.0,Liverpool,M Atkinson,18.0,11.0,7.0,10.0,2.0,0.0,1.0,0.0,2021,Aston Villa,6
2020-10-04,Sun,Premier League,Away,L,0.0,1.0,Wolves,D England,10.0,2.0,8.0,15.0,1.0,0.0,1.0,0.0,2021,Fulham,6
2020-10-04,Sun,Premier League,Home,L,0.0,3.0,West Ham,A Madley,4.0,0.0,11.0,8.0,2.0,0.0,2.0,0.0,2021,Leicester,6
2020-10-04,Sun,Premier League,Away,L,2.0,7.0,Aston Villa,M Atkinson,14.0,8.0,10.0,7.0,1.0,0.0,2.0,0.0,2021,Liverpool,6
2020-10-04,Sun,Premier League,Home,L,1.0,6.0,Tottenham,A Taylor,5.0,2.0,14.0,10.0,2.0,1.0,1.0,0.0,2021,Man United,6
2020-10-04,Sun,Premier League,Away,L,1.0,2.0,Arsenal,L Mason,6.0,2.0,9.0,3.0,1.0,0.0,0.0,0.0,2021,Sheffield United,6
2020-10-04,Sun,Premier League,Home,W,2.0,0.0,West Brom,C Kavanagh,13.0,7.0,19.0,10.0,2.0,0.0,1.0,0.0,2021,Southampton,6
2020-10-04,Sun,Premier League,Away,W,6.0,1.0,Man United,A Taylor,22.0,8.0,10.0,14.0,1.0,0.0,2.0,1.0,2021,Tottenham,6
2020-10-04,Sun,Premier League,Away,L,0.0,2.0,Southampton,C Kavanagh,5.0,2.0,10.0,19.0,1.0,0.0,2.0,0.0,2021,West Brom,6
2020-10-04,Sun,Premier League,Away,W,3.0,0.0,Leicester,A Madley,14.0,6.0,8.0,11.0,2.0,0.0,2.0,0.0,2021,West Ham,6
2020-10-04,Sun,Premier League,Home,W,1.0,0.0,Fulham,D England,14.0,5.0,15.0,8.0,1.0,0.0,1.0,0.0,2021,Wolves,6
2020-10-17,Sat,Premier League,Away,L,0.0,1.0,Man City,C Kavanagh,11.0,3.0,10.0,15.0,1.0,0.0,4.0,0.0,2021,Arsenal,5
2020-10-17,Sat,Premier League,Home,D,3.0,3.0,Southampton,P Bankes,11.0,5.0,11.0,9.0,1.0,0.0,1.0,0.0,2021,Chelsea,5
2020-10-17,Sat,Premier League,Home,D,2.0,2.0,Liverpool,M Oliver,11.0,5.0,15.0,9.0,3.0,1.0,2.0,0.0,2021,Everton,5
2020-10-17,Sat,Premier League,Away,D,2.0,2.0,Everton,M Oliver,22.0,8.0,9.0,15.0,2.0,0.0,3.0,1.0,2021,Liverpool,5
2020-10-17,Sat,Premier League,Home,W,1.0,0.0,Arsenal,C Kavanagh,13.0,5.0,15.0,10.0,4.0,0.0,1.0,0.0,2021,Man City,5
2020-10-17,Sat,Premier League,Away,W,4.0,1.0,Newcastle,C Pawson,28.0,14.0,12.0,9.0,1.0,0.0,1.0,0.0,2021,Man United,5
2020-10-17,Sat,Premier League,Home,L,1.0,4.0,Man United,C Pawson,7.0,4.0,9.0,12.0,1.0,0.0,1.0,0.0,2021,Newcastle,5
2020-10-17,Sat,Premier League,Away,D,3.0,3.0,Chelsea,P Bankes,13.0,6.0,9.0,11.0,1.0,0.0,1.0,0.0,2021,Southampton,5
2020-10-18,Sun,Premier League,Away,W,1.0,0.0,Leicester,J Moss,10.0,4.0,18.0,18.0,3.0,0.0,4.0,0.0,2021,Aston Villa,6
2020-10-18,Sun,Premier League,Away,D,1.0,1.0,Crystal Palace,S Attwell,20.0,3.0,12.0,13.0,2.0,1.0,3.0,0.0,2021,Brighton,6
2020-10-18,Sun,Premier League,Home,D,1.0,1.0,Brighton,S Attwell,1.0,1.0,13.0,12.0,3.0,0.0,2.0,1.0,2021,Crystal Palace,6
2020-10-18,Sun,Premier League,Away,D,1.0,1.0,Sheffield United,A Marriner,15.0,6.0,9.0,5.0,2.0,0.0,0.0,0.0,2021,Fulham,6
2020-10-18,Sun,Premier League,Home,L,0.0,1.0,Aston Villa,J Moss,11.0,5.0,18.0,18.0,4.0,0.0,3.0,0.0,2021,Leicester,6
2020-10-18,Sun,Premier League,Home,D,1.0,1.0,Fulham,A Marriner,10.0,6.0,5.0,9.0,0.0,0.0,2.0,0.0,2021,Sheffield United,6
2020-10-18,Sun,Premier League,Home,D,3.0,3.0,West Ham,P Tierney,11.0,6.0,13.0,12.0,0.0,0.0,5.0,0.0,2021,Tottenham,6
2020-10-18,Sun,Premier League,Away,D,3.0,3.0,Tottenham,P Tierney,13.0,4.0,12.0,13.0,5.0,0.0,0.0,0.0,2021,West Ham,6
2020-10-19,Mon,Premier League,Away,D,0.0,0.0,West Brom,A Taylor,9.0,4.0,17.0,15.0,2.0,0.0,2.0,0.0,2021,Burnley,0
2020-10-19,Mon,Premier League,Home,L,0.0,1.0,Wolves,D Coote,13.0,2.0,13.0,12.0,2.0,0.0,1.0,0.0,2021,Leeds,0
2020-10-19,Mon,Premier League,Home,D,0.0,0.0,Burnley,A Taylor,13.0,6.0,15.0,17.0,2.0,0.0,2.0,0.0,2021,West Brom,0
2020-10-19,Mon,Premier League,Away,W,1.0,0.0,Leeds,D Coote,7.0,3.0,12.0,13.0,1.0,0.0,2.0,0.0,2021,Wolves,0
2020-10-23,Fri,Premier League,Home,L,0.0,3.0,Leeds,P Tierney,12.0,4.0,14.0,17.0,2.0,0.0,2.0,0.0,2021,Aston Villa,4
2020-10-23,Fri,Premier League,Away,W,3.0,0.0,Aston Villa,P Tierney,27.0,9.0,17.0,14.0,2.0,0.0,2.0,0.0,2021,Leeds,4
2020-10-24,Sat,Premier League,Away,D,0.0,0.0,Man United,M Atkinson,6.0,1.0,6.0,8.0,1.0,0.0,3.0,0.0,2021,Chelsea,5
2020-10-24,Sat,Premier League,Away,W,2.0,1.0,Fulham,G Scott,14.0,10.0,11.0,11.0,1.0,0.0,0.0,1.0,2021,Crystal Palace,5
2020-10-24,Sat,Premier League,Home,L,1.0,2.0,Crystal Palace,G Scott,16.0,3.0,11.0,11.0,0.0,1.0,1.0,0.0,2021,Fulham,5
2020-10-24,Sat,Premier League,Home,W,2.0,1.0,Sheffield United,M Dean,17.0,5.0,7.0,15.0,0.0,0.0,3.0,0.0,2021,Liverpool,5
2020-10-24,Sat,Premier League,Away,D,1.0,1.0,West Ham,A Taylor,14.0,7.0,6.0,14.0,0.0,0.0,2.0,0.0,2021,Man City,5
2020-10-24,Sat,Premier League,Home,D,0.0,0.0,Chelsea,M Atkinson,14.0,4.0,8.0,6.0,3.0,0.0,1.0,0.0,2021,Man United,5
2020-10-24,Sat,Premier League,Away,L,1.0,2.0,Liverpool,M Dean,13.0,2.0,15.0,7.0,3.0,0.0,0.0,0.0,2021,Sheffield United,5
2020-10-24,Sat,Premier League,Home,D,1.0,1.0,Man City,A Taylor,6.0,2.0,14.0,6.0,2.0,0.0,0.0,0.0,2021,West Ham,5
2020-10-25,Sun,Premier League,Home,L,0.0,1.0,Leicester,C Pawson,12.0,4.0,13.0,9.0,3.0,0.0,5.0,0.0,2021,Arsenal,6
2020-10-25,Sun,Premier League,Away,L,0.0,2.0,Southampton,K Friend,6.0,2.0,11.0,11.0,2.0,1.0,1.0,0.0,2021,Everton,6
2020-10-25,Sun,Premier League,Away,W,1.0,0.0,Arsenal,C Pawson,6.0,2.0,9.0,13.0,5.0,0.0,3.0,0.0,2021,Leicester,6
2020-10-25,Sun,Premier League,Away,D,1.0,1.0,Wolves,L Mason,5.0,2.0,10.0,10.0,1.0,0.0,0.0,0.0,2021,Newcastle,6
2020-10-25,Sun,Premier League,Home,W,2.0,0.0,Everton,K Friend,12.0,6.0,11.0,11.0,1.0,0.0,2.0,1.0,2021,Southampton,6
2020-10-25,Sun,Premier League,Home,D,1.0,1.0,Newcastle,L Mason,16.0,3.0,10.0,10.0,0.0,0.0,1.0,0.0,2021,Wolves,6
2020-10-26,Mon,Premier League,Home,D,1.0,1.0,West Brom,J Moss,5.0,3.0,14.0,7.0,2.0,0.0,0.0,0.0,2021,Brighton,0
2020-10-26,Mon,Premier League,Home,L,0.0,1.0,Tottenham,M Oliver,13.0,4.0,9.0,7.0,2.0,0.0,0.0,0.0,2021,Burnley,0
2020-10-26,Mon,Premier League,Away,W,1.0,0.0,Burnley,M Oliver,9.0,3.0,7.0,9.0,0.0,0.0,2.0,0.0,2021,Tottenham,0
2020-10-26,Mon,Premier League,Away,D,1.0,1.0,Brighton,J Moss,9.0,3.0,7.0,14.0,0.0,0.0,2.0,0.0,2021,West Brom,0
2020-10-30,Fri,Premier League,Away,L,0.0,2.0,Wolves,M Atkinson,11.0,2.0,4.0,13.0,2.0,1.0,0.0,0.0,2021,Crystal Palace,4
2020-10-30,Fri,Premier League,Home,W,2.0,0.0,Crystal Palace,M Atkinson,15.0,5.0,13.0,4.0,0.0,0.0,2.0,1.0,2021,Wolves,4
2020-10-31,Sat,Premier League,Home,L,0.0,3.0,Chelsea,D Coote,5.0,0.0,10.0,15.0,1.0,0.0,0.0,0.0,2021,Burnley,5
2020-10-31,Sat,Premier League,Away,W,3.0,0.0,Burnley,D Coote,14.0,9.0,15.0,10.0,0.0,0.0,1.0,0.0,2021,Chelsea,5
2020-10-31,Sat,Premier League,Home,W,2.0,1.0,West Ham,K Friend,9.0,5.0,13.0,14.0,0.0,0.0,1.0,0.0,2021,Liverpool,5
2020-10-31,Sat,Premier League,Away,W,1.0,0.0,Sheffield United,M Oliver,16.0,8.0,6.0,14.0,0.0,0.0,0.0,0.0,2021,Man City,5
2020-10-31,Sat,Premier League,Home,L,0.0,1.0,Man City,M Oliver,5.0,1.0,14.0,6.0,0.0,0.0,0.0,0.0,2021,Sheffield United,5
2020-10-31,Sat,Premier League,Away,L,1.0,2.0,Liverpool,K Friend,4.0,3.0,14.0,13.0,1.0,0.0,0.0,0.0,2021,West Ham,5
2020-11-01,Sun,Premier League,Away,W,1.0,0.0,Man United,M Dean,7.0,2.0,12.0,12.0,3.0,0.0,3.0,0.0,2021,Arsenal,6
2020-11-01,Sun,Premier League,Home,L,3.0,4.0,Southampton,D England,19.0,10.0,12.0,17.0,1.0,0.0,2.0,0.0,2021,Aston Villa,6
2020-11-01,Sun,Premier League,Away,L,1.0,2.0,Tottenham,G Scott,6.0,2.0,13.0,14.0,1.0,0.0,2.0,0.0,2021,Brighton,6
2020-11-01,Sun,Premier League,Away,L,1.0,2.0,Newcastle,S Attwell,15.0,4.0,10.0,9.0,4.0,0.0,2.0,0.0,2021,Everton,6
2020-11-01,Sun,Premier League,Home,L,0.0,1.0,Arsenal,M Dean,8.0,2.0,12.0,12.0,3.0,0.0,3.0,0.0,2021,Man United,6
2020-11-01,Sun,Premier League,Home,W,2.0,1.0,Everton,S Attwell,11.0,4.0,9.0,10.0,2.0,0.0,4.0,0.0,2021,Newcastle,6
2020-11-01,Sun,Premier League,Away,W,4.0,3.0,Aston Villa,D England,9.0,4.0,17.0,12.0,2.0,0.0,1.0,0.0,2021,Southampton,6
2020-11-01,Sun,Premier League,Home,W,2.0,1.0,Brighton,G Scott,9.0,3.0,14.0,13.0,2.0,0.0,1.0,0.0,2021,Tottenham,6
2020-11-02,Mon,Premier League,Home,W,2.0,0.0,West Brom,S Hooper,13.0,6.0,13.0,11.0,3.0,0.0,2.0,0.0,2021,Fulham,0
2020-11-02,Mon,Premier League,Home,L,1.0,4.0,Leicester,A Marriner,11.0,4.0,9.0,5.0,1.0,0.0,1.0,0.0,2021,Leeds,0
2020-11-02,Mon,Premier League,Away,W,4.0,1.0,Leeds,A Marriner,10.0,8.0,5.0,9.0,1.0,0.0,1.0,0.0,2021,Leicester,0
2020-11-02,Mon,Premier League,Away,L,0.0,2.0,Fulham,S Hooper,10.0,1.0,11.0,13.0,2.0,0.0,3.0,0.0,2021,West Brom,0
2020-11-06,Fri,Premier League,Home,D,0.0,0.0,Burnley,M Dean,19.0,3.0,11.0,5.0,1.0,0.0,0.0,0.0,2021,Brighton,4
2020-11-06,Fri,Premier League,Away,D,0.0,0.0,Brighton,M Dean,4.0,1.0,5.0,11.0,0.0,0.0,1.0,0.0,2021,Burnley,4
2020-11-06,Fri,Premier League,Away,L,0.0,2.0,Southampton,P Bankes,4.0,2.0,11.0,12.0,2.0,0.0,1.0,0.0,2021,Newcastle,4
2020-11-06,Fri,Premier League,Home,W,2.0,0.0,Newcastle,P Bankes,15.0,8.0,12.0,11.0,1.0,0.0,2.0,0.0,2021,Southampton,4
2020-11-07,Sat,Premier League,Home,W,4.0,1.0,Sheffield United,J Moss,20.0,9.0,5.0,14.0,0.0,0.0,2.0,0.0,2021,Chelsea,5
2020-11-07,Sat,Premier League,Home,W,4.0,1.0,Leeds,C Kavanagh,10.0,6.0,9.0,1.0,0.0,0.0,2.0,0.0,2021,Crystal Palace,5
2020-11-07,Sat,Premier League,Home,L,1.0,3.0,Man United,P Tierney,7.0,1.0,12.0,19.0,4.0,0.0,2.0,0.0,2021,Everton,5
2020-11-07,Sat,Premier League,Away,L,0.0,1.0,West Ham,R Jones,13.0,3.0,9.0,10.0,2.0,0.0,2.0,0.0,2021,Fulham,5
2020-11-07,Sat,Premier League,Away,L,1.0,4.0,Crystal Palace,C Kavanagh,9.0,3.0,1.0,9.0,2.0,0.0,0.0,0.0,2021,Leeds,5
2020-11-07,Sat,Premier League,Away,W,3.0,1.0,Everton,P Tierney,13.0,5.0,19.0,12.0,2.0,0.0,4.0,0.0,2021,Man United,5
2020-11-07,Sat,Premier League,Away,L,1.0,4.0,Chelsea,J Moss,6.0,3.0,14.0,5.0,2.0,0.0,0.0,0.0,2021,Sheffield United,5
2020-11-07,Sat,Premier League,Home,W,1.0,0.0,Fulham,R Jones,16.0,7.0,10.0,9.0,2.0,0.0,2.0,0.0,2021,West Ham,5
2020-11-08,Sun,Premier League,Home,L,0.0,3.0,Aston Villa,M Atkinson,13.0,2.0,11.0,13.0,0.0,0.0,0.0,0.0,2021,Arsenal,6
2020-11-08,Sun,Premier League,Away,W,3.0,0.0,Arsenal,M Atkinson,15.0,6.0,13.0,11.0,0.0,0.0,0.0,0.0,2021,Aston Villa,6
2020-11-08,Sun,Premier League,Home,W,1.0,0.0,Wolves,A Taylor,10.0,3.0,12.0,8.0,2.0,0.0,3.0,0.0,2021,Leicester,6
2020-11-08,Sun,Premier League,Away,D,1.0,1.0,Man City,C Pawson,10.0,3.0,11.0,19.0,1.0,0.0,3.0,0.0,2021,Liverpool,6
2020-11-08,Sun,Premier League,Home,D,1.0,1.0,Liverpool,C Pawson,7.0,2.0,19.0,11.0,3.0,0.0,1.0,0.0,2021,Man City,6
2020-11-08,Sun,Premier League,Away,W,1.0,0.0,West Brom,A Madley,19.0,5.0,12.0,17.0,0.0,0.0,1.0,0.0,2021,Tottenham,6
2020-11-08,Sun,Premier League,Home,L,0.0,1.0,Tottenham,A Madley,12.0,2.0,17.0,12.0,1.0,0.0,0.0,0.0,2021,West Brom,6
2020-11-08,Sun,Premier League,Away,L,0.0,1.0,Leicester,A Taylor,7.0,2.0,8.0,12.0,3.0,0.0,2.0,0.0,2021,Wolves,6
2020-11-21,Sat,Premier League,Home,L,1.0,2.0,Brighton,M Oliver,15.0,4.0,5.0,18.0,2.0,0.0,1.0,1.0,2021,Aston Villa,5
2020-11-21,Sat,Premier League,Away,W,2.0,1.0,Aston Villa,M Oliver,7.0,3.0,18.0,5.0,1.0,1.0,2.0,0.0,2021,Brighton,5
2020-11-21,Sat,Premier League,Away,W,2.0,0.0,Newcastle,C Pawson,14.0,3.0,12.0,11.0,0.0,0.0,2.0,0.0,2021,Chelsea,5
2020-11-21,Sat,Premier League,Away,L,0.0,2.0,Tottenham,M Dean,22.0,5.0,19.0,13.0,2.0,0.0,2.0,0.0,2021,Man City,5
2020-11-21,Sat,Premier League,Home,W,1.0,0.0,West Brom,D Coote,17.0,7.0,12.0,17.0,1.0,0.0,1.0,0.0,2021,Man United,5
2020-11-21,Sat,Premier League,Home,L,0.0,2.0,Chelsea,C Pawson,8.0,1.0,11.0,12.0,2.0,0.0,0.0,0.0,2021,Newcastle,5
2020-11-21,Sat,Premier League,Home,W,2.0,0.0,Man City,M Dean,4.0,2.0,13.0,19.0,2.0,0.0,2.0,0.0,2021,Tottenham,5
2020-11-21,Sat,Premier League,Away,L,0.0,1.0,Man United,D Coote,7.0,2.0,17.0,12.0,1.0,0.0,1.0,0.0,2021,West Brom,5
2020-11-22,Sun,Premier League,Away,D,0.0,0.0,Leeds,A Taylor,9.0,2.0,8.0,9.0,0.0,1.0,3.0,0.0,2021,Arsenal,6
2020-11-22,Sun,Premier League,Away,W,3.0,2.0,Fulham,A Madley,9.0,7.0,10.0,14.0,0.0,0.0,2.0,0.0,2021,Everton,6
2020-11-22,Sun,Premier League,Home,L,2.0,3.0,Everton,A Madley,14.0,6.0,14.0,10.0,2.0,0.0,0.0,0.0,2021,Fulham,6
2020-11-22,Sun,Premier League,Home,D,0.0,0.0,Arsenal,A Taylor,25.0,4.0,9.0,8.0,3.0,0.0,0.0,1.0,2021,Leeds,6
2020-11-22,Sun,Premier League,Away,L,0.0,3.0,Liverpool,C Kavanagh,11.0,4.0,6.0,15.0,2.0,0.0,0.0,0.0,2021,Leicester,6
2020-11-22,Sun,Premier League,Home,W,3.0,0.0,Leicester,C Kavanagh,24.0,13.0,15.0,6.0,0.0,0.0,2.0,0.0,2021,Liverpool,6
2020-11-22,Sun,Premier League,Home,L,0.0,1.0,West Ham,M Atkinson,9.0,5.0,7.0,6.0,0.0,0.0,0.0,0.0,2021,Sheffield United,6
2020-11-22,Sun,Premier League,Away,W,1.0,0.0,Sheffield United,M Atkinson,15.0,3.0,6.0,7.0,0.0,0.0,0.0,0.0,2021,West Ham,6
2020-11-23,Mon,Premier League,Home,W,1.0,0.0,Crystal Palace,K Friend,10.0,4.0,13.0,9.0,2.0,0.0,0.0,0.0,2021,Burnley,0
2020-11-23,Mon,Premier League,Away,L,0.0,1.0,Burnley,K Friend,15.0,5.0,9.0,13.0,0.0,0.0,2.0,0.0,2021,Crystal Palace,0
2020-11-23,Mon,Premier League,Away,D,1.0,1.0,Wolves,A Marriner,7.0,2.0,13.0,14.0,0.0,0.0,2.0,0.0,2021,Southampton,0
2020-11-23,Mon,Premier League,Home,D,1.0,1.0,Southampton,A Marriner,20.0,9.0,14.0,13.0,2.0,0.0,0.0,0.0,2021,Wolves,0
2020-11-27,Fri,Premier League,Home,L,0.0,2.0,Newcastle,G Scott,12.0,3.0,9.0,10.0,2.0,0.0,2.0,0.0,2021,Crystal Palace,4
2020-11-27,Fri,Premier League,Away,W,2.0,0.0,Crystal Palace,G Scott,14.0,7.0,10.0,9.0,2.0,0.0,2.0,0.0,2021,Newcastle,4
2020-11-28,Sat,Premier League,Home,D,1.0,1.0,Liverpool,S Attwell,11.0,3.0,9.0,13.0,2.0,0.0,1.0,0.0,2021,Brighton,5
2020-11-28,Sat,Premier League,Away,L,0.0,5.0,Man City,L Mason,9.0,1.0,4.0,12.0,0.0,0.0,0.0,0.0,2021,Burnley,5
2020-11-28,Sat,Premier League,Home,L,0.0,1.0,Leeds,C Kavanagh,15.0,8.0,8.0,14.0,1.0,0.0,2.0,0.0,2021,Everton,5
2020-11-28,Sat,Premier League,Away,W,1.0,0.0,Everton,C Kavanagh,23.0,7.0,14.0,8.0,2.0,0.0,1.0,0.0,2021,Leeds,5
2020-11-28,Sat,Premier League,Away,D,1.0,1.0,Brighton,S Attwell,6.0,2.0,13.0,9.0,1.0,0.0,2.0,0.0,2021,Liverpool,5
2020-11-28,Sat,Premier League,Home,W,5.0,0.0,Burnley,L Mason,19.0,6.0,12.0,4.0,0.0,0.0,0.0,0.0,2021,Man City,5
2020-11-28,Sat,Premier League,Away,L,0.0,1.0,West Brom,M Dean,21.0,5.0,9.0,10.0,3.0,0.0,2.0,0.0,2021,Sheffield United,5
2020-11-28,Sat,Premier League,Home,W,1.0,0.0,Sheffield United,M Dean,17.0,6.0,10.0,9.0,2.0,0.0,3.0,0.0,2021,West Brom,5
2020-11-29,Sun,Premier League,Home,L,1.0,2.0,Wolves,M Oliver,13.0,2.0,13.0,13.0,3.0,0.0,4.0,0.0,2021,Arsenal,6
2020-11-29,Sun,Premier League,Home,D,0.0,0.0,Tottenham,P Tierney,13.0,3.0,20.0,9.0,4.0,0.0,2.0,0.0,2021,Chelsea,6
2020-11-29,Sun,Premier League,Away,W,3.0,2.0,Southampton,J Moss,15.0,6.0,12.0,12.0,0.0,0.0,1.0,0.0,2021,Man United,6
2020-11-29,Sun,Premier League,Home,L,2.0,3.0,Man United,J Moss,10.0,5.0,12.0,12.0,1.0,0.0,0.0,0.0,2021,Southampton,6
2020-11-29,Sun,Premier League,Away,D,0.0,0.0,Chelsea,P Tierney,5.0,1.0,9.0,20.0,2.0,0.0,4.0,0.0,2021,Tottenham,6
2020-11-29,Sun,Premier League,Away,W,2.0,1.0,Arsenal,M Oliver,11.0,5.0,13.0,13.0,4.0,0.0,3.0,0.0,2021,Wolves,6
2020-11-30,Mon,Premier League,Away,L,1.0,2.0,West Ham,P Bankes,16.0,6.0,7.0,20.0,1.0,0.0,1.0,0.0,2021,Aston Villa,0
2020-11-30,Mon,Premier League,Away,W,2.0,1.0,Leicester,S Hooper,10.0,5.0,21.0,9.0,2.0,0.0,0.0,0.0,2021,Fulham,0
2020-11-30,Mon,Premier League,Home,L,1.0,2.0,Fulham,S Hooper,16.0,3.0,9.0,21.0,0.0,0.0,2.0,0.0,2021,Leicester,0
2020-11-30,Mon,Premier League,Home,W,2.0,1.0,Aston Villa,P Bankes,6.0,2.0,20.0,7.0,1.0,0.0,1.0,0.0,2021,West Ham,0
2020-12-05,Sat,Premier League,Home,D,1.0,1.0,Everton,A Taylor,8.0,3.0,6.0,9.0,0.0,0.0,0.0,0.0,2021,Burnley,5
2020-12-05,Sat,Premier League,Home,W,3.0,1.0,Leeds,K Friend,23.0,11.0,12.0,9.0,0.0,0.0,2.0,0.0,2021,Chelsea,5
2020-12-05,Sat,Premier League,Away,D,1.0,1.0,Burnley,A Taylor,13.0,6.0,9.0,6.0,0.0,0.0,0.0,0.0,2021,Everton,5
2020-12-05,Sat,Premier League,Away,L,0.0,2.0,Man City,J Moss,6.0,1.0,6.0,7.0,0.0,0.0,0.0,0.0,2021,Fulham,5
2020-12-05,Sat,Premier League,Away,L,1.0,3.0,Chelsea,K Friend,8.0,3.0,9.0,12.0,2.0,0.0,0.0,0.0,2021,Leeds,5
2020-12-05,Sat,Premier League,Home,W,2.0,0.0,Fulham,J Moss,16.0,6.0,7.0,6.0,0.0,0.0,0.0,0.0,2021,Man City,5
2020-12-05,Sat,Premier League,Away,W,3.0,1.0,West Ham,A Marriner,15.0,6.0,10.0,9.0,0.0,0.0,0.0,0.0,2021,Man United,5
2020-12-05,Sat,Premier League,Home,L,1.0,3.0,Man United,A Marriner,19.0,6.0,9.0,10.0,0.0,0.0,0.0,0.0,2021,West Ham,5
2020-12-06,Sun,Premier League,Away,L,0.0,2.0,Tottenham,M Atkinson,11.0,2.0,12.0,16.0,2.0,0.0,1.0,0.0,2021,Arsenal,6
2020-12-06,Sun,Premier League,Away,W,5.0,1.0,West Brom,P Tierney,18.0,6.0,16.0,10.0,2.0,0.0,2.0,1.0,2021,Crystal Palace,6
2020-12-06,Sun,Premier League,Away,W,2.0,1.0,Sheffield United,S Attwell,13.0,4.0,6.0,13.0,3.0,0.0,1.0,0.0,2021,Leicester,6
2020-12-06,Sun,Premier League,Home,W,4.0,0.0,Wolves,C Pawson,11.0,6.0,8.0,14.0,1.0,0.0,1.0,0.0,2021,Liverpool,6
2020-12-06,Sun,Premier League,Home,L,1.0,2.0,Leicester,S Attwell,4.0,1.0,13.0,6.0,1.0,0.0,3.0,0.0,2021,Sheffield United,6
2020-12-06,Sun,Premier League,Home,W,2.0,0.0,Arsenal,M Atkinson,6.0,3.0,16.0,12.0,1.0,0.0,2.0,0.0,2021,Tottenham,6
2020-12-06,Sun,Premier League,Home,L,1.0,5.0,Crystal Palace,P Tierney,9.0,4.0,10.0,16.0,2.0,1.0,2.0,0.0,2021,West Brom,6
2020-12-06,Sun,Premier League,Away,L,0.0,4.0,Liverpool,C Pawson,9.0,3.0,14.0,8.0,1.0,0.0,1.0,0.0,2021,Wolves,6
2020-12-07,Mon,Premier League,Home,L,1.0,2.0,Southampton,D Coote,12.0,4.0,12.0,12.0,3.0,0.0,3.0,0.0,2021,Brighton,0
2020-12-07,Mon,Premier League,Away,W,2.0,1.0,Brighton,D Coote,10.0,3.0,12.0,12.0,3.0,0.0,3.0,0.0,2021,Southampton,0
2020-12-11,Fri,Premier League,Home,L,1.0,2.0,West Ham,M Oliver,13.0,7.0,12.0,10.0,1.0,0.0,2.0,0.0,2021,Leeds,4
2020-12-11,Fri,Premier League,Away,W,2.0,1.0,Leeds,M Oliver,19.0,8.0,10.0,12.0,2.0,0.0,1.0,0.0,2021,West Ham,4
2020-12-12,Sat,Premier League,Away,W,1.0,0.0,Wolves,M Dean,13.0,2.0,15.0,23.0,5.0,0.0,2.0,0.0,2021,Aston Villa,5
2020-12-12,Sat,Premier League,Away,L,0.0,1.0,Everton,J Moss,10.0,3.0,11.0,10.0,3.0,0.0,2.0,0.0,2021,Chelsea,5
2020-12-12,Sat,Premier League,Home,W,1.0,0.0,Chelsea,J Moss,9.0,4.0,10.0,11.0,2.0,0.0,3.0,0.0,2021,Everton,5
2020-12-12,Sat,Premier League,Away,D,0.0,0.0,Man United,C Kavanagh,9.0,2.0,6.0,13.0,1.0,0.0,1.0,0.0,2021,Man City,5
2020-12-12,Sat,Premier League,Home,D,0.0,0.0,Man City,C Kavanagh,11.0,2.0,13.0,6.0,1.0,0.0,1.0,0.0,2021,Man United,5
2020-12-12,Sat,Premier League,Home,W,2.0,1.0,West Brom,D England,12.0,7.0,9.0,12.0,2.0,0.0,3.0,0.0,2021,Newcastle,5
2020-12-12,Sat,Premier League,Away,L,1.0,2.0,Newcastle,D England,13.0,3.0,12.0,9.0,3.0,0.0,2.0,0.0,2021,West Brom,5
2020-12-12,Sat,Premier League,Home,L,0.0,1.0,Aston Villa,M Dean,16.0,7.0,23.0,15.0,2.0,0.0,5.0,0.0,2021,Wolves,5
2020-12-13,Sun,Premier League,Home,L,0.0,1.0,Burnley,G Scott,18.0,6.0,5.0,11.0,2.0,1.0,1.0,0.0,2021,Arsenal,6
2020-12-13,Sun,Premier League,Away,L,0.0,3.0,Leicester,M Atkinson,12.0,4.0,11.0,9.0,1.0,0.0,2.0,0.0,2021,Brighton,6
2020-12-13,Sun,Premier League,Away,W,1.0,0.0,Arsenal,G Scott,10.0,2.0,11.0,5.0,1.0,0.0,2.0,1.0,2021,Burnley,6
2020-12-13,Sun,Premier League,Home,D,1.0,1.0,Tottenham,K Friend,16.0,5.0,15.0,11.0,1.0,0.0,1.0,0.0,2021,Crystal Palace,6
2020-12-13,Sun,Premier League,Home,D,1.0,1.0,Liverpool,A Marriner,10.0,5.0,9.0,5.0,3.0,0.0,1.0,0.0,2021,Fulham,6
2020-12-13,Sun,Premier League,Home,W,3.0,0.0,Brighton,M Atkinson,15.0,6.0,9.0,11.0,2.0,0.0,1.0,0.0,2021,Leicester,6
2020-12-13,Sun,Premier League,Away,D,1.0,1.0,Fulham,A Marriner,12.0,6.0,5.0,9.0,1.0,0.0,3.0,0.0,2021,Liverpool,6
2020-12-13,Sun,Premier League,Away,L,0.0,3.0,Southampton,A Madley,3.0,0.0,14.0,8.0,1.0,0.0,0.0,0.0,2021,Sheffield United,6
2020-12-13,Sun,Premier League,Home,W,3.0,0.0,Sheffield United,A Madley,16.0,6.0,8.0,14.0,0.0,0.0,1.0,0.0,2021,Southampton,6
2020-12-13,Sun,Premier League,Away,D,1.0,1.0,Crystal Palace,K Friend,14.0,6.0,11.0,15.0,1.0,0.0,1.0,0.0,2021,Tottenham,6
2020-12-15,Tue,Premier League,Away,L,1.0,2.0,Wolves,S Attwell,13.0,3.0,12.0,12.0,2.0,0.0,2.0,0.0,2021,Chelsea,1
2020-12-15,Tue,Premier League,Home,D,1.0,1.0,West Brom,P Bankes,26.0,7.0,5.0,8.0,2.0,0.0,3.0,0.0,2021,Man City,1
2020-12-15,Tue,Premier League,Away,D,1.0,1.0,Man City,P Bankes,5.0,1.0,8.0,5.0,3.0,0.0,2.0,0.0,2021,West Brom,1
2020-12-15,Tue,Premier League,Home,W,2.0,1.0,Chelsea,S Attwell,12.0,4.0,12.0,12.0,2.0,0.0,2.0,0.0,2021,Wolves,1
2020-12-16,Wed,Premier League,Home,D,1.0,1.0,Southampton,P Tierney,9.0,4.0,13.0,13.0,1.0,1.0,3.0,0.0,2021,Arsenal,2
2020-12-16,Wed,Premier League,Away,D,0.0,0.0,Fulham,R Jones,9.0,4.0,11.0,15.0,0.0,0.0,1.0,0.0,2021,Brighton,2
2020-12-16,Wed,Premier League,Away,D,1.0,1.0,West Ham,D Coote,8.0,2.0,12.0,8.0,1.0,1.0,0.0,0.0,2021,Crystal Palace,2
2020-12-16,Wed,Premier League,Away,W,2.0,0.0,Leicester,L Mason,11.0,6.0,9.0,12.0,3.0,0.0,2.0,0.0,2021,Everton,2
2020-12-16,Wed,Premier League,Home,D,0.0,0.0,Brighton,R Jones,9.0,4.0,15.0,11.0,1.0,0.0,0.0,0.0,2021,Fulham,2
2020-12-16,Wed,Premier League,Home,W,5.0,2.0,Newcastle,S Hooper,25.0,10.0,10.0,13.0,3.0,0.0,1.0,0.0,2021,Leeds,2
2020-12-16,Wed,Premier League,Home,L,0.0,2.0,Everton,L Mason,14.0,2.0,12.0,9.0,2.0,0.0,3.0,0.0,2021,Leicester,2
2020-12-16,Wed,Premier League,Home,W,2.0,1.0,Tottenham,A Taylor,17.0,11.0,8.0,9.0,0.0,0.0,2.0,0.0,2021,Liverpool,2
2020-12-16,Wed,Premier League,Away,L,2.0,5.0,Leeds,S Hooper,10.0,4.0,13.0,10.0,1.0,0.0,3.0,0.0,2021,Newcastle,2
2020-12-16,Wed,Premier League,Away,D,1.0,1.0,Arsenal,P Tierney,13.0,3.0,13.0,13.0,3.0,0.0,1.0,1.0,2021,Southampton,2
2020-12-16,Wed,Premier League,Away,L,1.0,2.0,Liverpool,A Taylor,8.0,2.0,9.0,8.0,2.0,0.0,0.0,0.0,2021,Tottenham,2
2020-12-16,Wed,Premier League,Home,D,1.0,1.0,Crystal Palace,D Coote,9.0,2.0,8.0,12.0,0.0,0.0,1.0,1.0,2021,West Ham,2
2020-12-17,Thu,Premier League,Home,D,0.0,0.0,Burnley,C Pawson,27.0,7.0,17.0,19.0,1.0,0.0,1.0,0.0,2021,Aston Villa,3
2020-12-17,Thu,Premier League,Away,D,0.0,0.0,Aston Villa,C Pawson,6.0,4.0,19.0,17.0,1.0,0.0,1.0,0.0,2021,Burnley,3
2020-12-17,Thu,Premier League,Away,W,3.0,2.0,Sheffield United,M Oliver,14.0,8.0,8.0,17.0,2.0,0.0,3.0,0.0,2021,Man United,3
2020-12-17,Thu,Premier League,Home,L,2.0,3.0,Man United,M Oliver,12.0,6.0,17.0,8.0,3.0,0.0,2.0,0.0,2021,Sheffield United,3
2020-12-19,Sat,Premier League,Away,L,1.0,2.0,Everton,A Marriner,13.0,2.0,9.0,9.0,3.0,0.0,1.0,0.0,2021,Arsenal,5
2020-12-19,Sat,Premier League,Home,L,0.0,7.0,Liverpool,J Moss,5.0,3.0,5.0,11.0,1.0,0.0,0.0,0.0,2021,Crystal Palace,5
2020-12-19,Sat,Premier League,Home,W,2.0,1.0,Arsenal,A Marriner,9.0,2.0,9.0,9.0,1.0,0.0,3.0,0.0,2021,Everton,5
2020-12-19,Sat,Premier League,Away,D,1.0,1.0,Newcastle,G Scott,11.0,4.0,17.0,7.0,2.0,1.0,1.0,0.0,2021,Fulham,5
2020-12-19,Sat,Premier League,Away,W,7.0,0.0,Crystal Palace,J Moss,14.0,8.0,11.0,5.0,0.0,0.0,1.0,0.0,2021,Liverpool,5
2020-12-19,Sat,Premier League,Away,W,1.0,0.0,Southampton,M Dean,11.0,5.0,11.0,9.0,2.0,0.0,2.0,0.0,2021,Man City,5
2020-12-19,Sat,Premier League,Home,D,1.0,1.0,Fulham,G Scott,12.0,5.0,7.0,17.0,1.0,0.0,2.0,1.0,2021,Newcastle,5
2020-12-19,Sat,Premier League,Home,L,0.0,1.0,Man City,M Dean,9.0,3.0,9.0,11.0,2.0,0.0,2.0,0.0,2021,Southampton,5
2020-12-20,Sun,Premier League,Away,W,3.0,0.0,West Brom,M Atkinson,19.0,10.0,8.0,14.0,2.0,0.0,1.0,1.0,2021,Aston Villa,6
2020-12-20,Sun,Premier League,Home,D,1.0,1.0,Sheffield United,P Bankes,21.0,5.0,9.0,11.0,1.0,0.0,5.0,1.0,2021,Brighton,6
2020-12-20,Sun,Premier League,Away,L,2.0,6.0,Man United,A Taylor,17.0,3.0,6.0,6.0,0.0,0.0,1.0,0.0,2021,Leeds,6
2020-12-20,Sun,Premier League,Away,W,2.0,0.0,Tottenham,C Pawson,17.0,4.0,14.0,15.0,2.0,0.0,2.0,0.0,2021,Leicester,6
2020-12-20,Sun,Premier League,Home,W,6.0,2.0,Leeds,A Taylor,26.0,14.0,6.0,6.0,1.0,0.0,0.0,0.0,2021,Man United,6
2020-12-20,Sun,Premier League,Away,D,1.0,1.0,Brighton,P Bankes,5.0,3.0,11.0,9.0,5.0,1.0,1.0,0.0,2021,Sheffield United,6
2020-12-20,Sun,Premier League,Home,L,0.0,2.0,Leicester,C Pawson,8.0,3.0,15.0,14.0,2.0,0.0,2.0,0.0,2021,Tottenham,6
2020-12-20,Sun,Premier League,Home,L,0.0,3.0,Aston Villa,M Atkinson,1.0,1.0,14.0,8.0,1.0,1.0,2.0,0.0,2021,West Brom,6
2020-12-21,Mon,Premier League,Home,W,2.0,1.0,Wolves,L Mason,10.0,4.0,11.0,15.0,2.0,0.0,1.0,0.0,2021,Burnley,0
2020-12-21,Mon,Premier League,Home,W,3.0,0.0,West Ham,C Kavanagh,11.0,7.0,11.0,6.0,0.0,0.0,0.0,0.0,2021,Chelsea,0
2020-12-21,Mon,Premier League,Away,L,0.0,3.0,Chelsea,C Kavanagh,6.0,0.0,6.0,11.0,0.0,0.0,0.0,0.0,2021,West Ham,0
2020-12-21,Mon,Premier League,Away,L,1.0,2.0,Burnley,L Mason,15.0,3.0,15.0,11.0,1.0,0.0,2.0,0.0,2021,Wolves,0
2020-12-26,Sat,Premier League,Home,W,3.0,1.0,Chelsea,M Oliver,15.0,7.0,13.0,10.0,2.0,0.0,1.0,0.0,2021,Arsenal,5
2020-12-26,Sat,Premier League,Home,W,3.0,0.0,Crystal Palace,A Taylor,21.0,10.0,18.0,16.0,1.0,1.0,4.0,0.0,2021,Aston Villa,5
2020-12-26,Sat,Premier League,Away,L,1.0,3.0,Arsenal,M Oliver,19.0,3.0,10.0,13.0,1.0,0.0,2.0,0.0,2021,Chelsea,5
2020-12-26,Sat,Premier League,Away,L,0.0,3.0,Aston Villa,A Taylor,13.0,6.0,16.0,18.0,4.0,0.0,1.0,1.0,2021,Crystal Palace,5
2020-12-26,Sat,Premier League,Away,W,1.0,0.0,Sheffield United,D Coote,7.0,3.0,10.0,11.0,4.0,0.0,2.0,0.0,2021,Everton,5
2020-12-26,Sat,Premier League,Home,D,0.0,0.0,Southampton,D England,10.0,1.0,15.0,12.0,2.0,0.0,0.0,0.0,2021,Fulham,5
2020-12-26,Sat,Premier League,Home,D,2.0,2.0,Man United,M Dean,10.0,2.0,10.0,17.0,2.0,0.0,1.0,0.0,2021,Leicester,5
2020-12-26,Sat,Premier League,Home,W,2.0,0.0,Newcastle,A Marriner,11.0,6.0,5.0,12.0,2.0,0.0,2.0,0.0,2021,Man City,5
2020-12-26,Sat,Premier League,Away,D,2.0,2.0,Leicester,M Dean,9.0,4.0,17.0,10.0,1.0,0.0,2.0,0.0,2021,Man United,5
2020-12-26,Sat,Premier League,Away,L,0.0,2.0,Man City,A Marriner,7.0,2.0,12.0,5.0,2.0,0.0,2.0,0.0,2021,Newcastle,5
2020-12-26,Sat,Premier League,Home,L,0.0,1.0,Everton,D Coote,10.0,2.0,11.0,10.0,2.0,0.0,4.0,0.0,2021,Sheffield United,5
2020-12-26,Sat,Premier League,Away,D,0.0,0.0,Fulham,D England,3.0,2.0,12.0,15.0,0.0,0.0,2.0,0.0,2021,Southampton,5
2020-12-27,Sun,Premier League,Away,D,2.0,2.0,West Ham,S Hooper,13.0,4.0,8.0,6.0,0.0,0.0,0.0,0.0,2021,Brighton,6
2020-12-27,Sun,Premier League,Away,L,0.0,1.0,Leeds,R Jones,14.0,6.0,14.0,8.0,3.0,0.0,0.0,0.0,2021,Burnley,6
2020-12-27,Sun,Premier League,Home,W,1.0,0.0,Burnley,R Jones,11.0,4.0,8.0,14.0,0.0,0.0,3.0,0.0,2021,Leeds,6
2020-12-27,Sun,Premier League,Home,D,1.0,1.0,West Brom,K Friend,17.0,2.0,8.0,5.0,0.0,0.0,1.0,0.0,2021,Liverpool,6
2020-12-27,Sun,Premier League,Away,D,1.0,1.0,Wolves,P Tierney,6.0,3.0,13.0,20.0,1.0,0.0,4.0,0.0,2021,Tottenham,6
2020-12-27,Sun,Premier League,Away,D,1.0,1.0,Liverpool,K Friend,5.0,3.0,5.0,8.0,1.0,0.0,0.0,0.0,2021,West Brom,6
2020-12-27,Sun,Premier League,Home,D,2.0,2.0,Brighton,S Hooper,11.0,4.0,6.0,8.0,0.0,0.0,0.0,0.0,2021,West Ham,6
2020-12-27,Sun,Premier League,Home,D,1.0,1.0,Tottenham,P Tierney,11.0,6.0,20.0,13.0,4.0,0.0,1.0,0.0,2021,Wolves,6
2020-12-28,Mon,Premier League,Away,D,1.0,1.0,Chelsea,S Attwell,10.0,2.0,3.0,16.0,1.0,0.0,3.0,0.0,2021,Aston Villa,0
2020-12-28,Mon,Premier League,Home,D,1.0,1.0,Aston Villa,S Attwell,16.0,5.0,16.0,3.0,3.0,0.0,1.0,0.0,2021,Chelsea,0
2020-12-28,Mon,Premier League,Home,D,1.0,1.0,Leicester,G Scott,4.0,1.0,10.0,7.0,0.0,0.0,1.0,0.0,2021,Crystal Palace,0
2020-12-28,Mon,Premier League,Away,D,1.0,1.0,Crystal Palace,G Scott,17.0,3.0,7.0,10.0,1.0,0.0,0.0,0.0,2021,Leicester,0
2020-12-29,Tue,Premier League,Away,W,1.0,0.0,Brighton,M Atkinson,11.0,3.0,4.0,11.0,0.0,0.0,2.0,0.0,2021,Arsenal,1
2020-12-29,Tue,Premier League,Home,L,0.0,1.0,Arsenal,M Atkinson,13.0,2.0,11.0,4.0,2.0,0.0,0.0,0.0,2021,Brighton,1
2020-12-29,Tue,Premier League,Home,W,1.0,0.0,Sheffield United,C Kavanagh,5.0,3.0,13.0,17.0,1.0,0.0,2.0,0.0,2021,Burnley,1
2020-12-29,Tue,Premier League,Away,W,5.0,0.0,West Brom,L Mason,14.0,6.0,10.0,7.0,1.0,0.0,0.0,0.0,2021,Leeds,1
2020-12-29,Tue,Premier League,Home,W,1.0,0.0,Wolves,J Moss,11.0,3.0,11.0,7.0,1.0,0.0,1.0,0.0,2021,Man United,1
2020-12-29,Tue,Premier League,Away,L,0.0,1.0,Burnley,C Kavanagh,7.0,3.0,17.0,13.0,2.0,0.0,1.0,0.0,2021,Sheffield United,1
2020-12-29,Tue,Premier League,Home,D,0.0,0.0,West Ham,A Madley,8.0,3.0,16.0,15.0,3.0,0.0,1.0,0.0,2021,Southampton,1
2020-12-29,Tue,Premier League,Home,L,0.0,5.0,Leeds,L Mason,4.0,1.0,7.0,10.0,0.0,0.0,1.0,0.0,2021,West Brom,1
2020-12-29,Tue,Premier League,Away,D,0.0,0.0,Southampton,A Madley,8.0,3.0,15.0,16.0,1.0,0.0,3.0,0.0,2021,West Ham,1
2020-12-29,Tue,Premier League,Away,L,0.0,1.0,Man United,J Moss,9.0,5.0,7.0,11.0,1.0,0.0,1.0,0.0,2021,Wolves,1
2020-12-30,Wed,Premier League,Away,D,0.0,0.0,Newcastle,P Tierney,11.0,4.0,13.0,9.0,3.0,0.0,2.0,0.0,2021,Liverpool,2
2020-12-30,Wed,Premier League,Home,D,0.0,0.0,Liverpool,P Tierney,8.0,2.0,9.0,13.0,2.0,0.0,3.0,0.0,2021,Newcastle,2
2021-01-01,Fri,Premier League,Away,L,1.0,2.0,Man United,M Oliver,5.0,5.0,10.0,22.0,0.0,0.0,4.0,0.0,2021,Aston Villa,4
2021-01-01,Fri,Premier League,Home,L,0.0,1.0,West Ham,K Friend,10.0,2.0,9.0,7.0,2.0,0.0,0.0,0.0,2021,Everton,4
2021-01-01,Fri,Premier League,Home,W,2.0,1.0,Aston Villa,M Oliver,19.0,9.0,22.0,10.0,4.0,0.0,0.0,0.0,2021,Man United,4
2021-01-01,Fri,Premier League,Away,W,1.0,0.0,Everton,K Friend,11.0,5.0,7.0,9.0,0.0,0.0,2.0,0.0,2021,West Ham,4
2021-01-02,Sat,Premier League,Away,W,4.0,0.0,West Brom,M Atkinson,21.0,12.0,4.0,7.0,2.0,0.0,1.0,0.0,2021,Arsenal,5
2021-01-02,Sat,Premier League,Home,D,3.0,3.0,Wolves,A Madley,13.0,4.0,13.0,8.0,2.0,0.0,1.0,0.0,2021,Brighton,5
2021-01-02,Sat,Premier League,Home,W,2.0,0.0,Sheffield United,S Attwell,9.0,4.0,8.0,18.0,1.0,0.0,3.0,0.0,2021,Crystal Palace,5
2021-01-02,Sat,Premier League,Away,L,0.0,3.0,Tottenham,D Coote,18.0,5.0,13.0,15.0,1.0,0.0,2.0,1.0,2021,Leeds,5
2021-01-02,Sat,Premier League,Away,L,0.0,2.0,Crystal Palace,S Attwell,7.0,2.0,18.0,8.0,3.0,0.0,1.0,0.0,2021,Sheffield United,5
2021-01-02,Sat,Premier League,Home,W,3.0,0.0,Leeds,D Coote,20.0,7.0,15.0,13.0,2.0,1.0,1.0,0.0,2021,Tottenham,5
2021-01-02,Sat,Premier League,Home,L,0.0,4.0,Arsenal,M Atkinson,7.0,3.0,7.0,4.0,1.0,0.0,2.0,0.0,2021,West Brom,5
2021-01-02,Sat,Premier League,Away,D,3.0,3.0,Brighton,A Madley,11.0,4.0,8.0,13.0,1.0,0.0,2.0,0.0,2021,Wolves,5
2021-01-03,Sun,Premier League,Home,L,1.0,3.0,Man City,A Taylor,9.0,2.0,11.0,10.0,3.0,0.0,1.0,0.0,2021,Chelsea,6
2021-01-03,Sun,Premier League,Away,W,2.0,1.0,Newcastle,R Jones,9.0,3.0,11.0,10.0,2.0,0.0,0.0,0.0,2021,Leicester,6
2021-01-03,Sun,Premier League,Away,W,3.0,1.0,Chelsea,A Taylor,18.0,6.0,10.0,11.0,1.0,0.0,3.0,0.0,2021,Man City,6
2021-01-03,Sun,Premier League,Home,L,1.0,2.0,Leicester,R Jones,8.0,2.0,10.0,11.0,0.0,0.0,2.0,0.0,2021,Newcastle,6
2021-01-04,Mon,Premier League,Away,L,0.0,1.0,Southampton,A Marriner,17.0,1.0,12.0,5.0,3.0,0.0,1.0,0.0,2021,Liverpool,0
2021-01-04,Mon,Premier League,Home,W,1.0,0.0,Liverpool,A Marriner,7.0,3.0,5.0,12.0,1.0,0.0,3.0,0.0,2021,Southampton,0
2021-01-12,Tue,Premier League,Home,L,0.0,1.0,Man United,K Friend,11.0,0.0,15.0,13.0,1.0,0.0,2.0,0.0,2021,Burnley,1
2021-01-12,Tue,Premier League,Away,W,2.0,1.0,Wolves,M Atkinson,5.0,3.0,11.0,6.0,2.0,0.0,2.0,0.0,2021,Everton,1
2021-01-12,Tue,Premier League,Away,W,1.0,0.0,Burnley,K Friend,13.0,7.0,13.0,15.0,2.0,0.0,1.0,0.0,2021,Man United,1
2021-01-12,Tue,Premier League,Away,L,0.0,1.0,Sheffield United,A Madley,7.0,3.0,12.0,13.0,3.0,1.0,2.0,0.0,2021,Newcastle,1
2021-01-12,Tue,Premier League,Home,W,1.0,0.0,Newcastle,A Madley,17.0,4.0,13.0,12.0,2.0,0.0,3.0,1.0,2021,Sheffield United,1
2021-01-12,Tue,Premier League,Home,L,1.0,2.0,Everton,M Atkinson,12.0,3.0,6.0,11.0,2.0,0.0,2.0,0.0,2021,Wolves,1
2021-01-13,Wed,Premier League,Away,L,0.0,1.0,Man City,D England,5.0,1.0,12.0,4.0,2.0,0.0,0.0,0.0,2021,Brighton,2
2021-01-13,Wed,Premier League,Away,D,1.0,1.0,Tottenham,P Tierney,15.0,4.0,15.0,13.0,2.0,0.0,1.0,0.0,2021,Fulham,2
2021-01-13,Wed,Premier League,Home,W,1.0,0.0,Brighton,D England,16.0,6.0,4.0,12.0,0.0,0.0,2.0,0.0,2021,Man City,2
2021-01-13,Wed,Premier League,Home,D,1.0,1.0,Fulham,P Tierney,15.0,6.0,13.0,15.0,1.0,0.0,2.0,0.0,2021,Tottenham,2
2021-01-14,Thu,Premier League,Home,D,0.0,0.0,Crystal Palace,A Marriner,11.0,4.0,10.0,11.0,1.0,0.0,1.0,0.0,2021,Arsenal,3
2021-01-14,Thu,Premier League,Away,D,0.0,0.0,Arsenal,A Marriner,12.0,2.0,11.0,10.0,1.0,0.0,1.0,0.0,2021,Crystal Palace,3
2021-01-16,Sat,Premier League,Away,W,1.0,0.0,Leeds,K Friend,7.0,2.0,9.0,8.0,1.0,0.0,1.0,0.0,2021,Brighton,5
2021-01-16,Sat,Premier League,Away,L,0.0,1.0,West Ham,C Kavanagh,10.0,2.0,9.0,12.0,1.0,0.0,2.0,0.0,2021,Burnley,5
2021-01-16,Sat,Premier League,Away,W,1.0,0.0,Fulham,P Bankes,21.0,6.0,10.0,11.0,3.0,0.0,2.0,1.0,2021,Chelsea,5
2021-01-16,Sat,Premier League,Home,L,0.0,1.0,Chelsea,P Bankes,10.0,3.0,11.0,10.0,2.0,1.0,3.0,0.0,2021,Fulham,5
2021-01-16,Sat,Premier League,Home,L,0.0,1.0,Brighton,K Friend,7.0,2.0,8.0,9.0,1.0,0.0,1.0,0.0,2021,Leeds,5
2021-01-16,Sat,Premier League,Home,W,2.0,0.0,Southampton,S Attwell,16.0,5.0,10.0,11.0,2.0,0.0,2.0,0.0,2021,Leicester,5
2021-01-16,Sat,Premier League,Away,L,0.0,2.0,Leicester,S Attwell,8.0,3.0,11.0,10.0,2.0,0.0,2.0,0.0,2021,Southampton,5
2021-01-16,Sat,Premier League,Away,W,3.0,2.0,Wolves,M Oliver,12.0,5.0,14.0,10.0,1.0,0.0,2.0,0.0,2021,West Brom,5
2021-01-16,Sat,Premier League,Home,W,1.0,0.0,Burnley,C Kavanagh,15.0,4.0,12.0,9.0,2.0,0.0,1.0,0.0,2021,West Ham,5
2021-01-16,Sat,Premier League,Home,L,2.0,3.0,West Brom,M Oliver,23.0,6.0,10.0,14.0,2.0,0.0,1.0,0.0,2021,Wolves,5
2021-01-17,Sun,Premier League,Away,L,0.0,4.0,Man City,L Mason,2.0,0.0,8.0,9.0,0.0,0.0,0.0,0.0,2021,Crystal Palace,6
2021-01-17,Sun,Premier League,Home,D,0.0,0.0,Man United,P Tierney,17.0,3.0,15.0,6.0,2.0,0.0,1.0,0.0,2021,Liverpool,6
2021-01-17,Sun,Premier League,Home,W,4.0,0.0,Crystal Palace,L Mason,13.0,6.0,9.0,8.0,0.0,0.0,0.0,0.0,2021,Man City,6
2021-01-17,Sun,Premier League,Away,D,0.0,0.0,Liverpool,P Tierney,8.0,4.0,6.0,15.0,1.0,0.0,2.0,0.0,2021,Man United,6
2021-01-17,Sun,Premier League,Home,L,1.0,3.0,Tottenham,A Marriner,15.0,5.0,13.0,4.0,4.0,0.0,0.0,0.0,2021,Sheffield United,6
2021-01-17,Sun,Premier League,Away,W,3.0,1.0,Sheffield United,A Marriner,14.0,5.0,4.0,13.0,0.0,0.0,4.0,0.0,2021,Tottenham,6
2021-01-18,Mon,Premier League,Home,W,3.0,0.0,Newcastle,D Coote,20.0,6.0,9.0,8.0,0.0,0.0,0.0,0.0,2021,Arsenal,0
2021-01-18,Mon,Premier League,Away,L,0.0,3.0,Arsenal,D Coote,4.0,1.0,8.0,9.0,0.0,0.0,0.0,0.0,2021,Newcastle,0
2021-01-19,Tue,Premier League,Away,L,0.0,2.0,Leicester,C Pawson,9.0,5.0,16.0,7.0,3.0,0.0,1.0,0.0,2021,Chelsea,1
2021-01-19,Tue,Premier League,Home,W,2.0,0.0,Chelsea,C Pawson,8.0,6.0,7.0,16.0,1.0,0.0,3.0,0.0,2021,Leicester,1
2021-01-19,Tue,Premier League,Away,L,1.0,2.0,West Ham,G Scott,6.0,2.0,10.0,10.0,1.0,0.0,0.0,0.0,2021,West Brom,1
2021-01-19,Tue,Premier League,Home,W,2.0,1.0,West Brom,G Scott,14.0,6.0,10.0,10.0,0.0,0.0,1.0,0.0,2021,West Ham,1
2021-01-20,Wed,Premier League,Away,L,0.0,2.0,Man City,J Moss,11.0,4.0,9.0,10.0,2.0,0.0,0.0,0.0,2021,Aston Villa,2
2021-01-20,Wed,Premier League,Home,L,1.0,2.0,Man United,M Atkinson,12.0,5.0,6.0,10.0,3.0,0.0,1.0,0.0,2021,Fulham,2
2021-01-20,Wed,Premier League,Home,W,2.0,0.0,Aston Villa,J Moss,28.0,9.0,10.0,9.0,0.0,0.0,2.0,0.0,2021,Man City,2
2021-01-20,Wed,Premier League,Away,W,2.0,1.0,Fulham,M Atkinson,15.0,5.0,10.0,6.0,1.0,0.0,3.0,0.0,2021,Man United,2
2021-01-21,Thu,Premier League,Away,W,1.0,0.0,Liverpool,M Dean,6.0,4.0,8.0,11.0,1.0,0.0,2.0,0.0,2021,Burnley,3
2021-01-21,Thu,Premier League,Home,L,0.0,1.0,Burnley,M Dean,27.0,6.0,11.0,8.0,2.0,0.0,1.0,0.0,2021,Liverpool,3
2021-01-23,Sat,Premier League,Home,W,2.0,0.0,Newcastle,S Hooper,14.0,5.0,9.0,18.0,0.0,0.0,3.0,0.0,2021,Aston Villa,5
2021-01-23,Sat,Premier League,Away,L,0.0,2.0,Aston Villa,S Hooper,7.0,1.0,18.0,9.0,3.0,0.0,0.0,0.0,2021,Newcastle,5
2021-01-26,Tue,Premier League,Away,W,3.0,1.0,Southampton,K Friend,9.0,5.0,6.0,11.0,2.0,0.0,1.0,0.0,2021,Arsenal,1
2021-01-26,Tue,Premier League,Home,L,2.0,3.0,West Ham,S Attwell,6.0,3.0,9.0,8.0,0.0,0.0,0.0,0.0,2021,Crystal Palace,1
2021-01-26,Tue,Premier League,Away,W,2.0,1.0,Newcastle,A Taylor,9.0,2.0,15.0,10.0,3.0,0.0,1.0,0.0,2021,Leeds,1
2021-01-26,Tue,Premier League,Away,W,5.0,0.0,West Brom,C Kavanagh,18.0,7.0,8.0,8.0,0.0,0.0,2.0,0.0,2021,Man City,1
2021-01-26,Tue,Premier League,Home,L,1.0,2.0,Leeds,A Taylor,22.0,5.0,10.0,15.0,1.0,0.0,3.0,0.0,2021,Newcastle,1
2021-01-26,Tue,Premier League,Home,L,1.0,3.0,Arsenal,K Friend,13.0,5.0,11.0,6.0,1.0,0.0,2.0,0.0,2021,Southampton,1
2021-01-26,Tue,Premier League,Home,L,0.0,5.0,Man City,C Kavanagh,4.0,1.0,8.0,8.0,2.0,0.0,0.0,0.0,2021,West Brom,1
2021-01-26,Tue,Premier League,Away,W,3.0,2.0,Crystal Palace,S Attwell,17.0,7.0,8.0,9.0,0.0,0.0,0.0,0.0,2021,West Ham,1
2021-01-27,Wed,Premier League,Away,L,2.0,3.0,Burnley,P Tierney,18.0,10.0,7.0,16.0,0.0,0.0,1.0,0.0,2021,Aston Villa,2
2021-01-27,Wed,Premier League,Home,D,0.0,0.0,Fulham,C Pawson,16.0,5.0,10.0,14.0,2.0,0.0,1.0,0.0,2021,Brighton,2
2021-01-27,Wed,Premier League,Home,W,3.0,2.0,Aston Villa,P Tierney,10.0,5.0,16.0,7.0,1.0,0.0,0.0,0.0,2021,Burnley,2
2021-01-27,Wed,Premier League,Home,D,0.0,0.0,Wolves,A Madley,14.0,5.0,14.0,7.0,1.0,0.0,1.0,0.0,2021,Chelsea,2
2021-01-27,Wed,Premier League,Home,D,1.0,1.0,Leicester,M Dean,8.0,2.0,12.0,10.0,1.0,0.0,1.0,0.0,2021,Everton,2
2021-01-27,Wed,Premier League,Away,D,0.0,0.0,Brighton,C Pawson,10.0,3.0,14.0,10.0,1.0,0.0,2.0,0.0,2021,Fulham,2
2021-01-27,Wed,Premier League,Away,D,1.0,1.0,Everton,M Dean,19.0,6.0,10.0,12.0,1.0,0.0,1.0,0.0,2021,Leicester,2
2021-01-27,Wed,Premier League,Home,L,1.0,2.0,Sheffield United,P Bankes,16.0,4.0,10.0,12.0,1.0,0.0,1.0,0.0,2021,Man United,2
2021-01-27,Wed,Premier League,Away,W,2.0,1.0,Man United,P Bankes,5.0,3.0,12.0,10.0,1.0,0.0,1.0,0.0,2021,Sheffield United,2
2021-01-27,Wed,Premier League,Away,D,0.0,0.0,Chelsea,A Madley,4.0,0.0,7.0,14.0,1.0,0.0,1.0,0.0,2021,Wolves,2
2021-01-28,Thu,Premier League,Away,W,3.0,1.0,Tottenham,M Atkinson,14.0,7.0,11.0,9.0,2.0,0.0,1.0,0.0,2021,Liverpool,3
2021-01-28,Thu,Premier League,Home,L,1.0,3.0,Liverpool,M Atkinson,3.0,2.0,9.0,11.0,1.0,0.0,2.0,0.0,2021,Tottenham,3
2021-01-30,Sat,Premier League,Home,D,0.0,0.0,Man United,M Oliver,17.0,3.0,9.0,16.0,1.0,0.0,3.0,0.0,2021,Arsenal,5
2021-01-30,Sat,Premier League,Away,W,1.0,0.0,Southampton,L Mason,8.0,4.0,11.0,12.0,0.0,0.0,1.0,0.0,2021,Aston Villa,5
2021-01-30,Sat,Premier League,Home,W,1.0,0.0,Wolves,S Hooper,11.0,2.0,7.0,10.0,1.0,0.0,2.0,0.0,2021,Crystal Palace,5
2021-01-30,Sat,Premier League,Home,L,0.0,2.0,Newcastle,S Attwell,11.0,3.0,13.0,6.0,3.0,0.0,4.0,0.0,2021,Everton,5
2021-01-30,Sat,Premier League,Away,D,2.0,2.0,West Brom,A Taylor,12.0,7.0,10.0,9.0,0.0,0.0,1.0,0.0,2021,Fulham,5
2021-01-30,Sat,Premier League,Home,W,1.0,0.0,Sheffield United,D Coote,10.0,5.0,7.0,10.0,0.0,0.0,3.0,0.0,2021,Man City,5
2021-01-30,Sat,Premier League,Away,D,0.0,0.0,Arsenal,M Oliver,14.0,3.0,16.0,9.0,3.0,0.0,1.0,0.0,2021,Man United,5
2021-01-30,Sat,Premier League,Away,W,2.0,0.0,Everton,S Attwell,13.0,3.0,6.0,13.0,4.0,0.0,3.0,0.0,2021,Newcastle,5
2021-01-30,Sat,Premier League,Away,L,0.0,1.0,Man City,D Coote,4.0,1.0,10.0,7.0,3.0,0.0,0.0,0.0,2021,Sheffield United,5
2021-01-30,Sat,Premier League,Home,L,0.0,1.0,Aston Villa,L Mason,20.0,5.0,12.0,11.0,1.0,0.0,0.0,0.0,2021,Southampton,5
2021-01-30,Sat,Premier League,Home,D,2.0,2.0,Fulham,A Taylor,5.0,3.0,9.0,10.0,1.0,0.0,0.0,0.0,2021,West Brom,5
2021-01-30,Sat,Premier League,Away,L,0.0,1.0,Crystal Palace,S Hooper,6.0,4.0,10.0,7.0,2.0,0.0,1.0,0.0,2021,Wolves,5
2021-01-31,Sun,Premier League,Home,W,1.0,0.0,Tottenham,P Bankes,16.0,5.0,11.0,11.0,2.0,0.0,1.0,0.0,2021,Brighton,6
2021-01-31,Sun,Premier League,Away,L,0.0,2.0,Chelsea,G Scott,1.0,0.0,9.0,7.0,1.0,0.0,0.0,0.0,2021,Burnley,6
2021-01-31,Sun,Premier League,Home,W,2.0,0.0,Burnley,G Scott,19.0,8.0,7.0,9.0,0.0,0.0,1.0,0.0,2021,Chelsea,6
2021-01-31,Sun,Premier League,Away,W,3.0,1.0,Leicester,C Kavanagh,8.0,7.0,16.0,17.0,3.0,0.0,0.0,0.0,2021,Leeds,6
2021-01-31,Sun,Premier League,Home,L,1.0,3.0,Leeds,C Kavanagh,18.0,8.0,17.0,16.0,0.0,0.0,3.0,0.0,2021,Leicester,6
2021-01-31,Sun,Premier League,Away,W,3.0,1.0,West Ham,J Moss,14.0,5.0,8.0,7.0,0.0,0.0,2.0,0.0,2021,Liverpool,6
2021-01-31,Sun,Premier League,Away,L,0.0,1.0,Brighton,P Bankes,8.0,4.0,11.0,11.0,1.0,0.0,2.0,0.0,2021,Tottenham,6
2021-01-31,Sun,Premier League,Home,L,1.0,3.0,Liverpool,J Moss,8.0,2.0,7.0,8.0,2.0,0.0,0.0,0.0,2021,West Ham,6
2021-02-02,Tue,Premier League,Away,L,1.0,2.0,Wolves,C Pawson,9.0,3.0,8.0,11.0,2.0,2.0,3.0,0.0,2021,Arsenal,1
2021-02-02,Tue,Premier League,Away,W,2.0,1.0,Newcastle,D England,6.0,3.0,11.0,14.0,3.0,0.0,1.0,0.0,2021,Crystal Palace,1
2021-02-02,Tue,Premier League,Home,W,9.0,0.0,Southampton,M Dean,24.0,14.0,11.0,6.0,2.0,0.0,3.0,2.0,2021,Man United,1
2021-02-02,Tue,Premier League,Home,L,1.0,2.0,Crystal Palace,D England,21.0,5.0,14.0,11.0,1.0,0.0,3.0,0.0,2021,Newcastle,1
2021-02-02,Tue,Premier League,Home,W,2.0,1.0,West Brom,P Tierney,14.0,6.0,11.0,9.0,2.0,0.0,1.0,0.0,2021,Sheffield United,1
2021-02-02,Tue,Premier League,Away,L,0.0,9.0,Man United,M Dean,3.0,1.0,6.0,11.0,3.0,2.0,2.0,0.0,2021,Southampton,1
2021-02-02,Tue,Premier League,Away,L,1.0,2.0,Sheffield United,P Tierney,8.0,4.0,9.0,11.0,1.0,0.0,2.0,0.0,2021,West Brom,1
2021-02-02,Tue,Premier League,Home,W,2.0,1.0,Arsenal,C Pawson,11.0,7.0,11.0,8.0,3.0,0.0,2.0,2.0,2021,Wolves,1
2021-02-03,Wed,Premier League,Home,L,1.0,3.0,West Ham,A Madley,9.0,2.0,11.0,15.0,1.0,0.0,1.0,0.0,2021,Aston Villa,2
2021-02-03,Wed,Premier League,Away,W,1.0,0.0,Liverpool,K Friend,13.0,4.0,6.0,12.0,0.0,0.0,1.0,0.0,2021,Brighton,2
2021-02-03,Wed,Premier League,Home,L,0.0,2.0,Man City,M Atkinson,2.0,0.0,8.0,5.0,2.0,0.0,1.0,0.0,2021,Burnley,2
2021-02-03,Wed,Premier League,Away,W,2.0,1.0,Leeds,M Oliver,10.0,6.0,12.0,12.0,3.0,0.0,2.0,0.0,2021,Everton,2
2021-02-03,Wed,Premier League,Home,L,0.0,2.0,Leicester,R Jones,8.0,1.0,17.0,10.0,3.0,0.0,1.0,0.0,2021,Fulham,2
2021-02-03,Wed,Premier League,Home,L,1.0,2.0,Everton,M Oliver,16.0,7.0,12.0,12.0,2.0,0.0,3.0,0.0,2021,Leeds,2
2021-02-03,Wed,Premier League,Away,W,2.0,0.0,Fulham,R Jones,9.0,5.0,10.0,17.0,1.0,0.0,3.0,0.0,2021,Leicester,2
2021-02-03,Wed,Premier League,Home,L,0.0,1.0,Brighton,K Friend,11.0,1.0,12.0,6.0,1.0,0.0,0.0,0.0,2021,Liverpool,2
2021-02-03,Wed,Premier League,Away,W,2.0,0.0,Burnley,M Atkinson,17.0,6.0,5.0,8.0,1.0,0.0,2.0,0.0,2021,Man City,2
2021-02-03,Wed,Premier League,Away,W,3.0,1.0,Aston Villa,A Madley,20.0,10.0,15.0,11.0,1.0,0.0,1.0,0.0,2021,West Ham,2
2021-02-04,Thu,Premier League,Away,W,1.0,0.0,Tottenham,A Marriner,18.0,2.0,14.0,20.0,3.0,0.0,2.0,0.0,2021,Chelsea,3
2021-02-04,Thu,Premier League,Home,L,0.0,1.0,Chelsea,A Marriner,7.0,2.0,20.0,14.0,2.0,0.0,3.0,0.0,2021,Tottenham,3
2021-02-06,Sat,Premier League,Away,L,0.0,1.0,Aston Villa,C Kavanagh,14.0,3.0,12.0,12.0,2.0,0.0,3.0,0.0,2021,Arsenal,5
2021-02-06,Sat,Premier League,Home,W,1.0,0.0,Arsenal,C Kavanagh,12.0,8.0,12.0,12.0,3.0,0.0,2.0,0.0,2021,Aston Villa,5
2021-02-06,Sat,Premier League,Away,D,1.0,1.0,Burnley,A Taylor,10.0,2.0,10.0,8.0,0.0,0.0,2.0,0.0,2021,Brighton,5
2021-02-06,Sat,Premier League,Home,D,1.0,1.0,Brighton,A Taylor,20.0,7.0,8.0,10.0,2.0,0.0,0.0,0.0,2021,Burnley,5
2021-02-06,Sat,Premier League,Away,D,3.0,3.0,Man United,J Moss,6.0,3.0,10.0,14.0,1.0,0.0,2.0,0.0,2021,Everton,5
2021-02-06,Sat,Premier League,Home,D,0.0,0.0,West Ham,M Dean,20.0,2.0,11.0,10.0,1.0,0.0,2.0,1.0,2021,Fulham,5
2021-02-06,Sat,Premier League,Home,D,3.0,3.0,Everton,J Moss,14.0,5.0,14.0,10.0,2.0,0.0,1.0,0.0,2021,Man United,5
2021-02-06,Sat,Premier League,Home,W,3.0,2.0,Southampton,C Pawson,6.0,4.0,11.0,14.0,2.0,1.0,1.0,0.0,2021,Newcastle,5
2021-02-06,Sat,Premier League,Away,L,2.0,3.0,Newcastle,C Pawson,14.0,5.0,14.0,11.0,1.0,0.0,2.0,1.0,2021,Southampton,5
2021-02-06,Sat,Premier League,Away,D,0.0,0.0,Fulham,M Dean,8.0,1.0,10.0,11.0,2.0,1.0,1.0,0.0,2021,West Ham,5
2021-02-07,Sun,Premier League,Away,W,2.0,1.0,Sheffield United,K Friend,9.0,3.0,8.0,8.0,0.0,0.0,1.0,0.0,2021,Chelsea,6
2021-02-07,Sun,Premier League,Away,D,0.0,0.0,Wolves,M Atkinson,13.0,3.0,15.0,11.0,3.0,0.0,1.0,0.0,2021,Leicester,6
2021-02-07,Sun,Premier League,Home,L,1.0,4.0,Man City,M Oliver,8.0,3.0,13.0,8.0,2.0,0.0,1.0,0.0,2021,Liverpool,6
2021-02-07,Sun,Premier League,Away,W,4.0,1.0,Liverpool,M Oliver,8.0,5.0,8.0,13.0,1.0,0.0,2.0,0.0,2021,Man City,6
2021-02-07,Sun,Premier League,Home,L,1.0,2.0,Chelsea,K Friend,8.0,3.0,8.0,8.0,1.0,0.0,0.0,0.0,2021,Sheffield United,6
2021-02-07,Sun,Premier League,Home,W,2.0,0.0,West Brom,S Attwell,13.0,6.0,16.0,12.0,1.0,0.0,2.0,0.0,2021,Tottenham,6
2021-02-07,Sun,Premier League,Away,L,0.0,2.0,Tottenham,S Attwell,4.0,1.0,12.0,16.0,2.0,0.0,1.0,0.0,2021,West Brom,6
2021-02-07,Sun,Premier League,Home,D,0.0,0.0,Leicester,M Atkinson,13.0,1.0,11.0,15.0,1.0,0.0,3.0,0.0,2021,Wolves,6
2021-02-08,Mon,Premier League,Away,L,0.0,2.0,Leeds,A Marriner,8.0,3.0,8.0,7.0,2.0,0.0,0.0,0.0,2021,Crystal Palace,0
2021-02-08,Mon,Premier League,Home,W,2.0,0.0,Crystal Palace,A Marriner,17.0,7.0,7.0,8.0,0.0,0.0,2.0,0.0,2021,Leeds,0
2021-02-13,Sat,Premier League,Away,D,0.0,0.0,Brighton,D England,4.0,1.0,12.0,16.0,3.0,0.0,2.0,0.0,2021,Aston Villa,5
2021-02-13,Sat,Premier League,Home,D,0.0,0.0,Aston Villa,D England,26.0,9.0,16.0,12.0,2.0,0.0,3.0,0.0,2021,Brighton,5
2021-02-13,Sat,Premier League,Away,W,3.0,0.0,Crystal Palace,M Oliver,16.0,4.0,14.0,15.0,0.0,0.0,0.0,0.0,2021,Burnley,5
2021-02-13,Sat,Premier League,Home,L,0.0,3.0,Burnley,M Oliver,13.0,3.0,15.0,14.0,0.0,0.0,0.0,0.0,2021,Crystal Palace,5
2021-02-13,Sat,Premier League,Home,W,3.0,1.0,Liverpool,A Taylor,11.0,6.0,9.0,6.0,1.0,0.0,2.0,0.0,2021,Leicester,5
2021-02-13,Sat,Premier League,Away,L,1.0,3.0,Leicester,A Taylor,15.0,4.0,6.0,9.0,2.0,0.0,1.0,0.0,2021,Liverpool,5
2021-02-13,Sat,Premier League,Home,W,3.0,0.0,Tottenham,P Tierney,15.0,6.0,12.0,13.0,1.0,0.0,3.0,0.0,2021,Man City,5
2021-02-13,Sat,Premier League,Away,L,0.0,3.0,Man City,P Tierney,7.0,3.0,13.0,12.0,3.0,0.0,1.0,0.0,2021,Tottenham,5
2021-02-14,Sun,Premier League,Home,W,4.0,2.0,Leeds,S Attwell,13.0,5.0,8.0,17.0,0.0,0.0,2.0,0.0,2021,Arsenal,6
2021-02-14,Sun,Premier League,Home,L,0.0,2.0,Fulham,A Madley,7.0,2.0,7.0,16.0,1.0,0.0,1.0,0.0,2021,Everton,6
2021-02-14,Sun,Premier League,Away,W,2.0,0.0,Everton,A Madley,12.0,3.0,16.0,7.0,1.0,0.0,1.0,0.0,2021,Fulham,6
2021-02-14,Sun,Premier League,Away,L,2.0,4.0,Arsenal,S Attwell,9.0,5.0,17.0,8.0,2.0,0.0,0.0,0.0,2021,Leeds,6
2021-02-14,Sun,Premier League,Away,D,1.0,1.0,West Brom,C Pawson,10.0,7.0,10.0,13.0,0.0,0.0,5.0,0.0,2021,Man United,6
2021-02-14,Sun,Premier League,Home,L,1.0,2.0,Wolves,G Scott,7.0,3.0,10.0,9.0,2.0,0.0,2.0,0.0,2021,Southampton,6
2021-02-14,Sun,Premier League,Home,D,1.0,1.0,Man United,C Pawson,7.0,3.0,13.0,10.0,5.0,0.0,0.0,0.0,2021,West Brom,6
2021-02-14,Sun,Premier League,Away,W,2.0,1.0,Southampton,G Scott,10.0,4.0,9.0,10.0,2.0,0.0,2.0,0.0,2021,Wolves,6
2021-02-15,Mon,Premier League,Home,W,2.0,0.0,Newcastle,P Bankes,18.0,5.0,9.0,13.0,0.0,0.0,0.0,0.0,2021,Chelsea,0
2021-02-15,Mon,Premier League,Away,L,0.0,2.0,Chelsea,P Bankes,10.0,4.0,13.0,9.0,0.0,0.0,0.0,0.0,2021,Newcastle,0
2021-02-15,Mon,Premier League,Away,L,0.0,3.0,West Ham,S Hooper,8.0,5.0,12.0,11.0,2.0,0.0,0.0,0.0,2021,Sheffield United,0
2021-02-15,Mon,Premier League,Home,W,3.0,0.0,Sheffield United,S Hooper,13.0,9.0,11.0,12.0,0.0,0.0,2.0,0.0,2021,West Ham,0
2021-02-17,Wed,Premier League,Home,D,1.0,1.0,Fulham,J Moss,8.0,3.0,7.0,13.0,1.0,0.0,1.0,0.0,2021,Burnley,2
2021-02-17,Wed,Premier League,Home,L,1.0,3.0,Man City,A Marriner,3.0,2.0,8.0,8.0,2.0,0.0,1.0,0.0,2021,Everton,2
2021-02-17,Wed,Premier League,Away,D,1.0,1.0,Burnley,J Moss,8.0,3.0,13.0,7.0,1.0,0.0,1.0,0.0,2021,Fulham,2
2021-02-17,Wed,Premier League,Away,W,3.0,1.0,Everton,A Marriner,16.0,7.0,8.0,8.0,1.0,0.0,2.0,0.0,2021,Man City,2
2021-02-19,Fri,Premier League,Away,L,0.0,1.0,Wolves,D Coote,18.0,7.0,8.0,13.0,0.0,0.0,1.0,0.0,2021,Leeds,4
2021-02-19,Fri,Premier League,Home,W,1.0,0.0,Leeds,D Coote,15.0,5.0,13.0,8.0,1.0,0.0,0.0,0.0,2021,Wolves,4
2021-02-20,Sat,Premier League,Home,D,0.0,0.0,West Brom,M Dean,6.0,1.0,16.0,10.0,3.0,0.0,0.0,1.0,2021,Burnley,5
2021-02-20,Sat,Premier League,Away,D,1.0,1.0,Southampton,A Taylor,9.0,3.0,10.0,10.0,1.0,0.0,1.0,0.0,2021,Chelsea,5
2021-02-20,Sat,Premier League,Away,W,2.0,0.0,Liverpool,C Kavanagh,9.0,6.0,10.0,10.0,1.0,0.0,2.0,0.0,2021,Everton,5
2021-02-20,Sat,Premier League,Home,W,1.0,0.0,Sheffield United,M Atkinson,15.0,7.0,11.0,14.0,1.0,0.0,2.0,0.0,2021,Fulham,5
2021-02-20,Sat,Premier League,Home,L,0.0,2.0,Everton,C Kavanagh,15.0,6.0,10.0,10.0,2.0,0.0,1.0,0.0,2021,Liverpool,5
2021-02-20,Sat,Premier League,Away,L,0.0,1.0,Fulham,M Atkinson,4.0,2.0,14.0,11.0,2.0,0.0,1.0,0.0,2021,Sheffield United,5
2021-02-20,Sat,Premier League,Home,D,1.0,1.0,Chelsea,A Taylor,4.0,1.0,10.0,10.0,1.0,0.0,1.0,0.0,2021,Southampton,5
2021-02-20,Sat,Premier League,Away,D,0.0,0.0,Burnley,M Dean,10.0,3.0,10.0,16.0,0.0,1.0,3.0,0.0,2021,West Brom,5
2021-02-21,Sun,Premier League,Home,L,0.0,1.0,Man City,J Moss,7.0,1.0,11.0,9.0,2.0,0.0,2.0,0.0,2021,Arsenal,6
2021-02-21,Sun,Premier League,Home,L,1.0,2.0,Leicester,M Oliver,11.0,2.0,11.0,12.0,2.0,0.0,1.0,0.0,2021,Aston Villa,6
2021-02-21,Sun,Premier League,Away,W,2.0,1.0,Aston Villa,M Oliver,16.0,7.0,12.0,11.0,1.0,0.0,2.0,0.0,2021,Leicester,6
2021-02-21,Sun,Premier League,Away,W,1.0,0.0,Arsenal,J Moss,15.0,3.0,9.0,11.0,2.0,0.0,2.0,0.0,2021,Man City,6
2021-02-21,Sun,Premier League,Home,W,3.0,1.0,Newcastle,P Tierney,15.0,7.0,9.0,11.0,1.0,0.0,2.0,0.0,2021,Man United,6
2021-02-21,Sun,Premier League,Away,L,1.0,3.0,Man United,P Tierney,10.0,6.0,11.0,9.0,2.0,0.0,1.0,0.0,2021,Newcastle,6
2021-02-21,Sun,Premier League,Away,L,1.0,2.0,West Ham,C Pawson,20.0,4.0,7.0,14.0,3.0,0.0,4.0,0.0,2021,Tottenham,6
2021-02-21,Sun,Premier League,Home,W,2.0,1.0,Tottenham,C Pawson,4.0,4.0,14.0,7.0,4.0,0.0,3.0,0.0,2021,West Ham,6
2021-02-22,Mon,Premier League,Home,L,1.0,2.0,Crystal Palace,K Friend,25.0,5.0,11.0,6.0,2.0,0.0,0.0,0.0,2021,Brighton,0
2021-02-22,Mon,Premier League,Away,W,2.0,1.0,Brighton,K Friend,3.0,2.0,6.0,11.0,0.0,0.0,2.0,0.0,2021,Crystal Palace,0
2021-02-23,Tue,Premier League,Home,W,3.0,0.0,Southampton,A Marriner,11.0,7.0,11.0,13.0,1.0,0.0,2.0,0.0,2021,Leeds,1
2021-02-23,Tue,Premier League,Away,L,0.0,3.0,Leeds,A Marriner,13.0,5.0,13.0,11.0,2.0,0.0,1.0,0.0,2021,Southampton,1
2021-02-27,Sat,Premier League,Away,W,1.0,0.0,Leeds,P Bankes,9.0,4.0,14.0,14.0,2.0,0.0,3.0,0.0,2021,Aston Villa,5
2021-02-27,Sat,Premier League,Away,L,0.0,1.0,West Brom,L Mason,15.0,6.0,12.0,11.0,0.0,0.0,0.0,0.0,2021,Brighton,5
2021-02-27,Sat,Premier League,Home,L,0.0,1.0,Aston Villa,P Bankes,13.0,3.0,14.0,14.0,3.0,0.0,2.0,0.0,2021,Leeds,5
2021-02-27,Sat,Premier League,Home,W,2.0,1.0,West Ham,M Oliver,10.0,3.0,8.0,11.0,1.0,0.0,1.0,0.0,2021,Man City,5
2021-02-27,Sat,Premier League,Home,D,1.0,1.0,Wolves,M Dean,19.0,7.0,11.0,13.0,2.0,0.0,0.0,0.0,2021,Newcastle,5
2021-02-27,Sat,Premier League,Home,W,1.0,0.0,Brighton,L Mason,6.0,2.0,11.0,12.0,0.0,0.0,0.0,0.0,2021,West Brom,5
2021-02-27,Sat,Premier League,Away,L,1.0,2.0,Man City,M Oliver,9.0,3.0,11.0,8.0,1.0,0.0,1.0,0.0,2021,West Ham,5
2021-02-27,Sat,Premier League,Away,D,1.0,1.0,Newcastle,M Dean,14.0,4.0,13.0,11.0,0.0,0.0,2.0,0.0,2021,Wolves,5
2021-02-28,Sun,Premier League,Away,W,3.0,1.0,Leicester,P Tierney,12.0,4.0,3.0,15.0,1.0,0.0,2.0,0.0,2021,Arsenal,6
2021-02-28,Sun,Premier League,Away,L,0.0,4.0,Tottenham,K Friend,10.0,3.0,10.0,6.0,0.0,0.0,0.0,0.0,2021,Burnley,6
2021-02-28,Sun,Premier League,Home,D,0.0,0.0,Man United,S Attwell,18.0,6.0,11.0,12.0,1.0,0.0,2.0,0.0,2021,Chelsea,6
2021-02-28,Sun,Premier League,Home,D,0.0,0.0,Fulham,A Taylor,3.0,0.0,10.0,14.0,1.0,0.0,1.0,0.0,2021,Crystal Palace,6
2021-02-28,Sun,Premier League,Away,D,0.0,0.0,Crystal Palace,A Taylor,16.0,4.0,14.0,10.0,1.0,0.0,1.0,0.0,2021,Fulham,6
2021-02-28,Sun,Premier League,Home,L,1.0,3.0,Arsenal,P Tierney,8.0,3.0,15.0,3.0,2.0,0.0,1.0,0.0,2021,Leicester,6
2021-02-28,Sun,Premier League,Away,W,2.0,0.0,Sheffield United,J Moss,16.0,8.0,9.0,9.0,0.0,0.0,0.0,0.0,2021,Liverpool,6
2021-02-28,Sun,Premier League,Away,D,0.0,0.0,Chelsea,S Attwell,11.0,4.0,12.0,11.0,2.0,0.0,1.0,0.0,2021,Man United,6
2021-02-28,Sun,Premier League,Home,L,0.0,2.0,Liverpool,J Moss,8.0,2.0,9.0,9.0,0.0,0.0,0.0,0.0,2021,Sheffield United,6
2021-02-28,Sun,Premier League,Home,W,4.0,0.0,Burnley,K Friend,16.0,7.0,6.0,10.0,0.0,0.0,0.0,0.0,2021,Tottenham,6
2021-03-01,Mon,Premier League,Home,W,1.0,0.0,Southampton,M Atkinson,7.0,1.0,13.0,9.0,0.0,0.0,2.0,0.0,2021,Everton,0
2021-03-01,Mon,Premier League,Away,L,0.0,1.0,Everton,M Atkinson,9.0,1.0,9.0,13.0,2.0,0.0,0.0,0.0,2021,Southampton,0
2021-03-02,Tue,Premier League,Home,W,4.0,1.0,Wolves,C Kavanagh,22.0,10.0,9.0,5.0,0.0,0.0,1.0,0.0,2021,Man City,1
2021-03-02,Tue,Premier League,Away,L,1.0,4.0,Man City,C Kavanagh,6.0,1.0,5.0,9.0,1.0,0.0,0.0,0.0,2021,Wolves,1
2021-03-03,Wed,Premier League,Away,L,0.0,1.0,Sheffield United,R Jones,16.0,4.0,6.0,13.0,0.0,0.0,1.0,1.0,2021,Aston Villa,2
2021-03-03,Wed,Premier League,Home,D,1.0,1.0,Leicester,A Madley,12.0,7.0,6.0,12.0,0.0,0.0,2.0,0.0,2021,Burnley,2
2021-03-03,Wed,Premier League,Home,D,0.0,0.0,Man United,A Marriner,8.0,2.0,4.0,13.0,1.0,0.0,0.0,0.0,2021,Crystal Palace,2
2021-03-03,Wed,Premier League,Away,D,1.0,1.0,Burnley,A Madley,15.0,4.0,12.0,6.0,2.0,0.0,0.0,0.0,2021,Leicester,2
2021-03-03,Wed,Premier League,Away,D,0.0,0.0,Crystal Palace,A Marriner,11.0,1.0,13.0,4.0,0.0,0.0,1.0,0.0,2021,Man United,2
2021-03-03,Wed,Premier League,Home,W,1.0,0.0,Aston Villa,R Jones,9.0,2.0,13.0,6.0,1.0,1.0,0.0,0.0,2021,Sheffield United,2
2021-03-04,Thu,Premier League,Away,W,1.0,0.0,Liverpool,M Atkinson,11.0,5.0,8.0,9.0,0.0,0.0,0.0,0.0,2021,Chelsea,3
2021-03-04,Thu,Premier League,Away,W,1.0,0.0,West Brom,D England,11.0,3.0,7.0,9.0,1.0,0.0,3.0,0.0,2021,Everton,3
2021-03-04,Thu,Premier League,Home,L,0.0,1.0,Tottenham,D Coote,11.0,3.0,13.0,9.0,2.0,0.0,1.0,0.0,2021,Fulham,3
2021-03-04,Thu,Premier League,Home,L,0.0,1.0,Chelsea,M Atkinson,7.0,1.0,9.0,8.0,0.0,0.0,0.0,0.0,2021,Liverpool,3
2021-03-04,Thu,Premier League,Away,W,1.0,0.0,Fulham,D Coote,9.0,2.0,9.0,13.0,1.0,0.0,2.0,0.0,2021,Tottenham,3
2021-03-04,Thu,Premier League,Home,L,0.0,1.0,Everton,D England,11.0,3.0,9.0,7.0,3.0,0.0,1.0,0.0,2021,West Brom,3
2021-03-06,Sat,Premier League,Away,D,1.0,1.0,Burnley,A Marriner,15.0,3.0,12.0,5.0,1.0,0.0,1.0,0.0,2021,Arsenal,5
2021-03-06,Sat,Premier League,Home,D,0.0,0.0,Wolves,A Madley,9.0,1.0,13.0,13.0,1.0,0.0,0.0,0.0,2021,Aston Villa,5
2021-03-06,Sat,Premier League,Home,L,1.0,2.0,Leicester,M Oliver,7.0,2.0,14.0,8.0,0.0,0.0,1.0,0.0,2021,Brighton,5
2021-03-06,Sat,Premier League,Home,D,1.0,1.0,Arsenal,A Marriner,9.0,5.0,5.0,12.0,1.0,0.0,1.0,0.0,2021,Burnley,5
2021-03-06,Sat,Premier League,Away,W,2.0,1.0,Brighton,M Oliver,8.0,4.0,8.0,14.0,1.0,0.0,0.0,0.0,2021,Leicester,5
2021-03-06,Sat,Premier League,Home,L,0.0,2.0,Southampton,P Tierney,8.0,2.0,17.0,11.0,4.0,0.0,3.0,0.0,2021,Sheffield United,5
2021-03-06,Sat,Premier League,Away,W,2.0,0.0,Sheffield United,P Tierney,15.0,5.0,11.0,17.0,3.0,0.0,4.0,0.0,2021,Southampton,5
2021-03-06,Sat,Premier League,Away,D,0.0,0.0,Aston Villa,A Madley,10.0,2.0,13.0,13.0,0.0,0.0,1.0,0.0,2021,Wolves,5
2021-03-07,Sun,Premier League,Away,L,1.0,4.0,Tottenham,S Attwell,5.0,1.0,17.0,8.0,3.0,0.0,2.0,0.0,2021,Crystal Palace,6
2021-03-07,Sun,Premier League,Away,W,1.0,0.0,Liverpool,K Friend,10.0,3.0,8.0,10.0,3.0,0.0,2.0,0.0,2021,Fulham,6
2021-03-07,Sun,Premier League,Home,L,0.0,1.0,Fulham,K Friend,16.0,3.0,10.0,8.0,2.0,0.0,3.0,0.0,2021,Liverpool,6
2021-03-07,Sun,Premier League,Home,L,0.0,2.0,Man United,A Taylor,23.0,6.0,9.0,12.0,0.0,0.0,3.0,0.0,2021,Man City,6
2021-03-07,Sun,Premier League,Away,W,2.0,0.0,Man City,A Taylor,8.0,6.0,12.0,9.0,3.0,0.0,0.0,0.0,2021,Man United,6
2021-03-07,Sun,Premier League,Away,D,0.0,0.0,West Brom,M Atkinson,9.0,5.0,10.0,11.0,0.0,0.0,0.0,0.0,2021,Newcastle,6
2021-03-07,Sun,Premier League,Home,W,4.0,1.0,Crystal Palace,S Attwell,12.0,5.0,8.0,17.0,2.0,0.0,3.0,0.0,2021,Tottenham,6
2021-03-07,Sun,Premier League,Home,D,0.0,0.0,Newcastle,M Atkinson,13.0,3.0,11.0,10.0,0.0,0.0,0.0,0.0,2021,West Brom,6
2021-03-08,Mon,Premier League,Home,W,2.0,0.0,Everton,D Coote,19.0,9.0,11.0,12.0,0.0,0.0,3.0,0.0,2021,Chelsea,0
2021-03-08,Mon,Premier League,Away,L,0.0,2.0,Chelsea,D Coote,7.0,1.0,12.0,11.0,3.0,0.0,0.0,0.0,2021,Everton,0
2021-03-08,Mon,Premier League,Away,L,0.0,2.0,West Ham,M Dean,17.0,2.0,9.0,9.0,1.0,0.0,1.0,0.0,2021,Leeds,0
2021-03-08,Mon,Premier League,Home,W,2.0,0.0,Leeds,M Dean,16.0,5.0,9.0,9.0,1.0,0.0,1.0,0.0,2021,West Ham,0
2021-03-10,Wed,Premier League,Home,W,5.0,2.0,Southampton,J Moss,17.0,10.0,6.0,4.0,1.0,0.0,0.0,0.0,2021,Man City,2
2021-03-10,Wed,Premier League,Away,L,2.0,5.0,Man City,J Moss,11.0,6.0,4.0,6.0,0.0,0.0,1.0,0.0,2021,Southampton,2
2021-03-12,Fri,Premier League,Away,D,1.0,1.0,Newcastle,P Tierney,15.0,6.0,10.0,10.0,3.0,0.0,2.0,0.0,2021,Aston Villa,4
2021-03-12,Fri,Premier League,Home,D,1.0,1.0,Aston Villa,P Tierney,12.0,3.0,10.0,10.0,2.0,0.0,3.0,0.0,2021,Newcastle,4
2021-03-13,Sat,Premier League,Away,W,2.0,1.0,Everton,J Moss,14.0,5.0,6.0,9.0,4.0,0.0,0.0,0.0,2021,Burnley,5
2021-03-13,Sat,Premier League,Away,D,0.0,0.0,Leeds,K Friend,15.0,8.0,6.0,16.0,0.0,0.0,3.0,0.0,2021,Chelsea,5
2021-03-13,Sat,Premier League,Home,W,1.0,0.0,West Brom,S Hooper,6.0,4.0,16.0,15.0,3.0,0.0,1.0,0.0,2021,Crystal Palace,5
2021-03-13,Sat,Premier League,Home,L,1.0,2.0,Burnley,J Moss,14.0,4.0,9.0,6.0,0.0,0.0,4.0,0.0,2021,Everton,5
2021-03-13,Sat,Premier League,Home,L,0.0,3.0,Man City,A Marriner,3.0,0.0,14.0,13.0,0.0,0.0,0.0,0.0,2021,Fulham,5
2021-03-13,Sat,Premier League,Home,D,0.0,0.0,Chelsea,K Friend,7.0,4.0,16.0,6.0,3.0,0.0,0.0,0.0,2021,Leeds,5
2021-03-13,Sat,Premier League,Away,W,3.0,0.0,Fulham,A Marriner,8.0,7.0,13.0,14.0,0.0,0.0,0.0,0.0,2021,Man City,5
2021-03-13,Sat,Premier League,Away,L,0.0,1.0,Crystal Palace,S Hooper,12.0,1.0,15.0,16.0,1.0,0.0,3.0,0.0,2021,West Brom,5
2021-03-14,Sun,Premier League,Home,W,2.0,1.0,Tottenham,M Oliver,13.0,3.0,12.0,14.0,1.0,0.0,2.0,1.0,2021,Arsenal,6
2021-03-14,Sun,Premier League,Away,W,2.0,1.0,Southampton,S Attwell,8.0,6.0,10.0,11.0,0.0,0.0,0.0,0.0,2021,Brighton,6
2021-03-14,Sun,Premier League,Home,W,5.0,0.0,Sheffield United,P Bankes,19.0,10.0,10.0,9.0,0.0,0.0,2.0,0.0,2021,Leicester,6
2021-03-14,Sun,Premier League,Home,W,1.0,0.0,West Ham,M Atkinson,15.0,4.0,12.0,2.0,4.0,0.0,0.0,0.0,2021,Man United,6
2021-03-14,Sun,Premier League,Away,L,0.0,5.0,Leicester,P Bankes,1.0,0.0,9.0,10.0,2.0,0.0,0.0,0.0,2021,Sheffield United,6
2021-03-14,Sun,Premier League,Home,L,1.0,2.0,Brighton,S Attwell,9.0,4.0,11.0,10.0,0.0,0.0,0.0,0.0,2021,Southampton,6
2021-03-14,Sun,Premier League,Away,L,1.0,2.0,Arsenal,M Oliver,6.0,3.0,14.0,12.0,2.0,1.0,1.0,0.0,2021,Tottenham,6
2021-03-14,Sun,Premier League,Away,L,0.0,1.0,Man United,M Atkinson,7.0,0.0,2.0,12.0,0.0,0.0,4.0,0.0,2021,West Ham,6
2021-03-15,Mon,Premier League,Away,W,1.0,0.0,Wolves,C Pawson,12.0,4.0,10.0,17.0,1.0,0.0,2.0,0.0,2021,Liverpool,0
2021-03-15,Mon,Premier League,Home,L,0.0,1.0,Liverpool,C Pawson,10.0,5.0,17.0,10.0,2.0,0.0,1.0,0.0,2021,Wolves,0
2021-03-19,Fri,Premier League,Home,L,1.0,2.0,Leeds,D Coote,13.0,6.0,13.0,12.0,2.0,0.0,2.0,0.0,2021,Fulham,4
2021-03-19,Fri,Premier League,Away,W,2.0,1.0,Fulham,D Coote,13.0,4.0,12.0,13.0,2.0,0.0,2.0,0.0,2021,Leeds,4
2021-03-20,Sat,Premier League,Home,W,3.0,0.0,Newcastle,A Taylor,11.0,6.0,12.0,5.0,0.0,0.0,1.0,0.0,2021,Brighton,5
2021-03-20,Sat,Premier League,Away,L,0.0,3.0,Brighton,A Taylor,3.0,1.0,5.0,12.0,1.0,0.0,0.0,0.0,2021,Newcastle,5
2021-03-21,Sun,Premier League,Away,D,3.0,3.0,West Ham,J Moss,16.0,7.0,8.0,18.0,1.0,0.0,3.0,0.0,2021,Arsenal,6
2021-03-21,Sun,Premier League,Home,L,0.0,2.0,Tottenham,M Dean,8.0,1.0,18.0,13.0,3.0,0.0,2.0,0.0,2021,Aston Villa,6
2021-03-21,Sun,Premier League,Away,W,2.0,0.0,Aston Villa,M Dean,9.0,3.0,13.0,18.0,2.0,0.0,3.0,0.0,2021,Tottenham,6
2021-03-21,Sun,Premier League,Home,D,3.0,3.0,Arsenal,J Moss,15.0,5.0,18.0,8.0,3.0,0.0,1.0,0.0,2021,West Ham,6
2021-04-03,Sat,Premier League,Home,L,0.0,3.0,Liverpool,S Attwell,3.0,2.0,10.0,10.0,1.0,0.0,1.0,0.0,2021,Arsenal,5
2021-04-03,Sat,Premier League,Home,L,2.0,5.0,West Brom,D Coote,18.0,8.0,11.0,6.0,1.0,1.0,1.0,0.0,2021,Chelsea,5
2021-04-03,Sat,Premier League,Home,W,2.0,1.0,Sheffield United,G Scott,23.0,8.0,12.0,13.0,1.0,0.0,2.0,0.0,2021,Leeds,5
2021-04-03,Sat,Premier League,Home,L,0.0,2.0,Man City,A Taylor,5.0,2.0,13.0,12.0,2.0,0.0,3.0,0.0,2021,Leicester,5
2021-04-03,Sat,Premier League,Away,W,3.0,0.0,Arsenal,S Attwell,16.0,7.0,10.0,10.0,1.0,0.0,1.0,0.0,2021,Liverpool,5
2021-04-03,Sat,Premier League,Away,W,2.0,0.0,Leicester,A Taylor,11.0,4.0,12.0,13.0,3.0,0.0,2.0,0.0,2021,Man City,5
2021-04-03,Sat,Premier League,Away,L,1.0,2.0,Leeds,G Scott,9.0,1.0,13.0,12.0,2.0,0.0,1.0,0.0,2021,Sheffield United,5
2021-04-03,Sat,Premier League,Away,W,5.0,2.0,Chelsea,D Coote,14.0,7.0,6.0,11.0,1.0,0.0,1.0,1.0,2021,West Brom,5
2021-04-04,Sun,Premier League,Home,W,3.0,1.0,Fulham,A Madley,14.0,4.0,14.0,20.0,1.0,0.0,2.0,0.0,2021,Aston Villa,6
2021-04-04,Sun,Premier League,Away,L,1.0,2.0,Man United,M Dean,5.0,3.0,7.0,14.0,2.0,0.0,2.0,0.0,2021,Brighton,6
2021-04-04,Sun,Premier League,Away,L,2.0,3.0,Southampton,A Marriner,7.0,5.0,10.0,11.0,0.0,0.0,0.0,0.0,2021,Burnley,6
2021-04-04,Sun,Premier League,Away,L,1.0,3.0,Aston Villa,A Madley,15.0,7.0,20.0,14.0,2.0,0.0,1.0,0.0,2021,Fulham,6
2021-04-04,Sun,Premier League,Home,W,2.0,1.0,Brighton,M Dean,15.0,7.0,14.0,7.0,2.0,0.0,2.0,0.0,2021,Man United,6
2021-04-04,Sun,Premier League,Home,D,2.0,2.0,Tottenham,C Pawson,22.0,6.0,13.0,14.0,3.0,0.0,2.0,0.0,2021,Newcastle,6
2021-04-04,Sun,Premier League,Home,W,3.0,2.0,Burnley,A Marriner,24.0,9.0,11.0,10.0,0.0,0.0,0.0,0.0,2021,Southampton,6
2021-04-04,Sun,Premier League,Away,D,2.0,2.0,Newcastle,C Pawson,11.0,5.0,14.0,13.0,2.0,0.0,3.0,0.0,2021,Tottenham,6
2021-04-05,Mon,Premier League,Away,D,1.0,1.0,Everton,K Friend,13.0,6.0,10.0,10.0,0.0,0.0,2.0,0.0,2021,Crystal Palace,0
2021-04-05,Mon,Premier League,Home,D,1.0,1.0,Crystal Palace,K Friend,15.0,7.0,10.0,10.0,2.0,0.0,0.0,0.0,2021,Everton,0
2021-04-05,Mon,Premier League,Away,W,3.0,2.0,Wolves,M Oliver,9.0,6.0,9.0,9.0,4.0,0.0,1.0,0.0,2021,West Ham,0
2021-04-05,Mon,Premier League,Home,L,2.0,3.0,West Ham,M Oliver,20.0,5.0,9.0,9.0,1.0,0.0,4.0,0.0,2021,Wolves,0
2021-04-09,Fri,Premier League,Home,L,0.0,1.0,Wolves,J Moss,14.0,3.0,11.0,8.0,0.0,0.0,0.0,0.0,2021,Fulham,4
2021-04-09,Fri,Premier League,Away,W,1.0,0.0,Fulham,J Moss,7.0,3.0,8.0,11.0,0.0,0.0,0.0,0.0,2021,Wolves,4
2021-04-10,Sat,Premier League,Away,L,1.0,2.0,Liverpool,P Tierney,9.0,5.0,11.0,16.0,4.0,0.0,2.0,0.0,2021,Aston Villa,5
2021-04-10,Sat,Premier League,Away,W,4.0,1.0,Crystal Palace,M Oliver,23.0,10.0,12.0,7.0,0.0,0.0,1.0,0.0,2021,Chelsea,5
2021-04-10,Sat,Premier League,Home,L,1.0,4.0,Chelsea,M Oliver,1.0,1.0,7.0,12.0,1.0,0.0,0.0,0.0,2021,Crystal Palace,5
2021-04-10,Sat,Premier League,Away,W,2.0,1.0,Man City,A Marriner,2.0,2.0,15.0,12.0,1.0,1.0,3.0,0.0,2021,Leeds,5
2021-04-10,Sat,Premier League,Home,W,2.0,1.0,Aston Villa,P Tierney,23.0,10.0,16.0,11.0,2.0,0.0,4.0,0.0,2021,Liverpool,5
2021-04-10,Sat,Premier League,Home,L,1.0,2.0,Leeds,A Marriner,29.0,7.0,12.0,15.0,3.0,0.0,1.0,1.0,2021,Man City,5
2021-04-11,Sun,Premier League,Away,W,3.0,0.0,Sheffield United,P Bankes,14.0,5.0,6.0,9.0,1.0,0.0,1.0,0.0,2021,Arsenal,6
2021-04-11,Sun,Premier League,Home,L,1.0,2.0,Newcastle,A Taylor,24.0,4.0,11.0,12.0,1.0,0.0,0.0,0.0,2021,Burnley,6
2021-04-11,Sun,Premier League,Away,L,2.0,3.0,West Ham,M Dean,15.0,5.0,13.0,7.0,3.0,0.0,3.0,0.0,2021,Leicester,6
2021-04-11,Sun,Premier League,Away,W,3.0,1.0,Tottenham,C Kavanagh,12.0,7.0,15.0,11.0,5.0,0.0,1.0,0.0,2021,Man United,6
2021-04-11,Sun,Premier League,Away,W,2.0,1.0,Burnley,A Taylor,10.0,5.0,12.0,11.0,0.0,0.0,1.0,0.0,2021,Newcastle,6
2021-04-11,Sun,Premier League,Home,L,0.0,3.0,Arsenal,P Bankes,7.0,2.0,9.0,6.0,1.0,0.0,1.0,0.0,2021,Sheffield United,6
2021-04-11,Sun,Premier League,Home,L,1.0,3.0,Man United,C Kavanagh,12.0,3.0,11.0,15.0,1.0,0.0,5.0,0.0,2021,Tottenham,6
2021-04-11,Sun,Premier League,Home,W,3.0,2.0,Leicester,M Dean,4.0,4.0,7.0,13.0,3.0,0.0,3.0,0.0,2021,West Ham,6
2021-04-12,Mon,Premier League,Home,D,0.0,0.0,Everton,D England,23.0,3.0,12.0,7.0,1.0,0.0,2.0,0.0,2021,Brighton,0
2021-04-12,Mon,Premier League,Away,D,0.0,0.0,Brighton,D England,8.0,1.0,7.0,12.0,2.0,0.0,1.0,0.0,2021,Everton,0
2021-04-12,Mon,Premier League,Away,L,0.0,3.0,West Brom,S Hooper,14.0,4.0,11.0,12.0,1.0,0.0,0.0,0.0,2021,Southampton,0
2021-04-12,Mon,Premier League,Home,W,3.0,0.0,Southampton,S Hooper,15.0,6.0,12.0,11.0,0.0,0.0,1.0,0.0,2021,West Brom,0
2021-04-16,Fri,Premier League,Home,D,2.0,2.0,Tottenham,M Oliver,18.0,7.0,8.0,8.0,1.0,0.0,1.0,0.0,2021,Everton,4
2021-04-16,Fri,Premier League,Away,D,2.0,2.0,Everton,M Oliver,12.0,3.0,8.0,8.0,1.0,0.0,1.0,0.0,2021,Tottenham,4
2021-04-17,Sat,Premier League,Home,W,3.0,2.0,West Ham,K Friend,16.0,8.0,9.0,7.0,2.0,0.0,0.0,1.0,2021,Newcastle,5
2021-04-17,Sat,Premier League,Away,L,0.0,1.0,Wolves,R Jones,8.0,2.0,15.0,8.0,2.0,0.0,1.0,0.0,2021,Sheffield United,5
2021-04-17,Sat,Premier League,Away,L,2.0,3.0,Newcastle,K Friend,16.0,6.0,7.0,9.0,0.0,1.0,2.0,0.0,2021,West Ham,5
2021-04-17,Sat,Premier League,Home,W,1.0,0.0,Sheffield United,R Jones,10.0,5.0,8.0,15.0,1.0,0.0,2.0,0.0,2021,Wolves,5
2021-04-18,Sun,Premier League,Home,D,1.0,1.0,Fulham,C Pawson,18.0,5.0,9.0,11.0,0.0,0.0,3.0,0.0,2021,Arsenal,6
2021-04-18,Sun,Premier League,Away,L,1.0,3.0,Man United,J Moss,10.0,3.0,12.0,9.0,2.0,0.0,1.0,0.0,2021,Burnley,6
2021-04-18,Sun,Premier League,Away,D,1.0,1.0,Arsenal,C Pawson,3.0,1.0,11.0,9.0,3.0,0.0,0.0,0.0,2021,Fulham,6
2021-04-18,Sun,Premier League,Home,W,3.0,1.0,Burnley,J Moss,17.0,9.0,9.0,12.0,1.0,0.0,2.0,0.0,2021,Man United,6
2021-04-19,Mon,Premier League,Home,D,1.0,1.0,Liverpool,A Taylor,12.0,5.0,17.0,15.0,2.0,0.0,1.0,0.0,2021,Leeds,0
2021-04-19,Mon,Premier League,Away,D,1.0,1.0,Leeds,A Taylor,17.0,7.0,15.0,17.0,1.0,0.0,2.0,0.0,2021,Liverpool,0
2021-04-20,Tue,Premier League,Away,D,0.0,0.0,Chelsea,S Attwell,11.0,2.0,9.0,8.0,0.0,1.0,2.0,0.0,2021,Brighton,1
2021-04-20,Tue,Premier League,Home,D,0.0,0.0,Brighton,S Attwell,7.0,4.0,8.0,9.0,2.0,0.0,0.0,1.0,2021,Chelsea,1
2021-04-21,Wed,Premier League,Home,L,1.0,2.0,Man City,P Bankes,8.0,3.0,12.0,7.0,0.0,1.0,1.0,1.0,2021,Aston Villa,2
2021-04-21,Wed,Premier League,Away,W,2.0,1.0,Aston Villa,P Bankes,13.0,3.0,7.0,12.0,1.0,1.0,0.0,1.0,2021,Man City,2
2021-04-21,Wed,Premier League,Away,L,1.0,2.0,Tottenham,D Coote,10.0,5.0,14.0,10.0,1.0,0.0,2.0,0.0,2021,Southampton,2
2021-04-21,Wed,Premier League,Home,W,2.0,1.0,Southampton,D Coote,12.0,3.0,10.0,14.0,2.0,0.0,1.0,0.0,2021,Tottenham,2
2021-04-22,Thu,Premier League,Home,W,3.0,0.0,West Brom,A Madley,17.0,7.0,13.0,12.0,0.0,0.0,2.0,0.0,2021,Leicester,3
2021-04-22,Thu,Premier League,Away,L,0.0,3.0,Leicester,A Madley,4.0,1.0,12.0,13.0,2.0,0.0,0.0,0.0,2021,West Brom,3
2021-04-23,Fri,Premier League,Home,L,0.0,1.0,Everton,J Moss,14.0,3.0,13.0,10.0,1.0,0.0,3.0,0.0,2021,Arsenal,4
2021-04-23,Fri,Premier League,Away,W,1.0,0.0,Arsenal,J Moss,8.0,1.0,10.0,13.0,3.0,0.0,1.0,0.0,2021,Everton,4
2021-04-24,Sat,Premier League,Away,L,0.0,1.0,Sheffield United,K Friend,17.0,4.0,7.0,13.0,0.0,0.0,3.0,0.0,2021,Brighton,5
2021-04-24,Sat,Premier League,Away,W,1.0,0.0,West Ham,C Kavanagh,17.0,6.0,11.0,9.0,4.0,0.0,0.0,1.0,2021,Chelsea,5
2021-04-24,Sat,Premier League,Home,D,1.0,1.0,Newcastle,A Marriner,22.0,9.0,9.0,7.0,2.0,0.0,1.0,0.0,2021,Liverpool,5
2021-04-24,Sat,Premier League,Away,D,1.0,1.0,Liverpool,A Marriner,7.0,4.0,7.0,9.0,1.0,0.0,2.0,0.0,2021,Newcastle,5
2021-04-24,Sat,Premier League,Home,W,1.0,0.0,Brighton,K Friend,7.0,3.0,13.0,7.0,3.0,0.0,0.0,0.0,2021,Sheffield United,5
2021-04-24,Sat,Premier League,Home,L,0.0,1.0,Chelsea,C Kavanagh,9.0,2.0,9.0,11.0,0.0,1.0,4.0,0.0,2021,West Ham,5
2021-04-25,Sun,Premier League,Home,D,2.0,2.0,West Brom,S Attwell,24.0,11.0,14.0,9.0,0.0,0.0,2.0,0.0,2021,Aston Villa,6
2021-04-25,Sun,Premier League,Away,W,4.0,0.0,Wolves,D England,14.0,7.0,9.0,8.0,2.0,0.0,1.0,0.0,2021,Burnley,6
2021-04-25,Sun,Premier League,Home,D,0.0,0.0,Man United,C Pawson,6.0,3.0,21.0,11.0,4.0,0.0,1.0,0.0,2021,Leeds,6
2021-04-25,Sun,Premier League,Away,D,0.0,0.0,Leeds,C Pawson,16.0,4.0,11.0,21.0,1.0,0.0,4.0,0.0,2021,Man United,6
2021-04-25,Sun,Premier League,Away,D,2.0,2.0,Aston Villa,S Attwell,10.0,4.0,9.0,14.0,2.0,0.0,0.0,0.0,2021,West Brom,6
2021-04-25,Sun,Premier League,Home,L,0.0,4.0,Burnley,D England,12.0,2.0,8.0,9.0,1.0,0.0,2.0,0.0,2021,Wolves,6
2021-04-26,Mon,Premier League,Away,L,1.0,2.0,Leicester,G Scott,4.0,2.0,12.0,13.0,1.0,0.0,0.0,0.0,2021,Crystal Palace,0
2021-04-26,Mon,Premier League,Home,W,2.0,1.0,Crystal Palace,G Scott,13.0,5.0,13.0,12.0,0.0,0.0,1.0,0.0,2021,Leicester,0
2021-04-30,Fri,Premier League,Away,D,1.0,1.0,Southampton,R Jones,23.0,9.0,13.0,9.0,0.0,0.0,1.0,1.0,2021,Leicester,4
2021-04-30,Fri,Premier League,Home,D,1.0,1.0,Leicester,R Jones,5.0,3.0,9.0,13.0,1.0,1.0,0.0,0.0,2021,Southampton,4
2021-05-01,Sat,Premier League,Away,W,2.0,1.0,Everton,S Hooper,13.0,5.0,13.0,10.0,2.0,0.0,0.0,0.0,2021,Aston Villa,5
2021-05-01,Sat,Premier League,Home,W,2.0,0.0,Leeds,C Kavanagh,17.0,5.0,17.0,6.0,1.0,0.0,1.0,0.0,2021,Brighton,5
2021-05-01,Sat,Premier League,Home,W,2.0,0.0,Fulham,K Friend,9.0,5.0,15.0,8.0,1.0,0.0,1.0,0.0,2021,Chelsea,5
2021-05-01,Sat,Premier League,Home,L,0.0,2.0,Man City,D Coote,9.0,4.0,9.0,10.0,2.0,0.0,0.0,0.0,2021,Crystal Palace,5
2021-05-01,Sat,Premier League,Home,L,1.0,2.0,Aston Villa,S Hooper,16.0,3.0,10.0,13.0,0.0,0.0,2.0,0.0,2021,Everton,5
2021-05-01,Sat,Premier League,Away,L,0.0,2.0,Chelsea,K Friend,10.0,3.0,8.0,15.0,1.0,0.0,1.0,0.0,2021,Fulham,5
2021-05-01,Sat,Premier League,Away,L,0.0,2.0,Brighton,C Kavanagh,11.0,2.0,6.0,17.0,1.0,0.0,1.0,0.0,2021,Leeds,5
2021-05-01,Sat,Premier League,Away,W,2.0,0.0,Crystal Palace,D Coote,20.0,3.0,10.0,9.0,0.0,0.0,2.0,0.0,2021,Man City,5
2021-05-02,Sun,Premier League,Away,W,2.0,0.0,Newcastle,M Dean,19.0,5.0,9.0,10.0,1.0,0.0,2.0,1.0,2021,Arsenal,6
2021-05-02,Sun,Premier League,Home,L,0.0,2.0,Arsenal,M Dean,5.0,1.0,10.0,9.0,2.0,1.0,1.0,0.0,2021,Newcastle,6
2021-05-02,Sun,Premier League,Away,L,0.0,4.0,Tottenham,A Marriner,8.0,1.0,9.0,8.0,1.0,0.0,1.0,0.0,2021,Sheffield United,6
2021-05-02,Sun,Premier League,Home,W,4.0,0.0,Sheffield United,A Marriner,20.0,11.0,8.0,9.0,1.0,0.0,1.0,0.0,2021,Tottenham,6
2021-05-03,Mon,Premier League,Home,L,1.0,2.0,West Ham,A Taylor,8.0,3.0,4.0,8.0,2.0,0.0,1.0,0.0,2021,Burnley,0
2021-05-03,Mon,Premier League,Home,D,1.0,1.0,Wolves,P Tierney,10.0,4.0,17.0,11.0,2.0,0.0,0.0,0.0,2021,West Brom,0
2021-05-03,Mon,Premier League,Away,W,2.0,1.0,Burnley,A Taylor,22.0,4.0,8.0,4.0,1.0,0.0,2.0,0.0,2021,West Ham,0
2021-05-03,Mon,Premier League,Away,D,1.0,1.0,West Brom,P Tierney,20.0,10.0,11.0,17.0,0.0,0.0,2.0,0.0,2021,Wolves,0
2021-05-07,Fri,Premier League,Home,L,2.0,4.0,Newcastle,D England,25.0,9.0,12.0,9.0,1.0,0.0,1.0,0.0,2021,Leicester,4
2021-05-07,Fri,Premier League,Away,W,4.0,2.0,Leicester,D England,14.0,6.0,9.0,12.0,1.0,0.0,1.0,0.0,2021,Newcastle,4
2021-05-08,Sat,Premier League,Away,W,2.0,1.0,Man City,A Taylor,12.0,5.0,10.0,12.0,0.0,0.0,2.0,0.0,2021,Chelsea,5
2021-05-08,Sat,Premier League,Away,W,2.0,0.0,Sheffield United,S Hooper,21.0,8.0,8.0,11.0,1.0,0.0,1.0,0.0,2021,Crystal Palace,5
2021-05-08,Sat,Premier League,Home,W,3.0,1.0,Tottenham,M Oliver,16.0,7.0,12.0,10.0,1.0,0.0,2.0,0.0,2021,Leeds,5
2021-05-08,Sat,Premier League,Home,W,2.0,0.0,Southampton,K Friend,14.0,6.0,10.0,6.0,0.0,0.0,1.0,0.0,2021,Liverpool,5
2021-05-08,Sat,Premier League,Home,L,1.0,2.0,Chelsea,A Taylor,16.0,4.0,12.0,10.0,2.0,0.0,0.0,0.0,2021,Man City,5
2021-05-08,Sat,Premier League,Home,L,0.0,2.0,Crystal Palace,S Hooper,7.0,0.0,11.0,8.0,1.0,0.0,1.0,0.0,2021,Sheffield United,5
2021-05-08,Sat,Premier League,Away,L,0.0,2.0,Liverpool,K Friend,12.0,6.0,6.0,10.0,1.0,0.0,0.0,0.0,2021,Southampton,5
2021-05-08,Sat,Premier League,Away,L,1.0,3.0,Leeds,M Oliver,11.0,3.0,10.0,12.0,2.0,0.0,1.0,0.0,2021,Tottenham,5
2021-05-09,Sun,Premier League,Home,W,3.0,1.0,West Brom,P Bankes,15.0,7.0,7.0,9.0,1.0,0.0,2.0,0.0,2021,Arsenal,6
2021-05-09,Sun,Premier League,Home,L,1.0,3.0,Man United,C Kavanagh,11.0,5.0,13.0,18.0,1.0,1.0,1.0,0.0,2021,Aston Villa,6
2021-05-09,Sun,Premier League,Away,L,1.0,2.0,Wolves,J Moss,5.0,3.0,7.0,12.0,2.0,2.0,2.0,0.0,2021,Brighton,6
2021-05-09,Sun,Premier League,Away,W,1.0,0.0,West Ham,S Attwell,9.0,3.0,10.0,8.0,1.0,0.0,2.0,0.0,2021,Everton,6
2021-05-09,Sun,Premier League,Away,W,3.0,1.0,Aston Villa,C Kavanagh,18.0,7.0,18.0,13.0,1.0,0.0,1.0,1.0,2021,Man United,6
2021-05-09,Sun,Premier League,Away,L,1.0,3.0,Arsenal,P Bankes,12.0,1.0,9.0,7.0,2.0,0.0,1.0,0.0,2021,West Brom,6
2021-05-09,Sun,Premier League,Home,L,0.0,1.0,Everton,S Attwell,11.0,0.0,8.0,10.0,2.0,0.0,1.0,0.0,2021,West Ham,6
2021-05-09,Sun,Premier League,Home,W,2.0,1.0,Brighton,J Moss,16.0,6.0,12.0,7.0,2.0,0.0,2.0,2.0,2021,Wolves,6
2021-05-10,Mon,Premier League,Away,W,2.0,0.0,Fulham,D Coote,14.0,5.0,10.0,11.0,0.0,0.0,2.0,0.0,2021,Burnley,0
2021-05-10,Mon,Premier League,Home,L,0.0,2.0,Burnley,D Coote,21.0,3.0,11.0,10.0,2.0,0.0,0.0,0.0,2021,Fulham,0
2021-05-11,Tue,Premier League,Away,L,1.0,3.0,Southampton,A Madley,11.0,4.0,13.0,20.0,3.0,0.0,2.0,0.0,2021,Crystal Palace,1
2021-05-11,Tue,Premier League,Away,W,2.0,1.0,Man United,C Pawson,12.0,3.0,12.0,9.0,0.0,0.0,0.0,0.0,2021,Leicester,1
2021-05-11,Tue,Premier League,Home,L,1.0,2.0,Leicester,C Pawson,4.0,1.0,9.0,12.0,0.0,0.0,0.0,0.0,2021,Man United,1
2021-05-11,Tue,Premier League,Home,W,3.0,1.0,Crystal Palace,A Madley,13.0,6.0,20.0,13.0,2.0,0.0,3.0,0.0,2021,Southampton,1
2021-05-12,Wed,Premier League,Away,W,1.0,0.0,Chelsea,A Marriner,5.0,2.0,6.0,7.0,1.0,0.0,0.0,0.0,2021,Arsenal,2
2021-05-12,Wed,Premier League,Home,L,0.0,1.0,Arsenal,A Marriner,19.0,5.0,7.0,6.0,0.0,0.0,1.0,0.0,2021,Chelsea,2
2021-05-13,Thu,Premier League,Home,D,0.0,0.0,Everton,M Atkinson,13.0,2.0,9.0,12.0,2.0,0.0,0.0,0.0,2021,Aston Villa,3
2021-05-13,Thu,Premier League,Away,D,0.0,0.0,Aston Villa,M Atkinson,15.0,5.0,12.0,9.0,0.0,0.0,2.0,0.0,2021,Everton,3
2021-05-13,Thu,Premier League,Away,W,4.0,2.0,Man United,A Taylor,17.0,8.0,12.0,10.0,0.0,0.0,3.0,0.0,2021,Liverpool,3
2021-05-13,Thu,Premier League,Home,L,2.0,4.0,Liverpool,A Taylor,18.0,3.0,10.0,12.0,3.0,0.0,0.0,0.0,2021,Man United,3
2021-05-14,Fri,Premier League,Away,W,4.0,3.0,Newcastle,K Friend,15.0,6.0,10.0,11.0,2.0,0.0,2.0,0.0,2021,Man City,4
2021-05-14,Fri,Premier League,Home,L,3.0,4.0,Man City,K Friend,11.0,5.0,11.0,10.0,2.0,0.0,2.0,0.0,2021,Newcastle,4
2021-05-15,Sat,Premier League,Home,D,1.0,1.0,West Ham,A Marriner,10.0,2.0,7.0,5.0,1.0,0.0,1.0,0.0,2021,Brighton,5
2021-05-15,Sat,Premier League,Home,L,0.0,4.0,Leeds,G Scott,16.0,4.0,10.0,10.0,1.0,0.0,1.0,0.0,2021,Burnley,5
2021-05-15,Sat,Premier League,Away,L,1.0,3.0,Southampton,C Pawson,10.0,3.0,15.0,9.0,1.0,0.0,0.0,0.0,2021,Fulham,5
2021-05-15,Sat,Premier League,Away,W,4.0,0.0,Burnley,G Scott,16.0,6.0,10.0,10.0,1.0,0.0,1.0,0.0,2021,Leeds,5
2021-05-15,Sat,Premier League,Home,W,3.0,1.0,Fulham,C Pawson,11.0,7.0,9.0,15.0,0.0,0.0,1.0,0.0,2021,Southampton,5
2021-05-15,Sat,Premier League,Away,D,1.0,1.0,Brighton,A Marriner,15.0,3.0,5.0,7.0,1.0,0.0,1.0,0.0,2021,West Ham,5
2021-05-16,Sun,Premier League,Away,L,2.0,3.0,Crystal Palace,D Coote,19.0,5.0,13.0,23.0,2.0,0.0,3.0,0.0,2021,Aston Villa,6
2021-05-16,Sun,Premier League,Home,W,3.0,2.0,Aston Villa,D Coote,23.0,8.0,23.0,13.0,3.0,0.0,2.0,0.0,2021,Crystal Palace,6
2021-05-16,Sun,Premier League,Home,L,0.0,1.0,Sheffield United,A Moss,16.0,6.0,8.0,12.0,1.0,0.0,3.0,0.0,2021,Everton,6
2021-05-16,Sun,Premier League,Away,W,2.0,1.0,West Brom,M Dean,26.0,6.0,14.0,7.0,0.0,0.0,0.0,0.0,2021,Liverpool,6
2021-05-16,Sun,Premier League,Away,W,1.0,0.0,Everton,A Moss,10.0,3.0,12.0,8.0,3.0,0.0,1.0,0.0,2021,Sheffield United,6
2021-05-16,Sun,Premier League,Home,W,2.0,0.0,Wolves,M Atkinson,24.0,13.0,8.0,11.0,1.0,0.0,0.0,0.0,2021,Tottenham,6
2021-05-16,Sun,Premier League,Home,L,1.0,2.0,Liverpool,M Dean,10.0,3.0,7.0,14.0,0.0,0.0,0.0,0.0,2021,West Brom,6
2021-05-16,Sun,Premier League,Away,L,0.0,2.0,Tottenham,M Atkinson,15.0,3.0,11.0,8.0,0.0,0.0,1.0,0.0,2021,Wolves,6
2021-05-18,Tue,Premier League,Home,W,3.0,2.0,Man City,S Attwell,19.0,6.0,13.0,11.0,3.0,0.0,3.0,1.0,2021,Brighton,1
2021-05-18,Tue,Premier League,Home,W,2.0,1.0,Leicester,M Dean,17.0,6.0,15.0,16.0,2.0,0.0,4.0,0.0,2021,Chelsea,1
2021-05-18,Tue,Premier League,Away,D,1.0,1.0,Man United,L Mason,8.0,5.0,15.0,10.0,3.0,0.0,2.0,0.0,2021,Fulham,1
2021-05-18,Tue,Premier League,Away,W,2.0,0.0,Southampton,P Bankes,15.0,7.0,12.0,10.0,3.0,0.0,0.0,0.0,2021,Leeds,1
2021-05-18,Tue,Premier League,Away,L,1.0,2.0,Chelsea,M Dean,7.0,3.0,16.0,15.0,4.0,0.0,2.0,0.0,2021,Leicester,1
2021-05-18,Tue,Premier League,Away,L,2.0,3.0,Brighton,S Attwell,8.0,4.0,11.0,13.0,3.0,1.0,3.0,0.0,2021,Man City,1
2021-05-18,Tue,Premier League,Home,D,1.0,1.0,Fulham,L Mason,13.0,6.0,10.0,15.0,2.0,0.0,3.0,0.0,2021,Man United,1
2021-05-18,Tue,Premier League,Home,L,0.0,2.0,Leeds,P Bankes,18.0,3.0,10.0,12.0,0.0,0.0,3.0,0.0,2021,Southampton,1
2021-05-19,Wed,Premier League,Away,W,3.0,1.0,Crystal Palace,A Taylor,6.0,3.0,7.0,7.0,1.0,0.0,2.0,0.0,2021,Arsenal,2
2021-05-19,Wed,Premier League,Away,W,2.0,1.0,Tottenham,C Pawson,20.0,4.0,13.0,14.0,1.0,0.0,1.0,0.0,2021,Aston Villa,2
2021-05-19,Wed,Premier League,Home,L,0.0,3.0,Liverpool,C Kavanagh,10.0,4.0,10.0,7.0,0.0,0.0,0.0,0.0,2021,Burnley,2
2021-05-19,Wed,Premier League,Home,L,1.0,3.0,Arsenal,A Taylor,12.0,6.0,7.0,7.0,2.0,0.0,1.0,0.0,2021,Crystal Palace,2
2021-05-19,Wed,Premier League,Home,W,1.0,0.0,Wolves,A Madley,14.0,4.0,11.0,11.0,0.0,0.0,2.0,0.0,2021,Everton,2
2021-05-19,Wed,Premier League,Away,W,3.0,0.0,Burnley,C Kavanagh,20.0,3.0,7.0,10.0,0.0,0.0,0.0,0.0,2021,Liverpool,2
2021-05-19,Wed,Premier League,Home,W,1.0,0.0,Sheffield United,R Jones,16.0,5.0,7.0,7.0,0.0,0.0,2.0,0.0,2021,Newcastle,2
2021-05-19,Wed,Premier League,Away,L,0.0,1.0,Newcastle,R Jones,11.0,1.0,7.0,7.0,2.0,0.0,0.0,0.0,2021,Sheffield United,2
2021-05-19,Wed,Premier League,Home,L,1.0,2.0,Aston Villa,C Pawson,10.0,4.0,14.0,13.0,1.0,0.0,1.0,0.0,2021,Tottenham,2
2021-05-19,Wed,Premier League,Home,L,1.0,3.0,West Ham,M Oliver,14.0,4.0,8.0,11.0,2.0,0.0,2.0,0.0,2021,West Brom,2
2021-05-19,Wed,Premier League,Away,W,3.0,1.0,West Brom,M Oliver,21.0,9.0,11.0,8.0,2.0,0.0,2.0,0.0,2021,West Ham,2
2021-05-19,Wed,Premier League,Away,L,0.0,1.0,Everton,A Madley,9.0,3.0,11.0,11.0,2.0,0.0,0.0,0.0,2021,Wolves,2
2021-05-23,Sun,Premier League,Home,W,2.0,0.0,Brighton,J Moss,16.0,5.0,10.0,8.0,0.0,0.0,0.0,0.0,2021,Arsenal,6
2021-05-23,Sun,Premier League,Home,W,2.0,1.0,Chelsea,S Attwell,6.0,3.0,11.0,12.0,3.0,0.0,3.0,1.0,2021,Aston Villa,6
2021-05-23,Sun,Premier League,Away,L,0.0,2.0,Arsenal,J Moss,5.0,1.0,8.0,10.0,0.0,0.0,0.0,0.0,2021,Brighton,6
2021-05-23,Sun,Premier League,Away,L,0.0,1.0,Sheffield United,K Friend,10.0,3.0,1.0,11.0,1.0,0.0,3.0,0.0,2021,Burnley,6
2021-05-23,Sun,Premier League,Away,L,1.0,2.0,Aston Villa,S Attwell,23.0,7.0,12.0,11.0,3.0,1.0,3.0,0.0,2021,Chelsea,6
2021-05-23,Sun,Premier League,Away,L,0.0,2.0,Liverpool,C Pawson,5.0,4.0,8.0,10.0,2.0,0.0,2.0,0.0,2021,Crystal Palace,6
2021-05-23,Sun,Premier League,Away,L,0.0,5.0,Man City,M Oliver,8.0,3.0,10.0,8.0,2.0,0.0,2.0,0.0,2021,Everton,6
2021-05-23,Sun,Premier League,Home,L,0.0,2.0,Newcastle,C Kavanagh,14.0,0.0,12.0,6.0,1.0,0.0,0.0,0.0,2021,Fulham,6
2021-05-23,Sun,Premier League,Home,W,3.0,1.0,West Brom,D Coote,17.0,9.0,12.0,12.0,2.0,0.0,1.0,0.0,2021,Leeds,6
2021-05-23,Sun,Premier League,Home,L,2.0,4.0,Tottenham,A Taylor,10.0,6.0,9.0,8.0,0.0,0.0,2.0,0.0,2021,Leicester,6
2021-05-23,Sun,Premier League,Home,W,2.0,0.0,Crystal Palace,C Pawson,19.0,5.0,10.0,8.0,2.0,0.0,2.0,0.0,2021,Liverpool,6
2021-05-23,Sun,Premier League,Home,W,5.0,0.0,Everton,M Oliver,21.0,11.0,8.0,10.0,2.0,0.0,2.0,0.0,2021,Man City,6
2021-05-23,Sun,Premier League,Away,W,2.0,1.0,Wolves,M Dean,9.0,4.0,3.0,14.0,1.0,0.0,4.0,0.0,2021,Man United,6
2021-05-23,Sun,Premier League,Away,W,2.0,0.0,Fulham,C Kavanagh,10.0,4.0,6.0,12.0,0.0,0.0,1.0,0.0,2021,Newcastle,6
2021-05-23,Sun,Premier League,Home,W,1.0,0.0,Burnley,K Friend,12.0,3.0,11.0,1.0,3.0,0.0,1.0,0.0,2021,Sheffield United,6
2021-05-23,Sun,Premier League,Away,L,0.0,3.0,West Ham,M Atkinson,17.0,5.0,9.0,5.0,3.0,0.0,0.0,0.0,2021,Southampton,6
2021-05-23,Sun,Premier League,Away,W,4.0,2.0,Leicester,A Taylor,11.0,4.0,8.0,9.0,2.0,0.0,0.0,0.0,2021,Tottenham,6
2021-05-23,Sun,Premier League,Away,L,1.0,3.0,Leeds,D Coote,14.0,5.0,12.0,12.0,1.0,0.0,2.0,0.0,2021,West Brom,6
2021-05-23,Sun,Premier League,Home,W,3.0,0.0,Southampton,M Atkinson,14.0,7.0,5.0,9.0,0.0,0.0,3.0,0.0,2021,West Ham,6
2021-05-23,Sun,Premier League,Home,L,1.0,2.0,Man United,M Dean,14.0,4.0,14.0,3.0,4.0,0.0,1.0,0.0,2021,Wolves,6
2021-08-13,Fri,Premier League,Away,L,0.0,2.0,Brentford,M Oliver,22.0,4.0,8.0,12.0,0.0,0.0,0.0,0.0,2022,Arsenal,4
2021-08-13,Fri,Premier League,Home,W,2.0,0.0,Arsenal,M Oliver,8.0,3.0,12.0,8.0,0.0,0.0,0.0,0.0,2022,Brentford,4
2021-08-14,Sat,Premier League,Away,L,2.0,3.0,Watford,M Dean,11.0,2.0,13.0,18.0,1.0,0.0,3.0,0.0,2022,Aston Villa,5
2021-08-14,Sat,Premier League,Away,W,2.0,1.0,Burnley,D Coote,14.0,8.0,7.0,10.0,1.0,0.0,2.0,0.0,2022,Brighton,5
2021-08-14,Sat,Premier League,Home,L,1.0,2.0,Brighton,D Coote,14.0,3.0,10.0,7.0,2.0,0.0,1.0,0.0,2022,Burnley,5
2021-08-14,Sat,Premier League,Home,W,3.0,0.0,Crystal Palace,J Moss,13.0,6.0,15.0,11.0,0.0,0.0,0.0,0.0,2022,Chelsea,5
2021-08-14,Sat,Premier League,Away,L,0.0,3.0,Chelsea,J Moss,4.0,1.0,11.0,15.0,0.0,0.0,0.0,0.0,2022,Crystal Palace,5
2021-08-14,Sat,Premier League,Home,W,3.0,1.0,Southampton,A Madley,14.0,6.0,13.0,15.0,2.0,0.0,0.0,0.0,2022,Everton,5
2021-08-14,Sat,Premier League,Away,L,1.0,5.0,Man United,P Tierney,10.0,3.0,9.0,11.0,2.0,0.0,1.0,0.0,2022,Leeds,5
2021-08-14,Sat,Premier League,Home,W,1.0,0.0,Wolves,C Pawson,9.0,5.0,6.0,10.0,1.0,0.0,2.0,0.0,2022,Leicester,5
2021-08-14,Sat,Premier League,Away,W,3.0,0.0,Norwich,A Marriner,19.0,8.0,14.0,4.0,1.0,0.0,1.0,0.0,2022,Liverpool,5
2021-08-14,Sat,Premier League,Home,W,5.0,1.0,Leeds,P Tierney,16.0,8.0,11.0,9.0,1.0,0.0,2.0,0.0,2022,Man United,5
2021-08-14,Sat,Premier League,Home,L,0.0,3.0,Liverpool,A Marriner,14.0,3.0,4.0,14.0,1.0,0.0,1.0,0.0,2022,Norwich,5
2021-08-14,Sat,Premier League,Away,L,1.0,3.0,Everton,A Madley,6.0,3.0,15.0,13.0,0.0,0.0,2.0,0.0,2022,Southampton,5
2021-08-14,Sat,Premier League,Home,W,3.0,2.0,Aston Villa,M Dean,13.0,7.0,18.0,13.0,3.0,0.0,1.0,0.0,2022,Watford,5
2021-08-14,Sat,Premier League,Away,L,0.0,1.0,Leicester,C Pawson,17.0,3.0,10.0,6.0,2.0,0.0,1.0,0.0,2022,Wolves,5
2021-08-15,Sun,Premier League,Away,L,0.0,1.0,Tottenham,A Taylor,18.0,4.0,8.0,11.0,1.0,0.0,2.0,0.0,2022,Man City,6
2021-08-15,Sun,Premier League,Home,L,2.0,4.0,West Ham,M Atkinson,17.0,3.0,4.0,3.0,1.0,0.0,0.0,0.0,2022,Newcastle,6
2021-08-15,Sun,Premier League,Home,W,1.0,0.0,Man City,A Taylor,13.0,3.0,11.0,8.0,2.0,0.0,1.0,0.0,2022,Tottenham,6
2021-08-15,Sun,Premier League,Away,W,4.0,2.0,Newcastle,M Atkinson,8.0,9.0,3.0,4.0,0.0,0.0,1.0,0.0,2022,West Ham,6
2021-08-21,Sat,Premier League,Home,W,2.0,0.0,Newcastle,D Coote,10.0,2.0,8.0,18.0,3.0,0.0,4.0,0.0,2022,Aston Villa,5
2021-08-21,Sat,Premier League,Away,D,0.0,0.0,Crystal Palace,M Atkinson,14.0,3.0,9.0,12.0,1.0,0.0,3.0,0.0,2022,Brentford,5
2021-08-21,Sat,Premier League,Home,W,2.0,0.0,Watford,A Taylor,13.0,3.0,11.0,6.0,4.0,0.0,0.0,0.0,2022,Brighton,5
2021-08-21,Sat,Premier League,Away,L,0.0,2.0,Liverpool,M Dean,9.0,3.0,12.0,6.0,0.0,0.0,0.0,0.0,2022,Burnley,5
2021-08-21,Sat,Premier League,Home,D,0.0,0.0,Brentford,M Atkinson,7.0,2.0,12.0,9.0,3.0,0.0,1.0,0.0,2022,Crystal Palace,5
2021-08-21,Sat,Premier League,Away,D,2.0,2.0,Leeds,D England,17.0,8.0,13.0,6.0,4.0,0.0,2.0,0.0,2022,Everton,5
2021-08-21,Sat,Premier League,Home,D,2.0,2.0,Everton,D England,17.0,4.0,6.0,13.0,2.0,0.0,4.0,0.0,2022,Leeds,5
2021-08-21,Sat,Premier League,Home,W,2.0,0.0,Burnley,M Dean,27.0,9.0,6.0,12.0,0.0,0.0,0.0,0.0,2022,Liverpool,5
2021-08-21,Sat,Premier League,Home,W,5.0,0.0,Norwich,G Scott,16.0,4.0,13.0,7.0,1.0,0.0,0.0,0.0,2022,Man City,5
2021-08-21,Sat,Premier League,Away,L,0.0,2.0,Aston Villa,D Coote,9.0,1.0,18.0,8.0,4.0,0.0,3.0,0.0,2022,Newcastle,5
2021-08-21,Sat,Premier League,Away,L,0.0,5.0,Man City,G Scott,1.0,0.0,7.0,13.0,0.0,0.0,1.0,0.0,2022,Norwich,5
2021-08-21,Sat,Premier League,Away,L,0.0,2.0,Brighton,A Taylor,10.0,1.0,6.0,11.0,0.0,0.0,4.0,0.0,2022,Watford,5
2021-08-22,Sun,Premier League,Home,L,0.0,2.0,Chelsea,P Tierney,6.0,3.0,10.0,4.0,3.0,0.0,0.0,0.0,2022,Arsenal,6
2021-08-22,Sun,Premier League,Away,W,2.0,0.0,Arsenal,P Tierney,22.0,5.0,4.0,10.0,0.0,0.0,3.0,0.0,2022,Chelsea,6
2021-08-22,Sun,Premier League,Away,D,1.0,1.0,Southampton,C Pawson,15.0,4.0,10.0,12.0,3.0,0.0,2.0,0.0,2022,Man United,6
2021-08-22,Sun,Premier League,Home,D,1.0,1.0,Man United,C Pawson,8.0,3.0,12.0,10.0,2.0,0.0,3.0,0.0,2022,Southampton,6
2021-08-22,Sun,Premier League,Away,W,1.0,0.0,Wolves,S Attwell,8.0,6.0,7.0,9.0,4.0,0.0,1.0,0.0,2022,Tottenham,6
2021-08-22,Sun,Premier League,Home,L,0.0,1.0,Tottenham,S Attwell,25.0,6.0,9.0,7.0,1.0,0.0,4.0,0.0,2022,Wolves,6
2021-08-23,Mon,Premier League,Away,L,1.0,4.0,West Ham,M Oliver,5.0,1.0,8.0,8.0,1.0,1.0,0.0,0.0,2022,Leicester,0
2021-08-23,Mon,Premier League,Home,W,4.0,1.0,Leicester,M Oliver,13.0,7.0,8.0,8.0,0.0,0.0,1.0,1.0,2022,West Ham,0
2021-08-28,Sat,Premier League,Away,L,0.0,5.0,Man City,M Atkinson,1.0,0.0,7.0,5.0,2.0,1.0,1.0,0.0,2022,Arsenal,5
2021-08-28,Sat,Premier League,Home,D,1.0,1.0,Brentford,P Bankes,7.0,5.0,15.0,14.0,3.0,0.0,3.0,0.0,2022,Aston Villa,5
2021-08-28,Sat,Premier League,Away,D,1.0,1.0,Aston Villa,P Bankes,9.0,2.0,14.0,15.0,3.0,0.0,3.0,0.0,2022,Brentford,5
2021-08-28,Sat,Premier League,Home,L,0.0,2.0,Everton,J Moss,14.0,3.0,7.0,9.0,1.0,0.0,2.0,0.0,2022,Brighton,5
2021-08-28,Sat,Premier League,Away,D,1.0,1.0,Liverpool,A Taylor,6.0,3.0,4.0,13.0,2.0,1.0,0.0,0.0,2022,Chelsea,5
2021-08-28,Sat,Premier League,Away,D,2.0,2.0,West Ham,S Attwell,9.0,2.0,7.0,10.0,0.0,0.0,1.0,0.0,2022,Crystal Palace,5
2021-08-28,Sat,Premier League,Away,W,2.0,0.0,Brighton,J Moss,14.0,5.0,9.0,7.0,2.0,0.0,1.0,0.0,2022,Everton,5
2021-08-28,Sat,Premier League,Away,W,2.0,1.0,Norwich,R Jones,9.0,3.0,9.0,8.0,1.0,0.0,2.0,0.0,2022,Leicester,5
2021-08-28,Sat,Premier League,Home,D,1.0,1.0,Chelsea,A Taylor,24.0,7.0,13.0,4.0,0.0,0.0,2.0,1.0,2022,Liverpool,5
2021-08-28,Sat,Premier League,Home,W,5.0,0.0,Arsenal,M Atkinson,25.0,10.0,5.0,7.0,1.0,0.0,2.0,1.0,2022,Man City,5
2021-08-28,Sat,Premier League,Home,D,2.0,2.0,Southampton,P Tierney,10.0,5.0,11.0,6.0,3.0,0.0,3.0,0.0,2022,Newcastle,5
2021-08-28,Sat,Premier League,Home,L,1.0,2.0,Leicester,R Jones,14.0,4.0,8.0,9.0,2.0,0.0,1.0,0.0,2022,Norwich,5
2021-08-28,Sat,Premier League,Away,D,2.0,2.0,Newcastle,P Tierney,22.0,6.0,6.0,11.0,3.0,0.0,3.0,0.0,2022,Southampton,5
2021-08-28,Sat,Premier League,Home,D,2.0,2.0,Crystal Palace,S Attwell,14.0,4.0,10.0,7.0,1.0,0.0,0.0,0.0,2022,West Ham,5
2021-08-29,Sun,Premier League,Home,D,1.0,1.0,Leeds,M Oliver,12.0,3.0,13.0,9.0,4.0,0.0,3.0,0.0,2022,Burnley,6
2021-08-29,Sun,Premier League,Away,D,1.0,1.0,Burnley,M Oliver,12.0,2.0,9.0,13.0,3.0,0.0,4.0,0.0,2022,Leeds,6
2021-08-29,Sun,Premier League,Away,W,1.0,0.0,Wolves,M Dean,10.0,3.0,9.0,7.0,4.0,0.0,3.0,0.0,2022,Man United,6
2021-08-29,Sun,Premier League,Home,W,1.0,0.0,Watford,A Marriner,15.0,8.0,8.0,14.0,3.0,0.0,3.0,0.0,2022,Tottenham,6
2021-08-29,Sun,Premier League,Away,L,0.0,1.0,Tottenham,A Marriner,9.0,2.0,14.0,8.0,3.0,0.0,3.0,0.0,2022,Watford,6
2021-08-29,Sun,Premier League,Home,L,0.0,1.0,Man United,M Dean,15.0,6.0,7.0,9.0,3.0,0.0,4.0,0.0,2022,Wolves,6
2021-09-11,Sat,Premier League,Home,W,1.0,0.0,Norwich,M Oliver,30.0,7.0,9.0,11.0,1.0,0.0,2.0,0.0,2022,Arsenal,5
2021-09-11,Sat,Premier League,Away,L,0.0,3.0,Chelsea,S Attwell,18.0,6.0,11.0,11.0,4.0,0.0,1.0,0.0,2022,Aston Villa,5
2021-09-11,Sat,Premier League,Home,L,0.0,1.0,Brighton,G Scott,7.0,1.0,9.0,12.0,3.0,0.0,2.0,0.0,2022,Brentford,5
2021-09-11,Sat,Premier League,Away,W,1.0,0.0,Brentford,G Scott,4.0,2.0,12.0,9.0,2.0,0.0,3.0,0.0,2022,Brighton,5
2021-09-11,Sat,Premier League,Home,W,3.0,0.0,Aston Villa,S Attwell,12.0,4.0,11.0,11.0,1.0,0.0,4.0,0.0,2022,Chelsea,5
2021-09-11,Sat,Premier League,Home,W,3.0,0.0,Tottenham,J Moss,18.0,4.0,13.0,15.0,2.0,0.0,1.0,1.0,2022,Crystal Palace,5
2021-09-11,Sat,Premier League,Home,L,0.0,1.0,Man City,P Tierney,6.0,1.0,4.0,11.0,1.0,0.0,2.0,0.0,2022,Leicester,5
2021-09-11,Sat,Premier League,Away,W,1.0,0.0,Leicester,P Tierney,25.0,8.0,11.0,4.0,2.0,0.0,1.0,0.0,2022,Man City,5
2021-09-11,Sat,Premier League,Home,W,4.0,1.0,Newcastle,A Taylor,21.0,7.0,9.0,2.0,1.0,0.0,0.0,0.0,2022,Man United,5
2021-09-11,Sat,Premier League,Away,L,1.0,4.0,Man United,A Taylor,12.0,3.0,2.0,9.0,0.0,0.0,1.0,0.0,2022,Newcastle,5
2021-09-11,Sat,Premier League,Away,L,0.0,1.0,Arsenal,M Oliver,10.0,1.0,11.0,9.0,2.0,0.0,1.0,0.0,2022,Norwich,5
2021-09-11,Sat,Premier League,Home,D,0.0,0.0,West Ham,D Coote,11.0,3.0,10.0,12.0,3.0,0.0,1.0,1.0,2022,Southampton,5
2021-09-11,Sat,Premier League,Away,L,0.0,3.0,Crystal Palace,J Moss,2.0,1.0,15.0,13.0,1.0,1.0,2.0,0.0,2022,Tottenham,5
2021-09-11,Sat,Premier League,Home,L,0.0,2.0,Wolves,P Bankes,6.0,2.0,15.0,13.0,3.0,0.0,3.0,0.0,2022,Watford,5
2021-09-11,Sat,Premier League,Away,D,0.0,0.0,Southampton,D Coote,13.0,3.0,12.0,10.0,1.0,1.0,3.0,0.0,2022,West Ham,5
2021-09-11,Sat,Premier League,Away,W,2.0,0.0,Watford,P Bankes,14.0,5.0,13.0,15.0,3.0,0.0,3.0,0.0,2022,Wolves,5
2021-09-12,Sun,Premier League,Home,L,0.0,3.0,Liverpool,C Pawson,9.0,4.0,9.0,8.0,2.0,1.0,1.0,0.0,2022,Leeds,6
2021-09-12,Sun,Premier League,Away,W,3.0,0.0,Leeds,C Pawson,30.0,9.0,8.0,9.0,1.0,0.0,2.0,1.0,2022,Liverpool,6
2021-09-13,Mon,Premier League,Away,L,1.0,3.0,Everton,M Atkinson,11.0,6.0,6.0,3.0,1.0,0.0,1.0,0.0,2022,Burnley,0
2021-09-13,Mon,Premier League,Home,W,3.0,1.0,Burnley,M Atkinson,14.0,6.0,3.0,6.0,1.0,0.0,1.0,0.0,2022,Everton,0
2021-09-17,Fri,Premier League,Away,D,1.0,1.0,Newcastle,M Dean,22.0,9.0,11.0,9.0,2.0,0.0,2.0,0.0,2022,Leeds,4
2021-09-17,Fri,Premier League,Home,D,1.0,1.0,Leeds,M Dean,17.0,7.0,9.0,11.0,2.0,0.0,2.0,0.0,2022,Newcastle,4
2021-09-18,Sat,Premier League,Away,W,1.0,0.0,Burnley,A Taylor,13.0,3.0,8.0,9.0,1.0,0.0,2.0,0.0,2022,Arsenal,5
2021-09-18,Sat,Premier League,Home,W,3.0,0.0,Everton,C Pawson,15.0,3.0,7.0,10.0,1.0,0.0,1.0,0.0,2022,Aston Villa,5
2021-09-18,Sat,Premier League,Away,W,2.0,0.0,Wolves,D England,9.0,3.0,7.0,10.0,2.0,1.0,4.0,0.0,2022,Brentford,5
2021-09-18,Sat,Premier League,Home,L,0.0,1.0,Arsenal,A Taylor,18.0,3.0,9.0,8.0,2.0,0.0,1.0,0.0,2022,Burnley,5
2021-09-18,Sat,Premier League,Away,L,0.0,3.0,Liverpool,A Madley,13.0,2.0,11.0,17.0,1.0,0.0,3.0,0.0,2022,Crystal Palace,5
2021-09-18,Sat,Premier League,Away,L,0.0,3.0,Aston Villa,C Pawson,11.0,1.0,10.0,7.0,1.0,0.0,1.0,0.0,2022,Everton,5
2021-09-18,Sat,Premier League,Home,W,3.0,0.0,Crystal Palace,A Madley,25.0,10.0,17.0,11.0,3.0,0.0,1.0,0.0,2022,Liverpool,5
2021-09-18,Sat,Premier League,Home,D,0.0,0.0,Southampton,J Moss,18.0,1.0,5.0,12.0,0.0,0.0,2.0,0.0,2022,Man City,5
2021-09-18,Sat,Premier League,Home,L,1.0,3.0,Watford,R Jones,12.0,5.0,10.0,14.0,1.0,0.0,1.0,0.0,2022,Norwich,5
2021-09-18,Sat,Premier League,Away,D,0.0,0.0,Man City,J Moss,10.0,2.0,12.0,5.0,2.0,0.0,0.0,0.0,2022,Southampton,5
2021-09-18,Sat,Premier League,Away,W,3.0,1.0,Norwich,R Jones,12.0,8.0,14.0,10.0,1.0,0.0,1.0,0.0,2022,Watford,5
2021-09-18,Sat,Premier League,Home,L,0.0,2.0,Brentford,D England,11.0,0.0,10.0,7.0,4.0,0.0,2.0,1.0,2022,Wolves,5
2021-09-19,Sun,Premier League,Home,W,2.0,1.0,Leicester,S Attwell,12.0,5.0,8.0,10.0,2.0,0.0,1.0,0.0,2022,Brighton,6
2021-09-19,Sun,Premier League,Away,W,3.0,0.0,Tottenham,P Tierney,20.0,10.0,15.0,4.0,1.0,0.0,0.0,0.0,2022,Chelsea,6
2021-09-19,Sun,Premier League,Away,L,1.0,2.0,Brighton,S Attwell,14.0,3.0,10.0,8.0,1.0,0.0,2.0,0.0,2022,Leicester,6
2021-09-19,Sun,Premier League,Away,W,2.0,1.0,West Ham,M Atkinson,17.0,10.0,8.0,5.0,0.0,0.0,0.0,0.0,2022,Man United,6
2021-09-19,Sun,Premier League,Home,L,0.0,3.0,Chelsea,P Tierney,8.0,2.0,4.0,15.0,0.0,0.0,1.0,0.0,2022,Tottenham,6
2021-09-19,Sun,Premier League,Home,L,1.0,2.0,Man United,M Atkinson,13.0,4.0,5.0,8.0,0.0,0.0,0.0,0.0,2022,West Ham,6
2021-09-25,Sat,Premier League,Away,W,1.0,0.0,Man United,M Dean,7.0,3.0,13.0,9.0,2.0,0.0,2.0,0.0,2022,Aston Villa,5
2021-09-25,Sat,Premier League,Home,D,3.0,3.0,Liverpool,S Attwell,12.0,4.0,8.0,7.0,1.0,0.0,1.0,0.0,2022,Brentford,5
2021-09-25,Sat,Premier League,Away,D,2.0,2.0,Leicester,C Kavanagh,9.0,3.0,8.0,10.0,4.0,0.0,2.0,0.0,2022,Burnley,5
2021-09-25,Sat,Premier League,Home,L,0.0,1.0,Man City,M Oliver,5.0,0.0,12.0,10.0,3.0,0.0,2.0,0.0,2022,Chelsea,5
2021-09-25,Sat,Premier League,Home,W,2.0,0.0,Norwich,D Coote,11.0,4.0,12.0,9.0,2.0,0.0,3.0,0.0,2022,Everton,5
2021-09-25,Sat,Premier League,Home,L,1.0,2.0,West Ham,K Friend,15.0,5.0,10.0,6.0,3.0,0.0,2.0,0.0,2022,Leeds,5
2021-09-25,Sat,Premier League,Home,D,2.0,2.0,Burnley,C Kavanagh,22.0,5.0,10.0,8.0,2.0,0.0,4.0,0.0,2022,Leicester,5
2021-09-25,Sat,Premier League,Away,D,3.0,3.0,Brentford,S Attwell,16.0,6.0,7.0,8.0,1.0,0.0,1.0,0.0,2022,Liverpool,5
2021-09-25,Sat,Premier League,Away,W,1.0,0.0,Chelsea,M Oliver,15.0,4.0,10.0,12.0,2.0,0.0,3.0,0.0,2022,Man City,5
2021-09-25,Sat,Premier League,Home,L,0.0,1.0,Aston Villa,M Dean,28.0,4.0,9.0,13.0,2.0,0.0,2.0,0.0,2022,Man United,5
2021-09-25,Sat,Premier League,Away,D,1.0,1.0,Watford,J Gillett,20.0,6.0,12.0,19.0,3.0,0.0,4.0,0.0,2022,Newcastle,5
2021-09-25,Sat,Premier League,Away,L,0.0,2.0,Everton,D Coote,10.0,2.0,9.0,12.0,3.0,0.0,2.0,0.0,2022,Norwich,5
2021-09-25,Sat,Premier League,Home,D,1.0,1.0,Newcastle,J Gillett,15.0,4.0,19.0,12.0,4.0,0.0,3.0,0.0,2022,Watford,5
2021-09-25,Sat,Premier League,Away,W,2.0,1.0,Leeds,K Friend,20.0,7.0,6.0,10.0,2.0,0.0,3.0,0.0,2022,West Ham,5
2021-09-26,Sun,Premier League,Home,W,3.0,1.0,Tottenham,C Pawson,12.0,7.0,12.0,13.0,2.0,0.0,1.0,0.0,2022,Arsenal,6
2021-09-26,Sun,Premier League,Home,L,0.0,1.0,Wolves,A Madley,18.0,6.0,12.0,8.0,0.0,0.0,0.0,0.0,2022,Southampton,6
2021-09-26,Sun,Premier League,Away,L,1.0,3.0,Arsenal,C Pawson,10.0,4.0,13.0,12.0,1.0,0.0,2.0,0.0,2022,Tottenham,6
2021-09-26,Sun,Premier League,Away,W,1.0,0.0,Southampton,A Madley,5.0,3.0,8.0,12.0,0.0,0.0,0.0,0.0,2022,Wolves,6
2021-09-27,Mon,Premier League,Away,D,1.0,1.0,Crystal Palace,A Marriner,8.0,4.0,10.0,12.0,3.0,0.0,2.0,0.0,2022,Brighton,0
2021-09-27,Mon,Premier League,Home,D,1.0,1.0,Brighton,A Marriner,8.0,3.0,12.0,10.0,2.0,0.0,3.0,0.0,2022,Crystal Palace,0
2021-10-02,Sat,Premier League,Away,D,0.0,0.0,Brighton,J Moss,8.0,2.0,5.0,8.0,1.0,0.0,2.0,0.0,2022,Arsenal,5
2021-10-02,Sat,Premier League,Home,D,0.0,0.0,Arsenal,J Moss,21.0,2.0,8.0,5.0,2.0,0.0,1.0,0.0,2022,Brighton,5
2021-10-02,Sat,Premier League,Home,D,0.0,0.0,Norwich,K Friend,14.0,4.0,13.0,3.0,5.0,0.0,2.0,0.0,2022,Burnley,5
2021-10-02,Sat,Premier League,Home,W,3.0,1.0,Southampton,M Atkinson,20.0,9.0,11.0,13.0,1.0,0.0,3.0,1.0,2022,Chelsea,5
2021-10-02,Sat,Premier League,Away,D,1.0,1.0,Man United,M Oliver,12.0,2.0,9.0,10.0,1.0,0.0,1.0,0.0,2022,Everton,5
2021-10-02,Sat,Premier League,Home,W,1.0,0.0,Watford,S Hooper,20.0,4.0,10.0,16.0,0.0,0.0,3.0,0.0,2022,Leeds,5
2021-10-02,Sat,Premier League,Home,D,1.0,1.0,Everton,M Oliver,13.0,6.0,10.0,9.0,1.0,0.0,1.0,0.0,2022,Man United,5
2021-10-02,Sat,Premier League,Away,L,1.0,2.0,Wolves,G Scott,8.0,2.0,5.0,15.0,2.0,0.0,0.0,0.0,2022,Newcastle,5
2021-10-02,Sat,Premier League,Away,D,0.0,0.0,Burnley,K Friend,10.0,2.0,3.0,13.0,2.0,0.0,5.0,0.0,2022,Norwich,5
2021-10-02,Sat,Premier League,Away,L,1.0,3.0,Chelsea,M Atkinson,6.0,2.0,13.0,11.0,3.0,1.0,1.0,0.0,2022,Southampton,5
2021-10-02,Sat,Premier League,Away,L,0.0,1.0,Leeds,S Hooper,5.0,1.0,16.0,10.0,3.0,0.0,0.0,0.0,2022,Watford,5
2021-10-02,Sat,Premier League,Home,W,2.0,1.0,Newcastle,G Scott,7.0,3.0,15.0,5.0,0.0,0.0,2.0,0.0,2022,Wolves,5
2021-10-03,Sun,Premier League,Away,L,1.0,2.0,Tottenham,C Kavanagh,14.0,3.0,14.0,11.0,1.0,0.0,2.0,0.0,2022,Aston Villa,6
2021-10-03,Sun,Premier League,Away,W,2.0,1.0,West Ham,P Bankes,13.0,6.0,13.0,16.0,3.0,0.0,2.0,0.0,2022,Brentford,6
2021-10-03,Sun,Premier League,Home,D,2.0,2.0,Leicester,A Taylor,18.0,4.0,15.0,11.0,2.0,0.0,3.0,0.0,2022,Crystal Palace,6
2021-10-03,Sun,Premier League,Away,D,2.0,2.0,Crystal Palace,A Taylor,9.0,5.0,11.0,15.0,3.0,0.0,2.0,0.0,2022,Leicester,6
2021-10-03,Sun,Premier League,Home,D,2.0,2.0,Man City,P Tierney,6.0,4.0,10.0,12.0,3.0,0.0,3.0,0.0,2022,Liverpool,6
2021-10-03,Sun,Premier League,Away,D,2.0,2.0,Liverpool,P Tierney,12.0,3.0,12.0,10.0,3.0,0.0,3.0,0.0,2022,Man City,6
2021-10-03,Sun,Premier League,Home,W,2.0,1.0,Aston Villa,C Kavanagh,17.0,8.0,11.0,14.0,2.0,0.0,1.0,0.0,2022,Tottenham,6
2021-10-03,Sun,Premier League,Home,L,1.0,2.0,Brentford,P Bankes,18.0,5.0,16.0,13.0,2.0,0.0,3.0,0.0,2022,West Ham,6
2021-10-16,Sat,Premier League,Home,L,2.0,3.0,Wolves,M Oliver,14.0,5.0,8.0,17.0,2.0,0.0,3.0,0.0,2022,Aston Villa,5
2021-10-16,Sat,Premier League,Home,L,0.0,1.0,Chelsea,A Taylor,17.0,7.0,13.0,8.0,1.0,0.0,1.0,0.0,2022,Brentford,5
2021-10-16,Sat,Premier League,Away,D,0.0,0.0,Norwich,P Bankes,11.0,3.0,14.0,5.0,5.0,0.0,3.0,0.0,2022,Brighton,5
2021-10-16,Sat,Premier League,Away,L,0.0,2.0,Man City,M Atkinson,7.0,2.0,5.0,11.0,0.0,0.0,1.0,0.0,2022,Burnley,5
2021-10-16,Sat,Premier League,Away,W,1.0,0.0,Brentford,A Taylor,5.0,1.0,8.0,13.0,1.0,0.0,1.0,0.0,2022,Chelsea,5
2021-10-16,Sat,Premier League,Away,L,0.0,1.0,Southampton,D Coote,3.0,0.0,14.0,16.0,3.0,0.0,2.0,0.0,2022,Leeds,5
2021-10-16,Sat,Premier League,Home,W,4.0,2.0,Man United,C Pawson,22.0,11.0,5.0,17.0,0.0,0.0,3.0,0.0,2022,Leicester,5
2021-10-16,Sat,Premier League,Away,W,5.0,0.0,Watford,J Moss,19.0,8.0,10.0,4.0,0.0,0.0,0.0,0.0,2022,Liverpool,5
2021-10-16,Sat,Premier League,Home,W,2.0,0.0,Burnley,M Atkinson,15.0,6.0,11.0,5.0,1.0,0.0,0.0,0.0,2022,Man City,5
2021-10-16,Sat,Premier League,Away,L,2.0,4.0,Leicester,C Pawson,18.0,6.0,17.0,5.0,3.0,0.0,0.0,0.0,2022,Man United,5
2021-10-16,Sat,Premier League,Home,D,0.0,0.0,Brighton,P Bankes,15.0,3.0,5.0,14.0,3.0,0.0,5.0,0.0,2022,Norwich,5
2021-10-16,Sat,Premier League,Home,W,1.0,0.0,Leeds,D Coote,19.0,5.0,16.0,14.0,2.0,0.0,3.0,0.0,2022,Southampton,5
2021-10-16,Sat,Premier League,Home,L,0.0,5.0,Liverpool,J Moss,6.0,2.0,4.0,10.0,0.0,0.0,0.0,0.0,2022,Watford,5
2021-10-16,Sat,Premier League,Away,W,3.0,2.0,Aston Villa,M Oliver,9.0,4.0,17.0,8.0,3.0,0.0,2.0,0.0,2022,Wolves,5
2021-10-17,Sun,Premier League,Home,L,0.0,1.0,West Ham,S Attwell,15.0,2.0,3.0,3.0,0.0,0.0,2.0,0.0,2022,Everton,6
2021-10-17,Sun,Premier League,Home,L,2.0,3.0,Tottenham,A Marriner,7.0,1.0,13.0,4.0,4.0,1.0,1.0,0.0,2022,Newcastle,6
2021-10-17,Sun,Premier League,Away,W,3.0,2.0,Newcastle,A Marriner,14.0,4.0,4.0,13.0,1.0,0.0,4.0,1.0,2022,Tottenham,6
2021-10-17,Sun,Premier League,Away,W,1.0,0.0,Everton,S Attwell,16.0,4.0,3.0,3.0,2.0,0.0,0.0,0.0,2022,West Ham,6
2021-10-18,Mon,Premier League,Home,D,2.0,2.0,Crystal Palace,M Dean,17.0,6.0,7.0,4.0,1.0,0.0,1.0,0.0,2022,Arsenal,0
2021-10-18,Mon,Premier League,Away,D,2.0,2.0,Arsenal,M Dean,9.0,6.0,4.0,7.0,1.0,0.0,1.0,0.0,2022,Crystal Palace,0
2021-10-22,Fri,Premier League,Home,W,3.0,1.0,Aston Villa,C Pawson,22.0,9.0,17.0,10.0,2.0,0.0,5.0,0.0,2022,Arsenal,4
2021-10-22,Fri,Premier League,Away,L,1.0,3.0,Arsenal,C Pawson,10.0,4.0,10.0,17.0,5.0,0.0,2.0,0.0,2022,Aston Villa,4
2021-10-23,Sat,Premier League,Home,L,1.0,4.0,Man City,K Friend,10.0,5.0,10.0,6.0,2.0,0.0,3.0,0.0,2022,Brighton,5
2021-10-23,Sat,Premier League,Away,D,2.0,2.0,Southampton,C Kavanagh,9.0,5.0,11.0,10.0,3.0,0.0,1.0,0.0,2022,Burnley,5
2021-10-23,Sat,Premier League,Home,W,7.0,0.0,Norwich,A Madley,23.0,13.0,14.0,16.0,0.0,0.0,2.0,1.0,2022,Chelsea,5
2021-10-23,Sat,Premier League,Home,D,1.0,1.0,Newcastle,D England,15.0,3.0,13.0,9.0,3.0,0.0,4.0,0.0,2022,Crystal Palace,5
2021-10-23,Sat,Premier League,Home,L,2.0,5.0,Watford,G Scott,15.0,4.0,9.0,13.0,4.0,0.0,3.0,0.0,2022,Everton,5
2021-10-23,Sat,Premier League,Home,D,1.0,1.0,Wolves,R Jones,18.0,4.0,15.0,14.0,2.0,0.0,3.0,0.0,2022,Leeds,5
2021-10-23,Sat,Premier League,Away,W,4.0,1.0,Brighton,K Friend,23.0,14.0,6.0,10.0,3.0,0.0,2.0,0.0,2022,Man City,5
2021-10-23,Sat,Premier League,Away,D,1.0,1.0,Crystal Palace,D England,6.0,2.0,9.0,13.0,4.0,0.0,3.0,0.0,2022,Newcastle,5
2021-10-23,Sat,Premier League,Away,L,0.0,7.0,Chelsea,A Madley,3.0,1.0,16.0,14.0,2.0,1.0,0.0,0.0,2022,Norwich,5
2021-10-23,Sat,Premier League,Home,D,2.0,2.0,Burnley,C Kavanagh,16.0,4.0,10.0,11.0,1.0,0.0,3.0,0.0,2022,Southampton,5
2021-10-23,Sat,Premier League,Away,W,5.0,2.0,Everton,G Scott,20.0,8.0,13.0,9.0,3.0,0.0,4.0,0.0,2022,Watford,5
2021-10-23,Sat,Premier League,Away,D,1.0,1.0,Leeds,R Jones,8.0,4.0,14.0,15.0,3.0,0.0,2.0,0.0,2022,Wolves,5
2021-10-24,Sun,Premier League,Home,L,1.0,2.0,Leicester,S Hooper,15.0,5.0,13.0,7.0,1.0,0.0,1.0,0.0,2022,Brentford,6
2021-10-24,Sun,Premier League,Away,W,2.0,1.0,Brentford,S Hooper,10.0,6.0,7.0,13.0,1.0,0.0,1.0,0.0,2022,Leicester,6
2021-10-24,Sun,Premier League,Away,W,5.0,0.0,Man United,A Taylor,19.0,8.0,8.0,10.0,0.0,0.0,6.0,1.0,2022,Liverpool,6
2021-10-24,Sun,Premier League,Home,L,0.0,5.0,Liverpool,A Taylor,12.0,4.0,10.0,8.0,6.0,1.0,0.0,0.0,2022,Man United,6
2021-10-24,Sun,Premier League,Away,L,0.0,1.0,West Ham,P Tierney,7.0,4.0,4.0,11.0,1.0,0.0,2.0,0.0,2022,Tottenham,6
2021-10-24,Sun,Premier League,Home,W,1.0,0.0,Tottenham,P Tierney,13.0,4.0,11.0,4.0,2.0,0.0,1.0,0.0,2022,West Ham,6
2021-10-30,Sat,Premier League,Away,W,2.0,0.0,Leicester,M Oliver,9.0,5.0,11.0,8.0,0.0,0.0,2.0,0.0,2022,Arsenal,5
2021-10-30,Sat,Premier League,Away,L,1.0,3.0,Burnley,J Moss,12.0,5.0,10.0,7.0,1.0,0.0,1.0,0.0,2022,Brentford,5
2021-10-30,Sat,Premier League,Away,D,2.0,2.0,Liverpool,M Dean,9.0,6.0,5.0,8.0,2.0,0.0,2.0,0.0,2022,Brighton,5
2021-10-30,Sat,Premier League,Home,W,3.0,1.0,Brentford,J Moss,15.0,6.0,7.0,10.0,1.0,0.0,1.0,0.0,2022,Burnley,5
2021-10-30,Sat,Premier League,Away,W,3.0,0.0,Newcastle,P Tierney,19.0,6.0,12.0,14.0,2.0,0.0,3.0,0.0,2022,Chelsea,5
2021-10-30,Sat,Premier League,Away,W,2.0,0.0,Man City,A Marriner,8.0,3.0,11.0,11.0,3.0,0.0,2.0,1.0,2022,Crystal Palace,5
2021-10-30,Sat,Premier League,Home,L,0.0,2.0,Arsenal,M Oliver,16.0,8.0,8.0,11.0,2.0,0.0,0.0,0.0,2022,Leicester,5
2021-10-30,Sat,Premier League,Home,D,2.0,2.0,Brighton,M Dean,14.0,3.0,8.0,5.0,2.0,0.0,2.0,0.0,2022,Liverpool,5
2021-10-30,Sat,Premier League,Home,L,0.0,2.0,Crystal Palace,A Marriner,14.0,3.0,11.0,11.0,2.0,1.0,3.0,0.0,2022,Man City,5
2021-10-30,Sat,Premier League,Away,W,3.0,0.0,Tottenham,S Attwell,10.0,4.0,14.0,12.0,3.0,0.0,2.0,0.0,2022,Man United,5
2021-10-30,Sat,Premier League,Home,L,0.0,3.0,Chelsea,P Tierney,6.0,1.0,14.0,12.0,3.0,0.0,2.0,0.0,2022,Newcastle,5
2021-10-30,Sat,Premier League,Away,W,1.0,0.0,Watford,P Bankes,12.0,1.0,6.0,16.0,2.0,0.0,2.0,0.0,2022,Southampton,5
2021-10-30,Sat,Premier League,Home,L,0.0,3.0,Man United,S Attwell,9.0,0.0,12.0,14.0,2.0,0.0,3.0,0.0,2022,Tottenham,5
2021-10-30,Sat,Premier League,Home,L,0.0,1.0,Southampton,P Bankes,10.0,4.0,16.0,6.0,2.0,0.0,2.0,0.0,2022,Watford,5
2021-10-31,Sun,Premier League,Home,L,1.0,4.0,West Ham,C Kavanagh,9.0,3.0,7.0,13.0,1.0,1.0,2.0,0.0,2022,Aston Villa,6
2021-10-31,Sun,Premier League,Away,W,2.0,1.0,Norwich,A Taylor,13.0,6.0,23.0,14.0,4.0,0.0,1.0,0.0,2022,Leeds,6
2021-10-31,Sun,Premier League,Home,L,1.0,2.0,Leeds,A Taylor,14.0,3.0,14.0,23.0,1.0,0.0,4.0,0.0,2022,Norwich,6
2021-10-31,Sun,Premier League,Away,W,4.0,1.0,Aston Villa,C Kavanagh,21.0,9.0,13.0,7.0,2.0,0.0,1.0,1.0,2022,West Ham,6
2021-11-01,Mon,Premier League,Away,L,1.0,2.0,Wolves,M Atkinson,14.0,5.0,8.0,10.0,1.0,0.0,1.0,0.0,2022,Everton,0
2021-11-01,Mon,Premier League,Home,W,2.0,1.0,Everton,M Atkinson,10.0,4.0,10.0,8.0,1.0,0.0,1.0,0.0,2022,Wolves,0
2021-11-05,Fri,Premier League,Away,L,0.0,1.0,Southampton,A Madley,14.0,3.0,12.0,12.0,2.0,0.0,2.0,0.0,2022,Aston Villa,4
2021-11-05,Fri,Premier League,Home,W,1.0,0.0,Aston Villa,A Madley,9.0,3.0,12.0,12.0,2.0,0.0,2.0,0.0,2022,Southampton,4
2021-11-06,Sat,Premier League,Home,L,1.0,2.0,Norwich,J Gillett,19.0,7.0,12.0,13.0,2.0,0.0,3.0,0.0,2022,Brentford,5
2021-11-06,Sat,Premier League,Home,D,1.0,1.0,Newcastle,D Coote,14.0,5.0,16.0,10.0,3.0,1.0,4.0,0.0,2022,Brighton,5
2021-11-06,Sat,Premier League,Away,D,1.0,1.0,Chelsea,A Marriner,5.0,2.0,9.0,6.0,4.0,0.0,1.0,0.0,2022,Burnley,5
2021-11-06,Sat,Premier League,Home,D,1.0,1.0,Burnley,A Marriner,25.0,4.0,6.0,9.0,1.0,0.0,4.0,0.0,2022,Chelsea,5
2021-11-06,Sat,Premier League,Home,W,2.0,0.0,Wolves,G Scott,13.0,6.0,14.0,13.0,2.0,0.0,1.0,0.0,2022,Crystal Palace,5
2021-11-06,Sat,Premier League,Away,W,2.0,0.0,Man United,M Oliver,16.0,5.0,12.0,9.0,2.0,0.0,1.0,0.0,2022,Man City,5
2021-11-06,Sat,Premier League,Home,L,0.0,2.0,Man City,M Oliver,5.0,1.0,9.0,12.0,1.0,0.0,2.0,0.0,2022,Man United,5
2021-11-06,Sat,Premier League,Away,D,1.0,1.0,Brighton,D Coote,6.0,1.0,10.0,16.0,4.0,0.0,3.0,1.0,2022,Newcastle,5
2021-11-06,Sat,Premier League,Away,W,2.0,1.0,Brentford,J Gillett,9.0,5.0,13.0,12.0,3.0,0.0,2.0,0.0,2022,Norwich,5
2021-11-06,Sat,Premier League,Away,L,0.0,2.0,Crystal Palace,G Scott,4.0,2.0,13.0,14.0,1.0,0.0,2.0,0.0,2022,Wolves,5
2021-11-07,Sun,Premier League,Home,W,1.0,0.0,Watford,K Friend,14.0,6.0,6.0,19.0,4.0,0.0,2.0,1.0,2022,Arsenal,6
2021-11-07,Sun,Premier League,Home,D,0.0,0.0,Tottenham,C Kavanagh,12.0,2.0,13.0,17.0,2.0,1.0,4.0,0.0,2022,Everton,6
2021-11-07,Sun,Premier League,Home,D,1.0,1.0,Leicester,D England,18.0,5.0,12.0,5.0,1.0,0.0,1.0,0.0,2022,Leeds,6
2021-11-07,Sun,Premier League,Away,D,1.0,1.0,Leeds,D England,9.0,3.0,5.0,12.0,1.0,0.0,1.0,0.0,2022,Leicester,6
2021-11-07,Sun,Premier League,Away,L,2.0,3.0,West Ham,C Pawson,16.0,5.0,6.0,11.0,1.0,0.0,1.0,0.0,2022,Liverpool,6
2021-11-07,Sun,Premier League,Away,D,0.0,0.0,Everton,C Kavanagh,8.0,0.0,17.0,13.0,4.0,0.0,2.0,1.0,2022,Tottenham,6
2021-11-07,Sun,Premier League,Away,L,0.0,1.0,Arsenal,K Friend,7.0,1.0,19.0,6.0,2.0,1.0,4.0,0.0,2022,Watford,6
2021-11-07,Sun,Premier League,Home,W,3.0,2.0,Liverpool,C Pawson,7.0,3.0,11.0,6.0,1.0,0.0,1.0,0.0,2022,West Ham,6
2021-11-20,Sat,Premier League,Away,L,0.0,4.0,Liverpool,M Oliver,5.0,3.0,12.0,15.0,0.0,0.0,2.0,0.0,2022,Arsenal,5
2021-11-20,Sat,Premier League,Home,W,2.0,0.0,Brighton,A Taylor,9.0,5.0,7.0,13.0,3.0,0.0,3.0,0.0,2022,Aston Villa,5
2021-11-20,Sat,Premier League,Away,D,3.0,3.0,Newcastle,R Jones,10.0,4.0,11.0,13.0,2.0,0.0,2.0,0.0,2022,Brentford,5
2021-11-20,Sat,Premier League,Away,L,0.0,2.0,Aston Villa,A Taylor,6.0,2.0,13.0,7.0,3.0,0.0,3.0,0.0,2022,Brighton,5
2021-11-20,Sat,Premier League,Home,D,3.0,3.0,Crystal Palace,S Hooper,15.0,9.0,14.0,15.0,2.0,0.0,3.0,0.0,2022,Burnley,5
2021-11-20,Sat,Premier League,Away,W,3.0,0.0,Leicester,P Tierney,16.0,7.0,8.0,15.0,1.0,0.0,3.0,0.0,2022,Chelsea,5
2021-11-20,Sat,Premier League,Away,D,3.0,3.0,Burnley,S Hooper,18.0,8.0,15.0,14.0,3.0,0.0,2.0,0.0,2022,Crystal Palace,5
2021-11-20,Sat,Premier League,Home,L,0.0,3.0,Chelsea,P Tierney,4.0,3.0,15.0,8.0,3.0,0.0,1.0,0.0,2022,Leicester,5
2021-11-20,Sat,Premier League,Home,W,4.0,0.0,Arsenal,M Oliver,19.0,9.0,15.0,12.0,2.0,0.0,0.0,0.0,2022,Liverpool,5
2021-11-20,Sat,Premier League,Away,L,1.0,4.0,Watford,J Moss,9.0,3.0,5.0,7.0,1.0,1.0,2.0,0.0,2022,Man United,5
2021-11-20,Sat,Premier League,Home,D,3.0,3.0,Brentford,R Jones,23.0,9.0,13.0,11.0,2.0,0.0,2.0,0.0,2022,Newcastle,5
2021-11-20,Sat,Premier League,Home,W,2.0,1.0,Southampton,M Atkinson,8.0,4.0,8.0,9.0,3.0,0.0,2.0,0.0,2022,Norwich,5
2021-11-20,Sat,Premier League,Away,L,1.0,2.0,Norwich,M Atkinson,17.0,5.0,9.0,8.0,2.0,0.0,3.0,0.0,2022,Southampton,5
2021-11-20,Sat,Premier League,Home,W,4.0,1.0,Man United,J Moss,20.0,7.0,7.0,5.0,2.0,0.0,1.0,1.0,2022,Watford,5
2021-11-20,Sat,Premier League,Away,L,0.0,1.0,Wolves,M Dean,8.0,3.0,9.0,6.0,1.0,0.0,1.0,0.0,2022,West Ham,5
2021-11-20,Sat,Premier League,Home,W,1.0,0.0,West Ham,M Dean,15.0,5.0,6.0,9.0,1.0,0.0,1.0,0.0,2022,Wolves,5
2021-11-21,Sun,Premier League,Away,L,0.0,3.0,Man City,S Attwell,4.0,1.0,7.0,5.0,1.0,0.0,1.0,0.0,2022,Everton,6
2021-11-21,Sun,Premier League,Away,L,1.0,2.0,Tottenham,A Marriner,18.0,7.0,12.0,11.0,4.0,0.0,1.0,0.0,2022,Leeds,6
2021-11-21,Sun,Premier League,Home,W,3.0,0.0,Everton,S Attwell,17.0,7.0,5.0,7.0,1.0,0.0,1.0,0.0,2022,Man City,6
2021-11-21,Sun,Premier League,Home,W,2.0,1.0,Leeds,A Marriner,13.0,4.0,11.0,12.0,1.0,0.0,4.0,0.0,2022,Tottenham,6
2021-11-27,Sat,Premier League,Home,W,2.0,0.0,Newcastle,S Attwell,24.0,6.0,6.0,12.0,1.0,0.0,3.0,0.0,2022,Arsenal,5
2021-11-27,Sat,Premier League,Away,W,2.0,1.0,Crystal Palace,M Salisbury,10.0,3.0,10.0,12.0,3.0,0.0,3.0,0.0,2022,Aston Villa,5
2021-11-27,Sat,Premier League,Home,D,0.0,0.0,Leeds,C Pawson,20.0,4.0,12.0,14.0,1.0,0.0,3.0,0.0,2022,Brighton,5
2021-11-27,Sat,Premier League,Home,L,1.0,2.0,Aston Villa,M Salisbury,8.0,3.0,12.0,10.0,3.0,0.0,3.0,0.0,2022,Crystal Palace,5
2021-11-27,Sat,Premier League,Away,D,0.0,0.0,Brighton,C Pawson,11.0,4.0,14.0,12.0,3.0,0.0,1.0,0.0,2022,Leeds,5
2021-11-27,Sat,Premier League,Home,W,4.0,0.0,Southampton,A Marriner,20.0,6.0,7.0,14.0,0.0,0.0,1.0,0.0,2022,Liverpool,5
2021-11-27,Sat,Premier League,Away,L,0.0,2.0,Arsenal,S Attwell,9.0,5.0,12.0,6.0,3.0,0.0,1.0,0.0,2022,Newcastle,5
2021-11-27,Sat,Premier League,Home,D,0.0,0.0,Wolves,S Hooper,14.0,4.0,11.0,10.0,2.0,0.0,2.0,0.0,2022,Norwich,5
2021-11-27,Sat,Premier League,Away,L,0.0,4.0,Liverpool,A Marriner,7.0,3.0,14.0,7.0,1.0,0.0,0.0,0.0,2022,Southampton,5
2021-11-27,Sat,Premier League,Away,D,0.0,0.0,Norwich,S Hooper,5.0,2.0,10.0,11.0,2.0,0.0,2.0,0.0,2022,Wolves,5
2021-11-28,Sun,Premier League,Home,W,1.0,0.0,Everton,D England,6.0,4.0,8.0,11.0,4.0,0.0,3.0,0.0,2022,Brentford,6
2021-11-28,Sun,Premier League,Home,D,1.0,1.0,Man United,A Taylor,24.0,6.0,13.0,14.0,2.0,0.0,5.0,0.0,2022,Chelsea,6
2021-11-28,Sun,Premier League,Away,L,0.0,1.0,Brentford,D England,14.0,5.0,11.0,8.0,3.0,0.0,4.0,0.0,2022,Everton,6
2021-11-28,Sun,Premier League,Home,W,4.0,2.0,Watford,A Madley,18.0,8.0,5.0,19.0,0.0,0.0,0.0,0.0,2022,Leicester,6
2021-11-28,Sun,Premier League,Home,W,2.0,1.0,West Ham,M Oliver,19.0,9.0,7.0,6.0,2.0,0.0,0.0,0.0,2022,Man City,6
2021-11-28,Sun,Premier League,Away,D,1.0,1.0,Chelsea,A Taylor,3.0,2.0,14.0,13.0,5.0,0.0,2.0,0.0,2022,Man United,6
2021-11-28,Sun,Premier League,Away,L,2.0,4.0,Leicester,A Madley,16.0,5.0,19.0,5.0,0.0,0.0,0.0,0.0,2022,Watford,6
2021-11-28,Sun,Premier League,Away,L,1.0,2.0,Man City,M Oliver,5.0,3.0,6.0,7.0,0.0,0.0,2.0,0.0,2022,West Ham,6
2021-11-30,Tue,Premier League,Away,L,0.0,1.0,Leeds,K Friend,9.0,1.0,15.0,15.0,3.0,0.0,5.0,0.0,2022,Crystal Palace,1
2021-11-30,Tue,Premier League,Home,W,1.0,0.0,Crystal Palace,K Friend,15.0,3.0,15.0,15.0,5.0,0.0,3.0,0.0,2022,Leeds,1
2021-11-30,Tue,Premier League,Home,D,1.0,1.0,Norwich,A Madley,9.0,1.0,8.0,11.0,0.0,0.0,0.0,1.0,2022,Newcastle,1
2021-11-30,Tue,Premier League,Away,D,1.0,1.0,Newcastle,A Madley,16.0,6.0,11.0,8.0,0.0,1.0,0.0,0.0,2022,Norwich,1
2021-12-01,Wed,Premier League,Home,L,1.0,2.0,Man City,M Dean,9.0,3.0,8.0,12.0,0.0,0.0,0.0,0.0,2022,Aston Villa,2
2021-12-01,Wed,Premier League,Away,D,1.0,1.0,West Ham,C Kavanagh,9.0,3.0,8.0,10.0,1.0,0.0,1.0,0.0,2022,Brighton,2
2021-12-01,Wed,Premier League,Away,D,0.0,0.0,Wolves,J Brooks,6.0,1.0,7.0,5.0,3.0,0.0,2.0,0.0,2022,Burnley,2
2021-12-01,Wed,Premier League,Away,W,2.0,1.0,Watford,D Coote,8.0,4.0,16.0,18.0,3.0,0.0,4.0,0.0,2022,Chelsea,2
2021-12-01,Wed,Premier League,Home,L,1.0,4.0,Liverpool,P Tierney,8.0,2.0,8.0,16.0,4.0,0.0,3.0,0.0,2022,Everton,2
2021-12-01,Wed,Premier League,Away,D,2.0,2.0,Southampton,R Jones,15.0,6.0,11.0,14.0,3.0,0.0,1.0,0.0,2022,Leicester,2
2021-12-01,Wed,Premier League,Away,W,4.0,1.0,Everton,P Tierney,16.0,7.0,16.0,8.0,3.0,0.0,4.0,0.0,2022,Liverpool,2
2021-12-01,Wed,Premier League,Away,W,2.0,1.0,Aston Villa,M Dean,17.0,7.0,12.0,8.0,0.0,0.0,0.0,0.0,2022,Man City,2
2021-12-01,Wed,Premier League,Home,D,2.0,2.0,Leicester,R Jones,15.0,7.0,14.0,11.0,1.0,0.0,3.0,0.0,2022,Southampton,2
2021-12-01,Wed,Premier League,Home,L,1.0,2.0,Chelsea,D Coote,13.0,6.0,18.0,16.0,4.0,0.0,3.0,0.0,2022,Watford,2
2021-12-01,Wed,Premier League,Home,D,1.0,1.0,Brighton,C Kavanagh,14.0,6.0,10.0,8.0,1.0,0.0,1.0,0.0,2022,West Ham,2
2021-12-01,Wed,Premier League,Home,D,0.0,0.0,Burnley,J Brooks,16.0,2.0,5.0,7.0,2.0,0.0,3.0,0.0,2022,Wolves,2
2021-12-02,Thu,Premier League,Away,L,2.0,3.0,Man United,M Atkinson,17.0,8.0,10.0,9.0,0.0,0.0,1.0,0.0,2022,Arsenal,3
2021-12-02,Thu,Premier League,Away,L,0.0,2.0,Tottenham,J Moss,6.0,2.0,11.0,13.0,0.0,0.0,0.0,0.0,2022,Brentford,3
2021-12-02,Thu,Premier League,Home,W,3.0,2.0,Arsenal,M Atkinson,14.0,10.0,9.0,10.0,1.0,0.0,0.0,0.0,2022,Man United,3
2021-12-02,Thu,Premier League,Home,W,2.0,0.0,Brentford,J Moss,11.0,6.0,13.0,11.0,0.0,0.0,0.0,0.0,2022,Tottenham,3
2021-12-04,Sat,Premier League,Away,D,1.0,1.0,Southampton,A Taylor,14.0,4.0,12.0,15.0,2.0,0.0,4.0,0.0,2022,Brighton,5
2021-12-04,Sat,Premier League,Away,L,0.0,1.0,Newcastle,P Tierney,10.0,1.0,9.0,11.0,1.0,0.0,1.0,0.0,2022,Burnley,5
2021-12-04,Sat,Premier League,Away,L,2.0,3.0,West Ham,A Marriner,19.0,7.0,10.0,10.0,3.0,0.0,1.0,0.0,2022,Chelsea,5
2021-12-04,Sat,Premier League,Away,W,1.0,0.0,Wolves,C Kavanagh,17.0,5.0,7.0,4.0,2.0,0.0,2.0,0.0,2022,Liverpool,5
2021-12-04,Sat,Premier League,Away,W,3.0,1.0,Watford,S Hooper,26.0,13.0,7.0,10.0,0.0,0.0,3.0,0.0,2022,Man City,5
2021-12-04,Sat,Premier League,Home,W,1.0,0.0,Burnley,P Tierney,19.0,4.0,11.0,9.0,1.0,0.0,1.0,0.0,2022,Newcastle,5
2021-12-04,Sat,Premier League,Home,D,1.0,1.0,Brighton,A Taylor,14.0,4.0,15.0,12.0,4.0,0.0,2.0,0.0,2022,Southampton,5
2021-12-04,Sat,Premier League,Home,L,1.0,3.0,Man City,S Hooper,11.0,4.0,10.0,7.0,3.0,0.0,0.0,0.0,2022,Watford,5
2021-12-04,Sat,Premier League,Home,W,3.0,2.0,Chelsea,A Marriner,11.0,5.0,10.0,10.0,1.0,0.0,3.0,0.0,2022,West Ham,5
2021-12-04,Sat,Premier League,Home,L,0.0,1.0,Liverpool,C Kavanagh,3.0,1.0,4.0,7.0,2.0,0.0,2.0,0.0,2022,Wolves,5
2021-12-05,Sun,Premier League,Home,W,2.0,1.0,Leicester,M Oliver,13.0,4.0,8.0,25.0,1.0,0.0,1.0,0.0,2022,Aston Villa,6
2021-12-05,Sun,Premier League,Away,D,2.0,2.0,Leeds,D Coote,9.0,3.0,9.0,11.0,3.0,0.0,5.0,0.0,2022,Brentford,6
2021-12-05,Sun,Premier League,Away,L,0.0,1.0,Man United,C Pawson,8.0,2.0,9.0,16.0,2.0,0.0,2.0,0.0,2022,Crystal Palace,6
2021-12-05,Sun,Premier League,Home,D,2.0,2.0,Brentford,D Coote,13.0,6.0,11.0,9.0,5.0,0.0,3.0,0.0,2022,Leeds,6
2021-12-05,Sun,Premier League,Away,L,1.0,2.0,Aston Villa,M Oliver,12.0,5.0,25.0,8.0,1.0,0.0,1.0,0.0,2022,Leicester,6
2021-12-05,Sun,Premier League,Home,W,1.0,0.0,Crystal Palace,C Pawson,16.0,3.0,16.0,9.0,2.0,0.0,2.0,0.0,2022,Man United,6
2021-12-05,Sun,Premier League,Away,L,0.0,3.0,Tottenham,J Gillett,10.0,1.0,4.0,11.0,2.0,0.0,1.0,0.0,2022,Norwich,6
2021-12-05,Sun,Premier League,Home,W,3.0,0.0,Norwich,J Gillett,17.0,7.0,11.0,4.0,1.0,0.0,2.0,0.0,2022,Tottenham,6
2021-12-06,Mon,Premier League,Away,L,1.0,2.0,Everton,M Dean,10.0,3.0,12.0,8.0,2.0,0.0,2.0,0.0,2022,Arsenal,0
2021-12-06,Mon,Premier League,Home,W,2.0,1.0,Arsenal,M Dean,11.0,5.0,8.0,12.0,2.0,0.0,2.0,0.0,2022,Everton,0
2021-12-10,Fri,Premier League,Home,W,2.0,1.0,Watford,M Oliver,14.0,5.0,12.0,18.0,4.0,0.0,0.0,0.0,2022,Brentford,4
2021-12-10,Fri,Premier League,Away,L,1.0,2.0,Brentford,M Oliver,6.0,2.0,18.0,12.0,0.0,0.0,4.0,0.0,2022,Watford,4
2021-12-11,Sat,Premier League,Home,W,3.0,0.0,Southampton,J Gillett,15.0,5.0,5.0,9.0,2.0,0.0,0.0,0.0,2022,Arsenal,5
2021-12-11,Sat,Premier League,Away,L,0.0,1.0,Liverpool,S Attwell,4.0,0.0,6.0,13.0,2.0,0.0,1.0,0.0,2022,Aston Villa,5
2021-12-11,Sat,Premier League,Home,W,3.0,2.0,Leeds,C Kavanagh,16.0,6.0,9.0,15.0,2.0,0.0,5.0,0.0,2022,Chelsea,5
2021-12-11,Sat,Premier League,Away,L,2.0,3.0,Chelsea,C Kavanagh,12.0,5.0,15.0,9.0,5.0,0.0,2.0,0.0,2022,Leeds,5
2021-12-11,Sat,Premier League,Home,W,1.0,0.0,Aston Villa,S Attwell,20.0,5.0,13.0,6.0,1.0,0.0,2.0,0.0,2022,Liverpool,5
2021-12-11,Sat,Premier League,Home,W,1.0,0.0,Wolves,J Moss,24.0,10.0,12.0,5.0,3.0,0.0,2.0,1.0,2022,Man City,5
2021-12-11,Sat,Premier League,Away,W,1.0,0.0,Norwich,D England,13.0,5.0,17.0,6.0,1.0,0.0,1.0,0.0,2022,Man United,5
2021-12-11,Sat,Premier League,Home,L,0.0,1.0,Man United,D England,11.0,5.0,6.0,17.0,1.0,0.0,1.0,0.0,2022,Norwich,5
2021-12-11,Sat,Premier League,Away,L,0.0,3.0,Arsenal,J Gillett,11.0,6.0,9.0,5.0,0.0,0.0,2.0,0.0,2022,Southampton,5
2021-12-11,Sat,Premier League,Away,L,0.0,1.0,Man City,J Moss,2.0,1.0,5.0,12.0,2.0,1.0,3.0,0.0,2022,Wolves,5
2021-12-12,Sun,Premier League,Home,D,0.0,0.0,West Ham,G Scott,9.0,1.0,13.0,11.0,2.0,0.0,1.0,0.0,2022,Burnley,6
2021-12-12,Sun,Premier League,Home,W,3.0,1.0,Everton,A Madley,17.0,6.0,15.0,14.0,0.0,0.0,2.0,0.0,2022,Crystal Palace,6
2021-12-12,Sun,Premier League,Away,L,1.0,3.0,Crystal Palace,A Madley,12.0,6.0,14.0,15.0,2.0,0.0,0.0,0.0,2022,Everton,6
2021-12-12,Sun,Premier League,Home,W,4.0,0.0,Newcastle,P Bankes,8.0,5.0,9.0,16.0,2.0,0.0,3.0,0.0,2022,Leicester,6
2021-12-12,Sun,Premier League,Away,L,0.0,4.0,Leicester,P Bankes,12.0,3.0,16.0,9.0,3.0,0.0,2.0,0.0,2022,Newcastle,6
2021-12-12,Sun,Premier League,Away,D,0.0,0.0,Burnley,G Scott,16.0,3.0,11.0,13.0,1.0,0.0,2.0,0.0,2022,West Ham,6
2021-12-14,Tue,Premier League,Away,W,2.0,0.0,Norwich,D Coote,17.0,6.0,9.0,12.0,1.0,0.0,3.0,0.0,2022,Aston Villa,1
2021-12-14,Tue,Premier League,Away,L,0.0,7.0,Man City,P Tierney,6.0,3.0,9.0,5.0,1.0,0.0,1.0,0.0,2022,Leeds,1
2021-12-14,Tue,Premier League,Home,W,7.0,0.0,Leeds,P Tierney,31.0,15.0,5.0,9.0,1.0,0.0,1.0,0.0,2022,Man City,1
2021-12-14,Tue,Premier League,Home,L,0.0,2.0,Aston Villa,D Coote,7.0,3.0,12.0,9.0,3.0,0.0,1.0,0.0,2022,Norwich,1
2021-12-15,Wed,Premier League,Home,W,2.0,0.0,West Ham,A Taylor,21.0,8.0,8.0,9.0,2.0,0.0,0.0,1.0,2022,Arsenal,2
2021-12-15,Wed,Premier League,Home,L,0.0,1.0,Wolves,T Harrington,12.0,2.0,11.0,14.0,2.0,0.0,0.0,0.0,2022,Brighton,2
2021-12-15,Wed,Premier League,Home,D,2.0,2.0,Southampton,S Hooper,9.0,6.0,16.0,20.0,2.0,0.0,4.0,0.0,2022,Crystal Palace,2
2021-12-15,Wed,Premier League,Away,D,2.0,2.0,Crystal Palace,S Hooper,15.0,4.0,20.0,16.0,4.0,0.0,2.0,0.0,2022,Southampton,2
2021-12-15,Wed,Premier League,Away,L,0.0,2.0,Arsenal,A Taylor,7.0,1.0,9.0,8.0,0.0,1.0,2.0,0.0,2022,West Ham,2
2021-12-15,Wed,Premier League,Away,W,1.0,0.0,Brighton,T Harrington,8.0,5.0,14.0,11.0,0.0,0.0,2.0,0.0,2022,Wolves,2
2021-12-16,Thu,Premier League,Home,D,1.0,1.0,Everton,M Oliver,23.0,10.0,11.0,11.0,2.0,0.0,3.0,0.0,2022,Chelsea,3
2021-12-16,Thu,Premier League,Away,D,1.0,1.0,Chelsea,M Oliver,5.0,3.0,11.0,11.0,3.0,0.0,2.0,0.0,2022,Everton,3
2021-12-16,Thu,Premier League,Home,W,3.0,1.0,Newcastle,M Dean,23.0,8.0,9.0,4.0,1.0,0.0,3.0,0.0,2022,Liverpool,3
2021-12-16,Thu,Premier League,Away,L,1.0,3.0,Liverpool,M Dean,4.0,2.0,4.0,9.0,3.0,0.0,1.0,0.0,2022,Newcastle,3
2021-12-18,Sat,Premier League,Away,W,4.0,1.0,Leeds,A Marriner,21.0,12.0,7.0,11.0,1.0,0.0,3.0,0.0,2022,Arsenal,5
2021-12-18,Sat,Premier League,Home,L,1.0,4.0,Arsenal,A Marriner,9.0,2.0,11.0,7.0,3.0,0.0,1.0,0.0,2022,Leeds,5
2021-12-19,Sun,Premier League,Away,D,0.0,0.0,Wolves,D Coote,8.0,1.0,7.0,9.0,2.0,0.0,0.0,0.0,2022,Chelsea,6
2021-12-19,Sun,Premier League,Away,D,2.0,2.0,Tottenham,P Tierney,18.0,6.0,11.0,12.0,4.0,1.0,4.0,0.0,2022,Liverpool,6
2021-12-19,Sun,Premier League,Away,W,4.0,0.0,Newcastle,M Atkinson,18.0,7.0,6.0,9.0,2.0,0.0,1.0,0.0,2022,Man City,6
2021-12-19,Sun,Premier League,Home,L,0.0,4.0,Man City,M Atkinson,5.0,1.0,9.0,6.0,1.0,0.0,2.0,0.0,2022,Newcastle,6
2021-12-19,Sun,Premier League,Home,D,2.0,2.0,Liverpool,P Tierney,10.0,5.0,12.0,11.0,4.0,0.0,4.0,1.0,2022,Tottenham,6
2021-12-19,Sun,Premier League,Home,D,0.0,0.0,Chelsea,D Coote,4.0,1.0,9.0,7.0,0.0,0.0,2.0,0.0,2022,Wolves,6
2021-12-26,Sun,Premier League,Away,W,5.0,0.0,Norwich,G Scott,16.0,6.0,7.0,13.0,2.0,0.0,1.0,0.0,2022,Arsenal,6
2021-12-26,Sun,Premier League,Home,L,1.0,3.0,Chelsea,M Atkinson,8.0,1.0,8.0,11.0,3.0,0.0,1.0,0.0,2022,Aston Villa,6
2021-12-26,Sun,Premier League,Away,L,0.0,2.0,Brighton,D England,16.0,6.0,10.0,8.0,3.0,0.0,1.0,0.0,2022,Brentford,6
2021-12-26,Sun,Premier League,Home,W,2.0,0.0,Brentford,D England,15.0,5.0,8.0,10.0,1.0,0.0,3.0,0.0,2022,Brighton,6
2021-12-26,Sun,Premier League,Away,W,3.0,1.0,Aston Villa,M Atkinson,10.0,4.0,11.0,8.0,1.0,0.0,3.0,0.0,2022,Chelsea,6
2021-12-26,Sun,Premier League,Away,L,0.0,3.0,Tottenham,J Moss,4.0,0.0,10.0,16.0,1.0,1.0,1.0,0.0,2022,Crystal Palace,6
2021-12-26,Sun,Premier League,Away,L,3.0,6.0,Man City,C Kavanagh,14.0,8.0,9.0,11.0,2.0,0.0,1.0,0.0,2022,Leicester,6
2021-12-26,Sun,Premier League,Home,W,6.0,3.0,Leicester,C Kavanagh,17.0,9.0,11.0,9.0,1.0,0.0,2.0,0.0,2022,Man City,6
2021-12-26,Sun,Premier League,Home,L,0.0,5.0,Arsenal,G Scott,4.0,2.0,13.0,7.0,1.0,0.0,2.0,0.0,2022,Norwich,6
2021-12-26,Sun,Premier League,Away,W,3.0,2.0,West Ham,K Friend,11.0,6.0,9.0,10.0,3.0,0.0,2.0,0.0,2022,Southampton,6
2021-12-26,Sun,Premier League,Home,W,3.0,0.0,Crystal Palace,J Moss,17.0,6.0,16.0,10.0,1.0,0.0,1.0,1.0,2022,Tottenham,6
2021-12-26,Sun,Premier League,Home,L,2.0,3.0,Southampton,K Friend,11.0,5.0,10.0,9.0,2.0,0.0,3.0,0.0,2022,West Ham,6
2021-12-27,Mon,Premier League,Away,D,1.0,1.0,Newcastle,C Pawson,13.0,4.0,8.0,11.0,3.0,0.0,3.0,0.0,2022,Man United,0
2021-12-27,Mon,Premier League,Home,D,1.0,1.0,Man United,C Pawson,13.0,8.0,11.0,8.0,3.0,0.0,3.0,0.0,2022,Newcastle,0
2021-12-28,Tue,Premier League,Home,W,3.0,0.0,Norwich,P Tierney,19.0,6.0,9.0,13.0,1.0,0.0,2.0,0.0,2022,Crystal Palace,1
2021-12-28,Tue,Premier League,Home,W,1.0,0.0,Liverpool,M Oliver,6.0,1.0,8.0,11.0,0.0,0.0,1.0,0.0,2022,Leicester,1
2021-12-28,Tue,Premier League,Away,L,0.0,1.0,Leicester,M Oliver,21.0,4.0,11.0,8.0,1.0,0.0,0.0,0.0,2022,Liverpool,1
2021-12-28,Tue,Premier League,Away,L,0.0,3.0,Crystal Palace,P Tierney,12.0,3.0,13.0,9.0,2.0,0.0,1.0,0.0,2022,Norwich,1
2021-12-28,Tue,Premier League,Home,D,1.0,1.0,Tottenham,A Taylor,9.0,2.0,15.0,5.0,2.0,1.0,2.0,0.0,2022,Southampton,1
2021-12-28,Tue,Premier League,Away,D,1.0,1.0,Southampton,A Taylor,21.0,11.0,5.0,15.0,2.0,0.0,2.0,1.0,2022,Tottenham,1
2021-12-28,Tue,Premier League,Home,L,1.0,4.0,West Ham,D England,14.0,5.0,12.0,12.0,0.0,0.0,1.0,0.0,2022,Watford,1
2021-12-28,Tue,Premier League,Away,W,4.0,1.0,Watford,D England,13.0,6.0,12.0,12.0,1.0,0.0,0.0,0.0,2022,West Ham,1
2021-12-29,Wed,Premier League,Home,L,0.0,1.0,Man City,D Coote,6.0,2.0,12.0,10.0,0.0,0.0,0.0,0.0,2022,Brentford,2
2021-12-29,Wed,Premier League,Away,D,1.0,1.0,Chelsea,M Dean,18.0,6.0,7.0,14.0,1.0,0.0,4.0,0.0,2022,Brighton,2
2021-12-29,Wed,Premier League,Home,D,1.0,1.0,Brighton,M Dean,11.0,5.0,14.0,7.0,4.0,0.0,1.0,0.0,2022,Chelsea,2
2021-12-29,Wed,Premier League,Away,W,1.0,0.0,Brentford,D Coote,12.0,3.0,10.0,12.0,0.0,0.0,0.0,0.0,2022,Man City,2
2021-12-30,Thu,Premier League,Away,L,1.0,3.0,Man United,J Moss,10.0,3.0,10.0,5.0,0.0,0.0,0.0,0.0,2022,Burnley,3
2021-12-30,Thu,Premier League,Home,W,3.0,1.0,Burnley,J Moss,18.0,6.0,5.0,10.0,0.0,0.0,0.0,0.0,2022,Man United,3
2022-01-01,Sat,Premier League,Home,L,1.0,2.0,Man City,S Attwell,7.0,2.0,13.0,5.0,3.0,1.0,2.0,0.0,2022,Arsenal,5
2022-01-01,Sat,Premier League,Home,L,2.0,3.0,West Ham,D England,22.0,6.0,6.0,16.0,0.0,0.0,2.0,0.0,2022,Crystal Palace,5
2022-01-01,Sat,Premier League,Away,W,2.0,1.0,Arsenal,S Attwell,15.0,2.0,5.0,13.0,2.0,0.0,3.0,1.0,2022,Man City,5
2022-01-01,Sat,Premier League,Away,W,1.0,0.0,Watford,R Jones,21.0,9.0,9.0,6.0,1.0,0.0,0.0,0.0,2022,Tottenham,5
2022-01-01,Sat,Premier League,Home,L,0.0,1.0,Tottenham,R Jones,6.0,4.0,6.0,9.0,0.0,0.0,1.0,0.0,2022,Watford,5
2022-01-01,Sat,Premier League,Away,W,3.0,2.0,Crystal Palace,D England,10.0,5.0,16.0,6.0,2.0,0.0,0.0,0.0,2022,West Ham,5
2022-01-02,Sun,Premier League,Away,L,1.0,2.0,Brentford,C Pawson,16.0,5.0,11.0,17.0,2.0,0.0,2.0,0.0,2022,Aston Villa,6
2022-01-02,Sun,Premier League,Home,W,2.0,1.0,Aston Villa,C Pawson,10.0,4.0,17.0,11.0,2.0,0.0,2.0,0.0,2022,Brentford,6
2022-01-02,Sun,Premier League,Away,W,3.0,2.0,Everton,J Brooks,12.0,5.0,12.0,5.0,1.0,0.0,1.0,0.0,2022,Brighton,6
2022-01-02,Sun,Premier League,Away,L,1.0,3.0,Leeds,P Tierney,8.0,2.0,7.0,11.0,1.0,0.0,2.0,0.0,2022,Burnley,6
2022-01-02,Sun,Premier League,Home,D,2.0,2.0,Liverpool,A Taylor,15.0,6.0,5.0,13.0,1.0,0.0,2.0,0.0,2022,Chelsea,6
2022-01-02,Sun,Premier League,Home,L,2.0,3.0,Brighton,J Brooks,17.0,6.0,5.0,12.0,1.0,0.0,1.0,0.0,2022,Everton,6
2022-01-02,Sun,Premier League,Home,W,3.0,1.0,Burnley,P Tierney,22.0,7.0,11.0,7.0,2.0,0.0,1.0,0.0,2022,Leeds,6
2022-01-02,Sun,Premier League,Away,D,2.0,2.0,Chelsea,A Taylor,10.0,6.0,13.0,5.0,2.0,0.0,1.0,0.0,2022,Liverpool,6
2022-01-03,Mon,Premier League,Home,L,0.0,1.0,Wolves,M Dean,9.0,2.0,9.0,8.0,3.0,0.0,1.0,0.0,2022,Man United,0
2022-01-03,Mon,Premier League,Away,W,1.0,0.0,Man United,M Dean,19.0,6.0,8.0,9.0,1.0,0.0,3.0,0.0,2022,Wolves,0
2022-01-11,Tue,Premier League,Away,L,1.0,4.0,Southampton,S Attwell,5.0,4.0,8.0,9.0,1.0,0.0,0.0,0.0,2022,Brentford,1
2022-01-11,Tue,Premier League,Home,W,4.0,1.0,Brentford,S Attwell,12.0,6.0,9.0,8.0,0.0,0.0,1.0,0.0,2022,Southampton,1
2022-01-12,Wed,Premier League,Away,L,0.0,2.0,West Ham,S Hooper,7.0,3.0,8.0,9.0,0.0,0.0,0.0,0.0,2022,Norwich,2
2022-01-12,Wed,Premier League,Home,W,2.0,0.0,Norwich,S Hooper,13.0,5.0,9.0,8.0,0.0,0.0,0.0,0.0,2022,West Ham,2
2022-01-14,Fri,Premier League,Home,D,1.0,1.0,Crystal Palace,R Jones,19.0,4.0,11.0,7.0,0.0,0.0,2.0,0.0,2022,Brighton,4
2022-01-14,Fri,Premier League,Away,D,1.0,1.0,Brighton,R Jones,3.0,1.0,7.0,11.0,2.0,0.0,0.0,0.0,2022,Crystal Palace,4
2022-01-15,Sat,Premier League,Home,D,2.0,2.0,Man United,D Coote,13.0,9.0,8.0,13.0,1.0,0.0,2.0,0.0,2022,Aston Villa,5
2022-01-15,Sat,Premier League,Away,L,0.0,1.0,Man City,C Pawson,4.0,1.0,6.0,11.0,2.0,0.0,0.0,0.0,2022,Chelsea,5
2022-01-15,Sat,Premier League,Away,L,1.0,2.0,Norwich,A Madley,12.0,5.0,14.0,12.0,1.0,0.0,3.0,0.0,2022,Everton,5
2022-01-15,Sat,Premier League,Home,W,1.0,0.0,Chelsea,C Pawson,11.0,6.0,11.0,6.0,0.0,0.0,2.0,0.0,2022,Man City,5
2022-01-15,Sat,Premier League,Away,D,2.0,2.0,Aston Villa,D Coote,13.0,6.0,13.0,8.0,2.0,0.0,1.0,0.0,2022,Man United,5
2022-01-15,Sat,Premier League,Home,D,1.0,1.0,Watford,P Tierney,12.0,1.0,13.0,13.0,3.0,0.0,2.0,0.0,2022,Newcastle,5
2022-01-15,Sat,Premier League,Home,W,2.0,1.0,Everton,A Madley,14.0,3.0,12.0,14.0,3.0,0.0,1.0,0.0,2022,Norwich,5
2022-01-15,Sat,Premier League,Away,L,1.0,3.0,Wolves,M Salisbury,13.0,10.0,14.0,13.0,3.0,0.0,2.0,0.0,2022,Southampton,5
2022-01-15,Sat,Premier League,Away,D,1.0,1.0,Newcastle,P Tierney,18.0,5.0,13.0,13.0,2.0,0.0,3.0,0.0,2022,Watford,5
2022-01-15,Sat,Premier League,Home,W,3.0,1.0,Southampton,M Salisbury,9.0,5.0,13.0,14.0,2.0,0.0,3.0,0.0,2022,Wolves,5
2022-01-16,Sun,Premier League,Away,L,0.0,3.0,Liverpool,J Moss,6.0,1.0,6.0,6.0,1.0,0.0,0.0,0.0,2022,Brentford,6
2022-01-16,Sun,Premier League,Away,W,3.0,2.0,West Ham,M Dean,18.0,5.0,9.0,6.0,2.0,0.0,3.0,0.0,2022,Leeds,6
2022-01-16,Sun,Premier League,Home,W,3.0,0.0,Brentford,J Moss,27.0,13.0,6.0,6.0,0.0,0.0,1.0,0.0,2022,Liverpool,6
2022-01-16,Sun,Premier League,Home,L,2.0,3.0,Leeds,M Dean,15.0,5.0,6.0,9.0,3.0,0.0,2.0,0.0,2022,West Ham,6
2022-01-18,Tue,Premier League,Home,D,1.0,1.0,Chelsea,K Friend,10.0,2.0,8.0,5.0,1.0,0.0,2.0,0.0,2022,Brighton,1
2022-01-18,Tue,Premier League,Away,D,1.0,1.0,Brighton,K Friend,15.0,3.0,5.0,8.0,2.0,0.0,1.0,0.0,2022,Chelsea,1
2022-01-19,Wed,Premier League,Home,L,1.0,3.0,Man United,A Marriner,18.0,8.0,7.0,9.0,0.0,0.0,0.0,0.0,2022,Brentford,2
2022-01-19,Wed,Premier League,Home,L,2.0,3.0,Tottenham,J Moss,14.0,4.0,6.0,12.0,1.0,0.0,2.0,0.0,2022,Leicester,2
2022-01-19,Wed,Premier League,Away,W,3.0,1.0,Brentford,A Marriner,13.0,5.0,9.0,7.0,0.0,0.0,0.0,0.0,2022,Man United,2
2022-01-19,Wed,Premier League,Away,W,3.0,2.0,Leicester,J Moss,27.0,10.0,12.0,6.0,2.0,0.0,1.0,0.0,2022,Tottenham,2
2022-01-21,Fri,Premier League,Away,W,3.0,0.0,Watford,M Dean,7.0,2.0,11.0,16.0,1.0,0.0,0.0,1.0,2022,Norwich,4
2022-01-21,Fri,Premier League,Home,L,0.0,3.0,Norwich,M Dean,15.0,4.0,16.0,11.0,0.0,1.0,1.0,0.0,2022,Watford,4
2022-01-22,Sat,Premier League,Away,W,1.0,0.0,Everton,C Pawson,8.0,3.0,16.0,14.0,3.0,0.0,5.0,0.0,2022,Aston Villa,5
2022-01-22,Sat,Premier League,Home,L,1.0,2.0,Wolves,P Bankes,11.0,1.0,6.0,7.0,2.0,0.0,3.0,0.0,2022,Brentford,5
2022-01-22,Sat,Premier League,Home,L,0.0,1.0,Aston Villa,C Pawson,15.0,1.0,14.0,16.0,5.0,0.0,3.0,0.0,2022,Everton,5
2022-01-22,Sat,Premier League,Home,L,0.0,1.0,Newcastle,C Kavanagh,13.0,4.0,9.0,9.0,4.0,0.0,2.0,0.0,2022,Leeds,5
2022-01-22,Sat,Premier League,Away,D,1.0,1.0,Southampton,S Hooper,20.0,5.0,5.0,13.0,0.0,0.0,3.0,0.0,2022,Man City,5
2022-01-22,Sat,Premier League,Home,W,1.0,0.0,West Ham,J Moss,18.0,3.0,9.0,8.0,1.0,0.0,1.0,0.0,2022,Man United,5
2022-01-22,Sat,Premier League,Away,W,1.0,0.0,Leeds,C Kavanagh,15.0,3.0,9.0,9.0,2.0,0.0,4.0,0.0,2022,Newcastle,5
2022-01-22,Sat,Premier League,Home,D,1.0,1.0,Man City,S Hooper,7.0,3.0,13.0,5.0,3.0,0.0,0.0,0.0,2022,Southampton,5
2022-01-22,Sat,Premier League,Away,L,0.0,1.0,Man United,J Moss,6.0,1.0,8.0,9.0,1.0,0.0,1.0,0.0,2022,West Ham,5
2022-01-22,Sat,Premier League,Away,W,2.0,1.0,Brentford,P Bankes,7.0,2.0,7.0,6.0,3.0,0.0,2.0,0.0,2022,Wolves,5
2022-01-23,Sun,Premier League,Home,D,0.0,0.0,Burnley,D Coote,20.0,5.0,9.0,13.0,0.0,0.0,2.0,0.0,2022,Arsenal,6
2022-01-23,Sun,Premier League,Away,D,1.0,1.0,Leicester,M Atkinson,14.0,5.0,8.0,6.0,1.0,0.0,0.0,0.0,2022,Brighton,6
2022-01-23,Sun,Premier League,Away,D,0.0,0.0,Arsenal,D Coote,10.0,1.0,13.0,9.0,2.0,0.0,0.0,0.0,2022,Burnley,6
2022-01-23,Sun,Premier League,Home,W,2.0,0.0,Tottenham,P Tierney,15.0,7.0,17.0,14.0,2.0,0.0,1.0,0.0,2022,Chelsea,6
2022-01-23,Sun,Premier League,Home,L,1.0,3.0,Liverpool,K Friend,8.0,5.0,12.0,10.0,4.0,0.0,1.0,0.0,2022,Crystal Palace,6
2022-01-23,Sun,Premier League,Home,D,1.0,1.0,Brighton,M Atkinson,15.0,5.0,6.0,8.0,0.0,0.0,1.0,0.0,2022,Leicester,6
2022-01-23,Sun,Premier League,Away,W,3.0,1.0,Crystal Palace,K Friend,15.0,7.0,10.0,12.0,1.0,0.0,4.0,0.0,2022,Liverpool,6
2022-01-23,Sun,Premier League,Away,L,0.0,2.0,Chelsea,P Tierney,6.0,3.0,14.0,17.0,1.0,0.0,2.0,0.0,2022,Tottenham,6
2022-02-05,Sat,Premier League,Home,D,0.0,0.0,Watford,C Pawson,13.0,2.0,16.0,9.0,1.0,0.0,2.0,0.0,2022,Burnley,5
2022-02-05,Sat,Premier League,Away,D,0.0,0.0,Burnley,C Pawson,11.0,5.0,9.0,16.0,2.0,0.0,1.0,0.0,2022,Watford,5
2022-02-08,Tue,Premier League,Home,D,1.0,1.0,Man United,M Dean,9.0,3.0,11.0,10.0,2.0,0.0,1.0,0.0,2022,Burnley,1
2022-02-08,Tue,Premier League,Away,L,1.0,3.0,Newcastle,A Taylor,11.0,3.0,13.0,13.0,3.0,0.0,2.0,0.0,2022,Everton,1
2022-02-08,Tue,Premier League,Away,D,1.0,1.0,Burnley,M Dean,22.0,5.0,10.0,11.0,1.0,0.0,2.0,0.0,2022,Man United,1
2022-02-08,Tue,Premier League,Home,W,3.0,1.0,Everton,A Taylor,20.0,9.0,13.0,13.0,2.0,0.0,3.0,0.0,2022,Newcastle,1
2022-02-08,Tue,Premier League,Away,L,0.0,1.0,West Ham,M Atkinson,6.0,1.0,6.0,1.0,0.0,0.0,1.0,0.0,2022,Watford,1
2022-02-08,Tue,Premier League,Home,W,1.0,0.0,Watford,M Atkinson,9.0,3.0,1.0,6.0,1.0,0.0,0.0,0.0,2022,West Ham,1
2022-02-09,Wed,Premier League,Home,D,3.0,3.0,Leeds,J Gillett,12.0,4.0,11.0,9.0,1.0,1.0,3.0,0.0,2022,Aston Villa,2
2022-02-09,Wed,Premier League,Away,L,0.0,2.0,Man City,D England,6.0,2.0,13.0,7.0,0.0,0.0,0.0,0.0,2022,Brentford,2
2022-02-09,Wed,Premier League,Away,D,1.0,1.0,Norwich,P Tierney,13.0,5.0,15.0,11.0,2.0,0.0,1.0,0.0,2022,Crystal Palace,2
2022-02-09,Wed,Premier League,Away,D,3.0,3.0,Aston Villa,J Gillett,16.0,8.0,9.0,11.0,3.0,0.0,1.0,1.0,2022,Leeds,2
2022-02-09,Wed,Premier League,Home,W,2.0,0.0,Brentford,D England,15.0,7.0,7.0,13.0,0.0,0.0,0.0,0.0,2022,Man City,2
2022-02-09,Wed,Premier League,Home,D,1.0,1.0,Crystal Palace,P Tierney,5.0,1.0,11.0,15.0,1.0,0.0,2.0,0.0,2022,Norwich,2
2022-02-09,Wed,Premier League,Away,W,3.0,2.0,Tottenham,D Coote,23.0,10.0,13.0,7.0,3.0,0.0,2.0,0.0,2022,Southampton,2
2022-02-09,Wed,Premier League,Home,L,2.0,3.0,Southampton,D Coote,8.0,3.0,7.0,13.0,2.0,0.0,3.0,0.0,2022,Tottenham,2
2022-02-10,Thu,Premier League,Away,W,1.0,0.0,Wolves,M Oliver,12.0,2.0,13.0,12.0,3.0,1.0,2.0,0.0,2022,Arsenal,3
2022-02-10,Thu,Premier League,Away,L,0.0,2.0,Liverpool,C Kavanagh,5.0,1.0,7.0,11.0,0.0,0.0,1.0,0.0,2022,Leicester,3
2022-02-10,Thu,Premier League,Home,W,2.0,0.0,Leicester,C Kavanagh,22.0,11.0,11.0,7.0,1.0,0.0,0.0,0.0,2022,Liverpool,3
2022-02-10,Thu,Premier League,Home,L,0.0,1.0,Arsenal,M Oliver,15.0,4.0,12.0,13.0,2.0,0.0,3.0,1.0,2022,Wolves,3
2022-02-12,Sat,Premier League,Home,D,0.0,0.0,Crystal Palace,S Hooper,9.0,2.0,10.0,10.0,1.0,0.0,0.0,0.0,2022,Brentford,5
2022-02-12,Sat,Premier League,Away,W,2.0,0.0,Watford,J Moss,11.0,6.0,9.0,16.0,2.0,0.0,3.0,0.0,2022,Brighton,5
2022-02-12,Sat,Premier League,Away,D,0.0,0.0,Brentford,S Hooper,6.0,3.0,10.0,10.0,0.0,0.0,1.0,0.0,2022,Crystal Palace,5
2022-02-12,Sat,Premier League,Home,W,3.0,0.0,Leeds,G Scott,21.0,10.0,8.0,9.0,1.0,0.0,1.0,0.0,2022,Everton,5
2022-02-12,Sat,Premier League,Away,L,0.0,3.0,Everton,G Scott,7.0,0.0,9.0,8.0,1.0,0.0,1.0,0.0,2022,Leeds,5
2022-02-12,Sat,Premier League,Away,W,4.0,0.0,Norwich,A Marriner,22.0,9.0,8.0,7.0,2.0,0.0,0.0,0.0,2022,Man City,5
2022-02-12,Sat,Premier League,Home,D,1.0,1.0,Southampton,S Attwell,12.0,8.0,12.0,13.0,4.0,0.0,0.0,0.0,2022,Man United,5
2022-02-12,Sat,Premier League,Home,L,0.0,4.0,Man City,A Marriner,8.0,3.0,7.0,8.0,0.0,0.0,2.0,0.0,2022,Norwich,5
2022-02-12,Sat,Premier League,Away,D,1.0,1.0,Man United,S Attwell,13.0,4.0,13.0,12.0,0.0,0.0,4.0,0.0,2022,Southampton,5
2022-02-12,Sat,Premier League,Home,L,0.0,2.0,Brighton,J Moss,9.0,1.0,16.0,9.0,3.0,0.0,2.0,0.0,2022,Watford,5
2022-02-13,Sun,Premier League,Away,L,0.0,1.0,Newcastle,C Pawson,11.0,1.0,15.0,22.0,4.0,0.0,3.0,0.0,2022,Aston Villa,6
2022-02-13,Sun,Premier League,Home,L,0.0,1.0,Liverpool,M Atkinson,8.0,5.0,7.0,6.0,0.0,0.0,1.0,0.0,2022,Burnley,6
2022-02-13,Sun,Premier League,Home,D,2.0,2.0,West Ham,M Oliver,13.0,2.0,10.0,9.0,1.0,0.0,2.0,0.0,2022,Leicester,6
2022-02-13,Sun,Premier League,Away,W,1.0,0.0,Burnley,M Atkinson,12.0,4.0,6.0,7.0,1.0,0.0,0.0,0.0,2022,Liverpool,6
2022-02-13,Sun,Premier League,Home,W,1.0,0.0,Aston Villa,C Pawson,10.0,2.0,22.0,15.0,3.0,0.0,4.0,0.0,2022,Newcastle,6
2022-02-13,Sun,Premier League,Home,L,0.0,2.0,Wolves,K Friend,17.0,7.0,13.0,13.0,3.0,0.0,1.0,0.0,2022,Tottenham,6
2022-02-13,Sun,Premier League,Away,D,2.0,2.0,Leicester,M Oliver,8.0,3.0,9.0,10.0,2.0,0.0,1.0,0.0,2022,West Ham,6
2022-02-13,Sun,Premier League,Away,W,2.0,0.0,Tottenham,K Friend,11.0,7.0,13.0,13.0,1.0,0.0,3.0,0.0,2022,Wolves,6
2022-02-15,Tue,Premier League,Away,L,0.0,2.0,Man United,P Bankes,10.0,3.0,10.0,8.0,1.0,1.0,3.0,0.0,2022,Brighton,1
2022-02-15,Tue,Premier League,Home,W,2.0,0.0,Brighton,P Bankes,19.0,7.0,8.0,10.0,3.0,0.0,1.0,1.0,2022,Man United,1
2022-02-19,Sat,Premier League,Home,W,2.0,1.0,Brentford,J Moss,24.0,8.0,10.0,5.0,1.0,0.0,1.0,0.0,2022,Arsenal,5
2022-02-19,Sat,Premier League,Home,L,0.0,1.0,Watford,R Jones,20.0,1.0,12.0,7.0,1.0,0.0,2.0,0.0,2022,Aston Villa,5
2022-02-19,Sat,Premier League,Away,L,1.0,2.0,Arsenal,J Moss,6.0,2.0,5.0,10.0,1.0,0.0,1.0,0.0,2022,Brentford,5
2022-02-19,Sat,Premier League,Home,L,0.0,3.0,Burnley,K Friend,11.0,1.0,12.0,12.0,1.0,0.0,4.0,0.0,2022,Brighton,5
2022-02-19,Sat,Premier League,Away,W,3.0,0.0,Brighton,K Friend,10.0,4.0,12.0,12.0,4.0,0.0,1.0,0.0,2022,Burnley,5
2022-02-19,Sat,Premier League,Away,W,1.0,0.0,Crystal Palace,D Coote,9.0,3.0,20.0,4.0,3.0,0.0,1.0,0.0,2022,Chelsea,5
2022-02-19,Sat,Premier League,Home,L,0.0,1.0,Chelsea,D Coote,7.0,0.0,4.0,20.0,1.0,0.0,3.0,0.0,2022,Crystal Palace,5
2022-02-19,Sat,Premier League,Away,L,0.0,2.0,Southampton,A Madley,9.0,0.0,9.0,6.0,2.0,0.0,0.0,0.0,2022,Everton,5
2022-02-19,Sat,Premier League,Home,W,3.0,1.0,Norwich,M Dean,29.0,8.0,7.0,8.0,0.0,0.0,1.0,0.0,2022,Liverpool,5
2022-02-19,Sat,Premier League,Home,L,2.0,3.0,Tottenham,A Taylor,21.0,4.0,5.0,7.0,0.0,0.0,3.0,0.0,2022,Man City,5
2022-02-19,Sat,Premier League,Away,D,1.0,1.0,West Ham,C Kavanagh,14.0,3.0,7.0,3.0,3.0,0.0,3.0,0.0,2022,Newcastle,5
2022-02-19,Sat,Premier League,Away,L,1.0,3.0,Liverpool,M Dean,6.0,1.0,8.0,7.0,1.0,0.0,0.0,0.0,2022,Norwich,5
2022-02-19,Sat,Premier League,Home,W,2.0,0.0,Everton,A Madley,19.0,11.0,6.0,9.0,0.0,0.0,2.0,0.0,2022,Southampton,5
2022-02-19,Sat,Premier League,Away,W,3.0,2.0,Man City,A Taylor,6.0,5.0,7.0,5.0,3.0,0.0,0.0,0.0,2022,Tottenham,5
2022-02-19,Sat,Premier League,Away,W,1.0,0.0,Aston Villa,R Jones,8.0,4.0,7.0,12.0,2.0,0.0,1.0,0.0,2022,Watford,5
2022-02-19,Sat,Premier League,Home,D,1.0,1.0,Newcastle,C Kavanagh,11.0,3.0,3.0,7.0,3.0,0.0,3.0,0.0,2022,West Ham,5
2022-02-20,Sun,Premier League,Home,L,2.0,4.0,Man United,P Tierney,16.0,6.0,13.0,19.0,6.0,0.0,3.0,0.0,2022,Leeds,6
2022-02-20,Sun,Premier League,Away,L,1.0,2.0,Wolves,C Pawson,17.0,7.0,9.0,12.0,4.0,0.0,4.0,0.0,2022,Leicester,6
2022-02-20,Sun,Premier League,Away,W,4.0,2.0,Leeds,P Tierney,15.0,9.0,19.0,13.0,3.0,0.0,6.0,0.0,2022,Man United,6
2022-02-20,Sun,Premier League,Home,W,2.0,1.0,Leicester,C Pawson,11.0,3.0,12.0,9.0,4.0,0.0,4.0,0.0,2022,Wolves,6
2022-02-23,Wed,Premier League,Home,W,1.0,0.0,Tottenham,G Scott,15.0,4.0,8.0,8.0,0.0,0.0,0.0,0.0,2022,Burnley,2
2022-02-23,Wed,Premier League,Away,W,4.0,1.0,Watford,A Marriner,7.0,5.0,9.0,12.0,1.0,0.0,2.0,0.0,2022,Crystal Palace,2
2022-02-23,Wed,Premier League,Away,L,0.0,6.0,Liverpool,M Oliver,3.0,2.0,11.0,5.0,3.0,0.0,0.0,0.0,2022,Leeds,2
2022-02-23,Wed,Premier League,Home,W,6.0,0.0,Leeds,M Oliver,23.0,15.0,5.0,11.0,0.0,0.0,3.0,0.0,2022,Liverpool,2
2022-02-23,Wed,Premier League,Away,L,0.0,1.0,Burnley,G Scott,12.0,2.0,8.0,8.0,0.0,0.0,0.0,0.0,2022,Tottenham,2
2022-02-23,Wed,Premier League,Home,L,1.0,4.0,Crystal Palace,A Marriner,8.0,1.0,12.0,9.0,2.0,0.0,1.0,0.0,2022,Watford,2
2022-02-24,Thu,Premier League,Home,W,2.0,1.0,Wolves,M Atkinson,26.0,5.0,8.0,9.0,1.0,0.0,1.0,0.0,2022,Arsenal,3
2022-02-24,Thu,Premier League,Away,L,1.0,2.0,Arsenal,M Atkinson,6.0,2.0,9.0,8.0,1.0,0.0,1.0,0.0,2022,Wolves,3
2022-02-25,Fri,Premier League,Away,L,0.0,2.0,Southampton,S Hooper,8.0,1.0,9.0,12.0,2.0,0.0,1.0,0.0,2022,Norwich,4
2022-02-25,Fri,Premier League,Home,W,2.0,0.0,Norwich,S Hooper,27.0,9.0,12.0,9.0,1.0,0.0,2.0,0.0,2022,Southampton,4
2022-02-26,Sat,Premier League,Away,W,2.0,0.0,Brighton,J Brooks,9.0,4.0,11.0,17.0,5.0,0.0,4.0,0.0,2022,Aston Villa,5
2022-02-26,Sat,Premier League,Home,L,0.0,2.0,Newcastle,M Dean,6.0,1.0,9.0,7.0,3.0,1.0,1.0,0.0,2022,Brentford,5
2022-02-26,Sat,Premier League,Home,L,0.0,2.0,Aston Villa,J Brooks,12.0,1.0,17.0,11.0,4.0,0.0,5.0,0.0,2022,Brighton,5
2022-02-26,Sat,Premier League,Away,D,1.0,1.0,Crystal Palace,J Moss,5.0,1.0,17.0,5.0,2.0,0.0,0.0,0.0,2022,Burnley,5
2022-02-26,Sat,Premier League,Home,D,1.0,1.0,Burnley,J Moss,11.0,4.0,5.0,17.0,0.0,0.0,2.0,0.0,2022,Crystal Palace,5
2022-02-26,Sat,Premier League,Home,L,0.0,1.0,Man City,P Tierney,6.0,2.0,7.0,14.0,3.0,0.0,2.0,0.0,2022,Everton,5
2022-02-26,Sat,Premier League,Home,L,0.0,4.0,Tottenham,C Pawson,19.0,3.0,16.0,11.0,4.0,0.0,2.0,0.0,2022,Leeds,5
2022-02-26,Sat,Premier League,Away,W,1.0,0.0,Everton,P Tierney,13.0,8.0,14.0,7.0,2.0,0.0,3.0,0.0,2022,Man City,5
2022-02-26,Sat,Premier League,Home,D,0.0,0.0,Watford,K Friend,22.0,3.0,2.0,7.0,0.0,0.0,0.0,0.0,2022,Man United,5
2022-02-26,Sat,Premier League,Away,W,2.0,0.0,Brentford,M Dean,26.0,11.0,7.0,9.0,1.0,0.0,3.0,1.0,2022,Newcastle,5
2022-02-26,Sat,Premier League,Away,W,4.0,0.0,Leeds,C Pawson,15.0,11.0,11.0,16.0,2.0,0.0,4.0,0.0,2022,Tottenham,5
2022-02-26,Sat,Premier League,Away,D,0.0,0.0,Man United,K Friend,10.0,2.0,7.0,2.0,0.0,0.0,0.0,0.0,2022,Watford,5
2022-02-27,Sun,Premier League,Home,W,1.0,0.0,Wolves,A Taylor,13.0,4.0,8.0,2.0,1.0,0.0,0.0,0.0,2022,West Ham,6
2022-02-27,Sun,Premier League,Away,L,0.0,1.0,West Ham,A Taylor,14.0,1.0,2.0,8.0,0.0,0.0,1.0,0.0,2022,Wolves,6
2022-03-01,Tue,Premier League,Home,L,0.0,2.0,Leicester,C Kavanagh,9.0,2.0,10.0,13.0,1.0,0.0,1.0,0.0,2022,Burnley,1
2022-03-01,Tue,Premier League,Away,W,2.0,0.0,Burnley,C Kavanagh,22.0,6.0,13.0,10.0,1.0,0.0,1.0,0.0,2022,Leicester,1
2022-03-05,Sat,Premier League,Home,W,4.0,0.0,Southampton,P Bankes,14.0,9.0,10.0,8.0,1.0,0.0,1.0,0.0,2022,Aston Villa,5
2022-03-05,Sat,Premier League,Away,W,3.0,1.0,Norwich,A Taylor,10.0,6.0,18.0,13.0,5.0,0.0,2.0,0.0,2022,Brentford,5
2022-03-05,Sat,Premier League,Away,L,1.0,2.0,Newcastle,M Atkinson,15.0,4.0,10.0,8.0,1.0,0.0,1.0,0.0,2022,Brighton,5
2022-03-05,Sat,Premier League,Home,L,0.0,4.0,Chelsea,A Marriner,6.0,1.0,12.0,7.0,2.0,0.0,0.0,0.0,2022,Burnley,5
2022-03-05,Sat,Premier League,Away,W,4.0,0.0,Burnley,A Marriner,11.0,5.0,7.0,12.0,0.0,0.0,2.0,0.0,2022,Chelsea,5
2022-03-05,Sat,Premier League,Away,W,2.0,0.0,Wolves,A Madley,12.0,8.0,8.0,13.0,3.0,0.0,0.0,0.0,2022,Crystal Palace,5
2022-03-05,Sat,Premier League,Away,L,0.0,1.0,Leicester,D Coote,19.0,4.0,12.0,9.0,2.0,0.0,1.0,0.0,2022,Leeds,5
2022-03-05,Sat,Premier League,Home,W,1.0,0.0,Leeds,D Coote,7.0,4.0,9.0,12.0,1.0,0.0,2.0,0.0,2022,Leicester,5
2022-03-05,Sat,Premier League,Home,W,1.0,0.0,West Ham,J Moss,22.0,5.0,7.0,7.0,2.0,0.0,1.0,0.0,2022,Liverpool,5
2022-03-05,Sat,Premier League,Home,W,2.0,1.0,Brighton,M Atkinson,10.0,4.0,8.0,10.0,1.0,0.0,1.0,0.0,2022,Newcastle,5
2022-03-05,Sat,Premier League,Home,L,1.0,3.0,Brentford,A Taylor,15.0,7.0,13.0,18.0,2.0,0.0,5.0,0.0,2022,Norwich,5
2022-03-05,Sat,Premier League,Away,L,0.0,4.0,Aston Villa,P Bankes,11.0,1.0,8.0,10.0,1.0,0.0,1.0,0.0,2022,Southampton,5
2022-03-05,Sat,Premier League,Away,L,0.0,1.0,Liverpool,J Moss,13.0,5.0,7.0,7.0,1.0,0.0,2.0,0.0,2022,West Ham,5
2022-03-05,Sat,Premier League,Home,L,0.0,2.0,Crystal Palace,A Madley,12.0,5.0,13.0,8.0,0.0,0.0,3.0,0.0,2022,Wolves,5
2022-03-06,Sun,Premier League,Away,W,3.0,2.0,Watford,C Pawson,16.0,4.0,11.0,5.0,2.0,0.0,1.0,0.0,2022,Arsenal,6
2022-03-06,Sun,Premier League,Home,W,4.0,1.0,Man United,M Oliver,24.0,10.0,10.0,14.0,0.0,0.0,1.0,0.0,2022,Man City,6
2022-03-06,Sun,Premier League,Away,L,1.0,4.0,Man City,M Oliver,5.0,2.0,14.0,10.0,1.0,0.0,0.0,0.0,2022,Man United,6
2022-03-06,Sun,Premier League,Home,L,2.0,3.0,Arsenal,C Pawson,13.0,7.0,5.0,11.0,1.0,0.0,2.0,0.0,2022,Watford,6
2022-03-07,Mon,Premier League,Away,L,0.0,5.0,Tottenham,S Attwell,6.0,0.0,10.0,15.0,0.0,0.0,2.0,0.0,2022,Everton,0
2022-03-07,Mon,Premier League,Home,W,5.0,0.0,Everton,S Attwell,14.0,7.0,15.0,10.0,2.0,0.0,0.0,0.0,2022,Tottenham,0
2022-03-10,Thu,Premier League,Away,W,3.0,0.0,Leeds,S Hooper,15.0,9.0,11.0,17.0,3.0,0.0,5.0,0.0,2022,Aston Villa,3
2022-03-10,Thu,Premier League,Away,W,3.0,1.0,Norwich,M Atkinson,15.0,7.0,15.0,8.0,2.0,0.0,0.0,0.0,2022,Chelsea,3
2022-03-10,Thu,Premier League,Home,L,0.0,3.0,Aston Villa,S Hooper,4.0,1.0,17.0,11.0,5.0,0.0,3.0,0.0,2022,Leeds,3
2022-03-10,Thu,Premier League,Away,W,2.0,1.0,Southampton,K Friend,8.0,4.0,7.0,6.0,1.0,0.0,1.0,0.0,2022,Newcastle,3
2022-03-10,Thu,Premier League,Home,L,1.0,3.0,Chelsea,M Atkinson,9.0,3.0,8.0,15.0,0.0,0.0,2.0,0.0,2022,Norwich,3
2022-03-10,Thu,Premier League,Home,L,1.0,2.0,Newcastle,K Friend,14.0,5.0,6.0,7.0,1.0,0.0,1.0,0.0,2022,Southampton,3
2022-03-10,Thu,Premier League,Away,L,0.0,4.0,Wolves,D England,9.0,0.0,10.0,11.0,2.0,0.0,2.0,0.0,2022,Watford,3
2022-03-10,Thu,Premier League,Home,W,4.0,0.0,Watford,D England,10.0,5.0,11.0,10.0,2.0,0.0,2.0,0.0,2022,Wolves,3
2022-03-12,Sat,Premier League,Home,W,2.0,0.0,Burnley,P Tierney,13.0,4.0,6.0,10.0,1.0,0.0,1.0,1.0,2022,Brentford,5
2022-03-12,Sat,Premier League,Home,L,0.0,2.0,Liverpool,M Dean,8.0,3.0,12.0,15.0,3.0,0.0,1.0,0.0,2022,Brighton,5
2022-03-12,Sat,Premier League,Away,L,0.0,2.0,Brentford,P Tierney,7.0,1.0,10.0,6.0,1.0,1.0,1.0,0.0,2022,Burnley,5
2022-03-12,Sat,Premier League,Away,W,2.0,0.0,Brighton,M Dean,18.0,9.0,15.0,12.0,1.0,0.0,3.0,0.0,2022,Liverpool,5
2022-03-12,Sat,Premier League,Home,W,3.0,2.0,Tottenham,J Moss,10.0,6.0,8.0,7.0,2.0,0.0,1.0,0.0,2022,Man United,5
2022-03-12,Sat,Premier League,Away,L,2.0,3.0,Man United,J Moss,10.0,3.0,7.0,8.0,1.0,0.0,2.0,0.0,2022,Tottenham,5
2022-03-13,Sun,Premier League,Home,W,2.0,0.0,Leicester,A Taylor,21.0,8.0,8.0,10.0,0.0,0.0,3.0,0.0,2022,Arsenal,6
2022-03-13,Sun,Premier League,Away,L,1.0,2.0,West Ham,J Gillett,13.0,7.0,3.0,9.0,0.0,0.0,1.0,0.0,2022,Aston Villa,6
2022-03-13,Sun,Premier League,Home,W,1.0,0.0,Newcastle,D Coote,8.0,3.0,17.0,16.0,4.0,0.0,3.0,0.0,2022,Chelsea,6
2022-03-13,Sun,Premier League,Home,L,0.0,1.0,Wolves,M Oliver,8.0,2.0,13.0,11.0,2.0,1.0,1.0,0.0,2022,Everton,6
2022-03-13,Sun,Premier League,Home,W,2.0,1.0,Norwich,S Attwell,13.0,7.0,18.0,8.0,3.0,0.0,1.0,0.0,2022,Leeds,6
2022-03-13,Sun,Premier League,Away,L,0.0,2.0,Arsenal,A Taylor,6.0,3.0,10.0,8.0,3.0,0.0,0.0,0.0,2022,Leicester,6
2022-03-13,Sun,Premier League,Away,L,0.0,1.0,Chelsea,D Coote,7.0,2.0,16.0,17.0,3.0,0.0,4.0,0.0,2022,Newcastle,6
2022-03-13,Sun,Premier League,Away,L,1.0,2.0,Leeds,S Attwell,12.0,4.0,8.0,18.0,1.0,0.0,3.0,0.0,2022,Norwich,6
2022-03-13,Sun,Premier League,Home,L,1.0,2.0,Watford,G Scott,13.0,7.0,8.0,12.0,3.0,0.0,2.0,0.0,2022,Southampton,6
2022-03-13,Sun,Premier League,Away,W,2.0,1.0,Southampton,G Scott,9.0,5.0,12.0,8.0,2.0,0.0,3.0,0.0,2022,Watford,6
2022-03-13,Sun,Premier League,Home,W,2.0,1.0,Aston Villa,J Gillett,11.0,4.0,9.0,3.0,1.0,0.0,0.0,0.0,2022,West Ham,6
2022-03-13,Sun,Premier League,Away,W,1.0,0.0,Everton,M Oliver,14.0,3.0,11.0,13.0,1.0,0.0,2.0,1.0,2022,Wolves,6
2022-03-14,Mon,Premier League,Home,D,0.0,0.0,Man City,M Atkinson,7.0,1.0,6.0,11.0,3.0,0.0,1.0,0.0,2022,Crystal Palace,0
2022-03-14,Mon,Premier League,Away,D,0.0,0.0,Crystal Palace,M Atkinson,18.0,4.0,11.0,6.0,1.0,0.0,3.0,0.0,2022,Man City,0
2022-03-16,Wed,Premier League,Home,L,0.0,2.0,Liverpool,A Marriner,9.0,2.0,9.0,9.0,0.0,0.0,1.0,0.0,2022,Arsenal,2
2022-03-16,Wed,Premier League,Home,L,0.0,2.0,Tottenham,R Jones,15.0,0.0,11.0,9.0,2.0,0.0,2.0,0.0,2022,Brighton,2
2022-03-16,Wed,Premier League,Away,W,2.0,0.0,Arsenal,A Marriner,9.0,3.0,9.0,9.0,1.0,0.0,0.0,0.0,2022,Liverpool,2
2022-03-16,Wed,Premier League,Away,W,2.0,0.0,Brighton,R Jones,17.0,7.0,9.0,11.0,2.0,0.0,2.0,0.0,2022,Tottenham,2
2022-03-17,Thu,Premier League,Home,W,1.0,0.0,Newcastle,C Pawson,9.0,3.0,13.0,11.0,2.0,1.0,1.0,0.0,2022,Everton,3
2022-03-17,Thu,Premier League,Away,L,0.0,1.0,Everton,C Pawson,17.0,6.0,11.0,13.0,1.0,0.0,2.0,1.0,2022,Newcastle,3
2022-03-18,Fri,Premier League,Away,W,3.0,2.0,Wolves,K Friend,15.0,6.0,14.0,13.0,4.0,0.0,1.0,1.0,2022,Leeds,4
2022-03-18,Fri,Premier League,Home,L,2.0,3.0,Leeds,K Friend,14.0,8.0,13.0,14.0,1.0,1.0,4.0,0.0,2022,Wolves,4
2022-03-19,Sat,Premier League,Away,W,1.0,0.0,Aston Villa,A Madley,10.0,3.0,14.0,13.0,3.0,0.0,3.0,0.0,2022,Arsenal,5
2022-03-19,Sat,Premier League,Home,L,0.0,1.0,Arsenal,A Madley,8.0,1.0,13.0,14.0,3.0,0.0,3.0,0.0,2022,Aston Villa,5
2022-03-20,Sun,Premier League,Away,L,1.0,2.0,Leicester,D England,15.0,6.0,10.0,10.0,2.0,0.0,1.0,0.0,2022,Brentford,6
2022-03-20,Sun,Premier League,Home,W,2.0,1.0,Brentford,D England,12.0,4.0,10.0,10.0,1.0,0.0,2.0,0.0,2022,Leicester,6
2022-03-20,Sun,Premier League,Home,W,3.0,1.0,West Ham,A Taylor,17.0,4.0,7.0,7.0,0.0,0.0,1.0,0.0,2022,Tottenham,6
2022-03-20,Sun,Premier League,Away,L,1.0,3.0,Tottenham,A Taylor,6.0,1.0,7.0,7.0,1.0,0.0,0.0,0.0,2022,West Ham,6
2022-04-02,Sat,Premier League,Away,L,1.0,2.0,Wolves,D England,15.0,5.0,8.0,15.0,3.0,0.0,4.0,0.0,2022,Aston Villa,5
2022-04-02,Sat,Premier League,Away,W,4.0,1.0,Chelsea,A Madley,17.0,6.0,7.0,11.0,0.0,0.0,0.0,0.0,2022,Brentford,5
2022-04-02,Sat,Premier League,Home,D,0.0,0.0,Norwich,S Hooper,31.0,4.0,12.0,11.0,1.0,0.0,1.0,0.0,2022,Brighton,5
2022-04-02,Sat,Premier League,Home,L,0.0,2.0,Man City,C Pawson,3.0,1.0,11.0,6.0,1.0,0.0,0.0,0.0,2022,Burnley,5
2022-04-02,Sat,Premier League,Home,L,1.0,4.0,Brentford,A Madley,21.0,8.0,11.0,7.0,0.0,0.0,0.0,0.0,2022,Chelsea,5
2022-04-02,Sat,Premier League,Home,D,1.0,1.0,Southampton,A Taylor,12.0,3.0,14.0,7.0,1.0,0.0,1.0,0.0,2022,Leeds,5
2022-04-02,Sat,Premier League,Away,D,1.0,1.0,Man United,A Marriner,11.0,3.0,6.0,13.0,2.0,0.0,2.0,0.0,2022,Leicester,5
2022-04-02,Sat,Premier League,Home,W,2.0,0.0,Watford,S Attwell,20.0,3.0,9.0,8.0,1.0,0.0,1.0,0.0,2022,Liverpool,5
2022-04-02,Sat,Premier League,Away,W,2.0,0.0,Burnley,C Pawson,18.0,6.0,6.0,11.0,0.0,0.0,1.0,0.0,2022,Man City,5
2022-04-02,Sat,Premier League,Home,D,1.0,1.0,Leicester,A Marriner,11.0,5.0,13.0,6.0,2.0,0.0,2.0,0.0,2022,Man United,5
2022-04-02,Sat,Premier League,Away,D,0.0,0.0,Brighton,S Hooper,6.0,0.0,11.0,12.0,1.0,0.0,1.0,0.0,2022,Norwich,5
2022-04-02,Sat,Premier League,Away,D,1.0,1.0,Leeds,A Taylor,14.0,6.0,7.0,14.0,1.0,0.0,1.0,0.0,2022,Southampton,5
2022-04-02,Sat,Premier League,Away,L,0.0,2.0,Liverpool,S Attwell,5.0,2.0,8.0,9.0,1.0,0.0,1.0,0.0,2022,Watford,5
2022-04-02,Sat,Premier League,Home,W,2.0,1.0,Aston Villa,D England,11.0,5.0,15.0,8.0,4.0,0.0,3.0,0.0,2022,Wolves,5
2022-04-03,Sun,Premier League,Away,L,1.0,2.0,West Ham,M Oliver,13.0,2.0,12.0,9.0,1.0,1.0,1.0,0.0,2022,Everton,6
2022-04-03,Sun,Premier League,Away,L,1.0,5.0,Tottenham,M Atkinson,8.0,1.0,7.0,10.0,3.0,0.0,2.0,0.0,2022,Newcastle,6
2022-04-03,Sun,Premier League,Home,W,5.0,1.0,Newcastle,M Atkinson,19.0,6.0,10.0,7.0,2.0,0.0,3.0,0.0,2022,Tottenham,6
2022-04-03,Sun,Premier League,Home,W,2.0,1.0,Everton,M Oliver,11.0,5.0,9.0,12.0,1.0,0.0,1.0,1.0,2022,West Ham,6
2022-04-04,Mon,Premier League,Away,L,0.0,3.0,Crystal Palace,P Tierney,12.0,3.0,15.0,11.0,2.0,0.0,0.0,0.0,2022,Arsenal,0
2022-04-04,Mon,Premier League,Home,W,3.0,0.0,Arsenal,P Tierney,6.0,5.0,11.0,15.0,0.0,0.0,2.0,0.0,2022,Crystal Palace,0
2022-04-06,Wed,Premier League,Home,W,3.0,2.0,Everton,M Dean,13.0,4.0,11.0,16.0,2.0,0.0,2.0,0.0,2022,Burnley,2
2022-04-06,Wed,Premier League,Away,L,2.0,3.0,Burnley,M Dean,16.0,4.0,16.0,11.0,2.0,0.0,2.0,0.0,2022,Everton,2
2022-04-08,Fri,Premier League,Home,W,1.0,0.0,Wolves,P Bankes,12.0,4.0,6.0,13.0,1.0,0.0,1.0,0.0,2022,Newcastle,4
2022-04-08,Fri,Premier League,Away,L,0.0,1.0,Newcastle,P Bankes,5.0,2.0,13.0,6.0,1.0,0.0,1.0,0.0,2022,Wolves,4
2022-04-09,Sat,Premier League,Home,L,1.0,2.0,Brighton,D Coote,20.0,4.0,12.0,19.0,3.0,0.0,4.0,0.0,2022,Arsenal,5
2022-04-09,Sat,Premier League,Home,L,0.0,4.0,Tottenham,G Scott,9.0,8.0,12.0,14.0,2.0,0.0,3.0,0.0,2022,Aston Villa,5
2022-04-09,Sat,Premier League,Away,W,2.0,1.0,Arsenal,D Coote,8.0,3.0,19.0,12.0,4.0,0.0,3.0,0.0,2022,Brighton,5
2022-04-09,Sat,Premier League,Away,W,6.0,0.0,Southampton,K Friend,24.0,14.0,10.0,11.0,0.0,0.0,1.0,0.0,2022,Chelsea,5
2022-04-09,Sat,Premier League,Home,W,1.0,0.0,Man United,J Moss,7.0,3.0,4.0,10.0,2.0,0.0,2.0,0.0,2022,Everton,5
2022-04-09,Sat,Premier League,Away,W,3.0,0.0,Watford,A Marriner,10.0,5.0,12.0,8.0,0.0,0.0,2.0,0.0,2022,Leeds,5
2022-04-09,Sat,Premier League,Away,L,0.0,1.0,Everton,J Moss,12.0,4.0,10.0,4.0,2.0,0.0,2.0,0.0,2022,Man United,5
2022-04-09,Sat,Premier League,Home,L,0.0,6.0,Chelsea,K Friend,4.0,1.0,11.0,10.0,1.0,0.0,0.0,0.0,2022,Southampton,5
2022-04-09,Sat,Premier League,Away,W,4.0,0.0,Aston Villa,G Scott,11.0,5.0,14.0,12.0,3.0,0.0,2.0,0.0,2022,Tottenham,5
2022-04-09,Sat,Premier League,Home,L,0.0,3.0,Leeds,A Marriner,8.0,1.0,8.0,12.0,2.0,0.0,0.0,0.0,2022,Watford,5
2022-04-10,Sun,Premier League,Home,W,2.0,0.0,West Ham,M Atkinson,15.0,7.0,2.0,6.0,0.0,0.0,1.0,0.0,2022,Brentford,6
2022-04-10,Sun,Premier League,Away,L,0.0,2.0,Norwich,M Oliver,18.0,4.0,10.0,12.0,1.0,0.0,1.0,0.0,2022,Burnley,6
2022-04-10,Sun,Premier League,Away,L,1.0,2.0,Leicester,R Jones,11.0,3.0,12.0,11.0,1.0,0.0,1.0,0.0,2022,Crystal Palace,6
2022-04-10,Sun,Premier League,Home,W,2.0,1.0,Crystal Palace,R Jones,12.0,3.0,11.0,12.0,1.0,0.0,1.0,0.0,2022,Leicester,6
2022-04-10,Sun,Premier League,Away,D,2.0,2.0,Man City,A Taylor,6.0,4.0,11.0,9.0,4.0,0.0,1.0,0.0,2022,Liverpool,6
2022-04-10,Sun,Premier League,Home,D,2.0,2.0,Liverpool,A Taylor,11.0,5.0,9.0,11.0,1.0,0.0,4.0,0.0,2022,Man City,6
2022-04-10,Sun,Premier League,Home,W,2.0,0.0,Burnley,M Oliver,17.0,6.0,12.0,10.0,1.0,0.0,1.0,0.0,2022,Norwich,6
2022-04-10,Sun,Premier League,Away,L,0.0,2.0,Brentford,M Atkinson,5.0,1.0,6.0,2.0,1.0,0.0,0.0,0.0,2022,West Ham,6
2022-04-16,Sat,Premier League,Away,L,0.0,1.0,Southampton,P Bankes,23.0,6.0,6.0,6.0,1.0,0.0,2.0,0.0,2022,Arsenal,5
2022-04-16,Sat,Premier League,Away,W,2.0,1.0,Watford,S Hooper,16.0,5.0,9.0,11.0,1.0,0.0,2.0,0.0,2022,Brentford,5
2022-04-16,Sat,Premier League,Away,W,1.0,0.0,Tottenham,C Pawson,12.0,5.0,10.0,14.0,3.0,0.0,3.0,0.0,2022,Brighton,5
2022-04-16,Sat,Premier League,Home,W,3.0,2.0,Norwich,A Madley,20.0,9.0,7.0,6.0,0.0,0.0,0.0,0.0,2022,Man United,5
2022-04-16,Sat,Premier League,Away,L,2.0,3.0,Man United,A Madley,15.0,4.0,6.0,7.0,0.0,0.0,0.0,0.0,2022,Norwich,5
2022-04-16,Sat,Premier League,Home,W,1.0,0.0,Arsenal,P Bankes,9.0,3.0,6.0,6.0,2.0,0.0,1.0,0.0,2022,Southampton,5
2022-04-16,Sat,Premier League,Home,L,0.0,1.0,Brighton,C Pawson,5.0,0.0,14.0,10.0,3.0,0.0,3.0,0.0,2022,Tottenham,5
2022-04-16,Sat,Premier League,Home,L,1.0,2.0,Brentford,S Hooper,17.0,4.0,11.0,9.0,2.0,0.0,1.0,0.0,2022,Watford,5
2022-04-17,Sun,Premier League,Away,D,1.0,1.0,West Ham,P Tierney,9.0,1.0,10.0,9.0,2.0,0.0,2.0,0.0,2022,Burnley,6
2022-04-17,Sun,Premier League,Away,L,1.0,2.0,Newcastle,J Gillett,8.0,2.0,10.0,10.0,2.0,0.0,2.0,0.0,2022,Leicester,6
2022-04-17,Sun,Premier League,Home,W,2.0,1.0,Leicester,J Gillett,16.0,7.0,10.0,10.0,2.0,0.0,2.0,0.0,2022,Newcastle,6
2022-04-17,Sun,Premier League,Home,D,1.0,1.0,Burnley,P Tierney,21.0,8.0,9.0,10.0,2.0,0.0,2.0,0.0,2022,West Ham,6
2022-04-19,Tue,Premier League,Home,W,4.0,0.0,Man United,M Atkinson,14.0,5.0,3.0,6.0,1.0,0.0,2.0,0.0,2022,Liverpool,1
2022-04-19,Tue,Premier League,Away,L,0.0,4.0,Liverpool,M Atkinson,2.0,1.0,6.0,3.0,2.0,0.0,1.0,0.0,2022,Man United,1
2022-04-20,Wed,Premier League,Away,W,4.0,2.0,Chelsea,J Moss,14.0,4.0,6.0,7.0,1.0,0.0,3.0,0.0,2022,Arsenal,2
2022-04-20,Wed,Premier League,Away,L,0.0,3.0,Man City,M Dean,2.0,1.0,7.0,12.0,3.0,0.0,0.0,0.0,2022,Brighton,2
2022-04-20,Wed,Premier League,Home,L,2.0,4.0,Arsenal,J Moss,11.0,2.0,7.0,6.0,3.0,0.0,1.0,0.0,2022,Chelsea,2
2022-04-20,Wed,Premier League,Away,L,0.0,1.0,Newcastle,T Harrington,10.0,2.0,12.0,12.0,1.0,0.0,1.0,0.0,2022,Crystal Palace,2
2022-04-20,Wed,Premier League,Home,D,1.0,1.0,Leicester,D Coote,13.0,3.0,8.0,17.0,3.0,0.0,1.0,0.0,2022,Everton,2
2022-04-20,Wed,Premier League,Away,D,1.0,1.0,Everton,D Coote,11.0,3.0,17.0,8.0,1.0,0.0,3.0,0.0,2022,Leicester,2
2022-04-20,Wed,Premier League,Home,W,3.0,0.0,Brighton,M Dean,17.0,5.0,12.0,7.0,0.0,0.0,3.0,0.0,2022,Man City,2
2022-04-20,Wed,Premier League,Home,W,1.0,0.0,Crystal Palace,T Harrington,13.0,4.0,12.0,12.0,1.0,0.0,1.0,0.0,2022,Newcastle,2
2022-04-21,Thu,Premier League,Home,W,2.0,0.0,Southampton,S Attwell,16.0,6.0,7.0,7.0,2.0,0.0,2.0,0.0,2022,Burnley,3
2022-04-21,Thu,Premier League,Away,L,0.0,2.0,Burnley,S Attwell,11.0,3.0,7.0,7.0,2.0,0.0,2.0,0.0,2022,Southampton,3
2022-04-23,Sat,Premier League,Home,W,3.0,1.0,Man United,C Pawson,14.0,7.0,9.0,12.0,3.0,0.0,4.0,0.0,2022,Arsenal,5
2022-04-23,Sat,Premier League,Away,D,0.0,0.0,Leicester,A Madley,11.0,3.0,16.0,15.0,2.0,0.0,3.0,0.0,2022,Aston Villa,5
2022-04-23,Sat,Premier League,Home,D,0.0,0.0,Tottenham,M Atkinson,15.0,2.0,8.0,7.0,2.0,0.0,1.0,0.0,2022,Brentford,5
2022-04-23,Sat,Premier League,Home,D,0.0,0.0,Aston Villa,A Madley,5.0,2.0,15.0,16.0,3.0,0.0,2.0,0.0,2022,Leicester,5
2022-04-23,Sat,Premier League,Home,W,5.0,1.0,Watford,K Friend,21.0,8.0,9.0,7.0,1.0,0.0,0.0,0.0,2022,Man City,5
2022-04-23,Sat,Premier League,Away,L,1.0,3.0,Arsenal,C Pawson,14.0,5.0,12.0,9.0,4.0,0.0,3.0,0.0,2022,Man United,5
2022-04-23,Sat,Premier League,Away,W,3.0,0.0,Norwich,C Kavanagh,13.0,7.0,10.0,11.0,2.0,0.0,0.0,0.0,2022,Newcastle,5
2022-04-23,Sat,Premier League,Home,L,0.0,3.0,Newcastle,C Kavanagh,5.0,2.0,11.0,10.0,0.0,0.0,2.0,0.0,2022,Norwich,5
2022-04-23,Sat,Premier League,Away,D,0.0,0.0,Brentford,M Atkinson,9.0,0.0,7.0,8.0,1.0,0.0,2.0,0.0,2022,Tottenham,5
2022-04-23,Sat,Premier League,Away,L,1.0,5.0,Man City,K Friend,5.0,2.0,7.0,9.0,0.0,0.0,1.0,0.0,2022,Watford,5
2022-04-24,Sun,Premier League,Home,D,2.0,2.0,Southampton,R Jones,8.0,5.0,12.0,7.0,1.0,0.0,0.0,0.0,2022,Brighton,6
2022-04-24,Sun,Premier League,Home,W,1.0,0.0,Wolves,A Taylor,14.0,5.0,8.0,7.0,3.0,0.0,1.0,0.0,2022,Burnley,6
2022-04-24,Sun,Premier League,Home,W,1.0,0.0,West Ham,M Oliver,26.0,5.0,11.0,9.0,1.0,0.0,0.0,1.0,2022,Chelsea,6
2022-04-24,Sun,Premier League,Away,L,0.0,2.0,Liverpool,S Attwell,9.0,1.0,8.0,8.0,5.0,0.0,2.0,0.0,2022,Everton,6
2022-04-24,Sun,Premier League,Home,W,2.0,0.0,Everton,S Attwell,18.0,4.0,8.0,8.0,2.0,0.0,5.0,0.0,2022,Liverpool,6
2022-04-24,Sun,Premier League,Away,D,2.0,2.0,Brighton,R Jones,18.0,5.0,7.0,12.0,0.0,0.0,1.0,0.0,2022,Southampton,6
2022-04-24,Sun,Premier League,Away,L,0.0,1.0,Chelsea,M Oliver,6.0,2.0,9.0,11.0,0.0,1.0,1.0,0.0,2022,West Ham,6
2022-04-24,Sun,Premier League,Away,L,0.0,1.0,Burnley,A Taylor,10.0,4.0,7.0,8.0,1.0,0.0,3.0,0.0,2022,Wolves,6
2022-04-25,Mon,Premier League,Home,D,0.0,0.0,Leeds,D England,17.0,7.0,12.0,13.0,2.0,0.0,2.0,0.0,2022,Crystal Palace,0
2022-04-25,Mon,Premier League,Away,D,0.0,0.0,Crystal Palace,D England,9.0,2.0,13.0,12.0,2.0,0.0,2.0,0.0,2022,Leeds,0
2022-04-28,Thu,Premier League,Away,D,1.0,1.0,Man United,M Dean,21.0,6.0,12.0,9.0,1.0,0.0,0.0,0.0,2022,Chelsea,3
2022-04-28,Thu,Premier League,Home,D,1.0,1.0,Chelsea,M Dean,6.0,3.0,9.0,12.0,0.0,0.0,1.0,0.0,2022,Man United,3
2022-04-30,Sat,Premier League,Home,W,2.0,0.0,Norwich,J Brooks,21.0,6.0,16.0,8.0,4.0,0.0,1.0,0.0,2022,Aston Villa,5
2022-04-30,Sat,Premier League,Away,W,3.0,0.0,Wolves,S Hooper,17.0,9.0,4.0,6.0,1.0,0.0,2.0,0.0,2022,Brighton,5
2022-04-30,Sat,Premier League,Away,W,2.0,1.0,Watford,C Pawson,17.0,6.0,9.0,13.0,2.0,0.0,1.0,0.0,2022,Burnley,5
2022-04-30,Sat,Premier League,Away,W,2.0,1.0,Southampton,J Gillett,14.0,5.0,11.0,13.0,3.0,0.0,1.0,0.0,2022,Crystal Palace,5
2022-04-30,Sat,Premier League,Home,L,0.0,4.0,Man City,P Tierney,7.0,2.0,13.0,3.0,1.0,0.0,2.0,0.0,2022,Leeds,5
2022-04-30,Sat,Premier League,Away,W,1.0,0.0,Newcastle,A Marriner,24.0,10.0,11.0,11.0,3.0,0.0,1.0,0.0,2022,Liverpool,5
2022-04-30,Sat,Premier League,Away,W,4.0,0.0,Leeds,P Tierney,19.0,6.0,3.0,13.0,2.0,0.0,1.0,0.0,2022,Man City,5
2022-04-30,Sat,Premier League,Home,L,0.0,1.0,Liverpool,A Marriner,4.0,2.0,11.0,11.0,1.0,0.0,3.0,0.0,2022,Newcastle,5
2022-04-30,Sat,Premier League,Away,L,0.0,2.0,Aston Villa,J Brooks,9.0,3.0,8.0,16.0,1.0,0.0,4.0,0.0,2022,Norwich,5
2022-04-30,Sat,Premier League,Home,L,1.0,2.0,Crystal Palace,J Gillett,8.0,3.0,13.0,11.0,1.0,0.0,3.0,0.0,2022,Southampton,5
2022-04-30,Sat,Premier League,Home,L,1.0,2.0,Burnley,C Pawson,13.0,1.0,13.0,9.0,1.0,0.0,2.0,0.0,2022,Watford,5
2022-04-30,Sat,Premier League,Home,L,0.0,3.0,Brighton,S Hooper,11.0,1.0,6.0,4.0,2.0,0.0,1.0,0.0,2022,Wolves,5
2022-05-01,Sun,Premier League,Away,W,2.0,1.0,West Ham,M Dean,13.0,7.0,9.0,8.0,2.0,0.0,2.0,0.0,2022,Arsenal,6
2022-05-01,Sun,Premier League,Away,L,0.0,1.0,Everton,K Friend,17.0,5.0,12.0,9.0,5.0,0.0,3.0,0.0,2022,Chelsea,6
2022-05-01,Sun,Premier League,Home,W,1.0,0.0,Chelsea,K Friend,9.0,4.0,9.0,12.0,3.0,0.0,5.0,0.0,2022,Everton,6
2022-05-01,Sun,Premier League,Away,L,1.0,3.0,Tottenham,J Moss,6.0,2.0,8.0,13.0,3.0,0.0,2.0,0.0,2022,Leicester,6
2022-05-01,Sun,Premier League,Home,W,3.0,1.0,Leicester,J Moss,13.0,7.0,13.0,8.0,2.0,0.0,3.0,0.0,2022,Tottenham,6
2022-05-01,Sun,Premier League,Home,L,1.0,2.0,Arsenal,M Dean,8.0,3.0,8.0,9.0,2.0,0.0,2.0,0.0,2022,West Ham,6
2022-05-02,Mon,Premier League,Away,L,0.0,3.0,Man United,C Kavanagh,12.0,4.0,6.0,4.0,0.0,0.0,1.0,0.0,2022,Brentford,0
2022-05-02,Mon,Premier League,Home,W,3.0,0.0,Brentford,C Kavanagh,9.0,5.0,4.0,6.0,1.0,0.0,0.0,0.0,2022,Man United,0
2022-05-07,Sat,Premier League,Away,W,3.0,1.0,Burnley,D Coote,12.0,7.0,11.0,13.0,2.0,0.0,1.0,0.0,2022,Aston Villa,5
2022-05-07,Sat,Premier League,Home,W,3.0,0.0,Southampton,M Salisbury,18.0,5.0,12.0,9.0,0.0,0.0,1.0,0.0,2022,Brentford,5
2022-05-07,Sat,Premier League,Home,W,4.0,0.0,Man United,A Madley,17.0,6.0,13.0,9.0,0.0,0.0,2.0,0.0,2022,Brighton,5
2022-05-07,Sat,Premier League,Home,L,1.0,3.0,Aston Villa,D Coote,14.0,6.0,13.0,11.0,1.0,0.0,2.0,0.0,2022,Burnley,5
2022-05-07,Sat,Premier League,Home,D,2.0,2.0,Wolves,P Bankes,19.0,6.0,7.0,11.0,1.0,0.0,3.0,0.0,2022,Chelsea,5
2022-05-07,Sat,Premier League,Home,W,1.0,0.0,Watford,G Scott,15.0,7.0,11.0,18.0,2.0,0.0,1.0,1.0,2022,Crystal Palace,5
2022-05-07,Sat,Premier League,Home,D,1.0,1.0,Tottenham,M Oliver,22.0,3.0,12.0,8.0,3.0,0.0,2.0,0.0,2022,Liverpool,5
2022-05-07,Sat,Premier League,Away,L,0.0,4.0,Brighton,A Madley,15.0,5.0,9.0,13.0,2.0,0.0,0.0,0.0,2022,Man United,5
2022-05-07,Sat,Premier League,Away,L,0.0,3.0,Brentford,M Salisbury,19.0,4.0,9.0,12.0,1.0,0.0,0.0,0.0,2022,Southampton,5
2022-05-07,Sat,Premier League,Away,D,1.0,1.0,Liverpool,M Oliver,8.0,3.0,8.0,12.0,2.0,0.0,3.0,0.0,2022,Tottenham,5
2022-05-07,Sat,Premier League,Away,L,0.0,1.0,Crystal Palace,G Scott,6.0,1.0,18.0,11.0,1.0,1.0,2.0,0.0,2022,Watford,5
2022-05-07,Sat,Premier League,Away,D,2.0,2.0,Chelsea,P Bankes,14.0,4.0,11.0,7.0,3.0,0.0,1.0,0.0,2022,Wolves,5
2022-05-08,Sun,Premier League,Home,W,2.0,1.0,Leeds,C Kavanagh,19.0,9.0,13.0,15.0,2.0,0.0,2.0,1.0,2022,Arsenal,6
2022-05-08,Sun,Premier League,Away,W,2.0,1.0,Leicester,C Pawson,10.0,4.0,6.0,11.0,0.0,0.0,3.0,0.0,2022,Everton,6
2022-05-08,Sun,Premier League,Away,L,1.0,2.0,Arsenal,C Kavanagh,3.0,2.0,15.0,13.0,2.0,1.0,2.0,0.0,2022,Leeds,6
2022-05-08,Sun,Premier League,Home,L,1.0,2.0,Everton,C Pawson,16.0,9.0,11.0,6.0,3.0,0.0,0.0,0.0,2022,Leicester,6
2022-05-08,Sun,Premier League,Home,W,5.0,0.0,Newcastle,S Attwell,21.0,9.0,6.0,11.0,1.0,0.0,3.0,0.0,2022,Man City,6
2022-05-08,Sun,Premier League,Away,L,0.0,5.0,Man City,S Attwell,7.0,3.0,11.0,6.0,3.0,0.0,1.0,0.0,2022,Newcastle,6
2022-05-08,Sun,Premier League,Home,L,0.0,4.0,West Ham,R Jones,8.0,2.0,7.0,7.0,1.0,0.0,1.0,0.0,2022,Norwich,6
2022-05-08,Sun,Premier League,Away,W,4.0,0.0,Norwich,R Jones,13.0,5.0,7.0,7.0,1.0,0.0,1.0,0.0,2022,West Ham,6
2022-05-10,Tue,Premier League,Home,L,1.0,2.0,Liverpool,J Moss,9.0,4.0,10.0,12.0,0.0,0.0,0.0,0.0,2022,Aston Villa,1
2022-05-10,Tue,Premier League,Away,W,2.0,1.0,Aston Villa,J Moss,17.0,6.0,12.0,10.0,0.0,0.0,0.0,0.0,2022,Liverpool,1
2022-05-11,Wed,Premier League,Away,W,3.0,0.0,Leeds,A Taylor,17.0,4.0,14.0,10.0,0.0,0.0,1.0,1.0,2022,Chelsea,2
2022-05-11,Wed,Premier League,Away,D,0.0,0.0,Watford,M Dean,16.0,5.0,12.0,5.0,2.0,0.0,1.0,0.0,2022,Everton,2
2022-05-11,Wed,Premier League,Home,L,0.0,3.0,Chelsea,A Taylor,5.0,0.0,10.0,14.0,1.0,1.0,0.0,0.0,2022,Leeds,2
2022-05-11,Wed,Premier League,Home,W,3.0,0.0,Norwich,S Hooper,20.0,8.0,10.0,5.0,0.0,0.0,0.0,0.0,2022,Leicester,2
2022-05-11,Wed,Premier League,Away,W,5.0,1.0,Wolves,M Atkinson,16.0,5.0,10.0,2.0,1.0,0.0,0.0,0.0,2022,Man City,2
2022-05-11,Wed,Premier League,Away,L,0.0,3.0,Leicester,S Hooper,9.0,5.0,5.0,10.0,0.0,0.0,0.0,0.0,2022,Norwich,2
2022-05-11,Wed,Premier League,Home,D,0.0,0.0,Everton,M Dean,6.0,0.0,5.0,12.0,1.0,0.0,2.0,0.0,2022,Watford,2
2022-05-11,Wed,Premier League,Home,L,1.0,5.0,Man City,M Atkinson,7.0,3.0,2.0,10.0,0.0,0.0,1.0,0.0,2022,Wolves,2
2022-05-12,Thu,Premier League,Away,L,0.0,3.0,Tottenham,P Tierney,8.0,4.0,15.0,8.0,3.0,1.0,1.0,0.0,2022,Arsenal,3
2022-05-12,Thu,Premier League,Home,W,3.0,0.0,Arsenal,P Tierney,16.0,6.0,8.0,15.0,1.0,0.0,3.0,1.0,2022,Tottenham,3
2022-05-15,Sun,Premier League,Home,D,1.0,1.0,Crystal Palace,C Kavanagh,13.0,4.0,11.0,15.0,1.0,0.0,3.0,0.0,2022,Aston Villa,6
2022-05-15,Sun,Premier League,Away,W,3.0,2.0,Everton,M Oliver,18.0,7.0,8.0,8.0,3.0,0.0,0.0,2.0,2022,Brentford,6
2022-05-15,Sun,Premier League,Away,D,1.0,1.0,Leeds,M Dean,16.0,6.0,8.0,16.0,2.0,0.0,3.0,0.0,2022,Brighton,6
2022-05-15,Sun,Premier League,Away,L,0.0,1.0,Tottenham,K Friend,8.0,1.0,8.0,12.0,2.0,0.0,3.0,0.0,2022,Burnley,6
2022-05-15,Sun,Premier League,Away,D,1.0,1.0,Aston Villa,C Kavanagh,16.0,4.0,15.0,11.0,3.0,0.0,1.0,0.0,2022,Crystal Palace,6
2022-05-15,Sun,Premier League,Home,L,2.0,3.0,Brentford,M Oliver,10.0,5.0,8.0,8.0,0.0,2.0,3.0,0.0,2022,Everton,6
2022-05-15,Sun,Premier League,Home,D,1.0,1.0,Brighton,M Dean,19.0,5.0,16.0,8.0,3.0,0.0,2.0,0.0,2022,Leeds,6
2022-05-15,Sun,Premier League,Away,W,5.0,1.0,Watford,J Gillett,13.0,7.0,6.0,4.0,1.0,0.0,0.0,0.0,2022,Leicester,6
2022-05-15,Sun,Premier League,Away,D,2.0,2.0,West Ham,A Taylor,31.0,8.0,5.0,9.0,1.0,0.0,3.0,0.0,2022,Man City,6
2022-05-15,Sun,Premier League,Away,D,1.0,1.0,Wolves,T Harrington,11.0,2.0,10.0,5.0,3.0,0.0,0.0,0.0,2022,Norwich,6
2022-05-15,Sun,Premier League,Home,W,1.0,0.0,Burnley,K Friend,21.0,8.0,12.0,8.0,3.0,0.0,2.0,0.0,2022,Tottenham,6
2022-05-15,Sun,Premier League,Home,L,1.0,5.0,Leicester,J Gillett,13.0,5.0,4.0,6.0,0.0,0.0,1.0,0.0,2022,Watford,6
2022-05-15,Sun,Premier League,Home,D,2.0,2.0,Man City,A Taylor,6.0,2.0,9.0,5.0,3.0,0.0,1.0,0.0,2022,West Ham,6
2022-05-15,Sun,Premier League,Home,D,1.0,1.0,Norwich,T Harrington,17.0,4.0,5.0,10.0,0.0,0.0,3.0,0.0,2022,Wolves,6
2022-05-16,Mon,Premier League,Away,L,0.0,2.0,Newcastle,D England,11.0,2.0,8.0,11.0,3.0,0.0,0.0,0.0,2022,Arsenal,0
2022-05-16,Mon,Premier League,Home,W,2.0,0.0,Arsenal,D England,16.0,4.0,11.0,8.0,0.0,0.0,3.0,0.0,2022,Newcastle,0
2022-05-17,Tue,Premier League,Away,W,2.0,1.0,Southampton,M Atkinson,24.0,5.0,6.0,6.0,0.0,0.0,2.0,0.0,2022,Liverpool,1
2022-05-17,Tue,Premier League,Home,L,1.0,2.0,Liverpool,M Atkinson,4.0,2.0,6.0,6.0,2.0,0.0,0.0,0.0,2022,Southampton,1
2022-05-19,Thu,Premier League,Home,D,1.0,1.0,Burnley,P Tierney,22.0,9.0,11.0,20.0,0.0,0.0,1.0,1.0,2022,Aston Villa,3
2022-05-19,Thu,Premier League,Away,D,1.0,1.0,Aston Villa,P Tierney,10.0,5.0,20.0,11.0,1.0,1.0,0.0,0.0,2022,Burnley,3
2022-05-19,Thu,Premier League,Home,D,1.0,1.0,Leicester,S Attwell,20.0,7.0,13.0,7.0,4.0,0.0,1.0,0.0,2022,Chelsea,3
2022-05-19,Thu,Premier League,Away,L,2.0,3.0,Everton,A Taylor,7.0,5.0,13.0,9.0,3.0,0.0,2.0,0.0,2022,Crystal Palace,3
2022-05-19,Thu,Premier League,Home,W,3.0,2.0,Crystal Palace,A Taylor,12.0,6.0,9.0,13.0,2.0,0.0,3.0,0.0,2022,Everton,3
2022-05-19,Thu,Premier League,Away,D,1.0,1.0,Chelsea,S Attwell,2.0,1.0,7.0,13.0,1.0,0.0,4.0,0.0,2022,Leicester,3
2022-05-22,Sun,Premier League,Home,W,5.0,1.0,Everton,A Marriner,26.0,9.0,8.0,9.0,0.0,0.0,1.0,0.0,2022,Arsenal,6
2022-05-22,Sun,Premier League,Away,L,2.0,3.0,Man City,M Oliver,4.0,2.0,11.0,5.0,1.0,0.0,0.0,0.0,2022,Aston Villa,6
2022-05-22,Sun,Premier League,Home,L,1.0,2.0,Leeds,P Tierney,14.0,5.0,11.0,13.0,2.0,1.0,1.0,0.0,2022,Brentford,6
2022-05-22,Sun,Premier League,Home,W,3.0,1.0,West Ham,K Friend,18.0,7.0,9.0,9.0,1.0,0.0,1.0,0.0,2022,Brighton,6
2022-05-22,Sun,Premier League,Home,L,1.0,2.0,Newcastle,C Pawson,12.0,5.0,8.0,9.0,1.0,0.0,0.0,0.0,2022,Burnley,6
2022-05-22,Sun,Premier League,Home,W,2.0,1.0,Watford,M Dean,19.0,8.0,9.0,9.0,0.0,0.0,0.0,0.0,2022,Chelsea,6
2022-05-22,Sun,Premier League,Home,W,1.0,0.0,Man United,M Atkinson,6.0,3.0,12.0,22.0,2.0,0.0,4.0,0.0,2022,Crystal Palace,6
2022-05-22,Sun,Premier League,Away,L,1.0,5.0,Arsenal,A Marriner,6.0,2.0,9.0,8.0,1.0,0.0,0.0,0.0,2022,Everton,6
2022-05-22,Sun,Premier League,Away,W,2.0,1.0,Brentford,P Tierney,14.0,6.0,13.0,11.0,1.0,0.0,2.0,1.0,2022,Leeds,6
2022-05-22,Sun,Premier League,Home,W,4.0,1.0,Southampton,J Moss,12.0,6.0,10.0,5.0,0.0,0.0,1.0,0.0,2022,Leicester,6
2022-05-22,Sun,Premier League,Home,W,3.0,1.0,Wolves,A Taylor,29.0,8.0,6.0,3.0,1.0,0.0,0.0,0.0,2022,Liverpool,6
2022-05-22,Sun,Premier League,Home,W,3.0,2.0,Aston Villa,M Oliver,24.0,5.0,5.0,11.0,0.0,0.0,1.0,0.0,2022,Man City,6
2022-05-22,Sun,Premier League,Away,L,0.0,1.0,Crystal Palace,M Atkinson,10.0,4.0,22.0,12.0,4.0,0.0,2.0,0.0,2022,Man United,6
2022-05-22,Sun,Premier League,Away,W,2.0,1.0,Burnley,C Pawson,8.0,6.0,9.0,8.0,0.0,0.0,1.0,0.0,2022,Newcastle,6
2022-05-22,Sun,Premier League,Home,L,0.0,5.0,Tottenham,C Kavanagh,9.0,0.0,13.0,7.0,3.0,0.0,1.0,0.0,2022,Norwich,6
2022-05-22,Sun,Premier League,Away,L,1.0,4.0,Leicester,J Moss,7.0,2.0,5.0,10.0,1.0,0.0,0.0,0.0,2022,Southampton,6
2022-05-22,Sun,Premier League,Away,W,5.0,0.0,Norwich,C Kavanagh,19.0,13.0,7.0,13.0,1.0,0.0,3.0,0.0,2022,Tottenham,6
2022-05-22,Sun,Premier League,Away,L,1.0,2.0,Chelsea,M Dean,8.0,3.0,9.0,9.0,0.0,0.0,0.0,0.0,2022,Watford,6
2022-05-22,Sun,Premier League,Away,L,1.0,3.0,Brighton,K Friend,7.0,2.0,9.0,9.0,1.0,0.0,1.0,0.0,2022,West Ham,6
2022-05-22,Sun,Premier League,Away,L,1.0,3.0,Liverpool,A Taylor,7.0,5.0,3.0,6.0,0.0,0.0,1.0,0.0,2022,Wolves,6
2022-08-05,Fri,Premier League,Away,W,2.0,0.0,Crystal Palace,A Taylor,10.0,2.0,11.0,16.0,2.0,0.0,1.0,0.0,2023,Arsenal,4
2022-08-05,Fri,Premier League,Home,L,0.0,2.0,Arsenal,A Taylor,10.0,2.0,16.0,11.0,1.0,0.0,2.0,0.0,2023,Crystal Palace,4
2022-08-06,Sat,Premier League,Away,L,0.0,2.0,Bournemouth,P Bankes,15.0,2.0,16.0,18.0,3.0,0.0,3.0,0.0,2023,Aston Villa,5
2022-08-06,Sat,Premier League,Home,W,2.0,0.0,Aston Villa,P Bankes,7.0,3.0,18.0,16.0,3.0,0.0,3.0,0.0,2023,Bournemouth,5
2022-08-06,Sat,Premier League,Away,W,1.0,0.0,Everton,C Pawson,15.0,6.0,11.0,14.0,2.0,0.0,3.0,0.0,2023,Chelsea,5
2022-08-06,Sat,Premier League,Home,L,0.0,1.0,Chelsea,C Pawson,8.0,4.0,14.0,11.0,3.0,0.0,2.0,0.0,2023,Everton,5
2022-08-06,Sat,Premier League,Home,D,2.0,2.0,Liverpool,A Madley,9.0,3.0,7.0,9.0,2.0,0.0,0.0,0.0,2023,Fulham,5
2022-08-06,Sat,Premier League,Home,W,2.0,1.0,Wolves,R Jones,12.0,4.0,13.0,9.0,2.0,0.0,0.0,0.0,2023,Leeds,5
2022-08-06,Sat,Premier League,Away,D,2.0,2.0,Fulham,A Madley,11.0,4.0,9.0,7.0,0.0,0.0,2.0,0.0,2023,Liverpool,5
2022-08-06,Sat,Premier League,Home,W,2.0,0.0,Nott'm Forest,S Hooper,23.0,10.0,9.0,14.0,0.0,0.0,3.0,0.0,2023,Newcastle,5
2022-08-06,Sat,Premier League,Away,L,0.0,2.0,Newcastle,S Hooper,5.0,0.0,14.0,9.0,3.0,0.0,0.0,0.0,2023,Nott'm Forest,5
2022-08-06,Sat,Premier League,Away,L,1.0,4.0,Tottenham,A Marriner,10.0,2.0,6.0,11.0,0.0,0.0,3.0,0.0,2023,Southampton,5
2022-08-06,Sat,Premier League,Home,W,4.0,1.0,Southampton,A Marriner,18.0,8.0,11.0,6.0,3.0,0.0,0.0,0.0,2023,Tottenham,5
2022-08-06,Sat,Premier League,Away,L,1.0,2.0,Leeds,R Jones,15.0,6.0,9.0,13.0,0.0,0.0,2.0,0.0,2023,Wolves,5
2022-08-07,Sun,Premier League,Away,D,2.0,2.0,Leicester,J Gillett,8.0,3.0,5.0,6.0,0.0,0.0,0.0,0.0,2023,Brentford,6
2022-08-07,Sun,Premier League,Away,W,2.0,1.0,Man United,P Tierney,15.0,4.0,12.0,7.0,1.0,0.0,4.0,0.0,2023,Brighton,6
2022-08-07,Sun,Premier League,Home,D,2.0,2.0,Brentford,J Gillett,14.0,5.0,6.0,5.0,0.0,0.0,0.0,0.0,2023,Leicester,6
2022-08-07,Sun,Premier League,Away,W,2.0,0.0,West Ham,M Oliver,14.0,2.0,4.0,8.0,1.0,0.0,0.0,0.0,2023,Man City,6
2022-08-07,Sun,Premier League,Home,L,1.0,2.0,Brighton,P Tierney,17.0,5.0,7.0,12.0,4.0,0.0,1.0,0.0,2023,Man United,6
2022-08-07,Sun,Premier League,Home,L,0.0,2.0,Man City,M Oliver,6.0,1.0,8.0,4.0,0.0,0.0,1.0,0.0,2023,West Ham,6
2022-08-13,Sat,Premier League,Home,W,4.0,2.0,Leicester,D England,19.0,7.0,15.0,9.0,1.0,0.0,1.0,0.0,2023,Arsenal,5
2022-08-13,Sat,Premier League,Home,W,2.0,1.0,Everton,M Oliver,12.0,4.0,9.0,7.0,4.0,0.0,1.0,0.0,2023,Aston Villa,5
2022-08-13,Sat,Premier League,Away,L,0.0,4.0,Man City,D Coote,3.0,1.0,9.0,9.0,3.0,0.0,0.0,0.0,2023,Bournemouth,5
2022-08-13,Sat,Premier League,Home,W,4.0,0.0,Man United,S Attwell,13.0,7.0,6.0,15.0,0.0,0.0,4.0,0.0,2023,Brentford,5
2022-08-13,Sat,Premier League,Home,D,0.0,0.0,Newcastle,G Scott,13.0,7.0,8.0,6.0,2.0,0.0,3.0,0.0,2023,Brighton,5
2022-08-13,Sat,Premier League,Away,L,1.0,2.0,Aston Villa,M Oliver,15.0,4.0,7.0,9.0,1.0,0.0,4.0,0.0,2023,Everton,5
2022-08-13,Sat,Premier League,Away,D,0.0,0.0,Wolves,J Brooks,9.0,3.0,14.0,7.0,3.0,0.0,3.0,0.0,2023,Fulham,5
2022-08-13,Sat,Premier League,Away,D,2.0,2.0,Southampton,T Harrington,13.0,5.0,12.0,10.0,3.0,0.0,1.0,0.0,2023,Leeds,5
2022-08-13,Sat,Premier League,Away,L,2.0,4.0,Arsenal,D England,6.0,2.0,9.0,15.0,1.0,0.0,1.0,0.0,2023,Leicester,5
2022-08-13,Sat,Premier League,Home,W,4.0,0.0,Bournemouth,D Coote,19.0,7.0,9.0,9.0,0.0,0.0,3.0,0.0,2023,Man City,5
2022-08-13,Sat,Premier League,Away,L,0.0,4.0,Brentford,S Attwell,15.0,4.0,15.0,6.0,4.0,0.0,0.0,0.0,2023,Man United,5
2022-08-13,Sat,Premier League,Away,D,0.0,0.0,Brighton,G Scott,4.0,1.0,6.0,8.0,3.0,0.0,2.0,0.0,2023,Newcastle,5
2022-08-13,Sat,Premier League,Home,D,2.0,2.0,Leeds,T Harrington,14.0,4.0,10.0,12.0,1.0,0.0,3.0,0.0,2023,Southampton,5
2022-08-13,Sat,Premier League,Home,D,0.0,0.0,Fulham,J Brooks,7.0,1.0,7.0,14.0,3.0,0.0,3.0,0.0,2023,Wolves,5
2022-08-14,Sun,Premier League,Home,D,2.0,2.0,Tottenham,A Taylor,16.0,3.0,9.0,9.0,3.0,0.0,0.0,0.0,2023,Chelsea,6
2022-08-14,Sun,Premier League,Home,W,1.0,0.0,West Ham,R Jones,13.0,6.0,10.0,11.0,4.0,0.0,1.0,0.0,2023,Nott'm Forest,6
2022-08-14,Sun,Premier League,Away,D,2.0,2.0,Chelsea,A Taylor,10.0,5.0,9.0,9.0,0.0,0.0,3.0,0.0,2023,Tottenham,6
2022-08-14,Sun,Premier League,Away,L,0.0,1.0,Nott'm Forest,R Jones,19.0,5.0,11.0,10.0,1.0,0.0,4.0,0.0,2023,West Ham,6
2022-08-15,Mon,Premier League,Away,D,1.0,1.0,Liverpool,P Tierney,7.0,3.0,8.0,7.0,4.0,0.0,2.0,1.0,2023,Crystal Palace,0
2022-08-15,Mon,Premier League,Home,D,1.0,1.0,Crystal Palace,P Tierney,24.0,4.0,7.0,8.0,2.0,1.0,4.0,0.0,2023,Liverpool,0
2022-08-20,Sat,Premier League,Away,W,3.0,0.0,Bournemouth,C Pawson,14.0,6.0,10.0,12.0,1.0,0.0,2.0,0.0,2023,Arsenal,5
2022-08-20,Sat,Premier League,Away,L,1.0,3.0,Crystal Palace,A Madley,13.0,5.0,14.0,16.0,1.0,0.0,2.0,0.0,2023,Aston Villa,5
2022-08-20,Sat,Premier League,Home,L,0.0,3.0,Arsenal,C Pawson,6.0,1.0,12.0,10.0,2.0,0.0,1.0,0.0,2023,Bournemouth,5
2022-08-20,Sat,Premier League,Away,L,2.0,3.0,Fulham,P Bankes,13.0,5.0,7.0,13.0,2.0,0.0,3.0,0.0,2023,Brentford,5
2022-08-20,Sat,Premier League,Home,W,3.0,1.0,Aston Villa,A Madley,17.0,9.0,16.0,14.0,2.0,0.0,1.0,0.0,2023,Crystal Palace,5
2022-08-20,Sat,Premier League,Home,D,1.0,1.0,Nott'm Forest,A Marriner,19.0,8.0,6.0,9.0,3.0,0.0,2.0,0.0,2023,Everton,5
2022-08-20,Sat,Premier League,Home,W,3.0,2.0,Brentford,P Bankes,18.0,9.0,13.0,7.0,3.0,0.0,2.0,0.0,2023,Fulham,5
2022-08-20,Sat,Premier League,Home,L,1.0,2.0,Southampton,M Salisbury,6.0,1.0,11.0,15.0,2.0,0.0,3.0,0.0,2023,Leicester,5
2022-08-20,Sat,Premier League,Away,D,1.0,1.0,Everton,A Marriner,14.0,5.0,9.0,6.0,2.0,0.0,3.0,0.0,2023,Nott'm Forest,5
2022-08-20,Sat,Premier League,Away,W,2.0,1.0,Leicester,M Salisbury,9.0,3.0,15.0,11.0,3.0,0.0,2.0,0.0,2023,Southampton,5
2022-08-20,Sat,Premier League,Home,W,1.0,0.0,Wolves,S Hooper,11.0,4.0,10.0,8.0,2.0,0.0,2.0,0.0,2023,Tottenham,5
2022-08-20,Sat,Premier League,Away,L,0.0,1.0,Tottenham,S Hooper,20.0,3.0,8.0,10.0,2.0,0.0,2.0,0.0,2023,Wolves,5
2022-08-21,Sun,Premier League,Away,W,2.0,0.0,West Ham,A Taylor,11.0,2.0,7.0,10.0,0.0,0.0,2.0,0.0,2023,Brighton,6
2022-08-21,Sun,Premier League,Away,L,0.0,3.0,Leeds,S Attwell,14.0,3.0,15.0,16.0,1.0,1.0,0.0,0.0,2023,Chelsea,6
2022-08-21,Sun,Premier League,Home,W,3.0,0.0,Chelsea,S Attwell,12.0,6.0,16.0,15.0,0.0,0.0,1.0,1.0,2023,Leeds,6
2022-08-21,Sun,Premier League,Away,D,3.0,3.0,Newcastle,J Gillett,21.0,10.0,7.0,14.0,2.0,0.0,4.0,0.0,2023,Man City,6
2022-08-21,Sun,Premier League,Home,D,3.0,3.0,Man City,J Gillett,12.0,6.0,14.0,7.0,4.0,0.0,2.0,0.0,2023,Newcastle,6
2022-08-21,Sun,Premier League,Home,L,0.0,2.0,Brighton,A Taylor,13.0,3.0,10.0,7.0,2.0,0.0,0.0,0.0,2023,West Ham,6
2022-08-22,Mon,Premier League,Away,L,1.0,2.0,Man United,M Oliver,17.0,5.0,7.0,11.0,1.0,0.0,3.0,0.0,2023,Liverpool,0
2022-08-22,Mon,Premier League,Home,W,2.0,1.0,Liverpool,M Oliver,12.0,4.0,11.0,7.0,3.0,0.0,1.0,0.0,2023,Man United,0
2022-08-27,Sat,Premier League,Home,W,2.0,1.0,Fulham,J Gillett,22.0,8.0,6.0,12.0,2.0,0.0,3.0,0.0,2023,Arsenal,5
2022-08-27,Sat,Premier League,Away,L,0.0,9.0,Liverpool,S Attwell,5.0,2.0,5.0,6.0,1.0,0.0,0.0,0.0,2023,Bournemouth,5
2022-08-27,Sat,Premier League,Home,D,1.0,1.0,Everton,J Brooks,19.0,5.0,8.0,8.0,2.0,0.0,2.0,0.0,2023,Brentford,5
2022-08-27,Sat,Premier League,Home,W,1.0,0.0,Leeds,M Salisbury,13.0,4.0,10.0,14.0,2.0,0.0,3.0,0.0,2023,Brighton,5
2022-08-27,Sat,Premier League,Home,W,2.0,1.0,Leicester,P Tierney,7.0,3.0,10.0,7.0,1.0,1.0,2.0,0.0,2023,Chelsea,5
2022-08-27,Sat,Premier League,Away,L,2.0,4.0,Man City,D England,2.0,2.0,8.0,14.0,2.0,0.0,1.0,0.0,2023,Crystal Palace,5
2022-08-27,Sat,Premier League,Away,D,1.0,1.0,Brentford,J Brooks,14.0,7.0,8.0,8.0,2.0,0.0,2.0,0.0,2023,Everton,5
2022-08-27,Sat,Premier League,Away,L,1.0,2.0,Arsenal,J Gillett,11.0,3.0,12.0,6.0,3.0,0.0,2.0,0.0,2023,Fulham,5
2022-08-27,Sat,Premier League,Away,L,0.0,1.0,Brighton,M Salisbury,10.0,2.0,14.0,10.0,3.0,0.0,2.0,0.0,2023,Leeds,5
2022-08-27,Sat,Premier League,Away,L,1.0,2.0,Chelsea,P Tierney,17.0,5.0,7.0,10.0,2.0,0.0,1.0,1.0,2023,Leicester,5
2022-08-27,Sat,Premier League,Home,W,9.0,0.0,Bournemouth,S Attwell,19.0,12.0,6.0,5.0,0.0,0.0,1.0,0.0,2023,Liverpool,5
2022-08-27,Sat,Premier League,Home,W,4.0,2.0,Crystal Palace,D England,18.0,5.0,14.0,8.0,1.0,0.0,2.0,0.0,2023,Man City,5
2022-08-27,Sat,Premier League,Away,W,1.0,0.0,Southampton,A Madley,11.0,6.0,14.0,4.0,3.0,0.0,0.0,0.0,2023,Man United,5
2022-08-27,Sat,Premier League,Home,L,0.0,1.0,Man United,A Madley,17.0,5.0,4.0,14.0,0.0,0.0,3.0,0.0,2023,Southampton,5
2022-08-28,Sun,Premier League,Home,L,0.0,1.0,West Ham,D Coote,9.0,3.0,10.0,10.0,2.0,0.0,0.0,0.0,2023,Aston Villa,6
2022-08-28,Sun,Premier League,Away,D,1.0,1.0,Wolves,P Bankes,21.0,6.0,11.0,10.0,1.0,0.0,2.0,0.0,2023,Newcastle,6
2022-08-28,Sun,Premier League,Home,L,0.0,2.0,Tottenham,C Pawson,17.0,1.0,11.0,13.0,6.0,0.0,1.0,0.0,2023,Nott'm Forest,6
2022-08-28,Sun,Premier League,Away,W,2.0,0.0,Nott'm Forest,C Pawson,18.0,7.0,13.0,11.0,1.0,0.0,6.0,0.0,2023,Tottenham,6
2022-08-28,Sun,Premier League,Away,W,1.0,0.0,Aston Villa,D Coote,7.0,2.0,10.0,10.0,0.0,0.0,2.0,0.0,2023,West Ham,6
2022-08-28,Sun,Premier League,Home,D,1.0,1.0,Newcastle,P Bankes,10.0,4.0,10.0,11.0,2.0,0.0,1.0,0.0,2023,Wolves,6
2022-08-30,Tue,Premier League,Away,D,1.0,1.0,Crystal Palace,S Hooper,9.0,3.0,8.0,11.0,2.0,0.0,1.0,0.0,2023,Brentford,1
2022-08-30,Tue,Premier League,Away,L,1.0,2.0,Fulham,T Bramall,7.0,4.0,11.0,9.0,1.0,0.0,2.0,0.0,2023,Brighton,1
2022-08-30,Tue,Premier League,Away,L,1.0,2.0,Southampton,M Oliver,10.0,4.0,10.0,15.0,1.0,0.0,2.0,0.0,2023,Chelsea,1
2022-08-30,Tue,Premier League,Home,D,1.0,1.0,Brentford,S Hooper,13.0,4.0,11.0,8.0,1.0,0.0,2.0,0.0,2023,Crystal Palace,1
2022-08-30,Tue,Premier League,Away,D,1.0,1.0,Leeds,D England,7.0,2.0,9.0,10.0,3.0,0.0,3.0,0.0,2023,Everton,1
2022-08-30,Tue,Premier League,Home,W,2.0,1.0,Brighton,T Bramall,10.0,3.0,9.0,11.0,2.0,0.0,1.0,0.0,2023,Fulham,1
2022-08-30,Tue,Premier League,Home,D,1.0,1.0,Everton,D England,14.0,5.0,10.0,9.0,3.0,0.0,3.0,0.0,2023,Leeds,1
2022-08-30,Tue,Premier League,Home,W,2.0,1.0,Chelsea,M Oliver,9.0,7.0,15.0,10.0,2.0,0.0,1.0,0.0,2023,Southampton,1
2022-08-31,Wed,Premier League,Home,W,2.0,1.0,Aston Villa,R Jones,22.0,9.0,10.0,14.0,2.0,0.0,3.0,0.0,2023,Arsenal,2
2022-08-31,Wed,Premier League,Away,L,1.0,2.0,Arsenal,R Jones,4.0,3.0,14.0,10.0,3.0,0.0,2.0,0.0,2023,Aston Villa,2
2022-08-31,Wed,Premier League,Home,D,0.0,0.0,Wolves,A Taylor,5.0,2.0,12.0,12.0,2.0,0.0,1.0,0.0,2023,Bournemouth,2
2022-08-31,Wed,Premier League,Home,W,2.0,1.0,Newcastle,A Marriner,23.0,6.0,9.0,10.0,0.0,0.0,2.0,0.0,2023,Liverpool,2
2022-08-31,Wed,Premier League,Home,W,6.0,0.0,Nott'm Forest,P Tierney,17.0,9.0,9.0,7.0,0.0,0.0,1.0,0.0,2023,Man City,2
2022-08-31,Wed,Premier League,Away,L,1.0,2.0,Liverpool,A Marriner,5.0,2.0,10.0,9.0,2.0,0.0,0.0,0.0,2023,Newcastle,2
2022-08-31,Wed,Premier League,Away,L,0.0,6.0,Man City,P Tierney,8.0,1.0,7.0,9.0,1.0,0.0,0.0,0.0,2023,Nott'm Forest,2
2022-08-31,Wed,Premier League,Away,D,1.0,1.0,West Ham,P Bankes,13.0,4.0,9.0,10.0,5.0,0.0,2.0,0.0,2023,Tottenham,2
2022-08-31,Wed,Premier League,Home,D,1.0,1.0,Tottenham,P Bankes,14.0,4.0,10.0,9.0,2.0,0.0,5.0,0.0,2023,West Ham,2
2022-08-31,Wed,Premier League,Away,D,0.0,0.0,Bournemouth,A Taylor,17.0,4.0,12.0,12.0,1.0,0.0,2.0,0.0,2023,Wolves,2
2022-09-01,Thu,Premier League,Home,L,0.0,1.0,Man United,C Pawson,10.0,2.0,7.0,15.0,1.0,0.0,3.0,0.0,2023,Leicester,3
2022-09-01,Thu,Premier League,Away,W,1.0,0.0,Leicester,C Pawson,9.0,2.0,15.0,7.0,3.0,0.0,1.0,0.0,2023,Man United,3
2022-09-03,Sat,Premier League,Home,D,1.0,1.0,Man City,S Hooper,3.0,1.0,7.0,6.0,2.0,0.0,0.0,0.0,2023,Aston Villa,5
2022-09-03,Sat,Premier League,Away,W,3.0,2.0,Nott'm Forest,M Oliver,8.0,3.0,10.0,13.0,1.0,0.0,2.0,0.0,2023,Bournemouth,5
2022-09-03,Sat,Premier League,Home,W,5.0,2.0,Leeds,R Jones,14.0,8.0,8.0,9.0,2.0,0.0,2.0,0.0,2023,Brentford,5
2022-09-03,Sat,Premier League,Home,W,2.0,1.0,West Ham,A Madley,8.0,3.0,6.0,11.0,4.0,0.0,2.0,0.0,2023,Chelsea,5
2022-09-03,Sat,Premier League,Away,D,0.0,0.0,Newcastle,M Salisbury,19.0,9.0,12.0,19.0,1.0,0.0,2.0,0.0,2023,Crystal Palace,5
2022-09-03,Sat,Premier League,Home,D,0.0,0.0,Liverpool,A Taylor,14.0,3.0,7.0,11.0,2.0,0.0,2.0,0.0,2023,Everton,5
2022-09-03,Sat,Premier League,Away,L,1.0,2.0,Tottenham,S Attwell,9.0,3.0,6.0,9.0,4.0,0.0,3.0,0.0,2023,Fulham,5
2022-09-03,Sat,Premier League,Away,L,2.0,5.0,Brentford,R Jones,17.0,6.0,9.0,8.0,2.0,0.0,2.0,0.0,2023,Leeds,5
2022-09-03,Sat,Premier League,Away,D,0.0,0.0,Everton,A Taylor,23.0,8.0,11.0,7.0,2.0,0.0,2.0,0.0,2023,Liverpool,5
2022-09-03,Sat,Premier League,Away,D,1.0,1.0,Aston Villa,S Hooper,13.0,4.0,6.0,7.0,0.0,0.0,2.0,0.0,2023,Man City,5
2022-09-03,Sat,Premier League,Home,D,0.0,0.0,Crystal Palace,M Salisbury,23.0,6.0,19.0,12.0,2.0,0.0,1.0,0.0,2023,Newcastle,5
2022-09-03,Sat,Premier League,Home,L,2.0,3.0,Bournemouth,M Oliver,11.0,3.0,13.0,10.0,2.0,0.0,1.0,0.0,2023,Nott'm Forest,5
2022-09-03,Sat,Premier League,Away,L,0.0,1.0,Wolves,J Brooks,12.0,1.0,14.0,10.0,2.0,0.0,4.0,0.0,2023,Southampton,5
2022-09-03,Sat,Premier League,Home,W,2.0,1.0,Fulham,S Attwell,23.0,10.0,9.0,6.0,3.0,0.0,4.0,0.0,2023,Tottenham,5
2022-09-03,Sat,Premier League,Away,L,1.0,2.0,Chelsea,A Madley,6.0,3.0,11.0,6.0,2.0,0.0,4.0,0.0,2023,West Ham,5
2022-09-03,Sat,Premier League,Home,W,1.0,0.0,Southampton,J Brooks,7.0,2.0,10.0,14.0,4.0,0.0,2.0,0.0,2023,Wolves,5
2022-09-04,Sun,Premier League,Away,L,1.0,3.0,Man United,P Tierney,16.0,3.0,9.0,13.0,3.0,0.0,3.0,0.0,2023,Arsenal,6
2022-09-04,Sun,Premier League,Home,W,5.0,2.0,Leicester,T Harrington,23.0,11.0,6.0,8.0,1.0,0.0,1.0,0.0,2023,Brighton,6
2022-09-04,Sun,Premier League,Away,L,2.0,5.0,Brighton,T Harrington,6.0,4.0,8.0,6.0,1.0,0.0,1.0,0.0,2023,Leicester,6
2022-09-04,Sun,Premier League,Home,W,3.0,1.0,Arsenal,P Tierney,10.0,6.0,13.0,9.0,3.0,0.0,3.0,0.0,2023,Man United,6
2022-09-16,Fri,Premier League,Home,W,1.0,0.0,Southampton,T Harrington,11.0,3.0,13.0,13.0,3.0,0.0,1.0,0.0,2023,Aston Villa,4
2022-09-16,Fri,Premier League,Away,W,3.0,2.0,Nott'm Forest,J Gillett,15.0,7.0,10.0,11.0,4.0,0.0,2.0,0.0,2023,Fulham,4
2022-09-16,Fri,Premier League,Home,L,2.0,3.0,Fulham,J Gillett,11.0,3.0,11.0,10.0,2.0,0.0,4.0,0.0,2023,Nott'm Forest,4
2022-09-16,Fri,Premier League,Away,L,0.0,1.0,Aston Villa,T Harrington,7.0,1.0,13.0,13.0,1.0,0.0,3.0,0.0,2023,Southampton,4
2022-09-17,Sat,Premier League,Away,D,1.0,1.0,Newcastle,C Pawson,10.0,3.0,11.0,10.0,2.0,0.0,2.0,0.0,2023,Bournemouth,5
2022-09-17,Sat,Premier League,Away,L,2.0,6.0,Tottenham,S Hooper,19.0,7.0,9.0,9.0,2.0,0.0,1.0,0.0,2023,Leicester,5
2022-09-17,Sat,Premier League,Away,W,3.0,0.0,Wolves,A Taylor,16.0,7.0,9.0,7.0,1.0,0.0,2.0,1.0,2023,Man City,5
2022-09-17,Sat,Premier League,Home,D,1.0,1.0,Bournemouth,C Pawson,20.0,7.0,10.0,11.0,2.0,0.0,2.0,0.0,2023,Newcastle,5
2022-09-17,Sat,Premier League,Home,W,6.0,2.0,Leicester,S Hooper,16.0,11.0,9.0,9.0,1.0,0.0,2.0,0.0,2023,Tottenham,5
2022-09-17,Sat,Premier League,Home,L,0.0,3.0,Man City,A Taylor,6.0,1.0,7.0,9.0,2.0,1.0,1.0,0.0,2023,Wolves,5
2022-09-18,Sun,Premier League,Away,W,3.0,0.0,Brentford,D Coote,13.0,7.0,10.0,10.0,2.0,0.0,0.0,0.0,2023,Arsenal,6
2022-09-18,Sun,Premier League,Home,L,0.0,3.0,Arsenal,D Coote,5.0,2.0,10.0,10.0,0.0,0.0,2.0,0.0,2023,Brentford,6
2022-09-18,Sun,Premier League,Home,W,1.0,0.0,West Ham,M Oliver,7.0,2.0,8.0,11.0,3.0,0.0,1.0,0.0,2023,Everton,6
2022-09-18,Sun,Premier League,Away,L,0.0,1.0,Everton,M Oliver,14.0,4.0,11.0,8.0,1.0,0.0,3.0,0.0,2023,West Ham,6
2022-10-01,Sat,Premier League,Home,W,3.0,1.0,Tottenham,A Taylor,22.0,9.0,10.0,10.0,2.0,0.0,1.0,1.0,2023,Arsenal,5
2022-10-01,Sat,Premier League,Home,D,0.0,0.0,Brentford,T Bramall,7.0,1.0,11.0,10.0,1.0,0.0,2.0,0.0,2023,Bournemouth,5
2022-10-01,Sat,Premier League,Away,D,0.0,0.0,Bournemouth,T Bramall,13.0,4.0,10.0,11.0,2.0,0.0,1.0,0.0,2023,Brentford,5
2022-10-01,Sat,Premier League,Away,D,3.0,3.0,Liverpool,A Madley,6.0,6.0,13.0,9.0,1.0,0.0,1.0,0.0,2023,Brighton,5
2022-10-01,Sat,Premier League,Away,W,2.0,1.0,Crystal Palace,C Kavanagh,13.0,3.0,13.0,11.0,3.0,0.0,1.0,0.0,2023,Chelsea,5
2022-10-01,Sat,Premier League,Home,L,1.0,2.0,Chelsea,C Kavanagh,7.0,3.0,11.0,13.0,1.0,0.0,3.0,0.0,2023,Crystal Palace,5
2022-10-01,Sat,Premier League,Away,W,2.0,1.0,Southampton,A Marriner,12.0,5.0,10.0,11.0,2.0,0.0,2.0,0.0,2023,Everton,5
2022-10-01,Sat,Premier League,Home,L,1.0,4.0,Newcastle,D England,3.0,1.0,9.0,10.0,2.0,1.0,0.0,0.0,2023,Fulham,5
2022-10-01,Sat,Premier League,Home,D,3.0,3.0,Brighton,A Madley,15.0,7.0,9.0,13.0,1.0,0.0,1.0,0.0,2023,Liverpool,5
2022-10-01,Sat,Premier League,Away,W,4.0,1.0,Fulham,D England,19.0,10.0,10.0,9.0,0.0,0.0,2.0,1.0,2023,Newcastle,5
2022-10-01,Sat,Premier League,Home,L,1.0,2.0,Everton,A Marriner,22.0,6.0,11.0,10.0,2.0,0.0,2.0,0.0,2023,Southampton,5
2022-10-01,Sat,Premier League,Away,L,1.0,3.0,Arsenal,A Taylor,7.0,3.0,10.0,10.0,1.0,1.0,2.0,0.0,2023,Tottenham,5
2022-10-01,Sat,Premier League,Home,W,2.0,0.0,Wolves,P Tierney,18.0,5.0,8.0,6.0,2.0,0.0,2.0,0.0,2023,West Ham,5
2022-10-01,Sat,Premier League,Away,L,0.0,2.0,West Ham,P Tierney,15.0,4.0,6.0,8.0,2.0,0.0,2.0,0.0,2023,Wolves,5
2022-10-02,Sun,Premier League,Away,D,0.0,0.0,Leeds,S Attwell,19.0,7.0,12.0,23.0,2.0,0.0,3.0,1.0,2023,Aston Villa,6
2022-10-02,Sun,Premier League,Home,D,0.0,0.0,Aston Villa,S Attwell,9.0,1.0,23.0,12.0,3.0,1.0,2.0,0.0,2023,Leeds,6
2022-10-02,Sun,Premier League,Home,W,6.0,3.0,Man United,M Oliver,22.0,10.0,3.0,9.0,0.0,0.0,3.0,0.0,2023,Man City,6
2022-10-02,Sun,Premier League,Away,L,3.0,6.0,Man City,M Oliver,12.0,8.0,9.0,3.0,3.0,0.0,0.0,0.0,2023,Man United,6
2022-10-03,Mon,Premier League,Home,W,4.0,0.0,Nott'm Forest,R Jones,17.0,7.0,13.0,12.0,2.0,0.0,4.0,0.0,2023,Leicester,0
2022-10-03,Mon,Premier League,Away,L,0.0,4.0,Leicester,R Jones,10.0,3.0,12.0,13.0,4.0,0.0,2.0,0.0,2023,Nott'm Forest,0
2022-10-08,Sat,Premier League,Home,W,2.0,1.0,Leicester,M Salisbury,10.0,4.0,8.0,16.0,1.0,0.0,2.0,0.0,2023,Bournemouth,5
2022-10-08,Sat,Premier League,Away,L,1.0,5.0,Newcastle,J Brooks,6.0,3.0,9.0,14.0,1.0,0.0,0.0,0.0,2023,Brentford,5
2022-10-08,Sat,Premier League,Home,L,0.0,1.0,Tottenham,T Harrington,14.0,4.0,9.0,14.0,1.0,0.0,2.0,0.0,2023,Brighton,5
2022-10-08,Sat,Premier League,Home,W,3.0,0.0,Wolves,S Hooper,20.0,7.0,8.0,8.0,2.0,0.0,0.0,0.0,2023,Chelsea,5
2022-10-08,Sat,Premier League,Away,L,1.0,2.0,Bournemouth,M Salisbury,9.0,5.0,16.0,8.0,2.0,0.0,1.0,0.0,2023,Leicester,5
2022-10-08,Sat,Premier League,Home,W,4.0,0.0,Southampton,A Madley,21.0,8.0,4.0,8.0,0.0,0.0,1.0,0.0,2023,Man City,5
2022-10-08,Sat,Premier League,Home,W,5.0,1.0,Brentford,J Brooks,16.0,6.0,14.0,9.0,0.0,0.0,1.0,0.0,2023,Newcastle,5
2022-10-08,Sat,Premier League,Away,L,0.0,4.0,Man City,A Madley,5.0,0.0,8.0,4.0,1.0,0.0,0.0,0.0,2023,Southampton,5
2022-10-08,Sat,Premier League,Away,W,1.0,0.0,Brighton,T Harrington,8.0,3.0,14.0,9.0,2.0,0.0,1.0,0.0,2023,Tottenham,5
2022-10-08,Sat,Premier League,Away,L,0.0,3.0,Chelsea,S Hooper,8.0,2.0,8.0,8.0,0.0,0.0,2.0,0.0,2023,Wolves,5
2022-10-09,Sun,Premier League,Home,W,3.0,2.0,Liverpool,M Oliver,11.0,7.0,11.0,11.0,1.0,0.0,2.0,0.0,2023,Arsenal,6
2022-10-09,Sun,Premier League,Home,W,2.0,1.0,Leeds,P Tierney,13.0,5.0,13.0,23.0,3.0,0.0,3.0,0.0,2023,Crystal Palace,6
2022-10-09,Sun,Premier League,Home,L,1.0,2.0,Man United,D Coote,11.0,2.0,7.0,13.0,2.0,0.0,1.0,0.0,2023,Everton,6
2022-10-09,Sun,Premier League,Away,L,1.0,3.0,West Ham,C Kavanagh,8.0,2.0,7.0,9.0,3.0,0.0,1.0,0.0,2023,Fulham,6
2022-10-09,Sun,Premier League,Away,L,1.0,2.0,Crystal Palace,P Tierney,10.0,4.0,23.0,13.0,3.0,0.0,3.0,0.0,2023,Leeds,6
2022-10-09,Sun,Premier League,Away,L,2.0,3.0,Arsenal,M Oliver,8.0,3.0,11.0,11.0,2.0,0.0,1.0,0.0,2023,Liverpool,6
2022-10-09,Sun,Premier League,Away,W,2.0,1.0,Everton,D Coote,12.0,4.0,13.0,7.0,1.0,0.0,2.0,0.0,2023,Man United,6
2022-10-09,Sun,Premier League,Home,W,3.0,1.0,Fulham,C Kavanagh,17.0,8.0,9.0,7.0,1.0,0.0,3.0,0.0,2023,West Ham,6
2022-10-10,Mon,Premier League,Away,D,1.0,1.0,Nott'm Forest,A Taylor,12.0,2.0,19.0,13.0,3.0,0.0,3.0,0.0,2023,Aston Villa,0
2022-10-10,Mon,Premier League,Home,D,1.0,1.0,Aston Villa,A Taylor,6.0,3.0,13.0,19.0,3.0,0.0,3.0,0.0,2023,Nott'm Forest,0
2022-10-14,Fri,Premier League,Home,W,2.0,0.0,Brighton,M Salisbury,7.0,3.0,12.0,15.0,3.0,0.0,1.0,0.0,2023,Brentford,4
2022-10-14,Fri,Premier League,Away,L,0.0,2.0,Brentford,M Salisbury,21.0,7.0,15.0,12.0,1.0,0.0,3.0,0.0,2023,Brighton,4
2022-10-15,Sat,Premier League,Away,D,2.0,2.0,Fulham,G Scott,10.0,6.0,11.0,9.0,0.0,0.0,2.0,0.0,2023,Bournemouth,5
2022-10-15,Sat,Premier League,Away,D,0.0,0.0,Leicester,A Madley,8.0,1.0,13.0,18.0,2.0,0.0,2.0,0.0,2023,Crystal Palace,5
2022-10-15,Sat,Premier League,Away,L,0.0,2.0,Tottenham,P Tierney,4.0,0.0,13.0,12.0,4.0,0.0,1.0,0.0,2023,Everton,5
2022-10-15,Sat,Premier League,Home,D,2.0,2.0,Bournemouth,G Scott,19.0,4.0,9.0,11.0,2.0,0.0,0.0,0.0,2023,Fulham,5
2022-10-15,Sat,Premier League,Home,D,0.0,0.0,Crystal Palace,A Madley,14.0,5.0,18.0,13.0,2.0,0.0,2.0,0.0,2023,Leicester,5
2022-10-15,Sat,Premier League,Away,L,0.0,1.0,Wolves,T Bramall,10.0,2.0,13.0,17.0,2.0,0.0,2.0,0.0,2023,Nott'm Forest,5
2022-10-15,Sat,Premier League,Home,W,2.0,0.0,Everton,P Tierney,21.0,7.0,12.0,13.0,1.0,0.0,4.0,0.0,2023,Tottenham,5
2022-10-15,Sat,Premier League,Home,W,1.0,0.0,Nott'm Forest,T Bramall,9.0,2.0,17.0,13.0,2.0,0.0,2.0,0.0,2023,Wolves,5
2022-10-16,Sun,Premier League,Away,W,1.0,0.0,Leeds,C Kavanagh,9.0,4.0,11.0,10.0,2.0,0.0,0.0,0.0,2023,Arsenal,6
2022-10-16,Sun,Premier League,Home,L,0.0,2.0,Chelsea,R Jones,18.0,7.0,12.0,11.0,0.0,0.0,3.0,0.0,2023,Aston Villa,6
2022-10-16,Sun,Premier League,Away,W,2.0,0.0,Aston Villa,R Jones,8.0,4.0,11.0,12.0,3.0,0.0,0.0,0.0,2023,Chelsea,6
2022-10-16,Sun,Premier League,Home,L,0.0,1.0,Arsenal,C Kavanagh,16.0,4.0,10.0,11.0,0.0,0.0,2.0,0.0,2023,Leeds,6
2022-10-16,Sun,Premier League,Home,W,1.0,0.0,Man City,A Taylor,13.0,2.0,10.0,7.0,3.0,0.0,1.0,0.0,2023,Liverpool,6
2022-10-16,Sun,Premier League,Away,L,0.0,1.0,Liverpool,A Taylor,16.0,6.0,7.0,10.0,1.0,0.0,3.0,0.0,2023,Man City,6
2022-10-16,Sun,Premier League,Home,D,0.0,0.0,Newcastle,C Pawson,15.0,2.0,13.0,11.0,3.0,0.0,1.0,0.0,2023,Man United,6
2022-10-16,Sun,Premier League,Away,D,0.0,0.0,Man United,C Pawson,9.0,2.0,11.0,13.0,1.0,0.0,3.0,0.0,2023,Newcastle,6
2022-10-16,Sun,Premier League,Home,D,1.0,1.0,West Ham,P Bankes,10.0,8.0,7.0,3.0,1.0,0.0,1.0,0.0,2023,Southampton,6
2022-10-16,Sun,Premier League,Away,D,1.0,1.0,Southampton,P Bankes,25.0,4.0,3.0,7.0,1.0,0.0,1.0,0.0,2023,West Ham,6
2022-10-18,Tue,Premier League,Home,D,0.0,0.0,Nott'm Forest,D England,19.0,7.0,10.0,14.0,3.0,0.0,1.0,0.0,2023,Brighton,1
2022-10-18,Tue,Premier League,Home,W,2.0,1.0,Wolves,D Coote,14.0,4.0,14.0,18.0,3.0,0.0,1.0,0.0,2023,Crystal Palace,1
2022-10-18,Tue,Premier League,Away,D,0.0,0.0,Brighton,D England,3.0,0.0,14.0,10.0,1.0,0.0,3.0,0.0,2023,Nott'm Forest,1
2022-10-18,Tue,Premier League,Away,L,1.0,2.0,Crystal Palace,D Coote,10.0,4.0,18.0,14.0,1.0,0.0,3.0,0.0,2023,Wolves,1
2022-10-19,Wed,Premier League,Home,L,0.0,1.0,Southampton,J Brooks,15.0,3.0,8.0,13.0,1.0,0.0,3.0,0.0,2023,Bournemouth,2
2022-10-19,Wed,Premier League,Home,D,0.0,0.0,Chelsea,J Gillett,8.0,5.0,7.0,7.0,0.0,0.0,0.0,0.0,2023,Brentford,2
2022-10-19,Wed,Premier League,Away,D,0.0,0.0,Brentford,J Gillett,14.0,5.0,7.0,7.0,0.0,0.0,0.0,0.0,2023,Chelsea,2
2022-10-19,Wed,Premier League,Away,L,0.0,1.0,Newcastle,T Harrington,1.0,0.0,12.0,9.0,4.0,0.0,2.0,0.0,2023,Everton,2
2022-10-19,Wed,Premier League,Home,W,1.0,0.0,West Ham,S Attwell,22.0,7.0,9.0,8.0,0.0,0.0,0.0,0.0,2023,Liverpool,2
2022-10-19,Wed,Premier League,Home,W,2.0,0.0,Tottenham,S Hooper,28.0,10.0,7.0,7.0,1.0,0.0,0.0,0.0,2023,Man United,2
2022-10-19,Wed,Premier League,Home,W,1.0,0.0,Everton,T Harrington,16.0,4.0,9.0,12.0,2.0,0.0,4.0,0.0,2023,Newcastle,2
2022-10-19,Wed,Premier League,Away,W,1.0,0.0,Bournemouth,J Brooks,9.0,3.0,13.0,8.0,3.0,0.0,1.0,0.0,2023,Southampton,2
2022-10-19,Wed,Premier League,Away,L,0.0,2.0,Man United,S Hooper,9.0,2.0,7.0,7.0,0.0,0.0,1.0,0.0,2023,Tottenham,2
2022-10-19,Wed,Premier League,Away,L,0.0,1.0,Liverpool,S Attwell,8.0,3.0,8.0,9.0,0.0,0.0,0.0,0.0,2023,West Ham,2
2022-10-20,Thu,Premier League,Away,L,0.0,3.0,Fulham,M Oliver,12.0,6.0,11.0,11.0,2.0,1.0,0.0,0.0,2023,Aston Villa,3
2022-10-20,Thu,Premier League,Home,W,3.0,0.0,Aston Villa,M Oliver,18.0,8.0,11.0,11.0,0.0,0.0,2.0,1.0,2023,Fulham,3
2022-10-20,Thu,Premier League,Away,L,0.0,2.0,Leicester,P Bankes,14.0,2.0,11.0,15.0,1.0,0.0,2.0,0.0,2023,Leeds,3
2022-10-20,Thu,Premier League,Home,W,2.0,0.0,Leeds,P Bankes,5.0,1.0,15.0,11.0,2.0,0.0,1.0,0.0,2023,Leicester,3
2022-10-22,Sat,Premier League,Away,L,1.0,3.0,Man City,C Pawson,8.0,2.0,12.0,11.0,3.0,0.0,1.0,0.0,2023,Brighton,5
2022-10-22,Sat,Premier League,Home,D,1.0,1.0,Man United,S Attwell,6.0,2.0,8.0,10.0,1.0,0.0,4.0,0.0,2023,Chelsea,5
2022-10-22,Sat,Premier League,Away,L,0.0,3.0,Everton,S Hooper,9.0,2.0,14.0,16.0,4.0,0.0,3.0,0.0,2023,Crystal Palace,5
2022-10-22,Sat,Premier League,Home,W,3.0,0.0,Crystal Palace,S Hooper,9.0,6.0,16.0,14.0,3.0,0.0,4.0,0.0,2023,Everton,5
2022-10-22,Sat,Premier League,Away,L,0.0,1.0,Nott'm Forest,P Tierney,15.0,7.0,8.0,14.0,1.0,0.0,2.0,0.0,2023,Liverpool,5
2022-10-22,Sat,Premier League,Home,W,3.0,1.0,Brighton,C Pawson,10.0,4.0,11.0,12.0,1.0,0.0,3.0,0.0,2023,Man City,5
2022-10-22,Sat,Premier League,Away,D,1.0,1.0,Chelsea,S Attwell,13.0,6.0,10.0,8.0,4.0,0.0,1.0,0.0,2023,Man United,5
2022-10-22,Sat,Premier League,Home,W,1.0,0.0,Liverpool,P Tierney,10.0,7.0,14.0,8.0,2.0,0.0,1.0,0.0,2023,Nott'm Forest,5
2022-10-23,Sun,Premier League,Away,D,1.0,1.0,Southampton,R Jones,12.0,3.0,8.0,11.0,1.0,0.0,2.0,0.0,2023,Arsenal,6
2022-10-23,Sun,Premier League,Home,W,4.0,0.0,Brentford,D England,19.0,11.0,14.0,11.0,1.0,0.0,0.0,0.0,2023,Aston Villa,6
2022-10-23,Sun,Premier League,Away,L,0.0,4.0,Aston Villa,D England,12.0,3.0,11.0,14.0,0.0,0.0,1.0,0.0,2023,Brentford,6
2022-10-23,Sun,Premier League,Away,W,3.0,2.0,Leeds,A Taylor,11.0,5.0,8.0,12.0,1.0,0.0,1.0,0.0,2023,Fulham,6
2022-10-23,Sun,Premier League,Home,L,2.0,3.0,Fulham,A Taylor,14.0,5.0,12.0,8.0,1.0,0.0,1.0,0.0,2023,Leeds,6
2022-10-23,Sun,Premier League,Away,W,4.0,0.0,Wolves,M Oliver,5.0,4.0,13.0,10.0,1.0,0.0,2.0,0.0,2023,Leicester,6
2022-10-23,Sun,Premier League,Away,W,2.0,1.0,Tottenham,J Gillett,13.0,5.0,6.0,12.0,2.0,0.0,4.0,0.0,2023,Newcastle,6
2022-10-23,Sun,Premier League,Home,D,1.0,1.0,Arsenal,R Jones,10.0,3.0,11.0,8.0,2.0,0.0,1.0,0.0,2023,Southampton,6
2022-10-23,Sun,Premier League,Home,L,1.0,2.0,Newcastle,J Gillett,17.0,5.0,12.0,6.0,4.0,0.0,2.0,0.0,2023,Tottenham,6
2022-10-23,Sun,Premier League,Home,L,0.0,4.0,Leicester,M Oliver,21.0,5.0,10.0,13.0,2.0,0.0,1.0,0.0,2023,Wolves,6
2022-10-24,Mon,Premier League,Away,L,0.0,2.0,West Ham,D Coote,5.0,3.0,11.0,9.0,2.0,0.0,0.0,0.0,2023,Bournemouth,0
2022-10-24,Mon,Premier League,Home,W,2.0,0.0,Bournemouth,D Coote,20.0,4.0,9.0,11.0,0.0,0.0,2.0,0.0,2023,West Ham,0
2022-10-29,Sat,Premier League,Away,L,0.0,4.0,Newcastle,P Tierney,3.0,0.0,11.0,11.0,1.0,0.0,1.0,0.0,2023,Aston Villa,5
2022-10-29,Sat,Premier League,Home,L,2.0,3.0,Tottenham,A Taylor,6.0,4.0,10.0,5.0,1.0,0.0,2.0,0.0,2023,Bournemouth,5
2022-10-29,Sat,Premier League,Home,D,1.0,1.0,Wolves,R Madley,12.0,3.0,10.0,17.0,3.0,0.0,3.0,1.0,2023,Brentford,5
2022-10-29,Sat,Premier League,Home,W,4.0,1.0,Chelsea,A Madley,19.0,9.0,16.0,6.0,1.0,0.0,2.0,0.0,2023,Brighton,5
2022-10-29,Sat,Premier League,Away,L,1.0,4.0,Brighton,A Madley,15.0,7.0,6.0,16.0,2.0,0.0,1.0,0.0,2023,Chelsea,5
2022-10-29,Sat,Premier League,Home,W,1.0,0.0,Southampton,M Salisbury,12.0,3.0,13.0,12.0,3.0,0.0,3.0,0.0,2023,Crystal Palace,5
2022-10-29,Sat,Premier League,Away,D,0.0,0.0,Fulham,J Brooks,9.0,4.0,8.0,10.0,1.0,0.0,2.0,0.0,2023,Everton,5
2022-10-29,Sat,Premier League,Home,D,0.0,0.0,Everton,J Brooks,24.0,6.0,10.0,8.0,2.0,0.0,1.0,0.0,2023,Fulham,5
2022-10-29,Sat,Premier League,Away,W,2.0,1.0,Liverpool,M Oliver,14.0,6.0,3.0,9.0,1.0,0.0,0.0,0.0,2023,Leeds,5
2022-10-29,Sat,Premier League,Home,L,0.0,1.0,Man City,R Jones,10.0,5.0,5.0,10.0,0.0,0.0,0.0,0.0,2023,Leicester,5
2022-10-29,Sat,Premier League,Home,L,1.0,2.0,Leeds,M Oliver,22.0,10.0,9.0,3.0,0.0,0.0,1.0,0.0,2023,Liverpool,5
2022-10-29,Sat,Premier League,Away,W,1.0,0.0,Leicester,R Jones,15.0,5.0,10.0,5.0,0.0,0.0,0.0,0.0,2023,Man City,5
2022-10-29,Sat,Premier League,Home,W,4.0,0.0,Aston Villa,P Tierney,20.0,7.0,11.0,11.0,1.0,0.0,1.0,0.0,2023,Newcastle,5
2022-10-29,Sat,Premier League,Away,L,0.0,1.0,Crystal Palace,M Salisbury,14.0,4.0,12.0,13.0,3.0,0.0,3.0,0.0,2023,Southampton,5
2022-10-29,Sat,Premier League,Away,W,3.0,2.0,Bournemouth,A Taylor,23.0,7.0,5.0,10.0,2.0,0.0,1.0,0.0,2023,Tottenham,5
2022-10-29,Sat,Premier League,Away,D,1.0,1.0,Brentford,R Madley,14.0,4.0,17.0,10.0,3.0,1.0,3.0,0.0,2023,Wolves,5
2022-10-30,Sun,Premier League,Home,W,5.0,0.0,Nott'm Forest,S Hooper,24.0,10.0,9.0,8.0,0.0,0.0,1.0,0.0,2023,Arsenal,6
2022-10-30,Sun,Premier League,Home,W,1.0,0.0,West Ham,C Kavanagh,16.0,3.0,12.0,10.0,1.0,0.0,3.0,0.0,2023,Man United,6
2022-10-30,Sun,Premier League,Away,L,0.0,5.0,Arsenal,S Hooper,5.0,2.0,8.0,9.0,1.0,0.0,0.0,0.0,2023,Nott'm Forest,6
2022-10-30,Sun,Premier League,Away,L,0.0,1.0,Man United,C Kavanagh,13.0,5.0,10.0,12.0,3.0,0.0,1.0,0.0,2023,West Ham,6
2022-11-05,Sat,Premier League,Away,L,3.0,4.0,Leeds,T Harrington,9.0,6.0,10.0,16.0,2.0,0.0,2.0,0.0,2023,Bournemouth,5
2022-11-05,Sat,Premier League,Away,D,2.0,2.0,Nott'm Forest,A Marriner,6.0,2.0,11.0,10.0,2.0,0.0,2.0,0.0,2023,Brentford,5
2022-11-05,Sat,Premier League,Away,W,3.0,2.0,Wolves,G Scott,19.0,8.0,11.0,15.0,0.0,0.0,2.0,1.0,2023,Brighton,5
2022-11-05,Sat,Premier League,Home,L,0.0,2.0,Leicester,D Coote,12.0,2.0,9.0,5.0,0.0,0.0,0.0,0.0,2023,Everton,5
2022-11-05,Sat,Premier League,Away,L,1.0,2.0,Man City,D England,4.0,2.0,11.0,6.0,4.0,0.0,2.0,1.0,2023,Fulham,5
2022-11-05,Sat,Premier League,Home,W,4.0,3.0,Bournemouth,T Harrington,18.0,4.0,16.0,10.0,2.0,0.0,2.0,0.0,2023,Leeds,5
2022-11-05,Sat,Premier League,Away,W,2.0,0.0,Everton,D Coote,22.0,8.0,5.0,9.0,0.0,0.0,0.0,0.0,2023,Leicester,5
2022-11-05,Sat,Premier League,Home,W,2.0,1.0,Fulham,D England,16.0,5.0,6.0,11.0,2.0,1.0,4.0,0.0,2023,Man City,5
2022-11-05,Sat,Premier League,Home,D,2.0,2.0,Brentford,A Marriner,15.0,7.0,10.0,11.0,2.0,0.0,2.0,0.0,2023,Nott'm Forest,5
2022-11-05,Sat,Premier League,Home,L,2.0,3.0,Brighton,G Scott,8.0,5.0,15.0,11.0,2.0,1.0,0.0,0.0,2023,Wolves,5
2022-11-06,Sun,Premier League,Away,W,1.0,0.0,Chelsea,M Oliver,14.0,2.0,13.0,20.0,2.0,0.0,5.0,0.0,2023,Arsenal,6
2022-11-06,Sun,Premier League,Home,W,3.0,1.0,Man United,A Taylor,6.0,4.0,6.0,12.0,3.0,0.0,3.0,0.0,2023,Aston Villa,6
2022-11-06,Sun,Premier League,Home,L,0.0,1.0,Arsenal,M Oliver,5.0,1.0,20.0,13.0,5.0,0.0,2.0,0.0,2023,Chelsea,6
2022-11-06,Sun,Premier League,Away,W,2.0,1.0,West Ham,P Tierney,15.0,6.0,7.0,10.0,1.0,0.0,1.0,0.0,2023,Crystal Palace,6
2022-11-06,Sun,Premier League,Away,W,2.0,1.0,Tottenham,A Madley,13.0,6.0,8.0,10.0,0.0,0.0,0.0,0.0,2023,Liverpool,6
2022-11-06,Sun,Premier League,Away,L,1.0,3.0,Aston Villa,A Taylor,8.0,3.0,12.0,6.0,3.0,0.0,3.0,0.0,2023,Man United,6
2022-11-06,Sun,Premier League,Away,W,4.0,1.0,Southampton,S Attwell,7.0,4.0,10.0,7.0,0.0,0.0,1.0,0.0,2023,Newcastle,6
2022-11-06,Sun,Premier League,Home,L,1.0,4.0,Newcastle,S Attwell,16.0,5.0,7.0,10.0,1.0,0.0,0.0,0.0,2023,Southampton,6
2022-11-06,Sun,Premier League,Home,L,1.0,2.0,Liverpool,A Madley,14.0,5.0,10.0,8.0,0.0,0.0,0.0,0.0,2023,Tottenham,6
2022-11-06,Sun,Premier League,Home,L,1.0,2.0,Crystal Palace,P Tierney,5.0,2.0,10.0,7.0,1.0,0.0,1.0,0.0,2023,West Ham,6
2022-11-12,Sat,Premier League,Away,W,2.0,0.0,Wolves,S Attwell,14.0,4.0,6.0,5.0,2.0,0.0,3.0,0.0,2023,Arsenal,5
2022-11-12,Sat,Premier League,Home,W,3.0,0.0,Everton,C Pawson,16.0,9.0,12.0,8.0,2.0,0.0,0.0,0.0,2023,Bournemouth,5
2022-11-12,Sat,Premier League,Away,W,2.0,1.0,Man City,P Bankes,10.0,8.0,7.0,9.0,2.0,0.0,2.0,0.0,2023,Brentford,5
2022-11-12,Sat,Premier League,Away,L,0.0,1.0,Newcastle,R Jones,5.0,2.0,11.0,14.0,2.0,0.0,3.0,0.0,2023,Chelsea,5
2022-11-12,Sat,Premier League,Away,L,0.0,1.0,Nott'm Forest,J Brooks,8.0,0.0,13.0,11.0,4.0,0.0,1.0,0.0,2023,Crystal Palace,5
2022-11-12,Sat,Premier League,Away,L,0.0,3.0,Bournemouth,C Pawson,15.0,3.0,8.0,12.0,0.0,0.0,2.0,0.0,2023,Everton,5
2022-11-12,Sat,Premier League,Away,L,3.0,4.0,Tottenham,M Salisbury,12.0,5.0,7.0,8.0,1.0,1.0,1.0,0.0,2023,Leeds,5
2022-11-12,Sat,Premier League,Away,W,2.0,0.0,West Ham,J Gillett,9.0,6.0,8.0,9.0,1.0,0.0,3.0,0.0,2023,Leicester,5
2022-11-12,Sat,Premier League,Home,W,3.0,1.0,Southampton,S Hooper,15.0,7.0,8.0,8.0,0.0,0.0,2.0,0.0,2023,Liverpool,5
2022-11-12,Sat,Premier League,Home,L,1.0,2.0,Brentford,P Bankes,29.0,6.0,9.0,7.0,2.0,0.0,2.0,0.0,2023,Man City,5
2022-11-12,Sat,Premier League,Home,W,1.0,0.0,Chelsea,R Jones,10.0,3.0,14.0,11.0,3.0,0.0,2.0,0.0,2023,Newcastle,5
2022-11-12,Sat,Premier League,Home,W,1.0,0.0,Crystal Palace,J Brooks,9.0,2.0,11.0,13.0,1.0,0.0,4.0,0.0,2023,Nott'm Forest,5
2022-11-12,Sat,Premier League,Away,L,1.0,3.0,Liverpool,S Hooper,9.0,5.0,8.0,8.0,2.0,0.0,0.0,0.0,2023,Southampton,5
2022-11-12,Sat,Premier League,Home,W,4.0,3.0,Leeds,M Salisbury,14.0,8.0,8.0,7.0,1.0,0.0,1.0,1.0,2023,Tottenham,5
2022-11-12,Sat,Premier League,Home,L,0.0,2.0,Leicester,J Gillett,18.0,6.0,9.0,8.0,3.0,0.0,1.0,0.0,2023,West Ham,5
2022-11-12,Sat,Premier League,Home,L,0.0,2.0,Arsenal,S Attwell,11.0,2.0,5.0,6.0,3.0,0.0,2.0,0.0,2023,Wolves,5
2022-11-13,Sun,Premier League,Away,W,2.0,1.0,Brighton,C Kavanagh,8.0,2.0,11.0,14.0,7.0,0.0,2.0,0.0,2023,Aston Villa,6
2022-11-13,Sun,Premier League,Home,L,1.0,2.0,Aston Villa,C Kavanagh,7.0,2.0,14.0,11.0,2.0,0.0,7.0,0.0,2023,Brighton,6
2022-11-13,Sun,Premier League,Home,L,1.0,2.0,Man United,P Tierney,14.0,7.0,9.0,10.0,1.0,0.0,1.0,0.0,2023,Fulham,6
2022-11-13,Sun,Premier League,Away,W,2.0,1.0,Fulham,P Tierney,14.0,9.0,10.0,9.0,1.0,0.0,1.0,0.0,2023,Man United,6
2022-12-26,Mon,Premier League,Home,W,3.0,1.0,West Ham,M Oliver,16.0,5.0,13.0,17.0,0.0,0.0,2.0,0.0,2023,Arsenal,0
2022-12-26,Mon,Premier League,Home,L,1.0,3.0,Liverpool,P Tierney,12.0,6.0,7.0,12.0,0.0,0.0,0.0,0.0,2023,Aston Villa,0
2022-12-26,Mon,Premier League,Home,D,2.0,2.0,Tottenham,D Coote,9.0,5.0,11.0,10.0,3.0,0.0,1.0,0.0,2023,Brentford,0
2022-12-26,Mon,Premier League,Away,W,3.0,1.0,Southampton,R Jones,7.0,4.0,10.0,9.0,2.0,0.0,1.0,0.0,2023,Brighton,0
2022-12-26,Mon,Premier League,Home,L,0.0,3.0,Fulham,A Madley,4.0,0.0,12.0,15.0,0.0,2.0,0.0,0.0,2023,Crystal Palace,0
2022-12-26,Mon,Premier League,Home,L,1.0,2.0,Wolves,C Pawson,12.0,6.0,9.0,22.0,1.0,0.0,6.0,0.0,2023,Everton,0
2022-12-26,Mon,Premier League,Away,W,3.0,0.0,Crystal Palace,A Madley,23.0,11.0,15.0,12.0,0.0,0.0,0.0,2.0,2023,Fulham,0
2022-12-26,Mon,Premier League,Home,L,0.0,3.0,Newcastle,J Gillett,8.0,2.0,9.0,6.0,0.0,0.0,0.0,0.0,2023,Leicester,0
2022-12-26,Mon,Premier League,Away,W,3.0,1.0,Aston Villa,P Tierney,16.0,9.0,12.0,7.0,0.0,0.0,0.0,0.0,2023,Liverpool,0
2022-12-26,Mon,Premier League,Away,W,3.0,0.0,Leicester,J Gillett,12.0,5.0,6.0,9.0,0.0,0.0,0.0,0.0,2023,Newcastle,0
2022-12-26,Mon,Premier League,Home,L,1.0,3.0,Brighton,R Jones,14.0,4.0,9.0,10.0,1.0,0.0,2.0,0.0,2023,Southampton,0
2022-12-26,Mon,Premier League,Away,D,2.0,2.0,Brentford,D Coote,16.0,8.0,10.0,11.0,1.0,0.0,3.0,0.0,2023,Tottenham,0
2022-12-26,Mon,Premier League,Away,L,1.0,3.0,Arsenal,M Oliver,8.0,4.0,17.0,13.0,2.0,0.0,0.0,0.0,2023,West Ham,0
2022-12-26,Mon,Premier League,Away,W,2.0,1.0,Everton,C Pawson,7.0,4.0,22.0,9.0,6.0,0.0,1.0,0.0,2023,Wolves,0
2022-12-27,Tue,Premier League,Away,L,0.0,2.0,Chelsea,S Hooper,9.0,4.0,10.0,8.0,0.0,0.0,0.0,0.0,2023,Bournemouth,1
2022-12-27,Tue,Premier League,Home,W,2.0,0.0,Bournemouth,S Hooper,15.0,5.0,8.0,10.0,0.0,0.0,0.0,0.0,2023,Chelsea,1
2022-12-27,Tue,Premier League,Home,W,3.0,0.0,Nott'm Forest,A Taylor,17.0,8.0,13.0,4.0,3.0,0.0,1.0,0.0,2023,Man United,1
2022-12-27,Tue,Premier League,Away,L,0.0,3.0,Man United,A Taylor,8.0,3.0,4.0,13.0,1.0,0.0,3.0,0.0,2023,Nott'm Forest,1
2022-12-28,Wed,Premier League,Home,L,1.0,3.0,Man City,S Attwell,9.0,1.0,11.0,14.0,3.0,0.0,3.0,0.0,2023,Leeds,2
2022-12-28,Wed,Premier League,Away,W,3.0,1.0,Leeds,S Attwell,26.0,9.0,14.0,11.0,3.0,0.0,3.0,0.0,2023,Man City,2
2022-12-30,Fri,Premier League,Away,W,2.0,0.0,West Ham,D England,9.0,6.0,5.0,9.0,0.0,0.0,1.0,0.0,2023,Brentford,4
2022-12-30,Fri,Premier League,Away,L,1.0,2.0,Liverpool,C Pawson,7.0,2.0,15.0,8.0,1.0,0.0,0.0,0.0,2023,Leicester,4
2022-12-30,Fri,Premier League,Home,W,2.0,1.0,Leicester,C Pawson,21.0,5.0,8.0,15.0,0.0,0.0,1.0,0.0,2023,Liverpool,4
2022-12-30,Fri,Premier League,Home,L,0.0,2.0,Brentford,D England,20.0,5.0,9.0,5.0,1.0,0.0,0.0,0.0,2023,West Ham,4
2022-12-31,Sat,Premier League,Away,W,4.0,2.0,Brighton,A Taylor,14.0,7.0,11.0,7.0,3.0,0.0,3.0,0.0,2023,Arsenal,5
2022-12-31,Sat,Premier League,Home,L,0.0,2.0,Crystal Palace,A Marriner,6.0,2.0,17.0,11.0,4.0,0.0,1.0,0.0,2023,Bournemouth,5
2022-12-31,Sat,Premier League,Home,L,2.0,4.0,Arsenal,A Taylor,9.0,5.0,7.0,11.0,3.0,0.0,3.0,0.0,2023,Brighton,5
2022-12-31,Sat,Premier League,Away,W,2.0,0.0,Bournemouth,A Marriner,15.0,6.0,11.0,17.0,1.0,0.0,4.0,0.0,2023,Crystal Palace,5
2022-12-31,Sat,Premier League,Away,D,1.0,1.0,Man City,A Madley,2.0,1.0,14.0,13.0,4.0,0.0,3.0,0.0,2023,Everton,5
2022-12-31,Sat,Premier League,Home,W,2.0,1.0,Southampton,G Scott,8.0,2.0,8.0,13.0,0.0,0.0,1.0,0.0,2023,Fulham,5
2022-12-31,Sat,Premier League,Away,D,0.0,0.0,Newcastle,S Hooper,8.0,1.0,19.0,13.0,5.0,0.0,3.0,0.0,2023,Leeds,5
2022-12-31,Sat,Premier League,Home,D,1.0,1.0,Everton,A Madley,16.0,3.0,13.0,14.0,3.0,0.0,4.0,0.0,2023,Man City,5
2022-12-31,Sat,Premier League,Away,W,1.0,0.0,Wolves,R Jones,16.0,6.0,11.0,11.0,3.0,0.0,1.0,0.0,2023,Man United,5
2022-12-31,Sat,Premier League,Home,D,0.0,0.0,Leeds,S Hooper,16.0,5.0,13.0,19.0,3.0,0.0,5.0,0.0,2023,Newcastle,5
2022-12-31,Sat,Premier League,Away,L,1.0,2.0,Fulham,G Scott,9.0,3.0,13.0,8.0,1.0,0.0,0.0,0.0,2023,Southampton,5
2022-12-31,Sat,Premier League,Home,L,0.0,1.0,Man United,R Jones,10.0,3.0,11.0,11.0,1.0,0.0,3.0,0.0,2023,Wolves,5
2023-01-01,Sun,Premier League,Away,W,2.0,0.0,Tottenham,J Brooks,13.0,4.0,10.0,15.0,3.0,0.0,4.0,0.0,2023,Aston Villa,6
2023-01-01,Sun,Premier League,Away,D,1.0,1.0,Nott'm Forest,P Bankes,7.0,2.0,14.0,16.0,2.0,0.0,2.0,0.0,2023,Chelsea,6
2023-01-01,Sun,Premier League,Home,D,1.0,1.0,Chelsea,P Bankes,12.0,5.0,16.0,14.0,2.0,0.0,2.0,0.0,2023,Nott'm Forest,6
2023-01-01,Sun,Premier League,Home,L,0.0,2.0,Aston Villa,J Brooks,6.0,2.0,15.0,10.0,4.0,0.0,3.0,0.0,2023,Tottenham,6
2023-01-02,Mon,Premier League,Home,W,3.0,1.0,Liverpool,S Attwell,10.0,7.0,5.0,8.0,1.0,0.0,3.0,0.0,2023,Brentford,0
2023-01-02,Mon,Premier League,Away,L,1.0,3.0,Brentford,S Attwell,16.0,6.0,8.0,5.0,3.0,0.0,1.0,0.0,2023,Liverpool,0
2023-01-03,Tue,Premier League,Home,D,0.0,0.0,Newcastle,A Madley,17.0,4.0,10.0,16.0,4.0,0.0,4.0,0.0,2023,Arsenal,1
2023-01-03,Tue,Premier League,Away,L,0.0,3.0,Man United,M Salisbury,7.0,4.0,7.0,13.0,3.0,0.0,0.0,0.0,2023,Bournemouth,1
2023-01-03,Tue,Premier League,Away,W,4.0,1.0,Everton,A Marriner,19.0,8.0,10.0,8.0,1.0,0.0,3.0,0.0,2023,Brighton,1
2023-01-03,Tue,Premier League,Home,L,1.0,4.0,Brighton,A Marriner,10.0,4.0,8.0,10.0,3.0,0.0,1.0,0.0,2023,Everton,1
2023-01-03,Tue,Premier League,Away,W,1.0,0.0,Leicester,D Bond,11.0,2.0,11.0,12.0,6.0,0.0,2.0,0.0,2023,Fulham,1
2023-01-03,Tue,Premier League,Home,L,0.0,1.0,Fulham,D Bond,15.0,6.0,12.0,11.0,2.0,0.0,6.0,0.0,2023,Leicester,1
2023-01-03,Tue,Premier League,Home,W,3.0,0.0,Bournemouth,M Salisbury,18.0,6.0,13.0,7.0,0.0,0.0,3.0,0.0,2023,Man United,1
2023-01-03,Tue,Premier League,Away,D,0.0,0.0,Arsenal,A Madley,8.0,1.0,16.0,10.0,4.0,0.0,4.0,0.0,2023,Newcastle,1
2023-01-04,Wed,Premier League,Home,D,1.0,1.0,Wolves,J Gillett,13.0,4.0,6.0,12.0,1.0,0.0,3.0,0.0,2023,Aston Villa,2
2023-01-04,Wed,Premier League,Home,L,0.0,4.0,Tottenham,M Oliver,19.0,4.0,11.0,8.0,1.0,0.0,2.0,0.0,2023,Crystal Palace,2
2023-01-04,Wed,Premier League,Home,D,2.0,2.0,West Ham,D Coote,14.0,6.0,11.0,18.0,3.0,0.0,1.0,0.0,2023,Leeds,2
2023-01-04,Wed,Premier League,Away,W,1.0,0.0,Southampton,T Bramall,11.0,1.0,17.0,14.0,2.0,0.0,2.0,0.0,2023,Nott'm Forest,2
2023-01-04,Wed,Premier League,Home,L,0.0,1.0,Nott'm Forest,T Bramall,8.0,0.0,14.0,17.0,2.0,0.0,2.0,0.0,2023,Southampton,2
2023-01-04,Wed,Premier League,Away,W,4.0,0.0,Crystal Palace,M Oliver,14.0,6.0,8.0,11.0,2.0,0.0,1.0,0.0,2023,Tottenham,2
2023-01-04,Wed,Premier League,Away,D,2.0,2.0,Leeds,D Coote,15.0,2.0,18.0,11.0,1.0,0.0,3.0,0.0,2023,West Ham,2
2023-01-04,Wed,Premier League,Away,D,1.0,1.0,Aston Villa,J Gillett,10.0,3.0,12.0,6.0,3.0,0.0,1.0,0.0,2023,Wolves,2
2023-01-05,Thu,Premier League,Home,L,0.0,1.0,Man City,P Tierney,8.0,2.0,9.0,9.0,2.0,0.0,0.0,0.0,2023,Chelsea,3
2023-01-05,Thu,Premier League,Away,W,1.0,0.0,Chelsea,P Tierney,12.0,3.0,9.0,9.0,0.0,0.0,2.0,0.0,2023,Man City,3
2023-01-12,Thu,Premier League,Away,L,1.0,2.0,Fulham,D Coote,20.0,10.0,16.0,12.0,3.0,1.0,4.0,0.0,2023,Chelsea,3
2023-01-12,Thu,Premier League,Home,W,2.0,1.0,Chelsea,D Coote,8.0,3.0,12.0,16.0,4.0,0.0,3.0,1.0,2023,Fulham,3
2023-01-13,Fri,Premier League,Home,W,2.0,1.0,Leeds,M Oliver,11.0,5.0,12.0,8.0,2.0,0.0,2.0,0.0,2023,Aston Villa,4
2023-01-13,Fri,Premier League,Away,L,1.0,2.0,Aston Villa,M Oliver,16.0,4.0,8.0,12.0,2.0,0.0,2.0,0.0,2023,Leeds,4
2023-01-14,Sat,Premier League,Away,L,0.0,2.0,Brentford,J Gillett,7.0,2.0,9.0,5.0,1.0,0.0,1.0,0.0,2023,Bournemouth,5
2023-01-14,Sat,Premier League,Home,W,2.0,0.0,Bournemouth,J Gillett,12.0,4.0,5.0,9.0,1.0,0.0,1.0,0.0,2023,Brentford,5
2023-01-14,Sat,Premier League,Home,W,3.0,0.0,Liverpool,D England,16.0,9.0,8.0,15.0,1.0,0.0,3.0,0.0,2023,Brighton,5
2023-01-14,Sat,Premier League,Home,L,1.0,2.0,Southampton,J Brooks,12.0,4.0,7.0,19.0,0.0,0.0,3.0,0.0,2023,Everton,5
2023-01-14,Sat,Premier League,Away,L,0.0,2.0,Nott'm Forest,P Tierney,6.0,1.0,12.0,11.0,2.0,0.0,1.0,0.0,2023,Leicester,5
2023-01-14,Sat,Premier League,Away,L,0.0,3.0,Brighton,D England,6.0,2.0,15.0,8.0,3.0,0.0,1.0,0.0,2023,Liverpool,5
2023-01-14,Sat,Premier League,Away,L,1.0,2.0,Man United,S Attwell,5.0,1.0,5.0,15.0,0.0,0.0,3.0,0.0,2023,Man City,5
2023-01-14,Sat,Premier League,Home,W,2.0,1.0,Man City,S Attwell,8.0,4.0,15.0,5.0,3.0,0.0,0.0,0.0,2023,Man United,5
2023-01-14,Sat,Premier League,Home,W,2.0,0.0,Leicester,P Tierney,15.0,5.0,11.0,12.0,1.0,0.0,2.0,0.0,2023,Nott'm Forest,5
2023-01-14,Sat,Premier League,Away,W,2.0,1.0,Everton,J Brooks,13.0,5.0,19.0,7.0,3.0,0.0,0.0,0.0,2023,Southampton,5
2023-01-14,Sat,Premier League,Away,L,0.0,1.0,Wolves,S Hooper,16.0,4.0,7.0,10.0,2.0,0.0,0.0,0.0,2023,West Ham,5
2023-01-14,Sat,Premier League,Home,W,1.0,0.0,West Ham,S Hooper,17.0,4.0,10.0,7.0,0.0,0.0,2.0,0.0,2023,Wolves,5
2023-01-15,Sun,Premier League,Away,W,2.0,0.0,Tottenham,C Pawson,14.0,5.0,15.0,16.0,2.0,0.0,4.0,0.0,2023,Arsenal,6
2023-01-15,Sun,Premier League,Home,W,1.0,0.0,Crystal Palace,P Bankes,15.0,5.0,10.0,17.0,2.0,0.0,5.0,0.0,2023,Chelsea,6
2023-01-15,Sun,Premier League,Away,L,0.0,1.0,Chelsea,P Bankes,10.0,5.0,17.0,10.0,5.0,0.0,2.0,0.0,2023,Crystal Palace,6
2023-01-15,Sun,Premier League,Away,L,0.0,1.0,Newcastle,R Jones,5.0,0.0,14.0,6.0,3.0,0.0,1.0,0.0,2023,Fulham,6
2023-01-15,Sun,Premier League,Home,W,1.0,0.0,Fulham,R Jones,20.0,5.0,6.0,14.0,1.0,0.0,3.0,0.0,2023,Newcastle,6
2023-01-15,Sun,Premier League,Home,L,0.0,2.0,Arsenal,C Pawson,17.0,7.0,16.0,15.0,4.0,0.0,2.0,0.0,2023,Tottenham,6
2023-01-18,Wed,Premier League,Home,D,1.0,1.0,Man United,R Jones,10.0,5.0,9.0,10.0,1.0,0.0,2.0,0.0,2023,Crystal Palace,2
2023-01-18,Wed,Premier League,Away,D,1.0,1.0,Crystal Palace,R Jones,15.0,4.0,10.0,9.0,2.0,0.0,1.0,0.0,2023,Man United,2
2023-01-19,Thu,Premier League,Home,W,4.0,2.0,Tottenham,S Hooper,16.0,6.0,10.0,14.0,1.0,0.0,2.0,0.0,2023,Man City,3
2023-01-19,Thu,Premier League,Away,L,2.0,4.0,Man City,S Hooper,9.0,3.0,14.0,10.0,2.0,0.0,1.0,0.0,2023,Tottenham,3
2023-01-21,Sat,Premier League,Away,W,1.0,0.0,Southampton,M Salisbury,16.0,5.0,9.0,19.0,2.0,0.0,1.0,0.0,2023,Aston Villa,5
2023-01-21,Sat,Premier League,Home,D,1.0,1.0,Nott'm Forest,A Madley,16.0,4.0,10.0,7.0,1.0,0.0,2.0,0.0,2023,Bournemouth,5
2023-01-21,Sat,Premier League,Away,D,2.0,2.0,Leicester,T Bramall,13.0,4.0,9.0,9.0,1.0,0.0,0.0,0.0,2023,Brighton,5
2023-01-21,Sat,Premier League,Away,D,0.0,0.0,Liverpool,M Oliver,11.0,2.0,9.0,16.0,1.0,0.0,3.0,0.0,2023,Chelsea,5
2023-01-21,Sat,Premier League,Home,D,0.0,0.0,Newcastle,C Pawson,6.0,1.0,13.0,7.0,4.0,0.0,2.0,0.0,2023,Crystal Palace,5
2023-01-21,Sat,Premier League,Away,L,0.0,2.0,West Ham,S Attwell,5.0,2.0,6.0,9.0,1.0,0.0,1.0,0.0,2023,Everton,5
2023-01-21,Sat,Premier League,Home,D,2.0,2.0,Brighton,T Bramall,9.0,2.0,9.0,9.0,0.0,0.0,1.0,0.0,2023,Leicester,5
2023-01-21,Sat,Premier League,Home,D,0.0,0.0,Chelsea,M Oliver,15.0,3.0,16.0,9.0,3.0,0.0,1.0,0.0,2023,Liverpool,5
2023-01-21,Sat,Premier League,Away,D,0.0,0.0,Crystal Palace,C Pawson,16.0,7.0,7.0,13.0,2.0,0.0,4.0,0.0,2023,Newcastle,5
2023-01-21,Sat,Premier League,Away,D,1.0,1.0,Bournemouth,A Madley,20.0,5.0,7.0,10.0,2.0,0.0,1.0,0.0,2023,Nott'm Forest,5
2023-01-21,Sat,Premier League,Home,L,0.0,1.0,Aston Villa,M Salisbury,8.0,5.0,19.0,9.0,1.0,0.0,2.0,0.0,2023,Southampton,5
2023-01-21,Sat,Premier League,Home,W,2.0,0.0,Everton,S Attwell,11.0,4.0,9.0,6.0,1.0,0.0,1.0,0.0,2023,West Ham,5
2023-01-22,Sun,Premier League,Home,W,3.0,2.0,Man United,A Taylor,25.0,5.0,8.0,9.0,1.0,0.0,2.0,0.0,2023,Arsenal,6
2023-01-22,Sun,Premier League,Away,D,0.0,0.0,Leeds,P Bankes,6.0,0.0,18.0,10.0,2.0,0.0,2.0,0.0,2023,Brentford,6
2023-01-22,Sun,Premier League,Home,D,0.0,0.0,Brentford,P Bankes,9.0,5.0,10.0,18.0,2.0,0.0,2.0,0.0,2023,Leeds,6
2023-01-22,Sun,Premier League,Home,W,3.0,0.0,Wolves,D Coote,13.0,7.0,10.0,10.0,1.0,0.0,2.0,0.0,2023,Man City,6
2023-01-22,Sun,Premier League,Away,L,2.0,3.0,Arsenal,A Taylor,6.0,4.0,9.0,8.0,2.0,0.0,1.0,0.0,2023,Man United,6
2023-01-22,Sun,Premier League,Away,L,0.0,3.0,Man City,D Coote,10.0,1.0,10.0,10.0,2.0,0.0,1.0,0.0,2023,Wolves,6
2023-01-23,Mon,Premier League,Home,L,0.0,1.0,Tottenham,P Tierney,10.0,5.0,10.0,10.0,1.0,0.0,3.0,0.0,2023,Fulham,0
2023-01-23,Mon,Premier League,Away,W,1.0,0.0,Fulham,P Tierney,10.0,3.0,10.0,10.0,3.0,0.0,1.0,0.0,2023,Tottenham,0
2023-02-03,Fri,Premier League,Home,D,0.0,0.0,Fulham,S Attwell,12.0,3.0,16.0,12.0,1.0,0.0,4.0,0.0,2023,Chelsea,4
2023-02-03,Fri,Premier League,Away,D,0.0,0.0,Chelsea,S Attwell,10.0,4.0,12.0,16.0,4.0,0.0,1.0,0.0,2023,Fulham,4
2023-02-04,Sat,Premier League,Away,L,0.0,1.0,Everton,D Coote,15.0,3.0,8.0,13.0,1.0,0.0,4.0,0.0,2023,Arsenal,5
2023-02-04,Sat,Premier League,Home,L,2.0,4.0,Leicester,D England,19.0,4.0,10.0,10.0,0.0,0.0,2.0,0.0,2023,Aston Villa,5
2023-02-04,Sat,Premier League,Away,L,0.0,1.0,Brighton,C Pawson,12.0,2.0,7.0,14.0,1.0,0.0,3.0,0.0,2023,Bournemouth,5
2023-02-04,Sat,Premier League,Home,W,3.0,0.0,Southampton,D Bond,14.0,4.0,10.0,9.0,1.0,0.0,2.0,0.0,2023,Brentford,5
2023-02-04,Sat,Premier League,Home,W,1.0,0.0,Bournemouth,C Pawson,20.0,6.0,14.0,7.0,3.0,0.0,1.0,0.0,2023,Brighton,5
2023-02-04,Sat,Premier League,Away,L,1.0,2.0,Man United,A Marriner,10.0,3.0,9.0,9.0,2.0,0.0,1.0,1.0,2023,Crystal Palace,5
2023-02-04,Sat,Premier League,Home,W,1.0,0.0,Arsenal,D Coote,12.0,4.0,13.0,8.0,4.0,0.0,1.0,0.0,2023,Everton,5
2023-02-04,Sat,Premier League,Away,W,4.0,2.0,Aston Villa,D England,9.0,5.0,10.0,10.0,2.0,0.0,0.0,0.0,2023,Leicester,5
2023-02-04,Sat,Premier League,Away,L,0.0,3.0,Wolves,P Tierney,22.0,4.0,7.0,9.0,1.0,0.0,1.0,0.0,2023,Liverpool,5
2023-02-04,Sat,Premier League,Home,W,2.0,1.0,Crystal Palace,A Marriner,14.0,5.0,9.0,9.0,1.0,1.0,2.0,0.0,2023,Man United,5
2023-02-04,Sat,Premier League,Home,D,1.0,1.0,West Ham,P Bankes,8.0,2.0,11.0,13.0,2.0,0.0,1.0,0.0,2023,Newcastle,5
2023-02-04,Sat,Premier League,Away,L,0.0,3.0,Brentford,D Bond,14.0,6.0,9.0,10.0,2.0,0.0,1.0,0.0,2023,Southampton,5
2023-02-04,Sat,Premier League,Away,D,1.0,1.0,Newcastle,P Bankes,10.0,1.0,13.0,11.0,1.0,0.0,2.0,0.0,2023,West Ham,5
2023-02-04,Sat,Premier League,Home,W,3.0,0.0,Liverpool,P Tierney,12.0,6.0,9.0,7.0,1.0,0.0,1.0,0.0,2023,Wolves,5
2023-02-05,Sun,Premier League,Away,L,0.0,1.0,Nott'm Forest,R Jones,10.0,4.0,14.0,15.0,2.0,0.0,4.0,0.0,2023,Leeds,6
2023-02-05,Sun,Premier League,Away,L,0.0,1.0,Tottenham,A Madley,15.0,5.0,14.0,19.0,3.0,0.0,2.0,1.0,2023,Man City,6
2023-02-05,Sun,Premier League,Home,W,1.0,0.0,Leeds,R Jones,6.0,2.0,15.0,14.0,4.0,0.0,2.0,0.0,2023,Nott'm Forest,6
2023-02-05,Sun,Premier League,Home,W,1.0,0.0,Man City,A Madley,12.0,3.0,19.0,14.0,2.0,1.0,3.0,0.0,2023,Tottenham,6
2023-02-08,Wed,Premier League,Away,D,2.0,2.0,Man United,S Hooper,8.0,2.0,11.0,7.0,3.0,0.0,1.0,0.0,2023,Leeds,2
2023-02-08,Wed,Premier League,Home,D,2.0,2.0,Leeds,S Hooper,24.0,7.0,7.0,11.0,1.0,0.0,3.0,0.0,2023,Man United,2
2023-02-11,Sat,Premier League,Home,D,1.0,1.0,Brentford,P Bankes,23.0,7.0,9.0,9.0,0.0,0.0,2.0,0.0,2023,Arsenal,5
2023-02-11,Sat,Premier League,Home,D,1.0,1.0,Newcastle,S Attwell,11.0,5.0,8.0,10.0,2.0,0.0,3.0,0.0,2023,Bournemouth,5
2023-02-11,Sat,Premier League,Away,D,1.0,1.0,Arsenal,P Bankes,9.0,2.0,9.0,9.0,2.0,0.0,0.0,0.0,2023,Brentford,5
2023-02-11,Sat,Premier League,Away,D,1.0,1.0,Crystal Palace,M Oliver,17.0,7.0,11.0,10.0,1.0,0.0,4.0,0.0,2023,Brighton,5
2023-02-11,Sat,Premier League,Away,D,1.0,1.0,West Ham,C Pawson,12.0,4.0,11.0,9.0,1.0,0.0,1.0,0.0,2023,Chelsea,5
2023-02-11,Sat,Premier League,Home,D,1.0,1.0,Brighton,M Oliver,6.0,1.0,10.0,11.0,4.0,0.0,1.0,0.0,2023,Crystal Palace,5
2023-02-11,Sat,Premier League,Home,W,2.0,0.0,Nott'm Forest,A Madley,16.0,3.0,9.0,11.0,0.0,0.0,1.0,0.0,2023,Fulham,5
2023-02-11,Sat,Premier League,Home,W,4.0,1.0,Tottenham,M Salisbury,15.0,7.0,14.0,9.0,5.0,0.0,2.0,0.0,2023,Leicester,5
2023-02-11,Sat,Premier League,Away,D,1.0,1.0,Bournemouth,S Attwell,15.0,7.0,10.0,8.0,3.0,0.0,2.0,0.0,2023,Newcastle,5
2023-02-11,Sat,Premier League,Away,L,0.0,2.0,Fulham,A Madley,10.0,1.0,11.0,9.0,1.0,0.0,0.0,0.0,2023,Nott'm Forest,5
2023-02-11,Sat,Premier League,Home,L,1.0,2.0,Wolves,J Gillett,17.0,2.0,12.0,14.0,2.0,0.0,2.0,1.0,2023,Southampton,5
2023-02-11,Sat,Premier League,Away,L,1.0,4.0,Leicester,M Salisbury,11.0,4.0,9.0,14.0,2.0,0.0,5.0,0.0,2023,Tottenham,5
2023-02-11,Sat,Premier League,Home,D,1.0,1.0,Chelsea,C Pawson,10.0,2.0,9.0,11.0,1.0,0.0,1.0,0.0,2023,West Ham,5
2023-02-11,Sat,Premier League,Away,W,2.0,1.0,Southampton,J Gillett,11.0,2.0,14.0,12.0,2.0,1.0,2.0,0.0,2023,Wolves,5
2023-02-12,Sun,Premier League,Away,L,1.0,3.0,Man City,R Jones,6.0,2.0,14.0,13.0,2.0,0.0,1.0,0.0,2023,Aston Villa,6
2023-02-12,Sun,Premier League,Home,L,0.0,2.0,Man United,P Tierney,16.0,6.0,10.0,13.0,2.0,0.0,1.0,0.0,2023,Leeds,6
2023-02-12,Sun,Premier League,Home,W,3.0,1.0,Aston Villa,R Jones,17.0,9.0,13.0,14.0,1.0,0.0,2.0,0.0,2023,Man City,6
2023-02-12,Sun,Premier League,Away,W,2.0,0.0,Leeds,P Tierney,11.0,5.0,13.0,10.0,1.0,0.0,2.0,0.0,2023,Man United,6
2023-02-13,Mon,Premier League,Away,L,0.0,2.0,Liverpool,S Hooper,6.0,1.0,16.0,8.0,3.0,0.0,1.0,0.0,2023,Everton,0
2023-02-13,Mon,Premier League,Home,W,2.0,0.0,Everton,S Hooper,15.0,6.0,8.0,16.0,1.0,0.0,3.0,0.0,2023,Liverpool,0
2023-02-15,Wed,Premier League,Home,L,1.0,3.0,Man City,A Taylor,10.0,1.0,11.0,15.0,2.0,0.0,3.0,0.0,2023,Arsenal,2
2023-02-15,Wed,Premier League,Away,W,3.0,1.0,Arsenal,A Taylor,9.0,6.0,15.0,11.0,3.0,0.0,2.0,0.0,2023,Man City,2
2023-02-18,Sat,Premier League,Away,W,4.0,2.0,Aston Villa,S Hooper,20.0,5.0,4.0,13.0,1.0,0.0,2.0,0.0,2023,Arsenal,5
2023-02-18,Sat,Premier League,Home,L,2.0,4.0,Arsenal,S Hooper,7.0,5.0,13.0,4.0,2.0,0.0,1.0,0.0,2023,Aston Villa,5
2023-02-18,Sat,Premier League,Away,W,1.0,0.0,Wolves,M Salisbury,5.0,1.0,10.0,12.0,3.0,0.0,3.0,0.0,2023,Bournemouth,5
2023-02-18,Sat,Premier League,Home,D,1.0,1.0,Crystal Palace,P Tierney,12.0,5.0,10.0,8.0,2.0,0.0,2.0,0.0,2023,Brentford,5
2023-02-18,Sat,Premier League,Home,L,0.0,1.0,Fulham,D England,21.0,7.0,12.0,14.0,0.0,0.0,5.0,0.0,2023,Brighton,5
2023-02-18,Sat,Premier League,Home,L,0.0,1.0,Southampton,D Coote,17.0,5.0,16.0,24.0,3.0,0.0,6.0,0.0,2023,Chelsea,5
2023-02-18,Sat,Premier League,Away,D,1.0,1.0,Brentford,P Tierney,10.0,4.0,8.0,10.0,2.0,0.0,2.0,0.0,2023,Crystal Palace,5
2023-02-18,Sat,Premier League,Home,W,1.0,0.0,Leeds,A Madley,15.0,6.0,8.0,6.0,2.0,0.0,3.0,0.0,2023,Everton,5
2023-02-18,Sat,Premier League,Away,W,1.0,0.0,Brighton,D England,5.0,2.0,14.0,12.0,5.0,0.0,0.0,0.0,2023,Fulham,5
2023-02-18,Sat,Premier League,Away,L,0.0,1.0,Everton,A Madley,8.0,0.0,6.0,8.0,3.0,0.0,2.0,0.0,2023,Leeds,5
2023-02-18,Sat,Premier League,Away,W,2.0,0.0,Newcastle,A Taylor,13.0,7.0,8.0,3.0,1.0,0.0,1.0,1.0,2023,Liverpool,5
2023-02-18,Sat,Premier League,Away,D,1.0,1.0,Nott'm Forest,G Scott,26.0,6.0,6.0,8.0,0.0,0.0,1.0,0.0,2023,Man City,5
2023-02-18,Sat,Premier League,Home,L,0.0,2.0,Liverpool,A Taylor,14.0,4.0,3.0,8.0,1.0,1.0,1.0,0.0,2023,Newcastle,5
2023-02-18,Sat,Premier League,Home,D,1.0,1.0,Man City,G Scott,4.0,1.0,8.0,6.0,1.0,0.0,0.0,0.0,2023,Nott'm Forest,5
2023-02-18,Sat,Premier League,Away,W,1.0,0.0,Chelsea,D Coote,8.0,5.0,24.0,16.0,6.0,0.0,3.0,0.0,2023,Southampton,5
2023-02-18,Sat,Premier League,Home,L,0.0,1.0,Bournemouth,M Salisbury,15.0,4.0,12.0,10.0,3.0,0.0,3.0,0.0,2023,Wolves,5
2023-02-19,Sun,Premier League,Away,L,0.0,3.0,Man United,S Attwell,19.0,3.0,9.0,9.0,2.0,0.0,0.0,0.0,2023,Leicester,6
2023-02-19,Sun,Premier League,Home,W,3.0,0.0,Leicester,S Attwell,26.0,8.0,9.0,9.0,0.0,0.0,2.0,0.0,2023,Man United,6
2023-02-19,Sun,Premier League,Home,W,2.0,0.0,West Ham,M Oliver,16.0,6.0,16.0,10.0,2.0,0.0,1.0,0.0,2023,Tottenham,6
2023-02-19,Sun,Premier League,Away,L,0.0,2.0,Tottenham,M Oliver,6.0,1.0,10.0,16.0,1.0,0.0,2.0,0.0,2023,West Ham,6
2023-02-24,Fri,Premier League,Home,D,1.0,1.0,Wolves,M Oliver,10.0,5.0,12.0,17.0,2.0,0.0,0.0,0.0,2023,Fulham,4
2023-02-24,Fri,Premier League,Away,D,1.0,1.0,Fulham,M Oliver,8.0,2.0,17.0,12.0,0.0,0.0,2.0,0.0,2023,Wolves,4
2023-02-25,Sat,Premier League,Away,W,1.0,0.0,Leicester,C Pawson,10.0,2.0,9.0,14.0,1.0,0.0,0.0,0.0,2023,Arsenal,5
2023-02-25,Sat,Premier League,Away,W,2.0,0.0,Everton,A Taylor,9.0,5.0,12.0,12.0,1.0,0.0,2.0,0.0,2023,Aston Villa,5
2023-02-25,Sat,Premier League,Home,L,1.0,4.0,Man City,P Tierney,13.0,2.0,10.0,9.0,2.0,0.0,2.0,0.0,2023,Bournemouth,5
2023-02-25,Sat,Premier League,Home,D,0.0,0.0,Liverpool,D England,6.0,0.0,11.0,14.0,2.0,0.0,5.0,0.0,2023,Crystal Palace,5
2023-02-25,Sat,Premier League,Home,L,0.0,2.0,Aston Villa,A Taylor,15.0,5.0,12.0,12.0,2.0,0.0,1.0,0.0,2023,Everton,5
2023-02-25,Sat,Premier League,Home,W,1.0,0.0,Southampton,P Bankes,14.0,4.0,15.0,13.0,2.0,0.0,4.0,0.0,2023,Leeds,5
2023-02-25,Sat,Premier League,Home,L,0.0,1.0,Arsenal,C Pawson,1.0,0.0,14.0,9.0,0.0,0.0,1.0,0.0,2023,Leicester,5
2023-02-25,Sat,Premier League,Away,D,0.0,0.0,Crystal Palace,D England,12.0,4.0,14.0,11.0,5.0,0.0,2.0,0.0,2023,Liverpool,5
2023-02-25,Sat,Premier League,Away,W,4.0,1.0,Bournemouth,P Tierney,20.0,5.0,9.0,10.0,2.0,0.0,2.0,0.0,2023,Man City,5
2023-02-25,Sat,Premier League,Away,L,0.0,4.0,West Ham,J Gillett,8.0,3.0,5.0,8.0,0.0,0.0,0.0,0.0,2023,Nott'm Forest,5
2023-02-25,Sat,Premier League,Away,L,0.0,1.0,Leeds,P Bankes,8.0,2.0,13.0,15.0,4.0,0.0,2.0,0.0,2023,Southampton,5
2023-02-25,Sat,Premier League,Home,W,4.0,0.0,Nott'm Forest,J Gillett,18.0,5.0,8.0,5.0,0.0,0.0,0.0,0.0,2023,West Ham,5
2023-02-26,Sun,Premier League,Away,L,0.0,2.0,Tottenham,S Attwell,10.0,2.0,10.0,10.0,3.0,0.0,2.0,0.0,2023,Chelsea,6
2023-02-26,Sun,Premier League,Home,W,2.0,0.0,Chelsea,S Attwell,8.0,3.0,10.0,10.0,2.0,0.0,3.0,0.0,2023,Tottenham,6
2023-03-01,Wed,Premier League,Home,W,4.0,0.0,Everton,M Oliver,15.0,5.0,5.0,12.0,0.0,0.0,2.0,0.0,2023,Arsenal,2
2023-03-01,Wed,Premier League,Away,L,0.0,4.0,Arsenal,M Oliver,8.0,5.0,12.0,5.0,2.0,0.0,0.0,0.0,2023,Everton,2
2023-03-01,Wed,Premier League,Home,W,2.0,0.0,Wolves,P Tierney,15.0,6.0,13.0,14.0,2.0,0.0,3.0,0.0,2023,Liverpool,2
2023-03-01,Wed,Premier League,Away,L,0.0,2.0,Liverpool,P Tierney,4.0,1.0,14.0,13.0,3.0,0.0,2.0,0.0,2023,Wolves,2
2023-03-04,Sat,Premier League,Home,W,3.0,2.0,Bournemouth,C Kavanagh,31.0,9.0,6.0,8.0,0.0,0.0,2.0,0.0,2023,Arsenal,5
2023-03-04,Sat,Premier League,Home,W,1.0,0.0,Crystal Palace,C Pawson,8.0,1.0,14.0,17.0,2.0,0.0,3.0,1.0,2023,Aston Villa,5
2023-03-04,Sat,Premier League,Away,L,2.0,3.0,Arsenal,C Kavanagh,4.0,4.0,8.0,6.0,2.0,0.0,0.0,0.0,2023,Bournemouth,5
2023-03-04,Sat,Premier League,Home,W,4.0,0.0,West Ham,S Attwell,20.0,9.0,6.0,8.0,0.0,0.0,3.0,0.0,2023,Brighton,5
2023-03-04,Sat,Premier League,Home,W,1.0,0.0,Leeds,M Oliver,13.0,3.0,10.0,7.0,2.0,0.0,0.0,0.0,2023,Chelsea,5
2023-03-04,Sat,Premier League,Away,L,0.0,1.0,Aston Villa,C Pawson,3.0,0.0,17.0,14.0,3.0,1.0,2.0,0.0,2023,Crystal Palace,5
2023-03-04,Sat,Premier League,Away,L,0.0,1.0,Chelsea,M Oliver,11.0,2.0,7.0,10.0,0.0,0.0,2.0,0.0,2023,Leeds,5
2023-03-04,Sat,Premier League,Away,L,0.0,1.0,Southampton,R Jones,11.0,0.0,11.0,12.0,2.0,0.0,4.0,0.0,2023,Leicester,5
2023-03-04,Sat,Premier League,Home,W,2.0,0.0,Newcastle,S Hooper,11.0,3.0,8.0,13.0,2.0,0.0,4.0,0.0,2023,Man City,5
2023-03-04,Sat,Premier League,Away,L,0.0,2.0,Man City,S Hooper,5.0,2.0,13.0,8.0,4.0,0.0,2.0,0.0,2023,Newcastle,5
2023-03-04,Sat,Premier League,Home,W,1.0,0.0,Leicester,R Jones,11.0,5.0,12.0,11.0,4.0,0.0,2.0,0.0,2023,Southampton,5
2023-03-04,Sat,Premier League,Away,L,0.0,1.0,Wolves,T Robinson,21.0,6.0,18.0,11.0,1.0,0.0,1.0,0.0,2023,Tottenham,5
2023-03-04,Sat,Premier League,Away,L,0.0,4.0,Brighton,S Attwell,3.0,2.0,8.0,6.0,3.0,0.0,0.0,0.0,2023,West Ham,5
2023-03-04,Sat,Premier League,Home,W,1.0,0.0,Tottenham,T Robinson,8.0,5.0,11.0,18.0,1.0,0.0,1.0,0.0,2023,Wolves,5
2023-03-05,Sun,Premier League,Away,D,2.0,2.0,Nott'm Forest,J Brooks,10.0,3.0,17.0,11.0,5.0,0.0,3.0,0.0,2023,Everton,6
2023-03-05,Sun,Premier League,Home,W,7.0,0.0,Man United,A Madley,18.0,8.0,13.0,14.0,2.0,0.0,3.0,0.0,2023,Liverpool,6
2023-03-05,Sun,Premier League,Away,L,0.0,7.0,Liverpool,A Madley,8.0,4.0,14.0,13.0,3.0,0.0,2.0,0.0,2023,Man United,6
2023-03-05,Sun,Premier League,Home,D,2.0,2.0,Everton,J Brooks,10.0,4.0,11.0,17.0,3.0,0.0,5.0,0.0,2023,Nott'm Forest,6
2023-03-06,Mon,Premier League,Home,W,3.0,2.0,Fulham,A Taylor,14.0,6.0,12.0,17.0,0.0,0.0,3.0,0.0,2023,Brentford,0
2023-03-06,Mon,Premier League,Away,L,2.0,3.0,Brentford,A Taylor,9.0,5.0,17.0,12.0,3.0,0.0,0.0,0.0,2023,Fulham,0
2023-03-11,Sat,Premier League,Home,W,1.0,0.0,Liverpool,J Brooks,5.0,2.0,7.0,9.0,2.0,0.0,1.0,0.0,2023,Bournemouth,5
2023-03-11,Sat,Premier League,Away,L,0.0,1.0,Everton,S Hooper,12.0,4.0,12.0,11.0,1.0,0.0,2.0,0.0,2023,Brentford,5
2023-03-11,Sat,Premier League,Away,D,2.0,2.0,Leeds,P Tierney,14.0,2.0,9.0,12.0,1.0,0.0,1.0,0.0,2023,Brighton,5
2023-03-11,Sat,Premier League,Away,W,3.0,1.0,Leicester,A Marriner,12.0,6.0,11.0,10.0,2.0,0.0,1.0,1.0,2023,Chelsea,5
2023-03-11,Sat,Premier League,Home,L,0.0,1.0,Man City,R Jones,4.0,0.0,11.0,17.0,2.0,0.0,2.0,0.0,2023,Crystal Palace,5
2023-03-11,Sat,Premier League,Home,W,1.0,0.0,Brentford,S Hooper,13.0,6.0,11.0,12.0,2.0,0.0,1.0,0.0,2023,Everton,5
2023-03-11,Sat,Premier League,Home,D,2.0,2.0,Brighton,P Tierney,12.0,4.0,12.0,9.0,1.0,0.0,1.0,0.0,2023,Leeds,5
2023-03-11,Sat,Premier League,Home,L,1.0,3.0,Chelsea,A Marriner,17.0,7.0,10.0,11.0,1.0,1.0,2.0,0.0,2023,Leicester,5
2023-03-11,Sat,Premier League,Away,L,0.0,1.0,Bournemouth,J Brooks,15.0,6.0,9.0,7.0,1.0,0.0,2.0,0.0,2023,Liverpool,5
2023-03-11,Sat,Premier League,Away,W,1.0,0.0,Crystal Palace,R Jones,14.0,4.0,17.0,11.0,2.0,0.0,2.0,0.0,2023,Man City,5
2023-03-11,Sat,Premier League,Away,L,1.0,3.0,Tottenham,C Pawson,9.0,5.0,13.0,13.0,1.0,0.0,3.0,0.0,2023,Nott'm Forest,5
2023-03-11,Sat,Premier League,Home,W,3.0,1.0,Nott'm Forest,C Pawson,15.0,7.0,13.0,13.0,3.0,0.0,1.0,0.0,2023,Tottenham,5
2023-03-12,Sun,Premier League,Away,W,3.0,0.0,Fulham,D Coote,15.0,7.0,9.0,10.0,1.0,0.0,0.0,0.0,2023,Arsenal,6
2023-03-12,Sun,Premier League,Away,D,1.0,1.0,West Ham,C Kavanagh,12.0,4.0,6.0,8.0,0.0,0.0,1.0,0.0,2023,Aston Villa,6
2023-03-12,Sun,Premier League,Home,L,0.0,3.0,Arsenal,D Coote,12.0,2.0,10.0,9.0,0.0,0.0,1.0,0.0,2023,Fulham,6
2023-03-12,Sun,Premier League,Home,D,0.0,0.0,Southampton,A Taylor,10.0,4.0,12.0,9.0,2.0,0.0,0.0,0.0,2023,Man United,6
2023-03-12,Sun,Premier League,Home,W,2.0,1.0,Wolves,A Madley,19.0,8.0,11.0,10.0,1.0,0.0,2.0,0.0,2023,Newcastle,6
2023-03-12,Sun,Premier League,Away,D,0.0,0.0,Man United,A Taylor,17.0,4.0,9.0,12.0,0.0,0.0,2.0,0.0,2023,Southampton,6
2023-03-12,Sun,Premier League,Home,D,1.0,1.0,Aston Villa,C Kavanagh,17.0,6.0,8.0,6.0,1.0,0.0,0.0,0.0,2023,West Ham,6
2023-03-12,Sun,Premier League,Away,L,1.0,2.0,Newcastle,A Madley,7.0,4.0,10.0,11.0,2.0,0.0,1.0,0.0,2023,Wolves,6
2023-03-15,Wed,Premier League,Away,W,2.0,0.0,Southampton,M Salisbury,11.0,5.0,10.0,14.0,2.0,0.0,1.0,0.0,2023,Brentford,2
2023-03-15,Wed,Premier League,Home,W,1.0,0.0,Crystal Palace,P Bankes,11.0,5.0,13.0,20.0,1.0,0.0,2.0,0.0,2023,Brighton,2
2023-03-15,Wed,Premier League,Away,L,0.0,1.0,Brighton,P Bankes,11.0,3.0,20.0,13.0,2.0,0.0,1.0,0.0,2023,Crystal Palace,2
2023-03-15,Wed,Premier League,Home,L,0.0,2.0,Brentford,M Salisbury,7.0,1.0,14.0,10.0,1.0,0.0,2.0,0.0,2023,Southampton,2
2023-03-17,Fri,Premier League,Away,W,2.0,1.0,Nott'm Forest,P Tierney,15.0,4.0,9.0,17.0,1.0,0.0,5.0,0.0,2023,Newcastle,4
2023-03-17,Fri,Premier League,Home,L,1.0,2.0,Newcastle,P Tierney,5.0,3.0,17.0,9.0,5.0,0.0,1.0,0.0,2023,Nott'm Forest,4
2023-03-18,Sat,Premier League,Home,W,3.0,0.0,Bournemouth,R Jones,20.0,9.0,8.0,13.0,1.0,0.0,4.0,0.0,2023,Aston Villa,5
2023-03-18,Sat,Premier League,Away,L,0.0,3.0,Aston Villa,R Jones,10.0,3.0,13.0,8.0,4.0,0.0,1.0,0.0,2023,Bournemouth,5
2023-03-18,Sat,Premier League,Home,D,1.0,1.0,Leicester,D Bond,11.0,2.0,10.0,11.0,1.0,1.0,2.0,0.0,2023,Brentford,5
2023-03-18,Sat,Premier League,Home,D,2.0,2.0,Everton,D England,20.0,7.0,8.0,12.0,2.0,0.0,2.0,0.0,2023,Chelsea,5
2023-03-18,Sat,Premier League,Away,D,2.0,2.0,Chelsea,D England,12.0,3.0,12.0,8.0,2.0,0.0,2.0,0.0,2023,Everton,5
2023-03-18,Sat,Premier League,Away,W,4.0,2.0,Wolves,M Salisbury,11.0,4.0,9.0,15.0,5.0,0.0,3.0,1.0,2023,Leeds,5
2023-03-18,Sat,Premier League,Away,D,1.0,1.0,Brentford,D Bond,14.0,1.0,11.0,10.0,2.0,0.0,1.0,1.0,2023,Leicester,5
2023-03-18,Sat,Premier League,Home,D,3.0,3.0,Tottenham,S Hooper,19.0,7.0,13.0,8.0,1.0,0.0,1.0,0.0,2023,Southampton,5
2023-03-18,Sat,Premier League,Away,D,3.0,3.0,Southampton,S Hooper,17.0,3.0,8.0,13.0,1.0,0.0,1.0,0.0,2023,Tottenham,5
2023-03-18,Sat,Premier League,Home,L,2.0,4.0,Leeds,M Salisbury,23.0,8.0,15.0,9.0,3.0,1.0,5.0,0.0,2023,Wolves,5
2023-03-19,Sun,Premier League,Home,W,4.0,1.0,Crystal Palace,S Attwell,15.0,5.0,8.0,10.0,0.0,0.0,1.0,0.0,2023,Arsenal,6
2023-03-19,Sun,Premier League,Away,L,1.0,4.0,Arsenal,S Attwell,8.0,4.0,10.0,8.0,1.0,0.0,0.0,0.0,2023,Crystal Palace,6
2023-04-01,Sat,Premier League,Home,W,4.0,1.0,Leeds,D England,13.0,6.0,11.0,13.0,0.0,0.0,2.0,0.0,2023,Arsenal,5
2023-04-01,Sat,Premier League,Away,W,2.0,0.0,Chelsea,A Madley,5.0,2.0,16.0,14.0,3.0,0.0,3.0,0.0,2023,Aston Villa,5
2023-04-01,Sat,Premier League,Home,W,2.0,1.0,Fulham,P Bankes,12.0,7.0,15.0,13.0,1.0,0.0,4.0,0.0,2023,Bournemouth,5
2023-04-01,Sat,Premier League,Away,D,3.0,3.0,Brighton,M Oliver,7.0,5.0,10.0,16.0,1.0,0.0,2.0,0.0,2023,Brentford,5
2023-04-01,Sat,Premier League,Home,D,3.0,3.0,Brentford,M Oliver,33.0,15.0,16.0,10.0,2.0,0.0,1.0,0.0,2023,Brighton,5
2023-04-01,Sat,Premier League,Home,L,0.0,2.0,Aston Villa,A Madley,27.0,8.0,14.0,16.0,3.0,0.0,3.0,0.0,2023,Chelsea,5
2023-04-01,Sat,Premier League,Home,W,2.0,1.0,Leicester,T Robinson,31.0,9.0,12.0,16.0,3.0,0.0,4.0,0.0,2023,Crystal Palace,5
2023-04-01,Sat,Premier League,Away,L,1.0,2.0,Bournemouth,P Bankes,10.0,2.0,13.0,15.0,4.0,0.0,1.0,0.0,2023,Fulham,5
2023-04-01,Sat,Premier League,Away,L,1.0,4.0,Arsenal,D England,7.0,5.0,13.0,11.0,2.0,0.0,0.0,0.0,2023,Leeds,5
2023-04-01,Sat,Premier League,Away,L,1.0,2.0,Crystal Palace,T Robinson,3.0,2.0,16.0,12.0,4.0,0.0,3.0,0.0,2023,Leicester,5
2023-04-01,Sat,Premier League,Away,L,1.0,4.0,Man City,S Hooper,4.0,1.0,12.0,9.0,1.0,0.0,1.0,0.0,2023,Liverpool,5
2023-04-01,Sat,Premier League,Home,W,4.0,1.0,Liverpool,S Hooper,17.0,8.0,9.0,12.0,1.0,0.0,1.0,0.0,2023,Man City,5
2023-04-01,Sat,Premier League,Home,D,1.0,1.0,Wolves,C Kavanagh,17.0,7.0,14.0,13.0,3.0,0.0,5.0,0.0,2023,Nott'm Forest,5
2023-04-01,Sat,Premier League,Away,D,1.0,1.0,Nott'm Forest,C Kavanagh,8.0,1.0,13.0,14.0,5.0,0.0,3.0,0.0,2023,Wolves,5
2023-04-02,Sun,Premier League,Away,L,0.0,2.0,Newcastle,S Attwell,6.0,1.0,12.0,8.0,0.0,0.0,0.0,0.0,2023,Man United,6
2023-04-02,Sun,Premier League,Home,W,2.0,0.0,Man United,S Attwell,22.0,6.0,8.0,12.0,0.0,0.0,0.0,0.0,2023,Newcastle,6
2023-04-02,Sun,Premier League,Away,L,0.0,1.0,West Ham,P Tierney,9.0,3.0,11.0,10.0,2.0,0.0,0.0,0.0,2023,Southampton,6
2023-04-02,Sun,Premier League,Home,W,1.0,0.0,Southampton,P Tierney,12.0,2.0,10.0,11.0,0.0,0.0,2.0,0.0,2023,West Ham,6
2023-04-03,Mon,Premier League,Home,D,1.0,1.0,Tottenham,D Coote,15.0,6.0,10.0,14.0,0.0,1.0,3.0,1.0,2023,Everton,0
2023-04-03,Mon,Premier League,Away,D,1.0,1.0,Everton,D Coote,8.0,2.0,14.0,10.0,3.0,1.0,0.0,1.0,2023,Tottenham,0
2023-04-04,Tue,Premier League,Away,W,2.0,1.0,Leicester,G Scott,15.0,5.0,14.0,10.0,0.0,0.0,2.0,1.0,2023,Aston Villa,1
2023-04-04,Tue,Premier League,Home,L,0.0,2.0,Brighton,D Bond,14.0,3.0,11.0,5.0,1.0,0.0,1.0,0.0,2023,Bournemouth,1
2023-04-04,Tue,Premier League,Away,W,2.0,0.0,Bournemouth,D Bond,16.0,6.0,5.0,11.0,1.0,0.0,1.0,0.0,2023,Brighton,1
2023-04-04,Tue,Premier League,Home,D,0.0,0.0,Liverpool,A Taylor,12.0,3.0,6.0,17.0,1.0,0.0,4.0,0.0,2023,Chelsea,1
2023-04-04,Tue,Premier League,Home,W,2.0,1.0,Nott'm Forest,R Jones,21.0,6.0,11.0,13.0,1.0,0.0,4.0,0.0,2023,Leeds,1
2023-04-04,Tue,Premier League,Home,L,1.0,2.0,Aston Villa,G Scott,9.0,4.0,10.0,14.0,2.0,1.0,0.0,0.0,2023,Leicester,1
2023-04-04,Tue,Premier League,Away,D,0.0,0.0,Chelsea,A Taylor,7.0,4.0,17.0,6.0,4.0,0.0,1.0,0.0,2023,Liverpool,1
2023-04-04,Tue,Premier League,Away,L,1.0,2.0,Leeds,R Jones,13.0,1.0,13.0,11.0,4.0,0.0,1.0,0.0,2023,Nott'm Forest,1
2023-04-05,Wed,Premier League,Away,L,0.0,1.0,Man United,J Brooks,6.0,1.0,13.0,8.0,2.0,0.0,3.0,0.0,2023,Brentford,2
2023-04-05,Wed,Premier League,Home,W,1.0,0.0,Brentford,J Brooks,18.0,3.0,8.0,13.0,3.0,0.0,2.0,0.0,2023,Man United,2
2023-04-05,Wed,Premier League,Away,W,5.0,1.0,West Ham,C Pawson,15.0,8.0,12.0,11.0,1.0,0.0,2.0,0.0,2023,Newcastle,2
2023-04-05,Wed,Premier League,Home,L,1.0,5.0,Newcastle,C Pawson,7.0,2.0,11.0,12.0,2.0,0.0,1.0,0.0,2023,West Ham,2
2023-04-08,Sat,Premier League,Home,W,2.0,0.0,Nott'm Forest,A Taylor,8.0,3.0,7.0,17.0,3.0,0.0,4.0,0.0,2023,Aston Villa,5
2023-04-08,Sat,Premier League,Away,W,1.0,0.0,Leicester,D Coote,19.0,7.0,13.0,10.0,3.0,0.0,0.0,0.0,2023,Bournemouth,5
2023-04-08,Sat,Premier League,Home,L,1.0,2.0,Newcastle,C Kavanagh,12.0,6.0,10.0,15.0,0.0,0.0,0.0,0.0,2023,Brentford,5
2023-04-08,Sat,Premier League,Away,L,1.0,2.0,Tottenham,S Attwell,17.0,4.0,15.0,15.0,1.0,0.0,3.0,0.0,2023,Brighton,5
2023-04-08,Sat,Premier League,Away,L,0.0,1.0,Wolves,P Bankes,13.0,1.0,10.0,14.0,5.0,0.0,2.0,0.0,2023,Chelsea,5
2023-04-08,Sat,Premier League,Away,L,0.0,2.0,Man United,M Oliver,15.0,1.0,9.0,10.0,0.0,0.0,0.0,0.0,2023,Everton,5
2023-04-08,Sat,Premier League,Home,L,0.0,1.0,West Ham,J Gillett,16.0,3.0,10.0,12.0,1.0,0.0,1.0,0.0,2023,Fulham,5
2023-04-08,Sat,Premier League,Home,L,0.0,1.0,Bournemouth,D Coote,14.0,4.0,10.0,13.0,0.0,0.0,3.0,0.0,2023,Leicester,5
2023-04-08,Sat,Premier League,Away,W,4.0,1.0,Southampton,R Jones,13.0,8.0,10.0,6.0,2.0,0.0,0.0,0.0,2023,Man City,5
2023-04-08,Sat,Premier League,Home,W,2.0,0.0,Everton,M Oliver,29.0,11.0,10.0,9.0,0.0,0.0,0.0,0.0,2023,Man United,5
2023-04-08,Sat,Premier League,Away,W,2.0,1.0,Brentford,C Kavanagh,10.0,4.0,15.0,10.0,0.0,0.0,0.0,0.0,2023,Newcastle,5
2023-04-08,Sat,Premier League,Away,L,0.0,2.0,Aston Villa,A Taylor,6.0,2.0,17.0,7.0,4.0,0.0,3.0,0.0,2023,Nott'm Forest,5
2023-04-08,Sat,Premier League,Home,L,1.0,4.0,Man City,R Jones,4.0,1.0,6.0,10.0,0.0,0.0,2.0,0.0,2023,Southampton,5
2023-04-08,Sat,Premier League,Home,W,2.0,1.0,Brighton,S Attwell,9.0,3.0,15.0,15.0,3.0,0.0,1.0,0.0,2023,Tottenham,5
2023-04-08,Sat,Premier League,Away,W,1.0,0.0,Fulham,J Gillett,9.0,5.0,12.0,10.0,1.0,0.0,1.0,0.0,2023,West Ham,5
2023-04-08,Sat,Premier League,Home,W,1.0,0.0,Chelsea,P Bankes,9.0,4.0,14.0,10.0,2.0,0.0,5.0,0.0,2023,Wolves,5
2023-04-09,Sun,Premier League,Away,D,2.0,2.0,Liverpool,P Tierney,9.0,5.0,11.0,11.0,4.0,0.0,4.0,0.0,2023,Arsenal,6
2023-04-09,Sun,Premier League,Away,W,5.0,1.0,Leeds,S Hooper,16.0,8.0,8.0,11.0,1.0,0.0,3.0,0.0,2023,Crystal Palace,6
2023-04-09,Sun,Premier League,Home,L,1.0,5.0,Crystal Palace,S Hooper,11.0,7.0,11.0,8.0,3.0,0.0,1.0,0.0,2023,Leeds,6
2023-04-09,Sun,Premier League,Home,D,2.0,2.0,Arsenal,P Tierney,21.0,6.0,11.0,11.0,4.0,0.0,4.0,0.0,2023,Liverpool,6
2023-04-15,Sat,Premier League,Home,W,3.0,0.0,Newcastle,J Brooks,16.0,6.0,13.0,15.0,1.0,0.0,1.0,0.0,2023,Aston Villa,5
2023-04-15,Sat,Premier League,Away,W,3.0,2.0,Tottenham,A Madley,6.0,6.0,9.0,8.0,2.0,0.0,1.0,0.0,2023,Bournemouth,5
2023-04-15,Sat,Premier League,Away,L,0.0,2.0,Wolves,P Tierney,10.0,3.0,8.0,12.0,1.0,0.0,1.0,0.0,2023,Brentford,5
2023-04-15,Sat,Premier League,Away,W,2.0,1.0,Chelsea,R Jones,26.0,10.0,11.0,11.0,2.0,0.0,2.0,0.0,2023,Brighton,5
2023-04-15,Sat,Premier League,Home,L,1.0,2.0,Brighton,R Jones,8.0,2.0,11.0,11.0,2.0,0.0,2.0,0.0,2023,Chelsea,5
2023-04-15,Sat,Premier League,Away,W,2.0,0.0,Southampton,M Oliver,9.0,2.0,13.0,6.0,1.0,0.0,3.0,0.0,2023,Crystal Palace,5
2023-04-15,Sat,Premier League,Home,L,1.0,3.0,Fulham,A Taylor,15.0,7.0,10.0,6.0,3.0,0.0,2.0,0.0,2023,Everton,5
2023-04-15,Sat,Premier League,Away,W,3.0,1.0,Everton,A Taylor,21.0,7.0,6.0,10.0,2.0,0.0,3.0,0.0,2023,Fulham,5
2023-04-15,Sat,Premier League,Away,L,1.0,3.0,Man City,D England,10.0,4.0,8.0,8.0,1.0,0.0,1.0,0.0,2023,Leicester,5
2023-04-15,Sat,Premier League,Home,W,3.0,1.0,Leicester,D England,12.0,4.0,8.0,8.0,1.0,0.0,1.0,0.0,2023,Man City,5
2023-04-15,Sat,Premier League,Away,L,0.0,3.0,Aston Villa,J Brooks,8.0,2.0,15.0,13.0,1.0,0.0,1.0,0.0,2023,Newcastle,5
2023-04-15,Sat,Premier League,Home,L,0.0,2.0,Crystal Palace,M Oliver,11.0,4.0,6.0,13.0,3.0,0.0,1.0,0.0,2023,Southampton,5
2023-04-15,Sat,Premier League,Home,L,2.0,3.0,Bournemouth,A Madley,24.0,8.0,8.0,9.0,1.0,0.0,2.0,0.0,2023,Tottenham,5
2023-04-15,Sat,Premier League,Home,W,2.0,0.0,Brentford,P Tierney,11.0,9.0,12.0,8.0,1.0,0.0,1.0,0.0,2023,Wolves,5
2023-04-16,Sun,Premier League,Away,D,2.0,2.0,West Ham,D Coote,11.0,5.0,8.0,11.0,2.0,0.0,1.0,0.0,2023,Arsenal,6
2023-04-16,Sun,Premier League,Away,W,2.0,0.0,Nott'm Forest,S Hooper,22.0,8.0,9.0,9.0,2.0,0.0,2.0,0.0,2023,Man United,6
2023-04-16,Sun,Premier League,Home,L,0.0,2.0,Man United,S Hooper,6.0,0.0,9.0,9.0,2.0,0.0,2.0,0.0,2023,Nott'm Forest,6
2023-04-16,Sun,Premier League,Home,D,2.0,2.0,Arsenal,D Coote,16.0,3.0,11.0,8.0,1.0,0.0,2.0,0.0,2023,West Ham,6
2023-04-17,Mon,Premier League,Home,L,1.0,6.0,Liverpool,C Pawson,13.0,3.0,6.0,12.0,0.0,0.0,1.0,0.0,2023,Leeds,0
2023-04-17,Mon,Premier League,Away,W,6.0,1.0,Leeds,C Pawson,13.0,7.0,12.0,6.0,1.0,0.0,0.0,0.0,2023,Liverpool,0
2023-04-21,Fri,Premier League,Home,D,3.0,3.0,Southampton,S Hooper,25.0,6.0,10.0,14.0,1.0,0.0,5.0,0.0,2023,Arsenal,4
2023-04-21,Fri,Premier League,Away,D,3.0,3.0,Arsenal,S Hooper,8.0,6.0,14.0,10.0,5.0,0.0,1.0,0.0,2023,Southampton,4
2023-04-22,Sat,Premier League,Away,D,1.0,1.0,Brentford,M Salisbury,14.0,2.0,8.0,12.0,2.0,0.0,3.0,0.0,2023,Aston Villa,5
2023-04-22,Sat,Premier League,Home,D,1.0,1.0,Aston Villa,M Salisbury,6.0,5.0,12.0,8.0,3.0,0.0,2.0,0.0,2023,Brentford,5
2023-04-22,Sat,Premier League,Home,D,0.0,0.0,Everton,J Brooks,12.0,2.0,12.0,14.0,1.0,0.0,1.0,1.0,2023,Crystal Palace,5
2023-04-22,Sat,Premier League,Away,D,0.0,0.0,Crystal Palace,J Brooks,10.0,5.0,14.0,12.0,1.0,1.0,1.0,0.0,2023,Everton,5
2023-04-22,Sat,Premier League,Home,W,2.0,1.0,Leeds,P Bankes,12.0,5.0,10.0,15.0,1.0,0.0,4.0,0.0,2023,Fulham,5
2023-04-22,Sat,Premier League,Away,L,1.0,2.0,Fulham,P Bankes,10.0,2.0,15.0,10.0,4.0,0.0,1.0,0.0,2023,Leeds,5
2023-04-22,Sat,Premier League,Home,W,2.0,1.0,Wolves,A Madley,15.0,8.0,17.0,16.0,1.0,0.0,3.0,0.0,2023,Leicester,5
2023-04-22,Sat,Premier League,Home,W,3.0,2.0,Nott'm Forest,M Oliver,18.0,6.0,9.0,12.0,0.0,0.0,1.0,0.0,2023,Liverpool,5
2023-04-22,Sat,Premier League,Away,L,2.0,3.0,Liverpool,M Oliver,11.0,5.0,12.0,9.0,1.0,0.0,0.0,0.0,2023,Nott'm Forest,5
2023-04-22,Sat,Premier League,Away,L,1.0,2.0,Leicester,A Madley,16.0,3.0,16.0,17.0,3.0,0.0,1.0,0.0,2023,Wolves,5
2023-04-23,Sun,Premier League,Home,L,0.0,4.0,West Ham,A Taylor,17.0,5.0,7.0,8.0,1.0,0.0,2.0,0.0,2023,Bournemouth,6
2023-04-23,Sun,Premier League,Home,W,6.0,1.0,Tottenham,D Coote,25.0,8.0,7.0,13.0,0.0,0.0,3.0,0.0,2023,Newcastle,6
2023-04-23,Sun,Premier League,Away,L,1.0,6.0,Newcastle,D Coote,11.0,3.0,13.0,7.0,3.0,0.0,0.0,0.0,2023,Tottenham,6
2023-04-23,Sun,Premier League,Away,W,4.0,0.0,Bournemouth,A Taylor,18.0,10.0,8.0,7.0,2.0,0.0,1.0,0.0,2023,West Ham,6
2023-04-25,Tue,Premier League,Home,W,1.0,0.0,Fulham,T Bramall,14.0,3.0,6.0,18.0,3.0,0.0,2.0,0.0,2023,Aston Villa,1
2023-04-25,Tue,Premier League,Away,L,0.0,2.0,Wolves,R Jones,14.0,4.0,14.0,13.0,4.0,0.0,5.0,0.0,2023,Crystal Palace,1
2023-04-25,Tue,Premier League,Away,L,0.0,1.0,Aston Villa,T Bramall,1.0,0.0,18.0,6.0,2.0,0.0,3.0,0.0,2023,Fulham,1
2023-04-25,Tue,Premier League,Home,D,1.0,1.0,Leicester,P Tierney,13.0,3.0,14.0,15.0,4.0,0.0,2.0,0.0,2023,Leeds,1
2023-04-25,Tue,Premier League,Away,D,1.0,1.0,Leeds,P Tierney,15.0,3.0,15.0,14.0,2.0,0.0,4.0,0.0,2023,Leicester,1
2023-04-25,Tue,Premier League,Home,W,2.0,0.0,Crystal Palace,R Jones,9.0,3.0,13.0,14.0,5.0,0.0,4.0,0.0,2023,Wolves,1
2023-04-26,Wed,Premier League,Away,L,1.0,4.0,Man City,M Oliver,8.0,2.0,13.0,13.0,1.0,0.0,3.0,0.0,2023,Arsenal,2
2023-04-26,Wed,Premier League,Away,W,2.0,0.0,Chelsea,A Madley,7.0,1.0,13.0,5.0,2.0,0.0,1.0,0.0,2023,Brentford,2
2023-04-26,Wed,Premier League,Away,L,1.0,3.0,Nott'm Forest,J Gillett,17.0,7.0,8.0,7.0,0.0,0.0,2.0,0.0,2023,Brighton,2
2023-04-26,Wed,Premier League,Home,L,0.0,2.0,Brentford,A Madley,15.0,4.0,5.0,13.0,1.0,0.0,2.0,0.0,2023,Chelsea,2
2023-04-26,Wed,Premier League,Away,W,2.0,1.0,West Ham,C Kavanagh,20.0,4.0,8.0,6.0,0.0,0.0,0.0,0.0,2023,Liverpool,2
2023-04-26,Wed,Premier League,Home,W,4.0,1.0,Arsenal,M Oliver,14.0,9.0,13.0,13.0,3.0,0.0,1.0,0.0,2023,Man City,2
2023-04-26,Wed,Premier League,Home,W,3.0,1.0,Brighton,J Gillett,12.0,5.0,7.0,8.0,2.0,0.0,0.0,0.0,2023,Nott'm Forest,2
2023-04-26,Wed,Premier League,Home,L,1.0,2.0,Liverpool,C Kavanagh,7.0,2.0,6.0,8.0,0.0,0.0,0.0,0.0,2023,West Ham,2
2023-04-27,Thu,Premier League,Away,W,1.0,0.0,Southampton,D England,16.0,2.0,11.0,9.0,3.0,0.0,0.0,0.0,2023,Bournemouth,3
2023-04-27,Thu,Premier League,Home,L,1.0,4.0,Newcastle,A Marriner,13.0,5.0,8.0,6.0,2.0,0.0,1.0,0.0,2023,Everton,3
2023-04-27,Thu,Premier League,Away,D,2.0,2.0,Tottenham,A Taylor,17.0,8.0,7.0,8.0,2.0,0.0,1.0,0.0,2023,Man United,3
2023-04-27,Thu,Premier League,Away,W,4.0,1.0,Everton,A Marriner,15.0,8.0,6.0,8.0,1.0,0.0,2.0,0.0,2023,Newcastle,3
2023-04-27,Thu,Premier League,Home,L,0.0,1.0,Bournemouth,D England,11.0,2.0,9.0,11.0,0.0,0.0,3.0,0.0,2023,Southampton,3
2023-04-27,Thu,Premier League,Home,D,2.0,2.0,Man United,A Taylor,18.0,7.0,8.0,7.0,1.0,0.0,2.0,0.0,2023,Tottenham,3
2023-04-29,Sat,Premier League,Home,W,2.0,1.0,Nott'm Forest,P Bankes,14.0,8.0,6.0,13.0,1.0,0.0,2.0,0.0,2023,Brentford,5
2023-04-29,Sat,Premier League,Home,W,6.0,0.0,Wolves,D Coote,22.0,8.0,14.0,11.0,1.0,0.0,1.0,0.0,2023,Brighton,5
2023-04-29,Sat,Premier League,Home,W,4.0,3.0,West Ham,C Pawson,16.0,6.0,9.0,17.0,1.0,0.0,2.0,0.0,2023,Crystal Palace,5
2023-04-29,Sat,Premier League,Away,L,1.0,2.0,Brentford,P Bankes,5.0,3.0,13.0,6.0,2.0,0.0,1.0,0.0,2023,Nott'm Forest,5
2023-04-29,Sat,Premier League,Away,L,3.0,4.0,Crystal Palace,C Pawson,8.0,4.0,17.0,9.0,2.0,0.0,1.0,0.0,2023,West Ham,5
2023-04-29,Sat,Premier League,Away,L,0.0,6.0,Brighton,D Coote,10.0,2.0,11.0,14.0,1.0,0.0,1.0,0.0,2023,Wolves,5
2023-04-30,Sun,Premier League,Away,L,0.0,1.0,Man United,J Gillett,7.0,1.0,7.0,16.0,0.0,0.0,2.0,0.0,2023,Aston Villa,6
2023-04-30,Sun,Premier League,Home,W,4.0,1.0,Leeds,C Kavanagh,12.0,7.0,12.0,14.0,1.0,0.0,0.0,0.0,2023,Bournemouth,6
2023-04-30,Sun,Premier League,Home,L,1.0,2.0,Man City,S Hooper,4.0,1.0,9.0,10.0,1.0,0.0,3.0,0.0,2023,Fulham,6
2023-04-30,Sun,Premier League,Away,L,1.0,4.0,Bournemouth,C Kavanagh,15.0,6.0,14.0,12.0,0.0,0.0,1.0,0.0,2023,Leeds,6
2023-04-30,Sun,Premier League,Home,W,4.0,3.0,Tottenham,P Tierney,12.0,4.0,12.0,6.0,3.0,0.0,2.0,0.0,2023,Liverpool,6
2023-04-30,Sun,Premier League,Away,W,2.0,1.0,Fulham,S Hooper,12.0,9.0,10.0,9.0,3.0,0.0,1.0,0.0,2023,Man City,6
2023-04-30,Sun,Premier League,Home,W,1.0,0.0,Aston Villa,J Gillett,14.0,6.0,16.0,7.0,2.0,0.0,0.0,0.0,2023,Man United,6
2023-04-30,Sun,Premier League,Home,W,3.0,1.0,Southampton,A Taylor,22.0,5.0,7.0,10.0,1.0,0.0,4.0,0.0,2023,Newcastle,6
2023-04-30,Sun,Premier League,Away,L,1.0,3.0,Newcastle,A Taylor,4.0,3.0,10.0,7.0,4.0,0.0,1.0,0.0,2023,Southampton,6
2023-04-30,Sun,Premier League,Away,L,3.0,4.0,Liverpool,P Tierney,10.0,7.0,6.0,12.0,2.0,0.0,3.0,0.0,2023,Tottenham,6
2023-05-01,Mon,Premier League,Away,D,2.0,2.0,Leicester,M Oliver,23.0,8.0,12.0,10.0,1.0,0.0,4.0,0.0,2023,Everton,0
2023-05-01,Mon,Premier League,Home,D,2.0,2.0,Everton,M Oliver,15.0,6.0,10.0,12.0,4.0,0.0,1.0,0.0,2023,Leicester,0
2023-05-02,Tue,Premier League,Home,W,3.0,1.0,Chelsea,R Jones,16.0,10.0,10.0,10.0,0.0,0.0,2.0,0.0,2023,Arsenal,1
2023-05-02,Tue,Premier League,Away,L,1.0,3.0,Arsenal,R Jones,7.0,4.0,10.0,10.0,2.0,0.0,0.0,0.0,2023,Chelsea,1
2023-05-03,Wed,Premier League,Away,L,0.0,1.0,Liverpool,S Attwell,9.0,3.0,8.0,10.0,0.0,0.0,0.0,0.0,2023,Fulham,2
2023-05-03,Wed,Premier League,Home,W,1.0,0.0,Fulham,S Attwell,15.0,3.0,10.0,8.0,0.0,0.0,0.0,0.0,2023,Liverpool,2
2023-05-03,Wed,Premier League,Home,W,3.0,0.0,West Ham,J Brooks,16.0,7.0,8.0,8.0,0.0,0.0,1.0,0.0,2023,Man City,2
2023-05-03,Wed,Premier League,Away,L,0.0,3.0,Man City,J Brooks,6.0,2.0,8.0,8.0,1.0,0.0,0.0,0.0,2023,West Ham,2
2023-05-04,Thu,Premier League,Home,W,1.0,0.0,Man United,A Marriner,22.0,6.0,10.0,14.0,4.0,0.0,4.0,0.0,2023,Brighton,3
2023-05-04,Thu,Premier League,Away,L,0.0,1.0,Brighton,A Marriner,16.0,5.0,14.0,10.0,4.0,0.0,4.0,0.0,2023,Man United,3
2023-05-06,Sat,Premier League,Away,L,0.0,1.0,Wolves,S Attwell,16.0,3.0,9.0,20.0,3.0,0.0,3.0,0.0,2023,Aston Villa,5
2023-05-06,Sat,Premier League,Home,L,1.0,3.0,Chelsea,J Brooks,10.0,4.0,9.0,11.0,1.0,0.0,3.0,0.0,2023,Bournemouth,5
2023-05-06,Sat,Premier League,Away,L,0.0,1.0,Liverpool,A Taylor,5.0,1.0,10.0,19.0,2.0,0.0,4.0,0.0,2023,Brentford,5
2023-05-06,Sat,Premier League,Away,W,3.0,1.0,Bournemouth,J Brooks,11.0,5.0,11.0,9.0,3.0,0.0,1.0,0.0,2023,Chelsea,5
2023-05-06,Sat,Premier League,Away,L,0.0,1.0,Tottenham,D England,7.0,2.0,14.0,15.0,5.0,0.0,3.0,0.0,2023,Crystal Palace,5
2023-05-06,Sat,Premier League,Away,L,1.0,2.0,Man City,A Madley,4.0,2.0,16.0,3.0,3.0,0.0,0.0,0.0,2023,Leeds,5
2023-05-06,Sat,Premier League,Home,W,1.0,0.0,Brentford,A Taylor,15.0,5.0,19.0,10.0,4.0,0.0,2.0,0.0,2023,Liverpool,5
2023-05-06,Sat,Premier League,Home,W,2.0,1.0,Leeds,A Madley,18.0,6.0,3.0,16.0,0.0,0.0,3.0,0.0,2023,Man City,5
2023-05-06,Sat,Premier League,Home,W,1.0,0.0,Crystal Palace,D England,8.0,3.0,15.0,14.0,3.0,0.0,5.0,0.0,2023,Tottenham,5
2023-05-06,Sat,Premier League,Home,W,1.0,0.0,Aston Villa,S Attwell,6.0,2.0,20.0,9.0,3.0,0.0,3.0,0.0,2023,Wolves,5
2023-05-07,Sun,Premier League,Away,W,2.0,0.0,Newcastle,C Kavanagh,10.0,6.0,12.0,16.0,1.0,0.0,2.0,0.0,2023,Arsenal,6
2023-05-07,Sun,Premier League,Away,L,0.0,1.0,West Ham,P Bankes,19.0,4.0,9.0,4.0,2.0,0.0,0.0,0.0,2023,Man United,6
2023-05-07,Sun,Premier League,Home,L,0.0,2.0,Arsenal,C Kavanagh,12.0,5.0,16.0,12.0,2.0,0.0,1.0,0.0,2023,Newcastle,6
2023-05-07,Sun,Premier League,Home,W,1.0,0.0,Man United,P Bankes,15.0,4.0,4.0,9.0,0.0,0.0,2.0,0.0,2023,West Ham,6
2023-05-08,Mon,Premier League,Home,L,1.0,5.0,Everton,S Hooper,23.0,5.0,11.0,13.0,1.0,0.0,5.0,0.0,2023,Brighton,0
2023-05-08,Mon,Premier League,Away,W,5.0,1.0,Brighton,S Hooper,10.0,5.0,13.0,11.0,5.0,0.0,1.0,0.0,2023,Everton,0
2023-05-08,Mon,Premier League,Home,W,5.0,3.0,Leicester,R Jones,17.0,7.0,13.0,15.0,0.0,0.0,3.0,0.0,2023,Fulham,0
2023-05-08,Mon,Premier League,Away,L,3.0,5.0,Fulham,R Jones,18.0,9.0,15.0,13.0,3.0,0.0,0.0,0.0,2023,Leicester,0
2023-05-08,Mon,Premier League,Home,W,4.0,3.0,Southampton,M Oliver,9.0,4.0,16.0,10.0,1.0,0.0,0.0,0.0,2023,Nott'm Forest,0
2023-05-08,Mon,Premier League,Away,L,3.0,4.0,Nott'm Forest,M Oliver,19.0,5.0,10.0,16.0,0.0,0.0,1.0,0.0,2023,Southampton,0
2023-05-13,Sat,Premier League,Home,W,2.0,1.0,Tottenham,P Bankes,8.0,4.0,9.0,14.0,3.0,0.0,3.0,0.0,2023,Aston Villa,5
2023-05-13,Sat,Premier League,Away,L,0.0,2.0,Crystal Palace,M Salisbury,5.0,0.0,12.0,5.0,2.0,0.0,0.0,0.0,2023,Bournemouth,5
2023-05-13,Sat,Premier League,Home,D,2.0,2.0,Nott'm Forest,P Tierney,14.0,6.0,13.0,15.0,3.0,0.0,1.0,0.0,2023,Chelsea,5
2023-05-13,Sat,Premier League,Home,W,2.0,0.0,Bournemouth,M Salisbury,17.0,5.0,5.0,12.0,0.0,0.0,2.0,0.0,2023,Crystal Palace,5
2023-05-13,Sat,Premier League,Away,W,2.0,0.0,Southampton,T Bramall,9.0,4.0,12.0,17.0,0.0,0.0,2.0,0.0,2023,Fulham,5
2023-05-13,Sat,Premier League,Home,D,2.0,2.0,Newcastle,S Hooper,9.0,4.0,16.0,14.0,3.0,1.0,2.0,0.0,2023,Leeds,5
2023-05-13,Sat,Premier League,Home,W,2.0,0.0,Wolves,J Brooks,27.0,9.0,9.0,9.0,3.0,0.0,2.0,0.0,2023,Man United,5
2023-05-13,Sat,Premier League,Away,D,2.0,2.0,Leeds,S Hooper,18.0,5.0,14.0,16.0,2.0,0.0,3.0,1.0,2023,Newcastle,5
2023-05-13,Sat,Premier League,Away,D,2.0,2.0,Chelsea,P Tierney,11.0,2.0,15.0,13.0,1.0,0.0,3.0,0.0,2023,Nott'm Forest,5
2023-05-13,Sat,Premier League,Home,L,0.0,2.0,Fulham,T Bramall,5.0,1.0,17.0,12.0,2.0,0.0,0.0,0.0,2023,Southampton,5
2023-05-13,Sat,Premier League,Away,L,1.0,2.0,Aston Villa,P Bankes,5.0,2.0,14.0,9.0,3.0,0.0,3.0,0.0,2023,Tottenham,5
2023-05-13,Sat,Premier League,Away,L,0.0,2.0,Man United,J Brooks,5.0,0.0,9.0,9.0,2.0,0.0,3.0,0.0,2023,Wolves,5
2023-05-14,Sun,Premier League,Home,L,0.0,3.0,Brighton,A Madley,14.0,2.0,13.0,17.0,1.0,0.0,2.0,0.0,2023,Arsenal,6
2023-05-14,Sun,Premier League,Home,W,2.0,0.0,West Ham,M Oliver,24.0,10.0,5.0,5.0,1.0,0.0,0.0,0.0,2023,Brentford,6
2023-05-14,Sun,Premier League,Away,W,3.0,0.0,Arsenal,A Madley,12.0,6.0,17.0,13.0,2.0,0.0,1.0,0.0,2023,Brighton,6
2023-05-14,Sun,Premier League,Home,L,0.0,3.0,Man City,A Taylor,7.0,3.0,12.0,4.0,1.0,0.0,0.0,0.0,2023,Everton,6
2023-05-14,Sun,Premier League,Away,W,3.0,0.0,Everton,A Taylor,9.0,4.0,4.0,12.0,0.0,0.0,1.0,0.0,2023,Man City,6
2023-05-14,Sun,Premier League,Away,L,0.0,2.0,Brentford,M Oliver,4.0,4.0,5.0,5.0,0.0,0.0,1.0,0.0,2023,West Ham,6
2023-05-15,Mon,Premier League,Home,L,0.0,3.0,Liverpool,C Pawson,4.0,4.0,11.0,17.0,2.0,0.0,1.0,0.0,2023,Leicester,0
2023-05-15,Mon,Premier League,Away,W,3.0,0.0,Leicester,C Pawson,16.0,5.0,17.0,11.0,1.0,0.0,2.0,0.0,2023,Liverpool,0
2023-05-18,Thu,Premier League,Away,L,1.0,4.0,Newcastle,R Jones,8.0,2.0,16.0,17.0,4.0,0.0,2.0,0.0,2023,Brighton,3
2023-05-18,Thu,Premier League,Home,W,4.0,1.0,Brighton,R Jones,22.0,9.0,17.0,16.0,2.0,0.0,4.0,0.0,2023,Newcastle,3
2023-05-20,Sat,Premier League,Away,L,0.0,1.0,Nott'm Forest,A Taylor,11.0,3.0,12.0,11.0,2.0,0.0,3.0,0.0,2023,Arsenal,5
2023-05-20,Sat,Premier League,Away,D,1.0,1.0,Liverpool,J Brooks,6.0,3.0,13.0,16.0,5.0,0.0,3.0,0.0,2023,Aston Villa,5
2023-05-20,Sat,Premier League,Home,L,0.0,1.0,Man United,C Kavanagh,10.0,4.0,6.0,7.0,1.0,0.0,0.0,0.0,2023,Bournemouth,5
2023-05-20,Sat,Premier League,Away,W,3.0,1.0,Tottenham,J Gillett,11.0,4.0,9.0,11.0,1.0,0.0,1.0,0.0,2023,Brentford,5
2023-05-20,Sat,Premier League,Away,D,2.0,2.0,Fulham,J Smith,11.0,5.0,12.0,13.0,0.0,0.0,3.0,0.0,2023,Crystal Palace,5
2023-05-20,Sat,Premier League,Away,D,1.0,1.0,Wolves,D Coote,19.0,4.0,10.0,18.0,1.0,0.0,5.0,0.0,2023,Everton,5
2023-05-20,Sat,Premier League,Home,D,2.0,2.0,Crystal Palace,J Smith,11.0,4.0,13.0,12.0,3.0,0.0,0.0,0.0,2023,Fulham,5
2023-05-20,Sat,Premier League,Home,D,1.0,1.0,Aston Villa,J Brooks,10.0,5.0,16.0,13.0,3.0,0.0,5.0,0.0,2023,Liverpool,5
2023-05-20,Sat,Premier League,Away,W,1.0,0.0,Bournemouth,C Kavanagh,20.0,5.0,7.0,6.0,0.0,0.0,1.0,0.0,2023,Man United,5
2023-05-20,Sat,Premier League,Home,W,1.0,0.0,Arsenal,A Taylor,6.0,2.0,11.0,12.0,3.0,0.0,2.0,0.0,2023,Nott'm Forest,5
2023-05-20,Sat,Premier League,Home,L,1.0,3.0,Brentford,J Gillett,22.0,8.0,11.0,9.0,1.0,0.0,1.0,0.0,2023,Tottenham,5
2023-05-20,Sat,Premier League,Home,D,1.0,1.0,Everton,D Coote,13.0,5.0,18.0,10.0,5.0,0.0,1.0,0.0,2023,Wolves,5
2023-05-21,Sun,Premier League,Home,W,3.0,1.0,Southampton,P Tierney,26.0,8.0,8.0,9.0,2.0,0.0,5.0,0.0,2023,Brighton,6
2023-05-21,Sun,Premier League,Away,L,0.0,1.0,Man City,M Oliver,13.0,6.0,9.0,12.0,2.0,0.0,0.0,0.0,2023,Chelsea,6
2023-05-21,Sun,Premier League,Away,L,1.0,3.0,West Ham,P Bankes,12.0,3.0,11.0,6.0,3.0,0.0,1.0,0.0,2023,Leeds,6
2023-05-21,Sun,Premier League,Home,W,1.0,0.0,Chelsea,M Oliver,15.0,2.0,12.0,9.0,0.0,0.0,2.0,0.0,2023,Man City,6
2023-05-21,Sun,Premier League,Away,L,1.0,3.0,Brighton,P Tierney,5.0,1.0,9.0,8.0,5.0,0.0,2.0,0.0,2023,Southampton,6
2023-05-21,Sun,Premier League,Home,W,3.0,1.0,Leeds,P Bankes,19.0,9.0,6.0,11.0,1.0,0.0,3.0,0.0,2023,West Ham,6
2023-05-22,Mon,Premier League,Away,D,0.0,0.0,Newcastle,A Marriner,1.0,1.0,5.0,9.0,0.0,0.0,2.0,0.0,2023,Leicester,0
2023-05-22,Mon,Premier League,Home,D,0.0,0.0,Leicester,A Marriner,23.0,4.0,9.0,5.0,2.0,0.0,0.0,0.0,2023,Newcastle,0
2023-05-24,Wed,Premier League,Home,D,1.0,1.0,Man City,S Hooper,20.0,7.0,16.0,11.0,2.0,0.0,1.0,0.0,2023,Brighton,2
2023-05-24,Wed,Premier League,Away,D,1.0,1.0,Brighton,S Hooper,13.0,4.0,11.0,16.0,1.0,0.0,2.0,0.0,2023,Man City,2
2023-05-25,Thu,Premier League,Away,L,1.0,4.0,Man United,S Attwell,14.0,5.0,6.0,12.0,1.0,0.0,1.0,0.0,2023,Chelsea,3
2023-05-25,Thu,Premier League,Home,W,4.0,1.0,Chelsea,S Attwell,18.0,9.0,12.0,6.0,1.0,0.0,1.0,0.0,2023,Man United,3
2023-05-28,Sun,Premier League,Home,W,5.0,0.0,Wolves,A Marriner,14.0,8.0,8.0,11.0,0.0,0.0,0.0,0.0,2023,Arsenal,6
2023-05-28,Sun,Premier League,Home,W,2.0,1.0,Brighton,D Coote,12.0,5.0,15.0,16.0,4.0,0.0,4.0,0.0,2023,Aston Villa,6
2023-05-28,Sun,Premier League,Away,L,0.0,1.0,Everton,S Attwell,7.0,2.0,12.0,11.0,3.0,0.0,1.0,0.0,2023,Bournemouth,6
2023-05-28,Sun,Premier League,Home,W,1.0,0.0,Man City,J Brooks,11.0,4.0,12.0,8.0,4.0,0.0,0.0,0.0,2023,Brentford,6
2023-05-28,Sun,Premier League,Away,L,1.0,2.0,Aston Villa,D Coote,8.0,4.0,16.0,15.0,4.0,0.0,4.0,0.0,2023,Brighton,6
2023-05-28,Sun,Premier League,Home,D,1.0,1.0,Newcastle,J Gillett,22.0,5.0,9.0,11.0,0.0,0.0,0.0,0.0,2023,Chelsea,6
2023-05-28,Sun,Premier League,Home,D,1.0,1.0,Nott'm Forest,T Bramall,16.0,4.0,9.0,13.0,0.0,0.0,2.0,0.0,2023,Crystal Palace,6
2023-05-28,Sun,Premier League,Home,W,1.0,0.0,Bournemouth,S Attwell,13.0,6.0,11.0,12.0,1.0,0.0,3.0,0.0,2023,Everton,6
2023-05-28,Sun,Premier League,Away,L,1.0,2.0,Man United,R Jones,10.0,3.0,10.0,14.0,2.0,0.0,1.0,0.0,2023,Fulham,6
2023-05-28,Sun,Premier League,Home,L,1.0,4.0,Tottenham,A Taylor,19.0,2.0,7.0,5.0,3.0,0.0,0.0,0.0,2023,Leeds,6
2023-05-28,Sun,Premier League,Home,W,2.0,1.0,West Ham,S Hooper,13.0,4.0,8.0,10.0,1.0,0.0,1.0,0.0,2023,Leicester,6
2023-05-28,Sun,Premier League,Away,D,4.0,4.0,Southampton,D England,30.0,8.0,10.0,4.0,2.0,0.0,0.0,0.0,2023,Liverpool,6
2023-05-28,Sun,Premier League,Away,L,0.0,1.0,Brentford,J Brooks,17.0,3.0,8.0,12.0,0.0,0.0,4.0,0.0,2023,Man City,6
2023-05-28,Sun,Premier League,Home,W,2.0,1.0,Fulham,R Jones,21.0,8.0,14.0,10.0,1.0,0.0,2.0,0.0,2023,Man United,6
2023-05-28,Sun,Premier League,Away,D,1.0,1.0,Chelsea,J Gillett,13.0,4.0,11.0,9.0,0.0,0.0,0.0,0.0,2023,Newcastle,6
2023-05-28,Sun,Premier League,Away,D,1.0,1.0,Crystal Palace,T Bramall,7.0,4.0,13.0,9.0,2.0,0.0,0.0,0.0,2023,Nott'm Forest,6
2023-05-28,Sun,Premier League,Home,D,4.0,4.0,Liverpool,D England,15.0,10.0,4.0,10.0,0.0,0.0,2.0,0.0,2023,Southampton,6
2023-05-28,Sun,Premier League,Away,W,4.0,1.0,Leeds,A Taylor,11.0,7.0,5.0,7.0,0.0,0.0,3.0,0.0,2023,Tottenham,6
2023-05-28,Sun,Premier League,Away,L,1.0,2.0,Leicester,S Hooper,16.0,3.0,10.0,8.0,1.0,0.0,1.0,0.0,2023,West Ham,6
2023-05-28,Sun,Premier League,Away,L,0.0,5.0,Arsenal,A Marriner,6.0,0.0,11.0,8.0,0.0,0.0,0.0,0.0,2023,Wolves,6
2023-08-11,Fri,Premier League,Home,L,0.0,3.0,Man City,C Pawson,6.0,1.0,11.0,8.0,0.0,1.0,0.0,0.0,2024,Burnley,4
2023-08-11,Fri,Premier League,Away,W,3.0,0.0,Burnley,C Pawson,17.0,8.0,8.0,11.0,0.0,0.0,0.0,1.0,2024,Man City,4
2023-08-12,Sat,Premier League,Home,W,2.0,1.0,Nott'm Forest,M Oliver,15.0,7.0,12.0,12.0,2.0,0.0,2.0,0.0,2024,Arsenal,5
2023-08-12,Sat,Premier League,Away,L,1.0,5.0,Newcastle,A Madley,16.0,6.0,17.0,12.0,4.0,0.0,4.0,0.0,2024,Aston Villa,5
2023-08-12,Sat,Premier League,Home,D,1.0,1.0,West Ham,P Bankes,14.0,5.0,9.0,14.0,1.0,0.0,4.0,0.0,2024,Bournemouth,5
2023-08-12,Sat,Premier League,Home,W,4.0,1.0,Luton,D Coote,27.0,12.0,11.0,12.0,2.0,0.0,2.0,0.0,2024,Brighton,5
2023-08-12,Sat,Premier League,Away,W,1.0,0.0,Sheffield United,J Brooks,24.0,8.0,11.0,18.0,0.0,0.0,3.0,0.0,2024,Crystal Palace,5
2023-08-12,Sat,Premier League,Home,L,0.0,1.0,Fulham,S Attwell,19.0,9.0,12.0,6.0,0.0,0.0,2.0,0.0,2024,Everton,5
2023-08-12,Sat,Premier League,Away,W,1.0,0.0,Everton,S Attwell,9.0,2.0,6.0,12.0,2.0,0.0,0.0,0.0,2024,Fulham,5
2023-08-12,Sat,Premier League,Away,L,1.0,4.0,Brighton,D Coote,9.0,3.0,12.0,11.0,2.0,0.0,2.0,0.0,2024,Luton,5
2023-08-12,Sat,Premier League,Home,W,5.0,1.0,Aston Villa,A Madley,17.0,13.0,12.0,17.0,4.0,0.0,4.0,0.0,2024,Newcastle,5
2023-08-12,Sat,Premier League,Away,L,1.0,2.0,Arsenal,M Oliver,6.0,2.0,12.0,12.0,2.0,0.0,2.0,0.0,2024,Nott'm Forest,5
2023-08-12,Sat,Premier League,Home,L,0.0,1.0,Crystal Palace,J Brooks,8.0,1.0,18.0,11.0,3.0,0.0,0.0,0.0,2024,Sheffield United,5
2023-08-12,Sat,Premier League,Away,D,1.0,1.0,Bournemouth,P Bankes,16.0,3.0,14.0,9.0,4.0,0.0,1.0,0.0,2024,West Ham,5
2023-08-13,Sun,Premier League,Home,D,2.0,2.0,Tottenham,R Jones,11.0,6.0,12.0,13.0,1.0,0.0,4.0,0.0,2024,Brentford,6
2023-08-13,Sun,Premier League,Home,D,1.0,1.0,Liverpool,A Taylor,10.0,4.0,5.0,12.0,3.0,0.0,3.0,0.0,2024,Chelsea,6
2023-08-13,Sun,Premier League,Away,D,1.0,1.0,Chelsea,A Taylor,13.0,1.0,12.0,5.0,3.0,0.0,3.0,0.0,2024,Liverpool,6
2023-08-13,Sun,Premier League,Away,D,2.0,2.0,Brentford,R Jones,18.0,6.0,13.0,12.0,4.0,0.0,1.0,0.0,2024,Tottenham,6
2023-08-14,Mon,Premier League,Home,W,1.0,0.0,Wolves,S Hooper,15.0,3.0,14.0,10.0,2.0,0.0,3.0,0.0,2024,Man United,0
2023-08-14,Mon,Premier League,Away,L,0.0,1.0,Man United,S Hooper,23.0,6.0,10.0,14.0,3.0,0.0,2.0,0.0,2024,Wolves,0
2023-08-18,Fri,Premier League,Home,W,2.0,1.0,Sheffield United,P Bankes,16.0,4.0,5.0,9.0,2.0,0.0,3.0,0.0,2024,Nott'm Forest,4
2023-08-18,Fri,Premier League,Away,L,1.0,2.0,Nott'm Forest,P Bankes,7.0,3.0,9.0,5.0,3.0,0.0,2.0,0.0,2024,Sheffield United,4
2023-08-19,Sat,Premier League,Away,L,1.0,3.0,Liverpool,T Bramall,13.0,5.0,13.0,11.0,3.0,0.0,1.0,1.0,2024,Bournemouth,5
2023-08-19,Sat,Premier League,Away,W,3.0,0.0,Fulham,D Bond,17.0,8.0,12.0,13.0,2.0,0.0,2.0,1.0,2024,Brentford,5
2023-08-19,Sat,Premier League,Away,W,4.0,1.0,Wolves,A Madley,16.0,8.0,11.0,14.0,6.0,0.0,3.0,1.0,2024,Brighton,5
2023-08-19,Sat,Premier League,Home,L,0.0,3.0,Brentford,D Bond,10.0,2.0,13.0,12.0,2.0,1.0,2.0,0.0,2024,Fulham,5
2023-08-19,Sat,Premier League,Home,W,3.0,1.0,Bournemouth,T Bramall,26.0,10.0,11.0,13.0,1.0,1.0,3.0,0.0,2024,Liverpool,5
2023-08-19,Sat,Premier League,Home,W,1.0,0.0,Newcastle,R Jones,14.0,4.0,12.0,11.0,1.0,0.0,5.0,0.0,2024,Man City,5
2023-08-19,Sat,Premier League,Away,L,0.0,2.0,Tottenham,M Oliver,22.0,6.0,8.0,9.0,3.0,0.0,1.0,0.0,2024,Man United,5
2023-08-19,Sat,Premier League,Away,L,0.0,1.0,Man City,R Jones,7.0,1.0,11.0,12.0,5.0,0.0,1.0,0.0,2024,Newcastle,5
2023-08-19,Sat,Premier League,Home,W,2.0,0.0,Man United,M Oliver,17.0,6.0,9.0,8.0,1.0,0.0,3.0,0.0,2024,Tottenham,5
2023-08-19,Sat,Premier League,Home,L,1.0,4.0,Brighton,A Madley,16.0,5.0,14.0,11.0,3.0,1.0,6.0,0.0,2024,Wolves,5
2023-08-20,Sun,Premier League,Home,W,4.0,0.0,Everton,A Taylor,13.0,7.0,8.0,12.0,3.0,0.0,4.0,0.0,2024,Aston Villa,6
2023-08-20,Sun,Premier League,Away,L,1.0,3.0,West Ham,J Brooks,17.0,4.0,9.0,12.0,3.0,0.0,2.0,1.0,2024,Chelsea,6
2023-08-20,Sun,Premier League,Away,L,0.0,4.0,Aston Villa,A Taylor,9.0,2.0,12.0,8.0,4.0,0.0,3.0,0.0,2024,Everton,6
2023-08-20,Sun,Premier League,Home,W,3.0,1.0,Chelsea,J Brooks,12.0,6.0,12.0,9.0,2.0,1.0,3.0,0.0,2024,West Ham,6
2023-08-21,Mon,Premier League,Away,W,1.0,0.0,Crystal Palace,D Coote,14.0,3.0,10.0,14.0,1.0,1.0,2.0,0.0,2024,Arsenal,0
2023-08-21,Mon,Premier League,Home,L,0.0,1.0,Arsenal,D Coote,14.0,2.0,14.0,10.0,2.0,0.0,1.0,1.0,2024,Crystal Palace,0
2023-08-25,Fri,Premier League,Home,W,3.0,0.0,Luton,R Jones,19.0,8.0,15.0,12.0,2.0,0.0,3.0,0.0,2024,Chelsea,4
2023-08-25,Fri,Premier League,Away,L,0.0,3.0,Chelsea,R Jones,11.0,1.0,12.0,15.0,3.0,0.0,2.0,0.0,2024,Luton,4
2023-08-26,Sat,Premier League,Home,D,2.0,2.0,Fulham,P Tierney,19.0,11.0,6.0,5.0,0.0,0.0,3.0,1.0,2024,Arsenal,5
2023-08-26,Sat,Premier League,Home,L,0.0,2.0,Tottenham,T Robinson,11.0,3.0,18.0,11.0,1.0,0.0,3.0,0.0,2024,Bournemouth,5
2023-08-26,Sat,Premier League,Home,D,1.0,1.0,Crystal Palace,P Bankes,12.0,1.0,9.0,15.0,0.0,0.0,0.0,0.0,2024,Brentford,5
2023-08-26,Sat,Premier League,Home,L,1.0,3.0,West Ham,A Taylor,25.0,10.0,10.0,9.0,1.0,0.0,3.0,0.0,2024,Brighton,5
2023-08-26,Sat,Premier League,Away,D,1.0,1.0,Brentford,P Bankes,15.0,5.0,15.0,9.0,0.0,0.0,0.0,0.0,2024,Crystal Palace,5
2023-08-26,Sat,Premier League,Home,L,0.0,1.0,Wolves,C Pawson,15.0,7.0,10.0,14.0,3.0,0.0,4.0,0.0,2024,Everton,5
2023-08-26,Sat,Premier League,Away,D,2.0,2.0,Arsenal,P Tierney,8.0,3.0,5.0,6.0,3.0,1.0,0.0,0.0,2024,Fulham,5
2023-08-26,Sat,Premier League,Home,W,3.0,2.0,Nott'm Forest,S Attwell,18.0,9.0,13.0,11.0,4.0,0.0,4.0,1.0,2024,Man United,5
2023-08-26,Sat,Premier League,Away,L,2.0,3.0,Man United,S Attwell,9.0,4.0,11.0,13.0,4.0,1.0,4.0,0.0,2024,Nott'm Forest,5
2023-08-26,Sat,Premier League,Away,W,2.0,0.0,Bournemouth,T Robinson,17.0,6.0,11.0,18.0,3.0,0.0,1.0,0.0,2024,Tottenham,5
2023-08-26,Sat,Premier League,Away,W,3.0,1.0,Brighton,A Taylor,12.0,3.0,9.0,10.0,3.0,0.0,1.0,0.0,2024,West Ham,5
2023-08-26,Sat,Premier League,Away,W,1.0,0.0,Everton,C Pawson,11.0,2.0,14.0,10.0,4.0,0.0,3.0,0.0,2024,Wolves,5
2023-08-27,Sun,Premier League,Away,W,3.0,1.0,Burnley,M Salisbury,16.0,6.0,11.0,12.0,0.0,0.0,2.0,0.0,2024,Aston Villa,6
2023-08-27,Sun,Premier League,Home,L,1.0,3.0,Aston Villa,M Salisbury,9.0,2.0,12.0,11.0,2.0,0.0,0.0,0.0,2024,Burnley,6
2023-08-27,Sun,Premier League,Away,W,2.0,1.0,Newcastle,J Brooks,9.0,4.0,10.0,16.0,2.0,1.0,1.0,0.0,2024,Liverpool,6
2023-08-27,Sun,Premier League,Away,W,2.0,1.0,Sheffield United,J Gillett,30.0,9.0,2.0,11.0,0.0,0.0,3.0,0.0,2024,Man City,6
2023-08-27,Sun,Premier League,Home,L,1.0,2.0,Liverpool,J Brooks,23.0,8.0,16.0,10.0,1.0,0.0,2.0,1.0,2024,Newcastle,6
2023-08-27,Sun,Premier League,Home,L,1.0,2.0,Man City,J Gillett,6.0,2.0,11.0,2.0,3.0,0.0,0.0,0.0,2024,Sheffield United,6
2023-09-01,Fri,Premier League,Home,L,1.0,2.0,West Ham,P Tierney,16.0,1.0,8.0,13.0,1.0,0.0,1.0,0.0,2024,Luton,4
2023-09-01,Fri,Premier League,Away,W,2.0,1.0,Luton,P Tierney,9.0,3.0,13.0,8.0,1.0,0.0,1.0,0.0,2024,West Ham,4
2023-09-02,Sat,Premier League,Away,D,2.0,2.0,Brentford,R Madley,12.0,5.0,13.0,6.0,2.0,0.0,1.0,0.0,2024,Bournemouth,5
2023-09-02,Sat,Premier League,Home,D,2.0,2.0,Bournemouth,R Madley,21.0,7.0,6.0,13.0,1.0,0.0,2.0,0.0,2024,Brentford,5
2023-09-02,Sat,Premier League,Home,W,3.0,1.0,Newcastle,S Attwell,15.0,6.0,14.0,17.0,4.0,0.0,4.0,0.0,2024,Brighton,5
2023-09-02,Sat,Premier League,Home,L,2.0,5.0,Tottenham,D England,16.0,4.0,15.0,9.0,4.0,0.0,3.0,0.0,2024,Burnley,5
2023-09-02,Sat,Premier League,Home,L,0.0,1.0,Nott'm Forest,T Robinson,21.0,2.0,10.0,9.0,3.0,0.0,4.0,0.0,2024,Chelsea,5
2023-09-02,Sat,Premier League,Away,D,2.0,2.0,Sheffield United,A Madley,16.0,6.0,13.0,11.0,2.0,0.0,1.0,0.0,2024,Everton,5
2023-09-02,Sat,Premier League,Away,L,1.0,5.0,Man City,M Oliver,6.0,4.0,12.0,12.0,4.0,0.0,2.0,0.0,2024,Fulham,5
2023-09-02,Sat,Premier League,Home,W,5.0,1.0,Fulham,M Oliver,7.0,5.0,12.0,12.0,2.0,0.0,4.0,0.0,2024,Man City,5
2023-09-02,Sat,Premier League,Away,L,1.0,3.0,Brighton,S Attwell,9.0,2.0,17.0,14.0,4.0,0.0,4.0,0.0,2024,Newcastle,5
2023-09-02,Sat,Premier League,Away,W,1.0,0.0,Chelsea,T Robinson,7.0,3.0,9.0,10.0,4.0,0.0,3.0,0.0,2024,Nott'm Forest,5
2023-09-02,Sat,Premier League,Home,D,2.0,2.0,Everton,A Madley,13.0,8.0,11.0,13.0,1.0,0.0,2.0,0.0,2024,Sheffield United,5
2023-09-02,Sat,Premier League,Away,W,5.0,2.0,Burnley,D England,20.0,10.0,9.0,15.0,3.0,0.0,4.0,0.0,2024,Tottenham,5
2023-09-03,Sun,Premier League,Home,W,3.0,1.0,Man United,A Taylor,17.0,5.0,8.0,7.0,2.0,0.0,3.0,0.0,2024,Arsenal,6
2023-09-03,Sun,Premier League,Away,L,0.0,3.0,Liverpool,S Hooper,9.0,3.0,7.0,12.0,1.0,0.0,0.0,0.0,2024,Aston Villa,6
2023-09-03,Sun,Premier League,Home,W,3.0,2.0,Wolves,R Jones,16.0,11.0,12.0,12.0,1.0,0.0,3.0,0.0,2024,Crystal Palace,6
2023-09-03,Sun,Premier League,Home,W,3.0,0.0,Aston Villa,S Hooper,17.0,4.0,12.0,7.0,0.0,0.0,1.0,0.0,2024,Liverpool,6
2023-09-03,Sun,Premier League,Away,L,1.0,3.0,Arsenal,A Taylor,10.0,2.0,7.0,8.0,3.0,0.0,2.0,0.0,2024,Man United,6
2023-09-03,Sun,Premier League,Away,L,2.0,3.0,Crystal Palace,R Jones,12.0,4.0,12.0,12.0,3.0,0.0,1.0,0.0,2024,Wolves,6
2023-09-16,Sat,Premier League,Home,W,3.0,1.0,Crystal Palace,D England,16.0,5.0,13.0,9.0,5.0,0.0,3.0,0.0,2024,Aston Villa,5
2023-09-16,Sat,Premier League,Away,L,0.0,1.0,Newcastle,C Pawson,11.0,2.0,12.0,8.0,5.0,0.0,3.0,0.0,2024,Brentford,5
2023-09-16,Sat,Premier League,Away,W,3.0,1.0,Man United,J Gillett,10.0,8.0,9.0,8.0,2.0,0.0,2.0,0.0,2024,Brighton,5
2023-09-16,Sat,Premier League,Away,L,1.0,3.0,Aston Villa,D England,6.0,3.0,9.0,13.0,3.0,0.0,5.0,0.0,2024,Crystal Palace,5
2023-09-16,Sat,Premier League,Home,W,1.0,0.0,Luton,M Salisbury,13.0,2.0,6.0,14.0,2.0,0.0,2.0,0.0,2024,Fulham,5
2023-09-16,Sat,Premier League,Away,W,3.0,1.0,Wolves,M Oliver,16.0,6.0,4.0,10.0,3.0,0.0,1.0,0.0,2024,Liverpool,5
2023-09-16,Sat,Premier League,Away,L,0.0,1.0,Fulham,M Salisbury,7.0,2.0,14.0,6.0,2.0,0.0,2.0,0.0,2024,Luton,5
2023-09-16,Sat,Premier League,Away,W,3.0,1.0,West Ham,A Madley,29.0,15.0,11.0,7.0,2.0,0.0,3.0,0.0,2024,Man City,5
2023-09-16,Sat,Premier League,Home,L,1.0,3.0,Brighton,J Gillett,14.0,4.0,8.0,9.0,2.0,0.0,2.0,0.0,2024,Man United,5
2023-09-16,Sat,Premier League,Home,W,1.0,0.0,Brentford,C Pawson,9.0,2.0,8.0,12.0,3.0,0.0,5.0,0.0,2024,Newcastle,5
2023-09-16,Sat,Premier League,Away,L,1.0,2.0,Tottenham,P Bankes,7.0,5.0,14.0,13.0,5.0,1.0,6.0,0.0,2024,Sheffield United,5
2023-09-16,Sat,Premier League,Home,W,2.0,1.0,Sheffield United,P Bankes,28.0,10.0,13.0,14.0,6.0,0.0,5.0,1.0,2024,Tottenham,5
2023-09-16,Sat,Premier League,Home,L,1.0,3.0,Man City,A Madley,6.0,3.0,7.0,11.0,3.0,0.0,2.0,0.0,2024,West Ham,5
2023-09-16,Sat,Premier League,Home,L,1.0,3.0,Liverpool,M Oliver,11.0,2.0,10.0,4.0,1.0,0.0,3.0,0.0,2024,Wolves,5
2023-09-17,Sun,Premier League,Away,W,1.0,0.0,Everton,S Hooper,13.0,4.0,10.0,12.0,1.0,0.0,1.0,0.0,2024,Arsenal,6
2023-09-17,Sun,Premier League,Home,D,0.0,0.0,Chelsea,D Coote,13.0,4.0,15.0,20.0,1.0,0.0,5.0,0.0,2024,Bournemouth,6
2023-09-17,Sun,Premier League,Away,D,0.0,0.0,Bournemouth,D Coote,14.0,6.0,20.0,15.0,5.0,0.0,1.0,0.0,2024,Chelsea,6
2023-09-17,Sun,Premier League,Home,L,0.0,1.0,Arsenal,S Hooper,8.0,1.0,12.0,10.0,1.0,0.0,1.0,0.0,2024,Everton,6
2023-09-18,Mon,Premier League,Away,D,1.0,1.0,Nott'm Forest,R Jones,10.0,3.0,10.0,16.0,3.0,1.0,2.0,0.0,2024,Burnley,0
2023-09-18,Mon,Premier League,Home,D,1.0,1.0,Burnley,R Jones,14.0,4.0,16.0,10.0,2.0,0.0,3.0,1.0,2024,Nott'm Forest,0
2023-09-23,Sat,Premier League,Home,L,1.0,3.0,Everton,M Oliver,12.0,2.0,9.0,12.0,2.0,0.0,2.0,0.0,2024,Brentford,5
2023-09-23,Sat,Premier League,Home,L,0.0,1.0,Man United,T Harrington,12.0,4.0,6.0,12.0,1.0,0.0,2.0,0.0,2024,Burnley,5
2023-09-23,Sat,Premier League,Home,D,0.0,0.0,Fulham,P Tierney,7.0,3.0,10.0,15.0,3.0,0.0,2.0,0.0,2024,Crystal Palace,5
2023-09-23,Sat,Premier League,Away,W,3.0,1.0,Brentford,M Oliver,18.0,6.0,12.0,9.0,2.0,0.0,2.0,0.0,2024,Everton,5
2023-09-23,Sat,Premier League,Away,D,0.0,0.0,Crystal Palace,P Tierney,10.0,5.0,15.0,10.0,2.0,0.0,3.0,0.0,2024,Fulham,5
2023-09-23,Sat,Premier League,Home,D,1.0,1.0,Wolves,J Smith,20.0,4.0,12.0,17.0,0.0,0.0,2.0,1.0,2024,Luton,5
2023-09-23,Sat,Premier League,Home,W,2.0,0.0,Nott'm Forest,A Taylor,7.0,4.0,5.0,17.0,3.0,1.0,7.0,0.0,2024,Man City,5
2023-09-23,Sat,Premier League,Away,W,1.0,0.0,Burnley,T Harrington,11.0,4.0,12.0,6.0,2.0,0.0,1.0,0.0,2024,Man United,5
2023-09-23,Sat,Premier League,Away,L,0.0,2.0,Man City,A Taylor,10.0,3.0,17.0,5.0,7.0,0.0,3.0,1.0,2024,Nott'm Forest,5
2023-09-23,Sat,Premier League,Away,D,1.0,1.0,Luton,J Smith,3.0,3.0,17.0,12.0,2.0,1.0,0.0,0.0,2024,Wolves,5
2023-09-24,Sun,Premier League,Home,D,2.0,2.0,Tottenham,R Jones,13.0,6.0,12.0,19.0,3.0,0.0,4.0,0.0,2024,Arsenal,6
2023-09-24,Sun,Premier League,Away,W,1.0,0.0,Chelsea,J Gillett,15.0,7.0,11.0,9.0,3.0,0.0,2.0,0.0,2024,Aston Villa,6
2023-09-24,Sun,Premier League,Away,L,1.0,3.0,Brighton,J Brooks,12.0,4.0,17.0,12.0,3.0,0.0,3.0,0.0,2024,Bournemouth,6
2023-09-24,Sun,Premier League,Home,W,3.0,1.0,Bournemouth,J Brooks,13.0,4.0,12.0,17.0,3.0,0.0,3.0,0.0,2024,Brighton,6
2023-09-24,Sun,Premier League,Home,L,0.0,1.0,Aston Villa,J Gillett,10.0,4.0,9.0,11.0,2.0,0.0,3.0,0.0,2024,Chelsea,6
2023-09-24,Sun,Premier League,Home,W,3.0,1.0,West Ham,C Kavanagh,22.0,7.0,12.0,13.0,0.0,0.0,2.0,0.0,2024,Liverpool,6
2023-09-24,Sun,Premier League,Away,W,8.0,0.0,Sheffield United,S Attwell,22.0,15.0,8.0,12.0,0.0,0.0,3.0,0.0,2024,Newcastle,6
2023-09-24,Sun,Premier League,Home,L,0.0,8.0,Newcastle,S Attwell,9.0,1.0,12.0,8.0,3.0,0.0,0.0,0.0,2024,Sheffield United,6
2023-09-24,Sun,Premier League,Away,D,2.0,2.0,Arsenal,R Jones,13.0,5.0,19.0,12.0,4.0,0.0,3.0,0.0,2024,Tottenham,6
2023-09-24,Sun,Premier League,Away,L,1.0,3.0,Liverpool,C Kavanagh,11.0,4.0,13.0,12.0,2.0,0.0,0.0,0.0,2024,West Ham,6
2023-09-30,Sat,Premier League,Away,W,4.0,0.0,Bournemouth,M Salisbury,15.0,8.0,10.0,11.0,1.0,0.0,0.0,0.0,2024,Arsenal,5
2023-09-30,Sat,Premier League,Home,W,6.0,1.0,Brighton,A Madley,19.0,9.0,19.0,21.0,4.0,0.0,4.0,0.0,2024,Aston Villa,5
2023-09-30,Sat,Premier League,Home,L,0.0,4.0,Arsenal,M Salisbury,8.0,1.0,11.0,10.0,0.0,0.0,1.0,0.0,2024,Bournemouth,5
2023-09-30,Sat,Premier League,Away,L,1.0,6.0,Aston Villa,A Madley,11.0,3.0,21.0,19.0,4.0,0.0,4.0,0.0,2024,Brighton,5
2023-09-30,Sat,Premier League,Away,L,0.0,2.0,Newcastle,T Bramall,8.0,2.0,15.0,7.0,3.0,0.0,1.0,0.0,2024,Burnley,5
2023-09-30,Sat,Premier League,Away,W,1.0,0.0,Man United,C Kavanagh,8.0,2.0,8.0,10.0,2.0,0.0,3.0,0.0,2024,Crystal Palace,5
2023-09-30,Sat,Premier League,Home,L,1.0,2.0,Luton,A Taylor,23.0,5.0,8.0,10.0,0.0,0.0,1.0,0.0,2024,Everton,5
2023-09-30,Sat,Premier League,Away,L,1.0,2.0,Tottenham,S Hooper,12.0,4.0,17.0,11.0,4.0,2.0,5.0,0.0,2024,Liverpool,5
2023-09-30,Sat,Premier League,Away,W,2.0,1.0,Everton,A Taylor,9.0,2.0,10.0,8.0,1.0,0.0,0.0,0.0,2024,Luton,5
2023-09-30,Sat,Premier League,Away,L,1.0,2.0,Wolves,C Pawson,23.0,8.0,12.0,18.0,4.0,0.0,5.0,0.0,2024,Man City,5
2023-09-30,Sat,Premier League,Home,L,0.0,1.0,Crystal Palace,C Kavanagh,19.0,4.0,10.0,8.0,3.0,0.0,2.0,0.0,2024,Man United,5
2023-09-30,Sat,Premier League,Home,W,2.0,0.0,Burnley,T Bramall,20.0,8.0,7.0,15.0,1.0,0.0,3.0,0.0,2024,Newcastle,5
2023-09-30,Sat,Premier League,Away,L,0.0,2.0,West Ham,G Scott,16.0,2.0,9.0,6.0,1.0,0.0,1.0,0.0,2024,Sheffield United,5
2023-09-30,Sat,Premier League,Home,W,2.0,1.0,Liverpool,S Hooper,24.0,8.0,11.0,17.0,5.0,0.0,4.0,2.0,2024,Tottenham,5
2023-09-30,Sat,Premier League,Home,W,2.0,0.0,Sheffield United,G Scott,20.0,9.0,6.0,9.0,1.0,0.0,1.0,0.0,2024,West Ham,5
2023-09-30,Sat,Premier League,Home,W,2.0,1.0,Man City,C Pawson,3.0,1.0,18.0,12.0,5.0,0.0,4.0,0.0,2024,Wolves,5
2023-10-01,Sun,Premier League,Away,D,1.0,1.0,Nott'm Forest,P Tierney,18.0,5.0,10.0,6.0,2.0,0.0,1.0,1.0,2024,Brentford,6
2023-10-01,Sun,Premier League,Home,D,1.0,1.0,Brentford,P Tierney,6.0,1.0,6.0,10.0,1.0,1.0,2.0,0.0,2024,Nott'm Forest,6
2023-10-02,Mon,Premier League,Away,W,2.0,0.0,Fulham,T Robinson,11.0,4.0,12.0,15.0,4.0,0.0,1.0,0.0,2024,Chelsea,0
2023-10-02,Mon,Premier League,Home,L,0.0,2.0,Chelsea,T Robinson,10.0,3.0,15.0,12.0,1.0,0.0,4.0,0.0,2024,Fulham,0
2023-10-03,Tue,Premier League,Away,W,2.0,1.0,Luton,P Bankes,14.0,4.0,6.0,14.0,2.0,0.0,4.0,0.0,2024,Burnley,1
2023-10-03,Tue,Premier League,Home,L,1.0,2.0,Burnley,P Bankes,18.0,3.0,14.0,6.0,4.0,0.0,2.0,0.0,2024,Luton,1
2023-10-07,Sat,Premier League,Away,L,0.0,3.0,Everton,D Coote,11.0,4.0,15.0,14.0,2.0,0.0,1.0,0.0,2024,Bournemouth,5
2023-10-07,Sat,Premier League,Away,L,1.0,2.0,Man United,A Madley,11.0,3.0,17.0,10.0,5.0,0.0,0.0,0.0,2024,Brentford,5
2023-10-07,Sat,Premier League,Home,L,1.0,4.0,Chelsea,S Attwell,10.0,3.0,11.0,8.0,2.0,0.0,4.0,0.0,2024,Burnley,5
2023-10-07,Sat,Premier League,Away,W,4.0,1.0,Burnley,S Attwell,9.0,5.0,8.0,11.0,4.0,0.0,2.0,0.0,2024,Chelsea,5
2023-10-07,Sat,Premier League,Home,D,0.0,0.0,Nott'm Forest,C Pawson,8.0,2.0,7.0,12.0,0.0,0.0,1.0,0.0,2024,Crystal Palace,5
2023-10-07,Sat,Premier League,Home,W,3.0,0.0,Bournemouth,D Coote,25.0,8.0,14.0,15.0,1.0,0.0,2.0,0.0,2024,Everton,5
2023-10-07,Sat,Premier League,Home,W,3.0,1.0,Sheffield United,S Barrott,20.0,6.0,8.0,10.0,1.0,0.0,2.0,0.0,2024,Fulham,5
2023-10-07,Sat,Premier League,Home,L,0.0,1.0,Tottenham,J Brooks,12.0,2.0,16.0,7.0,2.0,0.0,1.0,1.0,2024,Luton,5
2023-10-07,Sat,Premier League,Home,W,2.0,1.0,Brentford,A Madley,21.0,8.0,10.0,17.0,0.0,0.0,5.0,0.0,2024,Man United,5
2023-10-07,Sat,Premier League,Away,D,0.0,0.0,Crystal Palace,C Pawson,16.0,5.0,12.0,7.0,1.0,0.0,0.0,0.0,2024,Nott'm Forest,5
2023-10-07,Sat,Premier League,Away,L,1.0,3.0,Fulham,S Barrott,5.0,2.0,10.0,8.0,2.0,0.0,1.0,0.0,2024,Sheffield United,5
2023-10-07,Sat,Premier League,Away,W,1.0,0.0,Luton,J Brooks,15.0,4.0,7.0,16.0,1.0,1.0,2.0,0.0,2024,Tottenham,5
2023-10-08,Sun,Premier League,Home,W,1.0,0.0,Man City,M Oliver,12.0,2.0,8.0,7.0,2.0,0.0,3.0,0.0,2024,Arsenal,6
2023-10-08,Sun,Premier League,Away,D,1.0,1.0,Wolves,R Jones,18.0,4.0,9.0,19.0,2.0,0.0,2.0,1.0,2024,Aston Villa,6
2023-10-08,Sun,Premier League,Home,D,2.0,2.0,Liverpool,A Taylor,14.0,3.0,12.0,20.0,1.0,0.0,2.0,0.0,2024,Brighton,6
2023-10-08,Sun,Premier League,Away,D,2.0,2.0,Brighton,A Taylor,14.0,4.0,20.0,12.0,2.0,0.0,1.0,0.0,2024,Liverpool,6
2023-10-08,Sun,Premier League,Away,L,0.0,1.0,Arsenal,M Oliver,4.0,1.0,7.0,8.0,3.0,0.0,2.0,0.0,2024,Man City,6
2023-10-08,Sun,Premier League,Away,D,2.0,2.0,West Ham,P Bankes,10.0,3.0,18.0,11.0,3.0,0.0,3.0,0.0,2024,Newcastle,6
2023-10-08,Sun,Premier League,Home,D,2.0,2.0,Newcastle,P Bankes,5.0,3.0,11.0,18.0,3.0,0.0,3.0,0.0,2024,West Ham,6
2023-10-08,Sun,Premier League,Home,D,1.0,1.0,Aston Villa,R Jones,8.0,3.0,19.0,9.0,2.0,1.0,2.0,0.0,2024,Wolves,6
2023-10-21,Sat,Premier League,Away,D,2.0,2.0,Chelsea,C Kavanagh,13.0,3.0,14.0,7.0,3.0,0.0,3.0,0.0,2024,Arsenal,5
2023-10-21,Sat,Premier League,Home,L,1.0,2.0,Wolves,P Tierney,7.0,4.0,15.0,10.0,2.0,1.0,6.0,0.0,2024,Bournemouth,5
2023-10-21,Sat,Premier League,Home,W,3.0,0.0,Burnley,J Smith,23.0,10.0,14.0,12.0,5.0,0.0,2.0,1.0,2024,Brentford,5
2023-10-21,Sat,Premier League,Away,L,1.0,2.0,Man City,R Jones,5.0,3.0,11.0,9.0,2.0,0.0,2.0,1.0,2024,Brighton,5
2023-10-21,Sat,Premier League,Away,L,0.0,3.0,Brentford,J Smith,6.0,1.0,12.0,14.0,2.0,1.0,5.0,0.0,2024,Burnley,5
2023-10-21,Sat,Premier League,Home,D,2.0,2.0,Arsenal,C Kavanagh,11.0,5.0,7.0,14.0,3.0,0.0,3.0,0.0,2024,Chelsea,5
2023-10-21,Sat,Premier League,Away,L,0.0,4.0,Newcastle,T Robinson,17.0,3.0,12.0,7.0,3.0,0.0,2.0,0.0,2024,Crystal Palace,5
2023-10-21,Sat,Premier League,Away,L,0.0,2.0,Liverpool,C Pawson,6.0,1.0,9.0,9.0,1.0,1.0,1.0,0.0,2024,Everton,5
2023-10-21,Sat,Premier League,Home,W,2.0,0.0,Everton,C Pawson,26.0,6.0,9.0,9.0,1.0,0.0,1.0,1.0,2024,Liverpool,5
2023-10-21,Sat,Premier League,Away,D,2.0,2.0,Nott'm Forest,S Barrott,13.0,4.0,11.0,12.0,0.0,0.0,3.0,0.0,2024,Luton,5
2023-10-21,Sat,Premier League,Home,W,2.0,1.0,Brighton,R Jones,10.0,6.0,9.0,11.0,2.0,1.0,2.0,0.0,2024,Man City,5
2023-10-21,Sat,Premier League,Away,W,2.0,1.0,Sheffield United,M Oliver,14.0,5.0,10.0,12.0,1.0,0.0,3.0,0.0,2024,Man United,5
2023-10-21,Sat,Premier League,Home,W,4.0,0.0,Crystal Palace,T Robinson,10.0,7.0,7.0,12.0,2.0,0.0,3.0,0.0,2024,Newcastle,5
2023-10-21,Sat,Premier League,Home,D,2.0,2.0,Luton,S Barrott,19.0,8.0,12.0,11.0,3.0,0.0,0.0,0.0,2024,Nott'm Forest,5
2023-10-21,Sat,Premier League,Home,L,1.0,2.0,Man United,M Oliver,12.0,6.0,12.0,10.0,3.0,0.0,1.0,0.0,2024,Sheffield United,5
2023-10-21,Sat,Premier League,Away,W,2.0,1.0,Bournemouth,P Tierney,20.0,7.0,10.0,15.0,6.0,0.0,2.0,1.0,2024,Wolves,5
2023-10-22,Sun,Premier League,Home,W,4.0,1.0,West Ham,D Coote,15.0,7.0,9.0,15.0,0.0,0.0,1.0,0.0,2024,Aston Villa,6
2023-10-22,Sun,Premier League,Away,L,1.0,4.0,Aston Villa,D Coote,14.0,4.0,15.0,9.0,1.0,0.0,0.0,0.0,2024,West Ham,6
2023-10-23,Mon,Premier League,Away,L,0.0,2.0,Tottenham,A Taylor,10.0,3.0,14.0,10.0,0.0,0.0,2.0,0.0,2024,Fulham,0
2023-10-23,Mon,Premier League,Home,W,2.0,0.0,Fulham,A Taylor,15.0,5.0,10.0,14.0,2.0,0.0,0.0,0.0,2024,Tottenham,0
2023-10-27,Fri,Premier League,Home,L,1.0,2.0,Tottenham,A Madley,13.0,3.0,19.0,11.0,2.0,0.0,1.0,0.0,2024,Crystal Palace,4
2023-10-27,Fri,Premier League,Away,W,2.0,1.0,Crystal Palace,A Madley,10.0,1.0,11.0,19.0,1.0,0.0,2.0,0.0,2024,Tottenham,4
2023-10-28,Sat,Premier League,Home,W,5.0,0.0,Sheffield United,T Robinson,13.0,8.0,9.0,13.0,0.0,0.0,3.0,0.0,2024,Arsenal,5
2023-10-28,Sat,Premier League,Home,W,2.0,1.0,Burnley,S Barrott,13.0,6.0,9.0,12.0,2.0,0.0,3.0,0.0,2024,Bournemouth,5
2023-10-28,Sat,Premier League,Away,W,2.0,0.0,Chelsea,S Hooper,7.0,5.0,7.0,12.0,4.0,0.0,1.0,0.0,2024,Brentford,5
2023-10-28,Sat,Premier League,Away,L,1.0,2.0,Bournemouth,S Barrott,6.0,3.0,12.0,9.0,3.0,0.0,2.0,0.0,2024,Burnley,5
2023-10-28,Sat,Premier League,Home,L,0.0,2.0,Brentford,S Hooper,17.0,2.0,12.0,7.0,1.0,0.0,4.0,0.0,2024,Chelsea,5
2023-10-28,Sat,Premier League,Away,D,2.0,2.0,Wolves,A Taylor,13.0,5.0,15.0,13.0,4.0,0.0,1.0,0.0,2024,Newcastle,5
2023-10-28,Sat,Premier League,Away,L,0.0,5.0,Arsenal,T Robinson,2.0,0.0,13.0,9.0,3.0,0.0,0.0,0.0,2024,Sheffield United,5
2023-10-28,Sat,Premier League,Home,D,2.0,2.0,Newcastle,A Taylor,11.0,6.0,13.0,15.0,1.0,0.0,4.0,0.0,2024,Wolves,5
2023-10-29,Sun,Premier League,Home,W,3.0,1.0,Luton,J Brooks,17.0,6.0,11.0,10.0,3.0,0.0,2.0,0.0,2024,Aston Villa,6
2023-10-29,Sun,Premier League,Home,D,1.0,1.0,Fulham,M Salisbury,18.0,7.0,12.0,8.0,0.0,0.0,3.0,0.0,2024,Brighton,6
2023-10-29,Sun,Premier League,Away,W,1.0,0.0,West Ham,S Attwell,10.0,4.0,11.0,7.0,1.0,0.0,4.0,0.0,2024,Everton,6
2023-10-29,Sun,Premier League,Away,D,1.0,1.0,Brighton,M Salisbury,10.0,5.0,8.0,12.0,3.0,0.0,0.0,0.0,2024,Fulham,6
2023-10-29,Sun,Premier League,Home,W,3.0,0.0,Nott'm Forest,C Kavanagh,21.0,8.0,9.0,13.0,2.0,0.0,3.0,0.0,2024,Liverpool,6
2023-10-29,Sun,Premier League,Away,L,1.0,3.0,Aston Villa,J Brooks,7.0,1.0,10.0,11.0,2.0,0.0,3.0,0.0,2024,Luton,6
2023-10-29,Sun,Premier League,Away,W,3.0,0.0,Man United,P Tierney,21.0,10.0,4.0,9.0,1.0,0.0,4.0,0.0,2024,Man City,6
2023-10-29,Sun,Premier League,Home,L,0.0,3.0,Man City,P Tierney,7.0,3.0,9.0,4.0,4.0,0.0,1.0,0.0,2024,Man United,6
2023-10-29,Sun,Premier League,Away,L,0.0,3.0,Liverpool,C Kavanagh,9.0,1.0,13.0,9.0,3.0,0.0,2.0,0.0,2024,Nott'm Forest,6
2023-10-29,Sun,Premier League,Home,L,0.0,1.0,Everton,S Attwell,12.0,2.0,7.0,11.0,4.0,0.0,1.0,0.0,2024,West Ham,6
2023-11-04,Sat,Premier League,Away,L,0.0,1.0,Newcastle,S Attwell,14.0,1.0,9.0,14.0,1.0,0.0,5.0,0.0,2024,Arsenal,5
2023-11-04,Sat,Premier League,Away,L,1.0,6.0,Man City,C Pawson,5.0,1.0,9.0,8.0,1.0,0.0,0.0,0.0,2024,Bournemouth,5
2023-11-04,Sat,Premier League,Home,W,3.0,2.0,West Ham,T Bramall,16.0,4.0,12.0,14.0,1.0,0.0,4.0,0.0,2024,Brentford,5
2023-11-04,Sat,Premier League,Away,D,1.0,1.0,Everton,T Robinson,7.0,2.0,5.0,15.0,2.0,0.0,4.0,0.0,2024,Brighton,5
2023-11-04,Sat,Premier League,Home,L,0.0,2.0,Crystal Palace,P Bankes,17.0,5.0,9.0,12.0,0.0,0.0,5.0,0.0,2024,Burnley,5
2023-11-04,Sat,Premier League,Away,W,2.0,0.0,Burnley,P Bankes,4.0,3.0,12.0,9.0,5.0,0.0,0.0,0.0,2024,Crystal Palace,5
2023-11-04,Sat,Premier League,Home,D,1.0,1.0,Brighton,T Robinson,10.0,4.0,15.0,5.0,4.0,0.0,2.0,0.0,2024,Everton,5
2023-11-04,Sat,Premier League,Home,L,0.0,1.0,Man United,J Brooks,18.0,3.0,9.0,15.0,5.0,0.0,2.0,0.0,2024,Fulham,5
2023-11-04,Sat,Premier League,Home,W,6.0,1.0,Bournemouth,C Pawson,21.0,8.0,8.0,9.0,0.0,0.0,1.0,0.0,2024,Man City,5
2023-11-04,Sat,Premier League,Away,W,1.0,0.0,Fulham,J Brooks,12.0,5.0,15.0,9.0,2.0,0.0,5.0,0.0,2024,Man United,5
2023-11-04,Sat,Premier League,Home,W,1.0,0.0,Arsenal,S Attwell,9.0,2.0,14.0,9.0,5.0,0.0,1.0,0.0,2024,Newcastle,5
2023-11-04,Sat,Premier League,Home,W,2.0,1.0,Wolves,R Jones,11.0,2.0,13.0,10.0,2.0,0.0,3.0,0.0,2024,Sheffield United,5
2023-11-04,Sat,Premier League,Away,L,2.0,3.0,Brentford,T Bramall,12.0,2.0,14.0,12.0,4.0,0.0,1.0,0.0,2024,West Ham,5
2023-11-04,Sat,Premier League,Away,L,1.0,2.0,Sheffield United,R Jones,10.0,3.0,10.0,13.0,3.0,0.0,2.0,0.0,2024,Wolves,5
2023-11-05,Sun,Premier League,Away,L,0.0,2.0,Nott'm Forest,J Gillett,13.0,3.0,9.0,6.0,1.0,0.0,1.0,0.0,2024,Aston Villa,6
2023-11-05,Sun,Premier League,Away,D,1.0,1.0,Luton,A Madley,24.0,6.0,13.0,7.0,1.0,0.0,1.0,0.0,2024,Liverpool,6
2023-11-05,Sun,Premier League,Home,D,1.0,1.0,Liverpool,A Madley,8.0,5.0,7.0,13.0,1.0,0.0,1.0,0.0,2024,Luton,6
2023-11-05,Sun,Premier League,Home,W,2.0,0.0,Aston Villa,J Gillett,5.0,3.0,6.0,9.0,1.0,0.0,1.0,0.0,2024,Nott'm Forest,6
2023-11-06,Mon,Premier League,Away,W,4.0,1.0,Tottenham,M Oliver,17.0,8.0,21.0,12.0,5.0,0.0,1.0,2.0,2024,Chelsea,0
2023-11-06,Mon,Premier League,Home,L,1.0,4.0,Chelsea,M Oliver,8.0,5.0,12.0,21.0,1.0,2.0,5.0,0.0,2024,Tottenham,0
2023-11-11,Sat,Premier League,Home,W,3.0,1.0,Burnley,M Oliver,16.0,6.0,8.0,9.0,0.0,1.0,1.0,0.0,2024,Arsenal,5
2023-11-11,Sat,Premier League,Home,W,2.0,0.0,Newcastle,C Kavanagh,19.0,10.0,10.0,4.0,2.0,0.0,1.0,0.0,2024,Bournemouth,5
2023-11-11,Sat,Premier League,Away,L,1.0,3.0,Arsenal,M Oliver,8.0,5.0,9.0,8.0,1.0,0.0,0.0,1.0,2024,Burnley,5
2023-11-11,Sat,Premier League,Home,L,2.0,3.0,Everton,S Barrott,13.0,4.0,9.0,18.0,1.0,0.0,4.0,0.0,2024,Crystal Palace,5
2023-11-11,Sat,Premier League,Away,W,3.0,2.0,Crystal Palace,S Barrott,8.0,4.0,18.0,9.0,4.0,0.0,1.0,0.0,2024,Everton,5
2023-11-11,Sat,Premier League,Away,L,0.0,1.0,Man United,G Scott,10.0,4.0,11.0,9.0,2.0,0.0,0.0,0.0,2024,Luton,5
2023-11-11,Sat,Premier League,Home,W,1.0,0.0,Luton,G Scott,15.0,4.0,9.0,11.0,0.0,0.0,2.0,0.0,2024,Man United,5
2023-11-11,Sat,Premier League,Away,L,0.0,2.0,Bournemouth,C Kavanagh,8.0,5.0,4.0,10.0,1.0,0.0,2.0,0.0,2024,Newcastle,5
2023-11-11,Sat,Premier League,Away,L,1.0,2.0,Wolves,T Robinson,6.0,2.0,15.0,19.0,3.0,0.0,4.0,0.0,2024,Tottenham,5
2023-11-11,Sat,Premier League,Home,W,2.0,1.0,Tottenham,T Robinson,17.0,4.0,19.0,15.0,4.0,0.0,3.0,0.0,2024,Wolves,5
2023-11-12,Sun,Premier League,Home,W,3.0,1.0,Fulham,S Hooper,12.0,6.0,4.0,17.0,2.0,0.0,5.0,0.0,2024,Aston Villa,6
2023-11-12,Sun,Premier League,Away,L,0.0,3.0,Liverpool,P Tierney,16.0,3.0,12.0,16.0,2.0,0.0,1.0,0.0,2024,Brentford,6
2023-11-12,Sun,Premier League,Home,D,1.0,1.0,Sheffield United,J Brooks,11.0,6.0,13.0,16.0,3.0,1.0,2.0,0.0,2024,Brighton,6
2023-11-12,Sun,Premier League,Home,D,4.0,4.0,Man City,A Taylor,17.0,9.0,12.0,15.0,5.0,0.0,3.0,0.0,2024,Chelsea,6
2023-11-12,Sun,Premier League,Away,L,1.0,3.0,Aston Villa,S Hooper,9.0,5.0,17.0,4.0,5.0,0.0,2.0,0.0,2024,Fulham,6
2023-11-12,Sun,Premier League,Home,W,3.0,0.0,Brentford,P Tierney,17.0,10.0,16.0,12.0,1.0,0.0,2.0,0.0,2024,Liverpool,6
2023-11-12,Sun,Premier League,Away,D,4.0,4.0,Chelsea,A Taylor,15.0,10.0,15.0,12.0,3.0,0.0,5.0,0.0,2024,Man City,6
2023-11-12,Sun,Premier League,Away,L,2.0,3.0,West Ham,M Salisbury,10.0,5.0,12.0,9.0,2.0,0.0,2.0,0.0,2024,Nott'm Forest,6
2023-11-12,Sun,Premier League,Away,D,1.0,1.0,Brighton,J Brooks,9.0,1.0,16.0,13.0,2.0,0.0,3.0,1.0,2024,Sheffield United,6
2023-11-12,Sun,Premier League,Home,W,3.0,2.0,Nott'm Forest,M Salisbury,16.0,6.0,9.0,12.0,2.0,0.0,2.0,0.0,2024,West Ham,6
2023-11-25,Sat,Premier League,Away,W,1.0,0.0,Brentford,T Robinson,15.0,4.0,7.0,9.0,1.0,0.0,1.0,0.0,2024,Arsenal,5
2023-11-25,Sat,Premier League,Away,W,3.0,1.0,Sheffield United,A Madley,23.0,11.0,8.0,6.0,1.0,0.0,4.0,0.0,2024,Bournemouth,5
2023-11-25,Sat,Premier League,Home,L,0.0,1.0,Arsenal,T Robinson,9.0,3.0,9.0,7.0,1.0,0.0,1.0,0.0,2024,Brentford,5
2023-11-25,Sat,Premier League,Away,W,3.0,2.0,Nott'm Forest,A Taylor,11.0,5.0,7.0,12.0,4.0,1.0,2.0,0.0,2024,Brighton,5
2023-11-25,Sat,Premier League,Home,L,1.0,2.0,West Ham,S Barrott,11.0,5.0,11.0,7.0,1.0,0.0,3.0,0.0,2024,Burnley,5
2023-11-25,Sat,Premier League,Away,L,1.0,4.0,Newcastle,S Hooper,7.0,4.0,19.0,13.0,4.0,1.0,4.0,0.0,2024,Chelsea,5
2023-11-25,Sat,Premier League,Away,L,1.0,2.0,Luton,J Gillett,16.0,8.0,12.0,15.0,1.0,0.0,6.0,0.0,2024,Crystal Palace,5
2023-11-25,Sat,Premier League,Away,D,1.0,1.0,Man City,C Kavanagh,8.0,3.0,11.0,9.0,3.0,0.0,1.0,0.0,2024,Liverpool,5
2023-11-25,Sat,Premier League,Home,W,2.0,1.0,Crystal Palace,J Gillett,8.0,3.0,15.0,12.0,6.0,0.0,1.0,0.0,2024,Luton,5
2023-11-25,Sat,Premier League,Home,D,1.0,1.0,Liverpool,C Kavanagh,16.0,5.0,9.0,11.0,1.0,0.0,3.0,0.0,2024,Man City,5
2023-11-25,Sat,Premier League,Home,W,4.0,1.0,Chelsea,S Hooper,14.0,5.0,13.0,19.0,4.0,0.0,4.0,1.0,2024,Newcastle,5
2023-11-25,Sat,Premier League,Home,L,2.0,3.0,Brighton,A Taylor,18.0,5.0,12.0,7.0,2.0,0.0,4.0,1.0,2024,Nott'm Forest,5
2023-11-25,Sat,Premier League,Home,L,1.0,3.0,Bournemouth,A Madley,10.0,2.0,6.0,8.0,4.0,0.0,1.0,0.0,2024,Sheffield United,5
2023-11-25,Sat,Premier League,Away,W,2.0,1.0,Burnley,S Barrott,11.0,3.0,7.0,11.0,3.0,0.0,1.0,0.0,2024,West Ham,5
2023-11-26,Sun,Premier League,Away,W,2.0,1.0,Tottenham,R Jones,15.0,5.0,13.0,11.0,4.0,0.0,0.0,0.0,2024,Aston Villa,6
2023-11-26,Sun,Premier League,Home,L,0.0,3.0,Man United,J Brooks,24.0,6.0,10.0,8.0,3.0,0.0,0.0,0.0,2024,Everton,6
2023-11-26,Sun,Premier League,Away,W,3.0,0.0,Everton,J Brooks,9.0,4.0,8.0,10.0,0.0,0.0,3.0,0.0,2024,Man United,6
2023-11-26,Sun,Premier League,Home,L,1.0,2.0,Aston Villa,R Jones,18.0,8.0,11.0,13.0,0.0,0.0,4.0,0.0,2024,Tottenham,6
2023-11-27,Mon,Premier League,Home,W,3.0,2.0,Wolves,M Salisbury,12.0,6.0,13.0,13.0,2.0,0.0,2.0,0.0,2024,Fulham,0
2023-11-27,Mon,Premier League,Away,L,2.0,3.0,Fulham,M Salisbury,10.0,6.0,13.0,13.0,2.0,0.0,2.0,0.0,2024,Wolves,0
2023-12-02,Sat,Premier League,Home,W,2.0,1.0,Wolves,P Bankes,19.0,6.0,10.0,10.0,1.0,0.0,2.0,0.0,2024,Arsenal,5
2023-12-02,Sat,Premier League,Home,W,3.0,1.0,Luton,A Taylor,27.0,6.0,10.0,8.0,1.0,0.0,2.0,0.0,2024,Brentford,5
2023-12-02,Sat,Premier League,Home,W,5.0,0.0,Sheffield United,C Kavanagh,19.0,7.0,9.0,12.0,2.0,0.0,5.0,1.0,2024,Burnley,5
2023-12-02,Sat,Premier League,Away,W,1.0,0.0,Nott'm Forest,P Tierney,12.0,3.0,14.0,15.0,0.0,0.0,1.0,0.0,2024,Everton,5
2023-12-02,Sat,Premier League,Away,L,1.0,3.0,Brentford,A Taylor,7.0,1.0,8.0,10.0,2.0,0.0,1.0,0.0,2024,Luton,5
2023-12-02,Sat,Premier League,Away,L,0.0,1.0,Newcastle,R Jones,8.0,1.0,13.0,6.0,2.0,0.0,1.0,0.0,2024,Man United,5
2023-12-02,Sat,Premier League,Home,W,1.0,0.0,Man United,R Jones,22.0,4.0,6.0,13.0,1.0,0.0,2.0,0.0,2024,Newcastle,5
2023-12-02,Sat,Premier League,Home,L,0.0,1.0,Everton,P Tierney,13.0,2.0,15.0,14.0,1.0,0.0,0.0,0.0,2024,Nott'm Forest,5
2023-12-02,Sat,Premier League,Away,L,0.0,5.0,Burnley,C Kavanagh,6.0,3.0,12.0,9.0,5.0,1.0,2.0,0.0,2024,Sheffield United,5
2023-12-02,Sat,Premier League,Away,L,1.0,2.0,Arsenal,P Bankes,6.0,3.0,10.0,10.0,2.0,0.0,1.0,0.0,2024,Wolves,5
2023-12-03,Sun,Premier League,Away,D,2.0,2.0,Bournemouth,T Bramall,11.0,3.0,12.0,16.0,3.0,0.0,5.0,0.0,2024,Aston Villa,6
2023-12-03,Sun,Premier League,Home,D,2.0,2.0,Aston Villa,T Bramall,15.0,7.0,16.0,12.0,5.0,0.0,3.0,0.0,2024,Bournemouth,6
2023-12-03,Sun,Premier League,Away,L,2.0,3.0,Chelsea,C Pawson,18.0,9.0,12.0,16.0,5.0,0.0,3.0,1.0,2024,Brighton,6
2023-12-03,Sun,Premier League,Home,W,3.0,2.0,Brighton,C Pawson,8.0,5.0,16.0,12.0,3.0,1.0,5.0,0.0,2024,Chelsea,6
2023-12-03,Sun,Premier League,Away,D,1.0,1.0,West Ham,M Oliver,9.0,2.0,7.0,17.0,0.0,0.0,2.0,0.0,2024,Crystal Palace,6
2023-12-03,Sun,Premier League,Away,L,3.0,4.0,Liverpool,S Attwell,9.0,5.0,7.0,6.0,0.0,0.0,0.0,0.0,2024,Fulham,6
2023-12-03,Sun,Premier League,Home,W,4.0,3.0,Fulham,S Attwell,26.0,12.0,6.0,7.0,0.0,0.0,0.0,0.0,2024,Liverpool,6
2023-12-03,Sun,Premier League,Home,D,3.0,3.0,Tottenham,S Hooper,18.0,4.0,14.0,14.0,4.0,0.0,4.0,0.0,2024,Man City,6
2023-12-03,Sun,Premier League,Away,D,3.0,3.0,Man City,S Hooper,8.0,4.0,14.0,14.0,4.0,0.0,4.0,0.0,2024,Tottenham,6
2023-12-03,Sun,Premier League,Home,D,1.0,1.0,Crystal Palace,M Oliver,9.0,3.0,17.0,7.0,2.0,0.0,0.0,0.0,2024,West Ham,6
2023-12-05,Tue,Premier League,Away,W,4.0,3.0,Luton,S Barrott,23.0,9.0,7.0,14.0,1.0,0.0,2.0,0.0,2024,Arsenal,1
2023-12-05,Tue,Premier League,Away,L,0.0,1.0,Wolves,J Gillett,12.0,3.0,15.0,11.0,4.0,0.0,2.0,0.0,2024,Burnley,1
2023-12-05,Tue,Premier League,Home,L,3.0,4.0,Arsenal,S Barrott,6.0,4.0,14.0,7.0,2.0,0.0,1.0,0.0,2024,Luton,1
2023-12-05,Tue,Premier League,Home,W,1.0,0.0,Burnley,J Gillett,7.0,4.0,11.0,15.0,2.0,0.0,4.0,0.0,2024,Wolves,1
2023-12-06,Wed,Premier League,Home,W,1.0,0.0,Man City,J Brooks,22.0,7.0,13.0,13.0,2.0,0.0,2.0,0.0,2024,Aston Villa,2
2023-12-06,Wed,Premier League,Away,W,2.0,0.0,Crystal Palace,C Pawson,11.0,4.0,17.0,10.0,3.0,0.0,1.0,0.0,2024,Bournemouth,2
2023-12-06,Wed,Premier League,Away,L,1.0,2.0,Brighton,P Bankes,8.0,2.0,8.0,10.0,1.0,0.0,3.0,0.0,2024,Brentford,2
2023-12-06,Wed,Premier League,Home,W,2.0,1.0,Brentford,P Bankes,18.0,7.0,10.0,8.0,3.0,0.0,1.0,0.0,2024,Brighton,2
2023-12-06,Wed,Premier League,Away,L,1.0,2.0,Man United,C Kavanagh,13.0,3.0,12.0,12.0,0.0,0.0,4.0,0.0,2024,Chelsea,2
2023-12-06,Wed,Premier League,Home,L,0.0,2.0,Bournemouth,C Pawson,16.0,3.0,10.0,17.0,1.0,0.0,3.0,0.0,2024,Crystal Palace,2
2023-12-06,Wed,Premier League,Home,W,5.0,0.0,Nott'm Forest,J Smith,14.0,6.0,7.0,10.0,0.0,0.0,1.0,0.0,2024,Fulham,2
2023-12-06,Wed,Premier League,Away,W,2.0,0.0,Sheffield United,S Hooper,15.0,8.0,8.0,12.0,3.0,0.0,2.0,0.0,2024,Liverpool,2
2023-12-06,Wed,Premier League,Away,L,0.0,1.0,Aston Villa,J Brooks,2.0,2.0,13.0,13.0,2.0,0.0,2.0,0.0,2024,Man City,2
2023-12-06,Wed,Premier League,Home,W,2.0,1.0,Chelsea,C Kavanagh,28.0,9.0,12.0,12.0,4.0,0.0,0.0,0.0,2024,Man United,2
2023-12-06,Wed,Premier League,Away,L,0.0,5.0,Fulham,J Smith,4.0,1.0,10.0,7.0,1.0,0.0,0.0,0.0,2024,Nott'm Forest,2
2023-12-06,Wed,Premier League,Home,L,0.0,2.0,Liverpool,S Hooper,6.0,1.0,12.0,8.0,2.0,0.0,3.0,0.0,2024,Sheffield United,2
2023-12-07,Thu,Premier League,Home,W,3.0,0.0,Newcastle,T Robinson,21.0,6.0,18.0,8.0,3.0,0.0,0.0,0.0,2024,Everton,3
2023-12-07,Thu,Premier League,Away,L,0.0,3.0,Everton,T Robinson,13.0,3.0,8.0,18.0,0.0,0.0,3.0,0.0,2024,Newcastle,3
2023-12-07,Thu,Premier League,Home,L,1.0,2.0,West Ham,M Salisbury,23.0,7.0,11.0,12.0,3.0,0.0,3.0,0.0,2024,Tottenham,3
2023-12-07,Thu,Premier League,Away,W,2.0,1.0,Tottenham,M Salisbury,11.0,5.0,12.0,11.0,3.0,0.0,3.0,0.0,2024,West Ham,3
2023-12-09,Sat,Premier League,Away,L,0.0,1.0,Aston Villa,J Gillett,12.0,5.0,11.0,16.0,2.0,0.0,4.0,0.0,2024,Arsenal,5
2023-12-09,Sat,Premier League,Home,W,1.0,0.0,Arsenal,J Gillett,10.0,3.0,16.0,11.0,4.0,0.0,2.0,0.0,2024,Aston Villa,5
2023-12-09,Sat,Premier League,Away,W,3.0,0.0,Man United,P Bankes,10.0,4.0,10.0,7.0,1.0,0.0,3.0,0.0,2024,Bournemouth,5
2023-12-09,Sat,Premier League,Away,L,0.0,1.0,Sheffield United,S Attwell,10.0,4.0,13.0,14.0,1.0,0.0,5.0,0.0,2024,Brentford,5
2023-12-09,Sat,Premier League,Home,D,1.0,1.0,Burnley,S Hooper,29.0,11.0,5.0,8.0,0.0,0.0,4.0,0.0,2024,Brighton,5
2023-12-09,Sat,Premier League,Away,D,1.0,1.0,Brighton,S Hooper,6.0,3.0,8.0,5.0,4.0,0.0,0.0,0.0,2024,Burnley,5
2023-12-09,Sat,Premier League,Home,L,1.0,2.0,Liverpool,A Madley,8.0,4.0,17.0,17.0,5.0,1.0,2.0,0.0,2024,Crystal Palace,5
2023-12-09,Sat,Premier League,Away,W,2.0,1.0,Crystal Palace,A Madley,14.0,2.0,17.0,17.0,2.0,0.0,5.0,1.0,2024,Liverpool,5
2023-12-09,Sat,Premier League,Home,L,0.0,3.0,Bournemouth,P Bankes,20.0,3.0,7.0,10.0,3.0,0.0,1.0,0.0,2024,Man United,5
2023-12-09,Sat,Premier League,Away,D,1.0,1.0,Wolves,S Barrott,8.0,2.0,11.0,9.0,1.0,0.0,0.0,0.0,2024,Nott'm Forest,5
2023-12-09,Sat,Premier League,Home,W,1.0,0.0,Brentford,S Attwell,9.0,4.0,14.0,13.0,5.0,0.0,1.0,0.0,2024,Sheffield United,5
2023-12-09,Sat,Premier League,Home,D,1.0,1.0,Nott'm Forest,S Barrott,10.0,4.0,9.0,11.0,0.0,0.0,1.0,0.0,2024,Wolves,5
2023-12-10,Sun,Premier League,Away,L,0.0,2.0,Everton,M Oliver,16.0,4.0,12.0,12.0,2.0,0.0,2.0,0.0,2024,Chelsea,6
2023-12-10,Sun,Premier League,Home,W,2.0,0.0,Chelsea,M Oliver,9.0,5.0,12.0,12.0,2.0,0.0,2.0,0.0,2024,Everton,6
2023-12-10,Sun,Premier League,Home,W,5.0,0.0,West Ham,P Tierney,14.0,8.0,5.0,10.0,2.0,0.0,1.0,0.0,2024,Fulham,6
2023-12-10,Sun,Premier League,Home,L,1.0,2.0,Man City,T Robinson,4.0,2.0,16.0,6.0,2.0,0.0,1.0,0.0,2024,Luton,6
2023-12-10,Sun,Premier League,Away,W,2.0,1.0,Luton,T Robinson,18.0,6.0,6.0,16.0,1.0,0.0,2.0,0.0,2024,Man City,6
2023-12-10,Sun,Premier League,Away,L,1.0,4.0,Tottenham,C Kavanagh,9.0,3.0,12.0,10.0,3.0,0.0,1.0,0.0,2024,Newcastle,6
2023-12-10,Sun,Premier League,Home,W,4.0,1.0,Newcastle,C Kavanagh,23.0,12.0,10.0,12.0,1.0,0.0,3.0,0.0,2024,Tottenham,6
2023-12-10,Sun,Premier League,Away,L,0.0,5.0,Fulham,P Tierney,9.0,5.0,10.0,5.0,1.0,0.0,2.0,0.0,2024,West Ham,6
2023-12-15,Fri,Premier League,Home,L,0.0,2.0,Tottenham,J Gillett,15.0,1.0,16.0,11.0,2.0,0.0,4.0,1.0,2024,Nott'm Forest,4
2023-12-15,Fri,Premier League,Away,W,2.0,0.0,Nott'm Forest,J Gillett,12.0,6.0,11.0,16.0,4.0,1.0,2.0,0.0,2024,Tottenham,4
2023-12-16,Sat,Premier League,Home,L,0.0,2.0,Everton,A Taylor,14.0,2.0,9.0,8.0,0.0,0.0,1.0,0.0,2024,Burnley,5
2023-12-16,Sat,Premier League,Home,W,2.0,0.0,Sheffield United,A Madley,15.0,6.0,9.0,14.0,1.0,0.0,3.0,0.0,2024,Chelsea,5
2023-12-16,Sat,Premier League,Away,D,2.0,2.0,Man City,P Tierney,5.0,2.0,9.0,12.0,1.0,0.0,1.0,0.0,2024,Crystal Palace,5
2023-12-16,Sat,Premier League,Away,W,2.0,0.0,Burnley,A Taylor,9.0,6.0,8.0,9.0,1.0,0.0,0.0,0.0,2024,Everton,5
2023-12-16,Sat,Premier League,Away,L,0.0,3.0,Newcastle,S Barrott,6.0,4.0,12.0,7.0,2.0,1.0,0.0,0.0,2024,Fulham,5
2023-12-16,Sat,Premier League,Home,D,2.0,2.0,Crystal Palace,P Tierney,19.0,9.0,12.0,9.0,1.0,0.0,1.0,0.0,2024,Man City,5
2023-12-16,Sat,Premier League,Home,W,3.0,0.0,Fulham,S Barrott,27.0,10.0,7.0,12.0,0.0,0.0,2.0,1.0,2024,Newcastle,5
2023-12-16,Sat,Premier League,Away,L,0.0,2.0,Chelsea,A Madley,6.0,1.0,14.0,9.0,3.0,0.0,1.0,0.0,2024,Sheffield United,5
2023-12-17,Sun,Premier League,Home,W,2.0,0.0,Brighton,T Robinson,26.0,9.0,11.0,9.0,1.0,0.0,3.0,0.0,2024,Arsenal,6
2023-12-17,Sun,Premier League,Away,W,2.0,1.0,Brentford,D Coote,15.0,5.0,6.0,19.0,4.0,1.0,6.0,1.0,2024,Aston Villa,6
2023-12-17,Sun,Premier League,Home,L,1.0,2.0,Aston Villa,D Coote,4.0,3.0,19.0,6.0,6.0,1.0,4.0,1.0,2024,Brentford,6
2023-12-17,Sun,Premier League,Away,L,0.0,2.0,Arsenal,T Robinson,6.0,1.0,9.0,11.0,3.0,0.0,1.0,0.0,2024,Brighton,6
2023-12-17,Sun,Premier League,Home,D,0.0,0.0,Man United,M Oliver,34.0,8.0,13.0,8.0,2.0,0.0,4.0,1.0,2024,Liverpool,6
2023-12-17,Sun,Premier League,Away,D,0.0,0.0,Liverpool,M Oliver,6.0,1.0,8.0,13.0,4.0,1.0,2.0,0.0,2024,Man United,6
2023-12-17,Sun,Premier League,Home,W,3.0,0.0,Wolves,C Kavanagh,13.0,4.0,12.0,15.0,3.0,0.0,1.0,0.0,2024,West Ham,6
2023-12-17,Sun,Premier League,Away,L,0.0,3.0,West Ham,C Kavanagh,14.0,3.0,15.0,12.0,1.0,0.0,3.0,0.0,2024,Wolves,6
2023-12-21,Thu,Premier League,Away,D,1.0,1.0,Crystal Palace,J Brooks,18.0,6.0,11.0,12.0,2.0,0.0,5.0,0.0,2024,Brighton,3
2023-12-21,Thu,Premier League,Home,D,1.0,1.0,Brighton,J Brooks,11.0,3.0,12.0,11.0,5.0,0.0,2.0,0.0,2024,Crystal Palace,3
2023-12-22,Fri,Premier League,Home,D,1.0,1.0,Sheffield United,A Taylor,12.0,4.0,11.0,16.0,3.0,0.0,3.0,0.0,2024,Aston Villa,4
2023-12-22,Fri,Premier League,Away,D,1.0,1.0,Aston Villa,A Taylor,5.0,2.0,16.0,11.0,3.0,0.0,3.0,0.0,2024,Sheffield United,4
2023-12-23,Sat,Premier League,Away,D,1.0,1.0,Liverpool,C Kavanagh,13.0,2.0,14.0,13.0,5.0,0.0,2.0,0.0,2024,Arsenal,5
2023-12-23,Sat,Premier League,Away,W,3.0,2.0,Nott'm Forest,R Jones,18.0,7.0,10.0,10.0,3.0,0.0,0.0,1.0,2024,Bournemouth,5
2023-12-23,Sat,Premier League,Away,W,2.0,0.0,Fulham,R Welch,7.0,2.0,17.0,5.0,1.0,0.0,2.0,0.0,2024,Burnley,5
2023-12-23,Sat,Premier League,Away,L,1.0,2.0,Tottenham,S Attwell,18.0,8.0,18.0,6.0,4.0,0.0,1.0,0.0,2024,Everton,5
2023-12-23,Sat,Premier League,Home,L,0.0,2.0,Burnley,R Welch,19.0,5.0,5.0,17.0,2.0,0.0,1.0,0.0,2024,Fulham,5
2023-12-23,Sat,Premier League,Home,D,1.0,1.0,Arsenal,C Kavanagh,13.0,3.0,13.0,14.0,2.0,0.0,5.0,0.0,2024,Liverpool,5
2023-12-23,Sat,Premier League,Home,W,1.0,0.0,Newcastle,D England,16.0,5.0,11.0,5.0,2.0,0.0,1.0,0.0,2024,Luton,5
2023-12-23,Sat,Premier League,Away,L,0.0,2.0,West Ham,S Hooper,11.0,3.0,15.0,13.0,3.0,0.0,2.0,0.0,2024,Man United,5
2023-12-23,Sat,Premier League,Away,L,0.0,1.0,Luton,D England,15.0,2.0,5.0,11.0,1.0,0.0,2.0,0.0,2024,Newcastle,5
2023-12-23,Sat,Premier League,Home,L,2.0,3.0,Bournemouth,R Jones,11.0,5.0,10.0,10.0,0.0,1.0,3.0,0.0,2024,Nott'm Forest,5
2023-12-23,Sat,Premier League,Home,W,2.0,1.0,Everton,S Attwell,13.0,6.0,6.0,18.0,1.0,0.0,4.0,0.0,2024,Tottenham,5
2023-12-23,Sat,Premier League,Home,W,2.0,0.0,Man United,S Hooper,12.0,5.0,13.0,15.0,2.0,0.0,3.0,0.0,2024,West Ham,5
2023-12-24,Sun,Premier League,Away,L,1.0,2.0,Wolves,D Coote,16.0,5.0,9.0,11.0,5.0,0.0,3.0,0.0,2024,Chelsea,6
2023-12-24,Sun,Premier League,Home,W,2.0,1.0,Chelsea,D Coote,14.0,6.0,11.0,9.0,3.0,0.0,5.0,0.0,2024,Wolves,6
2023-12-26,Tue,Premier League,Away,L,2.0,3.0,Man United,C Pawson,10.0,4.0,10.0,10.0,3.0,0.0,1.0,0.0,2024,Aston Villa,1
2023-12-26,Tue,Premier League,Home,W,3.0,0.0,Fulham,T Robinson,16.0,4.0,10.0,10.0,0.0,0.0,2.0,0.0,2024,Bournemouth,1
2023-12-26,Tue,Premier League,Home,L,0.0,2.0,Liverpool,P Tierney,9.0,0.0,7.0,10.0,2.0,0.0,1.0,0.0,2024,Burnley,1
2023-12-26,Tue,Premier League,Away,L,0.0,3.0,Bournemouth,T Robinson,8.0,3.0,10.0,10.0,2.0,0.0,0.0,0.0,2024,Fulham,1
2023-12-26,Tue,Premier League,Away,W,2.0,0.0,Burnley,P Tierney,19.0,10.0,10.0,7.0,1.0,0.0,2.0,0.0,2024,Liverpool,1
2023-12-26,Tue,Premier League,Away,W,3.0,2.0,Sheffield United,S Allison,12.0,4.0,13.0,13.0,0.0,0.0,5.0,0.0,2024,Luton,1
2023-12-26,Tue,Premier League,Home,W,3.0,2.0,Aston Villa,C Pawson,13.0,7.0,10.0,10.0,1.0,0.0,3.0,0.0,2024,Man United,1
2023-12-26,Tue,Premier League,Home,L,1.0,3.0,Nott'm Forest,C Kavanagh,19.0,7.0,10.0,11.0,3.0,0.0,3.0,0.0,2024,Newcastle,1
2023-12-26,Tue,Premier League,Away,W,3.0,1.0,Newcastle,C Kavanagh,15.0,6.0,11.0,10.0,3.0,0.0,3.0,0.0,2024,Nott'm Forest,1
2023-12-26,Tue,Premier League,Home,L,2.0,3.0,Luton,S Allison,21.0,6.0,13.0,13.0,5.0,0.0,0.0,0.0,2024,Sheffield United,1
2023-12-27,Wed,Premier League,Home,L,1.0,4.0,Wolves,A Madley,14.0,4.0,5.0,14.0,1.0,0.0,1.0,0.0,2024,Brentford,2
2023-12-27,Wed,Premier League,Home,W,2.0,1.0,Crystal Palace,M Salisbury,9.0,4.0,13.0,16.0,3.0,0.0,2.0,0.0,2024,Chelsea,2
2023-12-27,Wed,Premier League,Away,L,1.0,2.0,Chelsea,M Salisbury,13.0,5.0,16.0,13.0,2.0,0.0,3.0,0.0,2024,Crystal Palace,2
2023-12-27,Wed,Premier League,Home,L,1.0,3.0,Man City,J Brooks,7.0,2.0,13.0,5.0,4.0,0.0,2.0,0.0,2024,Everton,2
2023-12-27,Wed,Premier League,Away,W,3.0,1.0,Everton,J Brooks,23.0,9.0,5.0,13.0,2.0,0.0,4.0,0.0,2024,Man City,2
2023-12-27,Wed,Premier League,Away,W,4.0,1.0,Brentford,A Madley,11.0,5.0,14.0,5.0,1.0,0.0,1.0,0.0,2024,Wolves,2
2023-12-28,Thu,Premier League,Home,L,0.0,2.0,West Ham,M Oliver,30.0,8.0,8.0,8.0,2.0,0.0,0.0,0.0,2024,Arsenal,3
2023-12-28,Thu,Premier League,Home,W,4.0,2.0,Tottenham,J Gillett,15.0,9.0,18.0,6.0,3.0,0.0,2.0,0.0,2024,Brighton,3
2023-12-28,Thu,Premier League,Away,L,2.0,4.0,Brighton,J Gillett,19.0,3.0,6.0,18.0,2.0,0.0,3.0,0.0,2024,Tottenham,3
2023-12-28,Thu,Premier League,Away,W,2.0,0.0,Arsenal,M Oliver,6.0,3.0,8.0,8.0,0.0,0.0,2.0,0.0,2024,West Ham,3
2023-12-30,Sat,Premier League,Home,W,3.0,2.0,Burnley,S Attwell,19.0,7.0,9.0,14.0,4.0,0.0,1.0,1.0,2024,Aston Villa,5
2023-12-30,Sat,Premier League,Away,L,1.0,3.0,Crystal Palace,R Jones,9.0,4.0,10.0,14.0,1.0,0.0,0.0,0.0,2024,Brentford,5
2023-12-30,Sat,Premier League,Away,L,2.0,3.0,Aston Villa,S Attwell,9.0,5.0,14.0,9.0,1.0,1.0,4.0,0.0,2024,Burnley,5
2023-12-30,Sat,Premier League,Away,W,3.0,2.0,Luton,P Tierney,12.0,8.0,21.0,14.0,2.0,0.0,2.0,0.0,2024,Chelsea,5
2023-12-30,Sat,Premier League,Home,W,3.0,1.0,Brentford,R Jones,13.0,6.0,14.0,10.0,0.0,0.0,1.0,0.0,2024,Crystal Palace,5
2023-12-30,Sat,Premier League,Away,L,0.0,3.0,Wolves,T Bramall,10.0,0.0,14.0,9.0,3.0,0.0,2.0,0.0,2024,Everton,5
2023-12-30,Sat,Premier League,Home,L,2.0,3.0,Chelsea,P Tierney,15.0,6.0,14.0,21.0,2.0,0.0,2.0,0.0,2024,Luton,5
2023-12-30,Sat,Premier League,Home,W,2.0,0.0,Sheffield United,D Coote,18.0,4.0,5.0,6.0,1.0,0.0,1.0,0.0,2024,Man City,5
2023-12-30,Sat,Premier League,Away,L,1.0,2.0,Nott'm Forest,T Robinson,10.0,5.0,11.0,9.0,4.0,0.0,2.0,0.0,2024,Man United,5
2023-12-30,Sat,Premier League,Home,W,2.0,1.0,Man United,T Robinson,8.0,2.0,9.0,11.0,2.0,0.0,4.0,0.0,2024,Nott'm Forest,5
2023-12-30,Sat,Premier League,Away,L,0.0,2.0,Man City,D Coote,4.0,2.0,6.0,5.0,1.0,0.0,1.0,0.0,2024,Sheffield United,5
2023-12-30,Sat,Premier League,Home,W,3.0,0.0,Everton,T Bramall,12.0,6.0,9.0,14.0,2.0,0.0,3.0,0.0,2024,Wolves,5
2023-12-31,Sun,Premier League,Away,L,1.0,2.0,Fulham,J Smith,13.0,3.0,10.0,11.0,1.0,0.0,4.0,0.0,2024,Arsenal,6
2023-12-31,Sun,Premier League,Away,L,1.0,3.0,Tottenham,S Hooper,24.0,4.0,18.0,9.0,3.0,0.0,3.0,0.0,2024,Bournemouth,6
2023-12-31,Sun,Premier League,Home,W,2.0,1.0,Arsenal,J Smith,15.0,4.0,11.0,10.0,4.0,0.0,1.0,0.0,2024,Fulham,6
2023-12-31,Sun,Premier League,Home,W,3.0,1.0,Bournemouth,S Hooper,12.0,6.0,9.0,18.0,3.0,0.0,3.0,0.0,2024,Tottenham,6
2024-01-01,Mon,Premier League,Home,W,4.0,2.0,Newcastle,A Taylor,34.0,15.0,16.0,15.0,3.0,0.0,5.0,0.0,2024,Liverpool,0
2024-01-01,Mon,Premier League,Away,L,2.0,4.0,Liverpool,A Taylor,5.0,3.0,15.0,16.0,5.0,0.0,3.0,0.0,2024,Newcastle,0
2024-01-02,Tue,Premier League,Away,D,0.0,0.0,West Ham,S Barrott,22.0,8.0,6.0,4.0,0.0,0.0,1.0,0.0,2024,Brighton,1
2024-01-02,Tue,Premier League,Home,D,0.0,0.0,Brighton,S Barrott,6.0,2.0,4.0,6.0,1.0,0.0,0.0,0.0,2024,West Ham,1
2024-01-12,Fri,Premier League,Home,D,1.0,1.0,Luton,T Harrington,13.0,7.0,7.0,12.0,1.0,0.0,0.0,0.0,2024,Burnley,4
2024-01-12,Fri,Premier League,Away,D,1.0,1.0,Burnley,T Harrington,14.0,5.0,12.0,7.0,0.0,0.0,1.0,0.0,2024,Luton,4
2024-01-13,Sat,Premier League,Home,W,1.0,0.0,Fulham,A Taylor,17.0,3.0,13.0,9.0,5.0,0.0,1.0,0.0,2024,Chelsea,5
2024-01-13,Sat,Premier League,Away,L,0.0,1.0,Chelsea,A Taylor,14.0,4.0,9.0,13.0,1.0,0.0,5.0,0.0,2024,Fulham,5
2024-01-13,Sat,Premier League,Away,W,3.0,2.0,Newcastle,C Kavanagh,27.0,11.0,7.0,7.0,2.0,0.0,1.0,0.0,2024,Man City,5
2024-01-13,Sat,Premier League,Home,L,2.0,3.0,Man City,C Kavanagh,12.0,5.0,7.0,7.0,1.0,0.0,2.0,0.0,2024,Newcastle,5
2024-01-14,Sun,Premier League,Away,D,0.0,0.0,Everton,D Coote,16.0,5.0,14.0,13.0,4.0,0.0,1.0,0.0,2024,Aston Villa,6
2024-01-14,Sun,Premier League,Home,D,0.0,0.0,Aston Villa,D Coote,10.0,2.0,13.0,14.0,1.0,0.0,4.0,0.0,2024,Everton,6
2024-01-14,Sun,Premier League,Home,D,2.0,2.0,Tottenham,J Brooks,9.0,2.0,8.0,5.0,2.0,0.0,1.0,0.0,2024,Man United,6
2024-01-14,Sun,Premier League,Away,D,2.0,2.0,Man United,J Brooks,16.0,6.0,5.0,8.0,1.0,0.0,2.0,0.0,2024,Tottenham,6
2024-01-20,Sat,Premier League,Home,W,5.0,0.0,Crystal Palace,P Tierney,21.0,6.0,8.0,12.0,0.0,0.0,0.0,0.0,2024,Arsenal,5
2024-01-20,Sat,Premier League,Home,W,3.0,2.0,Nott'm Forest,D England,11.0,5.0,10.0,14.0,1.0,0.0,3.0,0.0,2024,Brentford,5
2024-01-20,Sat,Premier League,Away,L,0.0,5.0,Arsenal,P Tierney,12.0,5.0,12.0,8.0,0.0,0.0,0.0,0.0,2024,Crystal Palace,5
2024-01-20,Sat,Premier League,Away,L,2.0,3.0,Brentford,D England,12.0,3.0,14.0,10.0,3.0,0.0,1.0,0.0,2024,Nott'm Forest,5
2024-01-21,Sun,Premier League,Home,L,0.0,4.0,Liverpool,A Madley,11.0,1.0,9.0,12.0,1.0,0.0,2.0,0.0,2024,Bournemouth,6
2024-01-21,Sun,Premier League,Away,W,4.0,0.0,Bournemouth,A Madley,14.0,7.0,12.0,9.0,2.0,0.0,1.0,0.0,2024,Liverpool,6
2024-01-21,Sun,Premier League,Home,D,2.0,2.0,West Ham,M Salisbury,21.0,6.0,11.0,10.0,3.0,1.0,1.0,1.0,2024,Sheffield United,6
2024-01-21,Sun,Premier League,Away,D,2.0,2.0,Sheffield United,M Salisbury,16.0,5.0,10.0,11.0,1.0,1.0,3.0,1.0,2024,West Ham,6
2024-01-22,Mon,Premier League,Home,D,0.0,0.0,Wolves,C Pawson,11.0,4.0,10.0,13.0,1.0,0.0,4.0,0.0,2024,Brighton,0
2024-01-22,Mon,Premier League,Away,D,0.0,0.0,Brighton,C Pawson,8.0,3.0,13.0,10.0,4.0,0.0,1.0,0.0,2024,Wolves,0
2024-01-30,Tue,Premier League,Away,W,2.0,1.0,Nott'm Forest,S Hooper,19.0,3.0,7.0,6.0,1.0,0.0,0.0,0.0,2024,Arsenal,1
2024-01-30,Tue,Premier League,Home,L,1.0,3.0,Newcastle,J Brooks,12.0,6.0,14.0,12.0,4.0,0.0,1.0,0.0,2024,Aston Villa,1
2024-01-30,Tue,Premier League,Away,L,0.0,4.0,Luton,R Jones,9.0,2.0,14.0,13.0,2.0,0.0,2.0,0.0,2024,Brighton,1
2024-01-30,Tue,Premier League,Home,W,3.0,2.0,Sheffield United,T Harrington,12.0,4.0,8.0,18.0,1.0,0.0,4.0,0.0,2024,Crystal Palace,1
2024-01-30,Tue,Premier League,Away,D,0.0,0.0,Fulham,T Bramall,21.0,4.0,13.0,6.0,2.0,0.0,1.0,0.0,2024,Everton,1
2024-01-30,Tue,Premier League,Home,D,0.0,0.0,Everton,T Bramall,25.0,6.0,6.0,13.0,1.0,0.0,2.0,0.0,2024,Fulham,1
2024-01-30,Tue,Premier League,Home,W,4.0,0.0,Brighton,R Jones,18.0,8.0,13.0,14.0,2.0,0.0,2.0,0.0,2024,Luton,1
2024-01-30,Tue,Premier League,Away,W,3.0,1.0,Aston Villa,J Brooks,14.0,5.0,12.0,14.0,1.0,0.0,4.0,0.0,2024,Newcastle,1
2024-01-30,Tue,Premier League,Home,L,1.0,2.0,Arsenal,S Hooper,9.0,3.0,6.0,7.0,0.0,0.0,1.0,0.0,2024,Nott'm Forest,1
2024-01-30,Tue,Premier League,Away,L,2.0,3.0,Crystal Palace,T Harrington,9.0,5.0,18.0,8.0,4.0,0.0,1.0,0.0,2024,Sheffield United,1
2024-01-31,Wed,Premier League,Away,L,2.0,3.0,Tottenham,D Coote,9.0,5.0,15.0,13.0,3.0,0.0,2.0,0.0,2024,Brentford,2
2024-01-31,Wed,Premier League,Away,L,1.0,3.0,Man City,S Barrott,8.0,3.0,13.0,3.0,2.0,0.0,2.0,0.0,2024,Burnley,2
2024-01-31,Wed,Premier League,Away,L,1.0,4.0,Liverpool,P Tierney,4.0,3.0,16.0,15.0,4.0,0.0,2.0,0.0,2024,Chelsea,2
2024-01-31,Wed,Premier League,Home,W,4.0,1.0,Chelsea,P Tierney,28.0,13.0,15.0,16.0,2.0,0.0,4.0,0.0,2024,Liverpool,2
2024-01-31,Wed,Premier League,Home,W,3.0,1.0,Burnley,S Barrott,14.0,4.0,3.0,13.0,2.0,0.0,2.0,0.0,2024,Man City,2
2024-01-31,Wed,Premier League,Home,W,3.0,2.0,Brentford,D Coote,19.0,5.0,13.0,15.0,2.0,0.0,3.0,0.0,2024,Tottenham,2
2024-02-01,Thu,Premier League,Away,D,1.0,1.0,West Ham,T Robinson,9.0,4.0,11.0,13.0,3.0,0.0,1.0,0.0,2024,Bournemouth,3
2024-02-01,Thu,Premier League,Away,W,4.0,3.0,Wolves,J Gillett,21.0,8.0,10.0,10.0,5.0,0.0,2.0,0.0,2024,Man United,3
2024-02-01,Thu,Premier League,Home,D,1.0,1.0,Bournemouth,T Robinson,9.0,3.0,13.0,11.0,1.0,0.0,3.0,0.0,2024,West Ham,3
2024-02-01,Thu,Premier League,Home,L,3.0,4.0,Man United,J Gillett,16.0,7.0,10.0,10.0,2.0,0.0,5.0,0.0,2024,Wolves,3
2024-02-03,Sat,Premier League,Away,W,5.0,0.0,Sheffield United,P Tierney,14.0,10.0,7.0,10.0,0.0,0.0,1.0,0.0,2024,Aston Villa,5
2024-02-03,Sat,Premier League,Home,W,4.0,1.0,Crystal Palace,S Hooper,13.0,6.0,8.0,14.0,1.0,0.0,3.0,0.0,2024,Brighton,5
2024-02-03,Sat,Premier League,Home,D,2.0,2.0,Fulham,D Bond,12.0,4.0,11.0,7.0,2.0,0.0,2.0,0.0,2024,Burnley,5
2024-02-03,Sat,Premier League,Away,L,1.0,4.0,Brighton,S Hooper,7.0,5.0,14.0,8.0,3.0,0.0,1.0,0.0,2024,Crystal Palace,5
2024-02-03,Sat,Premier League,Home,D,2.0,2.0,Tottenham,M Oliver,14.0,5.0,8.0,14.0,3.0,0.0,0.0,0.0,2024,Everton,5
2024-02-03,Sat,Premier League,Away,D,2.0,2.0,Burnley,D Bond,15.0,7.0,7.0,11.0,2.0,0.0,2.0,0.0,2024,Fulham,5
2024-02-03,Sat,Premier League,Away,D,4.0,4.0,Newcastle,T Bramall,11.0,8.0,16.0,13.0,2.0,0.0,2.0,0.0,2024,Luton,5
2024-02-03,Sat,Premier League,Home,D,4.0,4.0,Luton,T Bramall,19.0,6.0,13.0,16.0,2.0,0.0,2.0,0.0,2024,Newcastle,5
2024-02-03,Sat,Premier League,Home,L,0.0,5.0,Aston Villa,P Tierney,10.0,5.0,10.0,7.0,1.0,0.0,0.0,0.0,2024,Sheffield United,5
2024-02-03,Sat,Premier League,Away,D,2.0,2.0,Everton,M Oliver,9.0,6.0,14.0,8.0,0.0,0.0,3.0,0.0,2024,Tottenham,5
2024-02-04,Sun,Premier League,Home,W,3.0,1.0,Liverpool,A Taylor,15.0,7.0,11.0,11.0,6.0,0.0,2.0,1.0,2024,Arsenal,6
2024-02-04,Sun,Premier League,Home,D,1.0,1.0,Nott'm Forest,R Welch,9.0,2.0,19.0,12.0,3.0,1.0,2.0,0.0,2024,Bournemouth,6
2024-02-04,Sun,Premier League,Home,L,2.0,4.0,Wolves,T Robinson,15.0,6.0,15.0,11.0,3.0,0.0,2.0,0.0,2024,Chelsea,6
2024-02-04,Sun,Premier League,Away,L,1.0,3.0,Arsenal,A Taylor,10.0,1.0,11.0,11.0,2.0,1.0,6.0,0.0,2024,Liverpool,6
2024-02-04,Sun,Premier League,Home,W,3.0,0.0,West Ham,A Madley,12.0,5.0,10.0,5.0,0.0,0.0,1.0,0.0,2024,Man United,6
2024-02-04,Sun,Premier League,Away,D,1.0,1.0,Bournemouth,R Welch,8.0,6.0,12.0,19.0,2.0,0.0,3.0,1.0,2024,Nott'm Forest,6
2024-02-04,Sun,Premier League,Away,L,0.0,3.0,Man United,A Madley,22.0,3.0,5.0,10.0,1.0,0.0,0.0,0.0,2024,West Ham,6
2024-02-04,Sun,Premier League,Away,W,4.0,2.0,Chelsea,T Robinson,14.0,7.0,11.0,15.0,2.0,0.0,3.0,0.0,2024,Wolves,6
2024-02-05,Mon,Premier League,Home,L,1.0,3.0,Man City,J Gillett,9.0,3.0,2.0,4.0,1.0,0.0,0.0,0.0,2024,Brentford,0
2024-02-05,Mon,Premier League,Away,W,3.0,1.0,Brentford,J Gillett,25.0,15.0,4.0,2.0,0.0,0.0,1.0,0.0,2024,Man City,0
2024-02-10,Sat,Premier League,Away,L,1.0,3.0,Fulham,D England,25.0,4.0,11.0,11.0,2.0,0.0,1.0,0.0,2024,Bournemouth,5
2024-02-10,Sat,Premier League,Away,W,2.0,0.0,Wolves,S Hooper,9.0,6.0,9.0,11.0,3.0,0.0,2.0,0.0,2024,Brentford,5
2024-02-10,Sat,Premier League,Away,L,1.0,2.0,Tottenham,S Barrott,6.0,3.0,13.0,14.0,3.0,0.0,2.0,0.0,2024,Brighton,5
2024-02-10,Sat,Premier League,Away,L,1.0,3.0,Liverpool,T Robinson,9.0,4.0,13.0,11.0,2.0,0.0,3.0,0.0,2024,Burnley,5
2024-02-10,Sat,Premier League,Away,L,0.0,2.0,Man City,J Brooks,5.0,1.0,11.0,6.0,2.0,0.0,0.0,0.0,2024,Everton,5
2024-02-10,Sat,Premier League,Home,W,3.0,1.0,Bournemouth,D England,7.0,6.0,11.0,11.0,1.0,0.0,2.0,0.0,2024,Fulham,5
2024-02-10,Sat,Premier League,Home,W,3.0,1.0,Burnley,T Robinson,25.0,10.0,11.0,13.0,3.0,0.0,2.0,0.0,2024,Liverpool,5
2024-02-10,Sat,Premier League,Home,L,1.0,3.0,Sheffield United,C Kavanagh,20.0,5.0,7.0,12.0,1.0,0.0,2.0,0.0,2024,Luton,5
2024-02-10,Sat,Premier League,Home,W,2.0,0.0,Everton,J Brooks,19.0,3.0,6.0,11.0,0.0,0.0,2.0,0.0,2024,Man City,5
2024-02-10,Sat,Premier League,Away,W,3.0,2.0,Nott'm Forest,A Taylor,7.0,5.0,6.0,9.0,2.0,0.0,1.0,0.0,2024,Newcastle,5
2024-02-10,Sat,Premier League,Home,L,2.0,3.0,Newcastle,A Taylor,13.0,3.0,9.0,6.0,1.0,0.0,2.0,0.0,2024,Nott'm Forest,5
2024-02-10,Sat,Premier League,Away,W,3.0,1.0,Luton,C Kavanagh,7.0,3.0,12.0,7.0,2.0,0.0,1.0,0.0,2024,Sheffield United,5
2024-02-10,Sat,Premier League,Home,W,2.0,1.0,Brighton,S Barrott,16.0,6.0,14.0,13.0,2.0,0.0,3.0,0.0,2024,Tottenham,5
2024-02-10,Sat,Premier League,Home,L,0.0,2.0,Brentford,S Hooper,17.0,5.0,11.0,9.0,2.0,0.0,3.0,0.0,2024,Wolves,5
2024-02-11,Sun,Premier League,Away,W,6.0,0.0,West Ham,C Pawson,25.0,12.0,11.0,17.0,0.0,0.0,4.0,0.0,2024,Arsenal,6
2024-02-11,Sun,Premier League,Home,L,1.0,2.0,Man United,R Jones,23.0,10.0,9.0,7.0,3.0,0.0,2.0,0.0,2024,Aston Villa,6
2024-02-11,Sun,Premier League,Away,W,2.0,1.0,Aston Villa,R Jones,17.0,5.0,7.0,9.0,2.0,0.0,3.0,0.0,2024,Man United,6
2024-02-11,Sun,Premier League,Home,L,0.0,6.0,Arsenal,C Pawson,5.0,1.0,17.0,11.0,4.0,0.0,0.0,0.0,2024,West Ham,6
2024-02-12,Mon,Premier League,Away,W,3.0,1.0,Crystal Palace,M Oliver,14.0,5.0,7.0,14.0,2.0,0.0,2.0,0.0,2024,Chelsea,0
2024-02-12,Mon,Premier League,Home,L,1.0,3.0,Chelsea,M Oliver,13.0,4.0,14.0,7.0,2.0,0.0,2.0,0.0,2024,Crystal Palace,0
2024-02-17,Sat,Premier League,Away,W,5.0,0.0,Burnley,J Gillett,16.0,7.0,8.0,11.0,1.0,0.0,2.0,0.0,2024,Arsenal,5
2024-02-17,Sat,Premier League,Away,W,2.0,1.0,Fulham,L Smith,12.0,3.0,6.0,11.0,2.0,0.0,5.0,0.0,2024,Aston Villa,5
2024-02-17,Sat,Premier League,Away,D,2.0,2.0,Newcastle,M Salisbury,12.0,7.0,22.0,9.0,3.0,0.0,1.0,0.0,2024,Bournemouth,5
2024-02-17,Sat,Premier League,Home,L,1.0,4.0,Liverpool,M Oliver,15.0,6.0,4.0,18.0,2.0,0.0,1.0,0.0,2024,Brentford,5
2024-02-17,Sat,Premier League,Home,L,0.0,5.0,Arsenal,J Gillett,8.0,0.0,11.0,8.0,2.0,0.0,1.0,0.0,2024,Burnley,5
2024-02-17,Sat,Premier League,Away,D,1.0,1.0,Man City,A Madley,9.0,6.0,12.0,7.0,3.0,0.0,1.0,0.0,2024,Chelsea,5
2024-02-17,Sat,Premier League,Home,L,1.0,2.0,Aston Villa,L Smith,15.0,4.0,11.0,6.0,5.0,0.0,2.0,0.0,2024,Fulham,5
2024-02-17,Sat,Premier League,Away,W,4.0,1.0,Brentford,M Oliver,15.0,8.0,18.0,4.0,1.0,0.0,2.0,0.0,2024,Liverpool,5
2024-02-17,Sat,Premier League,Home,D,1.0,1.0,Chelsea,A Madley,31.0,5.0,7.0,12.0,1.0,0.0,3.0,0.0,2024,Man City,5
2024-02-17,Sat,Premier League,Home,D,2.0,2.0,Bournemouth,M Salisbury,17.0,5.0,9.0,22.0,1.0,0.0,3.0,0.0,2024,Newcastle,5
2024-02-17,Sat,Premier League,Home,W,2.0,0.0,West Ham,T Bramall,19.0,8.0,13.0,15.0,4.0,0.0,4.0,1.0,2024,Nott'm Forest,5
2024-02-17,Sat,Premier League,Home,L,1.0,2.0,Wolves,A Taylor,15.0,4.0,8.0,13.0,0.0,0.0,1.0,0.0,2024,Tottenham,5
2024-02-17,Sat,Premier League,Away,L,0.0,2.0,Nott'm Forest,T Bramall,10.0,3.0,15.0,13.0,4.0,1.0,4.0,0.0,2024,West Ham,5
2024-02-17,Sat,Premier League,Away,W,2.0,1.0,Tottenham,A Taylor,12.0,7.0,13.0,8.0,1.0,0.0,0.0,0.0,2024,Wolves,5
2024-02-18,Sun,Premier League,Away,W,5.0,0.0,Sheffield United,S Attwell,24.0,10.0,5.0,3.0,4.0,0.0,1.0,1.0,2024,Brighton,6
2024-02-18,Sun,Premier League,Home,L,1.0,2.0,Man United,D Coote,22.0,4.0,7.0,21.0,3.0,0.0,5.0,0.0,2024,Luton,6
2024-02-18,Sun,Premier League,Away,W,2.0,1.0,Luton,D Coote,21.0,9.0,21.0,7.0,5.0,0.0,3.0,0.0,2024,Man United,6
2024-02-18,Sun,Premier League,Home,L,0.0,5.0,Brighton,S Attwell,6.0,1.0,3.0,5.0,1.0,1.0,4.0,0.0,2024,Sheffield United,6
2024-02-19,Mon,Premier League,Away,D,1.0,1.0,Everton,P Tierney,10.0,4.0,12.0,8.0,2.0,0.0,0.0,0.0,2024,Crystal Palace,0
2024-02-19,Mon,Premier League,Home,D,1.0,1.0,Crystal Palace,P Tierney,19.0,4.0,8.0,12.0,0.0,0.0,2.0,0.0,2024,Everton,0
2024-02-20,Tue,Premier League,Away,L,0.0,1.0,Man City,D England,6.0,2.0,6.0,12.0,4.0,0.0,2.0,0.0,2024,Brentford,1
2024-02-20,Tue,Premier League,Home,W,1.0,0.0,Brentford,D England,25.0,11.0,12.0,6.0,2.0,0.0,4.0,0.0,2024,Man City,1
2024-02-21,Wed,Premier League,Home,W,4.0,1.0,Luton,A Madley,29.0,13.0,15.0,14.0,1.0,0.0,4.0,0.0,2024,Liverpool,2
2024-02-21,Wed,Premier League,Away,L,1.0,4.0,Liverpool,A Madley,12.0,3.0,14.0,15.0,4.0,0.0,1.0,0.0,2024,Luton,2
2024-02-24,Sat,Premier League,Home,W,4.0,1.0,Newcastle,P Tierney,18.0,8.0,15.0,6.0,1.0,0.0,0.0,0.0,2024,Arsenal,5
2024-02-24,Sat,Premier League,Home,W,4.0,2.0,Nott'm Forest,S Barrott,16.0,6.0,7.0,16.0,1.0,0.0,2.0,0.0,2024,Aston Villa,5
2024-02-24,Sat,Premier League,Home,L,0.0,1.0,Man City,J Gillett,13.0,4.0,14.0,6.0,2.0,0.0,2.0,0.0,2024,Bournemouth,5
2024-02-24,Sat,Premier League,Home,D,1.0,1.0,Everton,T Harrington,23.0,7.0,9.0,14.0,2.0,1.0,3.0,0.0,2024,Brighton,5
2024-02-24,Sat,Premier League,Away,L,0.0,3.0,Crystal Palace,L Smith,2.0,0.0,13.0,8.0,1.0,1.0,3.0,0.0,2024,Burnley,5
2024-02-24,Sat,Premier League,Home,W,3.0,0.0,Burnley,L Smith,15.0,6.0,8.0,13.0,3.0,0.0,1.0,1.0,2024,Crystal Palace,5
2024-02-24,Sat,Premier League,Away,D,1.0,1.0,Brighton,T Harrington,6.0,3.0,14.0,9.0,3.0,0.0,2.0,1.0,2024,Everton,5
2024-02-24,Sat,Premier League,Away,W,2.0,1.0,Man United,M Oliver,17.0,5.0,11.0,6.0,5.0,0.0,2.0,0.0,2024,Fulham,5
2024-02-24,Sat,Premier League,Away,W,1.0,0.0,Bournemouth,J Gillett,15.0,6.0,6.0,14.0,2.0,0.0,2.0,0.0,2024,Man City,5
2024-02-24,Sat,Premier League,Home,L,1.0,2.0,Fulham,M Oliver,21.0,9.0,6.0,11.0,2.0,0.0,5.0,0.0,2024,Man United,5
2024-02-24,Sat,Premier League,Away,L,1.0,4.0,Arsenal,P Tierney,3.0,2.0,6.0,15.0,0.0,0.0,1.0,0.0,2024,Newcastle,5
2024-02-24,Sat,Premier League,Away,L,2.0,4.0,Aston Villa,S Barrott,10.0,3.0,16.0,7.0,2.0,0.0,1.0,0.0,2024,Nott'm Forest,5
2024-02-25,Sun,Premier League,Away,L,0.0,1.0,Wolves,D Bond,12.0,4.0,4.0,8.0,1.0,0.0,2.0,0.0,2024,Sheffield United,6
2024-02-25,Sun,Premier League,Home,W,1.0,0.0,Sheffield United,D Bond,13.0,2.0,8.0,4.0,2.0,0.0,1.0,0.0,2024,Wolves,6
2024-02-26,Mon,Premier League,Away,L,2.0,4.0,West Ham,S Hooper,14.0,8.0,9.0,5.0,2.0,0.0,1.0,0.0,2024,Brentford,0
2024-02-26,Mon,Premier League,Home,W,4.0,2.0,Brentford,S Hooper,17.0,6.0,5.0,9.0,1.0,0.0,2.0,0.0,2024,West Ham,0
2024-03-02,Sat,Premier League,Away,W,3.0,2.0,Luton,M Oliver,12.0,8.0,19.0,8.0,4.0,0.0,1.0,0.0,2024,Aston Villa,5
2024-03-02,Sat,Premier League,Home,D,2.0,2.0,Chelsea,J Gillett,14.0,5.0,10.0,9.0,3.0,0.0,1.0,0.0,2024,Brentford,5
2024-03-02,Sat,Premier League,Away,L,0.0,3.0,Fulham,S Hooper,15.0,5.0,10.0,16.0,2.0,0.0,1.0,0.0,2024,Brighton,5
2024-03-02,Sat,Premier League,Away,D,2.0,2.0,Brentford,J Gillett,17.0,6.0,9.0,10.0,1.0,0.0,3.0,0.0,2024,Chelsea,5
2024-03-02,Sat,Premier League,Away,L,1.0,3.0,Tottenham,J Brooks,4.0,1.0,16.0,7.0,2.0,0.0,1.0,0.0,2024,Crystal Palace,5
2024-03-02,Sat,Premier League,Home,L,1.0,3.0,West Ham,C Pawson,22.0,11.0,9.0,6.0,1.0,0.0,2.0,0.0,2024,Everton,5
2024-03-02,Sat,Premier League,Home,W,3.0,0.0,Brighton,S Hooper,12.0,5.0,16.0,10.0,1.0,0.0,2.0,0.0,2024,Fulham,5
2024-03-02,Sat,Premier League,Away,W,1.0,0.0,Nott'm Forest,P Tierney,22.0,2.0,12.0,11.0,2.0,0.0,2.0,0.0,2024,Liverpool,5
2024-03-02,Sat,Premier League,Home,L,2.0,3.0,Aston Villa,M Oliver,13.0,5.0,8.0,19.0,1.0,0.0,4.0,0.0,2024,Luton,5
2024-03-02,Sat,Premier League,Home,W,3.0,0.0,Wolves,T Robinson,14.0,7.0,8.0,11.0,0.0,0.0,1.0,0.0,2024,Newcastle,5
2024-03-02,Sat,Premier League,Home,L,0.0,1.0,Liverpool,P Tierney,8.0,2.0,11.0,12.0,2.0,0.0,2.0,0.0,2024,Nott'm Forest,5
2024-03-02,Sat,Premier League,Home,W,3.0,1.0,Crystal Palace,J Brooks,14.0,6.0,7.0,16.0,1.0,0.0,2.0,0.0,2024,Tottenham,5
2024-03-02,Sat,Premier League,Away,W,3.0,1.0,Everton,C Pawson,12.0,5.0,6.0,9.0,2.0,0.0,1.0,0.0,2024,West Ham,5
2024-03-02,Sat,Premier League,Away,L,0.0,3.0,Newcastle,T Robinson,12.0,3.0,11.0,8.0,1.0,0.0,0.0,0.0,2024,Wolves,5
2024-03-03,Sun,Premier League,Away,W,2.0,0.0,Burnley,D Coote,10.0,3.0,13.0,8.0,4.0,0.0,2.0,0.0,2024,Bournemouth,6
2024-03-03,Sun,Premier League,Home,L,0.0,2.0,Bournemouth,D Coote,20.0,6.0,8.0,13.0,2.0,0.0,4.0,0.0,2024,Burnley,6
2024-03-03,Sun,Premier League,Home,W,3.0,1.0,Man United,A Madley,27.0,8.0,5.0,10.0,0.0,0.0,1.0,0.0,2024,Man City,6
2024-03-03,Sun,Premier League,Away,L,1.0,3.0,Man City,A Madley,3.0,1.0,10.0,5.0,1.0,0.0,0.0,0.0,2024,Man United,6
2024-03-04,Mon,Premier League,Away,W,6.0,0.0,Sheffield United,S Barrott,22.0,10.0,4.0,11.0,0.0,0.0,1.0,0.0,2024,Arsenal,0
2024-03-04,Mon,Premier League,Home,L,0.0,6.0,Arsenal,S Barrott,4.0,0.0,11.0,4.0,1.0,0.0,0.0,0.0,2024,Sheffield United,0
2024-03-09,Sat,Premier League,Home,W,2.0,1.0,Brentford,R Jones,17.0,6.0,9.0,10.0,2.0,0.0,4.0,0.0,2024,Arsenal,5
2024-03-09,Sat,Premier League,Home,D,2.0,2.0,Sheffield United,A Taylor,32.0,12.0,12.0,11.0,3.0,0.0,5.0,0.0,2024,Bournemouth,5
2024-03-09,Sat,Premier League,Away,L,1.0,2.0,Arsenal,R Jones,9.0,4.0,10.0,9.0,4.0,0.0,2.0,0.0,2024,Brentford,5
2024-03-09,Sat,Premier League,Home,D,1.0,1.0,Luton,S Singh,21.0,4.0,20.0,11.0,2.0,0.0,3.0,0.0,2024,Crystal Palace,5
2024-03-09,Sat,Premier League,Away,L,0.0,2.0,Man United,S Hooper,23.0,6.0,11.0,13.0,2.0,0.0,1.0,0.0,2024,Everton,5
2024-03-09,Sat,Premier League,Away,L,1.0,2.0,Wolves,T Harrington,23.0,6.0,11.0,7.0,2.0,0.0,2.0,0.0,2024,Fulham,5
2024-03-09,Sat,Premier League,Away,D,1.0,1.0,Crystal Palace,S Singh,8.0,2.0,11.0,20.0,3.0,0.0,2.0,0.0,2024,Luton,5
2024-03-09,Sat,Premier League,Home,W,2.0,0.0,Everton,S Hooper,15.0,8.0,13.0,11.0,1.0,0.0,2.0,0.0,2024,Man United,5
2024-03-09,Sat,Premier League,Away,D,2.0,2.0,Bournemouth,A Taylor,13.0,9.0,11.0,12.0,5.0,0.0,3.0,0.0,2024,Sheffield United,5
2024-03-09,Sat,Premier League,Home,W,2.0,1.0,Fulham,T Harrington,8.0,3.0,7.0,11.0,2.0,0.0,2.0,0.0,2024,Wolves,5
2024-03-10,Sun,Premier League,Home,L,0.0,4.0,Tottenham,C Kavanagh,10.0,1.0,11.0,15.0,0.0,1.0,2.0,0.0,2024,Aston Villa,6
2024-03-10,Sun,Premier League,Home,W,1.0,0.0,Nott'm Forest,M Salisbury,10.0,3.0,14.0,14.0,4.0,0.0,4.0,0.0,2024,Brighton,6
2024-03-10,Sun,Premier League,Away,D,2.0,2.0,West Ham,D England,11.0,4.0,18.0,11.0,4.0,0.0,2.0,0.0,2024,Burnley,6
2024-03-10,Sun,Premier League,Home,D,1.0,1.0,Man City,M Oliver,19.0,6.0,6.0,10.0,0.0,0.0,3.0,0.0,2024,Liverpool,6
2024-03-10,Sun,Premier League,Away,D,1.0,1.0,Liverpool,M Oliver,10.0,6.0,10.0,6.0,3.0,0.0,0.0,0.0,2024,Man City,6
2024-03-10,Sun,Premier League,Away,L,0.0,1.0,Brighton,M Salisbury,9.0,4.0,14.0,14.0,4.0,0.0,4.0,0.0,2024,Nott'm Forest,6
2024-03-10,Sun,Premier League,Away,W,4.0,0.0,Aston Villa,C Kavanagh,9.0,5.0,15.0,11.0,2.0,0.0,0.0,1.0,2024,Tottenham,6
2024-03-10,Sun,Premier League,Home,D,2.0,2.0,Burnley,D England,22.0,4.0,11.0,18.0,2.0,0.0,4.0,0.0,2024,West Ham,6
2024-03-11,Mon,Premier League,Home,W,3.0,2.0,Newcastle,J Brooks,12.0,8.0,12.0,7.0,3.0,0.0,1.0,0.0,2024,Chelsea,0
2024-03-11,Mon,Premier League,Away,L,2.0,3.0,Chelsea,J Brooks,11.0,3.0,7.0,12.0,1.0,0.0,3.0,0.0,2024,Newcastle,0
2024-03-13,Wed,Premier League,Home,W,4.0,3.0,Luton,S Allison,24.0,10.0,16.0,11.0,1.0,0.0,2.0,0.0,2024,Bournemouth,2
2024-03-13,Wed,Premier League,Away,L,3.0,4.0,Bournemouth,S Allison,8.0,4.0,11.0,16.0,2.0,0.0,1.0,0.0,2024,Luton,2
2024-03-16,Sat,Premier League,Away,L,1.0,2.0,Burnley,D Bond,9.0,5.0,17.0,14.0,4.0,1.0,2.0,0.0,2024,Brentford,5
2024-03-16,Sat,Premier League,Home,W,2.0,1.0,Brentford,D Bond,17.0,6.0,14.0,17.0,2.0,0.0,4.0,1.0,2024,Burnley,5
2024-03-16,Sat,Premier League,Home,W,3.0,0.0,Tottenham,R Jones,16.0,7.0,9.0,10.0,2.0,0.0,3.0,0.0,2024,Fulham,5
2024-03-16,Sat,Premier League,Home,D,1.0,1.0,Nott'm Forest,D England,10.0,4.0,10.0,17.0,1.0,0.0,2.0,0.0,2024,Luton,5
2024-03-16,Sat,Premier League,Away,D,1.0,1.0,Luton,D England,16.0,6.0,17.0,10.0,2.0,0.0,1.0,0.0,2024,Nott'm Forest,5
2024-03-16,Sat,Premier League,Away,L,0.0,3.0,Fulham,R Jones,14.0,5.0,10.0,9.0,3.0,0.0,2.0,0.0,2024,Tottenham,5
2024-03-17,Sun,Premier League,Away,D,1.0,1.0,West Ham,J Gillett,13.0,5.0,12.0,13.0,3.0,0.0,3.0,0.0,2024,Aston Villa,6
2024-03-17,Sun,Premier League,Home,D,1.0,1.0,Aston Villa,J Gillett,13.0,5.0,13.0,12.0,3.0,0.0,3.0,0.0,2024,West Ham,6
2024-03-30,Sat,Premier League,Home,W,2.0,0.0,Wolves,P Tierney,11.0,5.0,11.0,19.0,3.0,0.0,4.0,0.0,2024,Aston Villa,5
2024-03-30,Sat,Premier League,Home,W,2.0,1.0,Everton,S Barrott,11.0,4.0,14.0,11.0,1.0,0.0,2.0,0.0,2024,Bournemouth,5
2024-03-30,Sat,Premier League,Home,D,1.0,1.0,Man United,S Hooper,31.0,5.0,7.0,14.0,2.0,0.0,2.0,0.0,2024,Brentford,5
2024-03-30,Sat,Premier League,Away,D,2.0,2.0,Chelsea,D England,18.0,7.0,7.0,12.0,2.0,1.0,2.0,0.0,2024,Burnley,5
2024-03-30,Sat,Premier League,Home,D,2.0,2.0,Burnley,D England,33.0,13.0,12.0,7.0,2.0,0.0,2.0,1.0,2024,Chelsea,5
2024-03-30,Sat,Premier League,Away,D,1.0,1.0,Nott'm Forest,C Kavanagh,10.0,3.0,12.0,14.0,1.0,0.0,1.0,0.0,2024,Crystal Palace,5
2024-03-30,Sat,Premier League,Away,L,1.0,2.0,Bournemouth,S Barrott,7.0,3.0,11.0,14.0,2.0,0.0,1.0,0.0,2024,Everton,5
2024-03-30,Sat,Premier League,Away,D,3.0,3.0,Sheffield United,T Robinson,24.0,9.0,13.0,10.0,1.0,0.0,4.0,0.0,2024,Fulham,5
2024-03-30,Sat,Premier League,Away,L,1.0,2.0,Tottenham,J Gillett,7.0,3.0,14.0,16.0,4.0,0.0,2.0,0.0,2024,Luton,5
2024-03-30,Sat,Premier League,Away,D,1.0,1.0,Brentford,S Hooper,11.0,5.0,14.0,7.0,2.0,0.0,2.0,0.0,2024,Man United,5
2024-03-30,Sat,Premier League,Home,W,4.0,3.0,West Ham,R Jones,24.0,9.0,9.0,8.0,1.0,1.0,1.0,0.0,2024,Newcastle,5
2024-03-30,Sat,Premier League,Home,D,1.0,1.0,Crystal Palace,C Kavanagh,12.0,5.0,14.0,12.0,1.0,0.0,1.0,0.0,2024,Nott'm Forest,5
2024-03-30,Sat,Premier League,Home,D,3.0,3.0,Fulham,T Robinson,8.0,4.0,10.0,13.0,4.0,0.0,1.0,0.0,2024,Sheffield United,5
2024-03-30,Sat,Premier League,Home,W,2.0,1.0,Luton,J Gillett,17.0,4.0,16.0,14.0,2.0,0.0,4.0,0.0,2024,Tottenham,5
2024-03-30,Sat,Premier League,Away,L,3.0,4.0,Newcastle,R Jones,10.0,4.0,8.0,9.0,1.0,0.0,1.0,1.0,2024,West Ham,5
2024-03-30,Sat,Premier League,Away,L,0.0,2.0,Aston Villa,P Tierney,13.0,3.0,19.0,11.0,4.0,0.0,3.0,0.0,2024,Wolves,5
2024-03-31,Sun,Premier League,Away,D,0.0,0.0,Man City,A Taylor,6.0,2.0,20.0,9.0,2.0,0.0,0.0,0.0,2024,Arsenal,6
2024-03-31,Sun,Premier League,Away,L,1.0,2.0,Liverpool,D Coote,9.0,3.0,6.0,20.0,3.0,0.0,5.0,0.0,2024,Brighton,6
2024-03-31,Sun,Premier League,Home,W,2.0,1.0,Brighton,D Coote,30.0,8.0,20.0,6.0,5.0,0.0,3.0,0.0,2024,Liverpool,6
2024-03-31,Sun,Premier League,Home,D,0.0,0.0,Arsenal,A Taylor,12.0,1.0,9.0,20.0,0.0,0.0,2.0,0.0,2024,Man City,6
2024-04-02,Tue,Premier League,Home,W,1.0,0.0,Crystal Palace,G Scott,11.0,6.0,13.0,14.0,3.0,0.0,2.0,0.0,2024,Bournemouth,1
2024-04-02,Tue,Premier League,Home,D,1.0,1.0,Wolves,T Bramall,13.0,6.0,10.0,12.0,0.0,0.0,2.0,0.0,2024,Burnley,1
2024-04-02,Tue,Premier League,Away,L,0.0,1.0,Bournemouth,G Scott,3.0,2.0,14.0,13.0,2.0,0.0,3.0,0.0,2024,Crystal Palace,1
2024-04-02,Tue,Premier League,Away,D,1.0,1.0,Newcastle,T Harrington,10.0,3.0,14.0,9.0,3.0,0.0,0.0,0.0,2024,Everton,1
2024-04-02,Tue,Premier League,Away,L,1.0,3.0,Nott'm Forest,M Oliver,18.0,3.0,8.0,7.0,0.0,0.0,0.0,0.0,2024,Fulham,1
2024-04-02,Tue,Premier League,Home,D,1.0,1.0,Everton,T Harrington,18.0,6.0,9.0,14.0,0.0,0.0,3.0,0.0,2024,Newcastle,1
2024-04-02,Tue,Premier League,Home,W,3.0,1.0,Fulham,M Oliver,16.0,4.0,7.0,8.0,0.0,0.0,0.0,0.0,2024,Nott'm Forest,1
2024-04-02,Tue,Premier League,Away,D,1.0,1.0,West Ham,J Brooks,13.0,4.0,9.0,13.0,4.0,0.0,1.0,0.0,2024,Tottenham,1
2024-04-02,Tue,Premier League,Home,D,1.0,1.0,Tottenham,J Brooks,11.0,4.0,13.0,9.0,1.0,0.0,4.0,0.0,2024,West Ham,1
2024-04-02,Tue,Premier League,Away,D,1.0,1.0,Burnley,T Bramall,8.0,2.0,12.0,10.0,2.0,0.0,0.0,0.0,2024,Wolves,1
2024-04-03,Wed,Premier League,Home,W,2.0,0.0,Luton,C Pawson,13.0,4.0,12.0,8.0,1.0,0.0,1.0,0.0,2024,Arsenal,2
2024-04-03,Wed,Premier League,Away,L,1.0,4.0,Man City,D England,8.0,3.0,13.0,6.0,2.0,0.0,1.0,0.0,2024,Aston Villa,2
2024-04-03,Wed,Premier League,Home,D,0.0,0.0,Brighton,A Madley,5.0,2.0,9.0,12.0,1.0,0.0,1.0,0.0,2024,Brentford,2
2024-04-03,Wed,Premier League,Away,D,0.0,0.0,Brentford,A Madley,24.0,6.0,12.0,9.0,1.0,0.0,1.0,0.0,2024,Brighton,2
2024-04-03,Wed,Premier League,Away,L,0.0,2.0,Arsenal,C Pawson,5.0,1.0,8.0,12.0,1.0,0.0,1.0,0.0,2024,Luton,2
2024-04-03,Wed,Premier League,Home,W,4.0,1.0,Aston Villa,D England,25.0,11.0,6.0,13.0,1.0,0.0,2.0,0.0,2024,Man City,2
2024-04-04,Thu,Premier League,Home,W,4.0,3.0,Man United,J Gillett,28.0,10.0,7.0,15.0,3.0,0.0,0.0,0.0,2024,Chelsea,3
2024-04-04,Thu,Premier League,Home,W,3.0,1.0,Sheffield United,S Attwell,29.0,9.0,6.0,9.0,0.0,0.0,1.0,0.0,2024,Liverpool,3
2024-04-04,Thu,Premier League,Away,L,3.0,4.0,Chelsea,J Gillett,19.0,5.0,15.0,7.0,0.0,0.0,3.0,0.0,2024,Man United,3
2024-04-04,Thu,Premier League,Away,L,1.0,3.0,Liverpool,S Attwell,8.0,3.0,9.0,6.0,1.0,0.0,0.0,0.0,2024,Sheffield United,3
2024-04-06,Sat,Premier League,Away,W,3.0,0.0,Brighton,J Brooks,20.0,7.0,13.0,14.0,2.0,0.0,1.0,0.0,2024,Arsenal,5
2024-04-06,Sat,Premier League,Home,D,3.0,3.0,Brentford,M Salisbury,11.0,3.0,15.0,11.0,2.0,0.0,2.0,0.0,2024,Aston Villa,5
2024-04-06,Sat,Premier League,Away,L,1.0,2.0,Luton,A Madley,8.0,1.0,14.0,7.0,0.0,0.0,0.0,0.0,2024,Bournemouth,5
2024-04-06,Sat,Premier League,Away,D,3.0,3.0,Aston Villa,M Salisbury,8.0,3.0,11.0,15.0,2.0,0.0,2.0,0.0,2024,Brentford,5
2024-04-06,Sat,Premier League,Home,L,0.0,3.0,Arsenal,J Brooks,10.0,2.0,14.0,13.0,1.0,0.0,2.0,0.0,2024,Brighton,5
2024-04-06,Sat,Premier League,Away,L,0.0,1.0,Everton,M Oliver,6.0,1.0,13.0,11.0,1.0,1.0,2.0,0.0,2024,Burnley,5
2024-04-06,Sat,Premier League,Home,L,2.0,4.0,Man City,P Tierney,7.0,4.0,13.0,3.0,1.0,0.0,1.0,0.0,2024,Crystal Palace,5
2024-04-06,Sat,Premier League,Home,W,1.0,0.0,Burnley,M Oliver,12.0,3.0,11.0,13.0,2.0,0.0,1.0,1.0,2024,Everton,5
2024-04-06,Sat,Premier League,Home,L,0.0,1.0,Newcastle,S Allison,14.0,4.0,10.0,13.0,1.0,0.0,2.0,0.0,2024,Fulham,5
2024-04-06,Sat,Premier League,Home,W,2.0,1.0,Bournemouth,A Madley,19.0,9.0,7.0,14.0,0.0,0.0,0.0,0.0,2024,Luton,5
2024-04-06,Sat,Premier League,Away,W,4.0,2.0,Crystal Palace,P Tierney,18.0,8.0,3.0,13.0,1.0,0.0,1.0,0.0,2024,Man City,5
2024-04-06,Sat,Premier League,Away,W,1.0,0.0,Fulham,S Allison,12.0,5.0,13.0,10.0,2.0,0.0,1.0,0.0,2024,Newcastle,5
2024-04-06,Sat,Premier League,Away,W,2.0,1.0,Wolves,T Harrington,11.0,4.0,7.0,15.0,2.0,0.0,5.0,0.0,2024,West Ham,5
2024-04-06,Sat,Premier League,Home,L,1.0,2.0,West Ham,T Harrington,14.0,7.0,15.0,7.0,5.0,0.0,2.0,0.0,2024,Wolves,5
2024-04-07,Sun,Premier League,Away,D,2.0,2.0,Sheffield United,R Jones,6.0,3.0,10.0,12.0,2.0,0.0,4.0,0.0,2024,Chelsea,6
2024-04-07,Sun,Premier League,Away,D,2.0,2.0,Man United,A Taylor,28.0,7.0,10.0,9.0,2.0,0.0,5.0,0.0,2024,Liverpool,6
2024-04-07,Sun,Premier League,Home,D,2.0,2.0,Liverpool,A Taylor,9.0,5.0,9.0,10.0,5.0,0.0,2.0,0.0,2024,Man United,6
2024-04-07,Sun,Premier League,Away,L,1.0,3.0,Tottenham,S Hooper,13.0,6.0,12.0,11.0,3.0,0.0,2.0,0.0,2024,Nott'm Forest,6
2024-04-07,Sun,Premier League,Home,D,2.0,2.0,Chelsea,R Jones,11.0,6.0,12.0,10.0,4.0,0.0,2.0,0.0,2024,Sheffield United,6
2024-04-07,Sun,Premier League,Home,W,3.0,1.0,Nott'm Forest,S Hooper,17.0,7.0,11.0,12.0,2.0,0.0,3.0,0.0,2024,Tottenham,6
2024-04-13,Sat,Premier League,Home,D,2.0,2.0,Man United,T Harrington,20.0,5.0,13.0,14.0,4.0,0.0,0.0,0.0,2024,Bournemouth,5
2024-04-13,Sat,Premier League,Home,W,2.0,0.0,Sheffield United,S Barrott,9.0,5.0,8.0,11.0,3.0,0.0,1.0,0.0,2024,Brentford,5
2024-04-13,Sat,Premier League,Away,D,1.0,1.0,Burnley,S Hooper,20.0,8.0,8.0,18.0,2.0,0.0,1.0,0.0,2024,Brighton,5
2024-04-13,Sat,Premier League,Home,D,1.0,1.0,Brighton,S Hooper,11.0,3.0,18.0,8.0,1.0,0.0,2.0,0.0,2024,Burnley,5
2024-04-13,Sat,Premier League,Away,L,1.0,5.0,Man City,J Brooks,4.0,2.0,6.0,7.0,0.0,0.0,1.0,0.0,2024,Luton,5
2024-04-13,Sat,Premier League,Home,W,5.0,1.0,Luton,J Brooks,33.0,13.0,7.0,6.0,1.0,0.0,0.0,0.0,2024,Man City,5
2024-04-13,Sat,Premier League,Away,D,2.0,2.0,Bournemouth,T Harrington,8.0,2.0,14.0,13.0,0.0,0.0,4.0,0.0,2024,Man United,5
2024-04-13,Sat,Premier League,Home,W,4.0,0.0,Tottenham,T Robinson,18.0,5.0,14.0,12.0,0.0,0.0,4.0,0.0,2024,Newcastle,5
2024-04-13,Sat,Premier League,Home,D,2.0,2.0,Wolves,C Pawson,18.0,9.0,15.0,10.0,2.0,0.0,3.0,0.0,2024,Nott'm Forest,5
2024-04-13,Sat,Premier League,Away,L,0.0,2.0,Brentford,S Barrott,8.0,2.0,11.0,8.0,1.0,0.0,3.0,0.0,2024,Sheffield United,5
2024-04-13,Sat,Premier League,Away,L,0.0,4.0,Newcastle,T Robinson,11.0,2.0,12.0,14.0,4.0,0.0,0.0,0.0,2024,Tottenham,5
2024-04-13,Sat,Premier League,Away,D,2.0,2.0,Nott'm Forest,C Pawson,11.0,4.0,10.0,15.0,3.0,0.0,2.0,0.0,2024,Wolves,5
2024-04-14,Sun,Premier League,Home,L,0.0,2.0,Aston Villa,D Coote,18.0,4.0,12.0,7.0,3.0,0.0,1.0,0.0,2024,Arsenal,6
2024-04-14,Sun,Premier League,Away,W,2.0,0.0,Arsenal,D Coote,11.0,2.0,7.0,12.0,1.0,0.0,3.0,0.0,2024,Aston Villa,6
2024-04-14,Sun,Premier League,Away,W,1.0,0.0,Liverpool,C Kavanagh,8.0,5.0,10.0,10.0,1.0,0.0,1.0,0.0,2024,Crystal Palace,6
2024-04-14,Sun,Premier League,Away,W,2.0,0.0,West Ham,S Attwell,18.0,10.0,13.0,6.0,2.0,0.0,1.0,0.0,2024,Fulham,6
2024-04-14,Sun,Premier League,Home,L,0.0,1.0,Crystal Palace,C Kavanagh,21.0,6.0,10.0,10.0,1.0,0.0,1.0,0.0,2024,Liverpool,6
2024-04-14,Sun,Premier League,Home,L,0.0,2.0,Fulham,S Attwell,15.0,4.0,6.0,13.0,1.0,0.0,2.0,0.0,2024,West Ham,6
2024-04-15,Mon,Premier League,Home,W,6.0,0.0,Everton,P Tierney,14.0,10.0,5.0,21.0,1.0,0.0,4.0,0.0,2024,Chelsea,0
2024-04-15,Mon,Premier League,Away,L,0.0,6.0,Chelsea,P Tierney,10.0,2.0,21.0,5.0,4.0,0.0,1.0,0.0,2024,Everton,0
2024-04-20,Sat,Premier League,Away,W,2.0,0.0,Wolves,P Tierney,24.0,9.0,9.0,14.0,2.0,0.0,3.0,0.0,2024,Arsenal,5
2024-04-20,Sat,Premier League,Away,W,5.0,1.0,Luton,J Gillett,21.0,9.0,9.0,13.0,2.0,0.0,1.0,0.0,2024,Brentford,5
2024-04-20,Sat,Premier League,Away,W,4.0,1.0,Sheffield United,A Madley,16.0,9.0,9.0,10.0,0.0,0.0,1.0,0.0,2024,Burnley,5
2024-04-20,Sat,Premier League,Home,L,1.0,5.0,Brentford,J Gillett,6.0,3.0,13.0,9.0,1.0,0.0,2.0,0.0,2024,Luton,5
2024-04-20,Sat,Premier League,Home,L,1.0,4.0,Burnley,A Madley,18.0,11.0,10.0,9.0,1.0,0.0,0.0,0.0,2024,Sheffield United,5
2024-04-20,Sat,Premier League,Home,L,0.0,2.0,Arsenal,P Tierney,5.0,3.0,14.0,9.0,3.0,0.0,2.0,0.0,2024,Wolves,5
2024-04-21,Sun,Premier League,Home,W,3.0,1.0,Bournemouth,T Robinson,14.0,4.0,8.0,14.0,1.0,0.0,3.0,0.0,2024,Aston Villa,6
2024-04-21,Sun,Premier League,Away,L,1.0,3.0,Aston Villa,T Robinson,14.0,6.0,14.0,8.0,3.0,0.0,1.0,0.0,2024,Bournemouth,6
2024-04-21,Sun,Premier League,Home,W,5.0,2.0,West Ham,G Scott,18.0,7.0,9.0,9.0,3.0,0.0,2.0,0.0,2024,Crystal Palace,6
2024-04-21,Sun,Premier League,Home,W,2.0,0.0,Nott'm Forest,A Taylor,7.0,4.0,15.0,9.0,3.0,0.0,2.0,0.0,2024,Everton,6
2024-04-21,Sun,Premier League,Home,L,1.0,3.0,Liverpool,C Pawson,12.0,5.0,5.0,11.0,3.0,0.0,0.0,0.0,2024,Fulham,6
2024-04-21,Sun,Premier League,Away,W,3.0,1.0,Fulham,C Pawson,14.0,7.0,11.0,5.0,0.0,0.0,3.0,0.0,2024,Liverpool,6
2024-04-21,Sun,Premier League,Away,L,0.0,2.0,Everton,A Taylor,8.0,3.0,9.0,15.0,2.0,0.0,3.0,0.0,2024,Nott'm Forest,6
2024-04-21,Sun,Premier League,Away,L,2.0,5.0,Crystal Palace,G Scott,4.0,1.0,9.0,9.0,2.0,0.0,3.0,0.0,2024,West Ham,6
2024-04-23,Tue,Premier League,Home,W,5.0,0.0,Chelsea,S Hooper,27.0,10.0,12.0,11.0,2.0,0.0,2.0,0.0,2024,Arsenal,1
2024-04-23,Tue,Premier League,Away,L,0.0,5.0,Arsenal,S Hooper,7.0,1.0,11.0,12.0,2.0,0.0,2.0,0.0,2024,Chelsea,1
2024-04-24,Wed,Premier League,Away,W,1.0,0.0,Wolves,S Attwell,21.0,6.0,17.0,10.0,1.0,1.0,4.0,0.0,2024,Bournemouth,2
2024-04-24,Wed,Premier League,Home,W,2.0,0.0,Newcastle,T Bramall,20.0,7.0,10.0,15.0,3.0,0.0,3.0,0.0,2024,Crystal Palace,2
2024-04-24,Wed,Premier League,Home,W,2.0,0.0,Liverpool,A Madley,16.0,6.0,6.0,13.0,0.0,0.0,3.0,0.0,2024,Everton,2
2024-04-24,Wed,Premier League,Away,L,0.0,2.0,Everton,A Madley,23.0,7.0,13.0,6.0,3.0,0.0,0.0,0.0,2024,Liverpool,2
2024-04-24,Wed,Premier League,Home,W,4.0,2.0,Sheffield United,M Salisbury,25.0,13.0,7.0,9.0,0.0,0.0,1.0,0.0,2024,Man United,2
2024-04-24,Wed,Premier League,Away,L,0.0,2.0,Crystal Palace,T Bramall,7.0,2.0,15.0,10.0,3.0,0.0,3.0,0.0,2024,Newcastle,2
2024-04-24,Wed,Premier League,Away,L,2.0,4.0,Man United,M Salisbury,10.0,4.0,9.0,7.0,1.0,0.0,0.0,0.0,2024,Sheffield United,2
2024-04-24,Wed,Premier League,Home,L,0.0,1.0,Bournemouth,S Attwell,15.0,4.0,10.0,17.0,4.0,0.0,1.0,1.0,2024,Wolves,2
2024-04-25,Thu,Premier League,Home,L,0.0,4.0,Man City,J Gillett,7.0,3.0,10.0,3.0,2.0,0.0,0.0,0.0,2024,Brighton,3
2024-04-25,Thu,Premier League,Away,W,4.0,0.0,Brighton,J Gillett,14.0,6.0,3.0,10.0,0.0,0.0,2.0,0.0,2024,Man City,3
2024-04-27,Sat,Premier League,Home,D,2.0,2.0,Chelsea,C Pawson,9.0,4.0,13.0,14.0,3.0,0.0,5.0,0.0,2024,Aston Villa,5
2024-04-27,Sat,Premier League,Away,L,0.0,1.0,Everton,D England,10.0,4.0,12.0,10.0,2.0,0.0,1.0,0.0,2024,Brentford,5
2024-04-27,Sat,Premier League,Away,D,1.0,1.0,Man United,J Brooks,16.0,7.0,11.0,7.0,3.0,0.0,1.0,0.0,2024,Burnley,5
2024-04-27,Sat,Premier League,Away,D,2.0,2.0,Aston Villa,C Pawson,21.0,5.0,14.0,13.0,5.0,0.0,3.0,0.0,2024,Chelsea,5
2024-04-27,Sat,Premier League,Away,D,1.0,1.0,Fulham,S Attwell,14.0,4.0,15.0,11.0,2.0,0.0,0.0,0.0,2024,Crystal Palace,5
2024-04-27,Sat,Premier League,Home,W,1.0,0.0,Brentford,D England,18.0,1.0,10.0,12.0,1.0,0.0,2.0,0.0,2024,Everton,5
2024-04-27,Sat,Premier League,Home,D,1.0,1.0,Crystal Palace,S Attwell,9.0,2.0,11.0,15.0,0.0,0.0,2.0,0.0,2024,Fulham,5
2024-04-27,Sat,Premier League,Away,D,2.0,2.0,West Ham,A Taylor,28.0,8.0,10.0,8.0,2.0,0.0,0.0,0.0,2024,Liverpool,5
2024-04-27,Sat,Premier League,Away,L,1.0,2.0,Wolves,D Coote,9.0,6.0,14.0,14.0,1.0,0.0,3.0,0.0,2024,Luton,5
2024-04-27,Sat,Premier League,Home,D,1.0,1.0,Burnley,J Brooks,27.0,10.0,7.0,11.0,1.0,0.0,3.0,0.0,2024,Man United,5
2024-04-27,Sat,Premier League,Home,W,5.0,1.0,Sheffield United,T Harrington,20.0,7.0,9.0,10.0,0.0,0.0,0.0,0.0,2024,Newcastle,5
2024-04-27,Sat,Premier League,Away,L,1.0,5.0,Newcastle,T Harrington,15.0,5.0,10.0,9.0,0.0,0.0,0.0,0.0,2024,Sheffield United,5
2024-04-27,Sat,Premier League,Home,D,2.0,2.0,Liverpool,A Taylor,11.0,8.0,8.0,10.0,0.0,0.0,2.0,0.0,2024,West Ham,5
2024-04-27,Sat,Premier League,Home,W,2.0,1.0,Luton,D Coote,13.0,5.0,14.0,14.0,3.0,0.0,1.0,0.0,2024,Wolves,5
2024-04-28,Sun,Premier League,Away,W,3.0,2.0,Tottenham,M Oliver,9.0,3.0,16.0,12.0,1.0,0.0,2.0,0.0,2024,Arsenal,6
2024-04-28,Sun,Premier League,Home,W,3.0,0.0,Brighton,P Tierney,15.0,6.0,14.0,10.0,2.0,0.0,2.0,0.0,2024,Bournemouth,6
2024-04-28,Sun,Premier League,Away,L,0.0,3.0,Bournemouth,P Tierney,13.0,1.0,10.0,14.0,2.0,0.0,2.0,0.0,2024,Brighton,6
2024-04-28,Sun,Premier League,Away,W,2.0,0.0,Nott'm Forest,S Hooper,11.0,5.0,6.0,8.0,0.0,0.0,0.0,0.0,2024,Man City,6
2024-04-28,Sun,Premier League,Home,L,0.0,2.0,Man City,S Hooper,14.0,2.0,8.0,6.0,0.0,0.0,0.0,0.0,2024,Nott'm Forest,6
2024-04-28,Sun,Premier League,Home,L,2.0,3.0,Arsenal,M Oliver,14.0,2.0,12.0,16.0,2.0,0.0,1.0,0.0,2024,Tottenham,6
2024-05-02,Thu,Premier League,Home,W,2.0,0.0,Tottenham,R Jones,16.0,5.0,12.0,16.0,0.0,0.0,1.0,0.0,2024,Chelsea,3
2024-05-02,Thu,Premier League,Away,L,0.0,2.0,Chelsea,R Jones,19.0,3.0,16.0,12.0,1.0,0.0,0.0,0.0,2024,Tottenham,3
2024-05-03,Fri,Premier League,Away,D,1.0,1.0,Luton,T Robinson,10.0,3.0,12.0,14.0,3.0,0.0,1.0,0.0,2024,Everton,4
2024-05-03,Fri,Premier League,Home,D,1.0,1.0,Everton,T Robinson,18.0,5.0,14.0,12.0,1.0,0.0,3.0,0.0,2024,Luton,4
2024-05-04,Sat,Premier League,Home,W,3.0,0.0,Bournemouth,D Coote,25.0,9.0,16.0,12.0,2.0,0.0,3.0,0.0,2024,Arsenal,5
2024-05-04,Sat,Premier League,Away,L,0.0,3.0,Arsenal,D Coote,7.0,2.0,12.0,16.0,3.0,0.0,2.0,0.0,2024,Bournemouth,5
2024-05-04,Sat,Premier League,Home,D,0.0,0.0,Fulham,G Scott,7.0,3.0,3.0,6.0,1.0,0.0,1.0,0.0,2024,Brentford,5
2024-05-04,Sat,Premier League,Home,L,1.0,4.0,Newcastle,A Taylor,17.0,5.0,8.0,8.0,2.0,0.0,2.0,0.0,2024,Burnley,5
2024-05-04,Sat,Premier League,Away,D,0.0,0.0,Brentford,G Scott,15.0,3.0,6.0,3.0,1.0,0.0,1.0,0.0,2024,Fulham,5
2024-05-04,Sat,Premier League,Home,W,5.0,1.0,Wolves,C Pawson,20.0,12.0,4.0,17.0,0.0,0.0,4.0,0.0,2024,Man City,5
2024-05-04,Sat,Premier League,Away,W,4.0,1.0,Burnley,A Taylor,23.0,11.0,8.0,8.0,2.0,0.0,2.0,0.0,2024,Newcastle,5
2024-05-04,Sat,Premier League,Away,W,3.0,1.0,Sheffield United,C Kavanagh,15.0,4.0,7.0,9.0,1.0,0.0,0.0,1.0,2024,Nott'm Forest,5
2024-05-04,Sat,Premier League,Home,L,1.0,3.0,Nott'm Forest,C Kavanagh,17.0,5.0,9.0,7.0,0.0,1.0,1.0,0.0,2024,Sheffield United,5
2024-05-04,Sat,Premier League,Away,L,1.0,5.0,Man City,C Pawson,2.0,1.0,17.0,4.0,4.0,0.0,0.0,0.0,2024,Wolves,5
2024-05-05,Sun,Premier League,Away,L,0.0,1.0,Brighton,R Jones,2.0,1.0,10.0,13.0,1.0,0.0,2.0,0.0,2024,Aston Villa,6
2024-05-05,Sun,Premier League,Home,W,1.0,0.0,Aston Villa,R Jones,15.0,8.0,13.0,10.0,2.0,0.0,1.0,0.0,2024,Brighton,6
2024-05-05,Sun,Premier League,Home,W,5.0,0.0,West Ham,A Madley,25.0,14.0,12.0,10.0,1.0,0.0,3.0,0.0,2024,Chelsea,6
2024-05-05,Sun,Premier League,Home,W,4.0,2.0,Tottenham,P Tierney,25.0,13.0,14.0,12.0,1.0,0.0,4.0,0.0,2024,Liverpool,6
2024-05-05,Sun,Premier League,Away,L,2.0,4.0,Liverpool,P Tierney,11.0,6.0,12.0,14.0,4.0,0.0,1.0,0.0,2024,Tottenham,6
2024-05-05,Sun,Premier League,Away,L,0.0,5.0,Chelsea,A Madley,13.0,2.0,10.0,12.0,3.0,0.0,1.0,0.0,2024,West Ham,6
2024-05-06,Mon,Premier League,Home,W,4.0,0.0,Man United,J Gillett ,18.0,10.0,12.0,8.0,1.0,0.0,1.0,0.0,2024,Crystal Palace,0
2024-05-06,Mon,Premier League,Away,L,0.0,4.0,Crystal Palace,J Gillett ,7.0,2.0,8.0,12.0,1.0,0.0,1.0,0.0,2024,Man United,0
2024-05-11,Sat,Premier League,Home,L,1.0,2.0,Brentford,M Donohue,13.0,4.0,16.0,12.0,2.0,0.0,2.0,0.0,2024,Bournemouth,5
2024-05-11,Sat,Premier League,Away,W,2.0,1.0,Bournemouth,M Donohue,11.0,5.0,12.0,16.0,2.0,0.0,2.0,0.0,2024,Brentford,5
2024-05-11,Sat,Premier League,Away,D,1.0,1.0,Newcastle,D England,15.0,4.0,16.0,9.0,4.0,0.0,3.0,0.0,2024,Brighton,5
2024-05-11,Sat,Premier League,Away,L,1.0,2.0,Tottenham,J Gillett,7.0,3.0,14.0,10.0,5.0,0.0,3.0,0.0,2024,Burnley,5
2024-05-11,Sat,Premier League,Away,W,3.0,2.0,Nott'm Forest,T Harrington,12.0,5.0,8.0,14.0,3.0,0.0,2.0,0.0,2024,Chelsea,5
2024-05-11,Sat,Premier League,Away,W,3.0,1.0,Wolves,T Bramall,13.0,3.0,12.0,13.0,2.0,1.0,3.0,0.0,2024,Crystal Palace,5
2024-05-11,Sat,Premier League,Home,W,1.0,0.0,Sheffield United,S Attwell,15.0,6.0,6.0,11.0,1.0,0.0,2.0,0.0,2024,Everton,5
2024-05-11,Sat,Premier League,Home,L,0.0,4.0,Man City,A Taylor,1.0,1.0,9.0,6.0,1.0,1.0,0.0,0.0,2024,Fulham,5
2024-05-11,Sat,Premier League,Away,L,1.0,3.0,West Ham,M Oliver,4.0,1.0,15.0,9.0,3.0,0.0,1.0,0.0,2024,Luton,5
2024-05-11,Sat,Premier League,Away,W,4.0,0.0,Fulham,A Taylor,16.0,9.0,6.0,9.0,0.0,0.0,1.0,1.0,2024,Man City,5
2024-05-11,Sat,Premier League,Home,D,1.0,1.0,Brighton,D England,18.0,7.0,9.0,16.0,3.0,0.0,4.0,0.0,2024,Newcastle,5
2024-05-11,Sat,Premier League,Home,L,2.0,3.0,Chelsea,T Harrington,20.0,4.0,14.0,8.0,2.0,0.0,3.0,0.0,2024,Nott'm Forest,5
2024-05-11,Sat,Premier League,Away,L,0.0,1.0,Everton,S Attwell,13.0,1.0,11.0,6.0,2.0,0.0,1.0,0.0,2024,Sheffield United,5
2024-05-11,Sat,Premier League,Home,W,2.0,1.0,Burnley,J Gillett,21.0,9.0,10.0,14.0,3.0,0.0,5.0,0.0,2024,Tottenham,5
2024-05-11,Sat,Premier League,Home,W,3.0,1.0,Luton,M Oliver,24.0,8.0,9.0,15.0,1.0,0.0,3.0,0.0,2024,West Ham,5
2024-05-11,Sat,Premier League,Home,L,1.0,3.0,Crystal Palace,T Bramall,13.0,7.0,13.0,12.0,3.0,0.0,2.0,1.0,2024,Wolves,5
2024-05-12,Sun,Premier League,Away,W,1.0,0.0,Man United,P Tierney,11.0,5.0,6.0,5.0,2.0,0.0,0.0,0.0,2024,Arsenal,6
2024-05-12,Sun,Premier League,Home,L,0.0,1.0,Arsenal,P Tierney,14.0,2.0,5.0,6.0,0.0,0.0,2.0,0.0,2024,Man United,6
2024-05-13,Mon,Premier League,Home,D,3.0,3.0,Liverpool,S Hooper,19.0,5.0,11.0,15.0,1.0,0.0,1.0,0.0,2024,Aston Villa,0
2024-05-13,Mon,Premier League,Away,D,3.0,3.0,Aston Villa,S Hooper,14.0,7.0,15.0,11.0,1.0,0.0,1.0,0.0,2024,Liverpool,0
2024-05-14,Tue,Premier League,Away,W,2.0,0.0,Tottenham,C Kavanagh,8.0,5.0,11.0,14.0,3.0,0.0,3.0,0.0,2024,Man City,1
2024-05-14,Tue,Premier League,Home,L,0.0,2.0,Man City,C Kavanagh,10.0,5.0,14.0,11.0,3.0,0.0,3.0,0.0,2024,Tottenham,1
2024-05-15,Wed,Premier League,Home,L,1.0,2.0,Chelsea,M Salisbury,12.0,2.0,13.0,14.0,2.0,0.0,2.0,1.0,2024,Brighton,2
2024-05-15,Wed,Premier League,Away,W,2.0,1.0,Brighton,M Salisbury,13.0,6.0,14.0,13.0,2.0,1.0,2.0,0.0,2024,Chelsea,2
2024-05-15,Wed,Premier League,Home,W,3.0,2.0,Newcastle,R Jones,17.0,8.0,16.0,7.0,3.0,0.0,3.0,0.0,2024,Man United,2
2024-05-15,Wed,Premier League,Away,L,2.0,3.0,Man United,R Jones,21.0,8.0,7.0,16.0,3.0,0.0,3.0,0.0,2024,Newcastle,2
2024-05-19,Sun,Premier League,Home,W,2.0,1.0,Everton,M Oliver,26.0,5.0,8.0,11.0,4.0,0.0,3.0,0.0,2024,Arsenal,6
2024-05-19,Sun,Premier League,Away,L,0.0,5.0,Crystal Palace,D Bond,8.0,2.0,8.0,10.0,4.0,0.0,1.0,0.0,2024,Aston Villa,6
2024-05-19,Sun,Premier League,Away,L,1.0,2.0,Chelsea,A Taylor,22.0,5.0,9.0,5.0,3.0,0.0,2.0,0.0,2024,Bournemouth,6
2024-05-19,Sun,Premier League,Home,L,2.0,4.0,Newcastle,S Hooper,10.0,5.0,15.0,11.0,4.0,0.0,4.0,0.0,2024,Brentford,6
2024-05-19,Sun,Premier League,Home,L,0.0,2.0,Man United,C Pawson,17.0,3.0,10.0,9.0,1.0,0.0,3.0,0.0,2024,Brighton,6
2024-05-19,Sun,Premier League,Home,L,1.0,2.0,Nott'm Forest,G Scott,20.0,3.0,11.0,5.0,1.0,0.0,0.0,0.0,2024,Burnley,6
2024-05-19,Sun,Premier League,Home,W,2.0,1.0,Bournemouth,A Taylor,16.0,6.0,5.0,9.0,2.0,0.0,3.0,0.0,2024,Chelsea,6
2024-05-19,Sun,Premier League,Home,W,5.0,0.0,Aston Villa,D Bond,15.0,9.0,10.0,8.0,1.0,0.0,4.0,0.0,2024,Crystal Palace,6
2024-05-19,Sun,Premier League,Away,L,1.0,2.0,Arsenal,M Oliver,5.0,2.0,11.0,8.0,3.0,0.0,4.0,0.0,2024,Everton,6
2024-05-19,Sun,Premier League,Away,W,4.0,2.0,Luton,M Donohue,15.0,7.0,20.0,15.0,4.0,0.0,5.0,0.0,2024,Fulham,6
2024-05-19,Sun,Premier League,Home,W,2.0,0.0,Wolves,C Kavanagh,36.0,14.0,14.0,11.0,1.0,0.0,1.0,1.0,2024,Liverpool,6
2024-05-19,Sun,Premier League,Home,L,2.0,4.0,Fulham,M Donohue,15.0,6.0,15.0,20.0,5.0,0.0,4.0,0.0,2024,Luton,6
2024-05-19,Sun,Premier League,Home,W,3.0,1.0,West Ham,J Brooks,28.0,12.0,3.0,12.0,0.0,0.0,1.0,0.0,2024,Man City,6
2024-05-19,Sun,Premier League,Away,W,2.0,0.0,Brighton,C Pawson,11.0,4.0,9.0,10.0,3.0,0.0,1.0,0.0,2024,Man United,6
2024-05-19,Sun,Premier League,Away,W,4.0,2.0,Brentford,S Hooper,12.0,7.0,11.0,15.0,4.0,0.0,4.0,0.0,2024,Newcastle,6
2024-05-19,Sun,Premier League,Away,W,2.0,1.0,Burnley,G Scott,12.0,6.0,5.0,11.0,0.0,0.0,1.0,0.0,2024,Nott'm Forest,6
2024-05-19,Sun,Premier League,Home,L,0.0,3.0,Tottenham,A Madley,6.0,1.0,11.0,9.0,2.0,0.0,0.0,0.0,2024,Sheffield United,6
2024-05-19,Sun,Premier League,Away,W,3.0,0.0,Sheffield United,A Madley,18.0,9.0,9.0,11.0,0.0,0.0,2.0,0.0,2024,Tottenham,6
2024-05-19,Sun,Premier League,Away,L,1.0,3.0,Man City,J Brooks,3.0,2.0,12.0,3.0,1.0,0.0,0.0,0.0,2024,West Ham,6
2024-05-19,Sun,Premier League,Away,L,0.0,2.0,Liverpool,C Kavanagh,4.0,3.0,11.0,14.0,1.0,1.0,1.0,0.0,2024,Wolves,6
2024-08-16,Fri,Premier League,Away,L,0.0,1.0,Man United,R Jones,10.0,2.0,10.0,12.0,3.0,0.0,2.0,0.0,2025,Fulham,4
2024-08-16,Fri,Premier League,Home,W,1.0,0.0,Fulham,R Jones,14.0,5.0,12.0,10.0,2.0,0.0,3.0,0.0,2025,Man United,4
2024-08-17,Sat,Premier League,Home,W,2.0,0.0,Wolves,J Gillett,18.0,6.0,17.0,14.0,2.0,0.0,2.0,0.0,2025,Arsenal,5
2024-08-17,Sat,Premier League,Away,W,2.0,1.0,West Ham,T Harrington,15.0,3.0,11.0,18.0,2.0,0.0,1.0,0.0,2025,Aston Villa,5
2024-08-17,Sat,Premier League,Away,D,1.0,1.0,Nott'm Forest,M Oliver,13.0,4.0,8.0,17.0,3.0,0.0,1.0,0.0,2025,Bournemouth,5
2024-08-17,Sat,Premier League,Away,W,3.0,0.0,Everton,S Hooper,10.0,5.0,8.0,8.0,1.0,0.0,1.0,1.0,2025,Brighton,5
2024-08-17,Sat,Premier League,Home,L,0.0,3.0,Brighton,S Hooper,9.0,1.0,8.0,8.0,1.0,1.0,1.0,0.0,2025,Everton,5
2024-08-17,Sat,Premier League,Home,L,0.0,2.0,Liverpool,T Robinson,7.0,2.0,9.0,18.0,3.0,0.0,1.0,0.0,2025,Ipswich,5
2024-08-17,Sat,Premier League,Away,W,2.0,0.0,Ipswich,T Robinson,18.0,5.0,18.0,9.0,1.0,0.0,3.0,0.0,2025,Liverpool,5
2024-08-17,Sat,Premier League,Home,W,1.0,0.0,Southampton,C Pawson,3.0,1.0,15.0,16.0,2.0,1.0,4.0,0.0,2025,Newcastle,5
2024-08-17,Sat,Premier League,Home,D,1.0,1.0,Bournemouth,M Oliver,14.0,8.0,17.0,8.0,1.0,0.0,3.0,0.0,2025,Nott'm Forest,5
2024-08-17,Sat,Premier League,Away,L,0.0,1.0,Newcastle,C Pawson,19.0,4.0,16.0,15.0,4.0,0.0,2.0,1.0,2025,Southampton,5
2024-08-17,Sat,Premier League,Home,L,1.0,2.0,Aston Villa,T Harrington,14.0,3.0,18.0,11.0,1.0,0.0,2.0,0.0,2025,West Ham,5
2024-08-17,Sat,Premier League,Away,L,0.0,2.0,Arsenal,J Gillett,9.0,3.0,14.0,17.0,2.0,0.0,2.0,0.0,2025,Wolves,5
2024-08-18,Sun,Premier League,Home,W,2.0,1.0,Crystal Palace,S Barrott,9.0,5.0,6.0,15.0,1.0,0.0,5.0,0.0,2025,Brentford,6
2024-08-18,Sun,Premier League,Home,L,0.0,2.0,Man City,A Taylor,10.0,3.0,12.0,9.0,1.0,0.0,1.0,0.0,2025,Chelsea,6
2024-08-18,Sun,Premier League,Away,L,1.0,2.0,Brentford,S Barrott,14.0,6.0,15.0,6.0,5.0,0.0,1.0,0.0,2025,Crystal Palace,6
2024-08-18,Sun,Premier League,Away,W,2.0,0.0,Chelsea,A Taylor,11.0,5.0,9.0,12.0,1.0,0.0,1.0,0.0,2025,Man City,6
2024-08-19,Mon,Premier League,Home,D,1.0,1.0,Tottenham,C Kavanagh,7.0,3.0,11.0,12.0,1.0,0.0,1.0,0.0,2025,Leicester,0
2024-08-19,Mon,Premier League,Away,D,1.0,1.0,Leicester,C Kavanagh,15.0,7.0,12.0,11.0,1.0,0.0,1.0,0.0,2025,Tottenham,0
2024-08-24,Sat,Premier League,Away,W,2.0,0.0,Aston Villa,M Oliver,9.0,4.0,15.0,8.0,3.0,0.0,1.0,0.0,2025,Arsenal,5
2024-08-24,Sat,Premier League,Home,L,0.0,2.0,Arsenal,M Oliver,11.0,3.0,8.0,15.0,1.0,0.0,3.0,0.0,2025,Aston Villa,5
2024-08-24,Sat,Premier League,Home,W,2.0,1.0,Man United,C Pawson,14.0,5.0,9.0,13.0,1.0,0.0,2.0,0.0,2025,Brighton,5
2024-08-24,Sat,Premier League,Home,L,0.0,2.0,West Ham,R Jones,14.0,2.0,9.0,17.0,1.0,0.0,1.0,0.0,2025,Crystal Palace,5
2024-08-24,Sat,Premier League,Away,L,0.0,4.0,Tottenham,A Taylor,10.0,1.0,15.0,11.0,0.0,0.0,0.0,0.0,2025,Everton,5
2024-08-24,Sat,Premier League,Home,W,2.0,1.0,Leicester,D Bond,18.0,6.0,14.0,13.0,2.0,0.0,2.0,0.0,2025,Fulham,5
2024-08-24,Sat,Premier League,Away,L,1.0,4.0,Man City,M Salisbury,1.0,1.0,15.0,4.0,3.0,0.0,2.0,0.0,2025,Ipswich,5
2024-08-24,Sat,Premier League,Away,L,1.0,2.0,Fulham,D Bond,10.0,4.0,13.0,14.0,2.0,0.0,2.0,0.0,2025,Leicester,5
2024-08-24,Sat,Premier League,Home,W,4.0,1.0,Ipswich,M Salisbury,14.0,5.0,4.0,15.0,2.0,0.0,3.0,0.0,2025,Man City,5
2024-08-24,Sat,Premier League,Away,L,1.0,2.0,Brighton,C Pawson,11.0,4.0,13.0,9.0,2.0,0.0,1.0,0.0,2025,Man United,5
2024-08-24,Sat,Premier League,Away,W,1.0,0.0,Southampton,S Barrott,23.0,8.0,14.0,14.0,3.0,0.0,3.0,0.0,2025,Nott'm Forest,5
2024-08-24,Sat,Premier League,Home,L,0.0,1.0,Nott'm Forest,S Barrott,5.0,1.0,14.0,14.0,3.0,0.0,3.0,0.0,2025,Southampton,5
2024-08-24,Sat,Premier League,Home,W,4.0,0.0,Everton,A Taylor,13.0,7.0,11.0,15.0,0.0,0.0,0.0,0.0,2025,Tottenham,5
2024-08-24,Sat,Premier League,Away,W,2.0,0.0,Crystal Palace,R Jones,18.0,3.0,17.0,9.0,1.0,0.0,1.0,0.0,2025,West Ham,5
2024-08-25,Sun,Premier League,Home,D,1.0,1.0,Newcastle,D Coote,16.0,4.0,19.0,8.0,2.0,0.0,2.0,0.0,2025,Bournemouth,6
2024-08-25,Sun,Premier League,Away,L,0.0,2.0,Liverpool,S Attwell,8.0,2.0,7.0,10.0,3.0,0.0,2.0,0.0,2025,Brentford,6
2024-08-25,Sun,Premier League,Away,W,6.0,2.0,Wolves,D England,14.0,8.0,13.0,13.0,3.0,0.0,2.0,0.0,2025,Chelsea,6
2024-08-25,Sun,Premier League,Home,W,2.0,0.0,Brentford,S Attwell,19.0,8.0,10.0,7.0,2.0,0.0,3.0,0.0,2025,Liverpool,6
2024-08-25,Sun,Premier League,Away,D,1.0,1.0,Bournemouth,D Coote,14.0,5.0,8.0,19.0,2.0,0.0,2.0,0.0,2025,Newcastle,6
2024-08-25,Sun,Premier League,Home,L,2.0,6.0,Chelsea,D England,12.0,4.0,13.0,13.0,2.0,0.0,3.0,0.0,2025,Wolves,6
2024-08-31,Sat,Premier League,Home,D,1.0,1.0,Brighton,C Kavanagh,11.0,7.0,12.0,7.0,3.0,1.0,2.0,0.0,2025,Arsenal,5
2024-08-31,Sat,Premier League,Away,W,2.0,1.0,Leicester,D Coote,10.0,5.0,21.0,13.0,5.0,0.0,4.0,0.0,2025,Aston Villa,5
2024-08-31,Sat,Premier League,Away,W,3.0,2.0,Everton,S Attwell,17.0,7.0,1.0,6.0,1.0,0.0,2.0,0.0,2025,Bournemouth,5
2024-08-31,Sat,Premier League,Home,W,3.0,1.0,Southampton,J Smith,20.0,7.0,10.0,7.0,2.0,0.0,1.0,0.0,2025,Brentford,5
2024-08-31,Sat,Premier League,Away,D,1.0,1.0,Arsenal,C Kavanagh,22.0,4.0,7.0,12.0,2.0,0.0,3.0,1.0,2025,Brighton,5
2024-08-31,Sat,Premier League,Home,L,2.0,3.0,Bournemouth,S Attwell,18.0,8.0,6.0,1.0,2.0,0.0,1.0,0.0,2025,Everton,5
2024-08-31,Sat,Premier League,Away,D,1.0,1.0,Ipswich,L Smith,9.0,4.0,15.0,15.0,3.0,0.0,2.0,0.0,2025,Fulham,5
2024-08-31,Sat,Premier League,Home,D,1.0,1.0,Fulham,L Smith,11.0,4.0,15.0,15.0,2.0,0.0,3.0,0.0,2025,Ipswich,5
2024-08-31,Sat,Premier League,Home,L,1.0,2.0,Aston Villa,D Coote,9.0,3.0,13.0,21.0,4.0,0.0,5.0,0.0,2025,Leicester,5
2024-08-31,Sat,Premier League,Away,W,3.0,1.0,West Ham,M Oliver,23.0,8.0,3.0,10.0,2.0,0.0,3.0,0.0,2025,Man City,5
2024-08-31,Sat,Premier League,Home,D,1.0,1.0,Wolves,S Hooper,16.0,5.0,15.0,18.0,3.0,0.0,4.0,0.0,2025,Nott'm Forest,5
2024-08-31,Sat,Premier League,Away,L,1.0,3.0,Brentford,J Smith,18.0,6.0,7.0,10.0,1.0,0.0,2.0,0.0,2025,Southampton,5
2024-08-31,Sat,Premier League,Home,L,1.0,3.0,Man City,M Oliver,10.0,2.0,10.0,3.0,3.0,0.0,2.0,0.0,2025,West Ham,5
2024-08-31,Sat,Premier League,Away,D,1.0,1.0,Nott'm Forest,S Hooper,11.0,3.0,18.0,15.0,4.0,0.0,3.0,0.0,2025,Wolves,5
2024-09-01,Sun,Premier League,Home,D,1.0,1.0,Crystal Palace,J Gillett,13.0,7.0,9.0,13.0,4.0,0.0,2.0,0.0,2025,Chelsea,6
2024-09-01,Sun,Premier League,Away,D,1.0,1.0,Chelsea,J Gillett,9.0,3.0,13.0,9.0,2.0,0.0,4.0,0.0,2025,Crystal Palace,6
2024-09-01,Sun,Premier League,Away,W,3.0,0.0,Man United,A Taylor,11.0,3.0,7.0,7.0,1.0,0.0,4.0,0.0,2025,Liverpool,6
2024-09-01,Sun,Premier League,Home,L,0.0,3.0,Liverpool,A Taylor,8.0,3.0,7.0,7.0,4.0,0.0,1.0,0.0,2025,Man United,6
2024-09-01,Sun,Premier League,Home,W,2.0,1.0,Tottenham,R Jones,9.0,3.0,16.0,13.0,4.0,0.0,4.0,0.0,2025,Newcastle,6
2024-09-01,Sun,Premier League,Away,L,1.0,2.0,Newcastle,R Jones,20.0,6.0,13.0,16.0,4.0,0.0,4.0,0.0,2025,Tottenham,6
2024-09-14,Sat,Premier League,Home,W,3.0,2.0,Everton,C Pawson,17.0,8.0,10.0,12.0,1.0,0.0,4.0,0.0,2025,Aston Villa,5
2024-09-14,Sat,Premier League,Home,L,0.0,1.0,Chelsea,A Taylor,19.0,7.0,16.0,9.0,6.0,0.0,8.0,0.0,2025,Bournemouth,5
2024-09-14,Sat,Premier League,Away,L,1.0,2.0,Man City,D Bond,8.0,5.0,3.0,9.0,1.0,0.0,3.0,0.0,2025,Brentford,5
2024-09-14,Sat,Premier League,Home,D,0.0,0.0,Ipswich,S Barrott,21.0,6.0,14.0,16.0,4.0,0.0,3.0,0.0,2025,Brighton,5
2024-09-14,Sat,Premier League,Away,W,1.0,0.0,Bournemouth,A Taylor,10.0,3.0,9.0,16.0,8.0,0.0,6.0,0.0,2025,Chelsea,5
2024-09-14,Sat,Premier League,Home,D,2.0,2.0,Leicester,T Harrington,20.0,4.0,11.0,15.0,0.0,0.0,3.0,0.0,2025,Crystal Palace,5
2024-09-14,Sat,Premier League,Away,L,2.0,3.0,Aston Villa,C Pawson,6.0,2.0,12.0,10.0,4.0,0.0,1.0,0.0,2025,Everton,5
2024-09-14,Sat,Premier League,Home,D,1.0,1.0,West Ham,T Robinson,21.0,5.0,15.0,18.0,2.0,0.0,3.0,0.0,2025,Fulham,5
2024-09-14,Sat,Premier League,Away,D,0.0,0.0,Brighton,S Barrott,6.0,1.0,16.0,14.0,3.0,0.0,4.0,0.0,2025,Ipswich,5
2024-09-14,Sat,Premier League,Away,D,2.0,2.0,Crystal Palace,T Harrington,9.0,4.0,15.0,11.0,3.0,0.0,0.0,0.0,2025,Leicester,5
2024-09-14,Sat,Premier League,Home,L,0.0,1.0,Nott'm Forest,M Oliver,14.0,5.0,15.0,6.0,4.0,0.0,4.0,0.0,2025,Liverpool,5
2024-09-14,Sat,Premier League,Home,W,2.0,1.0,Brentford,D Bond,18.0,7.0,9.0,3.0,3.0,0.0,1.0,0.0,2025,Man City,5
2024-09-14,Sat,Premier League,Away,W,3.0,0.0,Southampton,S Attwell,20.0,10.0,14.0,11.0,4.0,0.0,1.0,1.0,2025,Man United,5
2024-09-14,Sat,Premier League,Away,W,1.0,0.0,Liverpool,M Oliver,5.0,3.0,6.0,15.0,4.0,0.0,4.0,0.0,2025,Nott'm Forest,5
2024-09-14,Sat,Premier League,Home,L,0.0,3.0,Man United,S Attwell,6.0,4.0,11.0,14.0,1.0,1.0,4.0,0.0,2025,Southampton,5
2024-09-14,Sat,Premier League,Away,D,1.0,1.0,Fulham,T Robinson,11.0,3.0,18.0,15.0,3.0,0.0,2.0,0.0,2025,West Ham,5
2024-09-15,Sun,Premier League,Away,W,1.0,0.0,Tottenham,J Gillett,7.0,4.0,10.0,13.0,3.0,0.0,5.0,0.0,2025,Arsenal,6
2024-09-15,Sun,Premier League,Away,W,2.0,1.0,Wolves,C Kavanagh,14.0,6.0,6.0,17.0,3.0,0.0,3.0,0.0,2025,Newcastle,6
2024-09-15,Sun,Premier League,Home,L,0.0,1.0,Arsenal,J Gillett,15.0,5.0,13.0,10.0,5.0,0.0,3.0,0.0,2025,Tottenham,6
2024-09-15,Sun,Premier League,Home,L,1.0,2.0,Newcastle,C Kavanagh,12.0,5.0,17.0,6.0,3.0,0.0,3.0,0.0,2025,Wolves,6
2024-09-21,Sat,Premier League,Home,W,3.0,1.0,Wolves,T Robinson,9.0,4.0,11.0,16.0,3.0,0.0,6.0,0.0,2025,Aston Villa,5
2024-09-21,Sat,Premier League,Away,L,0.0,3.0,Liverpool,T Harrington,19.0,6.0,12.0,10.0,4.0,0.0,1.0,0.0,2025,Bournemouth,5
2024-09-21,Sat,Premier League,Away,L,1.0,3.0,Tottenham,J Brooks,6.0,6.0,9.0,11.0,1.0,0.0,3.0,0.0,2025,Brentford,5
2024-09-21,Sat,Premier League,Away,W,3.0,0.0,West Ham,S Barrott,12.0,5.0,9.0,17.0,2.0,0.0,5.0,0.0,2025,Chelsea,5
2024-09-21,Sat,Premier League,Home,D,0.0,0.0,Man United,D Coote,9.0,4.0,7.0,12.0,3.0,0.0,1.0,0.0,2025,Crystal Palace,5
2024-09-21,Sat,Premier League,Away,D,1.0,1.0,Leicester,D England,16.0,5.0,12.0,11.0,2.0,0.0,1.0,0.0,2025,Everton,5
2024-09-21,Sat,Premier League,Home,W,3.0,1.0,Newcastle,P Bankes,22.0,11.0,16.0,8.0,6.0,0.0,0.0,0.0,2025,Fulham,5
2024-09-21,Sat,Premier League,Away,D,1.0,1.0,Southampton,S Allison,13.0,6.0,16.0,16.0,4.0,0.0,4.0,0.0,2025,Ipswich,5
2024-09-21,Sat,Premier League,Home,D,1.0,1.0,Everton,D England,12.0,2.0,11.0,12.0,1.0,0.0,2.0,0.0,2025,Leicester,5
2024-09-21,Sat,Premier League,Home,W,3.0,0.0,Bournemouth,T Harrington,19.0,13.0,10.0,12.0,1.0,0.0,4.0,0.0,2025,Liverpool,5
2024-09-21,Sat,Premier League,Away,D,0.0,0.0,Crystal Palace,D Coote,15.0,6.0,12.0,7.0,1.0,0.0,3.0,0.0,2025,Man United,5
2024-09-21,Sat,Premier League,Away,L,1.0,3.0,Fulham,P Bankes,15.0,4.0,8.0,16.0,0.0,0.0,6.0,0.0,2025,Newcastle,5
2024-09-21,Sat,Premier League,Home,D,1.0,1.0,Ipswich,S Allison,11.0,3.0,16.0,16.0,4.0,0.0,4.0,0.0,2025,Southampton,5
2024-09-21,Sat,Premier League,Home,W,3.0,1.0,Brentford,J Brooks,23.0,10.0,11.0,9.0,3.0,0.0,1.0,0.0,2025,Tottenham,5
2024-09-21,Sat,Premier League,Home,L,0.0,3.0,Chelsea,S Barrott,15.0,7.0,17.0,9.0,5.0,0.0,2.0,0.0,2025,West Ham,5
2024-09-21,Sat,Premier League,Away,L,1.0,3.0,Aston Villa,T Robinson,10.0,4.0,16.0,11.0,6.0,0.0,3.0,0.0,2025,Wolves,5
2024-09-22,Sun,Premier League,Away,D,2.0,2.0,Man City,M Oliver,5.0,3.0,10.0,7.0,4.0,1.0,3.0,0.0,2025,Arsenal,6
2024-09-22,Sun,Premier League,Home,D,2.0,2.0,Nott'm Forest,R Jones,14.0,3.0,12.0,11.0,3.0,0.0,4.0,1.0,2025,Brighton,6
2024-09-22,Sun,Premier League,Home,D,2.0,2.0,Arsenal,M Oliver,33.0,11.0,7.0,10.0,3.0,0.0,4.0,1.0,2025,Man City,6
2024-09-22,Sun,Premier League,Away,D,2.0,2.0,Brighton,R Jones,4.0,3.0,11.0,12.0,4.0,1.0,3.0,0.0,2025,Nott'm Forest,6
2024-09-28,Sat,Premier League,Home,W,4.0,2.0,Leicester,S Barrott,36.0,16.0,11.0,6.0,2.0,0.0,4.0,0.0,2025,Arsenal,5
2024-09-28,Sat,Premier League,Home,D,1.0,1.0,West Ham,S Hooper,8.0,3.0,2.0,11.0,2.0,0.0,3.0,0.0,2025,Brentford,5
2024-09-28,Sat,Premier League,Away,L,2.0,4.0,Chelsea,P Bankes,15.0,5.0,8.0,11.0,2.0,0.0,3.0,0.0,2025,Brighton,5
2024-09-28,Sat,Premier League,Home,W,4.0,2.0,Brighton,P Bankes,15.0,7.0,11.0,8.0,3.0,0.0,2.0,0.0,2025,Chelsea,5
2024-09-28,Sat,Premier League,Away,L,1.0,2.0,Everton,A Madley,17.0,5.0,11.0,13.0,1.0,0.0,2.0,0.0,2025,Crystal Palace,5
2024-09-28,Sat,Premier League,Home,W,2.0,1.0,Crystal Palace,A Madley,8.0,2.0,13.0,11.0,2.0,0.0,1.0,0.0,2025,Everton,5
2024-09-28,Sat,Premier League,Away,W,1.0,0.0,Nott'm Forest,J Smith,14.0,2.0,15.0,11.0,4.0,0.0,2.0,0.0,2025,Fulham,5
2024-09-28,Sat,Premier League,Away,L,2.0,4.0,Arsenal,S Barrott,5.0,3.0,6.0,11.0,4.0,0.0,2.0,0.0,2025,Leicester,5
2024-09-28,Sat,Premier League,Away,W,2.0,1.0,Wolves,A Taylor,10.0,6.0,8.0,16.0,3.0,0.0,2.0,0.0,2025,Liverpool,5
2024-09-28,Sat,Premier League,Away,D,1.0,1.0,Newcastle,J Gillett,16.0,6.0,10.0,14.0,4.0,0.0,4.0,0.0,2025,Man City,5
2024-09-28,Sat,Premier League,Home,D,1.0,1.0,Man City,J Gillett,11.0,4.0,14.0,10.0,4.0,0.0,4.0,0.0,2025,Newcastle,5
2024-09-28,Sat,Premier League,Home,L,0.0,1.0,Fulham,J Smith,11.0,1.0,11.0,15.0,2.0,0.0,4.0,0.0,2025,Nott'm Forest,5
2024-09-28,Sat,Premier League,Away,D,1.0,1.0,Brentford,S Hooper,19.0,3.0,11.0,2.0,3.0,0.0,2.0,0.0,2025,West Ham,5
2024-09-28,Sat,Premier League,Home,L,1.0,2.0,Liverpool,A Taylor,8.0,3.0,16.0,8.0,2.0,0.0,3.0,0.0,2025,Wolves,5
2024-09-29,Sun,Premier League,Away,D,2.0,2.0,Ipswich,S Attwell,7.0,3.0,14.0,10.0,1.0,0.0,4.0,0.0,2025,Aston Villa,6
2024-09-29,Sun,Premier League,Home,D,2.0,2.0,Aston Villa,S Attwell,15.0,5.0,10.0,14.0,4.0,0.0,1.0,0.0,2025,Ipswich,6
2024-09-29,Sun,Premier League,Home,L,0.0,3.0,Tottenham,C Kavanagh,11.0,2.0,16.0,14.0,5.0,1.0,3.0,0.0,2025,Man United,6
2024-09-29,Sun,Premier League,Away,W,3.0,0.0,Man United,C Kavanagh,24.0,10.0,14.0,16.0,3.0,0.0,5.0,1.0,2025,Tottenham,6
2024-09-30,Mon,Premier League,Home,W,3.0,1.0,Southampton,M Oliver,14.0,6.0,19.0,12.0,2.0,0.0,5.0,0.0,2025,Bournemouth,0
2024-09-30,Mon,Premier League,Away,L,1.0,3.0,Bournemouth,M Oliver,9.0,3.0,12.0,19.0,5.0,0.0,2.0,0.0,2025,Southampton,0
2024-10-05,Sat,Premier League,Home,W,3.0,1.0,Southampton,T Harrington,29.0,6.0,10.0,9.0,0.0,0.0,3.0,0.0,2025,Arsenal,5
2024-10-05,Sat,Premier League,Away,L,0.0,1.0,Leicester,D Bond,17.0,2.0,14.0,12.0,1.0,0.0,4.0,0.0,2025,Bournemouth,5
2024-10-05,Sat,Premier League,Home,W,5.0,3.0,Wolves,A Madley,19.0,12.0,9.0,10.0,2.0,0.0,3.0,0.0,2025,Brentford,5
2024-10-05,Sat,Premier League,Home,L,0.0,1.0,Liverpool,S Hooper,9.0,5.0,7.0,15.0,4.0,0.0,2.0,0.0,2025,Crystal Palace,5
2024-10-05,Sat,Premier League,Home,D,0.0,0.0,Newcastle,C Pawson,8.0,2.0,12.0,8.0,1.0,0.0,2.0,0.0,2025,Everton,5
2024-10-05,Sat,Premier League,Away,L,2.0,3.0,Man City,P Bankes,11.0,4.0,10.0,4.0,1.0,0.0,2.0,0.0,2025,Fulham,5
2024-10-05,Sat,Premier League,Away,L,1.0,4.0,West Ham,A Taylor,9.0,2.0,6.0,12.0,1.0,0.0,0.0,0.0,2025,Ipswich,5
2024-10-05,Sat,Premier League,Home,W,1.0,0.0,Bournemouth,D Bond,6.0,2.0,12.0,14.0,4.0,0.0,1.0,0.0,2025,Leicester,5
2024-10-05,Sat,Premier League,Away,W,1.0,0.0,Crystal Palace,S Hooper,16.0,4.0,15.0,7.0,2.0,0.0,4.0,0.0,2025,Liverpool,5
2024-10-05,Sat,Premier League,Home,W,3.0,2.0,Fulham,P Bankes,20.0,7.0,4.0,10.0,2.0,0.0,1.0,0.0,2025,Man City,5
2024-10-05,Sat,Premier League,Away,D,0.0,0.0,Everton,C Pawson,14.0,3.0,8.0,12.0,2.0,0.0,1.0,0.0,2025,Newcastle,5
2024-10-05,Sat,Premier League,Away,L,1.0,3.0,Arsenal,T Harrington,8.0,2.0,9.0,10.0,3.0,0.0,0.0,0.0,2025,Southampton,5
2024-10-05,Sat,Premier League,Home,W,4.0,1.0,Ipswich,A Taylor,23.0,13.0,12.0,6.0,0.0,0.0,1.0,0.0,2025,West Ham,5
2024-10-05,Sat,Premier League,Away,L,3.0,5.0,Brentford,A Madley,17.0,6.0,10.0,9.0,3.0,0.0,2.0,0.0,2025,Wolves,5
2024-10-06,Sun,Premier League,Home,D,0.0,0.0,Man United,R Jones,11.0,1.0,12.0,11.0,1.0,0.0,5.0,0.0,2025,Aston Villa,6
2024-10-06,Sun,Premier League,Home,W,3.0,2.0,Tottenham,D Coote,11.0,4.0,14.0,10.0,2.0,0.0,2.0,0.0,2025,Brighton,6
2024-10-06,Sun,Premier League,Home,D,1.0,1.0,Nott'm Forest,C Kavanagh,22.0,8.0,12.0,11.0,6.0,0.0,2.0,1.0,2025,Chelsea,6
2024-10-06,Sun,Premier League,Away,D,0.0,0.0,Aston Villa,R Jones,10.0,4.0,11.0,12.0,5.0,0.0,1.0,0.0,2025,Man United,6
2024-10-06,Sun,Premier League,Away,D,1.0,1.0,Chelsea,C Kavanagh,16.0,9.0,11.0,12.0,2.0,1.0,6.0,0.0,2025,Nott'm Forest,6
2024-10-06,Sun,Premier League,Away,L,2.0,3.0,Brighton,D Coote,13.0,3.0,10.0,14.0,2.0,0.0,2.0,0.0,2025,Tottenham,6
2024-10-19,Sat,Premier League,Away,L,0.0,2.0,Bournemouth,R Jones,6.0,1.0,11.0,12.0,1.0,1.0,1.0,0.0,2025,Arsenal,5
2024-10-19,Sat,Premier League,Away,W,3.0,1.0,Fulham,D England,14.0,5.0,11.0,8.0,3.0,1.0,3.0,1.0,2025,Aston Villa,5
2024-10-19,Sat,Premier League,Home,W,2.0,0.0,Arsenal,R Jones,13.0,4.0,12.0,11.0,1.0,0.0,1.0,1.0,2025,Bournemouth,5
2024-10-19,Sat,Premier League,Away,L,1.0,2.0,Man United,S Barrott,8.0,2.0,5.0,14.0,2.0,0.0,2.0,0.0,2025,Brentford,5
2024-10-19,Sat,Premier League,Away,W,1.0,0.0,Newcastle,P Bankes,10.0,5.0,9.0,11.0,2.0,0.0,2.0,0.0,2025,Brighton,5
2024-10-19,Sat,Premier League,Away,W,2.0,0.0,Ipswich,M Oliver,11.0,8.0,10.0,12.0,1.0,0.0,1.0,0.0,2025,Everton,5
2024-10-19,Sat,Premier League,Home,L,1.0,3.0,Aston Villa,D England,10.0,4.0,8.0,11.0,3.0,1.0,3.0,1.0,2025,Fulham,5
2024-10-19,Sat,Premier League,Home,L,0.0,2.0,Everton,M Oliver,13.0,2.0,12.0,10.0,1.0,0.0,1.0,0.0,2025,Ipswich,5
2024-10-19,Sat,Premier League,Away,W,3.0,2.0,Southampton,A Taylor,18.0,4.0,10.0,10.0,3.0,0.0,5.0,1.0,2025,Leicester,5
2024-10-19,Sat,Premier League,Home,W,2.0,1.0,Brentford,S Barrott,23.0,11.0,14.0,5.0,2.0,0.0,2.0,0.0,2025,Man United,5
2024-10-19,Sat,Premier League,Home,L,0.0,1.0,Brighton,P Bankes,21.0,6.0,11.0,9.0,2.0,0.0,2.0,0.0,2025,Newcastle,5
2024-10-19,Sat,Premier League,Home,L,2.0,3.0,Leicester,A Taylor,14.0,7.0,10.0,10.0,5.0,1.0,3.0,0.0,2025,Southampton,5
2024-10-19,Sat,Premier League,Home,W,4.0,1.0,West Ham,A Madley,22.0,7.0,10.0,15.0,1.0,0.0,3.0,1.0,2025,Tottenham,5
2024-10-19,Sat,Premier League,Away,L,1.0,4.0,Tottenham,A Madley,11.0,4.0,15.0,10.0,3.0,1.0,1.0,0.0,2025,West Ham,5
2024-10-20,Sun,Premier League,Away,L,1.0,2.0,Liverpool,J Brooks,12.0,2.0,13.0,12.0,3.0,0.0,4.0,0.0,2025,Chelsea,6
2024-10-20,Sun,Premier League,Home,W,2.0,1.0,Chelsea,J Brooks,9.0,5.0,12.0,13.0,4.0,0.0,3.0,0.0,2025,Liverpool,6
2024-10-20,Sun,Premier League,Away,W,2.0,1.0,Wolves,C Kavanagh,22.0,7.0,5.0,8.0,1.0,0.0,4.0,0.0,2025,Man City,6
2024-10-20,Sun,Premier League,Home,L,1.0,2.0,Man City,C Kavanagh,3.0,2.0,8.0,5.0,4.0,0.0,1.0,0.0,2025,Wolves,6
2024-10-21,Mon,Premier League,Away,L,0.0,1.0,Nott'm Forest,T Robinson,20.0,7.0,12.0,9.0,3.0,0.0,2.0,0.0,2025,Crystal Palace,0
2024-10-21,Mon,Premier League,Home,W,1.0,0.0,Crystal Palace,T Robinson,20.0,6.0,9.0,12.0,2.0,0.0,3.0,0.0,2025,Nott'm Forest,0
2024-10-25,Fri,Premier League,Home,L,1.0,3.0,Nott'm Forest,C Pawson,11.0,1.0,16.0,9.0,5.0,0.0,2.0,0.0,2025,Leicester,4
2024-10-25,Fri,Premier League,Away,W,3.0,1.0,Leicester,C Pawson,20.0,5.0,9.0,16.0,2.0,0.0,5.0,0.0,2025,Nott'm Forest,4
2024-10-26,Sat,Premier League,Home,D,1.0,1.0,Bournemouth,A Madley,18.0,8.0,12.0,14.0,7.0,0.0,6.0,0.0,2025,Aston Villa,5
2024-10-26,Sat,Premier League,Away,D,1.0,1.0,Aston Villa,A Madley,11.0,3.0,14.0,12.0,6.0,0.0,7.0,0.0,2025,Bournemouth,5
2024-10-26,Sat,Premier League,Home,W,4.0,3.0,Ipswich,L Smith,20.0,9.0,7.0,10.0,0.0,0.0,1.0,1.0,2025,Brentford,5
2024-10-26,Sat,Premier League,Home,D,2.0,2.0,Wolves,M Oliver,19.0,6.0,12.0,10.0,3.0,0.0,3.0,0.0,2025,Brighton,5
2024-10-26,Sat,Premier League,Home,D,1.0,1.0,Fulham,J Brooks,10.0,5.0,8.0,8.0,1.0,0.0,0.0,0.0,2025,Everton,5
2024-10-26,Sat,Premier League,Away,D,1.0,1.0,Everton,J Brooks,14.0,3.0,8.0,8.0,0.0,0.0,1.0,0.0,2025,Fulham,5
2024-10-26,Sat,Premier League,Away,L,3.0,4.0,Brentford,L Smith,11.0,5.0,10.0,7.0,1.0,1.0,0.0,0.0,2025,Ipswich,5
2024-10-26,Sat,Premier League,Home,W,1.0,0.0,Southampton,T Harrington,22.0,8.0,9.0,9.0,1.0,0.0,3.0,0.0,2025,Man City,5
2024-10-26,Sat,Premier League,Away,L,0.0,1.0,Man City,T Harrington,5.0,2.0,9.0,9.0,3.0,0.0,1.0,0.0,2025,Southampton,5
2024-10-26,Sat,Premier League,Away,D,2.0,2.0,Brighton,M Oliver,14.0,7.0,10.0,12.0,3.0,0.0,3.0,0.0,2025,Wolves,5
2024-10-27,Sun,Premier League,Home,D,2.0,2.0,Liverpool,A Taylor,9.0,3.0,14.0,14.0,2.0,0.0,2.0,0.0,2025,Arsenal,6
2024-10-27,Sun,Premier League,Home,W,2.0,1.0,Newcastle,S Hooper,17.0,7.0,13.0,16.0,6.0,0.0,3.0,0.0,2025,Chelsea,6
2024-10-27,Sun,Premier League,Home,W,1.0,0.0,Tottenham,D Bond,14.0,6.0,16.0,12.0,4.0,0.0,4.0,0.0,2025,Crystal Palace,6
2024-10-27,Sun,Premier League,Away,D,2.0,2.0,Arsenal,A Taylor,9.0,4.0,14.0,14.0,2.0,0.0,2.0,0.0,2025,Liverpool,6
2024-10-27,Sun,Premier League,Away,L,1.0,2.0,West Ham,D Coote,18.0,5.0,7.0,6.0,1.0,0.0,5.0,0.0,2025,Man United,6
2024-10-27,Sun,Premier League,Away,L,1.0,2.0,Chelsea,S Hooper,11.0,3.0,16.0,13.0,3.0,0.0,6.0,0.0,2025,Newcastle,6
2024-10-27,Sun,Premier League,Away,L,0.0,1.0,Crystal Palace,D Bond,11.0,3.0,12.0,16.0,4.0,0.0,4.0,0.0,2025,Tottenham,6
2024-10-27,Sun,Premier League,Home,W,2.0,1.0,Man United,D Coote,12.0,3.0,6.0,7.0,5.0,0.0,1.0,0.0,2025,West Ham,6
2024-11-02,Sat,Premier League,Away,L,0.0,1.0,Newcastle,J Brooks,10.0,1.0,18.0,16.0,4.0,0.0,4.0,0.0,2025,Arsenal,5
2024-11-02,Sat,Premier League,Home,W,2.0,1.0,Man City,M Oliver,12.0,6.0,11.0,6.0,2.0,0.0,1.0,0.0,2025,Bournemouth,5
2024-11-02,Sat,Premier League,Away,L,1.0,2.0,Liverpool,T Harrington,13.0,5.0,18.0,10.0,1.0,0.0,1.0,0.0,2025,Brighton,5
2024-11-02,Sat,Premier League,Away,D,2.0,2.0,Wolves,A Taylor,19.0,7.0,9.0,7.0,2.0,0.0,1.0,0.0,2025,Crystal Palace,5
2024-11-02,Sat,Premier League,Away,L,0.0,1.0,Southampton,A Madley,16.0,5.0,18.0,14.0,2.0,0.0,4.0,0.0,2025,Everton,5
2024-11-02,Sat,Premier League,Home,D,1.0,1.0,Leicester,T Robinson,14.0,2.0,11.0,10.0,4.0,1.0,2.0,0.0,2025,Ipswich,5
2024-11-02,Sat,Premier League,Away,D,1.0,1.0,Ipswich,T Robinson,20.0,6.0,10.0,11.0,2.0,0.0,4.0,1.0,2025,Leicester,5
2024-11-02,Sat,Premier League,Home,W,2.0,1.0,Brighton,T Harrington,16.0,8.0,10.0,18.0,1.0,0.0,1.0,0.0,2025,Liverpool,5
2024-11-02,Sat,Premier League,Away,L,1.0,2.0,Bournemouth,M Oliver,18.0,4.0,6.0,11.0,1.0,0.0,2.0,0.0,2025,Man City,5
2024-11-02,Sat,Premier League,Home,W,1.0,0.0,Arsenal,J Brooks,9.0,4.0,16.0,18.0,4.0,0.0,4.0,0.0,2025,Newcastle,5
2024-11-02,Sat,Premier League,Home,W,3.0,0.0,West Ham,P Bankes,19.0,6.0,7.0,9.0,1.0,0.0,2.0,1.0,2025,Nott'm Forest,5
2024-11-02,Sat,Premier League,Home,W,1.0,0.0,Everton,A Madley,9.0,2.0,14.0,18.0,4.0,0.0,2.0,0.0,2025,Southampton,5
2024-11-02,Sat,Premier League,Away,L,0.0,3.0,Nott'm Forest,P Bankes,4.0,2.0,9.0,7.0,2.0,1.0,1.0,0.0,2025,West Ham,5
2024-11-02,Sat,Premier League,Home,D,2.0,2.0,Crystal Palace,A Taylor,11.0,6.0,7.0,9.0,1.0,0.0,2.0,0.0,2025,Wolves,5
2024-11-03,Sun,Premier League,Away,L,1.0,4.0,Tottenham,C Pawson,12.0,1.0,14.0,14.0,0.0,0.0,2.0,0.0,2025,Aston Villa,6
2024-11-03,Sun,Premier League,Away,D,1.0,1.0,Man United,R Jones,12.0,3.0,14.0,19.0,2.0,0.0,6.0,0.0,2025,Chelsea,6
2024-11-03,Sun,Premier League,Home,D,1.0,1.0,Chelsea,R Jones,11.0,4.0,19.0,14.0,6.0,0.0,2.0,0.0,2025,Man United,6
2024-11-03,Sun,Premier League,Home,W,4.0,1.0,Aston Villa,C Pawson,16.0,6.0,14.0,14.0,2.0,0.0,0.0,0.0,2025,Tottenham,6
2024-11-04,Mon,Premier League,Away,L,1.0,2.0,Fulham,S Attwell,5.0,2.0,10.0,3.0,1.0,0.0,2.0,0.0,2025,Brentford,0
2024-11-04,Mon,Premier League,Home,W,2.0,1.0,Brentford,S Attwell,26.0,12.0,3.0,10.0,2.0,0.0,1.0,0.0,2025,Fulham,0
2024-11-09,Sat,Premier League,Away,L,0.0,2.0,Liverpool,D Coote,12.0,2.0,15.0,11.0,3.0,0.0,0.0,0.0,2025,Aston Villa,5
2024-11-09,Sat,Premier League,Away,L,2.0,3.0,Brentford,D Bond,15.0,3.0,16.0,8.0,4.0,0.0,2.0,0.0,2025,Bournemouth,5
2024-11-09,Sat,Premier League,Home,W,3.0,2.0,Bournemouth,D Bond,12.0,6.0,8.0,16.0,2.0,0.0,4.0,0.0,2025,Brentford,5
2024-11-09,Sat,Premier League,Home,W,2.0,1.0,Man City,S Barrott,10.0,4.0,12.0,10.0,3.0,0.0,3.0,0.0,2025,Brighton,5
2024-11-09,Sat,Premier League,Home,L,0.0,2.0,Fulham,M Salisbury,13.0,5.0,10.0,11.0,1.0,1.0,1.0,0.0,2025,Crystal Palace,5
2024-11-09,Sat,Premier League,Away,D,0.0,0.0,West Ham,S Attwell,18.0,4.0,9.0,10.0,2.0,0.0,1.0,0.0,2025,Everton,5
2024-11-09,Sat,Premier League,Away,W,2.0,0.0,Crystal Palace,M Salisbury,17.0,7.0,11.0,10.0,1.0,0.0,1.0,1.0,2025,Fulham,5
2024-11-09,Sat,Premier League,Home,W,2.0,0.0,Aston Villa,D Coote,14.0,5.0,11.0,15.0,0.0,0.0,3.0,0.0,2025,Liverpool,5
2024-11-09,Sat,Premier League,Away,L,1.0,2.0,Brighton,S Barrott,15.0,6.0,10.0,12.0,3.0,0.0,3.0,0.0,2025,Man City,5
2024-11-09,Sat,Premier League,Away,L,0.0,2.0,Wolves,T Bramall,9.0,0.0,12.0,14.0,4.0,0.0,1.0,0.0,2025,Southampton,5
2024-11-09,Sat,Premier League,Home,D,0.0,0.0,Everton,S Attwell,11.0,6.0,10.0,9.0,1.0,0.0,2.0,0.0,2025,West Ham,5
2024-11-09,Sat,Premier League,Home,W,2.0,0.0,Southampton,T Bramall,8.0,4.0,14.0,12.0,1.0,0.0,4.0,0.0,2025,Wolves,5
2024-11-10,Sun,Premier League,Away,D,1.0,1.0,Chelsea,M Oliver,13.0,3.0,12.0,12.0,2.0,0.0,4.0,0.0,2025,Arsenal,6
2024-11-10,Sun,Premier League,Home,D,1.0,1.0,Arsenal,M Oliver,17.0,3.0,12.0,12.0,4.0,0.0,2.0,0.0,2025,Chelsea,6
2024-11-10,Sun,Premier League,Away,W,2.0,1.0,Tottenham,D England,8.0,3.0,19.0,10.0,5.0,0.0,1.0,0.0,2025,Ipswich,6
2024-11-10,Sun,Premier League,Away,L,0.0,3.0,Man United,P Bankes,6.0,5.0,5.0,9.0,1.0,0.0,0.0,0.0,2025,Leicester,6
2024-11-10,Sun,Premier League,Home,W,3.0,0.0,Leicester,P Bankes,13.0,3.0,9.0,5.0,0.0,0.0,1.0,0.0,2025,Man United,6
2024-11-10,Sun,Premier League,Away,W,3.0,1.0,Nott'm Forest,A Taylor,17.0,6.0,6.0,13.0,1.0,0.0,1.0,0.0,2025,Newcastle,6
2024-11-10,Sun,Premier League,Home,L,1.0,3.0,Newcastle,A Taylor,9.0,3.0,13.0,6.0,1.0,0.0,1.0,0.0,2025,Nott'm Forest,6
2024-11-10,Sun,Premier League,Home,L,1.0,2.0,Ipswich,D England,17.0,5.0,10.0,19.0,1.0,0.0,5.0,0.0,2025,Tottenham,6
2024-11-23,Sat,Premier League,Home,W,3.0,0.0,Nott'm Forest,S Hooper,19.0,7.0,10.0,1.0,3.0,0.0,2.0,0.0,2025,Arsenal,5
2024-11-23,Sat,Premier League,Home,D,2.0,2.0,Crystal Palace,T Robinson,17.0,5.0,10.0,11.0,3.0,0.0,2.0,0.0,2025,Aston Villa,5
2024-11-23,Sat,Premier League,Home,L,1.0,2.0,Brighton,S Attwell,19.0,5.0,13.0,10.0,2.0,0.0,2.0,1.0,2025,Bournemouth,5
2024-11-23,Sat,Premier League,Away,D,0.0,0.0,Everton,C Kavanagh,9.0,2.0,10.0,8.0,0.0,1.0,0.0,0.0,2025,Brentford,5
2024-11-23,Sat,Premier League,Away,W,2.0,1.0,Bournemouth,S Attwell,6.0,4.0,10.0,13.0,2.0,1.0,2.0,0.0,2025,Brighton,5
2024-11-23,Sat,Premier League,Away,W,2.0,1.0,Leicester,A Madley,16.0,7.0,12.0,15.0,3.0,0.0,4.0,0.0,2025,Chelsea,5
2024-11-23,Sat,Premier League,Away,D,2.0,2.0,Aston Villa,T Robinson,13.0,6.0,11.0,10.0,2.0,0.0,3.0,0.0,2025,Crystal Palace,5
2024-11-23,Sat,Premier League,Home,D,0.0,0.0,Brentford,C Kavanagh,27.0,5.0,8.0,10.0,0.0,0.0,0.0,1.0,2025,Everton,5
2024-11-23,Sat,Premier League,Home,L,1.0,4.0,Wolves,R Jones,10.0,3.0,14.0,14.0,3.0,0.0,0.0,0.0,2025,Fulham,5
2024-11-23,Sat,Premier League,Home,L,1.0,2.0,Chelsea,A Madley,4.0,1.0,15.0,12.0,4.0,0.0,3.0,0.0,2025,Leicester,5
2024-11-23,Sat,Premier League,Home,L,0.0,4.0,Tottenham,J Brooks,23.0,5.0,19.0,9.0,4.0,0.0,2.0,0.0,2025,Man City,5
2024-11-23,Sat,Premier League,Away,L,0.0,3.0,Arsenal,S Hooper,7.0,0.0,1.0,10.0,2.0,0.0,3.0,0.0,2025,Nott'm Forest,5
2024-11-23,Sat,Premier League,Away,W,4.0,0.0,Man City,J Brooks,9.0,7.0,9.0,19.0,2.0,0.0,4.0,0.0,2025,Tottenham,5
2024-11-23,Sat,Premier League,Away,W,4.0,1.0,Fulham,R Jones,10.0,5.0,14.0,14.0,0.0,0.0,3.0,0.0,2025,Wolves,5
2024-11-24,Sun,Premier League,Home,D,1.0,1.0,Man United,A Taylor,11.0,6.0,11.0,10.0,0.0,0.0,0.0,0.0,2025,Ipswich,6
2024-11-24,Sun,Premier League,Away,W,3.0,2.0,Southampton,S Barrott,27.0,11.0,9.0,11.0,4.0,0.0,3.0,0.0,2025,Liverpool,6
2024-11-24,Sun,Premier League,Away,D,1.0,1.0,Ipswich,A Taylor,11.0,4.0,10.0,11.0,0.0,0.0,0.0,0.0,2025,Man United,6
2024-11-24,Sun,Premier League,Home,L,2.0,3.0,Liverpool,S Barrott,7.0,5.0,11.0,9.0,3.0,0.0,4.0,0.0,2025,Southampton,6
2024-11-25,Mon,Premier League,Home,L,0.0,2.0,West Ham,C Pawson,18.0,2.0,11.0,8.0,1.0,0.0,0.0,0.0,2025,Newcastle,0
2024-11-25,Mon,Premier League,Away,W,2.0,0.0,Newcastle,C Pawson,15.0,6.0,8.0,11.0,0.0,0.0,1.0,0.0,2025,West Ham,0
2024-11-29,Fri,Premier League,Home,D,1.0,1.0,Southampton,R Jones,22.0,5.0,20.0,16.0,2.0,0.0,4.0,0.0,2025,Brighton,4
2024-11-29,Fri,Premier League,Away,D,1.0,1.0,Brighton,R Jones,10.0,2.0,16.0,20.0,4.0,0.0,2.0,0.0,2025,Southampton,4
2024-11-30,Sat,Premier League,Away,W,5.0,2.0,West Ham,A Taylor,16.0,7.0,13.0,10.0,1.0,0.0,4.0,0.0,2025,Arsenal,5
2024-11-30,Sat,Premier League,Away,W,4.0,2.0,Wolves,P Bankes,12.0,8.0,11.0,13.0,1.0,0.0,4.0,0.0,2025,Bournemouth,5
2024-11-30,Sat,Premier League,Home,W,4.0,1.0,Leicester,M Oliver,13.0,6.0,9.0,10.0,1.0,0.0,1.0,0.0,2025,Brentford,5
2024-11-30,Sat,Premier League,Home,D,1.0,1.0,Newcastle,D England,16.0,4.0,12.0,11.0,3.0,0.0,3.0,0.0,2025,Crystal Palace,5
2024-11-30,Sat,Premier League,Away,L,0.0,1.0,Nott'm Forest,T Harrington,7.0,3.0,16.0,5.0,3.0,0.0,1.0,0.0,2025,Ipswich,5
2024-11-30,Sat,Premier League,Away,L,1.0,4.0,Brentford,M Oliver,7.0,3.0,10.0,9.0,1.0,0.0,1.0,0.0,2025,Leicester,5
2024-11-30,Sat,Premier League,Away,D,1.0,1.0,Crystal Palace,D England,1.0,0.0,11.0,12.0,3.0,0.0,3.0,0.0,2025,Newcastle,5
2024-11-30,Sat,Premier League,Home,W,1.0,0.0,Ipswich,T Harrington,12.0,5.0,5.0,16.0,1.0,0.0,3.0,0.0,2025,Nott'm Forest,5
2024-11-30,Sat,Premier League,Home,L,2.0,5.0,Arsenal,A Taylor,12.0,5.0,10.0,13.0,4.0,0.0,1.0,0.0,2025,West Ham,5
2024-11-30,Sat,Premier League,Home,L,2.0,4.0,Bournemouth,P Bankes,10.0,3.0,13.0,11.0,4.0,0.0,1.0,0.0,2025,Wolves,5
2024-12-01,Sun,Premier League,Away,L,0.0,3.0,Chelsea,S Attwell,10.0,4.0,6.0,21.0,2.0,0.0,2.0,0.0,2025,Aston Villa,6
2024-12-01,Sun,Premier League,Home,W,3.0,0.0,Aston Villa,S Attwell,17.0,8.0,21.0,6.0,2.0,0.0,2.0,0.0,2025,Chelsea,6
2024-12-01,Sun,Premier League,Away,L,0.0,4.0,Man United,J Brooks,8.0,2.0,12.0,12.0,3.0,0.0,2.0,0.0,2025,Everton,6
2024-12-01,Sun,Premier League,Away,D,1.0,1.0,Tottenham,D Bond,14.0,6.0,14.0,4.0,1.0,1.0,0.0,0.0,2025,Fulham,6
2024-12-01,Sun,Premier League,Home,W,2.0,0.0,Man City,C Kavanagh,18.0,7.0,9.0,8.0,1.0,0.0,3.0,0.0,2025,Liverpool,6
2024-12-01,Sun,Premier League,Away,L,0.0,2.0,Liverpool,C Kavanagh,8.0,2.0,8.0,9.0,3.0,0.0,1.0,0.0,2025,Man City,6
2024-12-01,Sun,Premier League,Home,W,4.0,0.0,Everton,J Brooks,11.0,5.0,12.0,12.0,2.0,0.0,3.0,0.0,2025,Man United,6
2024-12-01,Sun,Premier League,Home,D,1.0,1.0,Fulham,D Bond,8.0,3.0,4.0,14.0,0.0,0.0,1.0,1.0,2025,Tottenham,6
2024-12-03,Tue,Premier League,Away,W,1.0,0.0,Ipswich,C Pawson,13.0,3.0,13.0,14.0,4.0,0.0,2.0,0.0,2025,Crystal Palace,1
2024-12-03,Tue,Premier League,Home,L,0.0,1.0,Crystal Palace,C Pawson,9.0,2.0,14.0,13.0,2.0,0.0,4.0,0.0,2025,Ipswich,1
2024-12-03,Tue,Premier League,Home,W,3.0,1.0,West Ham,J Smith,8.0,6.0,9.0,7.0,2.0,0.0,2.0,0.0,2025,Leicester,1
2024-12-03,Tue,Premier League,Away,L,1.0,3.0,Leicester,J Smith,31.0,10.0,7.0,9.0,2.0,0.0,2.0,0.0,2025,West Ham,1
2024-12-04,Wed,Premier League,Home,W,2.0,0.0,Man United,S Barrott,14.0,6.0,12.0,8.0,1.0,0.0,3.0,0.0,2025,Arsenal,2
2024-12-04,Wed,Premier League,Home,W,3.0,1.0,Brentford,L Smith,20.0,10.0,11.0,15.0,2.0,0.0,2.0,0.0,2025,Aston Villa,2
2024-12-04,Wed,Premier League,Away,L,1.0,3.0,Aston Villa,L Smith,9.0,1.0,15.0,11.0,2.0,0.0,2.0,0.0,2025,Brentford,2
2024-12-04,Wed,Premier League,Away,W,5.0,1.0,Southampton,T Harrington,26.0,13.0,14.0,7.0,0.0,0.0,1.0,1.0,2025,Chelsea,2
2024-12-04,Wed,Premier League,Home,W,4.0,0.0,Wolves,M Salisbury,13.0,4.0,10.0,8.0,2.0,0.0,0.0,0.0,2025,Everton,2
2024-12-04,Wed,Premier League,Away,D,3.0,3.0,Newcastle,A Madley,16.0,5.0,17.0,9.0,5.0,0.0,2.0,0.0,2025,Liverpool,2
2024-12-04,Wed,Premier League,Home,W,3.0,0.0,Nott'm Forest,M Oliver,17.0,7.0,7.0,15.0,2.0,0.0,4.0,0.0,2025,Man City,2
2024-12-04,Wed,Premier League,Away,L,0.0,2.0,Arsenal,S Barrott,5.0,2.0,8.0,12.0,3.0,0.0,1.0,0.0,2025,Man United,2
2024-12-04,Wed,Premier League,Home,D,3.0,3.0,Liverpool,A Madley,17.0,6.0,9.0,17.0,2.0,0.0,5.0,0.0,2025,Newcastle,2
2024-12-04,Wed,Premier League,Away,L,0.0,3.0,Man City,M Oliver,12.0,3.0,15.0,7.0,4.0,0.0,2.0,0.0,2025,Nott'm Forest,2
2024-12-04,Wed,Premier League,Home,L,1.0,5.0,Chelsea,T Harrington,6.0,4.0,7.0,14.0,1.0,1.0,0.0,0.0,2025,Southampton,2
2024-12-04,Wed,Premier League,Away,L,0.0,4.0,Everton,M Salisbury,6.0,2.0,8.0,10.0,0.0,0.0,2.0,0.0,2025,Wolves,2
2024-12-05,Thu,Premier League,Home,W,1.0,0.0,Tottenham,S Hooper,21.0,8.0,15.0,8.0,2.0,0.0,2.0,0.0,2025,Bournemouth,3
2024-12-05,Thu,Premier League,Away,L,1.0,3.0,Fulham,P Bankes,13.0,3.0,8.0,7.0,2.0,0.0,2.0,0.0,2025,Brighton,3
2024-12-05,Thu,Premier League,Home,W,3.0,1.0,Brighton,P Bankes,6.0,2.0,7.0,8.0,2.0,0.0,2.0,0.0,2025,Fulham,3
2024-12-05,Thu,Premier League,Away,L,0.0,1.0,Bournemouth,S Hooper,12.0,4.0,8.0,15.0,2.0,0.0,2.0,0.0,2025,Tottenham,3
2024-12-07,Sat,Premier League,Home,W,1.0,0.0,Southampton,D Bond,18.0,5.0,18.0,15.0,1.0,0.0,3.0,0.0,2025,Aston Villa,5
2024-12-07,Sat,Premier League,Home,W,4.0,2.0,Newcastle,T Robinson,11.0,8.0,10.0,7.0,3.0,0.0,0.0,0.0,2025,Brentford,5
2024-12-07,Sat,Premier League,Home,D,2.0,2.0,Man City,R Jones,12.0,3.0,4.0,10.0,1.0,0.0,0.0,1.0,2025,Crystal Palace,5
2024-12-07,Sat,Premier League,Away,D,2.0,2.0,Crystal Palace,R Jones,12.0,4.0,10.0,4.0,0.0,1.0,1.0,0.0,2025,Man City,5
2024-12-07,Sat,Premier League,Home,L,2.0,3.0,Nott'm Forest,D England,17.0,7.0,10.0,13.0,0.0,0.0,2.0,0.0,2025,Man United,5
2024-12-07,Sat,Premier League,Away,L,2.0,4.0,Brentford,T Robinson,16.0,3.0,7.0,10.0,0.0,0.0,3.0,0.0,2025,Newcastle,5
2024-12-07,Sat,Premier League,Away,W,3.0,2.0,Man United,D England,11.0,3.0,13.0,10.0,2.0,0.0,0.0,0.0,2025,Nott'm Forest,5
2024-12-07,Sat,Premier League,Away,L,0.0,1.0,Aston Villa,D Bond,4.0,0.0,15.0,18.0,3.0,0.0,1.0,0.0,2025,Southampton,5
2024-12-08,Sun,Premier League,Away,D,1.0,1.0,Fulham,C Kavanagh,12.0,4.0,9.0,10.0,2.0,0.0,4.0,0.0,2025,Arsenal,6
2024-12-08,Sun,Premier League,Away,W,2.0,1.0,Ipswich,M Salisbury,22.0,6.0,13.0,9.0,1.0,0.0,2.0,0.0,2025,Bournemouth,6
2024-12-08,Sun,Premier League,Away,D,2.0,2.0,Leicester,S Attwell,16.0,7.0,10.0,9.0,2.0,0.0,1.0,0.0,2025,Brighton,6
2024-12-08,Sun,Premier League,Away,W,4.0,3.0,Tottenham,A Taylor,17.0,8.0,11.0,17.0,2.0,0.0,2.0,0.0,2025,Chelsea,6
2024-12-08,Sun,Premier League,Home,D,1.0,1.0,Arsenal,C Kavanagh,2.0,2.0,10.0,9.0,4.0,0.0,2.0,0.0,2025,Fulham,6
2024-12-08,Sun,Premier League,Home,L,1.0,2.0,Bournemouth,M Salisbury,18.0,5.0,9.0,13.0,2.0,0.0,1.0,0.0,2025,Ipswich,6
2024-12-08,Sun,Premier League,Home,D,2.0,2.0,Brighton,S Attwell,10.0,3.0,9.0,10.0,1.0,0.0,2.0,0.0,2025,Leicester,6
2024-12-08,Sun,Premier League,Home,L,3.0,4.0,Chelsea,A Taylor,13.0,5.0,17.0,11.0,2.0,0.0,2.0,0.0,2025,Tottenham,6
2024-12-09,Mon,Premier League,Home,W,2.0,1.0,Wolves,J Brooks,19.0,4.0,12.0,17.0,5.0,0.0,4.0,0.0,2025,West Ham,0
2024-12-09,Mon,Premier League,Away,L,1.0,2.0,West Ham,J Brooks,19.0,5.0,17.0,12.0,4.0,0.0,5.0,0.0,2025,Wolves,0
2024-12-14,Sat,Premier League,Home,D,0.0,0.0,Everton,C Pawson,13.0,5.0,6.0,9.0,0.0,0.0,3.0,0.0,2025,Arsenal,5
2024-12-14,Sat,Premier League,Away,L,1.0,2.0,Nott'm Forest,S Barrott,8.0,2.0,6.0,12.0,1.0,0.0,0.0,0.0,2025,Aston Villa,5
2024-12-14,Sat,Premier League,Away,D,0.0,0.0,Arsenal,C Pawson,2.0,0.0,9.0,6.0,3.0,0.0,0.0,0.0,2025,Everton,5
2024-12-14,Sat,Premier League,Away,D,2.0,2.0,Liverpool,T Harrington,12.0,3.0,7.0,10.0,4.0,0.0,3.0,1.0,2025,Fulham,5
2024-12-14,Sat,Premier League,Away,W,2.0,1.0,Wolves,S Hooper,10.0,5.0,9.0,13.0,2.0,0.0,0.0,1.0,2025,Ipswich,5
2024-12-14,Sat,Premier League,Away,L,0.0,4.0,Newcastle,T Bramall,4.0,1.0,16.0,7.0,3.0,0.0,3.0,0.0,2025,Leicester,5
2024-12-14,Sat,Premier League,Home,D,2.0,2.0,Fulham,T Harrington,16.0,4.0,10.0,7.0,3.0,1.0,4.0,0.0,2025,Liverpool,5
2024-12-14,Sat,Premier League,Home,W,4.0,0.0,Leicester,T Bramall,27.0,11.0,7.0,16.0,3.0,0.0,3.0,0.0,2025,Newcastle,5
2024-12-14,Sat,Premier League,Home,W,2.0,1.0,Aston Villa,S Barrott,17.0,6.0,12.0,6.0,0.0,0.0,1.0,0.0,2025,Nott'm Forest,5
2024-12-14,Sat,Premier League,Home,L,1.0,2.0,Ipswich,S Hooper,16.0,6.0,13.0,9.0,0.0,1.0,2.0,0.0,2025,Wolves,5
2024-12-15,Sun,Premier League,Away,L,1.0,2.0,Chelsea,P Bankes,9.0,4.0,7.0,11.0,2.0,0.0,0.0,1.0,2025,Brentford,6
2024-12-15,Sun,Premier League,Home,L,1.0,3.0,Crystal Palace,M Oliver,17.0,5.0,11.0,15.0,1.0,0.0,4.0,0.0,2025,Brighton,6
2024-12-15,Sun,Premier League,Home,W,2.0,1.0,Brentford,P Bankes,26.0,8.0,11.0,7.0,0.0,1.0,2.0,0.0,2025,Chelsea,6
2024-12-15,Sun,Premier League,Away,W,3.0,1.0,Brighton,M Oliver,13.0,5.0,15.0,11.0,4.0,0.0,1.0,0.0,2025,Crystal Palace,6
2024-12-15,Sun,Premier League,Home,L,1.0,2.0,Man United,A Taylor,10.0,3.0,5.0,14.0,1.0,0.0,1.0,0.0,2025,Man City,6
2024-12-15,Sun,Premier League,Away,W,2.0,1.0,Man City,A Taylor,10.0,3.0,14.0,5.0,1.0,0.0,1.0,0.0,2025,Man United,6
2024-12-15,Sun,Premier League,Home,L,0.0,5.0,Tottenham,D England,9.0,3.0,8.0,15.0,1.0,0.0,3.0,0.0,2025,Southampton,6
2024-12-15,Sun,Premier League,Away,W,5.0,0.0,Southampton,D England,18.0,9.0,15.0,8.0,3.0,0.0,1.0,0.0,2025,Tottenham,6
2024-12-16,Mon,Premier League,Home,D,1.0,1.0,West Ham,C Kavanagh,29.0,9.0,6.0,11.0,0.0,0.0,2.0,0.0,2025,Bournemouth,0
2024-12-16,Mon,Premier League,Away,D,1.0,1.0,Bournemouth,C Kavanagh,16.0,3.0,11.0,6.0,2.0,0.0,0.0,0.0,2025,West Ham,0
2024-12-21,Sat,Premier League,Away,W,5.0,1.0,Crystal Palace,S Hooper,14.0,6.0,8.0,9.0,2.0,0.0,2.0,0.0,2025,Arsenal,5
2024-12-21,Sat,Premier League,Home,W,2.0,1.0,Man City,P Bankes,11.0,6.0,14.0,7.0,3.0,0.0,3.0,0.0,2025,Aston Villa,5
2024-12-21,Sat,Premier League,Home,L,0.0,2.0,Nott'm Forest,M Oliver,7.0,3.0,9.0,14.0,3.0,0.0,4.0,0.0,2025,Brentford,5
2024-12-21,Sat,Premier League,Away,D,1.0,1.0,West Ham,R Jones,12.0,6.0,20.0,14.0,2.0,0.0,2.0,0.0,2025,Brighton,5
2024-12-21,Sat,Premier League,Home,L,1.0,5.0,Arsenal,S Hooper,15.0,6.0,9.0,8.0,2.0,0.0,2.0,0.0,2025,Crystal Palace,5
2024-12-21,Sat,Premier League,Home,L,0.0,4.0,Newcastle,S Attwell,10.0,2.0,9.0,7.0,2.0,0.0,0.0,0.0,2025,Ipswich,5
2024-12-21,Sat,Premier League,Away,L,1.0,2.0,Aston Villa,P Bankes,12.0,6.0,7.0,14.0,3.0,0.0,3.0,0.0,2025,Man City,5
2024-12-21,Sat,Premier League,Away,W,4.0,0.0,Ipswich,S Attwell,15.0,7.0,7.0,9.0,0.0,0.0,2.0,0.0,2025,Newcastle,5
2024-12-21,Sat,Premier League,Away,W,2.0,0.0,Brentford,M Oliver,10.0,6.0,14.0,9.0,4.0,0.0,3.0,0.0,2025,Nott'm Forest,5
2024-12-21,Sat,Premier League,Home,D,1.0,1.0,Brighton,R Jones,11.0,4.0,14.0,20.0,2.0,0.0,2.0,0.0,2025,West Ham,5
2024-12-22,Sun,Premier League,Away,W,3.0,0.0,Man United,C Pawson,10.0,5.0,11.0,11.0,3.0,0.0,1.0,0.0,2025,Bournemouth,6
2024-12-22,Sun,Premier League,Away,D,0.0,0.0,Everton,C Kavanagh,12.0,5.0,12.0,20.0,1.0,0.0,4.0,0.0,2025,Chelsea,6
2024-12-22,Sun,Premier League,Home,D,0.0,0.0,Chelsea,C Kavanagh,5.0,4.0,20.0,12.0,4.0,0.0,1.0,0.0,2025,Everton,6
2024-12-22,Sun,Premier League,Home,D,0.0,0.0,Southampton,T Robinson,16.0,5.0,8.0,15.0,1.0,0.0,3.0,0.0,2025,Fulham,6
2024-12-22,Sun,Premier League,Home,L,0.0,3.0,Wolves,A Taylor,9.0,5.0,15.0,16.0,2.0,0.0,0.0,0.0,2025,Leicester,6
2024-12-22,Sun,Premier League,Away,W,6.0,3.0,Tottenham,S Barrott,24.0,12.0,9.0,7.0,2.0,0.0,1.0,0.0,2025,Liverpool,6
2024-12-22,Sun,Premier League,Home,L,0.0,3.0,Bournemouth,C Pawson,23.0,7.0,11.0,11.0,1.0,0.0,3.0,0.0,2025,Man United,6
2024-12-22,Sun,Premier League,Away,D,0.0,0.0,Fulham,T Robinson,5.0,1.0,15.0,8.0,3.0,0.0,1.0,0.0,2025,Southampton,6
2024-12-22,Sun,Premier League,Home,L,3.0,6.0,Liverpool,S Barrott,9.0,5.0,7.0,9.0,1.0,0.0,2.0,0.0,2025,Tottenham,6
2024-12-22,Sun,Premier League,Away,W,3.0,0.0,Leicester,A Taylor,8.0,4.0,16.0,15.0,0.0,0.0,2.0,0.0,2025,Wolves,6
2024-12-26,Thu,Premier League,Away,L,0.0,3.0,Newcastle,A Taylor,4.0,1.0,10.0,15.0,1.0,1.0,2.0,0.0,2025,Aston Villa,3
2024-12-26,Thu,Premier League,Home,D,0.0,0.0,Crystal Palace,T Bramall,18.0,4.0,13.0,12.0,2.0,0.0,2.0,0.0,2025,Bournemouth,3
2024-12-26,Thu,Premier League,Home,L,1.0,2.0,Fulham,S Barrott,12.0,8.0,13.0,13.0,1.0,0.0,3.0,0.0,2025,Chelsea,3
2024-12-26,Thu,Premier League,Away,D,0.0,0.0,Bournemouth,T Bramall,10.0,4.0,12.0,13.0,2.0,0.0,2.0,0.0,2025,Crystal Palace,3
2024-12-26,Thu,Premier League,Away,D,1.0,1.0,Man City,S Hooper,8.0,3.0,10.0,5.0,4.0,0.0,1.0,0.0,2025,Everton,3
2024-12-26,Thu,Premier League,Away,W,2.0,1.0,Chelsea,S Barrott,14.0,7.0,13.0,13.0,3.0,0.0,1.0,0.0,2025,Fulham,3
2024-12-26,Thu,Premier League,Away,L,1.0,3.0,Liverpool,D Bond,4.0,1.0,5.0,17.0,2.0,0.0,3.0,0.0,2025,Leicester,3
2024-12-26,Thu,Premier League,Home,W,3.0,1.0,Leicester,D Bond,19.0,7.0,17.0,5.0,3.0,0.0,2.0,0.0,2025,Liverpool,3
2024-12-26,Thu,Premier League,Home,D,1.0,1.0,Everton,S Hooper,24.0,5.0,5.0,10.0,1.0,0.0,4.0,0.0,2025,Man City,3
2024-12-26,Thu,Premier League,Away,L,0.0,2.0,Wolves,T Harrington,11.0,4.0,12.0,12.0,2.0,1.0,2.0,0.0,2025,Man United,3
2024-12-26,Thu,Premier League,Home,W,3.0,0.0,Aston Villa,A Taylor,22.0,8.0,15.0,10.0,2.0,0.0,1.0,1.0,2025,Newcastle,3
2024-12-26,Thu,Premier League,Home,W,1.0,0.0,Tottenham,C Pawson,10.0,3.0,12.0,13.0,3.0,0.0,2.0,1.0,2025,Nott'm Forest,3
2024-12-26,Thu,Premier League,Home,L,0.0,1.0,West Ham,L Smith,18.0,5.0,15.0,8.0,1.0,0.0,2.0,0.0,2025,Southampton,3
2024-12-26,Thu,Premier League,Away,L,0.0,1.0,Nott'm Forest,C Pawson,13.0,4.0,13.0,12.0,2.0,1.0,3.0,0.0,2025,Tottenham,3
2024-12-26,Thu,Premier League,Away,W,1.0,0.0,Southampton,L Smith,16.0,2.0,8.0,15.0,2.0,0.0,1.0,0.0,2025,West Ham,3
2024-12-26,Thu,Premier League,Home,W,2.0,0.0,Man United,T Harrington,7.0,4.0,12.0,12.0,2.0,0.0,2.0,1.0,2025,Wolves,3
2024-12-27,Fri,Premier League,Home,W,1.0,0.0,Ipswich,D England,13.0,5.0,7.0,12.0,1.0,0.0,1.0,0.0,2025,Arsenal,4
2024-12-27,Fri,Premier League,Away,D,0.0,0.0,Brighton,A Madley,8.0,3.0,12.0,6.0,2.0,0.0,0.0,0.0,2025,Brentford,4
2024-12-27,Fri,Premier League,Home,D,0.0,0.0,Brentford,A Madley,24.0,7.0,6.0,12.0,0.0,0.0,2.0,0.0,2025,Brighton,4
2024-12-27,Fri,Premier League,Away,L,0.0,1.0,Arsenal,D England,3.0,0.0,12.0,7.0,1.0,0.0,1.0,0.0,2025,Ipswich,4
2024-12-29,Sun,Premier League,Away,D,2.0,2.0,Fulham,R Jones,16.0,9.0,16.0,7.0,3.0,0.0,1.0,0.0,2025,Bournemouth,6
2024-12-29,Sun,Premier League,Home,W,2.0,1.0,Southampton,M Salisbury,19.0,10.0,18.0,19.0,2.0,0.0,3.0,0.0,2025,Crystal Palace,6
2024-12-29,Sun,Premier League,Home,L,0.0,2.0,Nott'm Forest,T Harrington,13.0,2.0,13.0,10.0,4.0,0.0,1.0,0.0,2025,Everton,6
2024-12-29,Sun,Premier League,Home,D,2.0,2.0,Bournemouth,R Jones,11.0,6.0,7.0,16.0,1.0,0.0,3.0,0.0,2025,Fulham,6
2024-12-29,Sun,Premier League,Home,L,0.0,2.0,Man City,M Oliver,11.0,4.0,11.0,6.0,2.0,0.0,1.0,0.0,2025,Leicester,6
2024-12-29,Sun,Premier League,Away,W,5.0,0.0,West Ham,A Taylor,22.0,13.0,10.0,7.0,0.0,0.0,0.0,0.0,2025,Liverpool,6
2024-12-29,Sun,Premier League,Away,W,2.0,0.0,Leicester,M Oliver,14.0,5.0,6.0,11.0,1.0,0.0,2.0,0.0,2025,Man City,6
2024-12-29,Sun,Premier League,Away,W,2.0,0.0,Everton,T Harrington,11.0,7.0,10.0,13.0,1.0,0.0,4.0,0.0,2025,Nott'm Forest,6
2024-12-29,Sun,Premier League,Away,L,1.0,2.0,Crystal Palace,M Salisbury,7.0,3.0,19.0,18.0,3.0,0.0,2.0,0.0,2025,Southampton,6
2024-12-29,Sun,Premier League,Home,D,2.0,2.0,Wolves,C Kavanagh,13.0,3.0,9.0,10.0,1.0,0.0,2.0,0.0,2025,Tottenham,6
2024-12-29,Sun,Premier League,Home,L,0.0,5.0,Liverpool,A Taylor,7.0,0.0,7.0,10.0,0.0,0.0,0.0,0.0,2025,West Ham,6
2024-12-29,Sun,Premier League,Away,D,2.0,2.0,Tottenham,C Kavanagh,11.0,3.0,10.0,9.0,2.0,0.0,1.0,0.0,2025,Wolves,6
2024-12-30,Mon,Premier League,Home,D,2.0,2.0,Brighton,C Pawson,20.0,4.0,9.0,14.0,2.0,0.0,3.0,0.0,2025,Aston Villa,0
2024-12-30,Mon,Premier League,Away,D,2.0,2.0,Aston Villa,C Pawson,13.0,4.0,14.0,9.0,3.0,0.0,2.0,0.0,2025,Brighton,0
2024-12-30,Mon,Premier League,Away,L,0.0,2.0,Ipswich,J Brooks,20.0,5.0,5.0,9.0,4.0,0.0,4.0,0.0,2025,Chelsea,0
2024-12-30,Mon,Premier League,Home,W,2.0,0.0,Chelsea,J Brooks,9.0,6.0,9.0,5.0,4.0,0.0,4.0,0.0,2025,Ipswich,0
2024-12-30,Mon,Premier League,Home,L,0.0,2.0,Newcastle,S Hooper,10.0,0.0,13.0,8.0,1.0,0.0,1.0,0.0,2025,Man United,0
2024-12-30,Mon,Premier League,Away,W,2.0,0.0,Man United,S Hooper,12.0,4.0,8.0,13.0,1.0,0.0,1.0,0.0,2025,Newcastle,0
2025-01-01,Wed,Premier League,Away,W,3.0,1.0,Brentford,P Bankes,14.0,5.0,8.0,6.0,2.0,0.0,1.0,0.0,2025,Arsenal,2
2025-01-01,Wed,Premier League,Home,L,1.0,3.0,Arsenal,P Bankes,5.0,2.0,6.0,8.0,1.0,0.0,2.0,0.0,2025,Brentford,2
2025-01-04,Sat,Premier League,Away,D,1.0,1.0,Brighton,A Taylor,9.0,3.0,14.0,17.0,3.0,0.0,2.0,0.0,2025,Arsenal,5
2025-01-04,Sat,Premier League,Home,W,2.0,1.0,Leicester,J Gillett,13.0,5.0,10.0,11.0,0.0,0.0,1.0,0.0,2025,Aston Villa,5
2025-01-04,Sat,Premier League,Home,W,1.0,0.0,Everton,J Brooks,19.0,8.0,15.0,14.0,2.0,0.0,2.0,0.0,2025,Bournemouth,5
2025-01-04,Sat,Premier League,Away,W,5.0,0.0,Southampton,S Attwell,20.0,11.0,4.0,10.0,0.0,0.0,2.0,0.0,2025,Brentford,5
2025-01-04,Sat,Premier League,Home,D,1.0,1.0,Arsenal,A Taylor,11.0,4.0,17.0,14.0,2.0,0.0,3.0,0.0,2025,Brighton,5
2025-01-04,Sat,Premier League,Away,D,1.0,1.0,Crystal Palace,T Robinson,15.0,1.0,12.0,9.0,2.0,0.0,0.0,0.0,2025,Chelsea,5
2025-01-04,Sat,Premier League,Home,D,1.0,1.0,Chelsea,T Robinson,13.0,6.0,9.0,12.0,0.0,0.0,2.0,0.0,2025,Crystal Palace,5
2025-01-04,Sat,Premier League,Away,L,0.0,1.0,Bournemouth,J Brooks,9.0,0.0,14.0,15.0,2.0,0.0,2.0,0.0,2025,Everton,5
2025-01-04,Sat,Premier League,Away,L,1.0,2.0,Aston Villa,J Gillett,4.0,2.0,11.0,10.0,1.0,0.0,0.0,0.0,2025,Leicester,5
2025-01-04,Sat,Premier League,Home,W,4.0,1.0,West Ham,M Salisbury,10.0,7.0,8.0,13.0,2.0,0.0,1.0,0.0,2025,Man City,5
2025-01-04,Sat,Premier League,Away,W,2.0,1.0,Tottenham,A Madley,14.0,4.0,15.0,11.0,4.0,0.0,1.0,0.0,2025,Newcastle,5
2025-01-04,Sat,Premier League,Home,L,0.0,5.0,Brentford,S Attwell,8.0,1.0,10.0,4.0,2.0,0.0,0.0,0.0,2025,Southampton,5
2025-01-04,Sat,Premier League,Home,L,1.0,2.0,Newcastle,A Madley,13.0,4.0,11.0,15.0,1.0,0.0,4.0,0.0,2025,Tottenham,5
2025-01-04,Sat,Premier League,Away,L,1.0,4.0,Man City,M Salisbury,17.0,4.0,13.0,8.0,1.0,0.0,2.0,0.0,2025,West Ham,5
2025-01-05,Sun,Premier League,Home,D,2.0,2.0,Ipswich,D Bond,15.0,4.0,10.0,14.0,1.0,0.0,5.0,0.0,2025,Fulham,6
2025-01-05,Sun,Premier League,Away,D,2.0,2.0,Fulham,D Bond,7.0,3.0,14.0,10.0,5.0,0.0,1.0,0.0,2025,Ipswich,6
2025-01-05,Sun,Premier League,Home,D,2.0,2.0,Man United,M Oliver,19.0,6.0,10.0,13.0,2.0,0.0,4.0,0.0,2025,Liverpool,6
2025-01-05,Sun,Premier League,Away,D,2.0,2.0,Liverpool,M Oliver,13.0,4.0,13.0,10.0,4.0,0.0,2.0,0.0,2025,Man United,6
2025-01-06,Mon,Premier League,Away,W,3.0,0.0,Wolves,P Bankes,11.0,3.0,8.0,10.0,2.0,0.0,1.0,0.0,2025,Nott'm Forest,0
2025-01-06,Mon,Premier League,Home,L,0.0,3.0,Nott'm Forest,P Bankes,13.0,6.0,10.0,8.0,1.0,0.0,2.0,0.0,2025,Wolves,0
2025-01-14,Tue,Premier League,Away,D,2.0,2.0,Chelsea,R Jones,7.0,3.0,16.0,15.0,3.0,0.0,2.0,0.0,2025,Bournemouth,1
2025-01-14,Tue,Premier League,Home,D,2.0,2.0,Man City,A Taylor,18.0,6.0,4.0,4.0,0.0,0.0,0.0,0.0,2025,Brentford,1
2025-01-14,Tue,Premier League,Home,D,2.0,2.0,Bournemouth,R Jones,26.0,10.0,15.0,16.0,2.0,0.0,3.0,0.0,2025,Chelsea,1
2025-01-14,Tue,Premier League,Away,L,2.0,3.0,West Ham,C Pawson,21.0,5.0,18.0,9.0,3.0,0.0,3.0,0.0,2025,Fulham,1
2025-01-14,Tue,Premier League,Away,D,1.0,1.0,Nott'm Forest,C Kavanagh,23.0,7.0,10.0,7.0,1.0,0.0,2.0,0.0,2025,Liverpool,1
2025-01-14,Tue,Premier League,Away,D,2.0,2.0,Brentford,A Taylor,21.0,8.0,4.0,4.0,0.0,0.0,0.0,0.0,2025,Man City,1
2025-01-14,Tue,Premier League,Home,D,1.0,1.0,Liverpool,C Kavanagh,6.0,3.0,7.0,10.0,2.0,0.0,1.0,0.0,2025,Nott'm Forest,1
2025-01-14,Tue,Premier League,Home,W,3.0,2.0,Fulham,C Pawson,4.0,3.0,9.0,18.0,3.0,0.0,3.0,0.0,2025,West Ham,1
2025-01-15,Wed,Premier League,Home,W,2.0,1.0,Tottenham,S Hooper,14.0,4.0,16.0,9.0,3.0,0.0,1.0,0.0,2025,Arsenal,2
2025-01-15,Wed,Premier League,Away,W,1.0,0.0,Everton,S Barrott,11.0,3.0,10.0,17.0,1.0,0.0,2.0,0.0,2025,Aston Villa,2
2025-01-15,Wed,Premier League,Away,W,2.0,0.0,Leicester,A Madley,9.0,4.0,6.0,7.0,0.0,0.0,0.0,0.0,2025,Crystal Palace,2
2025-01-15,Wed,Premier League,Home,L,0.0,1.0,Aston Villa,S Barrott,10.0,3.0,17.0,10.0,2.0,0.0,1.0,0.0,2025,Everton,2
2025-01-15,Wed,Premier League,Home,L,0.0,2.0,Crystal Palace,A Madley,21.0,4.0,7.0,6.0,0.0,0.0,0.0,0.0,2025,Leicester,2
2025-01-15,Wed,Premier League,Home,W,3.0,0.0,Wolves,D England,17.0,5.0,10.0,13.0,0.0,0.0,2.0,0.0,2025,Newcastle,2
2025-01-15,Wed,Premier League,Away,L,1.0,2.0,Arsenal,S Hooper,10.0,2.0,9.0,16.0,1.0,0.0,3.0,0.0,2025,Tottenham,2
2025-01-15,Wed,Premier League,Away,L,0.0,3.0,Newcastle,D England,13.0,7.0,13.0,10.0,2.0,0.0,0.0,0.0,2025,Wolves,2
2025-01-16,Thu,Premier League,Away,W,2.0,0.0,Ipswich,T Harrington,11.0,5.0,14.0,13.0,2.0,0.0,2.0,0.0,2025,Brighton,3
2025-01-16,Thu,Premier League,Home,L,0.0,2.0,Brighton,T Harrington,5.0,3.0,13.0,14.0,2.0,0.0,2.0,0.0,2025,Ipswich,3
2025-01-16,Thu,Premier League,Home,W,3.0,1.0,Southampton,J Brooks,23.0,9.0,7.0,10.0,1.0,0.0,3.0,0.0,2025,Man United,3
2025-01-16,Thu,Premier League,Away,L,1.0,3.0,Man United,J Brooks,13.0,5.0,10.0,7.0,3.0,0.0,1.0,0.0,2025,Southampton,3
2025-01-18,Sat,Premier League,Home,D,2.0,2.0,Aston Villa,C Kavanagh,18.0,6.0,10.0,18.0,2.0,0.0,3.0,0.0,2025,Arsenal,5
2025-01-18,Sat,Premier League,Away,D,2.0,2.0,Arsenal,C Kavanagh,8.0,4.0,18.0,10.0,3.0,0.0,2.0,0.0,2025,Aston Villa,5
2025-01-18,Sat,Premier League,Away,W,4.0,1.0,Newcastle,S Attwell,19.0,10.0,18.0,7.0,6.0,0.0,1.0,0.0,2025,Bournemouth,5
2025-01-18,Sat,Premier League,Home,L,0.0,2.0,Liverpool,A Madley,11.0,6.0,6.0,14.0,2.0,0.0,3.0,0.0,2025,Brentford,5
2025-01-18,Sat,Premier League,Away,W,2.0,0.0,West Ham,T Bramall,12.0,7.0,10.0,13.0,0.0,0.0,1.0,1.0,2025,Crystal Palace,5
2025-01-18,Sat,Premier League,Away,W,2.0,0.0,Leicester,M Salisbury,17.0,2.0,8.0,8.0,1.0,0.0,3.0,0.0,2025,Fulham,5
2025-01-18,Sat,Premier League,Home,L,0.0,2.0,Fulham,M Salisbury,8.0,4.0,8.0,8.0,3.0,0.0,1.0,0.0,2025,Leicester,5
2025-01-18,Sat,Premier League,Away,W,2.0,0.0,Brentford,A Madley,37.0,8.0,14.0,6.0,3.0,0.0,2.0,0.0,2025,Liverpool,5
2025-01-18,Sat,Premier League,Home,L,1.0,4.0,Bournemouth,S Attwell,13.0,5.0,7.0,18.0,1.0,0.0,6.0,0.0,2025,Newcastle,5
2025-01-18,Sat,Premier League,Home,L,0.0,2.0,Crystal Palace,T Bramall,7.0,0.0,13.0,10.0,1.0,1.0,0.0,0.0,2025,West Ham,5
2025-01-19,Sun,Premier League,Away,W,3.0,1.0,Man United,P Bankes,6.0,3.0,12.0,13.0,3.0,0.0,3.0,0.0,2025,Brighton,6
2025-01-19,Sun,Premier League,Home,W,3.0,2.0,Tottenham,D England,12.0,6.0,14.0,14.0,2.0,0.0,1.0,0.0,2025,Everton,6
2025-01-19,Sun,Premier League,Home,L,0.0,6.0,Man City,S Barrott,8.0,4.0,4.0,7.0,0.0,0.0,1.0,0.0,2025,Ipswich,6
2025-01-19,Sun,Premier League,Away,W,6.0,0.0,Ipswich,S Barrott,17.0,9.0,7.0,4.0,1.0,0.0,0.0,0.0,2025,Man City,6
2025-01-19,Sun,Premier League,Home,L,1.0,3.0,Brighton,P Bankes,10.0,1.0,13.0,12.0,3.0,0.0,3.0,0.0,2025,Man United,6
2025-01-19,Sun,Premier League,Home,W,3.0,2.0,Southampton,A Taylor,14.0,5.0,4.0,18.0,0.0,0.0,4.0,0.0,2025,Nott'm Forest,6
2025-01-19,Sun,Premier League,Away,L,2.0,3.0,Nott'm Forest,A Taylor,10.0,4.0,18.0,4.0,4.0,0.0,0.0,0.0,2025,Southampton,6
2025-01-19,Sun,Premier League,Away,L,2.0,3.0,Everton,D England,11.0,6.0,14.0,14.0,1.0,0.0,2.0,0.0,2025,Tottenham,6
2025-01-20,Mon,Premier League,Home,W,3.0,1.0,Wolves,S Hooper,19.0,7.0,8.0,14.0,4.0,0.0,2.0,0.0,2025,Chelsea,0
2025-01-20,Mon,Premier League,Away,L,1.0,3.0,Chelsea,S Hooper,9.0,4.0,14.0,8.0,2.0,0.0,4.0,0.0,2025,Wolves,0
2025-01-25,Sat,Premier League,Away,W,1.0,0.0,Wolves,M Oliver,9.0,3.0,10.0,20.0,1.0,1.0,0.0,1.0,2025,Arsenal,5
2025-01-25,Sat,Premier League,Home,W,5.0,0.0,Nott'm Forest,C Pawson,16.0,10.0,9.0,12.0,2.0,0.0,3.0,0.0,2025,Bournemouth,5
2025-01-25,Sat,Premier League,Home,L,0.0,1.0,Everton,T Robinson,16.0,1.0,8.0,11.0,3.0,0.0,4.0,0.0,2025,Brighton,5
2025-01-25,Sat,Premier League,Away,L,1.0,3.0,Man City,J Brooks,10.0,4.0,8.0,6.0,2.0,0.0,3.0,0.0,2025,Chelsea,5
2025-01-25,Sat,Premier League,Away,W,1.0,0.0,Brighton,T Robinson,3.0,1.0,11.0,8.0,4.0,0.0,3.0,0.0,2025,Everton,5
2025-01-25,Sat,Premier League,Away,L,1.0,4.0,Liverpool,M Salisbury,3.0,3.0,11.0,10.0,2.0,0.0,0.0,0.0,2025,Ipswich,5
2025-01-25,Sat,Premier League,Home,W,4.0,1.0,Ipswich,M Salisbury,16.0,6.0,10.0,11.0,0.0,0.0,2.0,0.0,2025,Liverpool,5
2025-01-25,Sat,Premier League,Home,W,3.0,1.0,Chelsea,J Brooks,15.0,6.0,6.0,8.0,3.0,0.0,2.0,0.0,2025,Man City,5
2025-01-25,Sat,Premier League,Away,W,3.0,1.0,Southampton,S Barrott,17.0,9.0,5.0,10.0,0.0,0.0,1.0,0.0,2025,Newcastle,5
2025-01-25,Sat,Premier League,Away,L,0.0,5.0,Bournemouth,C Pawson,18.0,4.0,12.0,9.0,3.0,0.0,2.0,0.0,2025,Nott'm Forest,5
2025-01-25,Sat,Premier League,Home,L,1.0,3.0,Newcastle,S Barrott,12.0,5.0,10.0,5.0,1.0,0.0,0.0,0.0,2025,Southampton,5
2025-01-25,Sat,Premier League,Home,L,0.0,1.0,Arsenal,M Oliver,9.0,4.0,20.0,10.0,0.0,1.0,1.0,1.0,2025,Wolves,5
2025-01-26,Sun,Premier League,Home,D,1.0,1.0,West Ham,P Bankes,14.0,4.0,13.0,16.0,2.0,0.0,3.0,0.0,2025,Aston Villa,6
2025-01-26,Sun,Premier League,Away,W,2.0,1.0,Crystal Palace,T Harrington,13.0,6.0,11.0,8.0,2.0,0.0,2.0,0.0,2025,Brentford,6
2025-01-26,Sun,Premier League,Home,L,1.0,2.0,Brentford,T Harrington,16.0,5.0,8.0,11.0,2.0,0.0,2.0,0.0,2025,Crystal Palace,6
2025-01-26,Sun,Premier League,Home,L,0.0,1.0,Man United,A Taylor,9.0,3.0,7.0,9.0,0.0,0.0,1.0,0.0,2025,Fulham,6
2025-01-26,Sun,Premier League,Away,W,2.0,1.0,Tottenham,R Jones,12.0,3.0,16.0,6.0,5.0,0.0,1.0,0.0,2025,Leicester,6
2025-01-26,Sun,Premier League,Away,W,1.0,0.0,Fulham,A Taylor,4.0,1.0,9.0,7.0,1.0,0.0,0.0,0.0,2025,Man United,6
2025-01-26,Sun,Premier League,Home,L,1.0,2.0,Leicester,R Jones,15.0,6.0,6.0,16.0,1.0,0.0,5.0,0.0,2025,Tottenham,6
2025-01-26,Sun,Premier League,Away,D,1.0,1.0,Aston Villa,P Bankes,14.0,4.0,16.0,13.0,3.0,0.0,2.0,0.0,2025,West Ham,6
2025-02-01,Sat,Premier League,Away,L,0.0,2.0,Wolves,A Madley,10.0,3.0,13.0,20.0,3.0,0.0,2.0,0.0,2025,Aston Villa,5
2025-02-01,Sat,Premier League,Home,L,0.0,2.0,Liverpool,D England,14.0,3.0,15.0,9.0,2.0,0.0,3.0,0.0,2025,Bournemouth,5
2025-02-01,Sat,Premier League,Away,L,0.0,7.0,Nott'm Forest,S Hooper,10.0,5.0,13.0,8.0,3.0,0.0,1.0,0.0,2025,Brighton,5
2025-02-01,Sat,Premier League,Home,W,4.0,0.0,Leicester,D Bond,13.0,7.0,7.0,13.0,0.0,0.0,0.0,0.0,2025,Everton,5
2025-02-01,Sat,Premier League,Away,W,2.0,1.0,Newcastle,C Kavanagh,15.0,4.0,15.0,10.0,4.0,0.0,4.0,0.0,2025,Fulham,5
2025-02-01,Sat,Premier League,Home,L,1.0,2.0,Southampton,M Oliver,15.0,6.0,11.0,14.0,0.0,0.0,3.0,0.0,2025,Ipswich,5
2025-02-01,Sat,Premier League,Away,L,0.0,4.0,Everton,D Bond,9.0,1.0,13.0,7.0,0.0,0.0,0.0,0.0,2025,Leicester,5
2025-02-01,Sat,Premier League,Away,W,2.0,0.0,Bournemouth,D England,19.0,7.0,9.0,15.0,3.0,0.0,2.0,0.0,2025,Liverpool,5
2025-02-01,Sat,Premier League,Home,L,1.0,2.0,Fulham,C Kavanagh,11.0,4.0,10.0,15.0,4.0,0.0,4.0,0.0,2025,Newcastle,5
2025-02-01,Sat,Premier League,Home,W,7.0,0.0,Brighton,S Hooper,14.0,9.0,8.0,13.0,1.0,0.0,3.0,0.0,2025,Nott'm Forest,5
2025-02-01,Sat,Premier League,Away,W,2.0,1.0,Ipswich,M Oliver,9.0,4.0,14.0,11.0,3.0,0.0,0.0,0.0,2025,Southampton,5
2025-02-01,Sat,Premier League,Home,W,2.0,0.0,Aston Villa,A Madley,8.0,5.0,20.0,13.0,2.0,0.0,3.0,0.0,2025,Wolves,5
2025-02-02,Sun,Premier League,Home,W,5.0,1.0,Man City,P Bankes,12.0,7.0,6.0,7.0,2.0,0.0,0.0,0.0,2025,Arsenal,6
2025-02-02,Sun,Premier League,Home,L,0.0,2.0,Tottenham,J Gillett,20.0,4.0,4.0,11.0,0.0,0.0,1.0,0.0,2025,Brentford,6
2025-02-02,Sun,Premier League,Away,W,2.0,0.0,Man United,J Brooks,11.0,3.0,13.0,12.0,1.0,0.0,3.0,0.0,2025,Crystal Palace,6
2025-02-02,Sun,Premier League,Away,L,1.0,5.0,Arsenal,P Bankes,7.0,4.0,7.0,6.0,0.0,0.0,2.0,0.0,2025,Man City,6
2025-02-02,Sun,Premier League,Home,L,0.0,2.0,Crystal Palace,J Brooks,17.0,2.0,12.0,13.0,3.0,0.0,1.0,0.0,2025,Man United,6
2025-02-02,Sun,Premier League,Away,W,2.0,0.0,Brentford,J Gillett,13.0,2.0,11.0,4.0,1.0,0.0,0.0,0.0,2025,Tottenham,6
2025-02-03,Mon,Premier League,Home,W,2.0,1.0,West Ham,S Attwell,22.0,3.0,11.0,10.0,3.0,0.0,1.0,0.0,2025,Chelsea,0
2025-02-03,Mon,Premier League,Away,L,1.0,2.0,Chelsea,S Attwell,14.0,5.0,10.0,11.0,1.0,0.0,3.0,0.0,2025,West Ham,0
2025-02-12,Wed,Premier League,Home,D,2.0,2.0,Liverpool,M Oliver,10.0,3.0,9.0,20.0,2.0,1.0,2.0,1.0,2025,Everton,2
2025-02-12,Wed,Premier League,Away,D,2.0,2.0,Everton,M Oliver,6.0,4.0,20.0,9.0,2.0,1.0,2.0,1.0,2025,Liverpool,2
2025-02-14,Fri,Premier League,Home,W,3.0,0.0,Chelsea,K Kavanagh,13.0,5.0,12.0,15.0,1.0,0.0,2.0,0.0,2025,Brighton,4
2025-02-14,Fri,Premier League,Away,L,0.0,3.0,Brighton,K Kavanagh,8.0,0.0,15.0,12.0,2.0,0.0,1.0,0.0,2025,Chelsea,4
2025-02-15,Sat,Premier League,Away,W,2.0,0.0,Leicester,S Barrott,11.0,5.0,10.0,9.0,1.0,0.0,2.0,0.0,2025,Arsenal,5
2025-02-15,Sat,Premier League,Home,D,1.0,1.0,Ipswich,R Jones,25.0,6.0,7.0,11.0,0.0,0.0,3.0,1.0,2025,Aston Villa,5
2025-02-15,Sat,Premier League,Away,W,3.0,1.0,Southampton,J Gillett,14.0,7.0,15.0,13.0,3.0,0.0,1.0,0.0,2025,Bournemouth,5
2025-02-15,Sat,Premier League,Away,W,1.0,0.0,West Ham,D England,14.0,5.0,13.0,10.0,1.0,0.0,1.0,0.0,2025,Brentford,5
2025-02-15,Sat,Premier League,Home,L,1.0,2.0,Everton,A Taylor,17.0,6.0,9.0,12.0,0.0,0.0,1.0,0.0,2025,Crystal Palace,5
2025-02-15,Sat,Premier League,Away,W,2.0,1.0,Crystal Palace,A Taylor,11.0,6.0,12.0,9.0,1.0,0.0,0.0,0.0,2025,Everton,5
2025-02-15,Sat,Premier League,Home,W,2.0,1.0,Nott'm Forest,T Bramall,24.0,10.0,13.0,8.0,0.0,0.0,0.0,0.0,2025,Fulham,5
2025-02-15,Sat,Premier League,Away,D,1.0,1.0,Aston Villa,R Jones,4.0,3.0,11.0,7.0,3.0,1.0,0.0,0.0,2025,Ipswich,5
2025-02-15,Sat,Premier League,Home,L,0.0,2.0,Arsenal,S Barrott,6.0,2.0,9.0,10.0,2.0,0.0,1.0,0.0,2025,Leicester,5
2025-02-15,Sat,Premier League,Home,W,4.0,0.0,Newcastle,A Madley,11.0,7.0,5.0,13.0,0.0,0.0,1.0,0.0,2025,Man City,5
2025-02-15,Sat,Premier League,Away,L,0.0,4.0,Man City,A Madley,3.0,1.0,13.0,5.0,1.0,0.0,0.0,0.0,2025,Newcastle,5
2025-02-15,Sat,Premier League,Away,L,1.0,2.0,Fulham,T Bramall,8.0,2.0,8.0,13.0,0.0,0.0,0.0,0.0,2025,Nott'm Forest,5
2025-02-15,Sat,Premier League,Home,L,1.0,3.0,Bournemouth,J Gillett,11.0,4.0,13.0,15.0,1.0,0.0,3.0,0.0,2025,Southampton,5
2025-02-15,Sat,Premier League,Home,L,0.0,1.0,Brentford,D England,13.0,3.0,10.0,13.0,1.0,0.0,1.0,0.0,2025,West Ham,5
2025-02-16,Sun,Premier League,Home,W,2.0,1.0,Wolves,S Hooper,10.0,3.0,15.0,13.0,2.0,0.0,2.0,0.0,2025,Liverpool,6
2025-02-16,Sun,Premier League,Away,L,0.0,1.0,Tottenham,P Bankes,16.0,6.0,9.0,13.0,2.0,0.0,1.0,0.0,2025,Man United,6
2025-02-16,Sun,Premier League,Home,W,1.0,0.0,Man United,P Bankes,22.0,7.0,13.0,9.0,1.0,0.0,2.0,0.0,2025,Tottenham,6
2025-02-16,Sun,Premier League,Away,L,1.0,2.0,Liverpool,S Hooper,16.0,4.0,13.0,15.0,2.0,0.0,2.0,0.0,2025,Wolves,6
2025-02-19,Wed,Premier League,Home,D,2.0,2.0,Liverpool,C Pawson,9.0,4.0,8.0,6.0,1.0,0.0,0.0,0.0,2025,Aston Villa,2
2025-02-19,Wed,Premier League,Away,D,2.0,2.0,Aston Villa,C Pawson,17.0,3.0,6.0,8.0,0.0,0.0,1.0,0.0,2025,Liverpool,2
2025-02-21,Fri,Premier League,Away,W,4.0,0.0,Leicester,T Harrington,14.0,6.0,10.0,10.0,0.0,0.0,4.0,0.0,2025,Brentford,4
2025-02-21,Fri,Premier League,Home,L,0.0,4.0,Brentford,T Harrington,8.0,3.0,10.0,10.0,4.0,0.0,0.0,0.0,2025,Leicester,4
2025-02-22,Sat,Premier League,Home,L,0.0,1.0,West Ham,C Pawson,20.0,2.0,16.0,15.0,1.0,1.0,3.0,0.0,2025,Arsenal,5
2025-02-22,Sat,Premier League,Home,W,2.0,1.0,Chelsea,M Oliver,12.0,6.0,15.0,16.0,1.0,0.0,3.0,0.0,2025,Aston Villa,5
2025-02-22,Sat,Premier League,Home,L,0.0,1.0,Wolves,M Salisbury,8.0,3.0,17.0,9.0,3.0,1.0,3.0,0.0,2025,Bournemouth,5
2025-02-22,Sat,Premier League,Away,W,4.0,0.0,Southampton,D Bond,18.0,12.0,12.0,11.0,0.0,0.0,2.0,0.0,2025,Brighton,5
2025-02-22,Sat,Premier League,Away,L,1.0,2.0,Aston Villa,M Oliver,15.0,7.0,16.0,15.0,3.0,0.0,1.0,0.0,2025,Chelsea,5
2025-02-22,Sat,Premier League,Away,W,2.0,0.0,Fulham,R Jones,10.0,5.0,7.0,10.0,3.0,0.0,1.0,0.0,2025,Crystal Palace,5
2025-02-22,Sat,Premier League,Home,D,2.0,2.0,Man United,A Madley,9.0,8.0,12.0,9.0,4.0,0.0,1.0,0.0,2025,Everton,5
2025-02-22,Sat,Premier League,Home,L,0.0,2.0,Crystal Palace,R Jones,10.0,0.0,10.0,7.0,1.0,0.0,3.0,0.0,2025,Fulham,5
2025-02-22,Sat,Premier League,Home,L,1.0,4.0,Tottenham,T Robinson,17.0,5.0,15.0,14.0,2.0,0.0,1.0,0.0,2025,Ipswich,5
2025-02-22,Sat,Premier League,Away,D,2.0,2.0,Everton,A Madley,9.0,3.0,9.0,12.0,1.0,0.0,4.0,0.0,2025,Man United,5
2025-02-22,Sat,Premier League,Home,L,0.0,4.0,Brighton,D Bond,6.0,1.0,11.0,12.0,2.0,0.0,0.0,0.0,2025,Southampton,5
2025-02-22,Sat,Premier League,Away,W,4.0,1.0,Ipswich,T Robinson,10.0,6.0,14.0,15.0,1.0,0.0,2.0,0.0,2025,Tottenham,5
2025-02-22,Sat,Premier League,Away,W,1.0,0.0,Arsenal,C Pawson,5.0,2.0,15.0,16.0,3.0,0.0,1.0,1.0,2025,West Ham,5
2025-02-22,Sat,Premier League,Away,W,1.0,0.0,Bournemouth,M Salisbury,13.0,5.0,9.0,17.0,3.0,0.0,3.0,1.0,2025,Wolves,5
2025-02-23,Sun,Premier League,Away,W,2.0,0.0,Man City,A Taylor,8.0,4.0,10.0,3.0,0.0,0.0,0.0,0.0,2025,Liverpool,6
2025-02-23,Sun,Premier League,Home,L,0.0,2.0,Liverpool,A Taylor,16.0,5.0,3.0,10.0,0.0,0.0,0.0,0.0,2025,Man City,6
2025-02-23,Sun,Premier League,Home,W,4.0,3.0,Nott'm Forest,J Gillett,13.0,5.0,11.0,13.0,1.0,0.0,4.0,0.0,2025,Newcastle,6
2025-02-23,Sun,Premier League,Away,L,3.0,4.0,Newcastle,J Gillett,17.0,5.0,13.0,11.0,4.0,0.0,1.0,0.0,2025,Nott'm Forest,6
2025-02-25,Tue,Premier League,Away,L,1.0,4.0,Crystal Palace,S Barrott,6.0,2.0,10.0,19.0,1.0,0.0,3.0,0.0,2025,Aston Villa,1
2025-02-25,Tue,Premier League,Away,L,1.0,2.0,Brighton,M Oliver,19.0,5.0,14.0,12.0,1.0,0.0,2.0,0.0,2025,Bournemouth,1
2025-02-25,Tue,Premier League,Home,W,2.0,1.0,Bournemouth,M Oliver,11.0,4.0,12.0,14.0,2.0,0.0,1.0,0.0,2025,Brighton,1
2025-02-25,Tue,Premier League,Home,W,4.0,0.0,Southampton,T Bramall,19.0,10.0,6.0,9.0,1.0,0.0,2.0,0.0,2025,Chelsea,1
2025-02-25,Tue,Premier League,Home,W,4.0,1.0,Aston Villa,S Barrott,19.0,6.0,19.0,10.0,3.0,0.0,1.0,0.0,2025,Crystal Palace,1
2025-02-25,Tue,Premier League,Away,W,2.0,1.0,Wolves,P Bankes,11.0,5.0,15.0,8.0,3.0,0.0,1.0,0.0,2025,Fulham,1
2025-02-25,Tue,Premier League,Away,L,0.0,4.0,Chelsea,T Bramall,7.0,2.0,9.0,6.0,2.0,0.0,1.0,0.0,2025,Southampton,1
2025-02-25,Tue,Premier League,Home,L,1.0,2.0,Fulham,P Bankes,18.0,5.0,8.0,15.0,1.0,0.0,3.0,0.0,2025,Wolves,1
2025-02-26,Wed,Premier League,Away,D,0.0,0.0,Nott'm Forest,A Madley,13.0,1.0,17.0,10.0,1.0,0.0,1.0,0.0,2025,Arsenal,2
2025-02-26,Wed,Premier League,Home,D,1.0,1.0,Everton,S Hooper,12.0,3.0,3.0,6.0,2.0,0.0,1.0,0.0,2025,Brentford,2
2025-02-26,Wed,Premier League,Away,D,1.0,1.0,Brentford,S Hooper,14.0,4.0,6.0,3.0,1.0,0.0,2.0,0.0,2025,Everton,2
2025-02-26,Wed,Premier League,Away,L,2.0,3.0,Man United,D England,12.0,3.0,16.0,9.0,4.0,0.0,4.0,1.0,2025,Ipswich,2
2025-02-26,Wed,Premier League,Home,W,2.0,0.0,Newcastle,C Kavanagh,12.0,3.0,12.0,11.0,0.0,0.0,1.0,0.0,2025,Liverpool,2
2025-02-26,Wed,Premier League,Away,W,1.0,0.0,Tottenham,J Gillett,12.0,5.0,15.0,12.0,0.0,0.0,3.0,0.0,2025,Man City,2
2025-02-26,Wed,Premier League,Home,W,3.0,2.0,Ipswich,D England,10.0,6.0,9.0,16.0,4.0,1.0,4.0,0.0,2025,Man United,2
2025-02-26,Wed,Premier League,Away,L,0.0,2.0,Liverpool,C Kavanagh,3.0,0.0,11.0,12.0,1.0,0.0,0.0,0.0,2025,Newcastle,2
2025-02-26,Wed,Premier League,Home,D,0.0,0.0,Arsenal,A Madley,6.0,2.0,10.0,17.0,1.0,0.0,1.0,0.0,2025,Nott'm Forest,2
2025-02-26,Wed,Premier League,Home,L,0.0,1.0,Man City,J Gillett,11.0,6.0,12.0,15.0,3.0,0.0,0.0,0.0,2025,Tottenham,2
2025-02-27,Thu,Premier League,Away,L,0.0,2.0,West Ham,S Attwell,10.0,2.0,6.0,12.0,0.0,0.0,0.0,0.0,2025,Leicester,3
2025-02-27,Thu,Premier League,Home,W,2.0,0.0,Leicester,S Attwell,8.0,2.0,12.0,6.0,0.0,0.0,0.0,0.0,2025,West Ham,3
2025-03-08,Sat,Premier League,Away,W,1.0,0.0,Brentford,J Gillett,12.0,4.0,5.0,10.0,2.0,0.0,2.0,0.0,2025,Aston Villa,5
2025-03-08,Sat,Premier League,Home,L,0.0,1.0,Aston Villa,J Gillett,13.0,3.0,10.0,5.0,2.0,0.0,2.0,0.0,2025,Brentford,5
2025-03-08,Sat,Premier League,Home,W,2.0,1.0,Fulham,S Barrott,9.0,4.0,6.0,12.0,0.0,0.0,2.0,0.0,2025,Brighton,5
2025-03-08,Sat,Premier League,Home,W,1.0,0.0,Ipswich,S Hooper,19.0,4.0,8.0,7.0,4.0,0.0,3.0,0.0,2025,Crystal Palace,5
2025-03-08,Sat,Premier League,Away,D,1.0,1.0,Wolves,S Attwell,12.0,4.0,16.0,11.0,2.0,0.0,2.0,0.0,2025,Everton,5
2025-03-08,Sat,Premier League,Away,L,1.0,2.0,Brighton,S Barrott,6.0,1.0,12.0,6.0,2.0,0.0,0.0,0.0,2025,Fulham,5
2025-03-08,Sat,Premier League,Away,L,0.0,1.0,Crystal Palace,S Hooper,15.0,8.0,7.0,8.0,3.0,0.0,4.0,0.0,2025,Ipswich,5
2025-03-08,Sat,Premier League,Home,W,3.0,1.0,Southampton,L Smith,28.0,7.0,10.0,9.0,2.0,0.0,1.0,0.0,2025,Liverpool,5
2025-03-08,Sat,Premier League,Away,L,0.0,1.0,Nott'm Forest,C Kavanagh,14.0,3.0,7.0,9.0,2.0,0.0,3.0,0.0,2025,Man City,5
2025-03-08,Sat,Premier League,Home,W,1.0,0.0,Man City,C Kavanagh,9.0,4.0,9.0,7.0,3.0,0.0,2.0,0.0,2025,Nott'm Forest,5
2025-03-08,Sat,Premier League,Away,L,1.0,3.0,Liverpool,L Smith,6.0,4.0,9.0,10.0,1.0,0.0,2.0,0.0,2025,Southampton,5
2025-03-08,Sat,Premier League,Home,D,1.0,1.0,Everton,S Attwell,11.0,3.0,11.0,16.0,2.0,0.0,2.0,0.0,2025,Wolves,5
2025-03-09,Sun,Premier League,Away,D,1.0,1.0,Man United,A Taylor,17.0,6.0,11.0,8.0,1.0,0.0,0.0,0.0,2025,Arsenal,6
2025-03-09,Sun,Premier League,Away,D,2.0,2.0,Tottenham,J Brooks,17.0,8.0,16.0,15.0,3.0,0.0,3.0,0.0,2025,Bournemouth,6
2025-03-09,Sun,Premier League,Home,W,1.0,0.0,Leicester,T Robinson,20.0,7.0,12.0,13.0,1.0,0.0,0.0,0.0,2025,Chelsea,6
2025-03-09,Sun,Premier League,Away,L,0.0,1.0,Chelsea,T Robinson,3.0,3.0,13.0,12.0,0.0,0.0,1.0,0.0,2025,Leicester,6
2025-03-09,Sun,Premier League,Home,D,1.0,1.0,Arsenal,A Taylor,10.0,6.0,8.0,11.0,0.0,0.0,1.0,0.0,2025,Man United,6
2025-03-09,Sun,Premier League,Home,D,2.0,2.0,Bournemouth,J Brooks,12.0,4.0,15.0,16.0,3.0,0.0,3.0,0.0,2025,Tottenham,6
2025-03-10,Mon,Premier League,Away,W,1.0,0.0,West Ham,M Salisbury,9.0,3.0,15.0,7.0,1.0,0.0,0.0,0.0,2025,Newcastle,0
2025-03-10,Mon,Premier League,Home,L,0.0,1.0,Newcastle,M Salisbury,9.0,2.0,7.0,15.0,0.0,0.0,1.0,0.0,2025,West Ham,0
2025-03-15,Sat,Premier League,Home,L,1.0,2.0,Brentford,C Pawson,17.0,5.0,13.0,7.0,3.0,0.0,0.0,0.0,2025,Bournemouth,5
2025-03-15,Sat,Premier League,Away,W,2.0,1.0,Bournemouth,C Pawson,10.0,4.0,7.0,13.0,0.0,0.0,3.0,0.0,2025,Brentford,5
2025-03-15,Sat,Premier League,Away,D,2.0,2.0,Man City,S Hooper,15.0,3.0,10.0,10.0,5.0,0.0,2.0,0.0,2025,Brighton,5
2025-03-15,Sat,Premier League,Home,D,1.0,1.0,West Ham,D Bond,13.0,5.0,12.0,8.0,1.0,0.0,2.0,0.0,2025,Everton,5
2025-03-15,Sat,Premier League,Home,L,2.0,4.0,Nott'm Forest,M Salisbury,11.0,4.0,4.0,13.0,1.0,0.0,1.0,0.0,2025,Ipswich,5
2025-03-15,Sat,Premier League,Home,D,2.0,2.0,Brighton,S Hooper,11.0,3.0,10.0,10.0,2.0,0.0,5.0,0.0,2025,Man City,5
2025-03-15,Sat,Premier League,Away,W,4.0,2.0,Ipswich,M Salisbury,11.0,6.0,13.0,4.0,1.0,0.0,1.0,0.0,2025,Nott'm Forest,5
2025-03-15,Sat,Premier League,Home,L,1.0,2.0,Wolves,R Jones,10.0,3.0,12.0,13.0,0.0,0.0,0.0,0.0,2025,Southampton,5
2025-03-15,Sat,Premier League,Away,D,1.0,1.0,Everton,D Bond,10.0,5.0,8.0,12.0,2.0,0.0,1.0,0.0,2025,West Ham,5
2025-03-15,Sat,Premier League,Away,W,2.0,1.0,Southampton,R Jones,5.0,3.0,13.0,12.0,0.0,0.0,0.0,0.0,2025,Wolves,5
2025-03-16,Sun,Premier League,Home,W,1.0,0.0,Chelsea,C Kavanagh,12.0,4.0,10.0,13.0,3.0,0.0,3.0,0.0,2025,Arsenal,6
2025-03-16,Sun,Premier League,Away,L,0.0,1.0,Arsenal,C Kavanagh,8.0,2.0,13.0,10.0,3.0,0.0,3.0,0.0,2025,Chelsea,6
2025-03-16,Sun,Premier League,Home,W,2.0,0.0,Tottenham,A Madley,13.0,4.0,13.0,10.0,0.0,0.0,0.0,0.0,2025,Fulham,6
2025-03-16,Sun,Premier League,Home,L,0.0,3.0,Man United,T Bramall,11.0,3.0,6.0,6.0,2.0,0.0,0.0,0.0,2025,Leicester,6
2025-03-16,Sun,Premier League,Away,W,3.0,0.0,Leicester,T Bramall,18.0,5.0,6.0,6.0,0.0,0.0,2.0,0.0,2025,Man United,6
2025-03-16,Sun,Premier League,Away,L,0.0,2.0,Fulham,A Madley,12.0,4.0,10.0,13.0,0.0,0.0,0.0,0.0,2025,Tottenham,6
2025-04-01,Tue,Premier League,Home,W,2.0,1.0,Fulham,J Brooks,17.0,4.0,2.0,10.0,1.0,0.0,2.0,0.0,2025,Arsenal,1
2025-04-01,Tue,Premier League,Away,L,1.0,2.0,Arsenal,J Brooks,9.0,3.0,10.0,2.0,2.0,0.0,1.0,0.0,2025,Fulham,1
2025-04-01,Tue,Premier League,Away,L,0.0,1.0,Nott'm Forest,J Gillett,23.0,6.0,12.0,5.0,3.0,0.0,1.0,0.0,2025,Man United,1
2025-04-01,Tue,Premier League,Home,W,1.0,0.0,Man United,J Gillett,8.0,2.0,5.0,12.0,1.0,0.0,3.0,0.0,2025,Nott'm Forest,1
2025-04-01,Tue,Premier League,Away,L,0.0,1.0,Wolves,T Harrington,10.0,1.0,12.0,16.0,2.0,0.0,4.0,0.0,2025,West Ham,1
2025-04-01,Tue,Premier League,Home,W,1.0,0.0,West Ham,T Harrington,9.0,2.0,16.0,12.0,4.0,0.0,2.0,0.0,2025,Wolves,1
2025-04-02,Wed,Premier League,Away,W,3.0,0.0,Brighton,S Attwell,8.0,5.0,11.0,16.0,3.0,0.0,1.0,0.0,2025,Aston Villa,2
2025-04-02,Wed,Premier League,Home,L,1.0,2.0,Ipswich,R Jones,24.0,7.0,14.0,15.0,1.0,0.0,2.0,0.0,2025,Bournemouth,2
2025-04-02,Wed,Premier League,Away,L,1.0,2.0,Newcastle,P Bankes,12.0,3.0,12.0,12.0,1.0,0.0,1.0,0.0,2025,Brentford,2
2025-04-02,Wed,Premier League,Home,L,0.0,3.0,Aston Villa,S Attwell,11.0,4.0,16.0,11.0,1.0,0.0,3.0,0.0,2025,Brighton,2
2025-04-02,Wed,Premier League,Away,D,1.0,1.0,Southampton,A Madley,9.0,3.0,9.0,14.0,1.0,0.0,2.0,0.0,2025,Crystal Palace,2
2025-04-02,Wed,Premier League,Away,L,0.0,1.0,Liverpool,S Barrott,5.0,0.0,11.0,7.0,2.0,0.0,2.0,0.0,2025,Everton,2
2025-04-02,Wed,Premier League,Away,W,2.0,1.0,Bournemouth,R Jones,10.0,2.0,15.0,14.0,2.0,0.0,1.0,0.0,2025,Ipswich,2
2025-04-02,Wed,Premier League,Away,L,0.0,2.0,Man City,D England,2.0,0.0,8.0,11.0,4.0,0.0,1.0,0.0,2025,Leicester,2
2025-04-02,Wed,Premier League,Home,W,1.0,0.0,Everton,S Barrott,17.0,3.0,7.0,11.0,2.0,0.0,2.0,0.0,2025,Liverpool,2
2025-04-02,Wed,Premier League,Home,W,2.0,0.0,Leicester,D England,18.0,5.0,11.0,8.0,1.0,0.0,4.0,0.0,2025,Man City,2
2025-04-02,Wed,Premier League,Home,W,2.0,1.0,Brentford,P Bankes,21.0,4.0,12.0,12.0,1.0,0.0,1.0,0.0,2025,Newcastle,2
2025-04-02,Wed,Premier League,Home,D,1.0,1.0,Crystal Palace,A Madley,8.0,2.0,14.0,9.0,2.0,0.0,1.0,0.0,2025,Southampton,2
2025-04-03,Thu,Premier League,Home,W,1.0,0.0,Tottenham,C Pawson,11.0,5.0,7.0,16.0,5.0,0.0,5.0,0.0,2025,Chelsea,3
2025-04-03,Thu,Premier League,Away,L,0.0,1.0,Chelsea,C Pawson,8.0,2.0,16.0,7.0,5.0,0.0,5.0,0.0,2025,Tottenham,3
2025-04-05,Sat,Premier League,Away,D,1.0,1.0,Everton,D England,14.0,5.0,13.0,17.0,1.0,0.0,3.0,0.0,2025,Arsenal,5
2025-04-05,Sat,Premier League,Home,W,2.0,1.0,Nott'm Forest,S Hooper,17.0,8.0,7.0,15.0,2.0,0.0,2.0,0.0,2025,Aston Villa,5
2025-04-05,Sat,Premier League,Away,D,2.0,2.0,West Ham,T Robinson,11.0,4.0,13.0,13.0,2.0,0.0,2.0,0.0,2025,Bournemouth,5
2025-04-05,Sat,Premier League,Away,L,1.0,2.0,Crystal Palace,A Taylor,11.0,5.0,13.0,12.0,1.0,1.0,0.0,2.0,2025,Brighton,5
2025-04-05,Sat,Premier League,Home,W,2.0,1.0,Brighton,A Taylor,8.0,3.0,12.0,13.0,0.0,2.0,1.0,1.0,2025,Crystal Palace,5
2025-04-05,Sat,Premier League,Home,D,1.0,1.0,Arsenal,D England,5.0,2.0,17.0,13.0,3.0,0.0,1.0,0.0,2025,Everton,5
2025-04-05,Sat,Premier League,Home,L,1.0,2.0,Wolves,P Bankes,6.0,2.0,12.0,16.0,2.0,0.0,2.0,0.0,2025,Ipswich,5
2025-04-05,Sat,Premier League,Away,L,1.0,2.0,Aston Villa,S Hooper,19.0,3.0,15.0,7.0,2.0,0.0,2.0,0.0,2025,Nott'm Forest,5
2025-04-05,Sat,Premier League,Home,D,2.0,2.0,Bournemouth,T Robinson,9.0,3.0,13.0,13.0,2.0,0.0,2.0,0.0,2025,West Ham,5
2025-04-05,Sat,Premier League,Away,W,2.0,1.0,Ipswich,P Bankes,22.0,7.0,16.0,12.0,2.0,0.0,2.0,0.0,2025,Wolves,5
2025-04-06,Sun,Premier League,Home,D,0.0,0.0,Chelsea,M Oliver,9.0,2.0,12.0,12.0,1.0,0.0,3.0,0.0,2025,Brentford,6
2025-04-06,Sun,Premier League,Away,D,0.0,0.0,Brentford,M Oliver,21.0,5.0,12.0,12.0,3.0,0.0,1.0,0.0,2025,Chelsea,6
2025-04-06,Sun,Premier League,Home,W,3.0,2.0,Liverpool,C Kavanagh,12.0,6.0,10.0,9.0,3.0,0.0,0.0,0.0,2025,Fulham,6
2025-04-06,Sun,Premier League,Away,L,2.0,3.0,Fulham,C Kavanagh,14.0,6.0,9.0,10.0,0.0,0.0,3.0,0.0,2025,Liverpool,6
2025-04-06,Sun,Premier League,Away,D,0.0,0.0,Man United,J Brooks,9.0,5.0,9.0,13.0,2.0,0.0,3.0,0.0,2025,Man City,6
2025-04-06,Sun,Premier League,Home,D,0.0,0.0,Man City,J Brooks,13.0,2.0,13.0,9.0,3.0,0.0,2.0,0.0,2025,Man United,6
2025-04-06,Sun,Premier League,Away,L,1.0,3.0,Tottenham,M Salisbury,12.0,4.0,20.0,16.0,1.0,0.0,1.0,0.0,2025,Southampton,6
2025-04-06,Sun,Premier League,Home,W,3.0,1.0,Southampton,M Salisbury,13.0,8.0,16.0,20.0,1.0,0.0,1.0,0.0,2025,Tottenham,6
2025-04-07,Mon,Premier League,Home,L,0.0,3.0,Newcastle,R Jones,7.0,2.0,8.0,9.0,2.0,0.0,0.0,0.0,2025,Leicester,0
2025-04-07,Mon,Premier League,Away,W,3.0,0.0,Leicester,R Jones,16.0,5.0,9.0,8.0,0.0,0.0,2.0,0.0,2025,Newcastle,0
2025-04-12,Sat,Premier League,Home,D,1.0,1.0,Brentford,S Hooper,14.0,3.0,7.0,9.0,1.0,0.0,3.0,0.0,2025,Arsenal,5
2025-04-12,Sat,Premier League,Away,W,3.0,0.0,Southampton,T Bramall,25.0,10.0,4.0,11.0,1.0,0.0,3.0,0.0,2025,Aston Villa,5
2025-04-12,Sat,Premier League,Away,D,1.0,1.0,Arsenal,S Hooper,3.0,2.0,9.0,7.0,3.0,0.0,1.0,0.0,2025,Brentford,5
2025-04-12,Sat,Premier League,Home,D,2.0,2.0,Leicester,D Bond,21.0,7.0,9.0,11.0,2.0,0.0,5.0,0.0,2025,Brighton,5
2025-04-12,Sat,Premier League,Away,L,2.0,5.0,Man City,J Gillett,8.0,3.0,16.0,10.0,3.0,0.0,2.0,0.0,2025,Crystal Palace,5
2025-04-12,Sat,Premier League,Away,W,1.0,0.0,Nott'm Forest,C Pawson,13.0,5.0,13.0,9.0,3.0,0.0,0.0,0.0,2025,Everton,5
2025-04-12,Sat,Premier League,Away,D,2.0,2.0,Brighton,D Bond,15.0,6.0,11.0,9.0,5.0,0.0,2.0,0.0,2025,Leicester,5
2025-04-12,Sat,Premier League,Home,W,5.0,2.0,Crystal Palace,J Gillett,21.0,9.0,10.0,16.0,2.0,0.0,3.0,0.0,2025,Man City,5
2025-04-12,Sat,Premier League,Home,L,0.0,1.0,Everton,C Pawson,10.0,5.0,9.0,13.0,0.0,0.0,3.0,0.0,2025,Nott'm Forest,5
2025-04-12,Sat,Premier League,Home,L,0.0,3.0,Aston Villa,T Bramall,7.0,2.0,11.0,4.0,3.0,0.0,1.0,0.0,2025,Southampton,5
2025-04-13,Sun,Premier League,Home,D,2.0,2.0,Ipswich,S Attwell,34.0,9.0,11.0,7.0,2.0,0.0,2.0,0.0,2025,Chelsea,6
2025-04-13,Sun,Premier League,Away,D,2.0,2.0,Chelsea,S Attwell,13.0,4.0,7.0,11.0,2.0,0.0,2.0,0.0,2025,Ipswich,6
2025-04-13,Sun,Premier League,Home,W,2.0,1.0,West Ham,A Madley,15.0,6.0,15.0,8.0,0.0,0.0,2.0,0.0,2025,Liverpool,6
2025-04-13,Sun,Premier League,Away,L,1.0,4.0,Newcastle,C Kavanagh,9.0,5.0,9.0,7.0,2.0,0.0,0.0,0.0,2025,Man United,6
2025-04-13,Sun,Premier League,Home,W,4.0,1.0,Man United,C Kavanagh,13.0,6.0,7.0,9.0,0.0,0.0,2.0,0.0,2025,Newcastle,6
2025-04-13,Sun,Premier League,Away,L,2.0,4.0,Wolves,A Taylor,11.0,4.0,15.0,12.0,2.0,0.0,1.0,0.0,2025,Tottenham,6
2025-04-13,Sun,Premier League,Away,L,1.0,2.0,Liverpool,A Madley,11.0,4.0,8.0,15.0,2.0,0.0,0.0,0.0,2025,West Ham,6
2025-04-13,Sun,Premier League,Home,W,4.0,2.0,Tottenham,A Taylor,13.0,5.0,12.0,15.0,1.0,0.0,2.0,0.0,2025,Wolves,6
2025-04-14,Mon,Premier League,Home,W,1.0,0.0,Fulham,O Oliver,12.0,3.0,11.0,10.0,3.0,0.0,2.0,0.0,2025,Bournemouth,0
2025-04-14,Mon,Premier League,Away,L,0.0,1.0,Bournemouth,O Oliver,12.0,7.0,10.0,11.0,2.0,0.0,3.0,0.0,2025,Fulham,0
2025-04-16,Wed,Premier League,Away,L,0.0,5.0,Newcastle,D England,11.0,4.0,15.0,9.0,3.0,0.0,2.0,0.0,2025,Crystal Palace,2
2025-04-16,Wed,Premier League,Home,W,5.0,0.0,Crystal Palace,D England,14.0,7.0,9.0,15.0,2.0,0.0,3.0,0.0,2025,Newcastle,2
2025-04-19,Sat,Premier League,Home,W,4.0,1.0,Newcastle,J Gillett,23.0,9.0,9.0,12.0,1.0,0.0,3.0,0.0,2025,Aston Villa,5
2025-04-19,Sat,Premier League,Away,D,0.0,0.0,Crystal Palace,S Barrott,15.0,4.0,10.0,13.0,4.0,0.0,3.0,1.0,2025,Bournemouth,5
2025-04-19,Sat,Premier League,Home,W,4.0,2.0,Brighton,T Robinson,16.0,8.0,7.0,11.0,3.0,0.0,3.0,1.0,2025,Brentford,5
2025-04-19,Sat,Premier League,Away,L,2.0,4.0,Brentford,T Robinson,12.0,3.0,11.0,7.0,3.0,1.0,3.0,0.0,2025,Brighton,5
2025-04-19,Sat,Premier League,Home,D,0.0,0.0,Bournemouth,S Barrott,5.0,0.0,13.0,10.0,3.0,1.0,4.0,0.0,2025,Crystal Palace,5
2025-04-19,Sat,Premier League,Home,L,0.0,2.0,Man City,S Hooper,8.0,3.0,7.0,6.0,4.0,0.0,0.0,0.0,2025,Everton,5
2025-04-19,Sat,Premier League,Away,W,2.0,0.0,Everton,S Hooper,12.0,7.0,6.0,7.0,0.0,0.0,4.0,0.0,2025,Man City,5
2025-04-19,Sat,Premier League,Away,L,1.0,4.0,Aston Villa,J Gillett,10.0,3.0,12.0,9.0,3.0,0.0,1.0,0.0,2025,Newcastle,5
2025-04-19,Sat,Premier League,Away,D,1.0,1.0,West Ham,A Kitchen,15.0,4.0,13.0,14.0,1.0,0.0,2.0,0.0,2025,Southampton,5
2025-04-19,Sat,Premier League,Home,D,1.0,1.0,Southampton,A Kitchen,12.0,4.0,14.0,13.0,2.0,0.0,1.0,0.0,2025,West Ham,5
2025-04-20,Sun,Premier League,Away,W,4.0,0.0,Ipswich,C Kavanagh,24.0,7.0,7.0,10.0,0.0,0.0,0.0,1.0,2025,Arsenal,6
2025-04-20,Sun,Premier League,Away,W,2.0,1.0,Fulham,A Taylor,13.0,8.0,9.0,13.0,3.0,0.0,1.0,0.0,2025,Chelsea,6
2025-04-20,Sun,Premier League,Home,L,1.0,2.0,Chelsea,A Taylor,6.0,1.0,13.0,9.0,1.0,0.0,3.0,0.0,2025,Fulham,6
2025-04-20,Sun,Premier League,Home,L,0.0,4.0,Arsenal,C Kavanagh,4.0,0.0,10.0,7.0,0.0,1.0,0.0,0.0,2025,Ipswich,6
2025-04-20,Sun,Premier League,Home,L,0.0,1.0,Liverpool,S Attwell,5.0,0.0,11.0,7.0,1.0,0.0,2.0,0.0,2025,Leicester,6
2025-04-20,Sun,Premier League,Away,W,1.0,0.0,Leicester,S Attwell,28.0,10.0,7.0,11.0,2.0,0.0,1.0,0.0,2025,Liverpool,6
2025-04-20,Sun,Premier League,Home,L,0.0,1.0,Wolves,R Jones,12.0,2.0,11.0,18.0,2.0,0.0,3.0,0.0,2025,Man United,6
2025-04-20,Sun,Premier League,Away,W,1.0,0.0,Man United,R Jones,4.0,2.0,18.0,11.0,3.0,0.0,2.0,0.0,2025,Wolves,6
2025-04-21,Mon,Premier League,Away,W,2.0,1.0,Tottenham,P Bankes,4.0,3.0,12.0,11.0,4.0,0.0,1.0,0.0,2025,Nott'm Forest,0
2025-04-21,Mon,Premier League,Home,L,1.0,2.0,Nott'm Forest,P Bankes,22.0,6.0,11.0,12.0,1.0,0.0,4.0,0.0,2025,Tottenham,0
2025-04-22,Tue,Premier League,Away,L,1.0,2.0,Man City,C Pawson,7.0,3.0,10.0,9.0,3.0,0.0,3.0,0.0,2025,Aston Villa,1
2025-04-22,Tue,Premier League,Home,W,2.0,1.0,Aston Villa,C Pawson,14.0,6.0,9.0,10.0,3.0,0.0,3.0,0.0,2025,Man City,1
2025-04-23,Wed,Premier League,Home,D,2.0,2.0,Crystal Palace,M Salisbury,12.0,6.0,4.0,6.0,1.0,0.0,1.0,0.0,2025,Arsenal,2
2025-04-23,Wed,Premier League,Away,D,2.0,2.0,Arsenal,M Salisbury,15.0,4.0,6.0,4.0,1.0,0.0,1.0,0.0,2025,Crystal Palace,2
2025-04-26,Sat,Premier League,Home,W,3.0,2.0,West Ham,D England,16.0,9.0,7.0,9.0,1.0,0.0,1.0,0.0,2025,Brighton,5
2025-04-26,Sat,Premier League,Home,W,1.0,0.0,Everton,C Kavanagh,10.0,7.0,11.0,11.0,0.0,0.0,0.0,0.0,2025,Chelsea,5
2025-04-26,Sat,Premier League,Away,L,0.0,1.0,Chelsea,C Kavanagh,6.0,3.0,11.0,11.0,0.0,0.0,0.0,0.0,2025,Everton,5
2025-04-26,Sat,Premier League,Away,W,2.0,1.0,Southampton,T Harrington,26.0,5.0,12.0,10.0,1.0,0.0,1.0,0.0,2025,Fulham,5
2025-04-26,Sat,Premier League,Away,L,0.0,3.0,Newcastle,M Salisbury,4.0,0.0,9.0,9.0,2.0,1.0,1.0,0.0,2025,Ipswich,5
2025-04-26,Sat,Premier League,Away,L,0.0,3.0,Wolves,S Barrott,8.0,2.0,17.0,7.0,4.0,0.0,1.0,0.0,2025,Leicester,5
2025-04-26,Sat,Premier League,Home,W,3.0,0.0,Ipswich,M Salisbury,25.0,5.0,9.0,9.0,1.0,0.0,2.0,1.0,2025,Newcastle,5
2025-04-26,Sat,Premier League,Home,L,1.0,2.0,Fulham,T Harrington,7.0,3.0,10.0,12.0,1.0,0.0,1.0,0.0,2025,Southampton,5
2025-04-26,Sat,Premier League,Away,L,2.0,3.0,Brighton,D England,12.0,4.0,9.0,7.0,1.0,0.0,1.0,0.0,2025,West Ham,5
2025-04-26,Sat,Premier League,Home,W,3.0,0.0,Leicester,S Barrott,20.0,6.0,7.0,17.0,1.0,0.0,4.0,0.0,2025,Wolves,5
2025-04-27,Sun,Premier League,Home,D,1.0,1.0,Man United,P Bankes,8.0,1.0,11.0,12.0,4.0,1.0,2.0,0.0,2025,Bournemouth,6
2025-04-27,Sun,Premier League,Home,W,5.0,1.0,Tottenham,T Bramall,25.0,8.0,16.0,9.0,2.0,0.0,1.0,0.0,2025,Liverpool,6
2025-04-27,Sun,Premier League,Away,D,1.0,1.0,Bournemouth,P Bankes,25.0,6.0,12.0,11.0,2.0,0.0,4.0,1.0,2025,Man United,6
2025-04-27,Sun,Premier League,Away,L,1.0,5.0,Liverpool,T Bramall,8.0,3.0,9.0,16.0,1.0,0.0,2.0,0.0,2025,Tottenham,6
2025-05-01,Thu,Premier League,Away,W,2.0,0.0,Nott'm Forest,D England,11.0,3.0,12.0,10.0,5.0,0.0,3.0,0.0,2025,Brentford,3
2025-05-01,Thu,Premier League,Home,L,0.0,2.0,Brentford,D England,14.0,5.0,10.0,12.0,3.0,0.0,5.0,0.0,2025,Nott'm Forest,3
2025-05-02,Fri,Premier League,Home,W,1.0,0.0,Wolves,P Bankes,9.0,2.0,7.0,11.0,0.0,0.0,0.0,0.0,2025,Man City,4
2025-05-02,Fri,Premier League,Away,L,0.0,1.0,Man City,P Bankes,6.0,1.0,11.0,7.0,0.0,0.0,0.0,0.0,2025,Wolves,4
2025-05-03,Sat,Premier League,Home,L,1.0,2.0,Bournemouth,J Gillett,13.0,4.0,7.0,16.0,0.0,0.0,2.0,0.0,2025,Arsenal,5
2025-05-03,Sat,Premier League,Home,W,1.0,0.0,Fulham,R Jones,10.0,3.0,6.0,17.0,0.0,0.0,5.0,0.0,2025,Aston Villa,5
2025-05-03,Sat,Premier League,Away,W,2.0,1.0,Arsenal,J Gillett,9.0,2.0,16.0,7.0,2.0,0.0,0.0,0.0,2025,Bournemouth,5
2025-05-03,Sat,Premier League,Home,D,2.0,2.0,Ipswich,L Smith,8.0,3.0,12.0,15.0,4.0,0.0,4.0,0.0,2025,Everton,5
2025-05-03,Sat,Premier League,Away,L,0.0,1.0,Aston Villa,R Jones,11.0,3.0,17.0,6.0,5.0,0.0,0.0,0.0,2025,Fulham,5
2025-05-03,Sat,Premier League,Away,D,2.0,2.0,Everton,L Smith,12.0,5.0,15.0,12.0,4.0,0.0,4.0,0.0,2025,Ipswich,5
2025-05-03,Sat,Premier League,Home,W,2.0,0.0,Southampton,D Webb,14.0,4.0,12.0,13.0,1.0,0.0,3.0,0.0,2025,Leicester,5
2025-05-03,Sat,Premier League,Away,L,0.0,2.0,Leicester,D Webb,8.0,2.0,13.0,12.0,3.0,0.0,1.0,0.0,2025,Southampton,5
2025-05-04,Sun,Premier League,Home,W,4.0,3.0,Man United,A Taylor,12.0,6.0,8.0,10.0,0.0,0.0,2.0,0.0,2025,Brentford,6
2025-05-04,Sun,Premier League,Home,D,1.0,1.0,Newcastle,C Pawson,5.0,2.0,15.0,10.0,2.0,0.0,1.0,0.0,2025,Brighton,6
2025-05-04,Sun,Premier League,Home,W,3.0,1.0,Liverpool,S Hooper,17.0,7.0,10.0,11.0,2.0,0.0,2.0,0.0,2025,Chelsea,6
2025-05-04,Sun,Premier League,Away,L,1.0,3.0,Chelsea,S Hooper,11.0,2.0,11.0,10.0,2.0,0.0,2.0,0.0,2025,Liverpool,6
2025-05-04,Sun,Premier League,Away,L,3.0,4.0,Brentford,A Taylor,14.0,5.0,10.0,8.0,2.0,0.0,0.0,0.0,2025,Man United,6
2025-05-04,Sun,Premier League,Away,D,1.0,1.0,Brighton,C Pawson,13.0,5.0,10.0,15.0,1.0,0.0,2.0,0.0,2025,Newcastle,6
2025-05-04,Sun,Premier League,Away,D,1.0,1.0,West Ham,M Oliver,7.0,2.0,15.0,18.0,2.0,0.0,2.0,0.0,2025,Tottenham,6
2025-05-04,Sun,Premier League,Home,D,1.0,1.0,Tottenham,M Oliver,11.0,2.0,18.0,15.0,2.0,0.0,2.0,0.0,2025,West Ham,6
2025-05-05,Mon,Premier League,Home,D,1.0,1.0,Nott'm Forest,A Madley,20.0,3.0,9.0,15.0,3.0,0.0,8.0,0.0,2025,Crystal Palace,0
2025-05-05,Mon,Premier League,Away,D,1.0,1.0,Crystal Palace,A Madley,12.0,4.0,15.0,9.0,8.0,0.0,3.0,0.0,2025,Nott'm Forest,0
2025-05-10,Sat,Premier League,Away,W,1.0,0.0,Bournemouth,S Attwell,6.0,3.0,12.0,19.0,3.0,1.0,4.0,0.0,2025,Aston Villa,5
2025-05-10,Sat,Premier League,Home,L,0.0,1.0,Aston Villa,S Attwell,10.0,4.0,19.0,12.0,4.0,0.0,3.0,1.0,2025,Bournemouth,5
2025-05-10,Sat,Premier League,Away,W,1.0,0.0,Ipswich,S Barrott,15.0,5.0,12.0,6.0,4.0,0.0,2.0,0.0,2025,Brentford,5
2025-05-10,Sat,Premier League,Away,W,2.0,0.0,Wolves,M Oliver,7.0,2.0,12.0,8.0,1.0,0.0,1.0,0.0,2025,Brighton,5
2025-05-10,Sat,Premier League,Away,W,3.0,1.0,Fulham,M Salisbury,11.0,7.0,9.0,15.0,0.0,0.0,1.0,0.0,2025,Everton,5
2025-05-10,Sat,Premier League,Home,L,1.0,3.0,Everton,M Salisbury,18.0,6.0,15.0,9.0,1.0,0.0,0.0,0.0,2025,Fulham,5
2025-05-10,Sat,Premier League,Home,L,0.0,1.0,Brentford,S Barrott,11.0,4.0,6.0,12.0,2.0,0.0,4.0,0.0,2025,Ipswich,5
2025-05-10,Sat,Premier League,Away,D,0.0,0.0,Southampton,T Robinson,26.0,5.0,8.0,9.0,0.0,0.0,2.0,0.0,2025,Man City,5
2025-05-10,Sat,Premier League,Home,D,0.0,0.0,Man City,T Robinson,2.0,0.0,9.0,8.0,2.0,0.0,0.0,0.0,2025,Southampton,5
2025-05-10,Sat,Premier League,Home,L,0.0,2.0,Brighton,M Oliver,10.0,3.0,8.0,12.0,1.0,0.0,1.0,0.0,2025,Wolves,5
2025-05-11,Sun,Premier League,Away,D,2.0,2.0,Liverpool,A Taylor,15.0,7.0,10.0,13.0,1.0,1.0,1.0,0.0,2025,Arsenal,6
2025-05-11,Sun,Premier League,Away,L,0.0,2.0,Newcastle,J Brooks,10.0,3.0,13.0,9.0,2.0,1.0,4.0,0.0,2025,Chelsea,6
2025-05-11,Sun,Premier League,Away,W,2.0,0.0,Tottenham,C Kavanagh,23.0,10.0,10.0,12.0,1.0,0.0,1.0,0.0,2025,Crystal Palace,6
2025-05-11,Sun,Premier League,Away,D,2.0,2.0,Nott'm Forest,T Harrington,10.0,6.0,11.0,11.0,3.0,0.0,3.0,0.0,2025,Leicester,6
2025-05-11,Sun,Premier League,Home,D,2.0,2.0,Arsenal,A Taylor,14.0,5.0,13.0,10.0,1.0,0.0,1.0,1.0,2025,Liverpool,6
2025-05-11,Sun,Premier League,Home,L,0.0,2.0,West Ham,J Gillett,20.0,5.0,3.0,13.0,0.0,0.0,1.0,0.0,2025,Man United,6
2025-05-11,Sun,Premier League,Home,W,2.0,0.0,Chelsea,J Brooks,15.0,6.0,9.0,13.0,4.0,0.0,2.0,1.0,2025,Newcastle,6
2025-05-11,Sun,Premier League,Home,D,2.0,2.0,Leicester,T Harrington,15.0,4.0,11.0,11.0,3.0,0.0,3.0,0.0,2025,Nott'm Forest,6
2025-05-11,Sun,Premier League,Home,L,0.0,2.0,Crystal Palace,C Kavanagh,8.0,1.0,12.0,10.0,1.0,0.0,1.0,0.0,2025,Tottenham,6
2025-05-11,Sun,Premier League,Away,W,2.0,0.0,Man United,J Gillett,9.0,4.0,13.0,3.0,1.0,0.0,0.0,0.0,2025,West Ham,6
2025-05-16,Fri,Premier League,Home,W,2.0,0.0,Tottenham,P Bankes,18.0,7.0,5.0,12.0,1.0,0.0,2.0,0.0,2025,Aston Villa,4
2025-05-16,Fri,Premier League,Home,W,1.0,0.0,Man United,C Kavanagh,11.0,3.0,10.0,14.0,1.0,0.0,6.0,0.0,2025,Chelsea,4
2025-05-16,Fri,Premier League,Away,L,0.0,1.0,Chelsea,C Kavanagh,4.0,1.0,14.0,10.0,6.0,0.0,1.0,0.0,2025,Man United,4
2025-05-16,Fri,Premier League,Away,L,0.0,2.0,Aston Villa,P Bankes,3.0,1.0,12.0,5.0,2.0,0.0,1.0,0.0,2025,Tottenham,4
2025-05-18,Sun,Premier League,Home,W,1.0,0.0,Newcastle,S Hooper,12.0,4.0,9.0,9.0,3.0,0.0,3.0,0.0,2025,Arsenal,6
2025-05-18,Sun,Premier League,Home,L,2.0,3.0,Fulham,J Gillett,11.0,6.0,12.0,8.0,4.0,0.0,4.0,0.0,2025,Brentford,6
2025-05-18,Sun,Premier League,Home,W,2.0,0.0,Southampton,M Oliver,13.0,5.0,6.0,10.0,1.0,0.0,1.0,0.0,2025,Everton,6
2025-05-18,Sun,Premier League,Away,W,3.0,2.0,Brentford,J Gillett,16.0,7.0,8.0,12.0,4.0,0.0,4.0,0.0,2025,Fulham,6
2025-05-18,Sun,Premier League,Away,L,0.0,2.0,Leicester,A Kitchen,20.0,2.0,12.0,15.0,0.0,0.0,1.0,0.0,2025,Ipswich,6
2025-05-18,Sun,Premier League,Home,W,2.0,0.0,Ipswich,A Kitchen,9.0,3.0,15.0,12.0,1.0,0.0,0.0,0.0,2025,Leicester,6
2025-05-18,Sun,Premier League,Away,L,0.0,1.0,Arsenal,S Hooper,14.0,5.0,9.0,9.0,3.0,0.0,3.0,0.0,2025,Newcastle,6
2025-05-18,Sun,Premier League,Away,W,2.0,1.0,West Ham,S Barrott,10.0,5.0,7.0,14.0,3.0,0.0,6.0,0.0,2025,Nott'm Forest,6
2025-05-18,Sun,Premier League,Away,L,0.0,2.0,Everton,M Oliver,6.0,2.0,10.0,6.0,1.0,0.0,1.0,0.0,2025,Southampton,6
2025-05-18,Sun,Premier League,Home,L,1.0,2.0,Nott'm Forest,S Barrott,16.0,5.0,14.0,7.0,6.0,0.0,3.0,0.0,2025,West Ham,6
2025-05-19,Mon,Premier League,Home,W,3.0,2.0,Liverpool,J Brooks,25.0,12.0,9.0,8.0,1.0,0.0,0.0,0.0,2025,Brighton,0
2025-05-19,Mon,Premier League,Away,L,2.0,3.0,Brighton,J Brooks,18.0,5.0,8.0,9.0,0.0,0.0,1.0,0.0,2025,Liverpool,0
2025-05-20,Tue,Premier League,Away,L,1.0,3.0,Man City,T Bramall,8.0,2.0,13.0,7.0,3.0,1.0,1.0,1.0,2025,Bournemouth,1
2025-05-20,Tue,Premier League,Home,W,4.0,2.0,Wolves,D Webb,14.0,10.0,14.0,8.0,1.0,0.0,2.0,0.0,2025,Crystal Palace,1
2025-05-20,Tue,Premier League,Home,W,3.0,1.0,Bournemouth,T Bramall,12.0,5.0,7.0,13.0,1.0,1.0,3.0,1.0,2025,Man City,1
2025-05-20,Tue,Premier League,Away,L,2.0,4.0,Crystal Palace,D Webb,12.0,3.0,8.0,14.0,2.0,0.0,1.0,0.0,2025,Wolves,1
2025-05-25,Sun,Premier League,Away,W,2.0,1.0,Southampton,D Bond,23.0,8.0,8.0,7.0,0.0,0.0,0.0,0.0,2025,Arsenal,6
2025-05-25,Sun,Premier League,Away,L,0.0,2.0,Man United,T Bramall,6.0,1.0,10.0,10.0,2.0,1.0,2.0,0.0,2025,Aston Villa,6
2025-05-25,Sun,Premier League,Home,W,2.0,0.0,Leicester,L Smith,20.0,7.0,19.0,16.0,0.0,0.0,2.0,0.0,2025,Bournemouth,6
2025-05-25,Sun,Premier League,Away,D,1.0,1.0,Wolves,C Pawson,13.0,7.0,9.0,7.0,1.0,0.0,2.0,0.0,2025,Brentford,6
2025-05-25,Sun,Premier League,Away,W,4.0,1.0,Tottenham,R Jones,23.0,8.0,8.0,13.0,1.0,0.0,3.0,0.0,2025,Brighton,6
2025-05-25,Sun,Premier League,Away,W,1.0,0.0,Nott'm Forest,A Taylor,6.0,2.0,11.0,10.0,2.0,0.0,2.0,0.0,2025,Chelsea,6
2025-05-25,Sun,Premier League,Away,D,1.0,1.0,Liverpool,D England,8.0,5.0,10.0,7.0,0.0,0.0,1.0,1.0,2025,Crystal Palace,6
2025-05-25,Sun,Premier League,Away,W,1.0,0.0,Newcastle,T Harrington,14.0,6.0,9.0,12.0,4.0,0.0,1.0,0.0,2025,Everton,6
2025-05-25,Sun,Premier League,Home,L,0.0,2.0,Man City,A Madley,13.0,3.0,11.0,5.0,0.0,0.0,0.0,0.0,2025,Fulham,6
2025-05-25,Sun,Premier League,Home,L,1.0,3.0,West Ham,T Robinson,14.0,4.0,10.0,9.0,1.0,0.0,1.0,0.0,2025,Ipswich,6
2025-05-25,Sun,Premier League,Away,L,0.0,2.0,Bournemouth,L Smith,3.0,0.0,16.0,19.0,2.0,0.0,0.0,0.0,2025,Leicester,6
2025-05-25,Sun,Premier League,Home,D,1.0,1.0,Crystal Palace,D England,14.0,3.0,7.0,10.0,1.0,1.0,0.0,0.0,2025,Liverpool,6
2025-05-25,Sun,Premier League,Away,W,2.0,0.0,Fulham,A Madley,20.0,5.0,5.0,11.0,0.0,0.0,0.0,0.0,2025,Man City,6
2025-05-25,Sun,Premier League,Home,W,2.0,0.0,Aston Villa,T Bramall,25.0,10.0,10.0,10.0,2.0,0.0,2.0,1.0,2025,Man United,6
2025-05-25,Sun,Premier League,Home,L,0.0,1.0,Everton,T Harrington,17.0,6.0,12.0,9.0,1.0,0.0,4.0,0.0,2025,Newcastle,6
2025-05-25,Sun,Premier League,Home,L,0.0,1.0,Chelsea,A Taylor,10.0,2.0,10.0,11.0,2.0,0.0,2.0,0.0,2025,Nott'm Forest,6
2025-05-25,Sun,Premier League,Home,L,1.0,2.0,Arsenal,D Bond,7.0,2.0,7.0,8.0,0.0,0.0,0.0,0.0,2025,Southampton,6
2025-05-25,Sun,Premier League,Home,L,1.0,4.0,Brighton,R Jones,4.0,2.0,13.0,8.0,3.0,0.0,1.0,0.0,2025,Tottenham,6
2025-05-25,Sun,Premier League,Away,W,3.0,1.0,Ipswich,T Robinson,10.0,6.0,9.0,10.0,1.0,0.0,1.0,0.0,2025,West Ham,6
2025-05-25,Sun,Premier League,Home,D,1.0,1.0,Brentford,C Pawson,18.0,6.0,7.0,9.0,2.0,0.0,1.0,0.0,2025,Wolves,6
