actual_x,predicted_x,date_x,team_x_x,opponent_x_x,result_x_x,date_y_x,team_y_x,opponent_y_x,result_y_x,new_team_x,actual_y,predicted_y,team_x_y,opponent_x_y,result_x_y,date_y_y,team_y_y,opponent_y_y,result_y_y,new_team_y
0,0,2023-08-14,Alaves,Cadiz,L,2023-08-14,Alaves,Cadiz,L,Alaves,1,0,Cadiz,Alaves,W,2023-08-14,Cadiz,Alaves,W,Cadiz
1,0,2023-08-21,Alaves,Sevilla,W,2023-08-21,Alaves,Sevilla,W,Alaves,0,0,Sevilla,Alaves,L,2023-08-21,Sevilla,Alaves,L,Sevilla
0,0,2023-08-28,Alaves,Getafe,L,2023-08-28,Alaves,Getafe,L,Alaves,1,0,Getafe,Alaves,W,2023-08-28,Getafe,Alaves,W,Getafe
1,0,2023-09-02,Alaves,Valencia,W,2023-09-02,Alaves,Valencia,W,Alaves,0,0,Valencia,Alaves,L,2023-09-02,Valencia,Alaves,L,Valencia
0,0,2023-09-15,Alaves,Vallecano,L,2023-09-15,Alaves,Vallecano,L,Alaves,1,0,Vallecano,Alaves,W,2023-09-15,Vallecano,Alaves,W,Vallecano
0,0,2023-09-22,Alaves,Ath Bilbao,L,2023-09-22,Alaves,Ath Bilbao,L,Alaves,1,0,Ath Bilbao,Alaves,W,2023-09-22,Ath Bilbao,Alaves,W,Ath Bilbao
0,0,2023-09-28,Alaves,Celta,D,2023-09-28,Alaves,Celta,D,Alaves,0,0,Celta,Alaves,D,2023-09-28,Celta,Alaves,D,Celta
0,0,2023-10-01,Alaves,Osasuna,L,2023-10-01,Alaves,Osasuna,L,Alaves,1,0,Osasuna,Alaves,W,2023-10-01,Osasuna,Alaves,W,Osasuna
0,1,2023-10-08,Alaves,Betis,D,2023-10-08,Alaves,Betis,D,Alaves,0,0,Betis,Alaves,D,2023-10-08,Betis,Alaves,D,Betis
0,0,2023-10-22,Alaves,Villarreal,D,2023-10-22,Alaves,Villarreal,D,Alaves,0,0,Villarreal,Alaves,D,2023-10-22,Villarreal,Alaves,D,Villarreal
0,0,2023-10-29,Alaves,Ath Madrid,L,2023-10-29,Alaves,Ath Madrid,L,Alaves,1,1,Ath Madrid,Alaves,W,2023-10-29,Ath Madrid,Alaves,W,Ath Madrid
1,0,2023-11-05,Alaves,Almeria,W,2023-11-05,Alaves,Almeria,W,Alaves,0,0,Almeria,Alaves,L,2023-11-05,Almeria,Alaves,L,Almeria
0,0,2023-11-12,Alaves,Barcelona,L,2023-11-12,Alaves,Barcelona,L,Alaves,1,0,Barcelona,Alaves,W,2023-11-12,Barcelona,Alaves,W,Barcelona
1,0,2023-11-24,Alaves,Granada,W,2023-11-24,Alaves,Granada,W,Alaves,0,0,Granada,Alaves,L,2023-11-24,Granada,Alaves,L,Granada
0,0,2023-12-03,Alaves,Mallorca,D,2023-12-03,Alaves,Mallorca,D,Alaves,0,0,Mallorca,Alaves,D,2023-12-03,Mallorca,Alaves,D,Mallorca
0,0,2023-12-09,Alaves,Las Palmas,L,2023-12-09,Alaves,Las Palmas,L,Alaves,1,0,Las Palmas,Alaves,W,2023-12-09,Las Palmas,Alaves,W,Las Palmas
0,0,2023-12-18,Alaves,Girona,L,2023-12-18,Alaves,Girona,L,Alaves,1,0,Girona,Alaves,W,2023-12-18,Girona,Alaves,W,Girona
0,0,2023-12-21,Alaves,Real Madrid,L,2023-12-21,Alaves,Real Madrid,L,Alaves,1,0,Real Madrid,Alaves,W,2023-12-21,Real Madrid,Alaves,W,Real Madrid
0,0,2024-01-02,Alaves,Sociedad,D,2024-01-02,Alaves,Sociedad,D,Alaves,0,0,Sociedad,Alaves,D,2024-01-02,Sociedad,Alaves,D,Sociedad
1,0,2024-01-12,Alaves,Sevilla,W,2024-01-12,Alaves,Sevilla,W,Alaves,0,0,Sevilla,Alaves,L,2024-01-12,Sevilla,Alaves,L,Sevilla
1,0,2024-01-19,Alaves,Cadiz,W,2024-01-19,Alaves,Cadiz,W,Alaves,0,0,Cadiz,Alaves,L,2024-01-19,Cadiz,Alaves,L,Cadiz
1,0,2024-01-26,Alaves,Almeria,W,2024-01-26,Alaves,Almeria,W,Alaves,0,0,Almeria,Alaves,L,2024-01-26,Almeria,Alaves,L,Almeria
0,0,2024-02-03,Alaves,Barcelona,L,2024-02-03,Alaves,Barcelona,L,Alaves,1,0,Barcelona,Alaves,W,2024-02-03,Barcelona,Alaves,W,Barcelona
0,0,2024-02-10,Alaves,Villarreal,D,2024-02-10,Alaves,Villarreal,D,Alaves,0,0,Villarreal,Alaves,D,2024-02-10,Villarreal,Alaves,D,Villarreal
0,0,2024-02-18,Alaves,Betis,D,2024-02-18,Alaves,Betis,D,Alaves,0,0,Betis,Alaves,D,2024-02-18,Betis,Alaves,D,Betis
0,0,2024-02-24,Alaves,Mallorca,D,2024-02-24,Alaves,Mallorca,D,Alaves,0,0,Mallorca,Alaves,D,2024-02-24,Mallorca,Alaves,D,Mallorca
0,0,2024-03-04,Alaves,Osasuna,L,2024-03-04,Alaves,Osasuna,L,Alaves,1,0,Osasuna,Alaves,W,2024-03-04,Osasuna,Alaves,W,Osasuna
1,0,2024-03-10,Alaves,Vallecano,W,2024-03-10,Alaves,Vallecano,W,Alaves,0,0,Vallecano,Alaves,L,2024-03-10,Vallecano,Alaves,L,Vallecano
0,0,2024-03-16,Alaves,Ath Bilbao,L,2024-03-16,Alaves,Ath Bilbao,L,Alaves,1,0,Ath Bilbao,Alaves,W,2024-03-16,Ath Bilbao,Alaves,W,Ath Bilbao
0,0,2024-03-31,Alaves,Sociedad,L,2024-03-31,Alaves,Sociedad,L,Alaves,1,0,Sociedad,Alaves,W,2024-03-31,Sociedad,Alaves,W,Sociedad
0,0,2024-04-14,Alaves,Granada,L,2024-04-14,Alaves,Granada,L,Alaves,1,0,Granada,Alaves,W,2024-04-14,Granada,Alaves,W,Granada
1,0,2024-04-21,Alaves,Ath Madrid,W,2024-04-21,Alaves,Ath Madrid,W,Alaves,0,0,Ath Madrid,Alaves,L,2024-04-21,Ath Madrid,Alaves,L,Ath Madrid
1,0,2024-04-27,Alaves,Celta,W,2024-04-27,Alaves,Celta,W,Alaves,0,0,Celta,Alaves,L,2024-04-27,Celta,Alaves,L,Celta
1,0,2024-05-05,Alaves,Valencia,W,2024-05-05,Alaves,Valencia,W,Alaves,0,0,Valencia,Alaves,L,2024-05-05,Valencia,Alaves,L,Valencia
0,0,2024-05-10,Alaves,Girona,D,2024-05-10,Alaves,Girona,D,Alaves,0,0,Girona,Alaves,D,2024-05-10,Girona,Alaves,D,Girona
0,0,2024-05-14,Alaves,Real Madrid,L,2024-05-14,Alaves,Real Madrid,L,Alaves,1,1,Real Madrid,Alaves,W,2024-05-14,Real Madrid,Alaves,W,Real Madrid
1,0,2024-05-18,Alaves,Getafe,W,2024-05-18,Alaves,Getafe,W,Alaves,0,0,Getafe,Alaves,L,2024-05-18,Getafe,Alaves,L,Getafe
0,0,2024-05-26,Alaves,Las Palmas,D,2024-05-26,Alaves,Las Palmas,D,Alaves,0,0,Las Palmas,Alaves,D,2024-05-26,Las Palmas,Alaves,D,Las Palmas
0,0,2024-08-16,Alaves,Celta,L,2024-08-16,Alaves,Celta,L,Alaves,1,0,Celta,Alaves,W,2024-08-16,Celta,Alaves,W,Celta
0,0,2024-08-25,Alaves,Betis,D,2024-08-25,Alaves,Betis,D,Alaves,0,0,Betis,Alaves,D,2024-08-25,Betis,Alaves,D,Betis
1,0,2024-08-28,Alaves,Sociedad,W,2024-08-28,Alaves,Sociedad,W,Alaves,0,0,Sociedad,Alaves,L,2024-08-28,Sociedad,Alaves,L,Sociedad
1,0,2024-09-01,Alaves,Las Palmas,W,2024-09-01,Alaves,Las Palmas,W,Alaves,0,0,Las Palmas,Alaves,L,2024-09-01,Las Palmas,Alaves,L,Las Palmas
0,0,2024-09-14,Alaves,Espanol,L,2024-09-14,Alaves,Espanol,L,Alaves,1,0,Espanol,Alaves,W,2024-09-14,Espanol,Alaves,W,Espanol
1,0,2024-09-20,Alaves,Sevilla,W,2024-09-20,Alaves,Sevilla,W,Alaves,0,0,Sevilla,Alaves,L,2024-09-20,Sevilla,Alaves,L,Sevilla
0,0,2024-09-24,Alaves,Real Madrid,L,2024-09-24,Alaves,Real Madrid,L,Alaves,1,1,Real Madrid,Alaves,W,2024-09-24,Real Madrid,Alaves,W,Real Madrid
0,0,2024-09-28,Alaves,Getafe,L,2024-09-28,Alaves,Getafe,L,Alaves,1,0,Getafe,Alaves,W,2024-09-28,Getafe,Alaves,W,Getafe
0,0,2024-10-06,Alaves,Barcelona,L,2024-10-06,Alaves,Barcelona,L,Alaves,1,0,Barcelona,Alaves,W,2024-10-06,Barcelona,Alaves,W,Barcelona
0,0,2024-10-18,Alaves,Valladolid,L,2024-10-18,Alaves,Valladolid,L,Alaves,1,0,Valladolid,Alaves,W,2024-10-18,Valladolid,Alaves,W,Valladolid
0,0,2024-10-26,Alaves,Vallecano,L,2024-10-26,Alaves,Vallecano,L,Alaves,1,0,Vallecano,Alaves,W,2024-10-26,Vallecano,Alaves,W,Vallecano
1,0,2024-11-01,Alaves,Mallorca,W,2024-11-01,Alaves,Mallorca,W,Alaves,0,0,Mallorca,Alaves,L,2024-11-01,Mallorca,Alaves,L,Mallorca
0,0,2024-11-09,Alaves,Villarreal,L,2024-11-09,Alaves,Villarreal,L,Alaves,1,0,Villarreal,Alaves,W,2024-11-09,Villarreal,Alaves,W,Villarreal
0,0,2024-11-23,Alaves,Ath Madrid,L,2024-11-23,Alaves,Ath Madrid,L,Alaves,1,0,Ath Madrid,Alaves,W,2024-11-23,Ath Madrid,Alaves,W,Ath Madrid
0,0,2024-11-30,Alaves,Leganes,D,2024-11-30,Alaves,Leganes,D,Alaves,0,0,Leganes,Alaves,D,2024-11-30,Leganes,Alaves,D,Leganes
0,0,2024-12-08,Alaves,Osasuna,D,2024-12-08,Alaves,Osasuna,D,Alaves,0,0,Osasuna,Alaves,D,2024-12-08,Osasuna,Alaves,D,Osasuna
0,0,2024-12-15,Alaves,Ath Bilbao,D,2024-12-15,Alaves,Ath Bilbao,D,Alaves,0,0,Ath Bilbao,Alaves,D,2024-12-15,Ath Bilbao,Alaves,D,Ath Bilbao
0,0,2024-12-22,Alaves,Valencia,D,2024-12-22,Alaves,Valencia,D,Alaves,0,0,Valencia,Alaves,D,2024-12-22,Valencia,Alaves,D,Valencia
0,0,2025-01-11,Alaves,Girona,L,2025-01-11,Alaves,Girona,L,Alaves,1,0,Girona,Alaves,W,2025-01-11,Girona,Alaves,W,Girona
1,0,2025-01-18,Alaves,Betis,W,2025-01-18,Alaves,Betis,W,Alaves,0,0,Betis,Alaves,L,2025-01-18,Betis,Alaves,L,Betis
0,0,2025-01-27,Alaves,Celta,D,2025-01-27,Alaves,Celta,D,Alaves,0,0,Celta,Alaves,D,2025-01-27,Celta,Alaves,D,Celta
0,0,2025-02-02,Alaves,Barcelona,L,2025-02-02,Alaves,Barcelona,L,Alaves,1,1,Barcelona,Alaves,W,2025-02-02,Barcelona,Alaves,W,Barcelona
0,0,2025-02-09,Alaves,Getafe,L,2025-02-09,Alaves,Getafe,L,Alaves,1,0,Getafe,Alaves,W,2025-02-09,Getafe,Alaves,W,Getafe
0,0,2025-02-15,Alaves,Leganes,D,2025-02-15,Alaves,Leganes,D,Alaves,0,0,Leganes,Alaves,D,2025-02-15,Leganes,Alaves,D,Leganes
0,0,2025-02-22,Alaves,Espanol,L,2025-02-22,Alaves,Espanol,L,Alaves,1,0,Espanol,Alaves,W,2025-02-22,Espanol,Alaves,W,Espanol
0,0,2025-03-02,Alaves,Mallorca,D,2025-03-02,Alaves,Mallorca,D,Alaves,0,0,Mallorca,Alaves,D,2025-03-02,Mallorca,Alaves,D,Mallorca
1,0,2025-03-08,Alaves,Villarreal,W,2025-03-08,Alaves,Villarreal,W,Alaves,0,0,Villarreal,Alaves,L,2025-03-08,Villarreal,Alaves,L,Villarreal
0,0,2025-03-14,Alaves,Las Palmas,D,2025-03-14,Alaves,Las Palmas,D,Alaves,0,0,Las Palmas,Alaves,D,2025-03-14,Las Palmas,Alaves,D,Las Palmas
0,0,2025-03-29,Alaves,Vallecano,L,2025-03-29,Alaves,Vallecano,L,Alaves,1,0,Vallecano,Alaves,W,2025-03-29,Vallecano,Alaves,W,Vallecano
1,0,2025-04-05,Alaves,Girona,W,2025-04-05,Alaves,Girona,W,Alaves,0,0,Girona,Alaves,L,2025-04-05,Girona,Alaves,L,Girona
0,0,2025-04-13,Alaves,Real Madrid,L,2025-04-13,Alaves,Real Madrid,L,Alaves,1,1,Real Madrid,Alaves,W,2025-04-13,Real Madrid,Alaves,W,Real Madrid
0,0,2025-04-20,Alaves,Sevilla,D,2025-04-20,Alaves,Sevilla,D,Alaves,0,0,Sevilla,Alaves,D,2025-04-20,Sevilla,Alaves,D,Sevilla
1,0,2025-04-23,Alaves,Sociedad,W,2025-04-23,Alaves,Sociedad,W,Alaves,0,0,Sociedad,Alaves,L,2025-04-23,Sociedad,Alaves,L,Sociedad
0,0,2025-05-03,Alaves,Ath Madrid,D,2025-05-03,Alaves,Ath Madrid,D,Alaves,0,0,Ath Madrid,Alaves,D,2025-05-03,Ath Madrid,Alaves,D,Ath Madrid
0,0,2025-05-11,Alaves,Ath Bilbao,L,2025-05-11,Alaves,Ath Bilbao,L,Alaves,1,0,Ath Bilbao,Alaves,W,2025-05-11,Ath Bilbao,Alaves,W,Ath Bilbao
1,0,2025-05-14,Alaves,Valencia,W,2025-05-14,Alaves,Valencia,W,Alaves,0,0,Valencia,Alaves,L,2025-05-14,Valencia,Alaves,L,Valencia
1,0,2025-05-18,Alaves,Valladolid,W,2025-05-18,Alaves,Valladolid,W,Alaves,0,0,Valladolid,Alaves,L,2025-05-18,Valladolid,Alaves,L,Valladolid
0,0,2025-05-24,Alaves,Osasuna,D,2025-05-24,Alaves,Osasuna,D,Alaves,0,0,Osasuna,Alaves,D,2025-05-24,Osasuna,Alaves,D,Osasuna
0,0,2023-01-08,Almeria,Sociedad,L,2023-01-08,Almeria,Sociedad,L,Almeria,1,0,Sociedad,Almeria,W,2023-01-08,Sociedad,Almeria,W,Sociedad
0,0,2023-01-15,Almeria,Ath Madrid,D,2023-01-15,Almeria,Ath Madrid,D,Almeria,0,0,Ath Madrid,Almeria,D,2023-01-15,Ath Madrid,Almeria,D,Ath Madrid
0,0,2023-01-23,Almeria,Valencia,D,2023-01-23,Almeria,Valencia,D,Almeria,0,0,Valencia,Almeria,D,2023-01-23,Valencia,Almeria,D,Valencia
1,0,2023-01-27,Almeria,Espanol,W,2023-01-27,Almeria,Espanol,W,Almeria,0,0,Espanol,Almeria,L,2023-01-27,Espanol,Almeria,L,Espanol
0,0,2023-02-06,Almeria,Vallecano,L,2023-02-06,Almeria,Vallecano,L,Almeria,1,0,Vallecano,Almeria,W,2023-02-06,Vallecano,Almeria,W,Vallecano
0,0,2023-02-11,Almeria,Betis,L,2023-02-11,Almeria,Betis,L,Almeria,1,0,Betis,Almeria,W,2023-02-11,Betis,Almeria,W,Betis
0,0,2023-02-17,Almeria,Girona,L,2023-02-17,Almeria,Girona,L,Almeria,1,0,Girona,Almeria,W,2023-02-17,Girona,Almeria,W,Girona
1,0,2023-02-26,Almeria,Barcelona,W,2023-02-26,Almeria,Barcelona,W,Almeria,0,0,Barcelona,Almeria,L,2023-02-26,Barcelona,Almeria,L,Barcelona
0,0,2023-03-04,Almeria,Villarreal,L,2023-03-04,Almeria,Villarreal,L,Almeria,1,0,Villarreal,Almeria,W,2023-03-04,Villarreal,Almeria,W,Villarreal
0,0,2023-03-12,Almeria,Sevilla,L,2023-03-12,Almeria,Sevilla,L,Almeria,1,0,Sevilla,Almeria,W,2023-03-12,Sevilla,Almeria,W,Sevilla
0,0,2023-03-18,Almeria,Cadiz,D,2023-03-18,Almeria,Cadiz,D,Almeria,0,0,Cadiz,Almeria,D,2023-03-18,Cadiz,Almeria,D,Cadiz
0,0,2023-04-02,Almeria,Celta,D,2023-04-02,Almeria,Celta,D,Almeria,0,0,Celta,Almeria,D,2023-04-02,Celta,Almeria,D,Celta
1,0,2023-04-09,Almeria,Valencia,W,2023-04-09,Almeria,Valencia,W,Almeria,0,0,Valencia,Almeria,L,2023-04-09,Valencia,Almeria,L,Valencia
0,0,2023-04-16,Almeria,Ath Madrid,L,2023-04-16,Almeria,Ath Madrid,L,Almeria,1,0,Ath Madrid,Almeria,W,2023-04-16,Ath Madrid,Almeria,W,Ath Madrid
0,0,2023-04-22,Almeria,Ath Bilbao,L,2023-04-22,Almeria,Ath Bilbao,L,Almeria,1,0,Ath Bilbao,Almeria,W,2023-04-22,Ath Bilbao,Almeria,W,Ath Bilbao
1,0,2023-04-26,Almeria,Getafe,W,2023-04-26,Almeria,Getafe,W,Almeria,0,0,Getafe,Almeria,L,2023-04-26,Getafe,Almeria,L,Getafe
0,0,2023-04-29,Almeria,Real Madrid,L,2023-04-29,Almeria,Real Madrid,L,Almeria,1,1,Real Madrid,Almeria,W,2023-04-29,Real Madrid,Almeria,W,Real Madrid
1,0,2023-05-02,Almeria,Elche,W,2023-05-02,Almeria,Elche,W,Almeria,0,0,Elche,Almeria,L,2023-05-02,Elche,Almeria,L,Elche
0,0,2023-05-13,Almeria,Osasuna,L,2023-05-13,Almeria,Osasuna,L,Almeria,1,0,Osasuna,Almeria,W,2023-05-13,Osasuna,Almeria,W,Osasuna
1,0,2023-05-20,Almeria,Mallorca,W,2023-05-20,Almeria,Mallorca,W,Almeria,0,0,Mallorca,Almeria,L,2023-05-20,Mallorca,Almeria,L,Mallorca
0,0,2023-05-23,Almeria,Sociedad,L,2023-05-23,Almeria,Sociedad,L,Almeria,1,0,Sociedad,Almeria,W,2023-05-23,Sociedad,Almeria,W,Sociedad
0,0,2023-05-28,Almeria,Valladolid,D,2023-05-28,Almeria,Valladolid,D,Almeria,0,0,Valladolid,Almeria,D,2023-05-28,Valladolid,Almeria,D,Valladolid
0,0,2023-06-04,Almeria,Espanol,D,2023-06-04,Almeria,Espanol,D,Almeria,0,0,Espanol,Almeria,D,2023-06-04,Espanol,Almeria,D,Espanol
0,0,2023-08-11,Almeria,Vallecano,L,2023-08-11,Almeria,Vallecano,L,Almeria,1,0,Vallecano,Almeria,W,2023-08-11,Vallecano,Almeria,W,Vallecano
0,1,2023-08-19,Almeria,Real Madrid,L,2023-08-19,Almeria,Real Madrid,L,Almeria,1,0,Real Madrid,Almeria,W,2023-08-19,Real Madrid,Almeria,W,Real Madrid
0,0,2023-08-26,Almeria,Cadiz,D,2023-08-26,Almeria,Cadiz,D,Almeria,0,0,Cadiz,Almeria,D,2023-08-26,Cadiz,Almeria,D,Cadiz
0,0,2023-09-01,Almeria,Celta,L,2023-09-01,Almeria,Celta,L,Almeria,1,0,Celta,Almeria,W,2023-09-01,Celta,Almeria,W,Celta
0,0,2023-09-17,Almeria,Villarreal,L,2023-09-17,Almeria,Villarreal,L,Almeria,1,0,Villarreal,Almeria,W,2023-09-17,Villarreal,Almeria,W,Villarreal
0,0,2023-09-23,Almeria,Valencia,D,2023-09-23,Almeria,Valencia,D,Almeria,0,0,Valencia,Almeria,D,2023-09-23,Valencia,Almeria,D,Valencia
0,0,2023-09-26,Almeria,Sevilla,L,2023-09-26,Almeria,Sevilla,L,Almeria,1,1,Sevilla,Almeria,W,2023-09-26,Sevilla,Almeria,W,Sevilla
0,0,2023-10-01,Almeria,Granada,D,2023-10-01,Almeria,Granada,D,Almeria,0,0,Granada,Almeria,D,2023-10-01,Granada,Almeria,D,Granada
0,0,2023-10-06,Almeria,Ath Bilbao,L,2023-10-06,Almeria,Ath Bilbao,L,Almeria,1,0,Ath Bilbao,Almeria,W,2023-10-06,Ath Bilbao,Almeria,W,Ath Bilbao
0,0,2023-10-22,Almeria,Girona,L,2023-10-22,Almeria,Girona,L,Almeria,1,0,Girona,Almeria,W,2023-10-22,Girona,Almeria,W,Girona
0,0,2023-10-28,Almeria,Las Palmas,L,2023-10-28,Almeria,Las Palmas,L,Almeria,1,0,Las Palmas,Almeria,W,2023-10-28,Las Palmas,Almeria,W,Las Palmas
0,0,2023-11-05,Almeria,Alaves,L,2023-11-05,Almeria,Alaves,L,Almeria,1,0,Alaves,Almeria,W,2023-11-05,Alaves,Almeria,W,Alaves
0,0,2023-11-11,Almeria,Sociedad,L,2023-11-11,Almeria,Sociedad,L,Almeria,1,0,Sociedad,Almeria,W,2023-11-11,Sociedad,Almeria,W,Sociedad
0,0,2023-11-25,Almeria,Getafe,L,2023-11-25,Almeria,Getafe,L,Almeria,1,0,Getafe,Almeria,W,2023-11-25,Getafe,Almeria,W,Getafe
0,0,2023-12-03,Almeria,Betis,D,2023-12-03,Almeria,Betis,D,Almeria,0,0,Betis,Almeria,D,2023-12-03,Betis,Almeria,D,Betis
0,0,2023-12-10,Almeria,Ath Madrid,L,2023-12-10,Almeria,Ath Madrid,L,Almeria,1,1,Ath Madrid,Almeria,W,2023-12-10,Ath Madrid,Almeria,W,Ath Madrid
0,1,2023-12-17,Almeria,Mallorca,D,2023-12-17,Almeria,Mallorca,D,Almeria,0,0,Mallorca,Almeria,D,2023-12-17,Mallorca,Almeria,D,Mallorca
0,0,2023-12-20,Almeria,Barcelona,L,2023-12-20,Almeria,Barcelona,L,Almeria,1,1,Barcelona,Almeria,W,2023-12-20,Barcelona,Almeria,W,Barcelona
0,0,2024-01-04,Almeria,Osasuna,L,2024-01-04,Almeria,Osasuna,L,Almeria,1,0,Osasuna,Almeria,W,2024-01-04,Osasuna,Almeria,W,Osasuna
0,0,2024-01-14,Almeria,Girona,D,2024-01-14,Almeria,Girona,D,Almeria,0,0,Girona,Almeria,D,2024-01-14,Girona,Almeria,D,Girona
0,0,2024-01-21,Almeria,Real Madrid,L,2024-01-21,Almeria,Real Madrid,L,Almeria,1,0,Real Madrid,Almeria,W,2024-01-21,Real Madrid,Almeria,W,Real Madrid
0,0,2024-01-26,Almeria,Alaves,L,2024-01-26,Almeria,Alaves,L,Almeria,1,0,Alaves,Almeria,W,2024-01-26,Alaves,Almeria,W,Alaves
0,0,2024-02-03,Almeria,Valencia,L,2024-02-03,Almeria,Valencia,L,Almeria,1,0,Valencia,Almeria,W,2024-02-03,Valencia,Almeria,W,Valencia
0,0,2024-02-12,Almeria,Ath Bilbao,D,2024-02-12,Almeria,Ath Bilbao,D,Almeria,0,0,Ath Bilbao,Almeria,D,2024-02-12,Ath Bilbao,Almeria,D,Ath Bilbao
0,0,2024-02-18,Almeria,Granada,D,2024-02-18,Almeria,Granada,D,Almeria,0,0,Granada,Almeria,D,2024-02-18,Granada,Almeria,D,Granada
0,0,2024-02-24,Almeria,Ath Madrid,D,2024-02-24,Almeria,Ath Madrid,D,Almeria,0,0,Ath Madrid,Almeria,D,2024-02-24,Ath Madrid,Almeria,D,Ath Madrid
0,0,2024-03-01,Almeria,Celta,L,2024-03-01,Almeria,Celta,L,Almeria,1,0,Celta,Almeria,W,2024-03-01,Celta,Almeria,W,Celta
0,0,2024-03-11,Almeria,Sevilla,D,2024-03-11,Almeria,Sevilla,D,Almeria,0,0,Sevilla,Almeria,D,2024-03-11,Sevilla,Almeria,D,Sevilla
1,0,2024-03-17,Almeria,Las Palmas,W,2024-03-17,Almeria,Las Palmas,W,Almeria,0,0,Las Palmas,Almeria,L,2024-03-17,Las Palmas,Almeria,L,Las Palmas
0,0,2024-03-30,Almeria,Osasuna,L,2024-03-30,Almeria,Osasuna,L,Almeria,1,0,Osasuna,Almeria,W,2024-03-30,Osasuna,Almeria,W,Osasuna
0,0,2024-04-14,Almeria,Sociedad,D,2024-04-14,Almeria,Sociedad,D,Almeria,0,0,Sociedad,Almeria,D,2024-04-14,Sociedad,Almeria,D,Sociedad
0,0,2024-04-21,Almeria,Villarreal,L,2024-04-21,Almeria,Villarreal,L,Almeria,1,0,Villarreal,Almeria,W,2024-04-21,Villarreal,Almeria,W,Villarreal
0,0,2024-04-27,Almeria,Getafe,L,2024-04-27,Almeria,Getafe,L,Almeria,1,0,Getafe,Almeria,W,2024-04-27,Getafe,Almeria,W,Getafe
1,0,2024-05-05,Almeria,Vallecano,W,2024-05-05,Almeria,Vallecano,W,Almeria,0,0,Vallecano,Almeria,L,2024-05-05,Vallecano,Almeria,L,Vallecano
0,0,2024-05-12,Almeria,Betis,L,2024-05-12,Almeria,Betis,L,Almeria,1,0,Betis,Almeria,W,2024-05-12,Betis,Almeria,W,Betis
0,0,2024-05-16,Almeria,Barcelona,L,2024-05-16,Almeria,Barcelona,L,Almeria,1,1,Barcelona,Almeria,W,2024-05-16,Barcelona,Almeria,W,Barcelona
0,0,2024-05-19,Almeria,Mallorca,D,2024-05-19,Almeria,Mallorca,D,Almeria,0,0,Mallorca,Almeria,D,2024-05-19,Mallorca,Almeria,D,Mallorca
1,0,2024-05-25,Almeria,Cadiz,W,2024-05-25,Almeria,Cadiz,W,Almeria,0,0,Cadiz,Almeria,L,2024-05-25,Cadiz,Almeria,L,Cadiz
0,0,2023-01-09,Ath Bilbao,Osasuna,D,2023-01-09,Ath Bilbao,Osasuna,D,Ath Bilbao,0,0,Osasuna,Ath Bilbao,D,2023-01-09,Osasuna,Ath Bilbao,D,Osasuna
0,0,2023-01-14,Ath Bilbao,Sociedad,L,2023-01-14,Ath Bilbao,Sociedad,L,Ath Bilbao,1,0,Sociedad,Ath Bilbao,W,2023-01-14,Sociedad,Ath Bilbao,W,Sociedad
0,0,2023-01-22,Ath Bilbao,Real Madrid,L,2023-01-22,Ath Bilbao,Real Madrid,L,Ath Bilbao,1,0,Real Madrid,Ath Bilbao,W,2023-01-22,Real Madrid,Ath Bilbao,W,Real Madrid
0,0,2023-01-29,Ath Bilbao,Celta,L,2023-01-29,Ath Bilbao,Celta,L,Ath Bilbao,1,0,Celta,Ath Bilbao,W,2023-01-29,Celta,Ath Bilbao,W,Celta
1,0,2023-02-03,Ath Bilbao,Cadiz,W,2023-02-03,Ath Bilbao,Cadiz,W,Ath Bilbao,0,0,Cadiz,Ath Bilbao,L,2023-02-03,Cadiz,Ath Bilbao,L,Cadiz
1,0,2023-02-11,Ath Bilbao,Valencia,W,2023-02-11,Ath Bilbao,Valencia,W,Ath Bilbao,0,0,Valencia,Ath Bilbao,L,2023-02-11,Valencia,Ath Bilbao,L,Valencia
0,0,2023-02-19,Ath Bilbao,Ath Madrid,L,2023-02-19,Ath Bilbao,Ath Madrid,L,Ath Bilbao,1,0,Ath Madrid,Ath Bilbao,W,2023-02-19,Ath Madrid,Ath Bilbao,W,Ath Madrid
0,0,2023-02-26,Ath Bilbao,Girona,L,2023-02-26,Ath Bilbao,Girona,L,Ath Bilbao,1,0,Girona,Ath Bilbao,W,2023-02-26,Girona,Ath Bilbao,W,Girona
0,0,2023-03-05,Ath Bilbao,Vallecano,D,2023-03-05,Ath Bilbao,Vallecano,D,Ath Bilbao,0,0,Vallecano,Ath Bilbao,D,2023-03-05,Vallecano,Ath Bilbao,D,Vallecano
0,0,2023-03-12,Ath Bilbao,Barcelona,L,2023-03-12,Ath Bilbao,Barcelona,L,Ath Bilbao,1,0,Barcelona,Ath Bilbao,W,2023-03-12,Barcelona,Ath Bilbao,W,Barcelona
1,0,2023-03-17,Ath Bilbao,Valladolid,W,2023-03-17,Ath Bilbao,Valladolid,W,Ath Bilbao,0,0,Valladolid,Ath Bilbao,L,2023-03-17,Valladolid,Ath Bilbao,L,Valladolid
0,0,2023-04-01,Ath Bilbao,Getafe,D,2023-04-01,Ath Bilbao,Getafe,D,Ath Bilbao,0,0,Getafe,Ath Bilbao,D,2023-04-01,Getafe,Ath Bilbao,D,Getafe
1,0,2023-04-08,Ath Bilbao,Espanol,W,2023-04-08,Ath Bilbao,Espanol,W,Ath Bilbao,0,0,Espanol,Ath Bilbao,L,2023-04-08,Espanol,Ath Bilbao,L,Espanol
1,0,2023-04-15,Ath Bilbao,Sociedad,W,2023-04-15,Ath Bilbao,Sociedad,W,Ath Bilbao,0,0,Sociedad,Ath Bilbao,L,2023-04-15,Sociedad,Ath Bilbao,L,Sociedad
1,0,2023-04-22,Ath Bilbao,Almeria,W,2023-04-22,Ath Bilbao,Almeria,W,Ath Bilbao,0,0,Almeria,Ath Bilbao,L,2023-04-22,Almeria,Ath Bilbao,L,Almeria
0,0,2023-04-27,Ath Bilbao,Sevilla,L,2023-04-27,Ath Bilbao,Sevilla,L,Ath Bilbao,1,0,Sevilla,Ath Bilbao,W,2023-04-27,Sevilla,Ath Bilbao,W,Sevilla
0,0,2023-05-01,Ath Bilbao,Mallorca,D,2023-05-01,Ath Bilbao,Mallorca,D,Ath Bilbao,0,0,Mallorca,Ath Bilbao,D,2023-05-01,Mallorca,Ath Bilbao,D,Mallorca
0,0,2023-05-04,Ath Bilbao,Betis,L,2023-05-04,Ath Bilbao,Betis,L,Ath Bilbao,1,0,Betis,Ath Bilbao,W,2023-05-04,Betis,Ath Bilbao,W,Betis
0,0,2023-05-13,Ath Bilbao,Villarreal,L,2023-05-13,Ath Bilbao,Villarreal,L,Ath Bilbao,1,1,Villarreal,Ath Bilbao,W,2023-05-13,Villarreal,Ath Bilbao,W,Villarreal
1,0,2023-05-20,Ath Bilbao,Celta,W,2023-05-20,Ath Bilbao,Celta,W,Ath Bilbao,0,0,Celta,Ath Bilbao,L,2023-05-20,Celta,Ath Bilbao,L,Celta
0,0,2023-05-25,Ath Bilbao,Osasuna,L,2023-05-25,Ath Bilbao,Osasuna,L,Ath Bilbao,1,0,Osasuna,Ath Bilbao,W,2023-05-25,Osasuna,Ath Bilbao,W,Osasuna
0,0,2023-05-28,Ath Bilbao,Elche,L,2023-05-28,Ath Bilbao,Elche,L,Ath Bilbao,1,0,Elche,Ath Bilbao,W,2023-05-28,Elche,Ath Bilbao,W,Elche
0,0,2023-06-04,Ath Bilbao,Real Madrid,D,2023-06-04,Ath Bilbao,Real Madrid,D,Ath Bilbao,0,0,Real Madrid,Ath Bilbao,D,2023-06-04,Real Madrid,Ath Bilbao,D,Real Madrid
0,1,2023-08-12,Ath Bilbao,Real Madrid,L,2023-08-12,Ath Bilbao,Real Madrid,L,Ath Bilbao,1,0,Real Madrid,Ath Bilbao,W,2023-08-12,Real Madrid,Ath Bilbao,W,Real Madrid
1,0,2023-08-19,Ath Bilbao,Osasuna,W,2023-08-19,Ath Bilbao,Osasuna,W,Ath Bilbao,0,0,Osasuna,Ath Bilbao,L,2023-08-19,Osasuna,Ath Bilbao,L,Osasuna
1,0,2023-08-27,Ath Bilbao,Betis,W,2023-08-27,Ath Bilbao,Betis,W,Ath Bilbao,0,0,Betis,Ath Bilbao,L,2023-08-27,Betis,Ath Bilbao,L,Betis
0,0,2023-09-03,Ath Bilbao,Mallorca,D,2023-09-03,Ath Bilbao,Mallorca,D,Ath Bilbao,0,0,Mallorca,Ath Bilbao,D,2023-09-03,Mallorca,Ath Bilbao,D,Mallorca
1,0,2023-09-16,Ath Bilbao,Cadiz,W,2023-09-16,Ath Bilbao,Cadiz,W,Ath Bilbao,0,0,Cadiz,Ath Bilbao,L,2023-09-16,Cadiz,Ath Bilbao,L,Cadiz
1,0,2023-09-22,Ath Bilbao,Alaves,W,2023-09-22,Ath Bilbao,Alaves,W,Ath Bilbao,0,0,Alaves,Ath Bilbao,L,2023-09-22,Alaves,Ath Bilbao,L,Alaves
0,0,2023-09-27,Ath Bilbao,Getafe,D,2023-09-27,Ath Bilbao,Getafe,D,Ath Bilbao,0,0,Getafe,Ath Bilbao,D,2023-09-27,Getafe,Ath Bilbao,D,Getafe
0,0,2023-09-30,Ath Bilbao,Sociedad,L,2023-09-30,Ath Bilbao,Sociedad,L,Ath Bilbao,1,0,Sociedad,Ath Bilbao,W,2023-09-30,Sociedad,Ath Bilbao,W,Sociedad
1,0,2023-10-06,Ath Bilbao,Almeria,W,2023-10-06,Ath Bilbao,Almeria,W,Ath Bilbao,0,0,Almeria,Ath Bilbao,L,2023-10-06,Almeria,Ath Bilbao,L,Almeria
0,0,2023-10-22,Ath Bilbao,Barcelona,L,2023-10-22,Ath Bilbao,Barcelona,L,Ath Bilbao,1,0,Barcelona,Ath Bilbao,W,2023-10-22,Barcelona,Ath Bilbao,W,Barcelona
0,0,2023-10-29,Ath Bilbao,Valencia,D,2023-10-29,Ath Bilbao,Valencia,D,Ath Bilbao,0,0,Valencia,Ath Bilbao,D,2023-10-29,Valencia,Ath Bilbao,D,Valencia
1,0,2023-11-05,Ath Bilbao,Villarreal,W,2023-11-05,Ath Bilbao,Villarreal,W,Ath Bilbao,0,0,Villarreal,Ath Bilbao,L,2023-11-05,Villarreal,Ath Bilbao,L,Villarreal
1,0,2023-11-10,Ath Bilbao,Celta,W,2023-11-10,Ath Bilbao,Celta,W,Ath Bilbao,0,0,Celta,Ath Bilbao,L,2023-11-10,Celta,Ath Bilbao,L,Celta
0,0,2023-11-27,Ath Bilbao,Girona,D,2023-11-27,Ath Bilbao,Girona,D,Ath Bilbao,0,0,Girona,Ath Bilbao,D,2023-11-27,Girona,Ath Bilbao,D,Girona
1,0,2023-12-02,Ath Bilbao,Vallecano,W,2023-12-02,Ath Bilbao,Vallecano,W,Ath Bilbao,0,0,Vallecano,Ath Bilbao,L,2023-12-02,Vallecano,Ath Bilbao,L,Vallecano
0,0,2023-12-11,Ath Bilbao,Granada,D,2023-12-11,Ath Bilbao,Granada,D,Ath Bilbao,0,0,Granada,Ath Bilbao,D,2023-12-11,Granada,Ath Bilbao,D,Granada
1,0,2023-12-16,Ath Bilbao,Ath Madrid,W,2023-12-16,Ath Bilbao,Ath Madrid,W,Ath Bilbao,0,0,Ath Madrid,Ath Bilbao,L,2023-12-16,Ath Madrid,Ath Bilbao,L,Ath Madrid
1,1,2023-12-20,Ath Bilbao,Las Palmas,W,2023-12-20,Ath Bilbao,Las Palmas,W,Ath Bilbao,0,0,Las Palmas,Ath Bilbao,L,2023-12-20,Las Palmas,Ath Bilbao,L,Las Palmas
1,1,2024-01-04,Ath Bilbao,Sevilla,W,2024-01-04,Ath Bilbao,Sevilla,W,Ath Bilbao,0,0,Sevilla,Ath Bilbao,L,2024-01-04,Sevilla,Ath Bilbao,L,Sevilla
1,1,2024-01-13,Ath Bilbao,Sociedad,W,2024-01-13,Ath Bilbao,Sociedad,W,Ath Bilbao,0,0,Sociedad,Ath Bilbao,L,2024-01-13,Sociedad,Ath Bilbao,L,Sociedad
0,0,2024-01-20,Ath Bilbao,Valencia,L,2024-01-20,Ath Bilbao,Valencia,L,Ath Bilbao,1,0,Valencia,Ath Bilbao,W,2024-01-20,Valencia,Ath Bilbao,W,Valencia
0,0,2024-01-28,Ath Bilbao,Cadiz,D,2024-01-28,Ath Bilbao,Cadiz,D,Ath Bilbao,0,0,Cadiz,Ath Bilbao,D,2024-01-28,Cadiz,Ath Bilbao,D,Cadiz
1,0,2024-02-02,Ath Bilbao,Mallorca,W,2024-02-02,Ath Bilbao,Mallorca,W,Ath Bilbao,0,0,Mallorca,Ath Bilbao,L,2024-02-02,Mallorca,Ath Bilbao,L,Mallorca
0,0,2024-02-12,Ath Bilbao,Almeria,D,2024-02-12,Ath Bilbao,Almeria,D,Ath Bilbao,0,0,Almeria,Ath Bilbao,D,2024-02-12,Almeria,Ath Bilbao,D,Almeria
1,0,2024-02-19,Ath Bilbao,Girona,W,2024-02-19,Ath Bilbao,Girona,W,Ath Bilbao,0,0,Girona,Ath Bilbao,L,2024-02-19,Girona,Ath Bilbao,L,Girona
0,0,2024-02-25,Ath Bilbao,Betis,L,2024-02-25,Ath Bilbao,Betis,L,Ath Bilbao,1,0,Betis,Ath Bilbao,W,2024-02-25,Betis,Ath Bilbao,W,Betis
0,0,2024-03-03,Ath Bilbao,Barcelona,D,2024-03-03,Ath Bilbao,Barcelona,D,Ath Bilbao,0,0,Barcelona,Ath Bilbao,D,2024-03-03,Barcelona,Ath Bilbao,D,Barcelona
1,0,2024-03-10,Ath Bilbao,Las Palmas,W,2024-03-10,Ath Bilbao,Las Palmas,W,Ath Bilbao,0,0,Las Palmas,Ath Bilbao,L,2024-03-10,Las Palmas,Ath Bilbao,L,Las Palmas
1,0,2024-03-16,Ath Bilbao,Alaves,W,2024-03-16,Ath Bilbao,Alaves,W,Ath Bilbao,0,0,Alaves,Ath Bilbao,L,2024-03-16,Alaves,Ath Bilbao,L,Alaves
0,0,2024-03-31,Ath Bilbao,Real Madrid,L,2024-03-31,Ath Bilbao,Real Madrid,L,Ath Bilbao,1,1,Real Madrid,Ath Bilbao,W,2024-03-31,Real Madrid,Ath Bilbao,W,Real Madrid
0,0,2024-04-14,Ath Bilbao,Villarreal,D,2024-04-14,Ath Bilbao,Villarreal,D,Ath Bilbao,0,0,Villarreal,Ath Bilbao,D,2024-04-14,Villarreal,Ath Bilbao,D,Villarreal
0,0,2024-04-19,Ath Bilbao,Granada,D,2024-04-19,Ath Bilbao,Granada,D,Ath Bilbao,0,0,Granada,Ath Bilbao,D,2024-04-19,Granada,Ath Bilbao,D,Granada
0,0,2024-04-27,Ath Bilbao,Ath Madrid,L,2024-04-27,Ath Bilbao,Ath Madrid,L,Ath Bilbao,1,0,Ath Madrid,Ath Bilbao,W,2024-04-27,Ath Madrid,Ath Bilbao,W,Ath Madrid
1,0,2024-05-03,Ath Bilbao,Getafe,W,2024-05-03,Ath Bilbao,Getafe,W,Ath Bilbao,0,0,Getafe,Ath Bilbao,L,2024-05-03,Getafe,Ath Bilbao,L,Getafe
0,0,2024-05-11,Ath Bilbao,Osasuna,D,2024-05-11,Ath Bilbao,Osasuna,D,Ath Bilbao,0,0,Osasuna,Ath Bilbao,D,2024-05-11,Osasuna,Ath Bilbao,D,Osasuna
0,0,2024-05-15,Ath Bilbao,Celta,L,2024-05-15,Ath Bilbao,Celta,L,Ath Bilbao,1,0,Celta,Ath Bilbao,W,2024-05-15,Celta,Ath Bilbao,W,Celta
1,0,2024-05-19,Ath Bilbao,Sevilla,W,2024-05-19,Ath Bilbao,Sevilla,W,Ath Bilbao,0,0,Sevilla,Ath Bilbao,L,2024-05-19,Sevilla,Ath Bilbao,L,Sevilla
1,0,2024-05-25,Ath Bilbao,Vallecano,W,2024-05-25,Ath Bilbao,Vallecano,W,Ath Bilbao,0,0,Vallecano,Ath Bilbao,L,2024-05-25,Vallecano,Ath Bilbao,L,Vallecano
0,0,2024-08-15,Ath Bilbao,Getafe,D,2024-08-15,Ath Bilbao,Getafe,D,Ath Bilbao,0,0,Getafe,Ath Bilbao,D,2024-08-15,Getafe,Ath Bilbao,D,Getafe
0,0,2024-08-24,Ath Bilbao,Barcelona,L,2024-08-24,Ath Bilbao,Barcelona,L,Ath Bilbao,1,0,Barcelona,Ath Bilbao,W,2024-08-24,Barcelona,Ath Bilbao,W,Barcelona
1,0,2024-08-28,Ath Bilbao,Valencia,W,2024-08-28,Ath Bilbao,Valencia,W,Ath Bilbao,0,0,Valencia,Ath Bilbao,L,2024-08-28,Valencia,Ath Bilbao,L,Valencia
0,0,2024-08-31,Ath Bilbao,Ath Madrid,L,2024-08-31,Ath Bilbao,Ath Madrid,L,Ath Bilbao,1,0,Ath Madrid,Ath Bilbao,W,2024-08-31,Ath Madrid,Ath Bilbao,W,Ath Madrid
1,0,2024-09-15,Ath Bilbao,Las Palmas,W,2024-09-15,Ath Bilbao,Las Palmas,W,Ath Bilbao,0,0,Las Palmas,Ath Bilbao,L,2024-09-15,Las Palmas,Ath Bilbao,L,Las Palmas
1,0,2024-09-19,Ath Bilbao,Leganes,W,2024-09-19,Ath Bilbao,Leganes,W,Ath Bilbao,0,0,Leganes,Ath Bilbao,L,2024-09-19,Leganes,Ath Bilbao,L,Leganes
1,0,2024-09-22,Ath Bilbao,Celta,W,2024-09-22,Ath Bilbao,Celta,W,Ath Bilbao,0,0,Celta,Ath Bilbao,L,2024-09-22,Celta,Ath Bilbao,L,Celta
0,0,2024-09-29,Ath Bilbao,Sevilla,D,2024-09-29,Ath Bilbao,Sevilla,D,Ath Bilbao,0,0,Sevilla,Ath Bilbao,D,2024-09-29,Sevilla,Ath Bilbao,D,Sevilla
0,0,2024-10-06,Ath Bilbao,Girona,L,2024-10-06,Ath Bilbao,Girona,L,Ath Bilbao,1,0,Girona,Ath Bilbao,W,2024-10-06,Girona,Ath Bilbao,W,Girona
1,0,2024-10-19,Ath Bilbao,Espanol,W,2024-10-19,Ath Bilbao,Espanol,W,Ath Bilbao,0,0,Espanol,Ath Bilbao,L,2024-10-19,Espanol,Ath Bilbao,L,Espanol
0,0,2024-10-28,Ath Bilbao,Mallorca,D,2024-10-28,Ath Bilbao,Mallorca,D,Ath Bilbao,0,0,Mallorca,Ath Bilbao,D,2024-10-28,Mallorca,Ath Bilbao,D,Mallorca
0,0,2024-11-03,Ath Bilbao,Betis,D,2024-11-03,Ath Bilbao,Betis,D,Ath Bilbao,0,0,Betis,Ath Bilbao,D,2024-11-03,Betis,Ath Bilbao,D,Betis
0,0,2024-11-10,Ath Bilbao,Valladolid,D,2024-11-10,Ath Bilbao,Valladolid,D,Ath Bilbao,0,0,Valladolid,Ath Bilbao,D,2024-11-10,Valladolid,Ath Bilbao,D,Valladolid
1,0,2024-11-24,Ath Bilbao,Sociedad,W,2024-11-24,Ath Bilbao,Sociedad,W,Ath Bilbao,0,0,Sociedad,Ath Bilbao,L,2024-11-24,Sociedad,Ath Bilbao,L,Sociedad
1,0,2024-12-01,Ath Bilbao,Vallecano,W,2024-12-01,Ath Bilbao,Vallecano,W,Ath Bilbao,0,1,Vallecano,Ath Bilbao,L,2024-12-01,Vallecano,Ath Bilbao,L,Vallecano
1,0,2024-12-04,Ath Bilbao,Real Madrid,W,2024-12-04,Ath Bilbao,Real Madrid,W,Ath Bilbao,0,1,Real Madrid,Ath Bilbao,L,2024-12-04,Real Madrid,Ath Bilbao,L,Real Madrid
1,0,2024-12-08,Ath Bilbao,Villarreal,W,2024-12-08,Ath Bilbao,Villarreal,W,Ath Bilbao,0,0,Villarreal,Ath Bilbao,L,2024-12-08,Villarreal,Ath Bilbao,L,Villarreal
0,0,2024-12-15,Ath Bilbao,Alaves,D,2024-12-15,Ath Bilbao,Alaves,D,Ath Bilbao,0,0,Alaves,Ath Bilbao,D,2024-12-15,Alaves,Ath Bilbao,D,Alaves
1,0,2024-12-21,Ath Bilbao,Osasuna,W,2024-12-21,Ath Bilbao,Osasuna,W,Ath Bilbao,0,0,Osasuna,Ath Bilbao,L,2024-12-21,Osasuna,Ath Bilbao,L,Osasuna
1,0,2025-01-19,Ath Bilbao,Celta,W,2025-01-19,Ath Bilbao,Celta,W,Ath Bilbao,0,0,Celta,Ath Bilbao,L,2025-01-19,Celta,Ath Bilbao,L,Celta
0,0,2025-01-26,Ath Bilbao,Leganes,D,2025-01-26,Ath Bilbao,Leganes,D,Ath Bilbao,0,0,Leganes,Ath Bilbao,D,2025-01-26,Leganes,Ath Bilbao,D,Leganes
0,1,2025-02-02,Ath Bilbao,Betis,D,2025-02-02,Ath Bilbao,Betis,D,Ath Bilbao,0,0,Betis,Ath Bilbao,D,2025-02-02,Betis,Ath Bilbao,D,Betis
1,1,2025-02-08,Ath Bilbao,Girona,W,2025-02-08,Ath Bilbao,Girona,W,Ath Bilbao,0,0,Girona,Ath Bilbao,L,2025-02-08,Girona,Ath Bilbao,L,Girona
0,1,2025-02-16,Ath Bilbao,Espanol,D,2025-02-16,Ath Bilbao,Espanol,D,Ath Bilbao,0,0,Espanol,Ath Bilbao,D,2025-02-16,Espanol,Ath Bilbao,D,Espanol
1,0,2025-02-23,Ath Bilbao,Valladolid,W,2025-02-23,Ath Bilbao,Valladolid,W,Ath Bilbao,0,0,Valladolid,Ath Bilbao,L,2025-02-23,Valladolid,Ath Bilbao,L,Valladolid
0,1,2025-03-01,Ath Bilbao,Ath Madrid,L,2025-03-01,Ath Bilbao,Ath Madrid,L,Ath Bilbao,1,0,Ath Madrid,Ath Bilbao,W,2025-03-01,Ath Madrid,Ath Bilbao,W,Ath Madrid
0,1,2025-03-09,Ath Bilbao,Mallorca,D,2025-03-09,Ath Bilbao,Mallorca,D,Ath Bilbao,0,0,Mallorca,Ath Bilbao,D,2025-03-09,Mallorca,Ath Bilbao,D,Mallorca
1,1,2025-03-16,Ath Bilbao,Sevilla,W,2025-03-16,Ath Bilbao,Sevilla,W,Ath Bilbao,0,0,Sevilla,Ath Bilbao,L,2025-03-16,Sevilla,Ath Bilbao,L,Sevilla
0,0,2025-03-30,Ath Bilbao,Osasuna,D,2025-03-30,Ath Bilbao,Osasuna,D,Ath Bilbao,0,0,Osasuna,Ath Bilbao,D,2025-03-30,Osasuna,Ath Bilbao,D,Osasuna
0,0,2025-04-06,Ath Bilbao,Villarreal,D,2025-04-06,Ath Bilbao,Villarreal,D,Ath Bilbao,0,1,Villarreal,Ath Bilbao,D,2025-04-06,Villarreal,Ath Bilbao,D,Villarreal
1,0,2025-04-13,Ath Bilbao,Vallecano,W,2025-04-13,Ath Bilbao,Vallecano,W,Ath Bilbao,0,0,Vallecano,Ath Bilbao,L,2025-04-13,Vallecano,Ath Bilbao,L,Vallecano
0,0,2025-04-20,Ath Bilbao,Real Madrid,L,2025-04-20,Ath Bilbao,Real Madrid,L,Ath Bilbao,1,1,Real Madrid,Ath Bilbao,W,2025-04-20,Real Madrid,Ath Bilbao,W,Real Madrid
1,0,2025-04-23,Ath Bilbao,Las Palmas,W,2025-04-23,Ath Bilbao,Las Palmas,W,Ath Bilbao,0,0,Las Palmas,Ath Bilbao,L,2025-04-23,Las Palmas,Ath Bilbao,L,Las Palmas
0,0,2025-05-04,Ath Bilbao,Sociedad,D,2025-05-04,Ath Bilbao,Sociedad,D,Ath Bilbao,0,0,Sociedad,Ath Bilbao,D,2025-05-04,Sociedad,Ath Bilbao,D,Sociedad
1,0,2025-05-11,Ath Bilbao,Alaves,W,2025-05-11,Ath Bilbao,Alaves,W,Ath Bilbao,0,0,Alaves,Ath Bilbao,L,2025-05-11,Alaves,Ath Bilbao,L,Alaves
1,0,2025-05-15,Ath Bilbao,Getafe,W,2025-05-15,Ath Bilbao,Getafe,W,Ath Bilbao,0,0,Getafe,Ath Bilbao,L,2025-05-15,Getafe,Ath Bilbao,L,Getafe
1,0,2025-05-18,Ath Bilbao,Valencia,W,2025-05-18,Ath Bilbao,Valencia,W,Ath Bilbao,0,0,Valencia,Ath Bilbao,L,2025-05-18,Valencia,Ath Bilbao,L,Valencia
0,0,2025-05-25,Ath Bilbao,Barcelona,L,2025-05-25,Ath Bilbao,Barcelona,L,Ath Bilbao,1,1,Barcelona,Ath Bilbao,W,2025-05-25,Barcelona,Ath Bilbao,W,Barcelona
0,1,2023-01-08,Ath Madrid,Barcelona,L,2023-01-08,Ath Madrid,Barcelona,L,Ath Madrid,1,1,Barcelona,Ath Madrid,W,2023-01-08,Barcelona,Ath Madrid,W,Barcelona
0,0,2023-01-15,Ath Madrid,Almeria,D,2023-01-15,Ath Madrid,Almeria,D,Ath Madrid,0,0,Almeria,Ath Madrid,D,2023-01-15,Almeria,Ath Madrid,D,Almeria
1,0,2023-01-21,Ath Madrid,Valladolid,W,2023-01-21,Ath Madrid,Valladolid,W,Ath Madrid,0,0,Valladolid,Ath Madrid,L,2023-01-21,Valladolid,Ath Madrid,L,Valladolid
1,0,2023-01-29,Ath Madrid,Osasuna,W,2023-01-29,Ath Madrid,Osasuna,W,Ath Madrid,0,0,Osasuna,Ath Madrid,L,2023-01-29,Osasuna,Ath Madrid,L,Osasuna
0,0,2023-02-04,Ath Madrid,Getafe,D,2023-02-04,Ath Madrid,Getafe,D,Ath Madrid,0,0,Getafe,Ath Madrid,D,2023-02-04,Getafe,Ath Madrid,D,Getafe
1,0,2023-02-12,Ath Madrid,Celta,W,2023-02-12,Ath Madrid,Celta,W,Ath Madrid,0,0,Celta,Ath Madrid,L,2023-02-12,Celta,Ath Madrid,L,Celta
1,0,2023-02-19,Ath Madrid,Ath Bilbao,W,2023-02-19,Ath Madrid,Ath Bilbao,W,Ath Madrid,0,0,Ath Bilbao,Ath Madrid,L,2023-02-19,Ath Bilbao,Ath Madrid,L,Ath Bilbao
0,0,2023-02-25,Ath Madrid,Real Madrid,D,2023-02-25,Ath Madrid,Real Madrid,D,Ath Madrid,0,1,Real Madrid,Ath Madrid,D,2023-02-25,Real Madrid,Ath Madrid,D,Real Madrid
1,0,2023-03-04,Ath Madrid,Sevilla,W,2023-03-04,Ath Madrid,Sevilla,W,Ath Madrid,0,0,Sevilla,Ath Madrid,L,2023-03-04,Sevilla,Ath Madrid,L,Sevilla
1,0,2023-03-13,Ath Madrid,Girona,W,2023-03-13,Ath Madrid,Girona,W,Ath Madrid,0,0,Girona,Ath Madrid,L,2023-03-13,Girona,Ath Madrid,L,Girona
1,0,2023-03-18,Ath Madrid,Valencia,W,2023-03-18,Ath Madrid,Valencia,W,Ath Madrid,0,0,Valencia,Ath Madrid,L,2023-03-18,Valencia,Ath Madrid,L,Valencia
1,1,2023-04-02,Ath Madrid,Betis,W,2023-04-02,Ath Madrid,Betis,W,Ath Madrid,0,0,Betis,Ath Madrid,L,2023-04-02,Betis,Ath Madrid,L,Betis
1,0,2023-04-09,Ath Madrid,Vallecano,W,2023-04-09,Ath Madrid,Vallecano,W,Ath Madrid,0,0,Vallecano,Ath Madrid,L,2023-04-09,Vallecano,Ath Madrid,L,Vallecano
1,0,2023-04-16,Ath Madrid,Almeria,W,2023-04-16,Ath Madrid,Almeria,W,Ath Madrid,0,0,Almeria,Ath Madrid,L,2023-04-16,Almeria,Ath Madrid,L,Almeria
0,0,2023-04-23,Ath Madrid,Barcelona,L,2023-04-23,Ath Madrid,Barcelona,L,Ath Madrid,1,0,Barcelona,Ath Madrid,W,2023-04-23,Barcelona,Ath Madrid,W,Barcelona
1,0,2023-04-26,Ath Madrid,Mallorca,W,2023-04-26,Ath Madrid,Mallorca,W,Ath Madrid,0,0,Mallorca,Ath Madrid,L,2023-04-26,Mallorca,Ath Madrid,L,Mallorca
1,1,2023-04-30,Ath Madrid,Valladolid,W,2023-04-30,Ath Madrid,Valladolid,W,Ath Madrid,0,0,Valladolid,Ath Madrid,L,2023-04-30,Valladolid,Ath Madrid,L,Valladolid
1,1,2023-05-03,Ath Madrid,Cadiz,W,2023-05-03,Ath Madrid,Cadiz,W,Ath Madrid,0,0,Cadiz,Ath Madrid,L,2023-05-03,Cadiz,Ath Madrid,L,Cadiz
0,1,2023-05-14,Ath Madrid,Elche,L,2023-05-14,Ath Madrid,Elche,L,Ath Madrid,1,0,Elche,Ath Madrid,W,2023-05-14,Elche,Ath Madrid,W,Elche
1,1,2023-05-21,Ath Madrid,Osasuna,W,2023-05-21,Ath Madrid,Osasuna,W,Ath Madrid,0,0,Osasuna,Ath Madrid,L,2023-05-21,Osasuna,Ath Madrid,L,Osasuna
0,0,2023-05-24,Ath Madrid,Espanol,D,2023-05-24,Ath Madrid,Espanol,D,Ath Madrid,0,0,Espanol,Ath Madrid,D,2023-05-24,Espanol,Ath Madrid,D,Espanol
1,0,2023-05-28,Ath Madrid,Sociedad,W,2023-05-28,Ath Madrid,Sociedad,W,Ath Madrid,0,0,Sociedad,Ath Madrid,L,2023-05-28,Sociedad,Ath Madrid,L,Sociedad
0,0,2023-06-04,Ath Madrid,Villarreal,D,2023-06-04,Ath Madrid,Villarreal,D,Ath Madrid,0,0,Villarreal,Ath Madrid,D,2023-06-04,Villarreal,Ath Madrid,D,Villarreal
1,0,2023-08-14,Ath Madrid,Granada,W,2023-08-14,Ath Madrid,Granada,W,Ath Madrid,0,0,Granada,Ath Madrid,L,2023-08-14,Granada,Ath Madrid,L,Granada
0,0,2023-08-20,Ath Madrid,Betis,D,2023-08-20,Ath Madrid,Betis,D,Ath Madrid,0,0,Betis,Ath Madrid,D,2023-08-20,Betis,Ath Madrid,D,Betis
1,0,2023-08-28,Ath Madrid,Vallecano,W,2023-08-28,Ath Madrid,Vallecano,W,Ath Madrid,0,0,Vallecano,Ath Madrid,L,2023-08-28,Vallecano,Ath Madrid,L,Vallecano
0,0,2023-09-16,Ath Madrid,Valencia,L,2023-09-16,Ath Madrid,Valencia,L,Ath Madrid,1,0,Valencia,Ath Madrid,W,2023-09-16,Valencia,Ath Madrid,W,Valencia
1,0,2023-09-24,Ath Madrid,Real Madrid,W,2023-09-24,Ath Madrid,Real Madrid,W,Ath Madrid,0,1,Real Madrid,Ath Madrid,L,2023-09-24,Real Madrid,Ath Madrid,L,Real Madrid
1,0,2023-09-28,Ath Madrid,Osasuna,W,2023-09-28,Ath Madrid,Osasuna,W,Ath Madrid,0,0,Osasuna,Ath Madrid,L,2023-09-28,Osasuna,Ath Madrid,L,Osasuna
1,0,2023-10-01,Ath Madrid,Cadiz,W,2023-10-01,Ath Madrid,Cadiz,W,Ath Madrid,0,0,Cadiz,Ath Madrid,L,2023-10-01,Cadiz,Ath Madrid,L,Cadiz
1,0,2023-10-08,Ath Madrid,Sociedad,W,2023-10-08,Ath Madrid,Sociedad,W,Ath Madrid,0,0,Sociedad,Ath Madrid,L,2023-10-08,Sociedad,Ath Madrid,L,Sociedad
1,0,2023-10-21,Ath Madrid,Celta,W,2023-10-21,Ath Madrid,Celta,W,Ath Madrid,0,0,Celta,Ath Madrid,L,2023-10-21,Celta,Ath Madrid,L,Celta
1,1,2023-10-29,Ath Madrid,Alaves,W,2023-10-29,Ath Madrid,Alaves,W,Ath Madrid,0,0,Alaves,Ath Madrid,L,2023-10-29,Alaves,Ath Madrid,L,Alaves
0,0,2023-11-03,Ath Madrid,Las Palmas,L,2023-11-03,Ath Madrid,Las Palmas,L,Ath Madrid,1,0,Las Palmas,Ath Madrid,W,2023-11-03,Las Palmas,Ath Madrid,W,Las Palmas
1,0,2023-11-12,Ath Madrid,Villarreal,W,2023-11-12,Ath Madrid,Villarreal,W,Ath Madrid,0,0,Villarreal,Ath Madrid,L,2023-11-12,Villarreal,Ath Madrid,L,Villarreal
1,1,2023-11-25,Ath Madrid,Mallorca,W,2023-11-25,Ath Madrid,Mallorca,W,Ath Madrid,0,0,Mallorca,Ath Madrid,L,2023-11-25,Mallorca,Ath Madrid,L,Mallorca
0,1,2023-12-03,Ath Madrid,Barcelona,L,2023-12-03,Ath Madrid,Barcelona,L,Ath Madrid,1,0,Barcelona,Ath Madrid,W,2023-12-03,Barcelona,Ath Madrid,W,Barcelona
1,1,2023-12-10,Ath Madrid,Almeria,W,2023-12-10,Ath Madrid,Almeria,W,Ath Madrid,0,0,Almeria,Ath Madrid,L,2023-12-10,Almeria,Ath Madrid,L,Almeria
0,0,2023-12-16,Ath Madrid,Ath Bilbao,L,2023-12-16,Ath Madrid,Ath Bilbao,L,Ath Madrid,1,0,Ath Bilbao,Ath Madrid,W,2023-12-16,Ath Bilbao,Ath Madrid,W,Ath Bilbao
0,0,2023-12-19,Ath Madrid,Getafe,D,2023-12-19,Ath Madrid,Getafe,D,Ath Madrid,0,0,Getafe,Ath Madrid,D,2023-12-19,Getafe,Ath Madrid,D,Getafe
1,0,2023-12-23,Ath Madrid,Sevilla,W,2023-12-23,Ath Madrid,Sevilla,W,Ath Madrid,0,0,Sevilla,Ath Madrid,L,2023-12-23,Sevilla,Ath Madrid,L,Sevilla
0,0,2024-01-03,Ath Madrid,Girona,L,2024-01-03,Ath Madrid,Girona,L,Ath Madrid,1,0,Girona,Ath Madrid,W,2024-01-03,Girona,Ath Madrid,W,Girona
1,0,2024-01-22,Ath Madrid,Granada,W,2024-01-22,Ath Madrid,Granada,W,Ath Madrid,0,0,Granada,Ath Madrid,L,2024-01-22,Granada,Ath Madrid,L,Granada
1,0,2024-01-28,Ath Madrid,Valencia,W,2024-01-28,Ath Madrid,Valencia,W,Ath Madrid,0,0,Valencia,Ath Madrid,L,2024-01-28,Valencia,Ath Madrid,L,Valencia
1,0,2024-01-31,Ath Madrid,Vallecano,W,2024-01-31,Ath Madrid,Vallecano,W,Ath Madrid,0,0,Vallecano,Ath Madrid,L,2024-01-31,Vallecano,Ath Madrid,L,Vallecano
0,0,2024-02-04,Ath Madrid,Real Madrid,D,2024-02-04,Ath Madrid,Real Madrid,D,Ath Madrid,0,0,Real Madrid,Ath Madrid,D,2024-02-04,Real Madrid,Ath Madrid,D,Real Madrid
0,0,2024-02-11,Ath Madrid,Sevilla,L,2024-02-11,Ath Madrid,Sevilla,L,Ath Madrid,1,0,Sevilla,Ath Madrid,W,2024-02-11,Sevilla,Ath Madrid,W,Sevilla
1,0,2024-02-17,Ath Madrid,Las Palmas,W,2024-02-17,Ath Madrid,Las Palmas,W,Ath Madrid,0,0,Las Palmas,Ath Madrid,L,2024-02-17,Las Palmas,Ath Madrid,L,Las Palmas
0,0,2024-02-24,Ath Madrid,Almeria,D,2024-02-24,Ath Madrid,Almeria,D,Ath Madrid,0,0,Almeria,Ath Madrid,D,2024-02-24,Almeria,Ath Madrid,D,Almeria
1,1,2024-03-03,Ath Madrid,Betis,W,2024-03-03,Ath Madrid,Betis,W,Ath Madrid,0,0,Betis,Ath Madrid,L,2024-03-03,Betis,Ath Madrid,L,Betis
0,0,2024-03-09,Ath Madrid,Cadiz,L,2024-03-09,Ath Madrid,Cadiz,L,Ath Madrid,1,0,Cadiz,Ath Madrid,W,2024-03-09,Cadiz,Ath Madrid,W,Cadiz
0,0,2024-03-17,Ath Madrid,Barcelona,L,2024-03-17,Ath Madrid,Barcelona,L,Ath Madrid,1,0,Barcelona,Ath Madrid,W,2024-03-17,Barcelona,Ath Madrid,W,Barcelona
1,0,2024-04-01,Ath Madrid,Villarreal,W,2024-04-01,Ath Madrid,Villarreal,W,Ath Madrid,0,0,Villarreal,Ath Madrid,L,2024-04-01,Villarreal,Ath Madrid,L,Villarreal
1,0,2024-04-13,Ath Madrid,Girona,W,2024-04-13,Ath Madrid,Girona,W,Ath Madrid,0,0,Girona,Ath Madrid,L,2024-04-13,Girona,Ath Madrid,L,Girona
0,0,2024-04-21,Ath Madrid,Alaves,L,2024-04-21,Ath Madrid,Alaves,L,Ath Madrid,1,0,Alaves,Ath Madrid,W,2024-04-21,Alaves,Ath Madrid,W,Alaves
1,0,2024-04-27,Ath Madrid,Ath Bilbao,W,2024-04-27,Ath Madrid,Ath Bilbao,W,Ath Madrid,0,0,Ath Bilbao,Ath Madrid,L,2024-04-27,Ath Bilbao,Ath Madrid,L,Ath Bilbao
1,0,2024-05-04,Ath Madrid,Mallorca,W,2024-05-04,Ath Madrid,Mallorca,W,Ath Madrid,0,0,Mallorca,Ath Madrid,L,2024-05-04,Mallorca,Ath Madrid,L,Mallorca
1,0,2024-05-12,Ath Madrid,Celta,W,2024-05-12,Ath Madrid,Celta,W,Ath Madrid,0,0,Celta,Ath Madrid,L,2024-05-12,Celta,Ath Madrid,L,Celta
1,0,2024-05-15,Ath Madrid,Getafe,W,2024-05-15,Ath Madrid,Getafe,W,Ath Madrid,0,1,Getafe,Ath Madrid,L,2024-05-15,Getafe,Ath Madrid,L,Getafe
0,0,2024-05-19,Ath Madrid,Osasuna,L,2024-05-19,Ath Madrid,Osasuna,L,Ath Madrid,1,0,Osasuna,Ath Madrid,W,2024-05-19,Osasuna,Ath Madrid,W,Osasuna
1,0,2024-05-25,Ath Madrid,Sociedad,W,2024-05-25,Ath Madrid,Sociedad,W,Ath Madrid,0,0,Sociedad,Ath Madrid,L,2024-05-25,Sociedad,Ath Madrid,L,Sociedad
0,0,2024-08-19,Ath Madrid,Villarreal,D,2024-08-19,Ath Madrid,Villarreal,D,Ath Madrid,0,0,Villarreal,Ath Madrid,D,2024-08-19,Villarreal,Ath Madrid,D,Villarreal
1,0,2024-08-25,Ath Madrid,Girona,W,2024-08-25,Ath Madrid,Girona,W,Ath Madrid,0,0,Girona,Ath Madrid,L,2024-08-25,Girona,Ath Madrid,L,Girona
0,0,2024-08-28,Ath Madrid,Espanol,D,2024-08-28,Ath Madrid,Espanol,D,Ath Madrid,0,0,Espanol,Ath Madrid,D,2024-08-28,Espanol,Ath Madrid,D,Espanol
1,0,2024-08-31,Ath Madrid,Ath Bilbao,W,2024-08-31,Ath Madrid,Ath Bilbao,W,Ath Madrid,0,0,Ath Bilbao,Ath Madrid,L,2024-08-31,Ath Bilbao,Ath Madrid,L,Ath Bilbao
1,0,2024-09-15,Ath Madrid,Valencia,W,2024-09-15,Ath Madrid,Valencia,W,Ath Madrid,0,0,Valencia,Ath Madrid,L,2024-09-15,Valencia,Ath Madrid,L,Valencia
0,0,2024-09-22,Ath Madrid,Vallecano,D,2024-09-22,Ath Madrid,Vallecano,D,Ath Madrid,0,0,Vallecano,Ath Madrid,D,2024-09-22,Vallecano,Ath Madrid,D,Vallecano
1,0,2024-09-26,Ath Madrid,Celta,W,2024-09-26,Ath Madrid,Celta,W,Ath Madrid,0,0,Celta,Ath Madrid,L,2024-09-26,Celta,Ath Madrid,L,Celta
0,0,2024-09-29,Ath Madrid,Real Madrid,D,2024-09-29,Ath Madrid,Real Madrid,D,Ath Madrid,0,1,Real Madrid,Ath Madrid,D,2024-09-29,Real Madrid,Ath Madrid,D,Real Madrid
0,0,2024-10-06,Ath Madrid,Sociedad,D,2024-10-06,Ath Madrid,Sociedad,D,Ath Madrid,0,0,Sociedad,Ath Madrid,D,2024-10-06,Sociedad,Ath Madrid,D,Sociedad
1,0,2024-10-20,Ath Madrid,Leganes,W,2024-10-20,Ath Madrid,Leganes,W,Ath Madrid,0,0,Leganes,Ath Madrid,L,2024-10-20,Leganes,Ath Madrid,L,Leganes
0,0,2024-10-27,Ath Madrid,Betis,L,2024-10-27,Ath Madrid,Betis,L,Ath Madrid,1,0,Betis,Ath Madrid,W,2024-10-27,Betis,Ath Madrid,W,Betis
1,0,2024-11-03,Ath Madrid,Las Palmas,W,2024-11-03,Ath Madrid,Las Palmas,W,Ath Madrid,0,0,Las Palmas,Ath Madrid,L,2024-11-03,Las Palmas,Ath Madrid,L,Las Palmas
1,0,2024-11-10,Ath Madrid,Mallorca,W,2024-11-10,Ath Madrid,Mallorca,W,Ath Madrid,0,0,Mallorca,Ath Madrid,L,2024-11-10,Mallorca,Ath Madrid,L,Mallorca
1,0,2024-11-23,Ath Madrid,Alaves,W,2024-11-23,Ath Madrid,Alaves,W,Ath Madrid,0,0,Alaves,Ath Madrid,L,2024-11-23,Alaves,Ath Madrid,L,Alaves
1,0,2024-11-30,Ath Madrid,Valladolid,W,2024-11-30,Ath Madrid,Valladolid,W,Ath Madrid,0,0,Valladolid,Ath Madrid,L,2024-11-30,Valladolid,Ath Madrid,L,Valladolid
1,0,2024-12-08,Ath Madrid,Sevilla,W,2024-12-08,Ath Madrid,Sevilla,W,Ath Madrid,0,0,Sevilla,Ath Madrid,L,2024-12-08,Sevilla,Ath Madrid,L,Sevilla
1,1,2024-12-15,Ath Madrid,Getafe,W,2024-12-15,Ath Madrid,Getafe,W,Ath Madrid,0,0,Getafe,Ath Madrid,L,2024-12-15,Getafe,Ath Madrid,L,Getafe
1,0,2024-12-21,Ath Madrid,Barcelona,W,2024-12-21,Ath Madrid,Barcelona,W,Ath Madrid,0,0,Barcelona,Ath Madrid,L,2024-12-21,Barcelona,Ath Madrid,L,Barcelona
1,0,2025-01-12,Ath Madrid,Osasuna,W,2025-01-12,Ath Madrid,Osasuna,W,Ath Madrid,0,0,Osasuna,Ath Madrid,L,2025-01-12,Osasuna,Ath Madrid,L,Osasuna
0,0,2025-01-18,Ath Madrid,Leganes,L,2025-01-18,Ath Madrid,Leganes,L,Ath Madrid,1,0,Leganes,Ath Madrid,W,2025-01-18,Leganes,Ath Madrid,W,Leganes
0,0,2025-01-25,Ath Madrid,Villarreal,D,2025-01-25,Ath Madrid,Villarreal,D,Ath Madrid,0,0,Villarreal,Ath Madrid,D,2025-01-25,Villarreal,Ath Madrid,D,Villarreal
1,0,2025-02-01,Ath Madrid,Mallorca,W,2025-02-01,Ath Madrid,Mallorca,W,Ath Madrid,0,0,Mallorca,Ath Madrid,L,2025-02-01,Mallorca,Ath Madrid,L,Mallorca
0,1,2025-02-08,Ath Madrid,Real Madrid,D,2025-02-08,Ath Madrid,Real Madrid,D,Ath Madrid,0,1,Real Madrid,Ath Madrid,D,2025-02-08,Real Madrid,Ath Madrid,D,Real Madrid
0,0,2025-02-15,Ath Madrid,Celta,D,2025-02-15,Ath Madrid,Celta,D,Ath Madrid,0,0,Celta,Ath Madrid,D,2025-02-15,Celta,Ath Madrid,D,Celta
1,0,2025-02-22,Ath Madrid,Valencia,W,2025-02-22,Ath Madrid,Valencia,W,Ath Madrid,0,0,Valencia,Ath Madrid,L,2025-02-22,Valencia,Ath Madrid,L,Valencia
1,0,2025-03-01,Ath Madrid,Ath Bilbao,W,2025-03-01,Ath Madrid,Ath Bilbao,W,Ath Madrid,0,1,Ath Bilbao,Ath Madrid,L,2025-03-01,Ath Bilbao,Ath Madrid,L,Ath Bilbao
0,0,2025-03-09,Ath Madrid,Getafe,L,2025-03-09,Ath Madrid,Getafe,L,Ath Madrid,1,0,Getafe,Ath Madrid,W,2025-03-09,Getafe,Ath Madrid,W,Getafe
0,0,2025-03-16,Ath Madrid,Barcelona,L,2025-03-16,Ath Madrid,Barcelona,L,Ath Madrid,1,1,Barcelona,Ath Madrid,W,2025-03-16,Barcelona,Ath Madrid,W,Barcelona
0,0,2025-03-29,Ath Madrid,Espanol,D,2025-03-29,Ath Madrid,Espanol,D,Ath Madrid,0,0,Espanol,Ath Madrid,D,2025-03-29,Espanol,Ath Madrid,D,Espanol
1,0,2025-04-06,Ath Madrid,Sevilla,W,2025-04-06,Ath Madrid,Sevilla,W,Ath Madrid,0,0,Sevilla,Ath Madrid,L,2025-04-06,Sevilla,Ath Madrid,L,Sevilla
1,0,2025-04-14,Ath Madrid,Valladolid,W,2025-04-14,Ath Madrid,Valladolid,W,Ath Madrid,0,0,Valladolid,Ath Madrid,L,2025-04-14,Valladolid,Ath Madrid,L,Valladolid
0,0,2025-04-19,Ath Madrid,Las Palmas,L,2025-04-19,Ath Madrid,Las Palmas,L,Ath Madrid,1,0,Las Palmas,Ath Madrid,W,2025-04-19,Las Palmas,Ath Madrid,W,Las Palmas
1,0,2025-04-24,Ath Madrid,Vallecano,W,2025-04-24,Ath Madrid,Vallecano,W,Ath Madrid,0,0,Vallecano,Ath Madrid,L,2025-04-24,Vallecano,Ath Madrid,L,Vallecano
0,0,2025-05-03,Ath Madrid,Alaves,D,2025-05-03,Ath Madrid,Alaves,D,Ath Madrid,0,0,Alaves,Ath Madrid,D,2025-05-03,Alaves,Ath Madrid,D,Alaves
1,0,2025-05-10,Ath Madrid,Sociedad,W,2025-05-10,Ath Madrid,Sociedad,W,Ath Madrid,0,0,Sociedad,Ath Madrid,L,2025-05-10,Sociedad,Ath Madrid,L,Sociedad
0,0,2025-05-15,Ath Madrid,Osasuna,L,2025-05-15,Ath Madrid,Osasuna,L,Ath Madrid,1,0,Osasuna,Ath Madrid,W,2025-05-15,Osasuna,Ath Madrid,W,Osasuna
1,0,2025-05-18,Ath Madrid,Betis,W,2025-05-18,Ath Madrid,Betis,W,Ath Madrid,0,0,Betis,Ath Madrid,L,2025-05-18,Betis,Ath Madrid,L,Betis
1,0,2025-05-25,Ath Madrid,Girona,W,2025-05-25,Ath Madrid,Girona,W,Ath Madrid,0,0,Girona,Ath Madrid,L,2025-05-25,Girona,Ath Madrid,L,Girona
1,1,2023-01-08,Barcelona,Ath Madrid,W,2023-01-08,Barcelona,Ath Madrid,W,Barcelona,0,1,Ath Madrid,Barcelona,L,2023-01-08,Ath Madrid,Barcelona,L,Ath Madrid
1,0,2023-01-22,Barcelona,Getafe,W,2023-01-22,Barcelona,Getafe,W,Barcelona,0,0,Getafe,Barcelona,L,2023-01-22,Getafe,Barcelona,L,Getafe
1,0,2023-01-28,Barcelona,Girona,W,2023-01-28,Barcelona,Girona,W,Barcelona,0,0,Girona,Barcelona,L,2023-01-28,Girona,Barcelona,L,Girona
1,0,2023-02-01,Barcelona,Betis,W,2023-02-01,Barcelona,Betis,W,Barcelona,0,0,Betis,Barcelona,L,2023-02-01,Betis,Barcelona,L,Betis
1,0,2023-02-05,Barcelona,Sevilla,W,2023-02-05,Barcelona,Sevilla,W,Barcelona,0,0,Sevilla,Barcelona,L,2023-02-05,Sevilla,Barcelona,L,Sevilla
1,0,2023-02-12,Barcelona,Villarreal,W,2023-02-12,Barcelona,Villarreal,W,Barcelona,0,0,Villarreal,Barcelona,L,2023-02-12,Villarreal,Barcelona,L,Villarreal
1,0,2023-02-19,Barcelona,Cadiz,W,2023-02-19,Barcelona,Cadiz,W,Barcelona,0,0,Cadiz,Barcelona,L,2023-02-19,Cadiz,Barcelona,L,Cadiz
0,0,2023-02-26,Barcelona,Almeria,L,2023-02-26,Barcelona,Almeria,L,Barcelona,1,0,Almeria,Barcelona,W,2023-02-26,Almeria,Barcelona,W,Almeria
1,0,2023-03-05,Barcelona,Valencia,W,2023-03-05,Barcelona,Valencia,W,Barcelona,0,0,Valencia,Barcelona,L,2023-03-05,Valencia,Barcelona,L,Valencia
1,0,2023-03-12,Barcelona,Ath Bilbao,W,2023-03-12,Barcelona,Ath Bilbao,W,Barcelona,0,0,Ath Bilbao,Barcelona,L,2023-03-12,Ath Bilbao,Barcelona,L,Ath Bilbao
1,0,2023-03-19,Barcelona,Real Madrid,W,2023-03-19,Barcelona,Real Madrid,W,Barcelona,0,0,Real Madrid,Barcelona,L,2023-03-19,Real Madrid,Barcelona,L,Real Madrid
1,0,2023-04-01,Barcelona,Elche,W,2023-04-01,Barcelona,Elche,W,Barcelona,0,0,Elche,Barcelona,L,2023-04-01,Elche,Barcelona,L,Elche
0,0,2023-04-10,Barcelona,Girona,D,2023-04-10,Barcelona,Girona,D,Barcelona,0,0,Girona,Barcelona,D,2023-04-10,Girona,Barcelona,D,Girona
0,0,2023-04-16,Barcelona,Getafe,D,2023-04-16,Barcelona,Getafe,D,Barcelona,0,0,Getafe,Barcelona,D,2023-04-16,Getafe,Barcelona,D,Getafe
1,0,2023-04-23,Barcelona,Ath Madrid,W,2023-04-23,Barcelona,Ath Madrid,W,Barcelona,0,0,Ath Madrid,Barcelona,L,2023-04-23,Ath Madrid,Barcelona,L,Ath Madrid
0,0,2023-04-26,Barcelona,Vallecano,L,2023-04-26,Barcelona,Vallecano,L,Barcelona,1,0,Vallecano,Barcelona,W,2023-04-26,Vallecano,Barcelona,W,Vallecano
1,0,2023-04-29,Barcelona,Betis,W,2023-04-29,Barcelona,Betis,W,Barcelona,0,0,Betis,Barcelona,L,2023-04-29,Betis,Barcelona,L,Betis
1,0,2023-05-02,Barcelona,Osasuna,W,2023-05-02,Barcelona,Osasuna,W,Barcelona,0,0,Osasuna,Barcelona,L,2023-05-02,Osasuna,Barcelona,L,Osasuna
1,0,2023-05-14,Barcelona,Espanol,W,2023-05-14,Barcelona,Espanol,W,Barcelona,0,0,Espanol,Barcelona,L,2023-05-14,Espanol,Barcelona,L,Espanol
0,1,2023-05-20,Barcelona,Sociedad,L,2023-05-20,Barcelona,Sociedad,L,Barcelona,1,0,Sociedad,Barcelona,W,2023-05-20,Sociedad,Barcelona,W,Sociedad
0,0,2023-05-23,Barcelona,Valladolid,L,2023-05-23,Barcelona,Valladolid,L,Barcelona,1,0,Valladolid,Barcelona,W,2023-05-23,Valladolid,Barcelona,W,Valladolid
1,0,2023-05-28,Barcelona,Mallorca,W,2023-05-28,Barcelona,Mallorca,W,Barcelona,0,0,Mallorca,Barcelona,L,2023-05-28,Mallorca,Barcelona,L,Mallorca
0,1,2023-06-04,Barcelona,Celta,L,2023-06-04,Barcelona,Celta,L,Barcelona,1,0,Celta,Barcelona,W,2023-06-04,Celta,Barcelona,W,Celta
0,0,2023-08-13,Barcelona,Getafe,D,2023-08-13,Barcelona,Getafe,D,Barcelona,0,0,Getafe,Barcelona,D,2023-08-13,Getafe,Barcelona,D,Getafe
1,1,2023-08-20,Barcelona,Cadiz,W,2023-08-20,Barcelona,Cadiz,W,Barcelona,0,0,Cadiz,Barcelona,L,2023-08-20,Cadiz,Barcelona,L,Cadiz
1,0,2023-08-27,Barcelona,Villarreal,W,2023-08-27,Barcelona,Villarreal,W,Barcelona,0,1,Villarreal,Barcelona,L,2023-08-27,Villarreal,Barcelona,L,Villarreal
1,1,2023-09-03,Barcelona,Osasuna,W,2023-09-03,Barcelona,Osasuna,W,Barcelona,0,0,Osasuna,Barcelona,L,2023-09-03,Osasuna,Barcelona,L,Osasuna
1,1,2023-09-16,Barcelona,Betis,W,2023-09-16,Barcelona,Betis,W,Barcelona,0,0,Betis,Barcelona,L,2023-09-16,Betis,Barcelona,L,Betis
1,1,2023-09-23,Barcelona,Celta,W,2023-09-23,Barcelona,Celta,W,Barcelona,0,0,Celta,Barcelona,L,2023-09-23,Celta,Barcelona,L,Celta
0,0,2023-09-26,Barcelona,Mallorca,D,2023-09-26,Barcelona,Mallorca,D,Barcelona,0,0,Mallorca,Barcelona,D,2023-09-26,Mallorca,Barcelona,D,Mallorca
1,0,2023-09-29,Barcelona,Sevilla,W,2023-09-29,Barcelona,Sevilla,W,Barcelona,0,1,Sevilla,Barcelona,L,2023-09-29,Sevilla,Barcelona,L,Sevilla
0,0,2023-10-08,Barcelona,Granada,D,2023-10-08,Barcelona,Granada,D,Barcelona,0,0,Granada,Barcelona,D,2023-10-08,Granada,Barcelona,D,Granada
1,0,2023-10-22,Barcelona,Ath Bilbao,W,2023-10-22,Barcelona,Ath Bilbao,W,Barcelona,0,0,Ath Bilbao,Barcelona,L,2023-10-22,Ath Bilbao,Barcelona,L,Ath Bilbao
0,1,2023-10-28,Barcelona,Real Madrid,L,2023-10-28,Barcelona,Real Madrid,L,Barcelona,1,1,Real Madrid,Barcelona,W,2023-10-28,Real Madrid,Barcelona,W,Real Madrid
1,0,2023-11-04,Barcelona,Sociedad,W,2023-11-04,Barcelona,Sociedad,W,Barcelona,0,0,Sociedad,Barcelona,L,2023-11-04,Sociedad,Barcelona,L,Sociedad
1,0,2023-11-12,Barcelona,Alaves,W,2023-11-12,Barcelona,Alaves,W,Barcelona,0,0,Alaves,Barcelona,L,2023-11-12,Alaves,Barcelona,L,Alaves
0,0,2023-11-25,Barcelona,Vallecano,D,2023-11-25,Barcelona,Vallecano,D,Barcelona,0,0,Vallecano,Barcelona,D,2023-11-25,Vallecano,Barcelona,D,Vallecano
1,0,2023-12-03,Barcelona,Ath Madrid,W,2023-12-03,Barcelona,Ath Madrid,W,Barcelona,0,1,Ath Madrid,Barcelona,L,2023-12-03,Ath Madrid,Barcelona,L,Ath Madrid
0,0,2023-12-10,Barcelona,Girona,L,2023-12-10,Barcelona,Girona,L,Barcelona,1,0,Girona,Barcelona,W,2023-12-10,Girona,Barcelona,W,Girona
0,1,2023-12-16,Barcelona,Valencia,D,2023-12-16,Barcelona,Valencia,D,Barcelona,0,0,Valencia,Barcelona,D,2023-12-16,Valencia,Barcelona,D,Valencia
1,1,2023-12-20,Barcelona,Almeria,W,2023-12-20,Barcelona,Almeria,W,Barcelona,0,0,Almeria,Barcelona,L,2023-12-20,Almeria,Barcelona,L,Almeria
1,1,2024-01-04,Barcelona,Las Palmas,W,2024-01-04,Barcelona,Las Palmas,W,Barcelona,0,0,Las Palmas,Barcelona,L,2024-01-04,Las Palmas,Barcelona,L,Las Palmas
1,1,2024-01-21,Barcelona,Betis,W,2024-01-21,Barcelona,Betis,W,Barcelona,0,1,Betis,Barcelona,L,2024-01-21,Betis,Barcelona,L,Betis
0,1,2024-01-27,Barcelona,Villarreal,L,2024-01-27,Barcelona,Villarreal,L,Barcelona,1,0,Villarreal,Barcelona,W,2024-01-27,Villarreal,Barcelona,W,Villarreal
1,0,2024-01-31,Barcelona,Osasuna,W,2024-01-31,Barcelona,Osasuna,W,Barcelona,0,0,Osasuna,Barcelona,L,2024-01-31,Osasuna,Barcelona,L,Osasuna
1,0,2024-02-03,Barcelona,Alaves,W,2024-02-03,Barcelona,Alaves,W,Barcelona,0,0,Alaves,Barcelona,L,2024-02-03,Alaves,Barcelona,L,Alaves
0,0,2024-02-11,Barcelona,Granada,D,2024-02-11,Barcelona,Granada,D,Barcelona,0,0,Granada,Barcelona,D,2024-02-11,Granada,Barcelona,D,Granada
1,0,2024-02-17,Barcelona,Celta,W,2024-02-17,Barcelona,Celta,W,Barcelona,0,0,Celta,Barcelona,L,2024-02-17,Celta,Barcelona,L,Celta
1,0,2024-02-24,Barcelona,Getafe,W,2024-02-24,Barcelona,Getafe,W,Barcelona,0,0,Getafe,Barcelona,L,2024-02-24,Getafe,Barcelona,L,Getafe
0,0,2024-03-03,Barcelona,Ath Bilbao,D,2024-03-03,Barcelona,Ath Bilbao,D,Barcelona,0,0,Ath Bilbao,Barcelona,D,2024-03-03,Ath Bilbao,Barcelona,D,Ath Bilbao
1,0,2024-03-08,Barcelona,Mallorca,W,2024-03-08,Barcelona,Mallorca,W,Barcelona,0,0,Mallorca,Barcelona,L,2024-03-08,Mallorca,Barcelona,L,Mallorca
1,0,2024-03-17,Barcelona,Ath Madrid,W,2024-03-17,Barcelona,Ath Madrid,W,Barcelona,0,0,Ath Madrid,Barcelona,L,2024-03-17,Ath Madrid,Barcelona,L,Ath Madrid
1,0,2024-03-30,Barcelona,Las Palmas,W,2024-03-30,Barcelona,Las Palmas,W,Barcelona,0,0,Las Palmas,Barcelona,L,2024-03-30,Las Palmas,Barcelona,L,Las Palmas
1,0,2024-04-13,Barcelona,Cadiz,W,2024-04-13,Barcelona,Cadiz,W,Barcelona,0,0,Cadiz,Barcelona,L,2024-04-13,Cadiz,Barcelona,L,Cadiz
0,0,2024-04-21,Barcelona,Real Madrid,L,2024-04-21,Barcelona,Real Madrid,L,Barcelona,1,1,Real Madrid,Barcelona,W,2024-04-21,Real Madrid,Barcelona,W,Real Madrid
1,0,2024-04-29,Barcelona,Valencia,W,2024-04-29,Barcelona,Valencia,W,Barcelona,0,0,Valencia,Barcelona,L,2024-04-29,Valencia,Barcelona,L,Valencia
0,1,2024-05-04,Barcelona,Girona,L,2024-05-04,Barcelona,Girona,L,Barcelona,1,0,Girona,Barcelona,W,2024-05-04,Girona,Barcelona,W,Girona
1,1,2024-05-13,Barcelona,Sociedad,W,2024-05-13,Barcelona,Sociedad,W,Barcelona,0,0,Sociedad,Barcelona,L,2024-05-13,Sociedad,Barcelona,L,Sociedad
1,1,2024-05-16,Barcelona,Almeria,W,2024-05-16,Barcelona,Almeria,W,Barcelona,0,0,Almeria,Barcelona,L,2024-05-16,Almeria,Barcelona,L,Almeria
1,0,2024-05-19,Barcelona,Vallecano,W,2024-05-19,Barcelona,Vallecano,W,Barcelona,0,1,Vallecano,Barcelona,L,2024-05-19,Vallecano,Barcelona,L,Vallecano
1,0,2024-05-26,Barcelona,Sevilla,W,2024-05-26,Barcelona,Sevilla,W,Barcelona,0,0,Sevilla,Barcelona,L,2024-05-26,Sevilla,Barcelona,L,Sevilla
1,0,2024-08-17,Barcelona,Valencia,W,2024-08-17,Barcelona,Valencia,W,Barcelona,0,0,Valencia,Barcelona,L,2024-08-17,Valencia,Barcelona,L,Valencia
1,0,2024-08-24,Barcelona,Ath Bilbao,W,2024-08-24,Barcelona,Ath Bilbao,W,Barcelona,0,0,Ath Bilbao,Barcelona,L,2024-08-24,Ath Bilbao,Barcelona,L,Ath Bilbao
1,0,2024-08-27,Barcelona,Vallecano,W,2024-08-27,Barcelona,Vallecano,W,Barcelona,0,0,Vallecano,Barcelona,L,2024-08-27,Vallecano,Barcelona,L,Vallecano
1,1,2024-08-31,Barcelona,Valladolid,W,2024-08-31,Barcelona,Valladolid,W,Barcelona,0,0,Valladolid,Barcelona,L,2024-08-31,Valladolid,Barcelona,L,Valladolid
1,1,2024-09-15,Barcelona,Girona,W,2024-09-15,Barcelona,Girona,W,Barcelona,0,0,Girona,Barcelona,L,2024-09-15,Girona,Barcelona,L,Girona
1,1,2024-09-22,Barcelona,Villarreal,W,2024-09-22,Barcelona,Villarreal,W,Barcelona,0,1,Villarreal,Barcelona,L,2024-09-22,Villarreal,Barcelona,L,Villarreal
1,1,2024-09-25,Barcelona,Getafe,W,2024-09-25,Barcelona,Getafe,W,Barcelona,0,0,Getafe,Barcelona,L,2024-09-25,Getafe,Barcelona,L,Getafe
0,1,2024-09-28,Barcelona,Osasuna,L,2024-09-28,Barcelona,Osasuna,L,Barcelona,1,0,Osasuna,Barcelona,W,2024-09-28,Osasuna,Barcelona,W,Osasuna
1,0,2024-10-06,Barcelona,Alaves,W,2024-10-06,Barcelona,Alaves,W,Barcelona,0,0,Alaves,Barcelona,L,2024-10-06,Alaves,Barcelona,L,Alaves
1,0,2024-10-20,Barcelona,Sevilla,W,2024-10-20,Barcelona,Sevilla,W,Barcelona,0,0,Sevilla,Barcelona,L,2024-10-20,Sevilla,Barcelona,L,Sevilla
1,0,2024-10-26,Barcelona,Real Madrid,W,2024-10-26,Barcelona,Real Madrid,W,Barcelona,0,0,Real Madrid,Barcelona,L,2024-10-26,Real Madrid,Barcelona,L,Real Madrid
1,1,2024-11-03,Barcelona,Espanol,W,2024-11-03,Barcelona,Espanol,W,Barcelona,0,0,Espanol,Barcelona,L,2024-11-03,Espanol,Barcelona,L,Espanol
0,0,2024-11-10,Barcelona,Sociedad,L,2024-11-10,Barcelona,Sociedad,L,Barcelona,1,0,Sociedad,Barcelona,W,2024-11-10,Sociedad,Barcelona,W,Sociedad
0,0,2024-11-23,Barcelona,Celta,D,2024-11-23,Barcelona,Celta,D,Barcelona,0,0,Celta,Barcelona,D,2024-11-23,Celta,Barcelona,D,Celta
0,0,2024-11-30,Barcelona,Las Palmas,L,2024-11-30,Barcelona,Las Palmas,L,Barcelona,1,0,Las Palmas,Barcelona,W,2024-11-30,Las Palmas,Barcelona,W,Las Palmas
1,0,2024-12-03,Barcelona,Mallorca,W,2024-12-03,Barcelona,Mallorca,W,Barcelona,0,0,Mallorca,Barcelona,L,2024-12-03,Mallorca,Barcelona,L,Mallorca
0,1,2024-12-07,Barcelona,Betis,D,2024-12-07,Barcelona,Betis,D,Barcelona,0,0,Betis,Barcelona,D,2024-12-07,Betis,Barcelona,D,Betis
0,1,2024-12-15,Barcelona,Leganes,L,2024-12-15,Barcelona,Leganes,L,Barcelona,1,0,Leganes,Barcelona,W,2024-12-15,Leganes,Barcelona,W,Leganes
0,0,2024-12-21,Barcelona,Ath Madrid,L,2024-12-21,Barcelona,Ath Madrid,L,Barcelona,1,0,Ath Madrid,Barcelona,W,2024-12-21,Ath Madrid,Barcelona,W,Ath Madrid
0,0,2025-01-18,Barcelona,Getafe,D,2025-01-18,Barcelona,Getafe,D,Barcelona,0,0,Getafe,Barcelona,D,2025-01-18,Getafe,Barcelona,D,Getafe
1,1,2025-01-26,Barcelona,Valencia,W,2025-01-26,Barcelona,Valencia,W,Barcelona,0,0,Valencia,Barcelona,L,2025-01-26,Valencia,Barcelona,L,Valencia
1,1,2025-02-02,Barcelona,Alaves,W,2025-02-02,Barcelona,Alaves,W,Barcelona,0,0,Alaves,Barcelona,L,2025-02-02,Alaves,Barcelona,L,Alaves
1,1,2025-02-09,Barcelona,Sevilla,W,2025-02-09,Barcelona,Sevilla,W,Barcelona,0,0,Sevilla,Barcelona,L,2025-02-09,Sevilla,Barcelona,L,Sevilla
1,1,2025-02-17,Barcelona,Vallecano,W,2025-02-17,Barcelona,Vallecano,W,Barcelona,0,1,Vallecano,Barcelona,L,2025-02-17,Vallecano,Barcelona,L,Vallecano
1,0,2025-02-22,Barcelona,Las Palmas,W,2025-02-22,Barcelona,Las Palmas,W,Barcelona,0,0,Las Palmas,Barcelona,L,2025-02-22,Las Palmas,Barcelona,L,Las Palmas
1,0,2025-03-02,Barcelona,Sociedad,W,2025-03-02,Barcelona,Sociedad,W,Barcelona,0,0,Sociedad,Barcelona,L,2025-03-02,Sociedad,Barcelona,L,Sociedad
1,1,2025-03-16,Barcelona,Ath Madrid,W,2025-03-16,Barcelona,Ath Madrid,W,Barcelona,0,0,Ath Madrid,Barcelona,L,2025-03-16,Ath Madrid,Barcelona,L,Ath Madrid
1,1,2025-03-27,Barcelona,Osasuna,W,2025-03-27,Barcelona,Osasuna,W,Barcelona,0,0,Osasuna,Barcelona,L,2025-03-27,Osasuna,Barcelona,L,Osasuna
1,1,2025-03-30,Barcelona,Girona,W,2025-03-30,Barcelona,Girona,W,Barcelona,0,0,Girona,Barcelona,L,2025-03-30,Girona,Barcelona,L,Girona
0,1,2025-04-05,Barcelona,Betis,D,2025-04-05,Barcelona,Betis,D,Barcelona,0,0,Betis,Barcelona,D,2025-04-05,Betis,Barcelona,D,Betis
1,1,2025-04-12,Barcelona,Leganes,W,2025-04-12,Barcelona,Leganes,W,Barcelona,0,0,Leganes,Barcelona,L,2025-04-12,Leganes,Barcelona,L,Leganes
1,0,2025-04-19,Barcelona,Celta,W,2025-04-19,Barcelona,Celta,W,Barcelona,0,0,Celta,Barcelona,L,2025-04-19,Celta,Barcelona,L,Celta
1,0,2025-04-22,Barcelona,Mallorca,W,2025-04-22,Barcelona,Mallorca,W,Barcelona,0,0,Mallorca,Barcelona,L,2025-04-22,Mallorca,Barcelona,L,Mallorca
1,1,2025-05-03,Barcelona,Valladolid,W,2025-05-03,Barcelona,Valladolid,W,Barcelona,0,0,Valladolid,Barcelona,L,2025-05-03,Valladolid,Barcelona,L,Valladolid
1,1,2025-05-11,Barcelona,Real Madrid,W,2025-05-11,Barcelona,Real Madrid,W,Barcelona,0,0,Real Madrid,Barcelona,L,2025-05-11,Real Madrid,Barcelona,L,Real Madrid
1,1,2025-05-15,Barcelona,Espanol,W,2025-05-15,Barcelona,Espanol,W,Barcelona,0,0,Espanol,Barcelona,L,2025-05-15,Espanol,Barcelona,L,Espanol
0,1,2025-05-18,Barcelona,Villarreal,L,2025-05-18,Barcelona,Villarreal,L,Barcelona,1,0,Villarreal,Barcelona,W,2025-05-18,Villarreal,Barcelona,W,Villarreal
1,1,2025-05-25,Barcelona,Ath Bilbao,W,2025-05-25,Barcelona,Ath Bilbao,W,Barcelona,0,0,Ath Bilbao,Barcelona,L,2025-05-25,Ath Bilbao,Barcelona,L,Ath Bilbao
1,0,2023-01-08,Betis,Vallecano,W,2023-01-08,Betis,Vallecano,W,Betis,0,0,Vallecano,Betis,L,2023-01-08,Vallecano,Betis,L,Vallecano
0,0,2023-01-21,Betis,Espanol,L,2023-01-21,Betis,Espanol,L,Betis,1,0,Espanol,Betis,W,2023-01-21,Espanol,Betis,W,Espanol
1,0,2023-01-28,Betis,Getafe,W,2023-01-28,Betis,Getafe,W,Betis,0,0,Getafe,Betis,L,2023-01-28,Getafe,Betis,L,Getafe
0,0,2023-02-01,Betis,Barcelona,L,2023-02-01,Betis,Barcelona,L,Betis,1,0,Barcelona,Betis,W,2023-02-01,Barcelona,Betis,W,Barcelona
0,0,2023-02-04,Betis,Celta,L,2023-02-04,Betis,Celta,L,Betis,1,0,Celta,Betis,W,2023-02-04,Celta,Betis,W,Celta
1,0,2023-02-11,Betis,Almeria,W,2023-02-11,Betis,Almeria,W,Betis,0,0,Almeria,Betis,L,2023-02-11,Almeria,Betis,L,Almeria
1,0,2023-02-18,Betis,Valladolid,W,2023-02-18,Betis,Valladolid,W,Betis,0,0,Valladolid,Betis,L,2023-02-18,Valladolid,Betis,L,Valladolid
1,0,2023-02-24,Betis,Elche,W,2023-02-24,Betis,Elche,W,Betis,0,0,Elche,Betis,L,2023-02-24,Elche,Betis,L,Elche
0,0,2023-03-05,Betis,Real Madrid,D,2023-03-05,Betis,Real Madrid,D,Betis,0,1,Real Madrid,Betis,D,2023-03-05,Real Madrid,Betis,D,Real Madrid
0,0,2023-03-12,Betis,Villarreal,D,2023-03-12,Betis,Villarreal,D,Betis,0,0,Villarreal,Betis,D,2023-03-12,Villarreal,Betis,D,Villarreal
1,0,2023-03-19,Betis,Mallorca,W,2023-03-19,Betis,Mallorca,W,Betis,0,0,Mallorca,Betis,L,2023-03-19,Mallorca,Betis,L,Mallorca
0,0,2023-04-02,Betis,Ath Madrid,L,2023-04-02,Betis,Ath Madrid,L,Betis,1,1,Ath Madrid,Betis,W,2023-04-02,Ath Madrid,Betis,W,Ath Madrid
0,0,2023-04-09,Betis,Cadiz,L,2023-04-09,Betis,Cadiz,L,Betis,1,0,Cadiz,Betis,W,2023-04-09,Cadiz,Betis,W,Cadiz
1,0,2023-04-15,Betis,Espanol,W,2023-04-15,Betis,Espanol,W,Betis,0,0,Espanol,Betis,L,2023-04-15,Espanol,Betis,L,Espanol
0,0,2023-04-22,Betis,Osasuna,L,2023-04-22,Betis,Osasuna,L,Betis,1,0,Osasuna,Betis,W,2023-04-22,Osasuna,Betis,W,Osasuna
0,0,2023-04-25,Betis,Sociedad,D,2023-04-25,Betis,Sociedad,D,Betis,0,0,Sociedad,Betis,D,2023-04-25,Sociedad,Betis,D,Sociedad
0,0,2023-04-29,Betis,Barcelona,L,2023-04-29,Betis,Barcelona,L,Betis,1,0,Barcelona,Betis,W,2023-04-29,Barcelona,Betis,W,Barcelona
1,0,2023-05-04,Betis,Ath Bilbao,W,2023-05-04,Betis,Ath Bilbao,W,Betis,0,0,Ath Bilbao,Betis,L,2023-05-04,Ath Bilbao,Betis,L,Ath Bilbao
1,0,2023-05-15,Betis,Vallecano,W,2023-05-15,Betis,Vallecano,W,Betis,0,0,Vallecano,Betis,L,2023-05-15,Vallecano,Betis,L,Vallecano
0,0,2023-05-21,Betis,Sevilla,D,2023-05-21,Betis,Sevilla,D,Betis,0,1,Sevilla,Betis,D,2023-05-21,Sevilla,Betis,D,Sevilla
0,0,2023-05-24,Betis,Getafe,L,2023-05-24,Betis,Getafe,L,Betis,1,0,Getafe,Betis,W,2023-05-24,Getafe,Betis,W,Getafe
1,0,2023-05-28,Betis,Girona,W,2023-05-28,Betis,Girona,W,Betis,0,0,Girona,Betis,L,2023-05-28,Girona,Betis,L,Girona
0,0,2023-06-04,Betis,Valencia,D,2023-06-04,Betis,Valencia,D,Betis,0,0,Valencia,Betis,D,2023-06-04,Valencia,Betis,D,Valencia
1,0,2023-08-13,Betis,Villarreal,W,2023-08-13,Betis,Villarreal,W,Betis,0,0,Villarreal,Betis,L,2023-08-13,Villarreal,Betis,L,Villarreal
0,0,2023-08-20,Betis,Ath Madrid,D,2023-08-20,Betis,Ath Madrid,D,Betis,0,0,Ath Madrid,Betis,D,2023-08-20,Ath Madrid,Betis,D,Ath Madrid
0,0,2023-08-27,Betis,Ath Bilbao,L,2023-08-27,Betis,Ath Bilbao,L,Betis,1,0,Ath Bilbao,Betis,W,2023-08-27,Ath Bilbao,Betis,W,Ath Bilbao
1,0,2023-09-02,Betis,Vallecano,W,2023-09-02,Betis,Vallecano,W,Betis,0,0,Vallecano,Betis,L,2023-09-02,Vallecano,Betis,L,Vallecano
0,0,2023-09-16,Betis,Barcelona,L,2023-09-16,Betis,Barcelona,L,Betis,1,1,Barcelona,Betis,W,2023-09-16,Barcelona,Betis,W,Barcelona
0,0,2023-09-24,Betis,Cadiz,D,2023-09-24,Betis,Cadiz,D,Betis,0,0,Cadiz,Betis,D,2023-09-24,Cadiz,Betis,D,Cadiz
0,0,2023-09-28,Betis,Granada,D,2023-09-28,Betis,Granada,D,Betis,0,0,Granada,Betis,D,2023-09-28,Granada,Betis,D,Granada
1,0,2023-10-01,Betis,Valencia,W,2023-10-01,Betis,Valencia,W,Betis,0,0,Valencia,Betis,L,2023-10-01,Valencia,Betis,L,Valencia
0,0,2023-10-08,Betis,Alaves,D,2023-10-08,Betis,Alaves,D,Betis,0,1,Alaves,Betis,D,2023-10-08,Alaves,Betis,D,Alaves
0,0,2023-10-21,Betis,Getafe,D,2023-10-21,Betis,Getafe,D,Betis,0,0,Getafe,Betis,D,2023-10-21,Getafe,Betis,D,Getafe
1,0,2023-10-29,Betis,Osasuna,W,2023-10-29,Betis,Osasuna,W,Betis,0,0,Osasuna,Betis,L,2023-10-29,Osasuna,Betis,L,Osasuna
1,0,2023-11-04,Betis,Mallorca,W,2023-11-04,Betis,Mallorca,W,Betis,0,0,Mallorca,Betis,L,2023-11-04,Mallorca,Betis,L,Mallorca
0,0,2023-11-12,Betis,Sevilla,D,2023-11-12,Betis,Sevilla,D,Betis,0,1,Sevilla,Betis,D,2023-11-12,Sevilla,Betis,D,Sevilla
1,0,2023-11-26,Betis,Las Palmas,W,2023-11-26,Betis,Las Palmas,W,Betis,0,0,Las Palmas,Betis,L,2023-11-26,Las Palmas,Betis,L,Las Palmas
0,0,2023-12-03,Betis,Almeria,D,2023-12-03,Betis,Almeria,D,Betis,0,0,Almeria,Betis,D,2023-12-03,Almeria,Betis,D,Almeria
0,0,2023-12-09,Betis,Real Madrid,D,2023-12-09,Betis,Real Madrid,D,Betis,0,0,Real Madrid,Betis,D,2023-12-09,Real Madrid,Betis,D,Real Madrid
0,0,2023-12-17,Betis,Sociedad,D,2023-12-17,Betis,Sociedad,D,Betis,0,0,Sociedad,Betis,D,2023-12-17,Sociedad,Betis,D,Sociedad
0,0,2023-12-21,Betis,Girona,D,2023-12-21,Betis,Girona,D,Betis,0,0,Girona,Betis,D,2023-12-21,Girona,Betis,D,Girona
0,0,2024-01-03,Betis,Celta,L,2024-01-03,Betis,Celta,L,Betis,1,0,Celta,Betis,W,2024-01-03,Celta,Betis,W,Celta
1,0,2024-01-13,Betis,Granada,W,2024-01-13,Betis,Granada,W,Betis,0,0,Granada,Betis,L,2024-01-13,Granada,Betis,L,Granada
0,1,2024-01-21,Betis,Barcelona,L,2024-01-21,Betis,Barcelona,L,Betis,1,1,Barcelona,Betis,W,2024-01-21,Barcelona,Betis,W,Barcelona
1,0,2024-01-27,Betis,Mallorca,W,2024-01-27,Betis,Mallorca,W,Betis,0,0,Mallorca,Betis,L,2024-01-27,Mallorca,Betis,L,Mallorca
0,0,2024-02-04,Betis,Getafe,D,2024-02-04,Betis,Getafe,D,Betis,0,0,Getafe,Betis,D,2024-02-04,Getafe,Betis,D,Getafe
1,0,2024-02-09,Betis,Cadiz,W,2024-02-09,Betis,Cadiz,W,Betis,0,0,Cadiz,Betis,L,2024-02-09,Cadiz,Betis,L,Cadiz
0,0,2024-02-18,Betis,Alaves,D,2024-02-18,Betis,Alaves,D,Betis,0,0,Alaves,Betis,D,2024-02-18,Alaves,Betis,D,Alaves
1,0,2024-02-25,Betis,Ath Bilbao,W,2024-02-25,Betis,Ath Bilbao,W,Betis,0,0,Ath Bilbao,Betis,L,2024-02-25,Ath Bilbao,Betis,L,Ath Bilbao
0,0,2024-03-03,Betis,Ath Madrid,L,2024-03-03,Betis,Ath Madrid,L,Betis,1,1,Ath Madrid,Betis,W,2024-03-03,Ath Madrid,Betis,W,Ath Madrid
0,0,2024-03-10,Betis,Villarreal,L,2024-03-10,Betis,Villarreal,L,Betis,1,0,Villarreal,Betis,W,2024-03-10,Villarreal,Betis,W,Villarreal
0,0,2024-03-17,Betis,Vallecano,L,2024-03-17,Betis,Vallecano,L,Betis,1,0,Vallecano,Betis,W,2024-03-17,Vallecano,Betis,W,Vallecano
0,0,2024-03-31,Betis,Girona,L,2024-03-31,Betis,Girona,L,Betis,1,0,Girona,Betis,W,2024-03-31,Girona,Betis,W,Girona
1,0,2024-04-12,Betis,Celta,W,2024-04-12,Betis,Celta,W,Betis,0,0,Celta,Betis,L,2024-04-12,Celta,Betis,L,Celta
1,0,2024-04-20,Betis,Valencia,W,2024-04-20,Betis,Valencia,W,Betis,0,0,Valencia,Betis,L,2024-04-20,Valencia,Betis,L,Valencia
0,0,2024-04-28,Betis,Sevilla,D,2024-04-28,Betis,Sevilla,D,Betis,0,0,Sevilla,Betis,D,2024-04-28,Sevilla,Betis,D,Sevilla
1,0,2024-05-05,Betis,Osasuna,W,2024-05-05,Betis,Osasuna,W,Betis,0,0,Osasuna,Betis,L,2024-05-05,Osasuna,Betis,L,Osasuna
1,0,2024-05-12,Betis,Almeria,W,2024-05-12,Betis,Almeria,W,Betis,0,0,Almeria,Betis,L,2024-05-12,Almeria,Betis,L,Almeria
0,0,2024-05-16,Betis,Las Palmas,D,2024-05-16,Betis,Las Palmas,D,Betis,0,0,Las Palmas,Betis,D,2024-05-16,Las Palmas,Betis,D,Las Palmas
0,0,2024-05-19,Betis,Sociedad,L,2024-05-19,Betis,Sociedad,L,Betis,1,0,Sociedad,Betis,W,2024-05-19,Sociedad,Betis,W,Sociedad
0,0,2024-05-25,Betis,Real Madrid,D,2024-05-25,Betis,Real Madrid,D,Betis,0,1,Real Madrid,Betis,D,2024-05-25,Real Madrid,Betis,D,Real Madrid
0,0,2024-08-15,Betis,Girona,D,2024-08-15,Betis,Girona,D,Betis,0,1,Girona,Betis,D,2024-08-15,Girona,Betis,D,Girona
0,0,2024-08-25,Betis,Alaves,D,2024-08-25,Betis,Alaves,D,Betis,0,0,Alaves,Betis,D,2024-08-25,Alaves,Betis,D,Alaves
0,0,2024-09-01,Betis,Real Madrid,L,2024-09-01,Betis,Real Madrid,L,Betis,1,1,Real Madrid,Betis,W,2024-09-01,Real Madrid,Betis,W,Real Madrid
1,0,2024-09-13,Betis,Leganes,W,2024-09-13,Betis,Leganes,W,Betis,0,0,Leganes,Betis,L,2024-09-13,Leganes,Betis,L,Leganes
1,0,2024-09-18,Betis,Getafe,W,2024-09-18,Betis,Getafe,W,Betis,0,0,Getafe,Betis,L,2024-09-18,Getafe,Betis,L,Getafe
0,0,2024-09-23,Betis,Mallorca,L,2024-09-23,Betis,Mallorca,L,Betis,1,0,Mallorca,Betis,W,2024-09-23,Mallorca,Betis,W,Mallorca
0,0,2024-09-26,Betis,Las Palmas,D,2024-09-26,Betis,Las Palmas,D,Betis,0,0,Las Palmas,Betis,D,2024-09-26,Las Palmas,Betis,D,Las Palmas
1,0,2024-09-29,Betis,Espanol,W,2024-09-29,Betis,Espanol,W,Betis,0,0,Espanol,Betis,L,2024-09-29,Espanol,Betis,L,Espanol
0,0,2024-10-06,Betis,Sevilla,L,2024-10-06,Betis,Sevilla,L,Betis,1,0,Sevilla,Betis,W,2024-10-06,Sevilla,Betis,W,Sevilla
1,0,2024-10-19,Betis,Osasuna,W,2024-10-19,Betis,Osasuna,W,Betis,0,0,Osasuna,Betis,L,2024-10-19,Osasuna,Betis,L,Osasuna
1,0,2024-10-27,Betis,Ath Madrid,W,2024-10-27,Betis,Ath Madrid,W,Betis,0,0,Ath Madrid,Betis,L,2024-10-27,Ath Madrid,Betis,L,Ath Madrid
0,0,2024-11-03,Betis,Ath Bilbao,D,2024-11-03,Betis,Ath Bilbao,D,Betis,0,0,Ath Bilbao,Betis,D,2024-11-03,Ath Bilbao,Betis,D,Ath Bilbao
0,0,2024-11-10,Betis,Celta,D,2024-11-10,Betis,Celta,D,Betis,0,0,Celta,Betis,D,2024-11-10,Celta,Betis,D,Celta
0,0,2024-11-23,Betis,Valencia,L,2024-11-23,Betis,Valencia,L,Betis,1,0,Valencia,Betis,W,2024-11-23,Valencia,Betis,W,Valencia
0,0,2024-12-01,Betis,Sociedad,L,2024-12-01,Betis,Sociedad,L,Betis,1,0,Sociedad,Betis,W,2024-12-01,Sociedad,Betis,W,Sociedad
0,0,2024-12-07,Betis,Barcelona,D,2024-12-07,Betis,Barcelona,D,Betis,0,1,Barcelona,Betis,D,2024-12-07,Barcelona,Betis,D,Barcelona
1,0,2024-12-15,Betis,Villarreal,W,2024-12-15,Betis,Villarreal,W,Betis,0,0,Villarreal,Betis,L,2024-12-15,Villarreal,Betis,L,Villarreal
0,0,2024-12-22,Betis,Vallecano,D,2024-12-22,Betis,Vallecano,D,Betis,0,0,Vallecano,Betis,D,2024-12-22,Vallecano,Betis,D,Vallecano
0,0,2025-01-11,Betis,Valladolid,L,2025-01-11,Betis,Valladolid,L,Betis,1,0,Valladolid,Betis,W,2025-01-11,Valladolid,Betis,W,Valladolid
0,0,2025-01-18,Betis,Alaves,L,2025-01-18,Betis,Alaves,L,Betis,1,0,Alaves,Betis,W,2025-01-18,Alaves,Betis,W,Alaves
1,0,2025-01-25,Betis,Mallorca,W,2025-01-25,Betis,Mallorca,W,Betis,0,0,Mallorca,Betis,L,2025-01-25,Mallorca,Betis,L,Mallorca
0,0,2025-02-02,Betis,Ath Bilbao,D,2025-02-02,Betis,Ath Bilbao,D,Betis,0,1,Ath Bilbao,Betis,D,2025-02-02,Ath Bilbao,Betis,D,Ath Bilbao
0,0,2025-02-08,Betis,Celta,L,2025-02-08,Betis,Celta,L,Betis,1,0,Celta,Betis,W,2025-02-08,Celta,Betis,W,Celta
1,0,2025-02-16,Betis,Sociedad,W,2025-02-16,Betis,Sociedad,W,Betis,0,0,Sociedad,Betis,L,2025-02-16,Sociedad,Betis,L,Sociedad
1,0,2025-02-23,Betis,Getafe,W,2025-02-23,Betis,Getafe,W,Betis,0,0,Getafe,Betis,L,2025-02-23,Getafe,Betis,L,Getafe
1,0,2025-03-01,Betis,Real Madrid,W,2025-03-01,Betis,Real Madrid,W,Betis,0,1,Real Madrid,Betis,L,2025-03-01,Real Madrid,Betis,L,Real Madrid
1,1,2025-03-09,Betis,Las Palmas,W,2025-03-09,Betis,Las Palmas,W,Betis,0,0,Las Palmas,Betis,L,2025-03-09,Las Palmas,Betis,L,Las Palmas
1,0,2025-03-16,Betis,Leganes,W,2025-03-16,Betis,Leganes,W,Betis,0,0,Leganes,Betis,L,2025-03-16,Leganes,Betis,L,Leganes
1,1,2025-03-30,Betis,Sevilla,W,2025-03-30,Betis,Sevilla,W,Betis,0,0,Sevilla,Betis,L,2025-03-30,Sevilla,Betis,L,Sevilla
0,0,2025-04-05,Betis,Barcelona,D,2025-04-05,Betis,Barcelona,D,Betis,0,1,Barcelona,Betis,D,2025-04-05,Barcelona,Betis,D,Barcelona
0,0,2025-04-13,Betis,Villarreal,L,2025-04-13,Betis,Villarreal,L,Betis,1,0,Villarreal,Betis,W,2025-04-13,Villarreal,Betis,W,Villarreal
1,0,2025-04-21,Betis,Girona,W,2025-04-21,Betis,Girona,W,Betis,0,0,Girona,Betis,L,2025-04-21,Girona,Betis,L,Girona
1,0,2025-04-24,Betis,Valladolid,W,2025-04-24,Betis,Valladolid,W,Betis,0,0,Valladolid,Betis,L,2025-04-24,Valladolid,Betis,L,Valladolid
1,1,2025-05-04,Betis,Espanol,W,2025-05-04,Betis,Espanol,W,Betis,0,0,Espanol,Betis,L,2025-05-04,Espanol,Betis,L,Espanol
0,1,2025-05-11,Betis,Osasuna,D,2025-05-11,Betis,Osasuna,D,Betis,0,0,Osasuna,Betis,D,2025-05-11,Osasuna,Betis,D,Osasuna
0,0,2025-05-15,Betis,Vallecano,D,2025-05-15,Betis,Vallecano,D,Betis,0,0,Vallecano,Betis,D,2025-05-15,Vallecano,Betis,D,Vallecano
0,0,2025-05-18,Betis,Ath Madrid,L,2025-05-18,Betis,Ath Madrid,L,Betis,1,0,Ath Madrid,Betis,W,2025-05-18,Ath Madrid,Betis,W,Ath Madrid
0,0,2025-05-23,Betis,Valencia,D,2025-05-23,Betis,Valencia,D,Betis,0,0,Valencia,Betis,D,2025-05-23,Valencia,Betis,D,Valencia
1,0,2023-01-06,Cadiz,Valencia,W,2023-01-06,Cadiz,Valencia,W,Cadiz,0,0,Valencia,Cadiz,L,2023-01-06,Valencia,Cadiz,L,Valencia
0,0,2023-01-16,Cadiz,Elche,D,2023-01-16,Cadiz,Elche,D,Cadiz,0,0,Elche,Cadiz,D,2023-01-16,Elche,Cadiz,D,Elche
0,0,2023-01-21,Cadiz,Sevilla,L,2023-01-21,Cadiz,Sevilla,L,Cadiz,1,0,Sevilla,Cadiz,W,2023-01-21,Sevilla,Cadiz,W,Sevilla
1,0,2023-01-28,Cadiz,Mallorca,W,2023-01-28,Cadiz,Mallorca,W,Cadiz,0,0,Mallorca,Cadiz,L,2023-01-28,Mallorca,Cadiz,L,Mallorca
0,0,2023-02-03,Cadiz,Ath Bilbao,L,2023-02-03,Cadiz,Ath Bilbao,L,Cadiz,1,0,Ath Bilbao,Cadiz,W,2023-02-03,Ath Bilbao,Cadiz,W,Ath Bilbao
1,0,2023-02-10,Cadiz,Girona,W,2023-02-10,Cadiz,Girona,W,Cadiz,0,0,Girona,Cadiz,L,2023-02-10,Girona,Cadiz,L,Girona
0,0,2023-02-19,Cadiz,Barcelona,L,2023-02-19,Cadiz,Barcelona,L,Cadiz,1,0,Barcelona,Cadiz,W,2023-02-19,Barcelona,Cadiz,W,Barcelona
1,0,2023-02-25,Cadiz,Vallecano,W,2023-02-25,Cadiz,Vallecano,W,Cadiz,0,0,Vallecano,Cadiz,L,2023-02-25,Vallecano,Cadiz,L,Vallecano
0,0,2023-03-03,Cadiz,Sociedad,D,2023-03-03,Cadiz,Sociedad,D,Cadiz,0,0,Sociedad,Cadiz,D,2023-03-03,Sociedad,Cadiz,D,Sociedad
0,0,2023-03-10,Cadiz,Getafe,D,2023-03-10,Cadiz,Getafe,D,Cadiz,0,0,Getafe,Cadiz,D,2023-03-10,Getafe,Cadiz,D,Getafe
0,0,2023-03-18,Cadiz,Almeria,D,2023-03-18,Cadiz,Almeria,D,Cadiz,0,0,Almeria,Cadiz,D,2023-03-18,Almeria,Cadiz,D,Almeria
0,0,2023-04-01,Cadiz,Sevilla,L,2023-04-01,Cadiz,Sevilla,L,Cadiz,1,0,Sevilla,Cadiz,W,2023-04-01,Sevilla,Cadiz,W,Sevilla
1,0,2023-04-09,Cadiz,Betis,W,2023-04-09,Cadiz,Betis,W,Cadiz,0,0,Betis,Cadiz,L,2023-04-09,Betis,Cadiz,L,Betis
0,0,2023-04-15,Cadiz,Real Madrid,L,2023-04-15,Cadiz,Real Madrid,L,Cadiz,1,1,Real Madrid,Cadiz,W,2023-04-15,Real Madrid,Cadiz,W,Real Madrid
0,0,2023-04-21,Cadiz,Espanol,D,2023-04-21,Cadiz,Espanol,D,Cadiz,0,0,Espanol,Cadiz,D,2023-04-21,Espanol,Cadiz,D,Espanol
0,0,2023-04-25,Cadiz,Osasuna,L,2023-04-25,Cadiz,Osasuna,L,Cadiz,1,0,Osasuna,Cadiz,W,2023-04-25,Osasuna,Cadiz,W,Osasuna
1,0,2023-04-30,Cadiz,Valencia,W,2023-04-30,Cadiz,Valencia,W,Cadiz,0,0,Valencia,Cadiz,L,2023-04-30,Valencia,Cadiz,L,Valencia
0,0,2023-05-03,Cadiz,Ath Madrid,L,2023-05-03,Cadiz,Ath Madrid,L,Cadiz,1,1,Ath Madrid,Cadiz,W,2023-05-03,Ath Madrid,Cadiz,W,Ath Madrid
0,0,2023-05-12,Cadiz,Mallorca,L,2023-05-12,Cadiz,Mallorca,L,Cadiz,1,0,Mallorca,Cadiz,W,2023-05-12,Mallorca,Cadiz,W,Mallorca
1,0,2023-05-19,Cadiz,Valladolid,W,2023-05-19,Cadiz,Valladolid,W,Cadiz,0,0,Valladolid,Cadiz,L,2023-05-19,Valladolid,Cadiz,L,Valladolid
0,0,2023-05-24,Cadiz,Villarreal,L,2023-05-24,Cadiz,Villarreal,L,Cadiz,1,1,Villarreal,Cadiz,W,2023-05-24,Villarreal,Cadiz,W,Villarreal
1,0,2023-05-28,Cadiz,Celta,W,2023-05-28,Cadiz,Celta,W,Cadiz,0,0,Celta,Cadiz,L,2023-05-28,Celta,Cadiz,L,Celta
0,0,2023-06-04,Cadiz,Elche,D,2023-06-04,Cadiz,Elche,D,Cadiz,0,0,Elche,Cadiz,D,2023-06-04,Elche,Cadiz,D,Elche
1,0,2023-08-14,Cadiz,Alaves,W,2023-08-14,Cadiz,Alaves,W,Cadiz,0,0,Alaves,Cadiz,L,2023-08-14,Alaves,Cadiz,L,Alaves
0,0,2023-08-20,Cadiz,Barcelona,L,2023-08-20,Cadiz,Barcelona,L,Cadiz,1,1,Barcelona,Cadiz,W,2023-08-20,Barcelona,Cadiz,W,Barcelona
0,0,2023-08-26,Cadiz,Almeria,D,2023-08-26,Cadiz,Almeria,D,Cadiz,0,0,Almeria,Cadiz,D,2023-08-26,Almeria,Cadiz,D,Almeria
1,0,2023-09-01,Cadiz,Villarreal,W,2023-09-01,Cadiz,Villarreal,W,Cadiz,0,0,Villarreal,Cadiz,L,2023-09-01,Villarreal,Cadiz,L,Villarreal
0,0,2023-09-16,Cadiz,Ath Bilbao,L,2023-09-16,Cadiz,Ath Bilbao,L,Cadiz,1,0,Ath Bilbao,Cadiz,W,2023-09-16,Ath Bilbao,Cadiz,W,Ath Bilbao
0,0,2023-09-24,Cadiz,Betis,D,2023-09-24,Cadiz,Betis,D,Cadiz,0,0,Betis,Cadiz,D,2023-09-24,Betis,Cadiz,D,Betis
0,0,2023-09-27,Cadiz,Vallecano,D,2023-09-27,Cadiz,Vallecano,D,Cadiz,0,0,Vallecano,Cadiz,D,2023-09-27,Vallecano,Cadiz,D,Vallecano
0,0,2023-10-01,Cadiz,Ath Madrid,L,2023-10-01,Cadiz,Ath Madrid,L,Cadiz,1,0,Ath Madrid,Cadiz,W,2023-10-01,Ath Madrid,Cadiz,W,Ath Madrid
0,0,2023-10-07,Cadiz,Girona,L,2023-10-07,Cadiz,Girona,L,Cadiz,1,0,Girona,Cadiz,W,2023-10-07,Girona,Cadiz,W,Girona
0,0,2023-10-23,Cadiz,Valencia,L,2023-10-23,Cadiz,Valencia,L,Cadiz,1,0,Valencia,Cadiz,W,2023-10-23,Valencia,Cadiz,W,Valencia
0,0,2023-10-28,Cadiz,Sevilla,D,2023-10-28,Cadiz,Sevilla,D,Cadiz,0,0,Sevilla,Cadiz,D,2023-10-28,Sevilla,Cadiz,D,Sevilla
0,0,2023-11-06,Cadiz,Getafe,L,2023-11-06,Cadiz,Getafe,L,Cadiz,1,0,Getafe,Cadiz,W,2023-11-06,Getafe,Cadiz,W,Getafe
0,0,2023-11-26,Cadiz,Real Madrid,L,2023-11-26,Cadiz,Real Madrid,L,Cadiz,1,0,Real Madrid,Cadiz,W,2023-11-26,Real Madrid,Cadiz,W,Real Madrid
0,0,2023-11-29,Cadiz,Mallorca,D,2023-11-29,Cadiz,Mallorca,D,Cadiz,0,0,Mallorca,Cadiz,D,2023-11-29,Mallorca,Cadiz,D,Mallorca
0,0,2023-12-04,Cadiz,Celta,D,2023-12-04,Cadiz,Celta,D,Cadiz,0,0,Celta,Cadiz,D,2023-12-04,Celta,Cadiz,D,Celta
0,0,2023-12-10,Cadiz,Osasuna,D,2023-12-10,Cadiz,Osasuna,D,Cadiz,0,0,Osasuna,Cadiz,D,2023-12-10,Osasuna,Cadiz,D,Osasuna
0,0,2023-12-17,Cadiz,Las Palmas,D,2023-12-17,Cadiz,Las Palmas,D,Cadiz,0,0,Las Palmas,Cadiz,D,2023-12-17,Las Palmas,Cadiz,D,Las Palmas
0,0,2023-12-21,Cadiz,Sociedad,D,2023-12-21,Cadiz,Sociedad,D,Cadiz,0,0,Sociedad,Cadiz,D,2023-12-21,Sociedad,Cadiz,D,Sociedad
0,0,2024-01-03,Cadiz,Granada,L,2024-01-03,Cadiz,Granada,L,Cadiz,1,0,Granada,Cadiz,W,2024-01-03,Granada,Cadiz,W,Granada
0,0,2024-01-14,Cadiz,Valencia,L,2024-01-14,Cadiz,Valencia,L,Cadiz,1,0,Valencia,Cadiz,W,2024-01-14,Valencia,Cadiz,W,Valencia
0,0,2024-01-19,Cadiz,Alaves,L,2024-01-19,Cadiz,Alaves,L,Cadiz,1,0,Alaves,Cadiz,W,2024-01-19,Alaves,Cadiz,W,Alaves
0,0,2024-01-28,Cadiz,Ath Bilbao,D,2024-01-28,Cadiz,Ath Bilbao,D,Cadiz,0,0,Ath Bilbao,Cadiz,D,2024-01-28,Ath Bilbao,Cadiz,D,Ath Bilbao
0,0,2024-02-04,Cadiz,Villarreal,D,2024-02-04,Cadiz,Villarreal,D,Cadiz,0,0,Villarreal,Cadiz,D,2024-02-04,Villarreal,Cadiz,D,Villarreal
0,0,2024-02-09,Cadiz,Betis,L,2024-02-09,Cadiz,Betis,L,Cadiz,1,0,Betis,Cadiz,W,2024-02-09,Betis,Cadiz,W,Betis
0,0,2024-02-17,Cadiz,Osasuna,L,2024-02-17,Cadiz,Osasuna,L,Cadiz,1,0,Osasuna,Cadiz,W,2024-02-17,Osasuna,Cadiz,W,Osasuna
0,0,2024-02-25,Cadiz,Celta,D,2024-02-25,Cadiz,Celta,D,Cadiz,0,0,Celta,Cadiz,D,2024-02-25,Celta,Cadiz,D,Celta
0,0,2024-03-02,Cadiz,Vallecano,D,2024-03-02,Cadiz,Vallecano,D,Cadiz,0,0,Vallecano,Cadiz,D,2024-03-02,Vallecano,Cadiz,D,Vallecano
1,0,2024-03-09,Cadiz,Ath Madrid,W,2024-03-09,Cadiz,Ath Madrid,W,Cadiz,0,0,Ath Madrid,Cadiz,L,2024-03-09,Ath Madrid,Cadiz,L,Ath Madrid
0,0,2024-03-15,Cadiz,Sociedad,L,2024-03-15,Cadiz,Sociedad,L,Cadiz,1,0,Sociedad,Cadiz,W,2024-03-15,Sociedad,Cadiz,W,Sociedad
1,0,2024-03-29,Cadiz,Granada,W,2024-03-29,Cadiz,Granada,W,Cadiz,0,0,Granada,Cadiz,L,2024-03-29,Granada,Cadiz,L,Granada
0,0,2024-04-13,Cadiz,Barcelona,L,2024-04-13,Cadiz,Barcelona,L,Cadiz,1,0,Barcelona,Cadiz,W,2024-04-13,Barcelona,Cadiz,W,Barcelona
0,0,2024-04-20,Cadiz,Girona,L,2024-04-20,Cadiz,Girona,L,Cadiz,1,0,Girona,Cadiz,W,2024-04-20,Girona,Cadiz,W,Girona
0,0,2024-04-28,Cadiz,Mallorca,D,2024-04-28,Cadiz,Mallorca,D,Cadiz,0,0,Mallorca,Cadiz,D,2024-04-28,Mallorca,Cadiz,D,Mallorca
0,0,2024-05-04,Cadiz,Real Madrid,L,2024-05-04,Cadiz,Real Madrid,L,Cadiz,1,0,Real Madrid,Cadiz,W,2024-05-04,Real Madrid,Cadiz,W,Real Madrid
1,0,2024-05-12,Cadiz,Getafe,W,2024-05-12,Cadiz,Getafe,W,Cadiz,0,0,Getafe,Cadiz,L,2024-05-12,Getafe,Cadiz,L,Getafe
1,0,2024-05-15,Cadiz,Sevilla,W,2024-05-15,Cadiz,Sevilla,W,Cadiz,0,0,Sevilla,Cadiz,L,2024-05-15,Sevilla,Cadiz,L,Sevilla
0,0,2024-05-19,Cadiz,Las Palmas,D,2024-05-19,Cadiz,Las Palmas,D,Cadiz,0,0,Las Palmas,Cadiz,D,2024-05-19,Las Palmas,Cadiz,D,Las Palmas
0,0,2024-05-25,Cadiz,Almeria,L,2024-05-25,Cadiz,Almeria,L,Cadiz,1,0,Almeria,Cadiz,W,2024-05-25,Almeria,Cadiz,W,Almeria
1,0,2023-01-06,Celta,Elche,W,2023-01-06,Celta,Elche,W,Celta,0,0,Elche,Celta,L,2023-01-06,Elche,Celta,L,Elche
0,0,2023-01-13,Celta,Villarreal,D,2023-01-13,Celta,Villarreal,D,Celta,0,0,Villarreal,Celta,D,2023-01-13,Villarreal,Celta,D,Villarreal
0,0,2023-01-20,Celta,Mallorca,L,2023-01-20,Celta,Mallorca,L,Celta,1,0,Mallorca,Celta,W,2023-01-20,Mallorca,Celta,W,Mallorca
1,0,2023-01-29,Celta,Ath Bilbao,W,2023-01-29,Celta,Ath Bilbao,W,Celta,0,0,Ath Bilbao,Celta,L,2023-01-29,Ath Bilbao,Celta,L,Ath Bilbao
1,0,2023-02-04,Celta,Betis,W,2023-02-04,Celta,Betis,W,Celta,0,0,Betis,Celta,L,2023-02-04,Betis,Celta,L,Betis
0,0,2023-02-12,Celta,Ath Madrid,L,2023-02-12,Celta,Ath Madrid,L,Celta,1,0,Ath Madrid,Celta,W,2023-02-12,Ath Madrid,Celta,W,Ath Madrid
0,0,2023-02-18,Celta,Sociedad,D,2023-02-18,Celta,Sociedad,D,Celta,0,0,Sociedad,Celta,D,2023-02-18,Sociedad,Celta,D,Sociedad
1,0,2023-02-26,Celta,Valladolid,W,2023-02-26,Celta,Valladolid,W,Celta,0,0,Valladolid,Celta,L,2023-02-26,Valladolid,Celta,L,Valladolid
0,0,2023-03-06,Celta,Osasuna,D,2023-03-06,Celta,Osasuna,D,Celta,0,0,Osasuna,Celta,D,2023-03-06,Osasuna,Celta,D,Osasuna
1,0,2023-03-11,Celta,Vallecano,W,2023-03-11,Celta,Vallecano,W,Celta,0,0,Vallecano,Celta,L,2023-03-11,Vallecano,Celta,L,Vallecano
1,0,2023-03-18,Celta,Espanol,W,2023-03-18,Celta,Espanol,W,Celta,0,0,Espanol,Celta,L,2023-03-18,Espanol,Celta,L,Espanol
0,0,2023-04-02,Celta,Almeria,D,2023-04-02,Celta,Almeria,D,Celta,0,0,Almeria,Celta,D,2023-04-02,Almeria,Celta,D,Almeria
0,0,2023-04-07,Celta,Sevilla,D,2023-04-07,Celta,Sevilla,D,Celta,0,1,Sevilla,Celta,D,2023-04-07,Sevilla,Celta,D,Sevilla
0,0,2023-04-17,Celta,Mallorca,L,2023-04-17,Celta,Mallorca,L,Celta,1,0,Mallorca,Celta,W,2023-04-17,Mallorca,Celta,W,Mallorca
0,0,2023-04-22,Celta,Real Madrid,L,2023-04-22,Celta,Real Madrid,L,Celta,1,1,Real Madrid,Celta,W,2023-04-22,Real Madrid,Celta,W,Real Madrid
1,0,2023-04-26,Celta,Elche,W,2023-04-26,Celta,Elche,W,Celta,0,0,Elche,Celta,L,2023-04-26,Elche,Celta,L,Elche
0,0,2023-04-30,Celta,Villarreal,L,2023-04-30,Celta,Villarreal,L,Celta,1,1,Villarreal,Celta,W,2023-04-30,Villarreal,Celta,W,Villarreal
0,0,2023-05-03,Celta,Getafe,L,2023-05-03,Celta,Getafe,L,Celta,1,0,Getafe,Celta,W,2023-05-03,Getafe,Celta,W,Getafe
0,0,2023-05-14,Celta,Valencia,L,2023-05-14,Celta,Valencia,L,Celta,1,0,Valencia,Celta,W,2023-05-14,Valencia,Celta,W,Valencia
0,0,2023-05-20,Celta,Ath Bilbao,L,2023-05-20,Celta,Ath Bilbao,L,Celta,1,0,Ath Bilbao,Celta,W,2023-05-20,Ath Bilbao,Celta,W,Ath Bilbao
0,0,2023-05-23,Celta,Girona,D,2023-05-23,Celta,Girona,D,Celta,0,0,Girona,Celta,D,2023-05-23,Girona,Celta,D,Girona
0,0,2023-05-28,Celta,Cadiz,L,2023-05-28,Celta,Cadiz,L,Celta,1,0,Cadiz,Celta,W,2023-05-28,Cadiz,Celta,W,Cadiz
1,0,2023-06-04,Celta,Barcelona,W,2023-06-04,Celta,Barcelona,W,Celta,0,1,Barcelona,Celta,L,2023-06-04,Barcelona,Celta,L,Barcelona
0,0,2023-08-13,Celta,Osasuna,L,2023-08-13,Celta,Osasuna,L,Celta,1,0,Osasuna,Celta,W,2023-08-13,Osasuna,Celta,W,Osasuna
0,0,2023-08-19,Celta,Sociedad,D,2023-08-19,Celta,Sociedad,D,Celta,0,0,Sociedad,Celta,D,2023-08-19,Sociedad,Celta,D,Sociedad
0,0,2023-08-25,Celta,Real Madrid,L,2023-08-25,Celta,Real Madrid,L,Celta,1,0,Real Madrid,Celta,W,2023-08-25,Real Madrid,Celta,W,Real Madrid
1,0,2023-09-01,Celta,Almeria,W,2023-09-01,Celta,Almeria,W,Celta,0,0,Almeria,Celta,L,2023-09-01,Almeria,Celta,L,Almeria
0,0,2023-09-16,Celta,Mallorca,L,2023-09-16,Celta,Mallorca,L,Celta,1,0,Mallorca,Celta,W,2023-09-16,Mallorca,Celta,W,Mallorca
0,0,2023-09-23,Celta,Barcelona,L,2023-09-23,Celta,Barcelona,L,Celta,1,1,Barcelona,Celta,W,2023-09-23,Barcelona,Celta,W,Barcelona
0,0,2023-09-28,Celta,Alaves,D,2023-09-28,Celta,Alaves,D,Celta,0,0,Alaves,Celta,D,2023-09-28,Alaves,Celta,D,Alaves
0,0,2023-10-02,Celta,Las Palmas,L,2023-10-02,Celta,Las Palmas,L,Celta,1,0,Las Palmas,Celta,W,2023-10-02,Las Palmas,Celta,W,Las Palmas
0,0,2023-10-08,Celta,Getafe,D,2023-10-08,Celta,Getafe,D,Celta,0,0,Getafe,Celta,D,2023-10-08,Getafe,Celta,D,Getafe
0,0,2023-10-21,Celta,Ath Madrid,L,2023-10-21,Celta,Ath Madrid,L,Celta,1,0,Ath Madrid,Celta,W,2023-10-21,Ath Madrid,Celta,W,Ath Madrid
0,0,2023-10-27,Celta,Girona,L,2023-10-27,Celta,Girona,L,Celta,1,1,Girona,Celta,W,2023-10-27,Girona,Celta,W,Girona
0,0,2023-11-04,Celta,Sevilla,D,2023-11-04,Celta,Sevilla,D,Celta,0,1,Sevilla,Celta,D,2023-11-04,Sevilla,Celta,D,Sevilla
0,0,2023-11-10,Celta,Ath Bilbao,L,2023-11-10,Celta,Ath Bilbao,L,Celta,1,0,Ath Bilbao,Celta,W,2023-11-10,Ath Bilbao,Celta,W,Ath Bilbao
0,0,2023-11-25,Celta,Valencia,D,2023-11-25,Celta,Valencia,D,Celta,0,0,Valencia,Celta,D,2023-11-25,Valencia,Celta,D,Valencia
0,0,2023-12-04,Celta,Cadiz,D,2023-12-04,Celta,Cadiz,D,Celta,0,0,Cadiz,Celta,D,2023-12-04,Cadiz,Celta,D,Cadiz
0,0,2023-12-11,Celta,Vallecano,D,2023-12-11,Celta,Vallecano,D,Celta,0,0,Vallecano,Celta,D,2023-12-11,Vallecano,Celta,D,Vallecano
1,0,2023-12-16,Celta,Granada,W,2023-12-16,Celta,Granada,W,Celta,0,0,Granada,Celta,L,2023-12-16,Granada,Celta,L,Granada
0,0,2023-12-20,Celta,Villarreal,L,2023-12-20,Celta,Villarreal,L,Celta,1,0,Villarreal,Celta,W,2023-12-20,Villarreal,Celta,W,Villarreal
1,0,2024-01-03,Celta,Betis,W,2024-01-03,Celta,Betis,W,Celta,0,0,Betis,Celta,L,2024-01-03,Betis,Celta,L,Betis
0,0,2024-01-13,Celta,Mallorca,D,2024-01-13,Celta,Mallorca,D,Celta,0,0,Mallorca,Celta,D,2024-01-13,Mallorca,Celta,D,Mallorca
0,0,2024-01-20,Celta,Sociedad,L,2024-01-20,Celta,Sociedad,L,Celta,1,0,Sociedad,Celta,W,2024-01-20,Sociedad,Celta,W,Sociedad
0,0,2024-01-28,Celta,Girona,L,2024-01-28,Celta,Girona,L,Celta,1,0,Girona,Celta,W,2024-01-28,Girona,Celta,W,Girona
1,0,2024-02-04,Celta,Osasuna,W,2024-02-04,Celta,Osasuna,W,Celta,0,0,Osasuna,Celta,L,2024-02-04,Osasuna,Celta,L,Osasuna
0,0,2024-02-11,Celta,Getafe,L,2024-02-11,Celta,Getafe,L,Celta,1,0,Getafe,Celta,W,2024-02-11,Getafe,Celta,W,Getafe
0,0,2024-02-17,Celta,Barcelona,L,2024-02-17,Celta,Barcelona,L,Celta,1,0,Barcelona,Celta,W,2024-02-17,Barcelona,Celta,W,Barcelona
0,0,2024-02-25,Celta,Cadiz,D,2024-02-25,Celta,Cadiz,D,Celta,0,0,Cadiz,Celta,D,2024-02-25,Cadiz,Celta,D,Cadiz
1,0,2024-03-01,Celta,Almeria,W,2024-03-01,Celta,Almeria,W,Celta,0,0,Almeria,Celta,L,2024-03-01,Almeria,Celta,L,Almeria
0,0,2024-03-10,Celta,Real Madrid,L,2024-03-10,Celta,Real Madrid,L,Celta,1,0,Real Madrid,Celta,W,2024-03-10,Real Madrid,Celta,W,Real Madrid
1,0,2024-03-17,Celta,Sevilla,W,2024-03-17,Celta,Sevilla,W,Celta,0,0,Sevilla,Celta,L,2024-03-17,Sevilla,Celta,L,Sevilla
0,0,2024-03-31,Celta,Vallecano,D,2024-03-31,Celta,Vallecano,D,Celta,0,0,Vallecano,Celta,D,2024-03-31,Vallecano,Celta,D,Vallecano
0,0,2024-04-12,Celta,Betis,L,2024-04-12,Celta,Betis,L,Celta,1,0,Betis,Celta,W,2024-04-12,Betis,Celta,W,Betis
1,0,2024-04-20,Celta,Las Palmas,W,2024-04-20,Celta,Las Palmas,W,Celta,0,0,Las Palmas,Celta,L,2024-04-20,Las Palmas,Celta,L,Las Palmas
0,0,2024-04-27,Celta,Alaves,L,2024-04-27,Celta,Alaves,L,Celta,1,0,Alaves,Celta,W,2024-04-27,Alaves,Celta,W,Alaves
1,0,2024-05-05,Celta,Villarreal,W,2024-05-05,Celta,Villarreal,W,Celta,0,0,Villarreal,Celta,L,2024-05-05,Villarreal,Celta,L,Villarreal
0,0,2024-05-12,Celta,Ath Madrid,L,2024-05-12,Celta,Ath Madrid,L,Celta,1,0,Ath Madrid,Celta,W,2024-05-12,Ath Madrid,Celta,W,Ath Madrid
1,0,2024-05-15,Celta,Ath Bilbao,W,2024-05-15,Celta,Ath Bilbao,W,Celta,0,0,Ath Bilbao,Celta,L,2024-05-15,Ath Bilbao,Celta,L,Ath Bilbao
1,0,2024-05-19,Celta,Granada,W,2024-05-19,Celta,Granada,W,Celta,0,0,Granada,Celta,L,2024-05-19,Granada,Celta,L,Granada
0,0,2024-05-26,Celta,Valencia,D,2024-05-26,Celta,Valencia,D,Celta,0,0,Valencia,Celta,D,2024-05-26,Valencia,Celta,D,Valencia
1,0,2024-08-16,Celta,Alaves,W,2024-08-16,Celta,Alaves,W,Celta,0,0,Alaves,Celta,L,2024-08-16,Alaves,Celta,L,Alaves
1,0,2024-08-23,Celta,Valencia,W,2024-08-23,Celta,Valencia,W,Celta,0,0,Valencia,Celta,L,2024-08-23,Valencia,Celta,L,Valencia
0,0,2024-08-26,Celta,Villarreal,L,2024-08-26,Celta,Villarreal,L,Celta,1,0,Villarreal,Celta,W,2024-08-26,Villarreal,Celta,W,Villarreal
0,0,2024-09-01,Celta,Osasuna,L,2024-09-01,Celta,Osasuna,L,Celta,1,0,Osasuna,Celta,W,2024-09-01,Osasuna,Celta,W,Osasuna
1,0,2024-09-15,Celta,Valladolid,W,2024-09-15,Celta,Valladolid,W,Celta,0,0,Valladolid,Celta,L,2024-09-15,Valladolid,Celta,L,Valladolid
0,0,2024-09-22,Celta,Ath Bilbao,L,2024-09-22,Celta,Ath Bilbao,L,Celta,1,0,Ath Bilbao,Celta,W,2024-09-22,Ath Bilbao,Celta,W,Ath Bilbao
0,0,2024-09-26,Celta,Ath Madrid,L,2024-09-26,Celta,Ath Madrid,L,Celta,1,0,Ath Madrid,Celta,W,2024-09-26,Ath Madrid,Celta,W,Ath Madrid
0,0,2024-09-29,Celta,Girona,D,2024-09-29,Celta,Girona,D,Celta,0,0,Girona,Celta,D,2024-09-29,Girona,Celta,D,Girona
1,0,2024-10-05,Celta,Las Palmas,W,2024-10-05,Celta,Las Palmas,W,Celta,0,0,Las Palmas,Celta,L,2024-10-05,Las Palmas,Celta,L,Las Palmas
0,0,2024-10-19,Celta,Real Madrid,L,2024-10-19,Celta,Real Madrid,L,Celta,1,0,Real Madrid,Celta,W,2024-10-19,Real Madrid,Celta,W,Real Madrid
0,0,2024-10-27,Celta,Leganes,L,2024-10-27,Celta,Leganes,L,Celta,1,0,Leganes,Celta,W,2024-10-27,Leganes,Celta,W,Leganes
1,0,2024-11-04,Celta,Getafe,W,2024-11-04,Celta,Getafe,W,Celta,0,0,Getafe,Celta,L,2024-11-04,Getafe,Celta,L,Getafe
0,0,2024-11-10,Celta,Betis,D,2024-11-10,Celta,Betis,D,Celta,0,0,Betis,Celta,D,2024-11-10,Betis,Celta,D,Betis
0,0,2024-11-23,Celta,Barcelona,D,2024-11-23,Celta,Barcelona,D,Celta,0,0,Barcelona,Celta,D,2024-11-23,Barcelona,Celta,D,Barcelona
0,0,2024-11-30,Celta,Espanol,L,2024-11-30,Celta,Espanol,L,Celta,1,0,Espanol,Celta,W,2024-11-30,Espanol,Celta,W,Espanol
1,0,2024-12-06,Celta,Mallorca,W,2024-12-06,Celta,Mallorca,W,Celta,0,0,Mallorca,Celta,L,2024-12-06,Mallorca,Celta,L,Mallorca
0,0,2024-12-14,Celta,Sevilla,L,2024-12-14,Celta,Sevilla,L,Celta,1,0,Sevilla,Celta,W,2024-12-14,Sevilla,Celta,W,Sevilla
1,0,2024-12-21,Celta,Sociedad,W,2024-12-21,Celta,Sociedad,W,Celta,0,0,Sociedad,Celta,L,2024-12-21,Sociedad,Celta,L,Sociedad
0,0,2025-01-10,Celta,Vallecano,L,2025-01-10,Celta,Vallecano,L,Celta,1,0,Vallecano,Celta,W,2025-01-10,Vallecano,Celta,W,Vallecano
0,0,2025-01-19,Celta,Ath Bilbao,L,2025-01-19,Celta,Ath Bilbao,L,Celta,1,0,Ath Bilbao,Celta,W,2025-01-19,Ath Bilbao,Celta,W,Ath Bilbao
0,0,2025-01-27,Celta,Alaves,D,2025-01-27,Celta,Alaves,D,Celta,0,0,Alaves,Celta,D,2025-01-27,Alaves,Celta,D,Alaves
0,0,2025-02-02,Celta,Valencia,L,2025-02-02,Celta,Valencia,L,Celta,1,0,Valencia,Celta,W,2025-02-02,Valencia,Celta,W,Valencia
1,0,2025-02-08,Celta,Betis,W,2025-02-08,Celta,Betis,W,Celta,0,0,Betis,Celta,L,2025-02-08,Betis,Celta,L,Betis
0,0,2025-02-15,Celta,Ath Madrid,D,2025-02-15,Celta,Ath Madrid,D,Celta,0,0,Ath Madrid,Celta,D,2025-02-15,Ath Madrid,Celta,D,Ath Madrid
1,0,2025-02-21,Celta,Osasuna,W,2025-02-21,Celta,Osasuna,W,Celta,0,0,Osasuna,Celta,L,2025-02-21,Osasuna,Celta,L,Osasuna
0,0,2025-03-01,Celta,Girona,D,2025-03-01,Celta,Girona,D,Celta,0,0,Girona,Celta,D,2025-03-01,Girona,Celta,D,Girona
1,0,2025-03-08,Celta,Leganes,W,2025-03-08,Celta,Leganes,W,Celta,0,0,Leganes,Celta,L,2025-03-08,Leganes,Celta,L,Leganes
1,0,2025-03-15,Celta,Valladolid,W,2025-03-15,Celta,Valladolid,W,Celta,0,0,Valladolid,Celta,L,2025-03-15,Valladolid,Celta,L,Valladolid
0,0,2025-03-31,Celta,Las Palmas,D,2025-03-31,Celta,Las Palmas,D,Celta,0,0,Las Palmas,Celta,D,2025-03-31,Las Palmas,Celta,D,Las Palmas
1,0,2025-04-05,Celta,Mallorca,W,2025-04-05,Celta,Mallorca,W,Celta,0,0,Mallorca,Celta,L,2025-04-05,Mallorca,Celta,L,Mallorca
0,0,2025-04-12,Celta,Espanol,L,2025-04-12,Celta,Espanol,L,Celta,1,0,Espanol,Celta,W,2025-04-12,Espanol,Celta,W,Espanol
0,0,2025-04-19,Celta,Barcelona,L,2025-04-19,Celta,Barcelona,L,Celta,1,0,Barcelona,Celta,W,2025-04-19,Barcelona,Celta,W,Barcelona
1,0,2025-04-23,Celta,Villarreal,W,2025-04-23,Celta,Villarreal,W,Celta,0,0,Villarreal,Celta,L,2025-04-23,Villarreal,Celta,L,Villarreal
0,0,2025-05-04,Celta,Real Madrid,L,2025-05-04,Celta,Real Madrid,L,Celta,1,0,Real Madrid,Celta,W,2025-05-04,Real Madrid,Celta,W,Real Madrid
1,0,2025-05-10,Celta,Sevilla,W,2025-05-10,Celta,Sevilla,W,Celta,0,0,Sevilla,Celta,L,2025-05-10,Sevilla,Celta,L,Sevilla
1,0,2025-05-13,Celta,Sociedad,W,2025-05-13,Celta,Sociedad,W,Celta,0,0,Sociedad,Celta,L,2025-05-13,Sociedad,Celta,L,Sociedad
0,0,2025-05-18,Celta,Vallecano,L,2025-05-18,Celta,Vallecano,L,Celta,1,0,Vallecano,Celta,W,2025-05-18,Vallecano,Celta,W,Vallecano
1,0,2025-05-24,Celta,Getafe,W,2025-05-24,Celta,Getafe,W,Celta,0,0,Getafe,Celta,L,2025-05-24,Getafe,Celta,L,Getafe
0,0,2023-01-06,Elche,Celta,L,2023-01-06,Elche,Celta,L,Elche,1,0,Celta,Elche,W,2023-01-06,Celta,Elche,W,Celta
0,0,2023-01-16,Elche,Cadiz,D,2023-01-16,Elche,Cadiz,D,Elche,0,0,Cadiz,Elche,D,2023-01-16,Cadiz,Elche,D,Cadiz
0,0,2023-01-22,Elche,Osasuna,D,2023-01-22,Elche,Osasuna,D,Elche,0,0,Osasuna,Elche,D,2023-01-22,Osasuna,Elche,D,Osasuna
0,0,2023-01-28,Elche,Sevilla,L,2023-01-28,Elche,Sevilla,L,Elche,1,0,Sevilla,Elche,W,2023-01-28,Sevilla,Elche,W,Sevilla
1,0,2023-02-04,Elche,Villarreal,W,2023-02-04,Elche,Villarreal,W,Elche,0,0,Villarreal,Elche,L,2023-02-04,Villarreal,Elche,L,Villarreal
0,0,2023-02-15,Elche,Real Madrid,L,2023-02-15,Elche,Real Madrid,L,Elche,1,1,Real Madrid,Elche,W,2023-02-15,Real Madrid,Elche,W,Real Madrid
0,0,2023-02-19,Elche,Espanol,L,2023-02-19,Elche,Espanol,L,Elche,1,0,Espanol,Elche,W,2023-02-19,Espanol,Elche,W,Espanol
0,0,2023-02-24,Elche,Betis,L,2023-02-24,Elche,Betis,L,Elche,1,0,Betis,Elche,W,2023-02-24,Betis,Elche,W,Betis
1,0,2023-03-04,Elche,Mallorca,W,2023-03-04,Elche,Mallorca,W,Elche,0,0,Mallorca,Elche,L,2023-03-04,Mallorca,Elche,L,Mallorca
0,0,2023-03-11,Elche,Valladolid,D,2023-03-11,Elche,Valladolid,D,Elche,0,0,Valladolid,Elche,D,2023-03-11,Valladolid,Elche,D,Valladolid
0,0,2023-03-19,Elche,Sociedad,L,2023-03-19,Elche,Sociedad,L,Elche,1,0,Sociedad,Elche,W,2023-03-19,Sociedad,Elche,W,Sociedad
0,0,2023-04-01,Elche,Barcelona,L,2023-04-01,Elche,Barcelona,L,Elche,1,0,Barcelona,Elche,W,2023-04-01,Barcelona,Elche,W,Barcelona
0,0,2023-04-08,Elche,Osasuna,L,2023-04-08,Elche,Osasuna,L,Elche,1,0,Osasuna,Elche,W,2023-04-08,Osasuna,Elche,W,Osasuna
0,0,2023-04-16,Elche,Girona,L,2023-04-16,Elche,Girona,L,Elche,1,0,Girona,Elche,W,2023-04-16,Girona,Elche,W,Girona
0,0,2023-04-23,Elche,Valencia,L,2023-04-23,Elche,Valencia,L,Elche,1,0,Valencia,Elche,W,2023-04-23,Valencia,Elche,W,Valencia
0,0,2023-04-26,Elche,Celta,L,2023-04-26,Elche,Celta,L,Elche,1,0,Celta,Elche,W,2023-04-26,Celta,Elche,W,Celta
1,0,2023-04-29,Elche,Vallecano,W,2023-04-29,Elche,Vallecano,W,Elche,0,0,Vallecano,Elche,L,2023-04-29,Vallecano,Elche,L,Vallecano
0,0,2023-05-02,Elche,Almeria,L,2023-05-02,Elche,Almeria,L,Elche,1,0,Almeria,Elche,W,2023-05-02,Almeria,Elche,W,Almeria
1,0,2023-05-14,Elche,Ath Madrid,W,2023-05-14,Elche,Ath Madrid,W,Elche,0,1,Ath Madrid,Elche,L,2023-05-14,Ath Madrid,Elche,L,Ath Madrid
0,0,2023-05-20,Elche,Getafe,D,2023-05-20,Elche,Getafe,D,Elche,0,0,Getafe,Elche,D,2023-05-20,Getafe,Elche,D,Getafe
0,0,2023-05-24,Elche,Sevilla,D,2023-05-24,Elche,Sevilla,D,Elche,0,0,Sevilla,Elche,D,2023-05-24,Sevilla,Elche,D,Sevilla
1,0,2023-05-28,Elche,Ath Bilbao,W,2023-05-28,Elche,Ath Bilbao,W,Elche,0,0,Ath Bilbao,Elche,L,2023-05-28,Ath Bilbao,Elche,L,Ath Bilbao
0,0,2023-06-04,Elche,Cadiz,D,2023-06-04,Elche,Cadiz,D,Elche,0,0,Cadiz,Elche,D,2023-06-04,Cadiz,Elche,D,Cadiz
0,0,2023-01-07,Espanol,Girona,D,2023-01-07,Espanol,Girona,D,Espanol,0,1,Girona,Espanol,D,2023-01-07,Girona,Espanol,D,Girona
1,0,2023-01-15,Espanol,Getafe,W,2023-01-15,Espanol,Getafe,W,Espanol,0,0,Getafe,Espanol,L,2023-01-15,Getafe,Espanol,L,Getafe
1,0,2023-01-21,Espanol,Betis,W,2023-01-21,Espanol,Betis,W,Espanol,0,0,Betis,Espanol,L,2023-01-21,Betis,Espanol,L,Betis
0,0,2023-01-27,Espanol,Almeria,L,2023-01-27,Espanol,Almeria,L,Espanol,1,0,Almeria,Espanol,W,2023-01-27,Almeria,Espanol,W,Almeria
0,0,2023-02-04,Espanol,Osasuna,D,2023-02-04,Espanol,Osasuna,D,Espanol,0,0,Osasuna,Espanol,D,2023-02-04,Osasuna,Espanol,D,Osasuna
0,0,2023-02-13,Espanol,Sociedad,L,2023-02-13,Espanol,Sociedad,L,Espanol,1,0,Sociedad,Espanol,W,2023-02-13,Sociedad,Espanol,W,Sociedad
1,0,2023-02-19,Espanol,Elche,W,2023-02-19,Espanol,Elche,W,Espanol,0,0,Elche,Espanol,L,2023-02-19,Elche,Espanol,L,Elche
1,0,2023-02-25,Espanol,Mallorca,W,2023-02-25,Espanol,Mallorca,W,Espanol,0,0,Mallorca,Espanol,L,2023-02-25,Mallorca,Espanol,L,Mallorca
0,0,2023-03-05,Espanol,Valladolid,L,2023-03-05,Espanol,Valladolid,L,Espanol,1,0,Valladolid,Espanol,W,2023-03-05,Valladolid,Espanol,W,Valladolid
0,0,2023-03-11,Espanol,Real Madrid,L,2023-03-11,Espanol,Real Madrid,L,Espanol,1,0,Real Madrid,Espanol,W,2023-03-11,Real Madrid,Espanol,W,Real Madrid
0,0,2023-03-18,Espanol,Celta,L,2023-03-18,Espanol,Celta,L,Espanol,1,0,Celta,Espanol,W,2023-03-18,Celta,Espanol,W,Celta
0,0,2023-04-01,Espanol,Girona,L,2023-04-01,Espanol,Girona,L,Espanol,1,0,Girona,Espanol,W,2023-04-01,Girona,Espanol,W,Girona
0,0,2023-04-08,Espanol,Ath Bilbao,L,2023-04-08,Espanol,Ath Bilbao,L,Espanol,1,0,Ath Bilbao,Espanol,W,2023-04-08,Ath Bilbao,Espanol,W,Ath Bilbao
0,0,2023-04-15,Espanol,Betis,L,2023-04-15,Espanol,Betis,L,Espanol,1,0,Betis,Espanol,W,2023-04-15,Betis,Espanol,W,Betis
0,0,2023-04-21,Espanol,Cadiz,D,2023-04-21,Espanol,Cadiz,D,Espanol,0,0,Cadiz,Espanol,D,2023-04-21,Cadiz,Espanol,D,Cadiz
0,0,2023-04-27,Espanol,Villarreal,L,2023-04-27,Espanol,Villarreal,L,Espanol,1,1,Villarreal,Espanol,W,2023-04-27,Villarreal,Espanol,W,Villarreal
1,0,2023-04-30,Espanol,Getafe,W,2023-04-30,Espanol,Getafe,W,Espanol,0,0,Getafe,Espanol,L,2023-04-30,Getafe,Espanol,L,Getafe
0,0,2023-05-04,Espanol,Sevilla,L,2023-05-04,Espanol,Sevilla,L,Espanol,1,0,Sevilla,Espanol,W,2023-05-04,Sevilla,Espanol,W,Sevilla
0,0,2023-05-14,Espanol,Barcelona,L,2023-05-14,Espanol,Barcelona,L,Espanol,1,0,Barcelona,Espanol,W,2023-05-14,Barcelona,Espanol,W,Barcelona
1,0,2023-05-21,Espanol,Vallecano,W,2023-05-21,Espanol,Vallecano,W,Espanol,0,0,Vallecano,Espanol,L,2023-05-21,Vallecano,Espanol,L,Vallecano
0,0,2023-05-24,Espanol,Ath Madrid,D,2023-05-24,Espanol,Ath Madrid,D,Espanol,0,0,Ath Madrid,Espanol,D,2023-05-24,Ath Madrid,Espanol,D,Ath Madrid
0,0,2023-05-28,Espanol,Valencia,D,2023-05-28,Espanol,Valencia,D,Espanol,0,0,Valencia,Espanol,D,2023-05-28,Valencia,Espanol,D,Valencia
0,0,2023-06-04,Espanol,Almeria,D,2023-06-04,Espanol,Almeria,D,Espanol,0,0,Almeria,Espanol,D,2023-06-04,Almeria,Espanol,D,Almeria
0,0,2024-08-19,Espanol,Valladolid,L,2024-08-19,Espanol,Valladolid,L,Espanol,1,0,Valladolid,Espanol,W,2024-08-19,Valladolid,Espanol,W,Valladolid
0,0,2024-08-24,Espanol,Sociedad,L,2024-08-24,Espanol,Sociedad,L,Espanol,1,0,Sociedad,Espanol,W,2024-08-24,Sociedad,Espanol,W,Sociedad
0,0,2024-08-28,Espanol,Ath Madrid,D,2024-08-28,Espanol,Ath Madrid,D,Espanol,0,0,Ath Madrid,Espanol,D,2024-08-28,Ath Madrid,Espanol,D,Ath Madrid
1,0,2024-08-31,Espanol,Vallecano,W,2024-08-31,Espanol,Vallecano,W,Espanol,0,0,Vallecano,Espanol,L,2024-08-31,Vallecano,Espanol,L,Vallecano
1,0,2024-09-14,Espanol,Alaves,W,2024-09-14,Espanol,Alaves,W,Espanol,0,0,Alaves,Espanol,L,2024-09-14,Alaves,Espanol,L,Alaves
0,0,2024-09-21,Espanol,Real Madrid,L,2024-09-21,Espanol,Real Madrid,L,Espanol,1,1,Real Madrid,Espanol,W,2024-09-21,Real Madrid,Espanol,W,Real Madrid
0,0,2024-09-26,Espanol,Villarreal,L,2024-09-26,Espanol,Villarreal,L,Espanol,1,0,Villarreal,Espanol,W,2024-09-26,Villarreal,Espanol,W,Villarreal
0,0,2024-09-29,Espanol,Betis,L,2024-09-29,Espanol,Betis,L,Espanol,1,0,Betis,Espanol,W,2024-09-29,Betis,Espanol,W,Betis
1,0,2024-10-05,Espanol,Mallorca,W,2024-10-05,Espanol,Mallorca,W,Espanol,0,0,Mallorca,Espanol,L,2024-10-05,Mallorca,Espanol,L,Mallorca
0,0,2024-10-19,Espanol,Ath Bilbao,L,2024-10-19,Espanol,Ath Bilbao,L,Espanol,1,0,Ath Bilbao,Espanol,W,2024-10-19,Ath Bilbao,Espanol,W,Ath Bilbao
0,0,2024-10-25,Espanol,Sevilla,L,2024-10-25,Espanol,Sevilla,L,Espanol,1,0,Sevilla,Espanol,W,2024-10-25,Sevilla,Espanol,W,Sevilla
0,0,2024-11-03,Espanol,Barcelona,L,2024-11-03,Espanol,Barcelona,L,Espanol,1,1,Barcelona,Espanol,W,2024-11-03,Barcelona,Espanol,W,Barcelona
0,0,2024-11-23,Espanol,Girona,L,2024-11-23,Espanol,Girona,L,Espanol,1,0,Girona,Espanol,W,2024-11-23,Girona,Espanol,W,Girona
1,0,2024-11-30,Espanol,Celta,W,2024-11-30,Espanol,Celta,W,Espanol,0,0,Celta,Espanol,L,2024-11-30,Celta,Espanol,L,Celta
0,0,2024-12-09,Espanol,Getafe,L,2024-12-09,Espanol,Getafe,L,Espanol,1,0,Getafe,Espanol,W,2024-12-09,Getafe,Espanol,W,Getafe
0,0,2024-12-14,Espanol,Osasuna,D,2024-12-14,Espanol,Osasuna,D,Espanol,0,0,Osasuna,Espanol,D,2024-12-14,Osasuna,Espanol,D,Osasuna
0,0,2024-12-18,Espanol,Valencia,D,2024-12-18,Espanol,Valencia,D,Espanol,0,0,Valencia,Espanol,D,2024-12-18,Valencia,Espanol,D,Valencia
0,0,2024-12-22,Espanol,Las Palmas,L,2024-12-22,Espanol,Las Palmas,L,Espanol,1,0,Las Palmas,Espanol,W,2024-12-22,Las Palmas,Espanol,W,Las Palmas
0,0,2025-01-11,Espanol,Leganes,D,2025-01-11,Espanol,Leganes,D,Espanol,0,0,Leganes,Espanol,D,2025-01-11,Leganes,Espanol,D,Leganes
1,0,2025-01-17,Espanol,Valladolid,W,2025-01-17,Espanol,Valladolid,W,Espanol,0,0,Valladolid,Espanol,L,2025-01-17,Valladolid,Espanol,L,Valladolid
0,0,2025-01-25,Espanol,Sevilla,D,2025-01-25,Espanol,Sevilla,D,Espanol,0,0,Sevilla,Espanol,D,2025-01-25,Sevilla,Espanol,D,Sevilla
1,0,2025-02-01,Espanol,Real Madrid,W,2025-02-01,Espanol,Real Madrid,W,Espanol,0,1,Real Madrid,Espanol,L,2025-02-01,Real Madrid,Espanol,L,Real Madrid
0,0,2025-02-09,Espanol,Sociedad,L,2025-02-09,Espanol,Sociedad,L,Espanol,1,0,Sociedad,Espanol,W,2025-02-09,Sociedad,Espanol,W,Sociedad
0,0,2025-02-16,Espanol,Ath Bilbao,D,2025-02-16,Espanol,Ath Bilbao,D,Espanol,0,1,Ath Bilbao,Espanol,D,2025-02-16,Ath Bilbao,Espanol,D,Ath Bilbao
1,0,2025-02-22,Espanol,Alaves,W,2025-02-22,Espanol,Alaves,W,Espanol,0,0,Alaves,Espanol,L,2025-02-22,Alaves,Espanol,L,Alaves
0,0,2025-03-10,Espanol,Girona,D,2025-03-10,Espanol,Girona,D,Espanol,0,0,Girona,Espanol,D,2025-03-10,Girona,Espanol,D,Girona
0,0,2025-03-15,Espanol,Mallorca,L,2025-03-15,Espanol,Mallorca,L,Espanol,1,0,Mallorca,Espanol,W,2025-03-15,Mallorca,Espanol,W,Mallorca
0,0,2025-03-29,Espanol,Ath Madrid,D,2025-03-29,Espanol,Ath Madrid,D,Espanol,0,0,Ath Madrid,Espanol,D,2025-03-29,Ath Madrid,Espanol,D,Ath Madrid
1,0,2025-04-04,Espanol,Vallecano,W,2025-04-04,Espanol,Vallecano,W,Espanol,0,0,Vallecano,Espanol,L,2025-04-04,Vallecano,Espanol,L,Vallecano
1,0,2025-04-12,Espanol,Celta,W,2025-04-12,Espanol,Celta,W,Espanol,0,0,Celta,Espanol,L,2025-04-12,Celta,Espanol,L,Celta
1,0,2025-04-18,Espanol,Getafe,W,2025-04-18,Espanol,Getafe,W,Espanol,0,0,Getafe,Espanol,L,2025-04-18,Getafe,Espanol,L,Getafe
0,0,2025-04-22,Espanol,Valencia,D,2025-04-22,Espanol,Valencia,D,Espanol,0,0,Valencia,Espanol,D,2025-04-22,Valencia,Espanol,D,Valencia
0,0,2025-04-27,Espanol,Villarreal,L,2025-04-27,Espanol,Villarreal,L,Espanol,1,0,Villarreal,Espanol,W,2025-04-27,Villarreal,Espanol,W,Villarreal
0,0,2025-05-04,Espanol,Betis,L,2025-05-04,Espanol,Betis,L,Espanol,1,1,Betis,Espanol,W,2025-05-04,Betis,Espanol,W,Betis
0,0,2025-05-11,Espanol,Leganes,L,2025-05-11,Espanol,Leganes,L,Espanol,1,0,Leganes,Espanol,W,2025-05-11,Leganes,Espanol,W,Leganes
0,0,2025-05-15,Espanol,Barcelona,L,2025-05-15,Espanol,Barcelona,L,Espanol,1,1,Barcelona,Espanol,W,2025-05-15,Barcelona,Espanol,W,Barcelona
0,0,2025-05-18,Espanol,Osasuna,L,2025-05-18,Espanol,Osasuna,L,Espanol,1,0,Osasuna,Espanol,W,2025-05-18,Osasuna,Espanol,W,Osasuna
1,0,2025-05-24,Espanol,Las Palmas,W,2025-05-24,Espanol,Las Palmas,W,Espanol,0,0,Las Palmas,Espanol,L,2025-05-24,Las Palmas,Espanol,L,Las Palmas
0,0,2023-01-08,Getafe,Sevilla,L,2023-01-08,Getafe,Sevilla,L,Getafe,1,0,Sevilla,Getafe,W,2023-01-08,Sevilla,Getafe,W,Sevilla
0,0,2023-01-15,Getafe,Espanol,L,2023-01-15,Getafe,Espanol,L,Getafe,1,0,Espanol,Getafe,W,2023-01-15,Espanol,Getafe,W,Espanol
0,0,2023-01-22,Getafe,Barcelona,L,2023-01-22,Getafe,Barcelona,L,Getafe,1,0,Barcelona,Getafe,W,2023-01-22,Barcelona,Getafe,W,Barcelona
0,0,2023-01-28,Getafe,Betis,L,2023-01-28,Getafe,Betis,L,Getafe,1,0,Betis,Getafe,W,2023-01-28,Betis,Getafe,W,Betis
0,0,2023-02-04,Getafe,Ath Madrid,D,2023-02-04,Getafe,Ath Madrid,D,Getafe,0,0,Ath Madrid,Getafe,D,2023-02-04,Ath Madrid,Getafe,D,Ath Madrid
0,0,2023-02-12,Getafe,Vallecano,D,2023-02-12,Getafe,Vallecano,D,Getafe,0,0,Vallecano,Getafe,D,2023-02-12,Vallecano,Getafe,D,Vallecano
1,0,2023-02-20,Getafe,Valencia,W,2023-02-20,Getafe,Valencia,W,Getafe,0,0,Valencia,Getafe,L,2023-02-20,Valencia,Getafe,L,Valencia
0,0,2023-02-27,Getafe,Villarreal,L,2023-02-27,Getafe,Villarreal,L,Getafe,1,0,Villarreal,Getafe,W,2023-02-27,Villarreal,Getafe,W,Villarreal
1,0,2023-03-04,Getafe,Girona,W,2023-03-04,Getafe,Girona,W,Getafe,0,0,Girona,Getafe,L,2023-03-04,Girona,Getafe,L,Girona
0,0,2023-03-10,Getafe,Cadiz,D,2023-03-10,Getafe,Cadiz,D,Getafe,0,0,Cadiz,Getafe,D,2023-03-10,Cadiz,Getafe,D,Cadiz
1,0,2023-03-19,Getafe,Sevilla,W,2023-03-19,Getafe,Sevilla,W,Getafe,0,1,Sevilla,Getafe,L,2023-03-19,Sevilla,Getafe,L,Sevilla
0,0,2023-04-01,Getafe,Ath Bilbao,D,2023-04-01,Getafe,Ath Bilbao,D,Getafe,0,0,Ath Bilbao,Getafe,D,2023-04-01,Ath Bilbao,Getafe,D,Ath Bilbao
0,0,2023-04-08,Getafe,Sociedad,L,2023-04-08,Getafe,Sociedad,L,Getafe,1,0,Sociedad,Getafe,W,2023-04-08,Sociedad,Getafe,W,Sociedad
0,0,2023-04-16,Getafe,Barcelona,D,2023-04-16,Getafe,Barcelona,D,Getafe,0,0,Barcelona,Getafe,D,2023-04-16,Barcelona,Getafe,D,Barcelona
0,0,2023-04-23,Getafe,Mallorca,L,2023-04-23,Getafe,Mallorca,L,Getafe,1,0,Mallorca,Getafe,W,2023-04-23,Mallorca,Getafe,W,Mallorca
0,0,2023-04-26,Getafe,Almeria,L,2023-04-26,Getafe,Almeria,L,Getafe,1,0,Almeria,Getafe,W,2023-04-26,Almeria,Getafe,W,Almeria
0,0,2023-04-30,Getafe,Espanol,L,2023-04-30,Getafe,Espanol,L,Getafe,1,0,Espanol,Getafe,W,2023-04-30,Espanol,Getafe,W,Espanol
1,0,2023-05-03,Getafe,Celta,W,2023-05-03,Getafe,Celta,W,Getafe,0,0,Celta,Getafe,L,2023-05-03,Celta,Getafe,L,Celta
0,0,2023-05-13,Getafe,Real Madrid,L,2023-05-13,Getafe,Real Madrid,L,Getafe,1,0,Real Madrid,Getafe,W,2023-05-13,Real Madrid,Getafe,W,Real Madrid
0,0,2023-05-20,Getafe,Elche,D,2023-05-20,Getafe,Elche,D,Getafe,0,0,Elche,Getafe,D,2023-05-20,Elche,Getafe,D,Elche
1,0,2023-05-24,Getafe,Betis,W,2023-05-24,Getafe,Betis,W,Getafe,0,0,Betis,Getafe,L,2023-05-24,Betis,Getafe,L,Betis
1,0,2023-05-28,Getafe,Osasuna,W,2023-05-28,Getafe,Osasuna,W,Getafe,0,0,Osasuna,Getafe,L,2023-05-28,Osasuna,Getafe,L,Osasuna
0,0,2023-06-04,Getafe,Valladolid,D,2023-06-04,Getafe,Valladolid,D,Getafe,0,0,Valladolid,Getafe,D,2023-06-04,Valladolid,Getafe,D,Valladolid
0,0,2023-08-13,Getafe,Barcelona,D,2023-08-13,Getafe,Barcelona,D,Getafe,0,0,Barcelona,Getafe,D,2023-08-13,Barcelona,Getafe,D,Barcelona
0,0,2023-08-20,Getafe,Girona,L,2023-08-20,Getafe,Girona,L,Getafe,1,0,Girona,Getafe,W,2023-08-20,Girona,Getafe,W,Girona
1,0,2023-08-28,Getafe,Alaves,W,2023-08-28,Getafe,Alaves,W,Getafe,0,0,Alaves,Getafe,L,2023-08-28,Alaves,Getafe,L,Alaves
0,0,2023-09-02,Getafe,Real Madrid,L,2023-09-02,Getafe,Real Madrid,L,Getafe,1,0,Real Madrid,Getafe,W,2023-09-02,Real Madrid,Getafe,W,Real Madrid
1,0,2023-09-17,Getafe,Osasuna,W,2023-09-17,Getafe,Osasuna,W,Getafe,0,0,Osasuna,Getafe,L,2023-09-17,Osasuna,Getafe,L,Osasuna
0,0,2023-09-24,Getafe,Sociedad,L,2023-09-24,Getafe,Sociedad,L,Getafe,1,0,Sociedad,Getafe,W,2023-09-24,Sociedad,Getafe,W,Sociedad
0,0,2023-09-27,Getafe,Ath Bilbao,D,2023-09-27,Getafe,Ath Bilbao,D,Getafe,0,0,Ath Bilbao,Getafe,D,2023-09-27,Ath Bilbao,Getafe,D,Ath Bilbao
0,0,2023-09-30,Getafe,Villarreal,D,2023-09-30,Getafe,Villarreal,D,Getafe,0,0,Villarreal,Getafe,D,2023-09-30,Villarreal,Getafe,D,Villarreal
0,0,2023-10-08,Getafe,Celta,D,2023-10-08,Getafe,Celta,D,Getafe,0,0,Celta,Getafe,D,2023-10-08,Celta,Getafe,D,Celta
0,0,2023-10-21,Getafe,Betis,D,2023-10-21,Getafe,Betis,D,Getafe,0,0,Betis,Getafe,D,2023-10-21,Betis,Getafe,D,Betis
0,0,2023-10-28,Getafe,Mallorca,D,2023-10-28,Getafe,Mallorca,D,Getafe,0,0,Mallorca,Getafe,D,2023-10-28,Mallorca,Getafe,D,Mallorca
1,0,2023-11-06,Getafe,Cadiz,W,2023-11-06,Getafe,Cadiz,W,Getafe,0,0,Cadiz,Getafe,L,2023-11-06,Cadiz,Getafe,L,Cadiz
0,0,2023-11-11,Getafe,Granada,D,2023-11-11,Getafe,Granada,D,Getafe,0,0,Granada,Getafe,D,2023-11-11,Granada,Getafe,D,Granada
1,0,2023-11-25,Getafe,Almeria,W,2023-11-25,Getafe,Almeria,W,Getafe,0,0,Almeria,Getafe,L,2023-11-25,Almeria,Getafe,L,Almeria
0,0,2023-12-01,Getafe,Las Palmas,L,2023-12-01,Getafe,Las Palmas,L,Getafe,1,0,Las Palmas,Getafe,W,2023-12-01,Las Palmas,Getafe,W,Las Palmas
1,0,2023-12-08,Getafe,Valencia,W,2023-12-08,Getafe,Valencia,W,Getafe,0,0,Valencia,Getafe,L,2023-12-08,Valencia,Getafe,L,Valencia
1,0,2023-12-16,Getafe,Sevilla,W,2023-12-16,Getafe,Sevilla,W,Getafe,0,0,Sevilla,Getafe,L,2023-12-16,Sevilla,Getafe,L,Sevilla
0,0,2023-12-19,Getafe,Ath Madrid,D,2023-12-19,Getafe,Ath Madrid,D,Getafe,0,0,Ath Madrid,Getafe,D,2023-12-19,Ath Madrid,Getafe,D,Ath Madrid
0,1,2024-01-02,Getafe,Vallecano,L,2024-01-02,Getafe,Vallecano,L,Getafe,1,0,Vallecano,Getafe,W,2024-01-02,Vallecano,Getafe,W,Vallecano
0,0,2024-01-21,Getafe,Osasuna,L,2024-01-21,Getafe,Osasuna,L,Getafe,1,0,Osasuna,Getafe,W,2024-01-21,Osasuna,Getafe,W,Osasuna
1,0,2024-01-29,Getafe,Granada,W,2024-01-29,Getafe,Granada,W,Getafe,0,0,Granada,Getafe,L,2024-01-29,Granada,Getafe,L,Granada
0,0,2024-02-01,Getafe,Real Madrid,L,2024-02-01,Getafe,Real Madrid,L,Getafe,1,0,Real Madrid,Getafe,W,2024-02-01,Real Madrid,Getafe,W,Real Madrid
0,0,2024-02-04,Getafe,Betis,D,2024-02-04,Getafe,Betis,D,Getafe,0,0,Betis,Getafe,D,2024-02-04,Betis,Getafe,D,Betis
1,0,2024-02-11,Getafe,Celta,W,2024-02-11,Getafe,Celta,W,Getafe,0,0,Celta,Getafe,L,2024-02-11,Celta,Getafe,L,Celta
0,0,2024-02-16,Getafe,Villarreal,D,2024-02-16,Getafe,Villarreal,D,Getafe,0,0,Villarreal,Getafe,D,2024-02-16,Villarreal,Getafe,D,Villarreal
0,0,2024-02-24,Getafe,Barcelona,L,2024-02-24,Getafe,Barcelona,L,Getafe,1,0,Barcelona,Getafe,W,2024-02-24,Barcelona,Getafe,W,Barcelona
0,0,2024-03-02,Getafe,Las Palmas,D,2024-03-02,Getafe,Las Palmas,D,Getafe,0,0,Las Palmas,Getafe,D,2024-03-02,Las Palmas,Getafe,D,Las Palmas
0,0,2024-03-09,Getafe,Valencia,L,2024-03-09,Getafe,Valencia,L,Getafe,1,0,Valencia,Getafe,W,2024-03-09,Valencia,Getafe,W,Valencia
1,0,2024-03-16,Getafe,Girona,W,2024-03-16,Getafe,Girona,W,Getafe,0,0,Girona,Getafe,L,2024-03-16,Girona,Getafe,L,Girona
0,0,2024-03-30,Getafe,Sevilla,L,2024-03-30,Getafe,Sevilla,L,Getafe,1,0,Sevilla,Getafe,W,2024-03-30,Sevilla,Getafe,W,Sevilla
0,0,2024-04-13,Getafe,Vallecano,D,2024-04-13,Getafe,Vallecano,D,Getafe,0,0,Vallecano,Getafe,D,2024-04-13,Vallecano,Getafe,D,Vallecano
0,0,2024-04-21,Getafe,Sociedad,D,2024-04-21,Getafe,Sociedad,D,Getafe,0,0,Sociedad,Getafe,D,2024-04-21,Sociedad,Getafe,D,Sociedad
1,0,2024-04-27,Getafe,Almeria,W,2024-04-27,Getafe,Almeria,W,Getafe,0,0,Almeria,Getafe,L,2024-04-27,Almeria,Getafe,L,Almeria
0,0,2024-05-03,Getafe,Ath Bilbao,L,2024-05-03,Getafe,Ath Bilbao,L,Getafe,1,0,Ath Bilbao,Getafe,W,2024-05-03,Ath Bilbao,Getafe,W,Ath Bilbao
0,0,2024-05-12,Getafe,Cadiz,L,2024-05-12,Getafe,Cadiz,L,Getafe,1,0,Cadiz,Getafe,W,2024-05-12,Cadiz,Getafe,W,Cadiz
0,1,2024-05-15,Getafe,Ath Madrid,L,2024-05-15,Getafe,Ath Madrid,L,Getafe,1,0,Ath Madrid,Getafe,W,2024-05-15,Ath Madrid,Getafe,W,Ath Madrid
0,0,2024-05-18,Getafe,Alaves,L,2024-05-18,Getafe,Alaves,L,Getafe,1,0,Alaves,Getafe,W,2024-05-18,Alaves,Getafe,W,Alaves
0,0,2024-05-26,Getafe,Mallorca,L,2024-05-26,Getafe,Mallorca,L,Getafe,1,0,Mallorca,Getafe,W,2024-05-26,Mallorca,Getafe,W,Mallorca
0,0,2024-08-15,Getafe,Ath Bilbao,D,2024-08-15,Getafe,Ath Bilbao,D,Getafe,0,0,Ath Bilbao,Getafe,D,2024-08-15,Ath Bilbao,Getafe,D,Ath Bilbao
0,0,2024-08-24,Getafe,Vallecano,D,2024-08-24,Getafe,Vallecano,D,Getafe,0,0,Vallecano,Getafe,D,2024-08-24,Vallecano,Getafe,D,Vallecano
0,0,2024-09-01,Getafe,Sociedad,D,2024-09-01,Getafe,Sociedad,D,Getafe,0,0,Sociedad,Getafe,D,2024-09-01,Sociedad,Getafe,D,Sociedad
0,0,2024-09-14,Getafe,Sevilla,L,2024-09-14,Getafe,Sevilla,L,Getafe,1,1,Sevilla,Getafe,W,2024-09-14,Sevilla,Getafe,W,Sevilla
0,0,2024-09-18,Getafe,Betis,L,2024-09-18,Getafe,Betis,L,Getafe,1,0,Betis,Getafe,W,2024-09-18,Betis,Getafe,W,Betis
0,0,2024-09-22,Getafe,Leganes,D,2024-09-22,Getafe,Leganes,D,Getafe,0,0,Leganes,Getafe,D,2024-09-22,Leganes,Getafe,D,Leganes
0,0,2024-09-25,Getafe,Barcelona,L,2024-09-25,Getafe,Barcelona,L,Getafe,1,1,Barcelona,Getafe,W,2024-09-25,Barcelona,Getafe,W,Barcelona
1,0,2024-09-28,Getafe,Alaves,W,2024-09-28,Getafe,Alaves,W,Getafe,0,0,Alaves,Getafe,L,2024-09-28,Alaves,Getafe,L,Alaves
0,0,2024-10-05,Getafe,Osasuna,D,2024-10-05,Getafe,Osasuna,D,Getafe,0,0,Osasuna,Getafe,D,2024-10-05,Osasuna,Getafe,D,Osasuna
0,0,2024-10-20,Getafe,Villarreal,D,2024-10-20,Getafe,Villarreal,D,Getafe,0,0,Villarreal,Getafe,D,2024-10-20,Villarreal,Getafe,D,Villarreal
0,0,2024-10-27,Getafe,Valencia,D,2024-10-27,Getafe,Valencia,D,Getafe,0,0,Valencia,Getafe,D,2024-10-27,Valencia,Getafe,D,Valencia
0,0,2024-11-04,Getafe,Celta,L,2024-11-04,Getafe,Celta,L,Getafe,1,0,Celta,Getafe,W,2024-11-04,Celta,Getafe,W,Celta
0,0,2024-11-10,Getafe,Girona,L,2024-11-10,Getafe,Girona,L,Getafe,1,0,Girona,Getafe,W,2024-11-10,Girona,Getafe,W,Girona
1,0,2024-11-22,Getafe,Valladolid,W,2024-11-22,Getafe,Valladolid,W,Getafe,0,0,Valladolid,Getafe,L,2024-11-22,Valladolid,Getafe,L,Valladolid
0,0,2024-12-01,Getafe,Real Madrid,L,2024-12-01,Getafe,Real Madrid,L,Getafe,1,1,Real Madrid,Getafe,W,2024-12-01,Real Madrid,Getafe,W,Real Madrid
1,0,2024-12-09,Getafe,Espanol,W,2024-12-09,Getafe,Espanol,W,Getafe,0,0,Espanol,Getafe,L,2024-12-09,Espanol,Getafe,L,Espanol
0,0,2024-12-15,Getafe,Ath Madrid,L,2024-12-15,Getafe,Ath Madrid,L,Getafe,1,1,Ath Madrid,Getafe,W,2024-12-15,Ath Madrid,Getafe,W,Ath Madrid
0,0,2024-12-21,Getafe,Mallorca,L,2024-12-21,Getafe,Mallorca,L,Getafe,1,0,Mallorca,Getafe,W,2024-12-21,Mallorca,Getafe,W,Mallorca
1,0,2025-01-12,Getafe,Las Palmas,W,2025-01-12,Getafe,Las Palmas,W,Getafe,0,0,Las Palmas,Getafe,L,2025-01-12,Las Palmas,Getafe,L,Las Palmas
0,0,2025-01-18,Getafe,Barcelona,D,2025-01-18,Getafe,Barcelona,D,Getafe,0,0,Barcelona,Getafe,D,2025-01-18,Barcelona,Getafe,D,Barcelona
1,0,2025-01-26,Getafe,Sociedad,W,2025-01-26,Getafe,Sociedad,W,Getafe,0,0,Sociedad,Getafe,L,2025-01-26,Sociedad,Getafe,L,Sociedad
0,0,2025-02-01,Getafe,Sevilla,D,2025-02-01,Getafe,Sevilla,D,Getafe,0,0,Sevilla,Getafe,D,2025-02-01,Sevilla,Getafe,D,Sevilla
1,0,2025-02-09,Getafe,Alaves,W,2025-02-09,Getafe,Alaves,W,Getafe,0,0,Alaves,Getafe,L,2025-02-09,Alaves,Getafe,L,Alaves
1,0,2025-02-14,Getafe,Girona,W,2025-02-14,Getafe,Girona,W,Getafe,0,0,Girona,Getafe,L,2025-02-14,Girona,Getafe,L,Girona
0,0,2025-02-23,Getafe,Betis,L,2025-02-23,Getafe,Betis,L,Getafe,1,0,Betis,Getafe,W,2025-02-23,Betis,Getafe,W,Betis
0,0,2025-03-02,Getafe,Leganes,L,2025-03-02,Getafe,Leganes,L,Getafe,1,0,Leganes,Getafe,W,2025-03-02,Leganes,Getafe,W,Leganes
1,0,2025-03-09,Getafe,Ath Madrid,W,2025-03-09,Getafe,Ath Madrid,W,Getafe,0,0,Ath Madrid,Getafe,L,2025-03-09,Ath Madrid,Getafe,L,Ath Madrid
1,0,2025-03-16,Getafe,Osasuna,W,2025-03-16,Getafe,Osasuna,W,Getafe,0,0,Osasuna,Getafe,L,2025-03-16,Osasuna,Getafe,L,Osasuna
0,0,2025-03-30,Getafe,Villarreal,L,2025-03-30,Getafe,Villarreal,L,Getafe,1,1,Villarreal,Getafe,W,2025-03-30,Villarreal,Getafe,W,Villarreal
1,0,2025-04-06,Getafe,Valladolid,W,2025-04-06,Getafe,Valladolid,W,Getafe,0,0,Valladolid,Getafe,L,2025-04-06,Valladolid,Getafe,L,Valladolid
0,0,2025-04-12,Getafe,Las Palmas,L,2025-04-12,Getafe,Las Palmas,L,Getafe,1,0,Las Palmas,Getafe,W,2025-04-12,Las Palmas,Getafe,W,Las Palmas
0,0,2025-04-18,Getafe,Espanol,L,2025-04-18,Getafe,Espanol,L,Getafe,1,0,Espanol,Getafe,W,2025-04-18,Espanol,Getafe,W,Espanol
0,0,2025-04-23,Getafe,Real Madrid,L,2025-04-23,Getafe,Real Madrid,L,Getafe,1,0,Real Madrid,Getafe,W,2025-04-23,Real Madrid,Getafe,W,Real Madrid
0,0,2025-05-02,Getafe,Vallecano,L,2025-05-02,Getafe,Vallecano,L,Getafe,1,0,Vallecano,Getafe,W,2025-05-02,Vallecano,Getafe,W,Vallecano
0,0,2025-05-10,Getafe,Valencia,L,2025-05-10,Getafe,Valencia,L,Getafe,1,0,Valencia,Getafe,W,2025-05-10,Valencia,Getafe,W,Valencia
0,0,2025-05-15,Getafe,Ath Bilbao,L,2025-05-15,Getafe,Ath Bilbao,L,Getafe,1,0,Ath Bilbao,Getafe,W,2025-05-15,Ath Bilbao,Getafe,W,Ath Bilbao
1,0,2025-05-18,Getafe,Mallorca,W,2025-05-18,Getafe,Mallorca,W,Getafe,0,0,Mallorca,Getafe,L,2025-05-18,Mallorca,Getafe,L,Mallorca
0,0,2025-05-24,Getafe,Celta,L,2025-05-24,Getafe,Celta,L,Getafe,1,0,Celta,Getafe,W,2025-05-24,Celta,Getafe,W,Celta
0,1,2023-01-07,Girona,Espanol,D,2023-01-07,Girona,Espanol,D,Girona,0,0,Espanol,Girona,D,2023-01-07,Espanol,Girona,D,Espanol
1,0,2023-01-14,Girona,Sevilla,W,2023-01-14,Girona,Sevilla,W,Girona,0,0,Sevilla,Girona,L,2023-01-14,Sevilla,Girona,L,Sevilla
0,0,2023-01-22,Girona,Villarreal,L,2023-01-22,Girona,Villarreal,L,Girona,1,0,Villarreal,Girona,W,2023-01-22,Villarreal,Girona,W,Villarreal
0,0,2023-01-28,Girona,Barcelona,L,2023-01-28,Girona,Barcelona,L,Girona,1,0,Barcelona,Girona,W,2023-01-28,Barcelona,Girona,W,Barcelona
1,0,2023-02-05,Girona,Valencia,W,2023-02-05,Girona,Valencia,W,Girona,0,0,Valencia,Girona,L,2023-02-05,Valencia,Girona,L,Valencia
0,0,2023-02-10,Girona,Cadiz,L,2023-02-10,Girona,Cadiz,L,Girona,1,0,Cadiz,Girona,W,2023-02-10,Cadiz,Girona,W,Cadiz
1,0,2023-02-17,Girona,Almeria,W,2023-02-17,Girona,Almeria,W,Girona,0,0,Almeria,Girona,L,2023-02-17,Almeria,Girona,L,Almeria
1,0,2023-02-26,Girona,Ath Bilbao,W,2023-02-26,Girona,Ath Bilbao,W,Girona,0,0,Ath Bilbao,Girona,L,2023-02-26,Ath Bilbao,Girona,L,Ath Bilbao
0,0,2023-03-04,Girona,Getafe,L,2023-03-04,Girona,Getafe,L,Girona,1,0,Getafe,Girona,W,2023-03-04,Getafe,Girona,W,Getafe
0,0,2023-03-13,Girona,Ath Madrid,L,2023-03-13,Girona,Ath Madrid,L,Girona,1,0,Ath Madrid,Girona,W,2023-03-13,Ath Madrid,Girona,W,Ath Madrid
0,0,2023-03-18,Girona,Vallecano,D,2023-03-18,Girona,Vallecano,D,Girona,0,0,Vallecano,Girona,D,2023-03-18,Vallecano,Girona,D,Vallecano
1,0,2023-04-01,Girona,Espanol,W,2023-04-01,Girona,Espanol,W,Girona,0,0,Espanol,Girona,L,2023-04-01,Espanol,Girona,L,Espanol
0,0,2023-04-10,Girona,Barcelona,D,2023-04-10,Girona,Barcelona,D,Girona,0,0,Barcelona,Girona,D,2023-04-10,Barcelona,Girona,D,Barcelona
1,0,2023-04-16,Girona,Elche,W,2023-04-16,Girona,Elche,W,Girona,0,0,Elche,Girona,L,2023-04-16,Elche,Girona,L,Elche
0,0,2023-04-22,Girona,Valladolid,L,2023-04-22,Girona,Valladolid,L,Girona,1,0,Valladolid,Girona,W,2023-04-22,Valladolid,Girona,W,Valladolid
1,0,2023-04-25,Girona,Real Madrid,W,2023-04-25,Girona,Real Madrid,W,Girona,0,1,Real Madrid,Girona,L,2023-04-25,Real Madrid,Girona,L,Real Madrid
1,0,2023-05-01,Girona,Sevilla,W,2023-05-01,Girona,Sevilla,W,Girona,0,0,Sevilla,Girona,L,2023-05-01,Sevilla,Girona,L,Sevilla
1,0,2023-05-04,Girona,Mallorca,W,2023-05-04,Girona,Mallorca,W,Girona,0,0,Mallorca,Girona,L,2023-05-04,Mallorca,Girona,L,Mallorca
0,0,2023-05-13,Girona,Sociedad,D,2023-05-13,Girona,Sociedad,D,Girona,0,0,Sociedad,Girona,D,2023-05-13,Sociedad,Girona,D,Sociedad
0,0,2023-05-20,Girona,Villarreal,L,2023-05-20,Girona,Villarreal,L,Girona,1,0,Villarreal,Girona,W,2023-05-20,Villarreal,Girona,W,Villarreal
0,0,2023-05-23,Girona,Celta,D,2023-05-23,Girona,Celta,D,Girona,0,0,Celta,Girona,D,2023-05-23,Celta,Girona,D,Celta
0,0,2023-05-28,Girona,Betis,L,2023-05-28,Girona,Betis,L,Girona,1,0,Betis,Girona,W,2023-05-28,Betis,Girona,W,Betis
0,0,2023-06-04,Girona,Osasuna,L,2023-06-04,Girona,Osasuna,L,Girona,1,0,Osasuna,Girona,W,2023-06-04,Osasuna,Girona,W,Osasuna
0,0,2023-08-12,Girona,Sociedad,D,2023-08-12,Girona,Sociedad,D,Girona,0,0,Sociedad,Girona,D,2023-08-12,Sociedad,Girona,D,Sociedad
1,0,2023-08-20,Girona,Getafe,W,2023-08-20,Girona,Getafe,W,Girona,0,0,Getafe,Girona,L,2023-08-20,Getafe,Girona,L,Getafe
1,0,2023-08-26,Girona,Sevilla,W,2023-08-26,Girona,Sevilla,W,Girona,0,0,Sevilla,Girona,L,2023-08-26,Sevilla,Girona,L,Sevilla
1,0,2023-09-03,Girona,Las Palmas,W,2023-09-03,Girona,Las Palmas,W,Girona,0,0,Las Palmas,Girona,L,2023-09-03,Las Palmas,Girona,L,Las Palmas
1,0,2023-09-18,Girona,Granada,W,2023-09-18,Girona,Granada,W,Girona,0,0,Granada,Girona,L,2023-09-18,Granada,Girona,L,Granada
1,0,2023-09-23,Girona,Mallorca,W,2023-09-23,Girona,Mallorca,W,Girona,0,0,Mallorca,Girona,L,2023-09-23,Mallorca,Girona,L,Mallorca
1,0,2023-09-27,Girona,Villarreal,W,2023-09-27,Girona,Villarreal,W,Girona,0,0,Villarreal,Girona,L,2023-09-27,Villarreal,Girona,L,Villarreal
0,1,2023-09-30,Girona,Real Madrid,L,2023-09-30,Girona,Real Madrid,L,Girona,1,1,Real Madrid,Girona,W,2023-09-30,Real Madrid,Girona,W,Real Madrid
1,0,2023-10-07,Girona,Cadiz,W,2023-10-07,Girona,Cadiz,W,Girona,0,0,Cadiz,Girona,L,2023-10-07,Cadiz,Girona,L,Cadiz
1,0,2023-10-22,Girona,Almeria,W,2023-10-22,Girona,Almeria,W,Girona,0,0,Almeria,Girona,L,2023-10-22,Almeria,Girona,L,Almeria
1,1,2023-10-27,Girona,Celta,W,2023-10-27,Girona,Celta,W,Girona,0,0,Celta,Girona,L,2023-10-27,Celta,Girona,L,Celta
1,0,2023-11-04,Girona,Osasuna,W,2023-11-04,Girona,Osasuna,W,Girona,0,0,Osasuna,Girona,L,2023-11-04,Osasuna,Girona,L,Osasuna
1,0,2023-11-11,Girona,Vallecano,W,2023-11-11,Girona,Vallecano,W,Girona,0,0,Vallecano,Girona,L,2023-11-11,Vallecano,Girona,L,Vallecano
0,0,2023-11-27,Girona,Ath Bilbao,D,2023-11-27,Girona,Ath Bilbao,D,Girona,0,0,Ath Bilbao,Girona,D,2023-11-27,Ath Bilbao,Girona,D,Ath Bilbao
1,0,2023-12-02,Girona,Valencia,W,2023-12-02,Girona,Valencia,W,Girona,0,0,Valencia,Girona,L,2023-12-02,Valencia,Girona,L,Valencia
1,0,2023-12-10,Girona,Barcelona,W,2023-12-10,Girona,Barcelona,W,Girona,0,0,Barcelona,Girona,L,2023-12-10,Barcelona,Girona,L,Barcelona
1,0,2023-12-18,Girona,Alaves,W,2023-12-18,Girona,Alaves,W,Girona,0,0,Alaves,Girona,L,2023-12-18,Alaves,Girona,L,Alaves
0,0,2023-12-21,Girona,Betis,D,2023-12-21,Girona,Betis,D,Girona,0,0,Betis,Girona,D,2023-12-21,Betis,Girona,D,Betis
1,0,2024-01-03,Girona,Ath Madrid,W,2024-01-03,Girona,Ath Madrid,W,Girona,0,0,Ath Madrid,Girona,L,2024-01-03,Ath Madrid,Girona,L,Ath Madrid
0,0,2024-01-14,Girona,Almeria,D,2024-01-14,Girona,Almeria,D,Girona,0,0,Almeria,Girona,D,2024-01-14,Almeria,Girona,D,Almeria
1,0,2024-01-21,Girona,Sevilla,W,2024-01-21,Girona,Sevilla,W,Girona,0,0,Sevilla,Girona,L,2024-01-21,Sevilla,Girona,L,Sevilla
1,0,2024-01-28,Girona,Celta,W,2024-01-28,Girona,Celta,W,Girona,0,0,Celta,Girona,L,2024-01-28,Celta,Girona,L,Celta
0,0,2024-02-03,Girona,Sociedad,D,2024-02-03,Girona,Sociedad,D,Girona,0,0,Sociedad,Girona,D,2024-02-03,Sociedad,Girona,D,Sociedad
0,0,2024-02-10,Girona,Real Madrid,L,2024-02-10,Girona,Real Madrid,L,Girona,1,0,Real Madrid,Girona,W,2024-02-10,Real Madrid,Girona,W,Real Madrid
0,0,2024-02-19,Girona,Ath Bilbao,L,2024-02-19,Girona,Ath Bilbao,L,Girona,1,0,Ath Bilbao,Girona,W,2024-02-19,Ath Bilbao,Girona,W,Ath Bilbao
1,0,2024-02-26,Girona,Vallecano,W,2024-02-26,Girona,Vallecano,W,Girona,0,0,Vallecano,Girona,L,2024-02-26,Vallecano,Girona,L,Vallecano
0,0,2024-03-03,Girona,Mallorca,L,2024-03-03,Girona,Mallorca,L,Girona,1,0,Mallorca,Girona,W,2024-03-03,Mallorca,Girona,W,Mallorca
1,0,2024-03-09,Girona,Osasuna,W,2024-03-09,Girona,Osasuna,W,Girona,0,0,Osasuna,Girona,L,2024-03-09,Osasuna,Girona,L,Osasuna
0,0,2024-03-16,Girona,Getafe,L,2024-03-16,Girona,Getafe,L,Girona,1,0,Getafe,Girona,W,2024-03-16,Getafe,Girona,W,Getafe
1,0,2024-03-31,Girona,Betis,W,2024-03-31,Girona,Betis,W,Girona,0,0,Betis,Girona,L,2024-03-31,Betis,Girona,L,Betis
0,0,2024-04-13,Girona,Ath Madrid,L,2024-04-13,Girona,Ath Madrid,L,Girona,1,0,Ath Madrid,Girona,W,2024-04-13,Ath Madrid,Girona,W,Ath Madrid
1,0,2024-04-20,Girona,Cadiz,W,2024-04-20,Girona,Cadiz,W,Girona,0,0,Cadiz,Girona,L,2024-04-20,Cadiz,Girona,L,Cadiz
1,0,2024-04-27,Girona,Las Palmas,W,2024-04-27,Girona,Las Palmas,W,Girona,0,0,Las Palmas,Girona,L,2024-04-27,Las Palmas,Girona,L,Las Palmas
1,0,2024-05-04,Girona,Barcelona,W,2024-05-04,Girona,Barcelona,W,Girona,0,1,Barcelona,Girona,L,2024-05-04,Barcelona,Girona,L,Barcelona
0,0,2024-05-10,Girona,Alaves,D,2024-05-10,Girona,Alaves,D,Girona,0,0,Alaves,Girona,D,2024-05-10,Alaves,Girona,D,Alaves
0,0,2024-05-14,Girona,Villarreal,L,2024-05-14,Girona,Villarreal,L,Girona,1,0,Villarreal,Girona,W,2024-05-14,Villarreal,Girona,W,Villarreal
1,0,2024-05-19,Girona,Valencia,W,2024-05-19,Girona,Valencia,W,Girona,0,0,Valencia,Girona,L,2024-05-19,Valencia,Girona,L,Valencia
1,1,2024-05-24,Girona,Granada,W,2024-05-24,Girona,Granada,W,Girona,0,0,Granada,Girona,L,2024-05-24,Granada,Girona,L,Granada
0,1,2024-08-15,Girona,Betis,D,2024-08-15,Girona,Betis,D,Girona,0,0,Betis,Girona,D,2024-08-15,Betis,Girona,D,Betis
0,0,2024-08-25,Girona,Ath Madrid,L,2024-08-25,Girona,Ath Madrid,L,Girona,1,0,Ath Madrid,Girona,W,2024-08-25,Ath Madrid,Girona,W,Ath Madrid
1,1,2024-08-29,Girona,Osasuna,W,2024-08-29,Girona,Osasuna,W,Girona,0,0,Osasuna,Girona,L,2024-08-29,Osasuna,Girona,L,Osasuna
1,0,2024-09-01,Girona,Sevilla,W,2024-09-01,Girona,Sevilla,W,Girona,0,1,Sevilla,Girona,L,2024-09-01,Sevilla,Girona,L,Sevilla
0,0,2024-09-15,Girona,Barcelona,L,2024-09-15,Girona,Barcelona,L,Girona,1,1,Barcelona,Girona,W,2024-09-15,Barcelona,Girona,W,Barcelona
0,0,2024-09-21,Girona,Valencia,L,2024-09-21,Girona,Valencia,L,Girona,1,0,Valencia,Girona,W,2024-09-21,Valencia,Girona,W,Valencia
0,0,2024-09-25,Girona,Vallecano,D,2024-09-25,Girona,Vallecano,D,Girona,0,0,Vallecano,Girona,D,2024-09-25,Vallecano,Girona,D,Vallecano
0,0,2024-09-29,Girona,Celta,D,2024-09-29,Girona,Celta,D,Girona,0,0,Celta,Girona,D,2024-09-29,Celta,Girona,D,Celta
1,0,2024-10-06,Girona,Ath Bilbao,W,2024-10-06,Girona,Ath Bilbao,W,Girona,0,0,Ath Bilbao,Girona,L,2024-10-06,Ath Bilbao,Girona,L,Ath Bilbao
0,0,2024-10-19,Girona,Sociedad,L,2024-10-19,Girona,Sociedad,L,Girona,1,0,Sociedad,Girona,W,2024-10-19,Sociedad,Girona,W,Sociedad
0,0,2024-10-26,Girona,Las Palmas,L,2024-10-26,Girona,Las Palmas,L,Girona,1,0,Las Palmas,Girona,W,2024-10-26,Las Palmas,Girona,W,Las Palmas
1,0,2024-11-02,Girona,Leganes,W,2024-11-02,Girona,Leganes,W,Girona,0,0,Leganes,Girona,L,2024-11-02,Leganes,Girona,L,Leganes
1,0,2024-11-10,Girona,Getafe,W,2024-11-10,Girona,Getafe,W,Girona,0,0,Getafe,Girona,L,2024-11-10,Getafe,Girona,L,Getafe
1,0,2024-11-23,Girona,Espanol,W,2024-11-23,Girona,Espanol,W,Girona,0,0,Espanol,Girona,L,2024-11-23,Espanol,Girona,L,Espanol
0,0,2024-12-01,Girona,Villarreal,D,2024-12-01,Girona,Villarreal,D,Girona,0,1,Villarreal,Girona,D,2024-12-01,Villarreal,Girona,D,Villarreal
0,0,2024-12-07,Girona,Real Madrid,L,2024-12-07,Girona,Real Madrid,L,Girona,1,0,Real Madrid,Girona,W,2024-12-07,Real Madrid,Girona,W,Real Madrid
0,0,2024-12-14,Girona,Mallorca,L,2024-12-14,Girona,Mallorca,L,Girona,1,0,Mallorca,Girona,W,2024-12-14,Mallorca,Girona,W,Mallorca
1,0,2024-12-20,Girona,Valladolid,W,2024-12-20,Girona,Valladolid,W,Girona,0,0,Valladolid,Girona,L,2024-12-20,Valladolid,Girona,L,Valladolid
1,0,2025-01-11,Girona,Alaves,W,2025-01-11,Girona,Alaves,W,Girona,0,0,Alaves,Girona,L,2025-01-11,Alaves,Girona,L,Alaves
0,0,2025-01-18,Girona,Sevilla,L,2025-01-18,Girona,Sevilla,L,Girona,1,0,Sevilla,Girona,W,2025-01-18,Sevilla,Girona,W,Sevilla
0,0,2025-01-26,Girona,Vallecano,L,2025-01-26,Girona,Vallecano,L,Girona,1,0,Vallecano,Girona,W,2025-01-26,Vallecano,Girona,W,Vallecano
1,0,2025-02-03,Girona,Las Palmas,W,2025-02-03,Girona,Las Palmas,W,Girona,0,0,Las Palmas,Girona,L,2025-02-03,Las Palmas,Girona,L,Las Palmas
0,0,2025-02-08,Girona,Ath Bilbao,L,2025-02-08,Girona,Ath Bilbao,L,Girona,1,1,Ath Bilbao,Girona,W,2025-02-08,Ath Bilbao,Girona,W,Ath Bilbao
0,0,2025-02-14,Girona,Getafe,L,2025-02-14,Girona,Getafe,L,Girona,1,0,Getafe,Girona,W,2025-02-14,Getafe,Girona,W,Getafe
0,0,2025-02-23,Girona,Real Madrid,L,2025-02-23,Girona,Real Madrid,L,Girona,1,1,Real Madrid,Girona,W,2025-02-23,Real Madrid,Girona,W,Real Madrid
0,0,2025-03-01,Girona,Celta,D,2025-03-01,Girona,Celta,D,Girona,0,0,Celta,Girona,D,2025-03-01,Celta,Girona,D,Celta
0,0,2025-03-10,Girona,Espanol,D,2025-03-10,Girona,Espanol,D,Girona,0,0,Espanol,Girona,D,2025-03-10,Espanol,Girona,D,Espanol
0,0,2025-03-15,Girona,Valencia,D,2025-03-15,Girona,Valencia,D,Girona,0,0,Valencia,Girona,D,2025-03-15,Valencia,Girona,D,Valencia
0,0,2025-03-30,Girona,Barcelona,L,2025-03-30,Girona,Barcelona,L,Girona,1,1,Barcelona,Girona,W,2025-03-30,Barcelona,Girona,W,Barcelona
0,0,2025-04-05,Girona,Alaves,L,2025-04-05,Girona,Alaves,L,Girona,1,0,Alaves,Girona,W,2025-04-05,Alaves,Girona,W,Alaves
0,0,2025-04-13,Girona,Osasuna,L,2025-04-13,Girona,Osasuna,L,Girona,1,0,Osasuna,Girona,W,2025-04-13,Osasuna,Girona,W,Osasuna
0,0,2025-04-21,Girona,Betis,L,2025-04-21,Girona,Betis,L,Girona,1,0,Betis,Girona,W,2025-04-21,Betis,Girona,W,Betis
0,0,2025-04-24,Girona,Leganes,D,2025-04-24,Girona,Leganes,D,Girona,0,0,Leganes,Girona,D,2025-04-24,Leganes,Girona,D,Leganes
1,0,2025-05-05,Girona,Mallorca,W,2025-05-05,Girona,Mallorca,W,Girona,0,0,Mallorca,Girona,L,2025-05-05,Mallorca,Girona,L,Mallorca
0,0,2025-05-10,Girona,Villarreal,L,2025-05-10,Girona,Villarreal,L,Girona,1,0,Villarreal,Girona,W,2025-05-10,Villarreal,Girona,W,Villarreal
1,0,2025-05-13,Girona,Valladolid,W,2025-05-13,Girona,Valladolid,W,Girona,0,0,Valladolid,Girona,L,2025-05-13,Valladolid,Girona,L,Valladolid
0,0,2025-05-18,Girona,Sociedad,L,2025-05-18,Girona,Sociedad,L,Girona,1,0,Sociedad,Girona,W,2025-05-18,Sociedad,Girona,W,Sociedad
0,0,2025-05-25,Girona,Ath Madrid,L,2025-05-25,Girona,Ath Madrid,L,Girona,1,0,Ath Madrid,Girona,W,2025-05-25,Ath Madrid,Girona,W,Ath Madrid
0,0,2023-08-14,Granada,Ath Madrid,L,2023-08-14,Granada,Ath Madrid,L,Granada,1,0,Ath Madrid,Granada,W,2023-08-14,Ath Madrid,Granada,W,Ath Madrid
0,0,2023-08-21,Granada,Vallecano,L,2023-08-21,Granada,Vallecano,L,Granada,1,0,Vallecano,Granada,W,2023-08-21,Vallecano,Granada,W,Vallecano
1,0,2023-08-26,Granada,Mallorca,W,2023-08-26,Granada,Mallorca,W,Granada,0,0,Mallorca,Granada,L,2023-08-26,Mallorca,Granada,L,Mallorca
0,0,2023-09-02,Granada,Sociedad,L,2023-09-02,Granada,Sociedad,L,Granada,1,0,Sociedad,Granada,W,2023-09-02,Sociedad,Granada,W,Sociedad
0,0,2023-09-18,Granada,Girona,L,2023-09-18,Granada,Girona,L,Granada,1,0,Girona,Granada,W,2023-09-18,Girona,Granada,W,Girona
0,0,2023-09-24,Granada,Las Palmas,L,2023-09-24,Granada,Las Palmas,L,Granada,1,0,Las Palmas,Granada,W,2023-09-24,Las Palmas,Granada,W,Las Palmas
0,0,2023-09-28,Granada,Betis,D,2023-09-28,Granada,Betis,D,Granada,0,0,Betis,Granada,D,2023-09-28,Betis,Granada,D,Betis
0,0,2023-10-01,Granada,Almeria,D,2023-10-01,Granada,Almeria,D,Granada,0,0,Almeria,Granada,D,2023-10-01,Almeria,Granada,D,Almeria
0,0,2023-10-08,Granada,Barcelona,D,2023-10-08,Granada,Barcelona,D,Granada,0,0,Barcelona,Granada,D,2023-10-08,Barcelona,Granada,D,Barcelona
0,0,2023-10-20,Granada,Osasuna,L,2023-10-20,Granada,Osasuna,L,Granada,1,0,Osasuna,Granada,W,2023-10-20,Osasuna,Granada,W,Osasuna
0,0,2023-10-30,Granada,Villarreal,L,2023-10-30,Granada,Villarreal,L,Granada,1,0,Villarreal,Granada,W,2023-10-30,Villarreal,Granada,W,Villarreal
0,0,2023-11-05,Granada,Valencia,L,2023-11-05,Granada,Valencia,L,Granada,1,0,Valencia,Granada,W,2023-11-05,Valencia,Granada,W,Valencia
0,0,2023-11-11,Granada,Getafe,D,2023-11-11,Granada,Getafe,D,Granada,0,0,Getafe,Granada,D,2023-11-11,Getafe,Granada,D,Getafe
0,0,2023-11-24,Granada,Alaves,L,2023-11-24,Granada,Alaves,L,Granada,1,0,Alaves,Granada,W,2023-11-24,Alaves,Granada,W,Alaves
0,0,2023-12-02,Granada,Real Madrid,L,2023-12-02,Granada,Real Madrid,L,Granada,1,1,Real Madrid,Granada,W,2023-12-02,Real Madrid,Granada,W,Real Madrid
0,0,2023-12-11,Granada,Ath Bilbao,D,2023-12-11,Granada,Ath Bilbao,D,Granada,0,0,Ath Bilbao,Granada,D,2023-12-11,Ath Bilbao,Granada,D,Ath Bilbao
0,0,2023-12-16,Granada,Celta,L,2023-12-16,Granada,Celta,L,Granada,1,0,Celta,Granada,W,2023-12-16,Celta,Granada,W,Celta
0,0,2023-12-19,Granada,Sevilla,L,2023-12-19,Granada,Sevilla,L,Granada,1,0,Sevilla,Granada,W,2023-12-19,Sevilla,Granada,W,Sevilla
1,0,2024-01-03,Granada,Cadiz,W,2024-01-03,Granada,Cadiz,W,Granada,0,0,Cadiz,Granada,L,2024-01-03,Cadiz,Granada,L,Cadiz
0,0,2024-01-13,Granada,Betis,L,2024-01-13,Granada,Betis,L,Granada,1,0,Betis,Granada,W,2024-01-13,Betis,Granada,W,Betis
0,0,2024-01-22,Granada,Ath Madrid,L,2024-01-22,Granada,Ath Madrid,L,Granada,1,0,Ath Madrid,Granada,W,2024-01-22,Ath Madrid,Granada,W,Ath Madrid
0,0,2024-01-29,Granada,Getafe,L,2024-01-29,Granada,Getafe,L,Granada,1,0,Getafe,Granada,W,2024-01-29,Getafe,Granada,W,Getafe
0,0,2024-02-03,Granada,Las Palmas,D,2024-02-03,Granada,Las Palmas,D,Granada,0,0,Las Palmas,Granada,D,2024-02-03,Las Palmas,Granada,D,Las Palmas
0,0,2024-02-11,Granada,Barcelona,D,2024-02-11,Granada,Barcelona,D,Granada,0,0,Barcelona,Granada,D,2024-02-11,Barcelona,Granada,D,Barcelona
0,0,2024-02-18,Granada,Almeria,D,2024-02-18,Granada,Almeria,D,Granada,0,0,Almeria,Granada,D,2024-02-18,Almeria,Granada,D,Almeria
0,0,2024-03-03,Granada,Villarreal,L,2024-03-03,Granada,Villarreal,L,Granada,1,0,Villarreal,Granada,W,2024-03-03,Villarreal,Granada,W,Villarreal
0,0,2024-03-09,Granada,Sociedad,L,2024-03-09,Granada,Sociedad,L,Granada,1,0,Sociedad,Granada,W,2024-03-09,Sociedad,Granada,W,Sociedad
0,0,2024-03-16,Granada,Mallorca,L,2024-03-16,Granada,Mallorca,L,Granada,1,0,Mallorca,Granada,W,2024-03-16,Mallorca,Granada,W,Mallorca
0,0,2024-03-29,Granada,Cadiz,L,2024-03-29,Granada,Cadiz,L,Granada,1,0,Cadiz,Granada,W,2024-03-29,Cadiz,Granada,W,Cadiz
0,0,2024-04-04,Granada,Valencia,L,2024-04-04,Granada,Valencia,L,Granada,1,0,Valencia,Granada,W,2024-04-04,Valencia,Granada,W,Valencia
1,0,2024-04-14,Granada,Alaves,W,2024-04-14,Granada,Alaves,W,Granada,0,0,Alaves,Granada,L,2024-04-14,Alaves,Granada,L,Alaves
0,0,2024-04-19,Granada,Ath Bilbao,D,2024-04-19,Granada,Ath Bilbao,D,Granada,0,0,Ath Bilbao,Granada,D,2024-04-19,Ath Bilbao,Granada,D,Ath Bilbao
1,0,2024-04-28,Granada,Osasuna,W,2024-04-28,Granada,Osasuna,W,Granada,0,0,Osasuna,Granada,L,2024-04-28,Osasuna,Granada,L,Osasuna
0,0,2024-05-05,Granada,Sevilla,L,2024-05-05,Granada,Sevilla,L,Granada,1,0,Sevilla,Granada,W,2024-05-05,Sevilla,Granada,W,Sevilla
0,0,2024-05-11,Granada,Real Madrid,L,2024-05-11,Granada,Real Madrid,L,Granada,1,0,Real Madrid,Granada,W,2024-05-11,Real Madrid,Granada,W,Real Madrid
0,0,2024-05-15,Granada,Vallecano,L,2024-05-15,Granada,Vallecano,L,Granada,1,1,Vallecano,Granada,W,2024-05-15,Vallecano,Granada,W,Vallecano
0,0,2024-05-19,Granada,Celta,L,2024-05-19,Granada,Celta,L,Granada,1,0,Celta,Granada,W,2024-05-19,Celta,Granada,W,Celta
0,0,2024-05-24,Granada,Girona,L,2024-05-24,Granada,Girona,L,Granada,1,1,Girona,Granada,W,2024-05-24,Girona,Granada,W,Girona
0,0,2023-09-03,Las Palmas,Girona,L,2023-09-03,Las Palmas,Girona,L,Las Palmas,1,0,Girona,Las Palmas,W,2023-09-03,Girona,Las Palmas,W,Girona
0,0,2023-09-17,Las Palmas,Sevilla,L,2023-09-17,Las Palmas,Sevilla,L,Las Palmas,1,0,Sevilla,Las Palmas,W,2023-09-17,Sevilla,Las Palmas,W,Sevilla
1,0,2023-09-24,Las Palmas,Granada,W,2023-09-24,Las Palmas,Granada,W,Las Palmas,0,0,Granada,Las Palmas,L,2023-09-24,Granada,Las Palmas,L,Granada
0,0,2023-09-27,Las Palmas,Real Madrid,L,2023-09-27,Las Palmas,Real Madrid,L,Las Palmas,1,1,Real Madrid,Las Palmas,W,2023-09-27,Real Madrid,Las Palmas,W,Real Madrid
1,0,2023-10-02,Las Palmas,Celta,W,2023-10-02,Las Palmas,Celta,W,Las Palmas,0,0,Celta,Las Palmas,L,2023-10-02,Celta,Las Palmas,L,Celta
1,0,2023-10-08,Las Palmas,Villarreal,W,2023-10-08,Las Palmas,Villarreal,W,Las Palmas,0,0,Villarreal,Las Palmas,L,2023-10-08,Villarreal,Las Palmas,L,Villarreal
0,0,2023-10-22,Las Palmas,Vallecano,L,2023-10-22,Las Palmas,Vallecano,L,Las Palmas,1,0,Vallecano,Las Palmas,W,2023-10-22,Vallecano,Las Palmas,W,Vallecano
1,0,2023-10-28,Las Palmas,Almeria,W,2023-10-28,Las Palmas,Almeria,W,Las Palmas,0,0,Almeria,Las Palmas,L,2023-10-28,Almeria,Las Palmas,L,Almeria
1,0,2023-11-03,Las Palmas,Ath Madrid,W,2023-11-03,Las Palmas,Ath Madrid,W,Las Palmas,0,0,Ath Madrid,Las Palmas,L,2023-11-03,Ath Madrid,Las Palmas,L,Ath Madrid
0,0,2023-11-11,Las Palmas,Osasuna,D,2023-11-11,Las Palmas,Osasuna,D,Las Palmas,0,0,Osasuna,Las Palmas,D,2023-11-11,Osasuna,Las Palmas,D,Osasuna
0,0,2023-11-26,Las Palmas,Betis,L,2023-11-26,Las Palmas,Betis,L,Las Palmas,1,0,Betis,Las Palmas,W,2023-11-26,Betis,Las Palmas,W,Betis
1,0,2023-12-01,Las Palmas,Getafe,W,2023-12-01,Las Palmas,Getafe,W,Las Palmas,0,0,Getafe,Las Palmas,L,2023-12-01,Getafe,Las Palmas,L,Getafe
1,0,2023-12-09,Las Palmas,Alaves,W,2023-12-09,Las Palmas,Alaves,W,Las Palmas,0,0,Alaves,Las Palmas,L,2023-12-09,Alaves,Las Palmas,L,Alaves
0,0,2023-12-17,Las Palmas,Cadiz,D,2023-12-17,Las Palmas,Cadiz,D,Las Palmas,0,0,Cadiz,Las Palmas,D,2023-12-17,Cadiz,Las Palmas,D,Cadiz
0,0,2023-12-20,Las Palmas,Ath Bilbao,L,2023-12-20,Las Palmas,Ath Bilbao,L,Las Palmas,1,1,Ath Bilbao,Las Palmas,W,2023-12-20,Ath Bilbao,Las Palmas,W,Ath Bilbao
0,0,2024-01-04,Las Palmas,Barcelona,L,2024-01-04,Las Palmas,Barcelona,L,Las Palmas,1,1,Barcelona,Las Palmas,W,2024-01-04,Barcelona,Las Palmas,W,Barcelona
1,0,2024-01-13,Las Palmas,Villarreal,W,2024-01-13,Las Palmas,Villarreal,W,Las Palmas,0,0,Villarreal,Las Palmas,L,2024-01-13,Villarreal,Las Palmas,L,Villarreal
1,0,2024-01-20,Las Palmas,Vallecano,W,2024-01-20,Las Palmas,Vallecano,W,Las Palmas,0,0,Vallecano,Las Palmas,L,2024-01-20,Vallecano,Las Palmas,L,Vallecano
0,0,2024-01-27,Las Palmas,Real Madrid,L,2024-01-27,Las Palmas,Real Madrid,L,Las Palmas,1,0,Real Madrid,Las Palmas,W,2024-01-27,Real Madrid,Las Palmas,W,Real Madrid
0,0,2024-02-03,Las Palmas,Granada,D,2024-02-03,Las Palmas,Granada,D,Las Palmas,0,0,Granada,Las Palmas,D,2024-02-03,Granada,Las Palmas,D,Granada
1,0,2024-02-10,Las Palmas,Valencia,W,2024-02-10,Las Palmas,Valencia,W,Las Palmas,0,0,Valencia,Las Palmas,L,2024-02-10,Valencia,Las Palmas,L,Valencia
0,0,2024-02-17,Las Palmas,Ath Madrid,L,2024-02-17,Las Palmas,Ath Madrid,L,Las Palmas,1,0,Ath Madrid,Las Palmas,W,2024-02-17,Ath Madrid,Las Palmas,W,Ath Madrid
0,0,2024-02-25,Las Palmas,Osasuna,D,2024-02-25,Las Palmas,Osasuna,D,Las Palmas,0,0,Osasuna,Las Palmas,D,2024-02-25,Osasuna,Las Palmas,D,Osasuna
0,0,2024-03-02,Las Palmas,Getafe,D,2024-03-02,Las Palmas,Getafe,D,Las Palmas,0,0,Getafe,Las Palmas,D,2024-03-02,Getafe,Las Palmas,D,Getafe
0,0,2024-03-10,Las Palmas,Ath Bilbao,L,2024-03-10,Las Palmas,Ath Bilbao,L,Las Palmas,1,0,Ath Bilbao,Las Palmas,W,2024-03-10,Ath Bilbao,Las Palmas,W,Ath Bilbao
0,0,2024-03-17,Las Palmas,Almeria,L,2024-03-17,Las Palmas,Almeria,L,Las Palmas,1,0,Almeria,Las Palmas,W,2024-03-17,Almeria,Las Palmas,W,Almeria
0,0,2024-03-30,Las Palmas,Barcelona,L,2024-03-30,Las Palmas,Barcelona,L,Las Palmas,1,0,Barcelona,Las Palmas,W,2024-03-30,Barcelona,Las Palmas,W,Barcelona
0,0,2024-04-14,Las Palmas,Sevilla,L,2024-04-14,Las Palmas,Sevilla,L,Las Palmas,1,0,Sevilla,Las Palmas,W,2024-04-14,Sevilla,Las Palmas,W,Sevilla
0,0,2024-04-20,Las Palmas,Celta,L,2024-04-20,Las Palmas,Celta,L,Las Palmas,1,0,Celta,Las Palmas,W,2024-04-20,Celta,Las Palmas,W,Celta
0,0,2024-04-27,Las Palmas,Girona,L,2024-04-27,Las Palmas,Girona,L,Las Palmas,1,0,Girona,Las Palmas,W,2024-04-27,Girona,Las Palmas,W,Girona
0,0,2024-05-04,Las Palmas,Sociedad,L,2024-05-04,Las Palmas,Sociedad,L,Las Palmas,1,0,Sociedad,Las Palmas,W,2024-05-04,Sociedad,Las Palmas,W,Sociedad
0,0,2024-05-11,Las Palmas,Mallorca,L,2024-05-11,Las Palmas,Mallorca,L,Las Palmas,1,0,Mallorca,Las Palmas,W,2024-05-11,Mallorca,Las Palmas,W,Mallorca
0,0,2024-05-16,Las Palmas,Betis,D,2024-05-16,Las Palmas,Betis,D,Las Palmas,0,0,Betis,Las Palmas,D,2024-05-16,Betis,Las Palmas,D,Betis
0,0,2024-05-19,Las Palmas,Cadiz,D,2024-05-19,Las Palmas,Cadiz,D,Las Palmas,0,0,Cadiz,Las Palmas,D,2024-05-19,Cadiz,Las Palmas,D,Cadiz
0,0,2024-05-26,Las Palmas,Alaves,D,2024-05-26,Las Palmas,Alaves,D,Las Palmas,0,0,Alaves,Las Palmas,D,2024-05-26,Alaves,Las Palmas,D,Alaves
0,0,2024-08-16,Las Palmas,Sevilla,D,2024-08-16,Las Palmas,Sevilla,D,Las Palmas,0,0,Sevilla,Las Palmas,D,2024-08-16,Sevilla,Las Palmas,D,Sevilla
0,0,2024-08-29,Las Palmas,Real Madrid,D,2024-08-29,Las Palmas,Real Madrid,D,Las Palmas,0,0,Real Madrid,Las Palmas,D,2024-08-29,Real Madrid,Las Palmas,D,Real Madrid
0,0,2024-09-01,Las Palmas,Alaves,L,2024-09-01,Las Palmas,Alaves,L,Las Palmas,1,0,Alaves,Las Palmas,W,2024-09-01,Alaves,Las Palmas,W,Alaves
0,0,2024-09-15,Las Palmas,Ath Bilbao,L,2024-09-15,Las Palmas,Ath Bilbao,L,Las Palmas,1,0,Ath Bilbao,Las Palmas,W,2024-09-15,Ath Bilbao,Las Palmas,W,Ath Bilbao
0,0,2024-09-21,Las Palmas,Osasuna,L,2024-09-21,Las Palmas,Osasuna,L,Las Palmas,1,0,Osasuna,Las Palmas,W,2024-09-21,Osasuna,Las Palmas,W,Osasuna
0,0,2024-09-26,Las Palmas,Betis,D,2024-09-26,Las Palmas,Betis,D,Las Palmas,0,0,Betis,Las Palmas,D,2024-09-26,Betis,Las Palmas,D,Betis
0,0,2024-09-30,Las Palmas,Villarreal,L,2024-09-30,Las Palmas,Villarreal,L,Las Palmas,1,0,Villarreal,Las Palmas,W,2024-09-30,Villarreal,Las Palmas,W,Villarreal
0,0,2024-10-05,Las Palmas,Celta,L,2024-10-05,Las Palmas,Celta,L,Las Palmas,1,0,Celta,Las Palmas,W,2024-10-05,Celta,Las Palmas,W,Celta
1,0,2024-10-21,Las Palmas,Valencia,W,2024-10-21,Las Palmas,Valencia,W,Las Palmas,0,0,Valencia,Las Palmas,L,2024-10-21,Valencia,Las Palmas,L,Valencia
1,0,2024-10-26,Las Palmas,Girona,W,2024-10-26,Las Palmas,Girona,W,Las Palmas,0,0,Girona,Las Palmas,L,2024-10-26,Girona,Las Palmas,L,Girona
0,0,2024-11-03,Las Palmas,Ath Madrid,L,2024-11-03,Las Palmas,Ath Madrid,L,Las Palmas,1,0,Ath Madrid,Las Palmas,W,2024-11-03,Ath Madrid,Las Palmas,W,Ath Madrid
1,0,2024-11-08,Las Palmas,Vallecano,W,2024-11-08,Las Palmas,Vallecano,W,Las Palmas,0,0,Vallecano,Las Palmas,L,2024-11-08,Vallecano,Las Palmas,L,Vallecano
0,0,2024-11-23,Las Palmas,Mallorca,L,2024-11-23,Las Palmas,Mallorca,L,Las Palmas,1,0,Mallorca,Las Palmas,W,2024-11-23,Mallorca,Las Palmas,W,Mallorca
1,0,2024-11-30,Las Palmas,Barcelona,W,2024-11-30,Las Palmas,Barcelona,W,Las Palmas,0,0,Barcelona,Las Palmas,L,2024-11-30,Barcelona,Las Palmas,L,Barcelona
1,0,2024-12-07,Las Palmas,Valladolid,W,2024-12-07,Las Palmas,Valladolid,W,Las Palmas,0,0,Valladolid,Las Palmas,L,2024-12-07,Valladolid,Las Palmas,L,Valladolid
0,0,2024-12-15,Las Palmas,Sociedad,D,2024-12-15,Las Palmas,Sociedad,D,Las Palmas,0,0,Sociedad,Las Palmas,D,2024-12-15,Sociedad,Las Palmas,D,Sociedad
1,0,2024-12-22,Las Palmas,Espanol,W,2024-12-22,Las Palmas,Espanol,W,Las Palmas,0,0,Espanol,Las Palmas,L,2024-12-22,Espanol,Las Palmas,L,Espanol
0,0,2025-01-12,Las Palmas,Getafe,L,2025-01-12,Las Palmas,Getafe,L,Las Palmas,1,0,Getafe,Las Palmas,W,2025-01-12,Getafe,Las Palmas,W,Getafe
0,0,2025-01-19,Las Palmas,Real Madrid,L,2025-01-19,Las Palmas,Real Madrid,L,Las Palmas,1,0,Real Madrid,Las Palmas,W,2025-01-19,Real Madrid,Las Palmas,W,Real Madrid
0,0,2025-01-24,Las Palmas,Osasuna,D,2025-01-24,Las Palmas,Osasuna,D,Las Palmas,0,0,Osasuna,Las Palmas,D,2025-01-24,Osasuna,Las Palmas,D,Osasuna
0,0,2025-02-03,Las Palmas,Girona,L,2025-02-03,Las Palmas,Girona,L,Las Palmas,1,0,Girona,Las Palmas,W,2025-02-03,Girona,Las Palmas,W,Girona
0,0,2025-02-08,Las Palmas,Villarreal,L,2025-02-08,Las Palmas,Villarreal,L,Las Palmas,1,0,Villarreal,Las Palmas,W,2025-02-08,Villarreal,Las Palmas,W,Villarreal
0,0,2025-02-16,Las Palmas,Mallorca,L,2025-02-16,Las Palmas,Mallorca,L,Las Palmas,1,0,Mallorca,Las Palmas,W,2025-02-16,Mallorca,Las Palmas,W,Mallorca
0,0,2025-02-22,Las Palmas,Barcelona,L,2025-02-22,Las Palmas,Barcelona,L,Las Palmas,1,0,Barcelona,Las Palmas,W,2025-02-22,Barcelona,Las Palmas,W,Barcelona
0,0,2025-02-28,Las Palmas,Valladolid,D,2025-02-28,Las Palmas,Valladolid,D,Las Palmas,0,0,Valladolid,Las Palmas,D,2025-02-28,Valladolid,Las Palmas,D,Valladolid
0,0,2025-03-09,Las Palmas,Betis,L,2025-03-09,Las Palmas,Betis,L,Las Palmas,1,1,Betis,Las Palmas,W,2025-03-09,Betis,Las Palmas,W,Betis
0,0,2025-03-14,Las Palmas,Alaves,D,2025-03-14,Las Palmas,Alaves,D,Las Palmas,0,0,Alaves,Las Palmas,D,2025-03-14,Alaves,Las Palmas,D,Alaves
0,0,2025-03-31,Las Palmas,Celta,D,2025-03-31,Las Palmas,Celta,D,Las Palmas,0,0,Celta,Las Palmas,D,2025-03-31,Celta,Las Palmas,D,Celta
0,0,2025-04-06,Las Palmas,Sociedad,L,2025-04-06,Las Palmas,Sociedad,L,Las Palmas,1,0,Sociedad,Las Palmas,W,2025-04-06,Sociedad,Las Palmas,W,Sociedad
1,0,2025-04-12,Las Palmas,Getafe,W,2025-04-12,Las Palmas,Getafe,W,Las Palmas,0,0,Getafe,Las Palmas,L,2025-04-12,Getafe,Las Palmas,L,Getafe
1,0,2025-04-19,Las Palmas,Ath Madrid,W,2025-04-19,Las Palmas,Ath Madrid,W,Las Palmas,0,0,Ath Madrid,Las Palmas,L,2025-04-19,Ath Madrid,Las Palmas,L,Ath Madrid
0,0,2025-04-23,Las Palmas,Ath Bilbao,L,2025-04-23,Las Palmas,Ath Bilbao,L,Las Palmas,1,0,Ath Bilbao,Las Palmas,W,2025-04-23,Ath Bilbao,Las Palmas,W,Ath Bilbao
0,0,2025-05-03,Las Palmas,Valencia,L,2025-05-03,Las Palmas,Valencia,L,Las Palmas,1,0,Valencia,Las Palmas,W,2025-05-03,Valencia,Las Palmas,W,Valencia
0,0,2025-05-09,Las Palmas,Vallecano,L,2025-05-09,Las Palmas,Vallecano,L,Las Palmas,1,0,Vallecano,Las Palmas,W,2025-05-09,Vallecano,Las Palmas,W,Vallecano
0,0,2025-05-13,Las Palmas,Sevilla,L,2025-05-13,Las Palmas,Sevilla,L,Las Palmas,1,1,Sevilla,Las Palmas,W,2025-05-13,Sevilla,Las Palmas,W,Sevilla
0,0,2025-05-18,Las Palmas,Leganes,L,2025-05-18,Las Palmas,Leganes,L,Las Palmas,1,0,Leganes,Las Palmas,W,2025-05-18,Leganes,Las Palmas,W,Leganes
0,0,2025-05-24,Las Palmas,Espanol,L,2025-05-24,Las Palmas,Espanol,L,Las Palmas,1,0,Espanol,Las Palmas,W,2025-05-24,Espanol,Las Palmas,W,Espanol
0,0,2024-08-31,Leganes,Mallorca,L,2024-08-31,Leganes,Mallorca,L,Leganes,1,0,Mallorca,Leganes,W,2024-08-31,Mallorca,Leganes,W,Mallorca
0,0,2024-09-13,Leganes,Betis,L,2024-09-13,Leganes,Betis,L,Leganes,1,0,Betis,Leganes,W,2024-09-13,Betis,Leganes,W,Betis
0,0,2024-09-19,Leganes,Ath Bilbao,L,2024-09-19,Leganes,Ath Bilbao,L,Leganes,1,0,Ath Bilbao,Leganes,W,2024-09-19,Ath Bilbao,Leganes,W,Ath Bilbao
0,0,2024-09-22,Leganes,Getafe,D,2024-09-22,Leganes,Getafe,D,Leganes,0,0,Getafe,Leganes,D,2024-09-22,Getafe,Leganes,D,Getafe
0,0,2024-09-28,Leganes,Vallecano,D,2024-09-28,Leganes,Vallecano,D,Leganes,0,0,Vallecano,Leganes,D,2024-09-28,Vallecano,Leganes,D,Vallecano
0,0,2024-10-04,Leganes,Valencia,D,2024-10-04,Leganes,Valencia,D,Leganes,0,0,Valencia,Leganes,D,2024-10-04,Valencia,Leganes,D,Valencia
0,0,2024-10-20,Leganes,Ath Madrid,L,2024-10-20,Leganes,Ath Madrid,L,Leganes,1,0,Ath Madrid,Leganes,W,2024-10-20,Ath Madrid,Leganes,W,Ath Madrid
1,0,2024-10-27,Leganes,Celta,W,2024-10-27,Leganes,Celta,W,Leganes,0,0,Celta,Leganes,L,2024-10-27,Celta,Leganes,L,Celta
0,0,2024-11-02,Leganes,Girona,L,2024-11-02,Leganes,Girona,L,Leganes,1,0,Girona,Leganes,W,2024-11-02,Girona,Leganes,W,Girona
1,0,2024-11-09,Leganes,Sevilla,W,2024-11-09,Leganes,Sevilla,W,Leganes,0,0,Sevilla,Leganes,L,2024-11-09,Sevilla,Leganes,L,Sevilla
0,0,2024-11-24,Leganes,Real Madrid,L,2024-11-24,Leganes,Real Madrid,L,Leganes,1,0,Real Madrid,Leganes,W,2024-11-24,Real Madrid,Leganes,W,Real Madrid
0,0,2024-11-30,Leganes,Alaves,D,2024-11-30,Leganes,Alaves,D,Leganes,0,0,Alaves,Leganes,D,2024-11-30,Alaves,Leganes,D,Alaves
0,0,2024-12-08,Leganes,Sociedad,L,2024-12-08,Leganes,Sociedad,L,Leganes,1,0,Sociedad,Leganes,W,2024-12-08,Sociedad,Leganes,W,Sociedad
1,0,2024-12-15,Leganes,Barcelona,W,2024-12-15,Leganes,Barcelona,W,Leganes,0,1,Barcelona,Leganes,L,2024-12-15,Barcelona,Leganes,L,Barcelona
0,0,2024-12-22,Leganes,Villarreal,L,2024-12-22,Leganes,Villarreal,L,Leganes,1,0,Villarreal,Leganes,W,2024-12-22,Villarreal,Leganes,W,Villarreal
0,0,2025-01-11,Leganes,Espanol,D,2025-01-11,Leganes,Espanol,D,Leganes,0,0,Espanol,Leganes,D,2025-01-11,Espanol,Leganes,D,Espanol
1,0,2025-01-18,Leganes,Ath Madrid,W,2025-01-18,Leganes,Ath Madrid,W,Leganes,0,0,Ath Madrid,Leganes,L,2025-01-18,Ath Madrid,Leganes,L,Ath Madrid
0,0,2025-01-26,Leganes,Ath Bilbao,D,2025-01-26,Leganes,Ath Bilbao,D,Leganes,0,0,Ath Bilbao,Leganes,D,2025-01-26,Ath Bilbao,Leganes,D,Ath Bilbao
0,0,2025-01-31,Leganes,Vallecano,L,2025-01-31,Leganes,Vallecano,L,Leganes,1,0,Vallecano,Leganes,W,2025-01-31,Vallecano,Leganes,W,Vallecano
0,0,2025-02-09,Leganes,Valencia,L,2025-02-09,Leganes,Valencia,L,Leganes,1,0,Valencia,Leganes,W,2025-02-09,Valencia,Leganes,W,Valencia
0,0,2025-02-15,Leganes,Alaves,D,2025-02-15,Leganes,Alaves,D,Leganes,0,0,Alaves,Leganes,D,2025-02-15,Alaves,Leganes,D,Alaves
0,0,2025-02-23,Leganes,Sociedad,L,2025-02-23,Leganes,Sociedad,L,Leganes,1,0,Sociedad,Leganes,W,2025-02-23,Sociedad,Leganes,W,Sociedad
1,0,2025-03-02,Leganes,Getafe,W,2025-03-02,Leganes,Getafe,W,Leganes,0,0,Getafe,Leganes,L,2025-03-02,Getafe,Leganes,L,Getafe
0,0,2025-03-08,Leganes,Celta,L,2025-03-08,Leganes,Celta,L,Leganes,1,0,Celta,Leganes,W,2025-03-08,Celta,Leganes,W,Celta
0,0,2025-03-16,Leganes,Betis,L,2025-03-16,Leganes,Betis,L,Leganes,1,0,Betis,Leganes,W,2025-03-16,Betis,Leganes,W,Betis
0,0,2025-03-29,Leganes,Real Madrid,L,2025-03-29,Leganes,Real Madrid,L,Leganes,1,0,Real Madrid,Leganes,W,2025-03-29,Real Madrid,Leganes,W,Real Madrid
0,0,2025-04-07,Leganes,Osasuna,D,2025-04-07,Leganes,Osasuna,D,Leganes,0,0,Osasuna,Leganes,D,2025-04-07,Osasuna,Leganes,D,Osasuna
0,0,2025-04-12,Leganes,Barcelona,L,2025-04-12,Leganes,Barcelona,L,Leganes,1,1,Barcelona,Leganes,W,2025-04-12,Barcelona,Leganes,W,Barcelona
0,0,2025-04-19,Leganes,Mallorca,D,2025-04-19,Leganes,Mallorca,D,Leganes,0,0,Mallorca,Leganes,D,2025-04-19,Mallorca,Leganes,D,Mallorca
0,0,2025-04-24,Leganes,Girona,D,2025-04-24,Leganes,Girona,D,Leganes,0,0,Girona,Leganes,D,2025-04-24,Girona,Leganes,D,Girona
0,0,2025-05-04,Leganes,Sevilla,D,2025-05-04,Leganes,Sevilla,D,Leganes,0,0,Sevilla,Leganes,D,2025-05-04,Sevilla,Leganes,D,Sevilla
1,0,2025-05-11,Leganes,Espanol,W,2025-05-11,Leganes,Espanol,W,Leganes,0,0,Espanol,Leganes,L,2025-05-11,Espanol,Leganes,L,Espanol
0,0,2025-05-14,Leganes,Villarreal,L,2025-05-14,Leganes,Villarreal,L,Leganes,1,0,Villarreal,Leganes,W,2025-05-14,Villarreal,Leganes,W,Villarreal
1,0,2025-05-18,Leganes,Las Palmas,W,2025-05-18,Leganes,Las Palmas,W,Leganes,0,0,Las Palmas,Leganes,L,2025-05-18,Las Palmas,Leganes,L,Las Palmas
1,0,2025-05-24,Leganes,Valladolid,W,2025-05-24,Leganes,Valladolid,W,Leganes,0,0,Valladolid,Leganes,L,2025-05-24,Valladolid,Leganes,L,Valladolid
1,0,2023-01-07,Mallorca,Valladolid,W,2023-01-07,Mallorca,Valladolid,W,Mallorca,0,0,Valladolid,Mallorca,L,2023-01-07,Valladolid,Mallorca,L,Valladolid
0,0,2023-01-14,Mallorca,Osasuna,L,2023-01-14,Mallorca,Osasuna,L,Mallorca,1,0,Osasuna,Mallorca,W,2023-01-14,Osasuna,Mallorca,W,Osasuna
1,0,2023-01-20,Mallorca,Celta,W,2023-01-20,Mallorca,Celta,W,Mallorca,0,0,Celta,Mallorca,L,2023-01-20,Celta,Mallorca,L,Celta
0,0,2023-01-28,Mallorca,Cadiz,L,2023-01-28,Mallorca,Cadiz,L,Mallorca,1,0,Cadiz,Mallorca,W,2023-01-28,Cadiz,Mallorca,W,Cadiz
1,0,2023-02-05,Mallorca,Real Madrid,W,2023-02-05,Mallorca,Real Madrid,W,Mallorca,0,0,Real Madrid,Mallorca,L,2023-02-05,Real Madrid,Mallorca,L,Real Madrid
0,0,2023-02-11,Mallorca,Sevilla,L,2023-02-11,Mallorca,Sevilla,L,Mallorca,1,0,Sevilla,Mallorca,W,2023-02-11,Sevilla,Mallorca,W,Sevilla
1,0,2023-02-18,Mallorca,Villarreal,W,2023-02-18,Mallorca,Villarreal,W,Mallorca,0,0,Villarreal,Mallorca,L,2023-02-18,Villarreal,Mallorca,L,Villarreal
0,0,2023-02-25,Mallorca,Espanol,L,2023-02-25,Mallorca,Espanol,L,Mallorca,1,0,Espanol,Mallorca,W,2023-02-25,Espanol,Mallorca,W,Espanol
0,0,2023-03-04,Mallorca,Elche,L,2023-03-04,Mallorca,Elche,L,Mallorca,1,0,Elche,Mallorca,W,2023-03-04,Elche,Mallorca,W,Elche
0,0,2023-03-12,Mallorca,Sociedad,D,2023-03-12,Mallorca,Sociedad,D,Mallorca,0,0,Sociedad,Mallorca,D,2023-03-12,Sociedad,Mallorca,D,Sociedad
0,0,2023-03-19,Mallorca,Betis,L,2023-03-19,Mallorca,Betis,L,Mallorca,1,0,Betis,Mallorca,W,2023-03-19,Betis,Mallorca,W,Betis
0,0,2023-03-31,Mallorca,Osasuna,D,2023-03-31,Mallorca,Osasuna,D,Mallorca,0,0,Osasuna,Mallorca,D,2023-03-31,Osasuna,Mallorca,D,Osasuna
0,0,2023-04-09,Mallorca,Valladolid,D,2023-04-09,Mallorca,Valladolid,D,Mallorca,0,0,Valladolid,Mallorca,D,2023-04-09,Valladolid,Mallorca,D,Valladolid
1,0,2023-04-17,Mallorca,Celta,W,2023-04-17,Mallorca,Celta,W,Mallorca,0,0,Celta,Mallorca,L,2023-04-17,Celta,Mallorca,L,Celta
1,0,2023-04-23,Mallorca,Getafe,W,2023-04-23,Mallorca,Getafe,W,Mallorca,0,0,Getafe,Mallorca,L,2023-04-23,Getafe,Mallorca,L,Getafe
0,0,2023-04-26,Mallorca,Ath Madrid,L,2023-04-26,Mallorca,Ath Madrid,L,Mallorca,1,0,Ath Madrid,Mallorca,W,2023-04-26,Ath Madrid,Mallorca,W,Ath Madrid
0,0,2023-05-01,Mallorca,Ath Bilbao,D,2023-05-01,Mallorca,Ath Bilbao,D,Mallorca,0,0,Ath Bilbao,Mallorca,D,2023-05-01,Ath Bilbao,Mallorca,D,Ath Bilbao
0,0,2023-05-04,Mallorca,Girona,L,2023-05-04,Mallorca,Girona,L,Mallorca,1,0,Girona,Mallorca,W,2023-05-04,Girona,Mallorca,W,Girona
1,0,2023-05-12,Mallorca,Cadiz,W,2023-05-12,Mallorca,Cadiz,W,Mallorca,0,0,Cadiz,Mallorca,L,2023-05-12,Cadiz,Mallorca,L,Cadiz
0,0,2023-05-20,Mallorca,Almeria,L,2023-05-20,Mallorca,Almeria,L,Mallorca,1,0,Almeria,Mallorca,W,2023-05-20,Almeria,Mallorca,W,Almeria
1,0,2023-05-25,Mallorca,Valencia,W,2023-05-25,Mallorca,Valencia,W,Mallorca,0,0,Valencia,Mallorca,L,2023-05-25,Valencia,Mallorca,L,Valencia
0,0,2023-05-28,Mallorca,Barcelona,L,2023-05-28,Mallorca,Barcelona,L,Mallorca,1,0,Barcelona,Mallorca,W,2023-05-28,Barcelona,Mallorca,W,Barcelona
1,0,2023-06-04,Mallorca,Vallecano,W,2023-06-04,Mallorca,Vallecano,W,Mallorca,0,0,Vallecano,Mallorca,L,2023-06-04,Vallecano,Mallorca,L,Vallecano
0,0,2023-08-18,Mallorca,Villarreal,L,2023-08-18,Mallorca,Villarreal,L,Mallorca,1,0,Villarreal,Mallorca,W,2023-08-18,Villarreal,Mallorca,W,Villarreal
0,0,2023-08-26,Mallorca,Granada,L,2023-08-26,Mallorca,Granada,L,Mallorca,1,0,Granada,Mallorca,W,2023-08-26,Granada,Mallorca,W,Granada
0,0,2023-09-03,Mallorca,Ath Bilbao,D,2023-09-03,Mallorca,Ath Bilbao,D,Mallorca,0,0,Ath Bilbao,Mallorca,D,2023-09-03,Ath Bilbao,Mallorca,D,Ath Bilbao
1,0,2023-09-16,Mallorca,Celta,W,2023-09-16,Mallorca,Celta,W,Mallorca,0,0,Celta,Mallorca,L,2023-09-16,Celta,Mallorca,L,Celta
0,0,2023-09-23,Mallorca,Girona,L,2023-09-23,Mallorca,Girona,L,Mallorca,1,0,Girona,Mallorca,W,2023-09-23,Girona,Mallorca,W,Girona
0,0,2023-09-26,Mallorca,Barcelona,D,2023-09-26,Mallorca,Barcelona,D,Mallorca,0,0,Barcelona,Mallorca,D,2023-09-26,Barcelona,Mallorca,D,Barcelona
0,0,2023-09-30,Mallorca,Vallecano,D,2023-09-30,Mallorca,Vallecano,D,Mallorca,0,1,Vallecano,Mallorca,D,2023-09-30,Vallecano,Mallorca,D,Vallecano
0,0,2023-10-07,Mallorca,Valencia,D,2023-10-07,Mallorca,Valencia,D,Mallorca,0,0,Valencia,Mallorca,D,2023-10-07,Valencia,Mallorca,D,Valencia
0,0,2023-10-21,Mallorca,Sociedad,L,2023-10-21,Mallorca,Sociedad,L,Mallorca,1,0,Sociedad,Mallorca,W,2023-10-21,Sociedad,Mallorca,W,Sociedad
0,0,2023-10-28,Mallorca,Getafe,D,2023-10-28,Mallorca,Getafe,D,Mallorca,0,0,Getafe,Mallorca,D,2023-10-28,Getafe,Mallorca,D,Getafe
0,0,2023-11-04,Mallorca,Betis,L,2023-11-04,Mallorca,Betis,L,Mallorca,1,0,Betis,Mallorca,W,2023-11-04,Betis,Mallorca,W,Betis
0,0,2023-11-25,Mallorca,Ath Madrid,L,2023-11-25,Mallorca,Ath Madrid,L,Mallorca,1,1,Ath Madrid,Mallorca,W,2023-11-25,Ath Madrid,Mallorca,W,Ath Madrid
0,0,2023-11-29,Mallorca,Cadiz,D,2023-11-29,Mallorca,Cadiz,D,Mallorca,0,0,Cadiz,Mallorca,D,2023-11-29,Cadiz,Mallorca,D,Cadiz
0,0,2023-12-03,Mallorca,Alaves,D,2023-12-03,Mallorca,Alaves,D,Mallorca,0,0,Alaves,Mallorca,D,2023-12-03,Alaves,Mallorca,D,Alaves
1,0,2023-12-09,Mallorca,Sevilla,W,2023-12-09,Mallorca,Sevilla,W,Mallorca,0,0,Sevilla,Mallorca,L,2023-12-09,Sevilla,Mallorca,L,Sevilla
0,0,2023-12-17,Mallorca,Almeria,D,2023-12-17,Mallorca,Almeria,D,Mallorca,0,1,Almeria,Mallorca,D,2023-12-17,Almeria,Mallorca,D,Almeria
1,0,2023-12-21,Mallorca,Osasuna,W,2023-12-21,Mallorca,Osasuna,W,Mallorca,0,0,Osasuna,Mallorca,L,2023-12-21,Osasuna,Mallorca,L,Osasuna
0,0,2024-01-03,Mallorca,Real Madrid,L,2024-01-03,Mallorca,Real Madrid,L,Mallorca,1,0,Real Madrid,Mallorca,W,2024-01-03,Real Madrid,Mallorca,W,Real Madrid
0,0,2024-01-13,Mallorca,Celta,D,2024-01-13,Mallorca,Celta,D,Mallorca,0,0,Celta,Mallorca,D,2024-01-13,Celta,Mallorca,D,Celta
0,0,2024-01-20,Mallorca,Villarreal,D,2024-01-20,Mallorca,Villarreal,D,Mallorca,0,0,Villarreal,Mallorca,D,2024-01-20,Villarreal,Mallorca,D,Villarreal
0,0,2024-01-27,Mallorca,Betis,L,2024-01-27,Mallorca,Betis,L,Mallorca,1,0,Betis,Mallorca,W,2024-01-27,Betis,Mallorca,W,Betis
0,0,2024-02-02,Mallorca,Ath Bilbao,L,2024-02-02,Mallorca,Ath Bilbao,L,Mallorca,1,0,Ath Bilbao,Mallorca,W,2024-02-02,Ath Bilbao,Mallorca,W,Ath Bilbao
1,0,2024-02-11,Mallorca,Vallecano,W,2024-02-11,Mallorca,Vallecano,W,Mallorca,0,0,Vallecano,Mallorca,L,2024-02-11,Vallecano,Mallorca,L,Vallecano
0,0,2024-02-18,Mallorca,Sociedad,L,2024-02-18,Mallorca,Sociedad,L,Mallorca,1,0,Sociedad,Mallorca,W,2024-02-18,Sociedad,Mallorca,W,Sociedad
0,0,2024-02-24,Mallorca,Alaves,D,2024-02-24,Mallorca,Alaves,D,Mallorca,0,0,Alaves,Mallorca,D,2024-02-24,Alaves,Mallorca,D,Alaves
1,0,2024-03-03,Mallorca,Girona,W,2024-03-03,Mallorca,Girona,W,Mallorca,0,0,Girona,Mallorca,L,2024-03-03,Girona,Mallorca,L,Girona
0,0,2024-03-08,Mallorca,Barcelona,L,2024-03-08,Mallorca,Barcelona,L,Mallorca,1,0,Barcelona,Mallorca,W,2024-03-08,Barcelona,Mallorca,W,Barcelona
1,0,2024-03-16,Mallorca,Granada,W,2024-03-16,Mallorca,Granada,W,Mallorca,0,0,Granada,Mallorca,L,2024-03-16,Granada,Mallorca,L,Granada
0,0,2024-03-30,Mallorca,Valencia,D,2024-03-30,Mallorca,Valencia,D,Mallorca,0,0,Valencia,Mallorca,D,2024-03-30,Valencia,Mallorca,D,Valencia
0,0,2024-04-13,Mallorca,Real Madrid,L,2024-04-13,Mallorca,Real Madrid,L,Mallorca,1,1,Real Madrid,Mallorca,W,2024-04-13,Real Madrid,Mallorca,W,Real Madrid
0,0,2024-04-22,Mallorca,Sevilla,L,2024-04-22,Mallorca,Sevilla,L,Mallorca,1,0,Sevilla,Mallorca,W,2024-04-22,Sevilla,Mallorca,W,Sevilla
0,0,2024-04-28,Mallorca,Cadiz,D,2024-04-28,Mallorca,Cadiz,D,Mallorca,0,0,Cadiz,Mallorca,D,2024-04-28,Cadiz,Mallorca,D,Cadiz
0,0,2024-05-04,Mallorca,Ath Madrid,L,2024-05-04,Mallorca,Ath Madrid,L,Mallorca,1,0,Ath Madrid,Mallorca,W,2024-05-04,Ath Madrid,Mallorca,W,Ath Madrid
1,0,2024-05-11,Mallorca,Las Palmas,W,2024-05-11,Mallorca,Las Palmas,W,Mallorca,0,0,Las Palmas,Mallorca,L,2024-05-11,Las Palmas,Mallorca,L,Las Palmas
0,0,2024-05-14,Mallorca,Osasuna,D,2024-05-14,Mallorca,Osasuna,D,Mallorca,0,0,Osasuna,Mallorca,D,2024-05-14,Osasuna,Mallorca,D,Osasuna
0,0,2024-05-19,Mallorca,Almeria,D,2024-05-19,Mallorca,Almeria,D,Mallorca,0,0,Almeria,Mallorca,D,2024-05-19,Almeria,Mallorca,D,Almeria
1,0,2024-05-26,Mallorca,Getafe,W,2024-05-26,Mallorca,Getafe,W,Mallorca,0,0,Getafe,Mallorca,L,2024-05-26,Getafe,Mallorca,L,Getafe
0,0,2024-08-18,Mallorca,Real Madrid,D,2024-08-18,Mallorca,Real Madrid,D,Mallorca,0,1,Real Madrid,Mallorca,D,2024-08-18,Real Madrid,Mallorca,D,Real Madrid
0,0,2024-08-24,Mallorca,Osasuna,L,2024-08-24,Mallorca,Osasuna,L,Mallorca,1,0,Osasuna,Mallorca,W,2024-08-24,Osasuna,Mallorca,W,Osasuna
0,0,2024-08-27,Mallorca,Sevilla,D,2024-08-27,Mallorca,Sevilla,D,Mallorca,0,0,Sevilla,Mallorca,D,2024-08-27,Sevilla,Mallorca,D,Sevilla
1,0,2024-08-31,Mallorca,Leganes,W,2024-08-31,Mallorca,Leganes,W,Mallorca,0,0,Leganes,Mallorca,L,2024-08-31,Leganes,Mallorca,L,Leganes
0,0,2024-09-14,Mallorca,Villarreal,L,2024-09-14,Mallorca,Villarreal,L,Mallorca,1,0,Villarreal,Mallorca,W,2024-09-14,Villarreal,Mallorca,W,Villarreal
1,0,2024-09-17,Mallorca,Sociedad,W,2024-09-17,Mallorca,Sociedad,W,Mallorca,0,0,Sociedad,Mallorca,L,2024-09-17,Sociedad,Mallorca,L,Sociedad
1,0,2024-09-23,Mallorca,Betis,W,2024-09-23,Mallorca,Betis,W,Mallorca,0,0,Betis,Mallorca,L,2024-09-23,Betis,Mallorca,L,Betis
1,0,2024-09-27,Mallorca,Valladolid,W,2024-09-27,Mallorca,Valladolid,W,Mallorca,0,0,Valladolid,Mallorca,L,2024-09-27,Valladolid,Mallorca,L,Valladolid
0,0,2024-10-05,Mallorca,Espanol,L,2024-10-05,Mallorca,Espanol,L,Mallorca,1,0,Espanol,Mallorca,W,2024-10-05,Espanol,Mallorca,W,Espanol
1,0,2024-10-20,Mallorca,Vallecano,W,2024-10-20,Mallorca,Vallecano,W,Mallorca,0,0,Vallecano,Mallorca,L,2024-10-20,Vallecano,Mallorca,L,Vallecano
0,0,2024-10-28,Mallorca,Ath Bilbao,D,2024-10-28,Mallorca,Ath Bilbao,D,Mallorca,0,0,Ath Bilbao,Mallorca,D,2024-10-28,Ath Bilbao,Mallorca,D,Ath Bilbao
0,0,2024-11-01,Mallorca,Alaves,L,2024-11-01,Mallorca,Alaves,L,Mallorca,1,0,Alaves,Mallorca,W,2024-11-01,Alaves,Mallorca,W,Alaves
0,0,2024-11-10,Mallorca,Ath Madrid,L,2024-11-10,Mallorca,Ath Madrid,L,Mallorca,1,0,Ath Madrid,Mallorca,W,2024-11-10,Ath Madrid,Mallorca,W,Ath Madrid
1,0,2024-11-23,Mallorca,Las Palmas,W,2024-11-23,Mallorca,Las Palmas,W,Mallorca,0,0,Las Palmas,Mallorca,L,2024-11-23,Las Palmas,Mallorca,L,Las Palmas
1,0,2024-11-29,Mallorca,Valencia,W,2024-11-29,Mallorca,Valencia,W,Mallorca,0,0,Valencia,Mallorca,L,2024-11-29,Valencia,Mallorca,L,Valencia
0,0,2024-12-03,Mallorca,Barcelona,L,2024-12-03,Mallorca,Barcelona,L,Mallorca,1,0,Barcelona,Mallorca,W,2024-12-03,Barcelona,Mallorca,W,Barcelona
0,0,2024-12-06,Mallorca,Celta,L,2024-12-06,Mallorca,Celta,L,Mallorca,1,0,Celta,Mallorca,W,2024-12-06,Celta,Mallorca,W,Celta
1,0,2024-12-14,Mallorca,Girona,W,2024-12-14,Mallorca,Girona,W,Mallorca,0,0,Girona,Mallorca,L,2024-12-14,Girona,Mallorca,L,Girona
1,0,2024-12-21,Mallorca,Getafe,W,2024-12-21,Mallorca,Getafe,W,Mallorca,0,0,Getafe,Mallorca,L,2024-12-21,Getafe,Mallorca,L,Getafe
0,0,2025-01-20,Mallorca,Villarreal,L,2025-01-20,Mallorca,Villarreal,L,Mallorca,1,0,Villarreal,Mallorca,W,2025-01-20,Villarreal,Mallorca,W,Villarreal
0,0,2025-01-25,Mallorca,Betis,L,2025-01-25,Mallorca,Betis,L,Mallorca,1,0,Betis,Mallorca,W,2025-01-25,Betis,Mallorca,W,Betis
0,0,2025-02-01,Mallorca,Ath Madrid,L,2025-02-01,Mallorca,Ath Madrid,L,Mallorca,1,0,Ath Madrid,Mallorca,W,2025-02-01,Ath Madrid,Mallorca,W,Ath Madrid
0,0,2025-02-10,Mallorca,Osasuna,D,2025-02-10,Mallorca,Osasuna,D,Mallorca,0,0,Osasuna,Mallorca,D,2025-02-10,Osasuna,Mallorca,D,Osasuna
1,0,2025-02-16,Mallorca,Las Palmas,W,2025-02-16,Mallorca,Las Palmas,W,Mallorca,0,0,Las Palmas,Mallorca,L,2025-02-16,Las Palmas,Mallorca,L,Las Palmas
0,0,2025-02-24,Mallorca,Sevilla,D,2025-02-24,Mallorca,Sevilla,D,Mallorca,0,0,Sevilla,Mallorca,D,2025-02-24,Sevilla,Mallorca,D,Sevilla
0,0,2025-03-02,Mallorca,Alaves,D,2025-03-02,Mallorca,Alaves,D,Mallorca,0,0,Alaves,Mallorca,D,2025-03-02,Alaves,Mallorca,D,Alaves
0,0,2025-03-09,Mallorca,Ath Bilbao,D,2025-03-09,Mallorca,Ath Bilbao,D,Mallorca,0,1,Ath Bilbao,Mallorca,D,2025-03-09,Ath Bilbao,Mallorca,D,Ath Bilbao
1,0,2025-03-15,Mallorca,Espanol,W,2025-03-15,Mallorca,Espanol,W,Mallorca,0,0,Espanol,Mallorca,L,2025-03-15,Espanol,Mallorca,L,Espanol
0,0,2025-03-30,Mallorca,Valencia,L,2025-03-30,Mallorca,Valencia,L,Mallorca,1,0,Valencia,Mallorca,W,2025-03-30,Valencia,Mallorca,W,Valencia
0,0,2025-04-05,Mallorca,Celta,L,2025-04-05,Mallorca,Celta,L,Mallorca,1,0,Celta,Mallorca,W,2025-04-05,Celta,Mallorca,W,Celta
1,0,2025-04-12,Mallorca,Sociedad,W,2025-04-12,Mallorca,Sociedad,W,Mallorca,0,0,Sociedad,Mallorca,L,2025-04-12,Sociedad,Mallorca,L,Sociedad
0,0,2025-04-19,Mallorca,Leganes,D,2025-04-19,Mallorca,Leganes,D,Mallorca,0,0,Leganes,Mallorca,D,2025-04-19,Leganes,Mallorca,D,Leganes
0,0,2025-04-22,Mallorca,Barcelona,L,2025-04-22,Mallorca,Barcelona,L,Mallorca,1,0,Barcelona,Mallorca,W,2025-04-22,Barcelona,Mallorca,W,Barcelona
0,0,2025-05-05,Mallorca,Girona,L,2025-05-05,Mallorca,Girona,L,Mallorca,1,0,Girona,Mallorca,W,2025-05-05,Girona,Mallorca,W,Girona
1,0,2025-05-10,Mallorca,Valladolid,W,2025-05-10,Mallorca,Valladolid,W,Mallorca,0,0,Valladolid,Mallorca,L,2025-05-10,Valladolid,Mallorca,L,Valladolid
0,0,2025-05-14,Mallorca,Real Madrid,L,2025-05-14,Mallorca,Real Madrid,L,Mallorca,1,0,Real Madrid,Mallorca,W,2025-05-14,Real Madrid,Mallorca,W,Real Madrid
0,0,2025-05-18,Mallorca,Getafe,L,2025-05-18,Mallorca,Getafe,L,Mallorca,1,0,Getafe,Mallorca,W,2025-05-18,Getafe,Mallorca,W,Getafe
0,0,2025-05-24,Mallorca,Vallecano,D,2025-05-24,Mallorca,Vallecano,D,Mallorca,0,0,Vallecano,Mallorca,D,2025-05-24,Vallecano,Mallorca,D,Vallecano
0,0,2023-01-09,Osasuna,Ath Bilbao,D,2023-01-09,Osasuna,Ath Bilbao,D,Osasuna,0,0,Ath Bilbao,Osasuna,D,2023-01-09,Ath Bilbao,Osasuna,D,Ath Bilbao
1,0,2023-01-14,Osasuna,Mallorca,W,2023-01-14,Osasuna,Mallorca,W,Osasuna,0,0,Mallorca,Osasuna,L,2023-01-14,Mallorca,Osasuna,L,Mallorca
0,0,2023-01-22,Osasuna,Elche,D,2023-01-22,Osasuna,Elche,D,Osasuna,0,0,Elche,Osasuna,D,2023-01-22,Elche,Osasuna,D,Elche
0,0,2023-01-29,Osasuna,Ath Madrid,L,2023-01-29,Osasuna,Ath Madrid,L,Osasuna,1,0,Ath Madrid,Osasuna,W,2023-01-29,Ath Madrid,Osasuna,W,Ath Madrid
0,0,2023-02-04,Osasuna,Espanol,D,2023-02-04,Osasuna,Espanol,D,Osasuna,0,0,Espanol,Osasuna,D,2023-02-04,Espanol,Osasuna,D,Espanol
0,0,2023-02-12,Osasuna,Valladolid,D,2023-02-12,Osasuna,Valladolid,D,Osasuna,0,0,Valladolid,Osasuna,D,2023-02-12,Valladolid,Osasuna,D,Valladolid
0,0,2023-02-18,Osasuna,Real Madrid,L,2023-02-18,Osasuna,Real Madrid,L,Osasuna,1,1,Real Madrid,Osasuna,W,2023-02-18,Real Madrid,Osasuna,W,Real Madrid
1,0,2023-02-26,Osasuna,Sevilla,W,2023-02-26,Osasuna,Sevilla,W,Osasuna,0,0,Sevilla,Osasuna,L,2023-02-26,Sevilla,Osasuna,L,Sevilla
0,0,2023-03-06,Osasuna,Celta,D,2023-03-06,Osasuna,Celta,D,Osasuna,0,0,Celta,Osasuna,D,2023-03-06,Celta,Osasuna,D,Celta
0,0,2023-03-11,Osasuna,Valencia,L,2023-03-11,Osasuna,Valencia,L,Osasuna,1,0,Valencia,Osasuna,W,2023-03-11,Valencia,Osasuna,W,Valencia
0,0,2023-03-19,Osasuna,Villarreal,L,2023-03-19,Osasuna,Villarreal,L,Osasuna,1,0,Villarreal,Osasuna,W,2023-03-19,Villarreal,Osasuna,W,Villarreal
0,0,2023-03-31,Osasuna,Mallorca,D,2023-03-31,Osasuna,Mallorca,D,Osasuna,0,0,Mallorca,Osasuna,D,2023-03-31,Mallorca,Osasuna,D,Mallorca
1,0,2023-04-08,Osasuna,Elche,W,2023-04-08,Osasuna,Elche,W,Osasuna,0,0,Elche,Osasuna,L,2023-04-08,Elche,Osasuna,L,Elche
0,0,2023-04-14,Osasuna,Vallecano,L,2023-04-14,Osasuna,Vallecano,L,Osasuna,1,0,Vallecano,Osasuna,W,2023-04-14,Vallecano,Osasuna,W,Vallecano
1,0,2023-04-22,Osasuna,Betis,W,2023-04-22,Osasuna,Betis,W,Osasuna,0,0,Betis,Osasuna,L,2023-04-22,Betis,Osasuna,L,Betis
1,0,2023-04-25,Osasuna,Cadiz,W,2023-04-25,Osasuna,Cadiz,W,Osasuna,0,0,Cadiz,Osasuna,L,2023-04-25,Cadiz,Osasuna,L,Cadiz
0,0,2023-04-28,Osasuna,Sociedad,L,2023-04-28,Osasuna,Sociedad,L,Osasuna,1,0,Sociedad,Osasuna,W,2023-04-28,Sociedad,Osasuna,W,Sociedad
0,0,2023-05-02,Osasuna,Barcelona,L,2023-05-02,Osasuna,Barcelona,L,Osasuna,1,0,Barcelona,Osasuna,W,2023-05-02,Barcelona,Osasuna,W,Barcelona
1,0,2023-05-13,Osasuna,Almeria,W,2023-05-13,Osasuna,Almeria,W,Osasuna,0,0,Almeria,Osasuna,L,2023-05-13,Almeria,Osasuna,L,Almeria
0,0,2023-05-21,Osasuna,Ath Madrid,L,2023-05-21,Osasuna,Ath Madrid,L,Osasuna,1,1,Ath Madrid,Osasuna,W,2023-05-21,Ath Madrid,Osasuna,W,Ath Madrid
1,0,2023-05-25,Osasuna,Ath Bilbao,W,2023-05-25,Osasuna,Ath Bilbao,W,Osasuna,0,0,Ath Bilbao,Osasuna,L,2023-05-25,Ath Bilbao,Osasuna,L,Ath Bilbao
0,0,2023-05-28,Osasuna,Getafe,L,2023-05-28,Osasuna,Getafe,L,Osasuna,1,0,Getafe,Osasuna,W,2023-05-28,Getafe,Osasuna,W,Getafe
1,0,2023-06-04,Osasuna,Girona,W,2023-06-04,Osasuna,Girona,W,Osasuna,0,0,Girona,Osasuna,L,2023-06-04,Girona,Osasuna,L,Girona
1,0,2023-08-13,Osasuna,Celta,W,2023-08-13,Osasuna,Celta,W,Osasuna,0,0,Celta,Osasuna,L,2023-08-13,Celta,Osasuna,L,Celta
0,0,2023-08-19,Osasuna,Ath Bilbao,L,2023-08-19,Osasuna,Ath Bilbao,L,Osasuna,1,0,Ath Bilbao,Osasuna,W,2023-08-19,Ath Bilbao,Osasuna,W,Ath Bilbao
1,0,2023-08-27,Osasuna,Valencia,W,2023-08-27,Osasuna,Valencia,W,Osasuna,0,0,Valencia,Osasuna,L,2023-08-27,Valencia,Osasuna,L,Valencia
0,0,2023-09-03,Osasuna,Barcelona,L,2023-09-03,Osasuna,Barcelona,L,Osasuna,1,1,Barcelona,Osasuna,W,2023-09-03,Barcelona,Osasuna,W,Barcelona
0,0,2023-09-17,Osasuna,Getafe,L,2023-09-17,Osasuna,Getafe,L,Osasuna,1,0,Getafe,Osasuna,W,2023-09-17,Getafe,Osasuna,W,Getafe
0,0,2023-09-23,Osasuna,Sevilla,D,2023-09-23,Osasuna,Sevilla,D,Osasuna,0,1,Sevilla,Osasuna,D,2023-09-23,Sevilla,Osasuna,D,Sevilla
0,0,2023-09-28,Osasuna,Ath Madrid,L,2023-09-28,Osasuna,Ath Madrid,L,Osasuna,1,0,Ath Madrid,Osasuna,W,2023-09-28,Ath Madrid,Osasuna,W,Ath Madrid
1,0,2023-10-01,Osasuna,Alaves,W,2023-10-01,Osasuna,Alaves,W,Osasuna,0,0,Alaves,Osasuna,L,2023-10-01,Alaves,Osasuna,L,Alaves
0,0,2023-10-07,Osasuna,Real Madrid,L,2023-10-07,Osasuna,Real Madrid,L,Osasuna,1,1,Real Madrid,Osasuna,W,2023-10-07,Real Madrid,Osasuna,W,Real Madrid
1,0,2023-10-20,Osasuna,Granada,W,2023-10-20,Osasuna,Granada,W,Osasuna,0,0,Granada,Osasuna,L,2023-10-20,Granada,Osasuna,L,Granada
0,0,2023-10-29,Osasuna,Betis,L,2023-10-29,Osasuna,Betis,L,Osasuna,1,0,Betis,Osasuna,W,2023-10-29,Betis,Osasuna,W,Betis
0,0,2023-11-04,Osasuna,Girona,L,2023-11-04,Osasuna,Girona,L,Osasuna,1,0,Girona,Osasuna,W,2023-11-04,Girona,Osasuna,W,Girona
0,0,2023-11-11,Osasuna,Las Palmas,D,2023-11-11,Osasuna,Las Palmas,D,Osasuna,0,0,Las Palmas,Osasuna,D,2023-11-11,Las Palmas,Osasuna,D,Las Palmas
0,0,2023-11-26,Osasuna,Villarreal,L,2023-11-26,Osasuna,Villarreal,L,Osasuna,1,0,Villarreal,Osasuna,W,2023-11-26,Villarreal,Osasuna,W,Villarreal
0,0,2023-12-02,Osasuna,Sociedad,D,2023-12-02,Osasuna,Sociedad,D,Osasuna,0,0,Sociedad,Osasuna,D,2023-12-02,Sociedad,Osasuna,D,Sociedad
0,0,2023-12-10,Osasuna,Cadiz,D,2023-12-10,Osasuna,Cadiz,D,Osasuna,0,0,Cadiz,Osasuna,D,2023-12-10,Cadiz,Osasuna,D,Cadiz
1,0,2023-12-15,Osasuna,Vallecano,W,2023-12-15,Osasuna,Vallecano,W,Osasuna,0,0,Vallecano,Osasuna,L,2023-12-15,Vallecano,Osasuna,L,Vallecano
0,0,2023-12-21,Osasuna,Mallorca,L,2023-12-21,Osasuna,Mallorca,L,Osasuna,1,0,Mallorca,Osasuna,W,2023-12-21,Mallorca,Osasuna,W,Mallorca
1,0,2024-01-04,Osasuna,Almeria,W,2024-01-04,Osasuna,Almeria,W,Osasuna,0,0,Almeria,Osasuna,L,2024-01-04,Almeria,Osasuna,L,Almeria
1,0,2024-01-21,Osasuna,Getafe,W,2024-01-21,Osasuna,Getafe,W,Osasuna,0,0,Getafe,Osasuna,L,2024-01-21,Getafe,Osasuna,L,Getafe
0,0,2024-01-28,Osasuna,Sevilla,D,2024-01-28,Osasuna,Sevilla,D,Osasuna,0,0,Sevilla,Osasuna,D,2024-01-28,Sevilla,Osasuna,D,Sevilla
0,0,2024-01-31,Osasuna,Barcelona,L,2024-01-31,Osasuna,Barcelona,L,Osasuna,1,0,Barcelona,Osasuna,W,2024-01-31,Barcelona,Osasuna,W,Barcelona
0,0,2024-02-04,Osasuna,Celta,L,2024-02-04,Osasuna,Celta,L,Osasuna,1,0,Celta,Osasuna,W,2024-02-04,Celta,Osasuna,W,Celta
1,0,2024-02-10,Osasuna,Sociedad,W,2024-02-10,Osasuna,Sociedad,W,Osasuna,0,0,Sociedad,Osasuna,L,2024-02-10,Sociedad,Osasuna,L,Sociedad
1,0,2024-02-17,Osasuna,Cadiz,W,2024-02-17,Osasuna,Cadiz,W,Osasuna,0,0,Cadiz,Osasuna,L,2024-02-17,Cadiz,Osasuna,L,Cadiz
0,0,2024-02-25,Osasuna,Las Palmas,D,2024-02-25,Osasuna,Las Palmas,D,Osasuna,0,0,Las Palmas,Osasuna,D,2024-02-25,Las Palmas,Osasuna,D,Las Palmas
1,0,2024-03-04,Osasuna,Alaves,W,2024-03-04,Osasuna,Alaves,W,Osasuna,0,0,Alaves,Osasuna,L,2024-03-04,Alaves,Osasuna,L,Alaves
0,0,2024-03-09,Osasuna,Girona,L,2024-03-09,Osasuna,Girona,L,Osasuna,1,0,Girona,Osasuna,W,2024-03-09,Girona,Osasuna,W,Girona
0,0,2024-03-16,Osasuna,Real Madrid,L,2024-03-16,Osasuna,Real Madrid,L,Osasuna,1,1,Real Madrid,Osasuna,W,2024-03-16,Real Madrid,Osasuna,W,Real Madrid
1,0,2024-03-30,Osasuna,Almeria,W,2024-03-30,Osasuna,Almeria,W,Osasuna,0,0,Almeria,Osasuna,L,2024-03-30,Almeria,Osasuna,L,Almeria
0,0,2024-04-15,Osasuna,Valencia,L,2024-04-15,Osasuna,Valencia,L,Osasuna,1,0,Valencia,Osasuna,W,2024-04-15,Valencia,Osasuna,W,Valencia
0,0,2024-04-20,Osasuna,Vallecano,L,2024-04-20,Osasuna,Vallecano,L,Osasuna,1,0,Vallecano,Osasuna,W,2024-04-20,Vallecano,Osasuna,W,Vallecano
0,0,2024-04-28,Osasuna,Granada,L,2024-04-28,Osasuna,Granada,L,Osasuna,1,0,Granada,Osasuna,W,2024-04-28,Granada,Osasuna,W,Granada
0,0,2024-05-05,Osasuna,Betis,L,2024-05-05,Osasuna,Betis,L,Osasuna,1,0,Betis,Osasuna,W,2024-05-05,Betis,Osasuna,W,Betis
0,0,2024-05-11,Osasuna,Ath Bilbao,D,2024-05-11,Osasuna,Ath Bilbao,D,Osasuna,0,0,Ath Bilbao,Osasuna,D,2024-05-11,Ath Bilbao,Osasuna,D,Ath Bilbao
0,0,2024-05-14,Osasuna,Mallorca,D,2024-05-14,Osasuna,Mallorca,D,Osasuna,0,0,Mallorca,Osasuna,D,2024-05-14,Mallorca,Osasuna,D,Mallorca
1,0,2024-05-19,Osasuna,Ath Madrid,W,2024-05-19,Osasuna,Ath Madrid,W,Osasuna,0,0,Ath Madrid,Osasuna,L,2024-05-19,Ath Madrid,Osasuna,L,Ath Madrid
0,0,2024-05-25,Osasuna,Villarreal,D,2024-05-25,Osasuna,Villarreal,D,Osasuna,0,1,Villarreal,Osasuna,D,2024-05-25,Villarreal,Osasuna,D,Villarreal
1,0,2024-08-24,Osasuna,Mallorca,W,2024-08-24,Osasuna,Mallorca,W,Osasuna,0,0,Mallorca,Osasuna,L,2024-08-24,Mallorca,Osasuna,L,Mallorca
0,0,2024-08-29,Osasuna,Girona,L,2024-08-29,Osasuna,Girona,L,Osasuna,1,1,Girona,Osasuna,W,2024-08-29,Girona,Osasuna,W,Girona
1,0,2024-09-01,Osasuna,Celta,W,2024-09-01,Osasuna,Celta,W,Osasuna,0,0,Celta,Osasuna,L,2024-09-01,Celta,Osasuna,L,Celta
0,0,2024-09-16,Osasuna,Vallecano,L,2024-09-16,Osasuna,Vallecano,L,Osasuna,1,0,Vallecano,Osasuna,W,2024-09-16,Vallecano,Osasuna,W,Vallecano
1,0,2024-09-21,Osasuna,Las Palmas,W,2024-09-21,Osasuna,Las Palmas,W,Osasuna,0,0,Las Palmas,Osasuna,L,2024-09-21,Las Palmas,Osasuna,L,Las Palmas
0,0,2024-09-24,Osasuna,Valencia,D,2024-09-24,Osasuna,Valencia,D,Osasuna,0,0,Valencia,Osasuna,D,2024-09-24,Valencia,Osasuna,D,Valencia
1,0,2024-09-28,Osasuna,Barcelona,W,2024-09-28,Osasuna,Barcelona,W,Osasuna,0,1,Barcelona,Osasuna,L,2024-09-28,Barcelona,Osasuna,L,Barcelona
0,0,2024-10-05,Osasuna,Getafe,D,2024-10-05,Osasuna,Getafe,D,Osasuna,0,0,Getafe,Osasuna,D,2024-10-05,Getafe,Osasuna,D,Getafe
0,0,2024-10-19,Osasuna,Betis,L,2024-10-19,Osasuna,Betis,L,Osasuna,1,0,Betis,Osasuna,W,2024-10-19,Betis,Osasuna,W,Betis
1,0,2024-10-27,Osasuna,Sociedad,W,2024-10-27,Osasuna,Sociedad,W,Osasuna,0,0,Sociedad,Osasuna,L,2024-10-27,Sociedad,Osasuna,L,Sociedad
1,0,2024-11-02,Osasuna,Valladolid,W,2024-11-02,Osasuna,Valladolid,W,Osasuna,0,0,Valladolid,Osasuna,L,2024-11-02,Valladolid,Osasuna,L,Valladolid
0,0,2024-11-09,Osasuna,Real Madrid,L,2024-11-09,Osasuna,Real Madrid,L,Osasuna,1,0,Real Madrid,Osasuna,W,2024-11-09,Real Madrid,Osasuna,W,Real Madrid
0,0,2024-11-24,Osasuna,Villarreal,D,2024-11-24,Osasuna,Villarreal,D,Osasuna,0,0,Villarreal,Osasuna,D,2024-11-24,Villarreal,Osasuna,D,Villarreal
0,0,2024-12-02,Osasuna,Sevilla,D,2024-12-02,Osasuna,Sevilla,D,Osasuna,0,0,Sevilla,Osasuna,D,2024-12-02,Sevilla,Osasuna,D,Sevilla
0,0,2024-12-08,Osasuna,Alaves,D,2024-12-08,Osasuna,Alaves,D,Osasuna,0,0,Alaves,Osasuna,D,2024-12-08,Alaves,Osasuna,D,Alaves
0,0,2024-12-14,Osasuna,Espanol,D,2024-12-14,Osasuna,Espanol,D,Osasuna,0,0,Espanol,Osasuna,D,2024-12-14,Espanol,Osasuna,D,Espanol
0,0,2024-12-21,Osasuna,Ath Bilbao,L,2024-12-21,Osasuna,Ath Bilbao,L,Osasuna,1,0,Ath Bilbao,Osasuna,W,2024-12-21,Ath Bilbao,Osasuna,W,Ath Bilbao
0,0,2025-01-12,Osasuna,Ath Madrid,L,2025-01-12,Osasuna,Ath Madrid,L,Osasuna,1,0,Ath Madrid,Osasuna,W,2025-01-12,Ath Madrid,Osasuna,W,Ath Madrid
0,0,2025-01-19,Osasuna,Vallecano,D,2025-01-19,Osasuna,Vallecano,D,Osasuna,0,0,Vallecano,Osasuna,D,2025-01-19,Vallecano,Osasuna,D,Vallecano
0,0,2025-01-24,Osasuna,Las Palmas,D,2025-01-24,Osasuna,Las Palmas,D,Osasuna,0,0,Las Palmas,Osasuna,D,2025-01-24,Las Palmas,Osasuna,D,Las Palmas
1,0,2025-02-02,Osasuna,Sociedad,W,2025-02-02,Osasuna,Sociedad,W,Osasuna,0,0,Sociedad,Osasuna,L,2025-02-02,Sociedad,Osasuna,L,Sociedad
0,0,2025-02-10,Osasuna,Mallorca,D,2025-02-10,Osasuna,Mallorca,D,Osasuna,0,0,Mallorca,Osasuna,D,2025-02-10,Mallorca,Osasuna,D,Mallorca
0,0,2025-02-15,Osasuna,Real Madrid,D,2025-02-15,Osasuna,Real Madrid,D,Osasuna,0,1,Real Madrid,Osasuna,D,2025-02-15,Real Madrid,Osasuna,D,Real Madrid
0,0,2025-02-21,Osasuna,Celta,L,2025-02-21,Osasuna,Celta,L,Osasuna,1,0,Celta,Osasuna,W,2025-02-21,Celta,Osasuna,W,Celta
0,0,2025-03-02,Osasuna,Valencia,D,2025-03-02,Osasuna,Valencia,D,Osasuna,0,0,Valencia,Osasuna,D,2025-03-02,Valencia,Osasuna,D,Valencia
0,0,2025-03-16,Osasuna,Getafe,L,2025-03-16,Osasuna,Getafe,L,Osasuna,1,0,Getafe,Osasuna,W,2025-03-16,Getafe,Osasuna,W,Getafe
0,0,2025-03-27,Osasuna,Barcelona,L,2025-03-27,Osasuna,Barcelona,L,Osasuna,1,1,Barcelona,Osasuna,W,2025-03-27,Barcelona,Osasuna,W,Barcelona
0,0,2025-03-30,Osasuna,Ath Bilbao,D,2025-03-30,Osasuna,Ath Bilbao,D,Osasuna,0,0,Ath Bilbao,Osasuna,D,2025-03-30,Ath Bilbao,Osasuna,D,Ath Bilbao
0,0,2025-04-07,Osasuna,Leganes,D,2025-04-07,Osasuna,Leganes,D,Osasuna,0,0,Leganes,Osasuna,D,2025-04-07,Leganes,Osasuna,D,Leganes
1,0,2025-04-13,Osasuna,Girona,W,2025-04-13,Osasuna,Girona,W,Osasuna,0,0,Girona,Osasuna,L,2025-04-13,Girona,Osasuna,L,Girona
1,0,2025-04-20,Osasuna,Valladolid,W,2025-04-20,Osasuna,Valladolid,W,Osasuna,0,0,Valladolid,Osasuna,L,2025-04-20,Valladolid,Osasuna,L,Valladolid
1,0,2025-04-24,Osasuna,Sevilla,W,2025-04-24,Osasuna,Sevilla,W,Osasuna,0,0,Sevilla,Osasuna,L,2025-04-24,Sevilla,Osasuna,L,Sevilla
0,0,2025-05-03,Osasuna,Villarreal,L,2025-05-03,Osasuna,Villarreal,L,Osasuna,1,0,Villarreal,Osasuna,W,2025-05-03,Villarreal,Osasuna,W,Villarreal
0,0,2025-05-11,Osasuna,Betis,D,2025-05-11,Osasuna,Betis,D,Osasuna,0,1,Betis,Osasuna,D,2025-05-11,Betis,Osasuna,D,Betis
1,0,2025-05-15,Osasuna,Ath Madrid,W,2025-05-15,Osasuna,Ath Madrid,W,Osasuna,0,0,Ath Madrid,Osasuna,L,2025-05-15,Ath Madrid,Osasuna,L,Ath Madrid
1,0,2025-05-18,Osasuna,Espanol,W,2025-05-18,Osasuna,Espanol,W,Osasuna,0,0,Espanol,Osasuna,L,2025-05-18,Espanol,Osasuna,L,Espanol
0,0,2025-05-24,Osasuna,Alaves,D,2025-05-24,Osasuna,Alaves,D,Osasuna,0,0,Alaves,Osasuna,D,2025-05-24,Alaves,Osasuna,D,Alaves
0,0,2023-01-07,Real Madrid,Villarreal,L,2023-01-07,Real Madrid,Villarreal,L,Real Madrid,1,0,Villarreal,Real Madrid,W,2023-01-07,Villarreal,Real Madrid,W,Villarreal
1,0,2023-01-22,Real Madrid,Ath Bilbao,W,2023-01-22,Real Madrid,Ath Bilbao,W,Real Madrid,0,0,Ath Bilbao,Real Madrid,L,2023-01-22,Ath Bilbao,Real Madrid,L,Ath Bilbao
0,0,2023-01-29,Real Madrid,Sociedad,D,2023-01-29,Real Madrid,Sociedad,D,Real Madrid,0,0,Sociedad,Real Madrid,D,2023-01-29,Sociedad,Real Madrid,D,Sociedad
1,0,2023-02-02,Real Madrid,Valencia,W,2023-02-02,Real Madrid,Valencia,W,Real Madrid,0,0,Valencia,Real Madrid,L,2023-02-02,Valencia,Real Madrid,L,Valencia
0,0,2023-02-05,Real Madrid,Mallorca,L,2023-02-05,Real Madrid,Mallorca,L,Real Madrid,1,0,Mallorca,Real Madrid,W,2023-02-05,Mallorca,Real Madrid,W,Mallorca
1,1,2023-02-15,Real Madrid,Elche,W,2023-02-15,Real Madrid,Elche,W,Real Madrid,0,0,Elche,Real Madrid,L,2023-02-15,Elche,Real Madrid,L,Elche
1,1,2023-02-18,Real Madrid,Osasuna,W,2023-02-18,Real Madrid,Osasuna,W,Real Madrid,0,0,Osasuna,Real Madrid,L,2023-02-18,Osasuna,Real Madrid,L,Osasuna
0,1,2023-02-25,Real Madrid,Ath Madrid,D,2023-02-25,Real Madrid,Ath Madrid,D,Real Madrid,0,0,Ath Madrid,Real Madrid,D,2023-02-25,Ath Madrid,Real Madrid,D,Ath Madrid
0,1,2023-03-05,Real Madrid,Betis,D,2023-03-05,Real Madrid,Betis,D,Real Madrid,0,0,Betis,Real Madrid,D,2023-03-05,Betis,Real Madrid,D,Betis
1,0,2023-03-11,Real Madrid,Espanol,W,2023-03-11,Real Madrid,Espanol,W,Real Madrid,0,0,Espanol,Real Madrid,L,2023-03-11,Espanol,Real Madrid,L,Espanol
0,0,2023-03-19,Real Madrid,Barcelona,L,2023-03-19,Real Madrid,Barcelona,L,Real Madrid,1,0,Barcelona,Real Madrid,W,2023-03-19,Barcelona,Real Madrid,W,Barcelona
1,0,2023-04-02,Real Madrid,Valladolid,W,2023-04-02,Real Madrid,Valladolid,W,Real Madrid,0,0,Valladolid,Real Madrid,L,2023-04-02,Valladolid,Real Madrid,L,Valladolid
0,1,2023-04-08,Real Madrid,Villarreal,L,2023-04-08,Real Madrid,Villarreal,L,Real Madrid,1,0,Villarreal,Real Madrid,W,2023-04-08,Villarreal,Real Madrid,W,Villarreal
1,1,2023-04-15,Real Madrid,Cadiz,W,2023-04-15,Real Madrid,Cadiz,W,Real Madrid,0,0,Cadiz,Real Madrid,L,2023-04-15,Cadiz,Real Madrid,L,Cadiz
1,1,2023-04-22,Real Madrid,Celta,W,2023-04-22,Real Madrid,Celta,W,Real Madrid,0,0,Celta,Real Madrid,L,2023-04-22,Celta,Real Madrid,L,Celta
0,1,2023-04-25,Real Madrid,Girona,L,2023-04-25,Real Madrid,Girona,L,Real Madrid,1,0,Girona,Real Madrid,W,2023-04-25,Girona,Real Madrid,W,Girona
1,1,2023-04-29,Real Madrid,Almeria,W,2023-04-29,Real Madrid,Almeria,W,Real Madrid,0,0,Almeria,Real Madrid,L,2023-04-29,Almeria,Real Madrid,L,Almeria
0,0,2023-05-02,Real Madrid,Sociedad,L,2023-05-02,Real Madrid,Sociedad,L,Real Madrid,1,0,Sociedad,Real Madrid,W,2023-05-02,Sociedad,Real Madrid,W,Sociedad
1,0,2023-05-13,Real Madrid,Getafe,W,2023-05-13,Real Madrid,Getafe,W,Real Madrid,0,0,Getafe,Real Madrid,L,2023-05-13,Getafe,Real Madrid,L,Getafe
0,0,2023-05-21,Real Madrid,Valencia,L,2023-05-21,Real Madrid,Valencia,L,Real Madrid,1,0,Valencia,Real Madrid,W,2023-05-21,Valencia,Real Madrid,W,Valencia
1,0,2023-05-24,Real Madrid,Vallecano,W,2023-05-24,Real Madrid,Vallecano,W,Real Madrid,0,0,Vallecano,Real Madrid,L,2023-05-24,Vallecano,Real Madrid,L,Vallecano
1,0,2023-05-27,Real Madrid,Sevilla,W,2023-05-27,Real Madrid,Sevilla,W,Real Madrid,0,0,Sevilla,Real Madrid,L,2023-05-27,Sevilla,Real Madrid,L,Sevilla
0,0,2023-06-04,Real Madrid,Ath Bilbao,D,2023-06-04,Real Madrid,Ath Bilbao,D,Real Madrid,0,0,Ath Bilbao,Real Madrid,D,2023-06-04,Ath Bilbao,Real Madrid,D,Ath Bilbao
1,0,2023-08-12,Real Madrid,Ath Bilbao,W,2023-08-12,Real Madrid,Ath Bilbao,W,Real Madrid,0,1,Ath Bilbao,Real Madrid,L,2023-08-12,Ath Bilbao,Real Madrid,L,Ath Bilbao
1,0,2023-08-19,Real Madrid,Almeria,W,2023-08-19,Real Madrid,Almeria,W,Real Madrid,0,1,Almeria,Real Madrid,L,2023-08-19,Almeria,Real Madrid,L,Almeria
1,0,2023-08-25,Real Madrid,Celta,W,2023-08-25,Real Madrid,Celta,W,Real Madrid,0,0,Celta,Real Madrid,L,2023-08-25,Celta,Real Madrid,L,Celta
1,0,2023-09-02,Real Madrid,Getafe,W,2023-09-02,Real Madrid,Getafe,W,Real Madrid,0,0,Getafe,Real Madrid,L,2023-09-02,Getafe,Real Madrid,L,Getafe
1,1,2023-09-17,Real Madrid,Sociedad,W,2023-09-17,Real Madrid,Sociedad,W,Real Madrid,0,0,Sociedad,Real Madrid,L,2023-09-17,Sociedad,Real Madrid,L,Sociedad
0,1,2023-09-24,Real Madrid,Ath Madrid,L,2023-09-24,Real Madrid,Ath Madrid,L,Real Madrid,1,0,Ath Madrid,Real Madrid,W,2023-09-24,Ath Madrid,Real Madrid,W,Ath Madrid
1,1,2023-09-27,Real Madrid,Las Palmas,W,2023-09-27,Real Madrid,Las Palmas,W,Real Madrid,0,0,Las Palmas,Real Madrid,L,2023-09-27,Las Palmas,Real Madrid,L,Las Palmas
1,1,2023-09-30,Real Madrid,Girona,W,2023-09-30,Real Madrid,Girona,W,Real Madrid,0,1,Girona,Real Madrid,L,2023-09-30,Girona,Real Madrid,L,Girona
1,1,2023-10-07,Real Madrid,Osasuna,W,2023-10-07,Real Madrid,Osasuna,W,Real Madrid,0,0,Osasuna,Real Madrid,L,2023-10-07,Osasuna,Real Madrid,L,Osasuna
0,1,2023-10-21,Real Madrid,Sevilla,D,2023-10-21,Real Madrid,Sevilla,D,Real Madrid,0,1,Sevilla,Real Madrid,D,2023-10-21,Sevilla,Real Madrid,D,Sevilla
1,1,2023-10-28,Real Madrid,Barcelona,W,2023-10-28,Real Madrid,Barcelona,W,Real Madrid,0,1,Barcelona,Real Madrid,L,2023-10-28,Barcelona,Real Madrid,L,Barcelona
0,0,2023-11-05,Real Madrid,Vallecano,D,2023-11-05,Real Madrid,Vallecano,D,Real Madrid,0,0,Vallecano,Real Madrid,D,2023-11-05,Vallecano,Real Madrid,D,Vallecano
1,0,2023-11-11,Real Madrid,Valencia,W,2023-11-11,Real Madrid,Valencia,W,Real Madrid,0,0,Valencia,Real Madrid,L,2023-11-11,Valencia,Real Madrid,L,Valencia
1,0,2023-11-26,Real Madrid,Cadiz,W,2023-11-26,Real Madrid,Cadiz,W,Real Madrid,0,0,Cadiz,Real Madrid,L,2023-11-26,Cadiz,Real Madrid,L,Cadiz
1,1,2023-12-02,Real Madrid,Granada,W,2023-12-02,Real Madrid,Granada,W,Real Madrid,0,0,Granada,Real Madrid,L,2023-12-02,Granada,Real Madrid,L,Granada
0,0,2023-12-09,Real Madrid,Betis,D,2023-12-09,Real Madrid,Betis,D,Real Madrid,0,0,Betis,Real Madrid,D,2023-12-09,Betis,Real Madrid,D,Betis
1,0,2023-12-17,Real Madrid,Villarreal,W,2023-12-17,Real Madrid,Villarreal,W,Real Madrid,0,0,Villarreal,Real Madrid,L,2023-12-17,Villarreal,Real Madrid,L,Villarreal
1,0,2023-12-21,Real Madrid,Alaves,W,2023-12-21,Real Madrid,Alaves,W,Real Madrid,0,0,Alaves,Real Madrid,L,2023-12-21,Alaves,Real Madrid,L,Alaves
1,0,2024-01-03,Real Madrid,Mallorca,W,2024-01-03,Real Madrid,Mallorca,W,Real Madrid,0,0,Mallorca,Real Madrid,L,2024-01-03,Mallorca,Real Madrid,L,Mallorca
1,0,2024-01-21,Real Madrid,Almeria,W,2024-01-21,Real Madrid,Almeria,W,Real Madrid,0,0,Almeria,Real Madrid,L,2024-01-21,Almeria,Real Madrid,L,Almeria
1,0,2024-01-27,Real Madrid,Las Palmas,W,2024-01-27,Real Madrid,Las Palmas,W,Real Madrid,0,0,Las Palmas,Real Madrid,L,2024-01-27,Las Palmas,Real Madrid,L,Las Palmas
1,0,2024-02-01,Real Madrid,Getafe,W,2024-02-01,Real Madrid,Getafe,W,Real Madrid,0,0,Getafe,Real Madrid,L,2024-02-01,Getafe,Real Madrid,L,Getafe
0,0,2024-02-04,Real Madrid,Ath Madrid,D,2024-02-04,Real Madrid,Ath Madrid,D,Real Madrid,0,0,Ath Madrid,Real Madrid,D,2024-02-04,Ath Madrid,Real Madrid,D,Ath Madrid
1,0,2024-02-10,Real Madrid,Girona,W,2024-02-10,Real Madrid,Girona,W,Real Madrid,0,0,Girona,Real Madrid,L,2024-02-10,Girona,Real Madrid,L,Girona
0,0,2024-02-18,Real Madrid,Vallecano,D,2024-02-18,Real Madrid,Vallecano,D,Real Madrid,0,0,Vallecano,Real Madrid,D,2024-02-18,Vallecano,Real Madrid,D,Vallecano
1,0,2024-02-25,Real Madrid,Sevilla,W,2024-02-25,Real Madrid,Sevilla,W,Real Madrid,0,0,Sevilla,Real Madrid,L,2024-02-25,Sevilla,Real Madrid,L,Sevilla
0,0,2024-03-02,Real Madrid,Valencia,D,2024-03-02,Real Madrid,Valencia,D,Real Madrid,0,0,Valencia,Real Madrid,D,2024-03-02,Valencia,Real Madrid,D,Valencia
1,0,2024-03-10,Real Madrid,Celta,W,2024-03-10,Real Madrid,Celta,W,Real Madrid,0,0,Celta,Real Madrid,L,2024-03-10,Celta,Real Madrid,L,Celta
1,1,2024-03-16,Real Madrid,Osasuna,W,2024-03-16,Real Madrid,Osasuna,W,Real Madrid,0,0,Osasuna,Real Madrid,L,2024-03-16,Osasuna,Real Madrid,L,Osasuna
1,1,2024-03-31,Real Madrid,Ath Bilbao,W,2024-03-31,Real Madrid,Ath Bilbao,W,Real Madrid,0,0,Ath Bilbao,Real Madrid,L,2024-03-31,Ath Bilbao,Real Madrid,L,Ath Bilbao
1,1,2024-04-13,Real Madrid,Mallorca,W,2024-04-13,Real Madrid,Mallorca,W,Real Madrid,0,0,Mallorca,Real Madrid,L,2024-04-13,Mallorca,Real Madrid,L,Mallorca
1,1,2024-04-21,Real Madrid,Barcelona,W,2024-04-21,Real Madrid,Barcelona,W,Real Madrid,0,0,Barcelona,Real Madrid,L,2024-04-21,Barcelona,Real Madrid,L,Barcelona
1,0,2024-04-26,Real Madrid,Sociedad,W,2024-04-26,Real Madrid,Sociedad,W,Real Madrid,0,0,Sociedad,Real Madrid,L,2024-04-26,Sociedad,Real Madrid,L,Sociedad
1,0,2024-05-04,Real Madrid,Cadiz,W,2024-05-04,Real Madrid,Cadiz,W,Real Madrid,0,0,Cadiz,Real Madrid,L,2024-05-04,Cadiz,Real Madrid,L,Cadiz
1,0,2024-05-11,Real Madrid,Granada,W,2024-05-11,Real Madrid,Granada,W,Real Madrid,0,0,Granada,Real Madrid,L,2024-05-11,Granada,Real Madrid,L,Granada
1,1,2024-05-14,Real Madrid,Alaves,W,2024-05-14,Real Madrid,Alaves,W,Real Madrid,0,0,Alaves,Real Madrid,L,2024-05-14,Alaves,Real Madrid,L,Alaves
0,1,2024-05-19,Real Madrid,Villarreal,D,2024-05-19,Real Madrid,Villarreal,D,Real Madrid,0,0,Villarreal,Real Madrid,D,2024-05-19,Villarreal,Real Madrid,D,Villarreal
0,1,2024-05-25,Real Madrid,Betis,D,2024-05-25,Real Madrid,Betis,D,Real Madrid,0,0,Betis,Real Madrid,D,2024-05-25,Betis,Real Madrid,D,Betis
0,1,2024-08-18,Real Madrid,Mallorca,D,2024-08-18,Real Madrid,Mallorca,D,Real Madrid,0,0,Mallorca,Real Madrid,D,2024-08-18,Mallorca,Real Madrid,D,Mallorca
1,0,2024-08-25,Real Madrid,Valladolid,W,2024-08-25,Real Madrid,Valladolid,W,Real Madrid,0,0,Valladolid,Real Madrid,L,2024-08-25,Valladolid,Real Madrid,L,Valladolid
0,0,2024-08-29,Real Madrid,Las Palmas,D,2024-08-29,Real Madrid,Las Palmas,D,Real Madrid,0,0,Las Palmas,Real Madrid,D,2024-08-29,Las Palmas,Real Madrid,D,Las Palmas
1,1,2024-09-01,Real Madrid,Betis,W,2024-09-01,Real Madrid,Betis,W,Real Madrid,0,0,Betis,Real Madrid,L,2024-09-01,Betis,Real Madrid,L,Betis
1,1,2024-09-14,Real Madrid,Sociedad,W,2024-09-14,Real Madrid,Sociedad,W,Real Madrid,0,0,Sociedad,Real Madrid,L,2024-09-14,Sociedad,Real Madrid,L,Sociedad
1,1,2024-09-21,Real Madrid,Espanol,W,2024-09-21,Real Madrid,Espanol,W,Real Madrid,0,0,Espanol,Real Madrid,L,2024-09-21,Espanol,Real Madrid,L,Espanol
1,1,2024-09-24,Real Madrid,Alaves,W,2024-09-24,Real Madrid,Alaves,W,Real Madrid,0,0,Alaves,Real Madrid,L,2024-09-24,Alaves,Real Madrid,L,Alaves
0,1,2024-09-29,Real Madrid,Ath Madrid,D,2024-09-29,Real Madrid,Ath Madrid,D,Real Madrid,0,0,Ath Madrid,Real Madrid,D,2024-09-29,Ath Madrid,Real Madrid,D,Ath Madrid
1,1,2024-10-05,Real Madrid,Villarreal,W,2024-10-05,Real Madrid,Villarreal,W,Real Madrid,0,0,Villarreal,Real Madrid,L,2024-10-05,Villarreal,Real Madrid,L,Villarreal
1,0,2024-10-19,Real Madrid,Celta,W,2024-10-19,Real Madrid,Celta,W,Real Madrid,0,0,Celta,Real Madrid,L,2024-10-19,Celta,Real Madrid,L,Celta
0,0,2024-10-26,Real Madrid,Barcelona,L,2024-10-26,Real Madrid,Barcelona,L,Real Madrid,1,0,Barcelona,Real Madrid,W,2024-10-26,Barcelona,Real Madrid,W,Barcelona
1,0,2024-11-09,Real Madrid,Osasuna,W,2024-11-09,Real Madrid,Osasuna,W,Real Madrid,0,0,Osasuna,Real Madrid,L,2024-11-09,Osasuna,Real Madrid,L,Osasuna
1,0,2024-11-24,Real Madrid,Leganes,W,2024-11-24,Real Madrid,Leganes,W,Real Madrid,0,0,Leganes,Real Madrid,L,2024-11-24,Leganes,Real Madrid,L,Leganes
1,1,2024-12-01,Real Madrid,Getafe,W,2024-12-01,Real Madrid,Getafe,W,Real Madrid,0,0,Getafe,Real Madrid,L,2024-12-01,Getafe,Real Madrid,L,Getafe
0,1,2024-12-04,Real Madrid,Ath Bilbao,L,2024-12-04,Real Madrid,Ath Bilbao,L,Real Madrid,1,0,Ath Bilbao,Real Madrid,W,2024-12-04,Ath Bilbao,Real Madrid,W,Ath Bilbao
1,0,2024-12-07,Real Madrid,Girona,W,2024-12-07,Real Madrid,Girona,W,Real Madrid,0,0,Girona,Real Madrid,L,2024-12-07,Girona,Real Madrid,L,Girona
0,0,2024-12-14,Real Madrid,Vallecano,D,2024-12-14,Real Madrid,Vallecano,D,Real Madrid,0,0,Vallecano,Real Madrid,D,2024-12-14,Vallecano,Real Madrid,D,Vallecano
1,0,2024-12-22,Real Madrid,Sevilla,W,2024-12-22,Real Madrid,Sevilla,W,Real Madrid,0,0,Sevilla,Real Madrid,L,2024-12-22,Sevilla,Real Madrid,L,Sevilla
1,0,2025-01-03,Real Madrid,Valencia,W,2025-01-03,Real Madrid,Valencia,W,Real Madrid,0,0,Valencia,Real Madrid,L,2025-01-03,Valencia,Real Madrid,L,Valencia
1,0,2025-01-19,Real Madrid,Las Palmas,W,2025-01-19,Real Madrid,Las Palmas,W,Real Madrid,0,0,Las Palmas,Real Madrid,L,2025-01-19,Las Palmas,Real Madrid,L,Las Palmas
1,1,2025-01-25,Real Madrid,Valladolid,W,2025-01-25,Real Madrid,Valladolid,W,Real Madrid,0,0,Valladolid,Real Madrid,L,2025-01-25,Valladolid,Real Madrid,L,Valladolid
0,1,2025-02-01,Real Madrid,Espanol,L,2025-02-01,Real Madrid,Espanol,L,Real Madrid,1,0,Espanol,Real Madrid,W,2025-02-01,Espanol,Real Madrid,W,Espanol
0,1,2025-02-08,Real Madrid,Ath Madrid,D,2025-02-08,Real Madrid,Ath Madrid,D,Real Madrid,0,1,Ath Madrid,Real Madrid,D,2025-02-08,Ath Madrid,Real Madrid,D,Ath Madrid
0,1,2025-02-15,Real Madrid,Osasuna,D,2025-02-15,Real Madrid,Osasuna,D,Real Madrid,0,0,Osasuna,Real Madrid,D,2025-02-15,Osasuna,Real Madrid,D,Osasuna
1,1,2025-02-23,Real Madrid,Girona,W,2025-02-23,Real Madrid,Girona,W,Real Madrid,0,0,Girona,Real Madrid,L,2025-02-23,Girona,Real Madrid,L,Girona
0,1,2025-03-01,Real Madrid,Betis,L,2025-03-01,Real Madrid,Betis,L,Real Madrid,1,0,Betis,Real Madrid,W,2025-03-01,Betis,Real Madrid,W,Betis
1,0,2025-03-09,Real Madrid,Vallecano,W,2025-03-09,Real Madrid,Vallecano,W,Real Madrid,0,0,Vallecano,Real Madrid,L,2025-03-09,Vallecano,Real Madrid,L,Vallecano
1,0,2025-03-15,Real Madrid,Villarreal,W,2025-03-15,Real Madrid,Villarreal,W,Real Madrid,0,0,Villarreal,Real Madrid,L,2025-03-15,Villarreal,Real Madrid,L,Villarreal
1,0,2025-03-29,Real Madrid,Leganes,W,2025-03-29,Real Madrid,Leganes,W,Real Madrid,0,0,Leganes,Real Madrid,L,2025-03-29,Leganes,Real Madrid,L,Leganes
0,0,2025-04-05,Real Madrid,Valencia,L,2025-04-05,Real Madrid,Valencia,L,Real Madrid,1,0,Valencia,Real Madrid,W,2025-04-05,Valencia,Real Madrid,W,Valencia
1,1,2025-04-13,Real Madrid,Alaves,W,2025-04-13,Real Madrid,Alaves,W,Real Madrid,0,0,Alaves,Real Madrid,L,2025-04-13,Alaves,Real Madrid,L,Alaves
1,1,2025-04-20,Real Madrid,Ath Bilbao,W,2025-04-20,Real Madrid,Ath Bilbao,W,Real Madrid,0,0,Ath Bilbao,Real Madrid,L,2025-04-20,Ath Bilbao,Real Madrid,L,Ath Bilbao
1,0,2025-04-23,Real Madrid,Getafe,W,2025-04-23,Real Madrid,Getafe,W,Real Madrid,0,0,Getafe,Real Madrid,L,2025-04-23,Getafe,Real Madrid,L,Getafe
1,0,2025-05-04,Real Madrid,Celta,W,2025-05-04,Real Madrid,Celta,W,Real Madrid,0,0,Celta,Real Madrid,L,2025-05-04,Celta,Real Madrid,L,Celta
0,0,2025-05-11,Real Madrid,Barcelona,L,2025-05-11,Real Madrid,Barcelona,L,Real Madrid,1,1,Barcelona,Real Madrid,W,2025-05-11,Barcelona,Real Madrid,W,Barcelona
1,0,2025-05-14,Real Madrid,Mallorca,W,2025-05-14,Real Madrid,Mallorca,W,Real Madrid,0,0,Mallorca,Real Madrid,L,2025-05-14,Mallorca,Real Madrid,L,Mallorca
1,1,2025-05-18,Real Madrid,Sevilla,W,2025-05-18,Real Madrid,Sevilla,W,Real Madrid,0,1,Sevilla,Real Madrid,L,2025-05-18,Sevilla,Real Madrid,L,Sevilla
1,1,2025-05-24,Real Madrid,Sociedad,W,2025-05-24,Real Madrid,Sociedad,W,Real Madrid,0,0,Sociedad,Real Madrid,L,2025-05-24,Sociedad,Real Madrid,L,Sociedad
1,0,2023-01-08,Sevilla,Getafe,W,2023-01-08,Sevilla,Getafe,W,Sevilla,0,0,Getafe,Sevilla,L,2023-01-08,Getafe,Sevilla,L,Getafe
0,0,2023-01-14,Sevilla,Girona,L,2023-01-14,Sevilla,Girona,L,Sevilla,1,0,Girona,Sevilla,W,2023-01-14,Girona,Sevilla,W,Girona
1,0,2023-01-21,Sevilla,Cadiz,W,2023-01-21,Sevilla,Cadiz,W,Sevilla,0,0,Cadiz,Sevilla,L,2023-01-21,Cadiz,Sevilla,L,Cadiz
1,0,2023-01-28,Sevilla,Elche,W,2023-01-28,Sevilla,Elche,W,Sevilla,0,0,Elche,Sevilla,L,2023-01-28,Elche,Sevilla,L,Elche
0,0,2023-02-05,Sevilla,Barcelona,L,2023-02-05,Sevilla,Barcelona,L,Sevilla,1,0,Barcelona,Sevilla,W,2023-02-05,Barcelona,Sevilla,W,Barcelona
1,0,2023-02-11,Sevilla,Mallorca,W,2023-02-11,Sevilla,Mallorca,W,Sevilla,0,0,Mallorca,Sevilla,L,2023-02-11,Mallorca,Sevilla,L,Mallorca
0,0,2023-02-19,Sevilla,Vallecano,D,2023-02-19,Sevilla,Vallecano,D,Sevilla,0,0,Vallecano,Sevilla,D,2023-02-19,Vallecano,Sevilla,D,Vallecano
0,0,2023-02-26,Sevilla,Osasuna,L,2023-02-26,Sevilla,Osasuna,L,Sevilla,1,0,Osasuna,Sevilla,W,2023-02-26,Osasuna,Sevilla,W,Osasuna
0,0,2023-03-04,Sevilla,Ath Madrid,L,2023-03-04,Sevilla,Ath Madrid,L,Sevilla,1,0,Ath Madrid,Sevilla,W,2023-03-04,Ath Madrid,Sevilla,W,Ath Madrid
1,0,2023-03-12,Sevilla,Almeria,W,2023-03-12,Sevilla,Almeria,W,Sevilla,0,0,Almeria,Sevilla,L,2023-03-12,Almeria,Sevilla,L,Almeria
0,1,2023-03-19,Sevilla,Getafe,L,2023-03-19,Sevilla,Getafe,L,Sevilla,1,0,Getafe,Sevilla,W,2023-03-19,Getafe,Sevilla,W,Getafe
1,0,2023-04-01,Sevilla,Cadiz,W,2023-04-01,Sevilla,Cadiz,W,Sevilla,0,0,Cadiz,Sevilla,L,2023-04-01,Cadiz,Sevilla,L,Cadiz
0,1,2023-04-07,Sevilla,Celta,D,2023-04-07,Sevilla,Celta,D,Sevilla,0,0,Celta,Sevilla,D,2023-04-07,Celta,Sevilla,D,Celta
1,0,2023-04-16,Sevilla,Valencia,W,2023-04-16,Sevilla,Valencia,W,Sevilla,0,0,Valencia,Sevilla,L,2023-04-16,Valencia,Sevilla,L,Valencia
1,0,2023-04-23,Sevilla,Villarreal,W,2023-04-23,Sevilla,Villarreal,W,Sevilla,0,0,Villarreal,Sevilla,L,2023-04-23,Villarreal,Sevilla,L,Villarreal
1,0,2023-04-27,Sevilla,Ath Bilbao,W,2023-04-27,Sevilla,Ath Bilbao,W,Sevilla,0,0,Ath Bilbao,Sevilla,L,2023-04-27,Ath Bilbao,Sevilla,L,Ath Bilbao
0,0,2023-05-01,Sevilla,Girona,L,2023-05-01,Sevilla,Girona,L,Sevilla,1,0,Girona,Sevilla,W,2023-05-01,Girona,Sevilla,W,Girona
1,0,2023-05-04,Sevilla,Espanol,W,2023-05-04,Sevilla,Espanol,W,Sevilla,0,0,Espanol,Sevilla,L,2023-05-04,Espanol,Sevilla,L,Espanol
1,0,2023-05-14,Sevilla,Valladolid,W,2023-05-14,Sevilla,Valladolid,W,Sevilla,0,0,Valladolid,Sevilla,L,2023-05-14,Valladolid,Sevilla,L,Valladolid
0,1,2023-05-21,Sevilla,Betis,D,2023-05-21,Sevilla,Betis,D,Sevilla,0,0,Betis,Sevilla,D,2023-05-21,Betis,Sevilla,D,Betis
0,0,2023-05-24,Sevilla,Elche,D,2023-05-24,Sevilla,Elche,D,Sevilla,0,0,Elche,Sevilla,D,2023-05-24,Elche,Sevilla,D,Elche
0,0,2023-05-27,Sevilla,Real Madrid,L,2023-05-27,Sevilla,Real Madrid,L,Sevilla,1,0,Real Madrid,Sevilla,W,2023-05-27,Real Madrid,Sevilla,W,Real Madrid
0,0,2023-06-04,Sevilla,Sociedad,L,2023-06-04,Sevilla,Sociedad,L,Sevilla,1,0,Sociedad,Sevilla,W,2023-06-04,Sociedad,Sevilla,W,Sociedad
0,0,2023-08-11,Sevilla,Valencia,L,2023-08-11,Sevilla,Valencia,L,Sevilla,1,0,Valencia,Sevilla,W,2023-08-11,Valencia,Sevilla,W,Valencia
0,0,2023-08-21,Sevilla,Alaves,L,2023-08-21,Sevilla,Alaves,L,Sevilla,1,0,Alaves,Sevilla,W,2023-08-21,Alaves,Sevilla,W,Alaves
0,0,2023-08-26,Sevilla,Girona,L,2023-08-26,Sevilla,Girona,L,Sevilla,1,0,Girona,Sevilla,W,2023-08-26,Girona,Sevilla,W,Girona
1,0,2023-09-17,Sevilla,Las Palmas,W,2023-09-17,Sevilla,Las Palmas,W,Sevilla,0,0,Las Palmas,Sevilla,L,2023-09-17,Las Palmas,Sevilla,L,Las Palmas
0,1,2023-09-23,Sevilla,Osasuna,D,2023-09-23,Sevilla,Osasuna,D,Sevilla,0,0,Osasuna,Sevilla,D,2023-09-23,Osasuna,Sevilla,D,Osasuna
1,1,2023-09-26,Sevilla,Almeria,W,2023-09-26,Sevilla,Almeria,W,Sevilla,0,0,Almeria,Sevilla,L,2023-09-26,Almeria,Sevilla,L,Almeria
0,1,2023-09-29,Sevilla,Barcelona,L,2023-09-29,Sevilla,Barcelona,L,Sevilla,1,0,Barcelona,Sevilla,W,2023-09-29,Barcelona,Sevilla,W,Barcelona
0,0,2023-10-07,Sevilla,Vallecano,D,2023-10-07,Sevilla,Vallecano,D,Sevilla,0,0,Vallecano,Sevilla,D,2023-10-07,Vallecano,Sevilla,D,Vallecano
0,1,2023-10-21,Sevilla,Real Madrid,D,2023-10-21,Sevilla,Real Madrid,D,Sevilla,0,1,Real Madrid,Sevilla,D,2023-10-21,Real Madrid,Sevilla,D,Real Madrid
0,0,2023-10-28,Sevilla,Cadiz,D,2023-10-28,Sevilla,Cadiz,D,Sevilla,0,0,Cadiz,Sevilla,D,2023-10-28,Cadiz,Sevilla,D,Cadiz
0,1,2023-11-04,Sevilla,Celta,D,2023-11-04,Sevilla,Celta,D,Sevilla,0,0,Celta,Sevilla,D,2023-11-04,Celta,Sevilla,D,Celta
0,1,2023-11-12,Sevilla,Betis,D,2023-11-12,Sevilla,Betis,D,Sevilla,0,0,Betis,Sevilla,D,2023-11-12,Betis,Sevilla,D,Betis
0,0,2023-11-26,Sevilla,Sociedad,L,2023-11-26,Sevilla,Sociedad,L,Sevilla,1,0,Sociedad,Sevilla,W,2023-11-26,Sociedad,Sevilla,W,Sociedad
0,0,2023-12-03,Sevilla,Villarreal,D,2023-12-03,Sevilla,Villarreal,D,Sevilla,0,0,Villarreal,Sevilla,D,2023-12-03,Villarreal,Sevilla,D,Villarreal
0,0,2023-12-09,Sevilla,Mallorca,L,2023-12-09,Sevilla,Mallorca,L,Sevilla,1,0,Mallorca,Sevilla,W,2023-12-09,Mallorca,Sevilla,W,Mallorca
0,0,2023-12-16,Sevilla,Getafe,L,2023-12-16,Sevilla,Getafe,L,Sevilla,1,0,Getafe,Sevilla,W,2023-12-16,Getafe,Sevilla,W,Getafe
1,0,2023-12-19,Sevilla,Granada,W,2023-12-19,Sevilla,Granada,W,Sevilla,0,0,Granada,Sevilla,L,2023-12-19,Granada,Sevilla,L,Granada
0,0,2023-12-23,Sevilla,Ath Madrid,L,2023-12-23,Sevilla,Ath Madrid,L,Sevilla,1,0,Ath Madrid,Sevilla,W,2023-12-23,Ath Madrid,Sevilla,W,Ath Madrid
0,0,2024-01-04,Sevilla,Ath Bilbao,L,2024-01-04,Sevilla,Ath Bilbao,L,Sevilla,1,1,Ath Bilbao,Sevilla,W,2024-01-04,Ath Bilbao,Sevilla,W,Ath Bilbao
0,0,2024-01-12,Sevilla,Alaves,L,2024-01-12,Sevilla,Alaves,L,Sevilla,1,0,Alaves,Sevilla,W,2024-01-12,Alaves,Sevilla,W,Alaves
0,0,2024-01-21,Sevilla,Girona,L,2024-01-21,Sevilla,Girona,L,Sevilla,1,0,Girona,Sevilla,W,2024-01-21,Girona,Sevilla,W,Girona
0,0,2024-01-28,Sevilla,Osasuna,D,2024-01-28,Sevilla,Osasuna,D,Sevilla,0,0,Osasuna,Sevilla,D,2024-01-28,Osasuna,Sevilla,D,Osasuna
1,0,2024-02-05,Sevilla,Vallecano,W,2024-02-05,Sevilla,Vallecano,W,Sevilla,0,0,Vallecano,Sevilla,L,2024-02-05,Vallecano,Sevilla,L,Vallecano
1,0,2024-02-11,Sevilla,Ath Madrid,W,2024-02-11,Sevilla,Ath Madrid,W,Sevilla,0,0,Ath Madrid,Sevilla,L,2024-02-11,Ath Madrid,Sevilla,L,Ath Madrid
0,0,2024-02-17,Sevilla,Valencia,D,2024-02-17,Sevilla,Valencia,D,Sevilla,0,0,Valencia,Sevilla,D,2024-02-17,Valencia,Sevilla,D,Valencia
0,0,2024-02-25,Sevilla,Real Madrid,L,2024-02-25,Sevilla,Real Madrid,L,Sevilla,1,0,Real Madrid,Sevilla,W,2024-02-25,Real Madrid,Sevilla,W,Real Madrid
1,0,2024-03-02,Sevilla,Sociedad,W,2024-03-02,Sevilla,Sociedad,W,Sevilla,0,1,Sociedad,Sevilla,L,2024-03-02,Sociedad,Sevilla,L,Sociedad
0,0,2024-03-11,Sevilla,Almeria,D,2024-03-11,Sevilla,Almeria,D,Sevilla,0,0,Almeria,Sevilla,D,2024-03-11,Almeria,Sevilla,D,Almeria
0,0,2024-03-17,Sevilla,Celta,L,2024-03-17,Sevilla,Celta,L,Sevilla,1,0,Celta,Sevilla,W,2024-03-17,Celta,Sevilla,W,Celta
1,0,2024-03-30,Sevilla,Getafe,W,2024-03-30,Sevilla,Getafe,W,Sevilla,0,0,Getafe,Sevilla,L,2024-03-30,Getafe,Sevilla,L,Getafe
1,0,2024-04-14,Sevilla,Las Palmas,W,2024-04-14,Sevilla,Las Palmas,W,Sevilla,0,0,Las Palmas,Sevilla,L,2024-04-14,Las Palmas,Sevilla,L,Las Palmas
1,0,2024-04-22,Sevilla,Mallorca,W,2024-04-22,Sevilla,Mallorca,W,Sevilla,0,0,Mallorca,Sevilla,L,2024-04-22,Mallorca,Sevilla,L,Mallorca
0,0,2024-04-28,Sevilla,Betis,D,2024-04-28,Sevilla,Betis,D,Sevilla,0,0,Betis,Sevilla,D,2024-04-28,Betis,Sevilla,D,Betis
1,0,2024-05-05,Sevilla,Granada,W,2024-05-05,Sevilla,Granada,W,Sevilla,0,0,Granada,Sevilla,L,2024-05-05,Granada,Sevilla,L,Granada
0,0,2024-05-11,Sevilla,Villarreal,L,2024-05-11,Sevilla,Villarreal,L,Sevilla,1,0,Villarreal,Sevilla,W,2024-05-11,Villarreal,Sevilla,W,Villarreal
0,0,2024-05-15,Sevilla,Cadiz,L,2024-05-15,Sevilla,Cadiz,L,Sevilla,1,0,Cadiz,Sevilla,W,2024-05-15,Cadiz,Sevilla,W,Cadiz
0,0,2024-05-19,Sevilla,Ath Bilbao,L,2024-05-19,Sevilla,Ath Bilbao,L,Sevilla,1,0,Ath Bilbao,Sevilla,W,2024-05-19,Ath Bilbao,Sevilla,W,Ath Bilbao
0,0,2024-05-26,Sevilla,Barcelona,L,2024-05-26,Sevilla,Barcelona,L,Sevilla,1,0,Barcelona,Sevilla,W,2024-05-26,Barcelona,Sevilla,W,Barcelona
0,0,2024-08-16,Sevilla,Las Palmas,D,2024-08-16,Sevilla,Las Palmas,D,Sevilla,0,0,Las Palmas,Sevilla,D,2024-08-16,Las Palmas,Sevilla,D,Las Palmas
0,0,2024-08-23,Sevilla,Villarreal,L,2024-08-23,Sevilla,Villarreal,L,Sevilla,1,0,Villarreal,Sevilla,W,2024-08-23,Villarreal,Sevilla,W,Villarreal
0,0,2024-08-27,Sevilla,Mallorca,D,2024-08-27,Sevilla,Mallorca,D,Sevilla,0,0,Mallorca,Sevilla,D,2024-08-27,Mallorca,Sevilla,D,Mallorca
0,1,2024-09-01,Sevilla,Girona,L,2024-09-01,Sevilla,Girona,L,Sevilla,1,0,Girona,Sevilla,W,2024-09-01,Girona,Sevilla,W,Girona
1,1,2024-09-14,Sevilla,Getafe,W,2024-09-14,Sevilla,Getafe,W,Sevilla,0,0,Getafe,Sevilla,L,2024-09-14,Getafe,Sevilla,L,Getafe
0,0,2024-09-20,Sevilla,Alaves,L,2024-09-20,Sevilla,Alaves,L,Sevilla,1,0,Alaves,Sevilla,W,2024-09-20,Alaves,Sevilla,W,Alaves
1,0,2024-09-24,Sevilla,Valladolid,W,2024-09-24,Sevilla,Valladolid,W,Sevilla,0,0,Valladolid,Sevilla,L,2024-09-24,Valladolid,Sevilla,L,Valladolid
0,0,2024-09-29,Sevilla,Ath Bilbao,D,2024-09-29,Sevilla,Ath Bilbao,D,Sevilla,0,0,Ath Bilbao,Sevilla,D,2024-09-29,Ath Bilbao,Sevilla,D,Ath Bilbao
1,0,2024-10-06,Sevilla,Betis,W,2024-10-06,Sevilla,Betis,W,Sevilla,0,0,Betis,Sevilla,L,2024-10-06,Betis,Sevilla,L,Betis
0,0,2024-10-20,Sevilla,Barcelona,L,2024-10-20,Sevilla,Barcelona,L,Sevilla,1,0,Barcelona,Sevilla,W,2024-10-20,Barcelona,Sevilla,W,Barcelona
1,0,2024-10-25,Sevilla,Espanol,W,2024-10-25,Sevilla,Espanol,W,Sevilla,0,0,Espanol,Sevilla,L,2024-10-25,Espanol,Sevilla,L,Espanol
0,0,2024-11-03,Sevilla,Sociedad,L,2024-11-03,Sevilla,Sociedad,L,Sevilla,1,0,Sociedad,Sevilla,W,2024-11-03,Sociedad,Sevilla,W,Sociedad
0,0,2024-11-09,Sevilla,Leganes,L,2024-11-09,Sevilla,Leganes,L,Sevilla,1,0,Leganes,Sevilla,W,2024-11-09,Leganes,Sevilla,W,Leganes
1,0,2024-11-24,Sevilla,Vallecano,W,2024-11-24,Sevilla,Vallecano,W,Sevilla,0,1,Vallecano,Sevilla,L,2024-11-24,Vallecano,Sevilla,L,Vallecano
0,0,2024-12-02,Sevilla,Osasuna,D,2024-12-02,Sevilla,Osasuna,D,Sevilla,0,0,Osasuna,Sevilla,D,2024-12-02,Osasuna,Sevilla,D,Osasuna
0,0,2024-12-08,Sevilla,Ath Madrid,L,2024-12-08,Sevilla,Ath Madrid,L,Sevilla,1,0,Ath Madrid,Sevilla,W,2024-12-08,Ath Madrid,Sevilla,W,Ath Madrid
1,0,2024-12-14,Sevilla,Celta,W,2024-12-14,Sevilla,Celta,W,Sevilla,0,0,Celta,Sevilla,L,2024-12-14,Celta,Sevilla,L,Celta
0,0,2024-12-22,Sevilla,Real Madrid,L,2024-12-22,Sevilla,Real Madrid,L,Sevilla,1,0,Real Madrid,Sevilla,W,2024-12-22,Real Madrid,Sevilla,W,Real Madrid
0,0,2025-01-11,Sevilla,Valencia,D,2025-01-11,Sevilla,Valencia,D,Sevilla,0,0,Valencia,Sevilla,D,2025-01-11,Valencia,Sevilla,D,Valencia
1,0,2025-01-18,Sevilla,Girona,W,2025-01-18,Sevilla,Girona,W,Sevilla,0,0,Girona,Sevilla,L,2025-01-18,Girona,Sevilla,L,Girona
0,0,2025-01-25,Sevilla,Espanol,D,2025-01-25,Sevilla,Espanol,D,Sevilla,0,0,Espanol,Sevilla,D,2025-01-25,Espanol,Sevilla,D,Espanol
0,0,2025-02-01,Sevilla,Getafe,D,2025-02-01,Sevilla,Getafe,D,Sevilla,0,0,Getafe,Sevilla,D,2025-02-01,Getafe,Sevilla,D,Getafe
0,0,2025-02-09,Sevilla,Barcelona,L,2025-02-09,Sevilla,Barcelona,L,Sevilla,1,1,Barcelona,Sevilla,W,2025-02-09,Barcelona,Sevilla,W,Barcelona
1,0,2025-02-16,Sevilla,Valladolid,W,2025-02-16,Sevilla,Valladolid,W,Sevilla,0,0,Valladolid,Sevilla,L,2025-02-16,Valladolid,Sevilla,L,Valladolid
0,0,2025-02-24,Sevilla,Mallorca,D,2025-02-24,Sevilla,Mallorca,D,Sevilla,0,0,Mallorca,Sevilla,D,2025-02-24,Mallorca,Sevilla,D,Mallorca
0,0,2025-03-01,Sevilla,Vallecano,D,2025-03-01,Sevilla,Vallecano,D,Sevilla,0,0,Vallecano,Sevilla,D,2025-03-01,Vallecano,Sevilla,D,Vallecano
1,0,2025-03-09,Sevilla,Sociedad,W,2025-03-09,Sevilla,Sociedad,W,Sevilla,0,0,Sociedad,Sevilla,L,2025-03-09,Sociedad,Sevilla,L,Sociedad
0,0,2025-03-16,Sevilla,Ath Bilbao,L,2025-03-16,Sevilla,Ath Bilbao,L,Sevilla,1,1,Ath Bilbao,Sevilla,W,2025-03-16,Ath Bilbao,Sevilla,W,Ath Bilbao
0,0,2025-03-30,Sevilla,Betis,L,2025-03-30,Sevilla,Betis,L,Sevilla,1,1,Betis,Sevilla,W,2025-03-30,Betis,Sevilla,W,Betis
0,0,2025-04-06,Sevilla,Ath Madrid,L,2025-04-06,Sevilla,Ath Madrid,L,Sevilla,1,0,Ath Madrid,Sevilla,W,2025-04-06,Ath Madrid,Sevilla,W,Ath Madrid
0,0,2025-04-11,Sevilla,Valencia,L,2025-04-11,Sevilla,Valencia,L,Sevilla,1,0,Valencia,Sevilla,W,2025-04-11,Valencia,Sevilla,W,Valencia
0,0,2025-04-20,Sevilla,Alaves,D,2025-04-20,Sevilla,Alaves,D,Sevilla,0,0,Alaves,Sevilla,D,2025-04-20,Alaves,Sevilla,D,Alaves
0,0,2025-04-24,Sevilla,Osasuna,L,2025-04-24,Sevilla,Osasuna,L,Sevilla,1,0,Osasuna,Sevilla,W,2025-04-24,Osasuna,Sevilla,W,Osasuna
0,0,2025-05-04,Sevilla,Leganes,D,2025-05-04,Sevilla,Leganes,D,Sevilla,0,0,Leganes,Sevilla,D,2025-05-04,Leganes,Sevilla,D,Leganes
0,0,2025-05-10,Sevilla,Celta,L,2025-05-10,Sevilla,Celta,L,Sevilla,1,0,Celta,Sevilla,W,2025-05-10,Celta,Sevilla,W,Celta
1,1,2025-05-13,Sevilla,Las Palmas,W,2025-05-13,Sevilla,Las Palmas,W,Sevilla,0,0,Las Palmas,Sevilla,L,2025-05-13,Las Palmas,Sevilla,L,Las Palmas
0,1,2025-05-18,Sevilla,Real Madrid,L,2025-05-18,Sevilla,Real Madrid,L,Sevilla,1,1,Real Madrid,Sevilla,W,2025-05-18,Real Madrid,Sevilla,W,Real Madrid
0,0,2025-05-25,Sevilla,Villarreal,L,2025-05-25,Sevilla,Villarreal,L,Sevilla,1,0,Villarreal,Sevilla,W,2025-05-25,Villarreal,Sevilla,W,Villarreal
1,0,2023-01-08,Sociedad,Almeria,W,2023-01-08,Sociedad,Almeria,W,Sociedad,0,0,Almeria,Sociedad,L,2023-01-08,Almeria,Sociedad,L,Almeria
1,0,2023-01-14,Sociedad,Ath Bilbao,W,2023-01-14,Sociedad,Ath Bilbao,W,Sociedad,0,0,Ath Bilbao,Sociedad,L,2023-01-14,Ath Bilbao,Sociedad,L,Ath Bilbao
1,0,2023-01-21,Sociedad,Vallecano,W,2023-01-21,Sociedad,Vallecano,W,Sociedad,0,0,Vallecano,Sociedad,L,2023-01-21,Vallecano,Sociedad,L,Vallecano
0,0,2023-01-29,Sociedad,Real Madrid,D,2023-01-29,Sociedad,Real Madrid,D,Sociedad,0,0,Real Madrid,Sociedad,D,2023-01-29,Real Madrid,Sociedad,D,Real Madrid
0,0,2023-02-05,Sociedad,Valladolid,L,2023-02-05,Sociedad,Valladolid,L,Sociedad,1,0,Valladolid,Sociedad,W,2023-02-05,Valladolid,Sociedad,W,Valladolid
1,0,2023-02-13,Sociedad,Espanol,W,2023-02-13,Sociedad,Espanol,W,Sociedad,0,0,Espanol,Sociedad,L,2023-02-13,Espanol,Sociedad,L,Espanol
0,0,2023-02-18,Sociedad,Celta,D,2023-02-18,Sociedad,Celta,D,Sociedad,0,0,Celta,Sociedad,D,2023-02-18,Celta,Sociedad,D,Celta
0,0,2023-02-25,Sociedad,Valencia,L,2023-02-25,Sociedad,Valencia,L,Sociedad,1,0,Valencia,Sociedad,W,2023-02-25,Valencia,Sociedad,W,Valencia
0,0,2023-03-03,Sociedad,Cadiz,D,2023-03-03,Sociedad,Cadiz,D,Sociedad,0,0,Cadiz,Sociedad,D,2023-03-03,Cadiz,Sociedad,D,Cadiz
0,0,2023-03-12,Sociedad,Mallorca,D,2023-03-12,Sociedad,Mallorca,D,Sociedad,0,0,Mallorca,Sociedad,D,2023-03-12,Mallorca,Sociedad,D,Mallorca
1,0,2023-03-19,Sociedad,Elche,W,2023-03-19,Sociedad,Elche,W,Sociedad,0,0,Elche,Sociedad,L,2023-03-19,Elche,Sociedad,L,Elche
0,0,2023-04-02,Sociedad,Villarreal,L,2023-04-02,Sociedad,Villarreal,L,Sociedad,1,0,Villarreal,Sociedad,W,2023-04-02,Villarreal,Sociedad,W,Villarreal
1,0,2023-04-08,Sociedad,Getafe,W,2023-04-08,Sociedad,Getafe,W,Sociedad,0,0,Getafe,Sociedad,L,2023-04-08,Getafe,Sociedad,L,Getafe
0,0,2023-04-15,Sociedad,Ath Bilbao,L,2023-04-15,Sociedad,Ath Bilbao,L,Sociedad,1,0,Ath Bilbao,Sociedad,W,2023-04-15,Ath Bilbao,Sociedad,W,Ath Bilbao
1,0,2023-04-22,Sociedad,Vallecano,W,2023-04-22,Sociedad,Vallecano,W,Sociedad,0,0,Vallecano,Sociedad,L,2023-04-22,Vallecano,Sociedad,L,Vallecano
0,0,2023-04-25,Sociedad,Betis,D,2023-04-25,Sociedad,Betis,D,Sociedad,0,0,Betis,Sociedad,D,2023-04-25,Betis,Sociedad,D,Betis
1,0,2023-04-28,Sociedad,Osasuna,W,2023-04-28,Sociedad,Osasuna,W,Sociedad,0,0,Osasuna,Sociedad,L,2023-04-28,Osasuna,Sociedad,L,Osasuna
1,0,2023-05-02,Sociedad,Real Madrid,W,2023-05-02,Sociedad,Real Madrid,W,Sociedad,0,0,Real Madrid,Sociedad,L,2023-05-02,Real Madrid,Sociedad,L,Real Madrid
0,0,2023-05-13,Sociedad,Girona,D,2023-05-13,Sociedad,Girona,D,Sociedad,0,0,Girona,Sociedad,D,2023-05-13,Girona,Sociedad,D,Girona
1,0,2023-05-20,Sociedad,Barcelona,W,2023-05-20,Sociedad,Barcelona,W,Sociedad,0,1,Barcelona,Sociedad,L,2023-05-20,Barcelona,Sociedad,L,Barcelona
1,0,2023-05-23,Sociedad,Almeria,W,2023-05-23,Sociedad,Almeria,W,Sociedad,0,0,Almeria,Sociedad,L,2023-05-23,Almeria,Sociedad,L,Almeria
0,0,2023-05-28,Sociedad,Ath Madrid,L,2023-05-28,Sociedad,Ath Madrid,L,Sociedad,1,0,Ath Madrid,Sociedad,W,2023-05-28,Ath Madrid,Sociedad,W,Ath Madrid
1,0,2023-06-04,Sociedad,Sevilla,W,2023-06-04,Sociedad,Sevilla,W,Sociedad,0,0,Sevilla,Sociedad,L,2023-06-04,Sevilla,Sociedad,L,Sevilla
0,0,2023-08-12,Sociedad,Girona,D,2023-08-12,Sociedad,Girona,D,Sociedad,0,0,Girona,Sociedad,D,2023-08-12,Girona,Sociedad,D,Girona
0,0,2023-08-19,Sociedad,Celta,D,2023-08-19,Sociedad,Celta,D,Sociedad,0,0,Celta,Sociedad,D,2023-08-19,Celta,Sociedad,D,Celta
1,0,2023-09-02,Sociedad,Granada,W,2023-09-02,Sociedad,Granada,W,Sociedad,0,0,Granada,Sociedad,L,2023-09-02,Granada,Sociedad,L,Granada
0,0,2023-09-17,Sociedad,Real Madrid,L,2023-09-17,Sociedad,Real Madrid,L,Sociedad,1,1,Real Madrid,Sociedad,W,2023-09-17,Real Madrid,Sociedad,W,Real Madrid
1,0,2023-09-24,Sociedad,Getafe,W,2023-09-24,Sociedad,Getafe,W,Sociedad,0,0,Getafe,Sociedad,L,2023-09-24,Getafe,Sociedad,L,Getafe
1,0,2023-09-27,Sociedad,Valencia,W,2023-09-27,Sociedad,Valencia,W,Sociedad,0,0,Valencia,Sociedad,L,2023-09-27,Valencia,Sociedad,L,Valencia
1,0,2023-09-30,Sociedad,Ath Bilbao,W,2023-09-30,Sociedad,Ath Bilbao,W,Sociedad,0,0,Ath Bilbao,Sociedad,L,2023-09-30,Ath Bilbao,Sociedad,L,Ath Bilbao
0,0,2023-10-08,Sociedad,Ath Madrid,L,2023-10-08,Sociedad,Ath Madrid,L,Sociedad,1,0,Ath Madrid,Sociedad,W,2023-10-08,Ath Madrid,Sociedad,W,Ath Madrid
1,0,2023-10-21,Sociedad,Mallorca,W,2023-10-21,Sociedad,Mallorca,W,Sociedad,0,0,Mallorca,Sociedad,L,2023-10-21,Mallorca,Sociedad,L,Mallorca
0,0,2023-10-29,Sociedad,Vallecano,D,2023-10-29,Sociedad,Vallecano,D,Sociedad,0,0,Vallecano,Sociedad,D,2023-10-29,Vallecano,Sociedad,D,Vallecano
0,0,2023-11-04,Sociedad,Barcelona,L,2023-11-04,Sociedad,Barcelona,L,Sociedad,1,0,Barcelona,Sociedad,W,2023-11-04,Barcelona,Sociedad,W,Barcelona
1,0,2023-11-11,Sociedad,Almeria,W,2023-11-11,Sociedad,Almeria,W,Sociedad,0,0,Almeria,Sociedad,L,2023-11-11,Almeria,Sociedad,L,Almeria
1,0,2023-11-26,Sociedad,Sevilla,W,2023-11-26,Sociedad,Sevilla,W,Sociedad,0,0,Sevilla,Sociedad,L,2023-11-26,Sevilla,Sociedad,L,Sevilla
0,0,2023-12-02,Sociedad,Osasuna,D,2023-12-02,Sociedad,Osasuna,D,Sociedad,0,0,Osasuna,Sociedad,D,2023-12-02,Osasuna,Sociedad,D,Osasuna
1,0,2023-12-09,Sociedad,Villarreal,W,2023-12-09,Sociedad,Villarreal,W,Sociedad,0,0,Villarreal,Sociedad,L,2023-12-09,Villarreal,Sociedad,L,Villarreal
0,0,2023-12-17,Sociedad,Betis,D,2023-12-17,Sociedad,Betis,D,Sociedad,0,0,Betis,Sociedad,D,2023-12-17,Betis,Sociedad,D,Betis
0,0,2023-12-21,Sociedad,Cadiz,D,2023-12-21,Sociedad,Cadiz,D,Sociedad,0,0,Cadiz,Sociedad,D,2023-12-21,Cadiz,Sociedad,D,Cadiz
0,0,2024-01-02,Sociedad,Alaves,D,2024-01-02,Sociedad,Alaves,D,Sociedad,0,0,Alaves,Sociedad,D,2024-01-02,Alaves,Sociedad,D,Alaves
0,0,2024-01-13,Sociedad,Ath Bilbao,L,2024-01-13,Sociedad,Ath Bilbao,L,Sociedad,1,1,Ath Bilbao,Sociedad,W,2024-01-13,Ath Bilbao,Sociedad,W,Ath Bilbao
1,0,2024-01-20,Sociedad,Celta,W,2024-01-20,Sociedad,Celta,W,Sociedad,0,0,Celta,Sociedad,L,2024-01-20,Celta,Sociedad,L,Celta
0,0,2024-01-27,Sociedad,Vallecano,D,2024-01-27,Sociedad,Vallecano,D,Sociedad,0,0,Vallecano,Sociedad,D,2024-01-27,Vallecano,Sociedad,D,Vallecano
0,0,2024-02-03,Sociedad,Girona,D,2024-02-03,Sociedad,Girona,D,Sociedad,0,0,Girona,Sociedad,D,2024-02-03,Girona,Sociedad,D,Girona
0,0,2024-02-10,Sociedad,Osasuna,L,2024-02-10,Sociedad,Osasuna,L,Sociedad,1,0,Osasuna,Sociedad,W,2024-02-10,Osasuna,Sociedad,W,Osasuna
1,0,2024-02-18,Sociedad,Mallorca,W,2024-02-18,Sociedad,Mallorca,W,Sociedad,0,0,Mallorca,Sociedad,L,2024-02-18,Mallorca,Sociedad,L,Mallorca
0,0,2024-02-23,Sociedad,Villarreal,L,2024-02-23,Sociedad,Villarreal,L,Sociedad,1,0,Villarreal,Sociedad,W,2024-02-23,Villarreal,Sociedad,W,Villarreal
0,1,2024-03-02,Sociedad,Sevilla,L,2024-03-02,Sociedad,Sevilla,L,Sociedad,1,0,Sevilla,Sociedad,W,2024-03-02,Sevilla,Sociedad,W,Sevilla
1,0,2024-03-09,Sociedad,Granada,W,2024-03-09,Sociedad,Granada,W,Sociedad,0,0,Granada,Sociedad,L,2024-03-09,Granada,Sociedad,L,Granada
1,0,2024-03-15,Sociedad,Cadiz,W,2024-03-15,Sociedad,Cadiz,W,Sociedad,0,0,Cadiz,Sociedad,L,2024-03-15,Cadiz,Sociedad,L,Cadiz
1,0,2024-03-31,Sociedad,Alaves,W,2024-03-31,Sociedad,Alaves,W,Sociedad,0,0,Alaves,Sociedad,L,2024-03-31,Alaves,Sociedad,L,Alaves
0,0,2024-04-14,Sociedad,Almeria,D,2024-04-14,Sociedad,Almeria,D,Sociedad,0,0,Almeria,Sociedad,D,2024-04-14,Almeria,Sociedad,D,Almeria
0,0,2024-04-21,Sociedad,Getafe,D,2024-04-21,Sociedad,Getafe,D,Sociedad,0,0,Getafe,Sociedad,D,2024-04-21,Getafe,Sociedad,D,Getafe
0,0,2024-04-26,Sociedad,Real Madrid,L,2024-04-26,Sociedad,Real Madrid,L,Sociedad,1,0,Real Madrid,Sociedad,W,2024-04-26,Real Madrid,Sociedad,W,Real Madrid
1,0,2024-05-04,Sociedad,Las Palmas,W,2024-05-04,Sociedad,Las Palmas,W,Sociedad,0,0,Las Palmas,Sociedad,L,2024-05-04,Las Palmas,Sociedad,L,Las Palmas
0,0,2024-05-13,Sociedad,Barcelona,L,2024-05-13,Sociedad,Barcelona,L,Sociedad,1,1,Barcelona,Sociedad,W,2024-05-13,Barcelona,Sociedad,W,Barcelona
1,0,2024-05-16,Sociedad,Valencia,W,2024-05-16,Sociedad,Valencia,W,Sociedad,0,0,Valencia,Sociedad,L,2024-05-16,Valencia,Sociedad,L,Valencia
1,0,2024-05-19,Sociedad,Betis,W,2024-05-19,Sociedad,Betis,W,Sociedad,0,0,Betis,Sociedad,L,2024-05-19,Betis,Sociedad,L,Betis
0,0,2024-05-25,Sociedad,Ath Madrid,L,2024-05-25,Sociedad,Ath Madrid,L,Sociedad,1,0,Ath Madrid,Sociedad,W,2024-05-25,Ath Madrid,Sociedad,W,Ath Madrid
0,0,2024-08-18,Sociedad,Vallecano,L,2024-08-18,Sociedad,Vallecano,L,Sociedad,1,0,Vallecano,Sociedad,W,2024-08-18,Vallecano,Sociedad,W,Vallecano
1,0,2024-08-24,Sociedad,Espanol,W,2024-08-24,Sociedad,Espanol,W,Sociedad,0,0,Espanol,Sociedad,L,2024-08-24,Espanol,Sociedad,L,Espanol
0,0,2024-08-28,Sociedad,Alaves,L,2024-08-28,Sociedad,Alaves,L,Sociedad,1,0,Alaves,Sociedad,W,2024-08-28,Alaves,Sociedad,W,Alaves
0,0,2024-09-01,Sociedad,Getafe,D,2024-09-01,Sociedad,Getafe,D,Sociedad,0,0,Getafe,Sociedad,D,2024-09-01,Getafe,Sociedad,D,Getafe
0,0,2024-09-14,Sociedad,Real Madrid,L,2024-09-14,Sociedad,Real Madrid,L,Sociedad,1,1,Real Madrid,Sociedad,W,2024-09-14,Real Madrid,Sociedad,W,Real Madrid
0,0,2024-09-17,Sociedad,Mallorca,L,2024-09-17,Sociedad,Mallorca,L,Sociedad,1,0,Mallorca,Sociedad,W,2024-09-17,Mallorca,Sociedad,W,Mallorca
0,0,2024-09-21,Sociedad,Valladolid,D,2024-09-21,Sociedad,Valladolid,D,Sociedad,0,0,Valladolid,Sociedad,D,2024-09-21,Valladolid,Sociedad,D,Valladolid
1,0,2024-09-28,Sociedad,Valencia,W,2024-09-28,Sociedad,Valencia,W,Sociedad,0,0,Valencia,Sociedad,L,2024-09-28,Valencia,Sociedad,L,Valencia
0,0,2024-10-06,Sociedad,Ath Madrid,D,2024-10-06,Sociedad,Ath Madrid,D,Sociedad,0,0,Ath Madrid,Sociedad,D,2024-10-06,Ath Madrid,Sociedad,D,Ath Madrid
1,0,2024-10-19,Sociedad,Girona,W,2024-10-19,Sociedad,Girona,W,Sociedad,0,0,Girona,Sociedad,L,2024-10-19,Girona,Sociedad,L,Girona
0,0,2024-10-27,Sociedad,Osasuna,L,2024-10-27,Sociedad,Osasuna,L,Sociedad,1,0,Osasuna,Sociedad,W,2024-10-27,Osasuna,Sociedad,W,Osasuna
1,0,2024-11-03,Sociedad,Sevilla,W,2024-11-03,Sociedad,Sevilla,W,Sociedad,0,0,Sevilla,Sociedad,L,2024-11-03,Sevilla,Sociedad,L,Sevilla
1,0,2024-11-10,Sociedad,Barcelona,W,2024-11-10,Sociedad,Barcelona,W,Sociedad,0,0,Barcelona,Sociedad,L,2024-11-10,Barcelona,Sociedad,L,Barcelona
0,0,2024-11-24,Sociedad,Ath Bilbao,L,2024-11-24,Sociedad,Ath Bilbao,L,Sociedad,1,0,Ath Bilbao,Sociedad,W,2024-11-24,Ath Bilbao,Sociedad,W,Ath Bilbao
1,0,2024-12-01,Sociedad,Betis,W,2024-12-01,Sociedad,Betis,W,Sociedad,0,0,Betis,Sociedad,L,2024-12-01,Betis,Sociedad,L,Betis
1,0,2024-12-08,Sociedad,Leganes,W,2024-12-08,Sociedad,Leganes,W,Sociedad,0,0,Leganes,Sociedad,L,2024-12-08,Leganes,Sociedad,L,Leganes
0,0,2024-12-15,Sociedad,Las Palmas,D,2024-12-15,Sociedad,Las Palmas,D,Sociedad,0,0,Las Palmas,Sociedad,D,2024-12-15,Las Palmas,Sociedad,D,Las Palmas
0,0,2024-12-21,Sociedad,Celta,L,2024-12-21,Sociedad,Celta,L,Sociedad,1,0,Celta,Sociedad,W,2024-12-21,Celta,Sociedad,W,Celta
1,0,2025-01-13,Sociedad,Villarreal,W,2025-01-13,Sociedad,Villarreal,W,Sociedad,0,0,Villarreal,Sociedad,L,2025-01-13,Villarreal,Sociedad,L,Villarreal
0,0,2025-01-19,Sociedad,Valencia,L,2025-01-19,Sociedad,Valencia,L,Sociedad,1,0,Valencia,Sociedad,W,2025-01-19,Valencia,Sociedad,W,Valencia
0,0,2025-01-26,Sociedad,Getafe,L,2025-01-26,Sociedad,Getafe,L,Sociedad,1,0,Getafe,Sociedad,W,2025-01-26,Getafe,Sociedad,W,Getafe
0,0,2025-02-02,Sociedad,Osasuna,L,2025-02-02,Sociedad,Osasuna,L,Sociedad,1,0,Osasuna,Sociedad,W,2025-02-02,Osasuna,Sociedad,W,Osasuna
1,0,2025-02-09,Sociedad,Espanol,W,2025-02-09,Sociedad,Espanol,W,Sociedad,0,0,Espanol,Sociedad,L,2025-02-09,Espanol,Sociedad,L,Espanol
0,0,2025-02-16,Sociedad,Betis,L,2025-02-16,Sociedad,Betis,L,Sociedad,1,0,Betis,Sociedad,W,2025-02-16,Betis,Sociedad,W,Betis
1,0,2025-02-23,Sociedad,Leganes,W,2025-02-23,Sociedad,Leganes,W,Sociedad,0,0,Leganes,Sociedad,L,2025-02-23,Leganes,Sociedad,L,Leganes
0,0,2025-03-02,Sociedad,Barcelona,L,2025-03-02,Sociedad,Barcelona,L,Sociedad,1,0,Barcelona,Sociedad,W,2025-03-02,Barcelona,Sociedad,W,Barcelona
0,0,2025-03-09,Sociedad,Sevilla,L,2025-03-09,Sociedad,Sevilla,L,Sociedad,1,0,Sevilla,Sociedad,W,2025-03-09,Sevilla,Sociedad,W,Sevilla
0,0,2025-03-16,Sociedad,Vallecano,D,2025-03-16,Sociedad,Vallecano,D,Sociedad,0,0,Vallecano,Sociedad,D,2025-03-16,Vallecano,Sociedad,D,Vallecano
1,0,2025-03-29,Sociedad,Valladolid,W,2025-03-29,Sociedad,Valladolid,W,Sociedad,0,0,Valladolid,Sociedad,L,2025-03-29,Valladolid,Sociedad,L,Valladolid
1,0,2025-04-06,Sociedad,Las Palmas,W,2025-04-06,Sociedad,Las Palmas,W,Sociedad,0,0,Las Palmas,Sociedad,L,2025-04-06,Las Palmas,Sociedad,L,Las Palmas
0,0,2025-04-12,Sociedad,Mallorca,L,2025-04-12,Sociedad,Mallorca,L,Sociedad,1,0,Mallorca,Sociedad,W,2025-04-12,Mallorca,Sociedad,W,Mallorca
0,0,2025-04-20,Sociedad,Villarreal,D,2025-04-20,Sociedad,Villarreal,D,Sociedad,0,0,Villarreal,Sociedad,D,2025-04-20,Villarreal,Sociedad,D,Villarreal
0,0,2025-04-23,Sociedad,Alaves,L,2025-04-23,Sociedad,Alaves,L,Sociedad,1,0,Alaves,Sociedad,W,2025-04-23,Alaves,Sociedad,W,Alaves
0,0,2025-05-04,Sociedad,Ath Bilbao,D,2025-05-04,Sociedad,Ath Bilbao,D,Sociedad,0,0,Ath Bilbao,Sociedad,D,2025-05-04,Ath Bilbao,Sociedad,D,Ath Bilbao
0,0,2025-05-10,Sociedad,Ath Madrid,L,2025-05-10,Sociedad,Ath Madrid,L,Sociedad,1,0,Ath Madrid,Sociedad,W,2025-05-10,Ath Madrid,Sociedad,W,Ath Madrid
0,0,2025-05-13,Sociedad,Celta,L,2025-05-13,Sociedad,Celta,L,Sociedad,1,0,Celta,Sociedad,W,2025-05-13,Celta,Sociedad,W,Celta
1,0,2025-05-18,Sociedad,Girona,W,2025-05-18,Sociedad,Girona,W,Sociedad,0,0,Girona,Sociedad,L,2025-05-18,Girona,Sociedad,L,Girona
0,0,2025-05-24,Sociedad,Real Madrid,L,2025-05-24,Sociedad,Real Madrid,L,Sociedad,1,1,Real Madrid,Sociedad,W,2025-05-24,Real Madrid,Sociedad,W,Real Madrid
0,0,2023-01-06,Valencia,Cadiz,L,2023-01-06,Valencia,Cadiz,L,Valencia,1,0,Cadiz,Valencia,W,2023-01-06,Cadiz,Valencia,W,Cadiz
0,0,2023-01-23,Valencia,Almeria,D,2023-01-23,Valencia,Almeria,D,Valencia,0,0,Almeria,Valencia,D,2023-01-23,Almeria,Valencia,D,Almeria
0,0,2023-01-29,Valencia,Valladolid,L,2023-01-29,Valencia,Valladolid,L,Valencia,1,0,Valladolid,Valencia,W,2023-01-29,Valladolid,Valencia,W,Valladolid
0,0,2023-02-02,Valencia,Real Madrid,L,2023-02-02,Valencia,Real Madrid,L,Valencia,1,0,Real Madrid,Valencia,W,2023-02-02,Real Madrid,Valencia,W,Real Madrid
0,0,2023-02-05,Valencia,Girona,L,2023-02-05,Valencia,Girona,L,Valencia,1,0,Girona,Valencia,W,2023-02-05,Girona,Valencia,W,Girona
0,0,2023-02-11,Valencia,Ath Bilbao,L,2023-02-11,Valencia,Ath Bilbao,L,Valencia,1,0,Ath Bilbao,Valencia,W,2023-02-11,Ath Bilbao,Valencia,W,Ath Bilbao
0,0,2023-02-20,Valencia,Getafe,L,2023-02-20,Valencia,Getafe,L,Valencia,1,0,Getafe,Valencia,W,2023-02-20,Getafe,Valencia,W,Getafe
1,0,2023-02-25,Valencia,Sociedad,W,2023-02-25,Valencia,Sociedad,W,Valencia,0,0,Sociedad,Valencia,L,2023-02-25,Sociedad,Valencia,L,Sociedad
0,0,2023-03-05,Valencia,Barcelona,L,2023-03-05,Valencia,Barcelona,L,Valencia,1,0,Barcelona,Valencia,W,2023-03-05,Barcelona,Valencia,W,Barcelona
1,0,2023-03-11,Valencia,Osasuna,W,2023-03-11,Valencia,Osasuna,W,Valencia,0,0,Osasuna,Valencia,L,2023-03-11,Osasuna,Valencia,L,Osasuna
0,0,2023-03-18,Valencia,Ath Madrid,L,2023-03-18,Valencia,Ath Madrid,L,Valencia,1,0,Ath Madrid,Valencia,W,2023-03-18,Ath Madrid,Valencia,W,Ath Madrid
0,0,2023-04-03,Valencia,Vallecano,D,2023-04-03,Valencia,Vallecano,D,Valencia,0,0,Vallecano,Valencia,D,2023-04-03,Vallecano,Valencia,D,Vallecano
0,0,2023-04-09,Valencia,Almeria,L,2023-04-09,Valencia,Almeria,L,Valencia,1,0,Almeria,Valencia,W,2023-04-09,Almeria,Valencia,W,Almeria
0,0,2023-04-16,Valencia,Sevilla,L,2023-04-16,Valencia,Sevilla,L,Valencia,1,0,Sevilla,Valencia,W,2023-04-16,Sevilla,Valencia,W,Sevilla
1,0,2023-04-23,Valencia,Elche,W,2023-04-23,Valencia,Elche,W,Valencia,0,0,Elche,Valencia,L,2023-04-23,Elche,Valencia,L,Elche
1,0,2023-04-27,Valencia,Valladolid,W,2023-04-27,Valencia,Valladolid,W,Valencia,0,0,Valladolid,Valencia,L,2023-04-27,Valladolid,Valencia,L,Valladolid
0,0,2023-04-30,Valencia,Cadiz,L,2023-04-30,Valencia,Cadiz,L,Valencia,1,0,Cadiz,Valencia,W,2023-04-30,Cadiz,Valencia,W,Cadiz
0,0,2023-05-03,Valencia,Villarreal,D,2023-05-03,Valencia,Villarreal,D,Valencia,0,1,Villarreal,Valencia,D,2023-05-03,Villarreal,Valencia,D,Villarreal
1,0,2023-05-14,Valencia,Celta,W,2023-05-14,Valencia,Celta,W,Valencia,0,0,Celta,Valencia,L,2023-05-14,Celta,Valencia,L,Celta
1,0,2023-05-21,Valencia,Real Madrid,W,2023-05-21,Valencia,Real Madrid,W,Valencia,0,0,Real Madrid,Valencia,L,2023-05-21,Real Madrid,Valencia,L,Real Madrid
0,0,2023-05-25,Valencia,Mallorca,L,2023-05-25,Valencia,Mallorca,L,Valencia,1,0,Mallorca,Valencia,W,2023-05-25,Mallorca,Valencia,W,Mallorca
0,0,2023-05-28,Valencia,Espanol,D,2023-05-28,Valencia,Espanol,D,Valencia,0,0,Espanol,Valencia,D,2023-05-28,Espanol,Valencia,D,Espanol
0,0,2023-06-04,Valencia,Betis,D,2023-06-04,Valencia,Betis,D,Valencia,0,0,Betis,Valencia,D,2023-06-04,Betis,Valencia,D,Betis
1,0,2023-08-11,Valencia,Sevilla,W,2023-08-11,Valencia,Sevilla,W,Valencia,0,0,Sevilla,Valencia,L,2023-08-11,Sevilla,Valencia,L,Sevilla
0,0,2023-08-27,Valencia,Osasuna,L,2023-08-27,Valencia,Osasuna,L,Valencia,1,0,Osasuna,Valencia,W,2023-08-27,Osasuna,Valencia,W,Osasuna
0,0,2023-09-02,Valencia,Alaves,L,2023-09-02,Valencia,Alaves,L,Valencia,1,0,Alaves,Valencia,W,2023-09-02,Alaves,Valencia,W,Alaves
1,0,2023-09-16,Valencia,Ath Madrid,W,2023-09-16,Valencia,Ath Madrid,W,Valencia,0,0,Ath Madrid,Valencia,L,2023-09-16,Ath Madrid,Valencia,L,Ath Madrid
0,0,2023-09-23,Valencia,Almeria,D,2023-09-23,Valencia,Almeria,D,Valencia,0,0,Almeria,Valencia,D,2023-09-23,Almeria,Valencia,D,Almeria
0,0,2023-09-27,Valencia,Sociedad,L,2023-09-27,Valencia,Sociedad,L,Valencia,1,0,Sociedad,Valencia,W,2023-09-27,Sociedad,Valencia,W,Sociedad
0,0,2023-10-01,Valencia,Betis,L,2023-10-01,Valencia,Betis,L,Valencia,1,0,Betis,Valencia,W,2023-10-01,Betis,Valencia,W,Betis
0,0,2023-10-07,Valencia,Mallorca,D,2023-10-07,Valencia,Mallorca,D,Valencia,0,0,Mallorca,Valencia,D,2023-10-07,Mallorca,Valencia,D,Mallorca
1,0,2023-10-23,Valencia,Cadiz,W,2023-10-23,Valencia,Cadiz,W,Valencia,0,0,Cadiz,Valencia,L,2023-10-23,Cadiz,Valencia,L,Cadiz
0,0,2023-10-29,Valencia,Ath Bilbao,D,2023-10-29,Valencia,Ath Bilbao,D,Valencia,0,0,Ath Bilbao,Valencia,D,2023-10-29,Ath Bilbao,Valencia,D,Ath Bilbao
1,0,2023-11-05,Valencia,Granada,W,2023-11-05,Valencia,Granada,W,Valencia,0,0,Granada,Valencia,L,2023-11-05,Granada,Valencia,L,Granada
0,0,2023-11-11,Valencia,Real Madrid,L,2023-11-11,Valencia,Real Madrid,L,Valencia,1,0,Real Madrid,Valencia,W,2023-11-11,Real Madrid,Valencia,W,Real Madrid
0,0,2023-11-25,Valencia,Celta,D,2023-11-25,Valencia,Celta,D,Valencia,0,0,Celta,Valencia,D,2023-11-25,Celta,Valencia,D,Celta
0,0,2023-12-02,Valencia,Girona,L,2023-12-02,Valencia,Girona,L,Valencia,1,0,Girona,Valencia,W,2023-12-02,Girona,Valencia,W,Girona
0,0,2023-12-08,Valencia,Getafe,L,2023-12-08,Valencia,Getafe,L,Valencia,1,0,Getafe,Valencia,W,2023-12-08,Getafe,Valencia,W,Getafe
0,0,2023-12-16,Valencia,Barcelona,D,2023-12-16,Valencia,Barcelona,D,Valencia,0,1,Barcelona,Valencia,D,2023-12-16,Barcelona,Valencia,D,Barcelona
1,0,2023-12-19,Valencia,Vallecano,W,2023-12-19,Valencia,Vallecano,W,Valencia,0,0,Vallecano,Valencia,L,2023-12-19,Vallecano,Valencia,L,Vallecano
1,0,2024-01-02,Valencia,Villarreal,W,2024-01-02,Valencia,Villarreal,W,Valencia,0,0,Villarreal,Valencia,L,2024-01-02,Villarreal,Valencia,L,Villarreal
1,0,2024-01-14,Valencia,Cadiz,W,2024-01-14,Valencia,Cadiz,W,Valencia,0,0,Cadiz,Valencia,L,2024-01-14,Cadiz,Valencia,L,Cadiz
1,0,2024-01-20,Valencia,Ath Bilbao,W,2024-01-20,Valencia,Ath Bilbao,W,Valencia,0,0,Ath Bilbao,Valencia,L,2024-01-20,Ath Bilbao,Valencia,L,Ath Bilbao
0,0,2024-01-28,Valencia,Ath Madrid,L,2024-01-28,Valencia,Ath Madrid,L,Valencia,1,0,Ath Madrid,Valencia,W,2024-01-28,Ath Madrid,Valencia,W,Ath Madrid
1,0,2024-02-03,Valencia,Almeria,W,2024-02-03,Valencia,Almeria,W,Valencia,0,0,Almeria,Valencia,L,2024-02-03,Almeria,Valencia,L,Almeria
0,0,2024-02-10,Valencia,Las Palmas,L,2024-02-10,Valencia,Las Palmas,L,Valencia,1,0,Las Palmas,Valencia,W,2024-02-10,Las Palmas,Valencia,W,Las Palmas
0,0,2024-02-17,Valencia,Sevilla,D,2024-02-17,Valencia,Sevilla,D,Valencia,0,0,Sevilla,Valencia,D,2024-02-17,Sevilla,Valencia,D,Sevilla
0,0,2024-03-02,Valencia,Real Madrid,D,2024-03-02,Valencia,Real Madrid,D,Valencia,0,0,Real Madrid,Valencia,D,2024-03-02,Real Madrid,Valencia,D,Real Madrid
1,0,2024-03-09,Valencia,Getafe,W,2024-03-09,Valencia,Getafe,W,Valencia,0,0,Getafe,Valencia,L,2024-03-09,Getafe,Valencia,L,Getafe
0,0,2024-03-17,Valencia,Villarreal,L,2024-03-17,Valencia,Villarreal,L,Valencia,1,0,Villarreal,Valencia,W,2024-03-17,Villarreal,Valencia,W,Villarreal
0,0,2024-03-30,Valencia,Mallorca,D,2024-03-30,Valencia,Mallorca,D,Valencia,0,0,Mallorca,Valencia,D,2024-03-30,Mallorca,Valencia,D,Mallorca
1,0,2024-04-04,Valencia,Granada,W,2024-04-04,Valencia,Granada,W,Valencia,0,0,Granada,Valencia,L,2024-04-04,Granada,Valencia,L,Granada
1,0,2024-04-15,Valencia,Osasuna,W,2024-04-15,Valencia,Osasuna,W,Valencia,0,0,Osasuna,Valencia,L,2024-04-15,Osasuna,Valencia,L,Osasuna
0,0,2024-04-20,Valencia,Betis,L,2024-04-20,Valencia,Betis,L,Valencia,1,0,Betis,Valencia,W,2024-04-20,Betis,Valencia,W,Betis
0,0,2024-04-29,Valencia,Barcelona,L,2024-04-29,Valencia,Barcelona,L,Valencia,1,0,Barcelona,Valencia,W,2024-04-29,Barcelona,Valencia,W,Barcelona
0,0,2024-05-05,Valencia,Alaves,L,2024-05-05,Valencia,Alaves,L,Valencia,1,0,Alaves,Valencia,W,2024-05-05,Alaves,Valencia,W,Alaves
0,0,2024-05-12,Valencia,Vallecano,D,2024-05-12,Valencia,Vallecano,D,Valencia,0,1,Vallecano,Valencia,D,2024-05-12,Vallecano,Valencia,D,Vallecano
0,0,2024-05-16,Valencia,Sociedad,L,2024-05-16,Valencia,Sociedad,L,Valencia,1,0,Sociedad,Valencia,W,2024-05-16,Sociedad,Valencia,W,Sociedad
0,0,2024-05-19,Valencia,Girona,L,2024-05-19,Valencia,Girona,L,Valencia,1,0,Girona,Valencia,W,2024-05-19,Girona,Valencia,W,Girona
0,0,2024-05-26,Valencia,Celta,D,2024-05-26,Valencia,Celta,D,Valencia,0,0,Celta,Valencia,D,2024-05-26,Celta,Valencia,D,Celta
0,0,2024-08-17,Valencia,Barcelona,L,2024-08-17,Valencia,Barcelona,L,Valencia,1,0,Barcelona,Valencia,W,2024-08-17,Barcelona,Valencia,W,Barcelona
0,0,2024-08-23,Valencia,Celta,L,2024-08-23,Valencia,Celta,L,Valencia,1,0,Celta,Valencia,W,2024-08-23,Celta,Valencia,W,Celta
0,0,2024-08-28,Valencia,Ath Bilbao,L,2024-08-28,Valencia,Ath Bilbao,L,Valencia,1,0,Ath Bilbao,Valencia,W,2024-08-28,Ath Bilbao,Valencia,W,Ath Bilbao
0,0,2024-08-31,Valencia,Villarreal,D,2024-08-31,Valencia,Villarreal,D,Valencia,0,0,Villarreal,Valencia,D,2024-08-31,Villarreal,Valencia,D,Villarreal
0,0,2024-09-15,Valencia,Ath Madrid,L,2024-09-15,Valencia,Ath Madrid,L,Valencia,1,0,Ath Madrid,Valencia,W,2024-09-15,Ath Madrid,Valencia,W,Ath Madrid
1,0,2024-09-21,Valencia,Girona,W,2024-09-21,Valencia,Girona,W,Valencia,0,0,Girona,Valencia,L,2024-09-21,Girona,Valencia,L,Girona
0,0,2024-09-24,Valencia,Osasuna,D,2024-09-24,Valencia,Osasuna,D,Valencia,0,0,Osasuna,Valencia,D,2024-09-24,Osasuna,Valencia,D,Osasuna
0,0,2024-09-28,Valencia,Sociedad,L,2024-09-28,Valencia,Sociedad,L,Valencia,1,0,Sociedad,Valencia,W,2024-09-28,Sociedad,Valencia,W,Sociedad
0,0,2024-10-04,Valencia,Leganes,D,2024-10-04,Valencia,Leganes,D,Valencia,0,0,Leganes,Valencia,D,2024-10-04,Leganes,Valencia,D,Leganes
0,0,2024-10-21,Valencia,Las Palmas,L,2024-10-21,Valencia,Las Palmas,L,Valencia,1,0,Las Palmas,Valencia,W,2024-10-21,Las Palmas,Valencia,W,Las Palmas
0,0,2024-10-27,Valencia,Getafe,D,2024-10-27,Valencia,Getafe,D,Valencia,0,0,Getafe,Valencia,D,2024-10-27,Getafe,Valencia,D,Getafe
1,0,2024-11-23,Valencia,Betis,W,2024-11-23,Valencia,Betis,W,Valencia,0,0,Betis,Valencia,L,2024-11-23,Betis,Valencia,L,Betis
0,0,2024-11-29,Valencia,Mallorca,L,2024-11-29,Valencia,Mallorca,L,Valencia,1,0,Mallorca,Valencia,W,2024-11-29,Mallorca,Valencia,W,Mallorca
0,0,2024-12-07,Valencia,Vallecano,L,2024-12-07,Valencia,Vallecano,L,Valencia,1,0,Vallecano,Valencia,W,2024-12-07,Vallecano,Valencia,W,Vallecano
0,0,2024-12-13,Valencia,Valladolid,L,2024-12-13,Valencia,Valladolid,L,Valencia,1,0,Valladolid,Valencia,W,2024-12-13,Valladolid,Valencia,W,Valladolid
0,0,2024-12-18,Valencia,Espanol,D,2024-12-18,Valencia,Espanol,D,Valencia,0,0,Espanol,Valencia,D,2024-12-18,Espanol,Valencia,D,Espanol
0,0,2024-12-22,Valencia,Alaves,D,2024-12-22,Valencia,Alaves,D,Valencia,0,0,Alaves,Valencia,D,2024-12-22,Alaves,Valencia,D,Alaves
0,0,2025-01-03,Valencia,Real Madrid,L,2025-01-03,Valencia,Real Madrid,L,Valencia,1,0,Real Madrid,Valencia,W,2025-01-03,Real Madrid,Valencia,W,Real Madrid
0,0,2025-01-11,Valencia,Sevilla,D,2025-01-11,Valencia,Sevilla,D,Valencia,0,0,Sevilla,Valencia,D,2025-01-11,Sevilla,Valencia,D,Sevilla
1,0,2025-01-19,Valencia,Sociedad,W,2025-01-19,Valencia,Sociedad,W,Valencia,0,0,Sociedad,Valencia,L,2025-01-19,Sociedad,Valencia,L,Sociedad
0,0,2025-01-26,Valencia,Barcelona,L,2025-01-26,Valencia,Barcelona,L,Valencia,1,1,Barcelona,Valencia,W,2025-01-26,Barcelona,Valencia,W,Barcelona
1,0,2025-02-02,Valencia,Celta,W,2025-02-02,Valencia,Celta,W,Valencia,0,0,Celta,Valencia,L,2025-02-02,Celta,Valencia,L,Celta
1,0,2025-02-09,Valencia,Leganes,W,2025-02-09,Valencia,Leganes,W,Valencia,0,0,Leganes,Valencia,L,2025-02-09,Leganes,Valencia,L,Leganes
0,0,2025-02-15,Valencia,Villarreal,D,2025-02-15,Valencia,Villarreal,D,Valencia,0,0,Villarreal,Valencia,D,2025-02-15,Villarreal,Valencia,D,Villarreal
0,0,2025-02-22,Valencia,Ath Madrid,L,2025-02-22,Valencia,Ath Madrid,L,Valencia,1,0,Ath Madrid,Valencia,W,2025-02-22,Ath Madrid,Valencia,W,Ath Madrid
0,0,2025-03-02,Valencia,Osasuna,D,2025-03-02,Valencia,Osasuna,D,Valencia,0,0,Osasuna,Valencia,D,2025-03-02,Osasuna,Valencia,D,Osasuna
1,0,2025-03-08,Valencia,Valladolid,W,2025-03-08,Valencia,Valladolid,W,Valencia,0,0,Valladolid,Valencia,L,2025-03-08,Valladolid,Valencia,L,Valladolid
0,0,2025-03-15,Valencia,Girona,D,2025-03-15,Valencia,Girona,D,Valencia,0,0,Girona,Valencia,D,2025-03-15,Girona,Valencia,D,Girona
1,0,2025-03-30,Valencia,Mallorca,W,2025-03-30,Valencia,Mallorca,W,Valencia,0,0,Mallorca,Valencia,L,2025-03-30,Mallorca,Valencia,L,Mallorca
1,0,2025-04-05,Valencia,Real Madrid,W,2025-04-05,Valencia,Real Madrid,W,Valencia,0,0,Real Madrid,Valencia,L,2025-04-05,Real Madrid,Valencia,L,Real Madrid
1,0,2025-04-11,Valencia,Sevilla,W,2025-04-11,Valencia,Sevilla,W,Valencia,0,0,Sevilla,Valencia,L,2025-04-11,Sevilla,Valencia,L,Sevilla
0,0,2025-04-19,Valencia,Vallecano,D,2025-04-19,Valencia,Vallecano,D,Valencia,0,0,Vallecano,Valencia,D,2025-04-19,Vallecano,Valencia,D,Vallecano
0,0,2025-04-22,Valencia,Espanol,D,2025-04-22,Valencia,Espanol,D,Valencia,0,0,Espanol,Valencia,D,2025-04-22,Espanol,Valencia,D,Espanol
1,0,2025-05-03,Valencia,Las Palmas,W,2025-05-03,Valencia,Las Palmas,W,Valencia,0,0,Las Palmas,Valencia,L,2025-05-03,Las Palmas,Valencia,L,Las Palmas
1,0,2025-05-10,Valencia,Getafe,W,2025-05-10,Valencia,Getafe,W,Valencia,0,0,Getafe,Valencia,L,2025-05-10,Getafe,Valencia,L,Getafe
0,0,2025-05-14,Valencia,Alaves,L,2025-05-14,Valencia,Alaves,L,Valencia,1,0,Alaves,Valencia,W,2025-05-14,Alaves,Valencia,W,Alaves
0,0,2025-05-18,Valencia,Ath Bilbao,L,2025-05-18,Valencia,Ath Bilbao,L,Valencia,1,0,Ath Bilbao,Valencia,W,2025-05-18,Ath Bilbao,Valencia,W,Ath Bilbao
0,0,2025-05-23,Valencia,Betis,D,2025-05-23,Valencia,Betis,D,Valencia,0,0,Betis,Valencia,D,2025-05-23,Betis,Valencia,D,Betis
0,0,2023-01-07,Valladolid,Mallorca,L,2023-01-07,Valladolid,Mallorca,L,Valladolid,1,0,Mallorca,Valladolid,W,2023-01-07,Mallorca,Valladolid,W,Mallorca
0,0,2023-01-14,Valladolid,Vallecano,L,2023-01-14,Valladolid,Vallecano,L,Valladolid,1,0,Vallecano,Valladolid,W,2023-01-14,Vallecano,Valladolid,W,Vallecano
0,0,2023-01-21,Valladolid,Ath Madrid,L,2023-01-21,Valladolid,Ath Madrid,L,Valladolid,1,0,Ath Madrid,Valladolid,W,2023-01-21,Ath Madrid,Valladolid,W,Ath Madrid
1,0,2023-01-29,Valladolid,Valencia,W,2023-01-29,Valladolid,Valencia,W,Valladolid,0,0,Valencia,Valladolid,L,2023-01-29,Valencia,Valladolid,L,Valencia
1,0,2023-02-05,Valladolid,Sociedad,W,2023-02-05,Valladolid,Sociedad,W,Valladolid,0,0,Sociedad,Valladolid,L,2023-02-05,Sociedad,Valladolid,L,Sociedad
0,0,2023-02-12,Valladolid,Osasuna,D,2023-02-12,Valladolid,Osasuna,D,Valladolid,0,0,Osasuna,Valladolid,D,2023-02-12,Osasuna,Valladolid,D,Osasuna
0,0,2023-02-18,Valladolid,Betis,L,2023-02-18,Valladolid,Betis,L,Valladolid,1,0,Betis,Valladolid,W,2023-02-18,Betis,Valladolid,W,Betis
0,0,2023-02-26,Valladolid,Celta,L,2023-02-26,Valladolid,Celta,L,Valladolid,1,0,Celta,Valladolid,W,2023-02-26,Celta,Valladolid,W,Celta
1,0,2023-03-05,Valladolid,Espanol,W,2023-03-05,Valladolid,Espanol,W,Valladolid,0,0,Espanol,Valladolid,L,2023-03-05,Espanol,Valladolid,L,Espanol
0,0,2023-03-11,Valladolid,Elche,D,2023-03-11,Valladolid,Elche,D,Valladolid,0,0,Elche,Valladolid,D,2023-03-11,Elche,Valladolid,D,Elche
0,0,2023-03-17,Valladolid,Ath Bilbao,L,2023-03-17,Valladolid,Ath Bilbao,L,Valladolid,1,0,Ath Bilbao,Valladolid,W,2023-03-17,Ath Bilbao,Valladolid,W,Ath Bilbao
0,0,2023-04-02,Valladolid,Real Madrid,L,2023-04-02,Valladolid,Real Madrid,L,Valladolid,1,0,Real Madrid,Valladolid,W,2023-04-02,Real Madrid,Valladolid,W,Real Madrid
0,0,2023-04-09,Valladolid,Mallorca,D,2023-04-09,Valladolid,Mallorca,D,Valladolid,0,0,Mallorca,Valladolid,D,2023-04-09,Mallorca,Valladolid,D,Mallorca
1,0,2023-04-15,Valladolid,Villarreal,W,2023-04-15,Valladolid,Villarreal,W,Valladolid,0,0,Villarreal,Valladolid,L,2023-04-15,Villarreal,Valladolid,L,Villarreal
1,0,2023-04-22,Valladolid,Girona,W,2023-04-22,Valladolid,Girona,W,Valladolid,0,0,Girona,Valladolid,L,2023-04-22,Girona,Valladolid,L,Girona
0,0,2023-04-27,Valladolid,Valencia,L,2023-04-27,Valladolid,Valencia,L,Valladolid,1,0,Valencia,Valladolid,W,2023-04-27,Valencia,Valladolid,W,Valencia
0,0,2023-04-30,Valladolid,Ath Madrid,L,2023-04-30,Valladolid,Ath Madrid,L,Valladolid,1,1,Ath Madrid,Valladolid,W,2023-04-30,Ath Madrid,Valladolid,W,Ath Madrid
0,0,2023-05-04,Valladolid,Vallecano,L,2023-05-04,Valladolid,Vallecano,L,Valladolid,1,0,Vallecano,Valladolid,W,2023-05-04,Vallecano,Valladolid,W,Vallecano
0,0,2023-05-14,Valladolid,Sevilla,L,2023-05-14,Valladolid,Sevilla,L,Valladolid,1,0,Sevilla,Valladolid,W,2023-05-14,Sevilla,Valladolid,W,Sevilla
0,0,2023-05-19,Valladolid,Cadiz,L,2023-05-19,Valladolid,Cadiz,L,Valladolid,1,0,Cadiz,Valladolid,W,2023-05-19,Cadiz,Valladolid,W,Cadiz
1,0,2023-05-23,Valladolid,Barcelona,W,2023-05-23,Valladolid,Barcelona,W,Valladolid,0,0,Barcelona,Valladolid,L,2023-05-23,Barcelona,Valladolid,L,Barcelona
0,0,2023-05-28,Valladolid,Almeria,D,2023-05-28,Valladolid,Almeria,D,Valladolid,0,0,Almeria,Valladolid,D,2023-05-28,Almeria,Valladolid,D,Almeria
0,0,2023-06-04,Valladolid,Getafe,D,2023-06-04,Valladolid,Getafe,D,Valladolid,0,0,Getafe,Valladolid,D,2023-06-04,Getafe,Valladolid,D,Getafe
1,0,2024-08-19,Valladolid,Espanol,W,2024-08-19,Valladolid,Espanol,W,Valladolid,0,0,Espanol,Valladolid,L,2024-08-19,Espanol,Valladolid,L,Espanol
0,0,2024-08-25,Valladolid,Real Madrid,L,2024-08-25,Valladolid,Real Madrid,L,Valladolid,1,0,Real Madrid,Valladolid,W,2024-08-25,Real Madrid,Valladolid,W,Real Madrid
0,0,2024-08-31,Valladolid,Barcelona,L,2024-08-31,Valladolid,Barcelona,L,Valladolid,1,1,Barcelona,Valladolid,W,2024-08-31,Barcelona,Valladolid,W,Barcelona
0,0,2024-09-15,Valladolid,Celta,L,2024-09-15,Valladolid,Celta,L,Valladolid,1,0,Celta,Valladolid,W,2024-09-15,Celta,Valladolid,W,Celta
0,0,2024-09-21,Valladolid,Sociedad,D,2024-09-21,Valladolid,Sociedad,D,Valladolid,0,0,Sociedad,Valladolid,D,2024-09-21,Sociedad,Valladolid,D,Sociedad
0,0,2024-09-24,Valladolid,Sevilla,L,2024-09-24,Valladolid,Sevilla,L,Valladolid,1,0,Sevilla,Valladolid,W,2024-09-24,Sevilla,Valladolid,W,Sevilla
0,0,2024-09-27,Valladolid,Mallorca,L,2024-09-27,Valladolid,Mallorca,L,Valladolid,1,0,Mallorca,Valladolid,W,2024-09-27,Mallorca,Valladolid,W,Mallorca
0,0,2024-10-05,Valladolid,Vallecano,L,2024-10-05,Valladolid,Vallecano,L,Valladolid,1,0,Vallecano,Valladolid,W,2024-10-05,Vallecano,Valladolid,W,Vallecano
1,0,2024-10-18,Valladolid,Alaves,W,2024-10-18,Valladolid,Alaves,W,Valladolid,0,0,Alaves,Valladolid,L,2024-10-18,Alaves,Valladolid,L,Alaves
0,0,2024-10-26,Valladolid,Villarreal,L,2024-10-26,Valladolid,Villarreal,L,Valladolid,1,0,Villarreal,Valladolid,W,2024-10-26,Villarreal,Valladolid,W,Villarreal
0,0,2024-11-02,Valladolid,Osasuna,L,2024-11-02,Valladolid,Osasuna,L,Valladolid,1,0,Osasuna,Valladolid,W,2024-11-02,Osasuna,Valladolid,W,Osasuna
0,0,2024-11-10,Valladolid,Ath Bilbao,D,2024-11-10,Valladolid,Ath Bilbao,D,Valladolid,0,0,Ath Bilbao,Valladolid,D,2024-11-10,Ath Bilbao,Valladolid,D,Ath Bilbao
0,0,2024-11-22,Valladolid,Getafe,L,2024-11-22,Valladolid,Getafe,L,Valladolid,1,0,Getafe,Valladolid,W,2024-11-22,Getafe,Valladolid,W,Getafe
0,0,2024-11-30,Valladolid,Ath Madrid,L,2024-11-30,Valladolid,Ath Madrid,L,Valladolid,1,0,Ath Madrid,Valladolid,W,2024-11-30,Ath Madrid,Valladolid,W,Ath Madrid
0,0,2024-12-07,Valladolid,Las Palmas,L,2024-12-07,Valladolid,Las Palmas,L,Valladolid,1,0,Las Palmas,Valladolid,W,2024-12-07,Las Palmas,Valladolid,W,Las Palmas
1,0,2024-12-13,Valladolid,Valencia,W,2024-12-13,Valladolid,Valencia,W,Valladolid,0,0,Valencia,Valladolid,L,2024-12-13,Valencia,Valladolid,L,Valencia
0,0,2024-12-20,Valladolid,Girona,L,2024-12-20,Valladolid,Girona,L,Valladolid,1,0,Girona,Valladolid,W,2024-12-20,Girona,Valladolid,W,Girona
1,0,2025-01-11,Valladolid,Betis,W,2025-01-11,Valladolid,Betis,W,Valladolid,0,0,Betis,Valladolid,L,2025-01-11,Betis,Valladolid,L,Betis
0,0,2025-01-17,Valladolid,Espanol,L,2025-01-17,Valladolid,Espanol,L,Valladolid,1,0,Espanol,Valladolid,W,2025-01-17,Espanol,Valladolid,W,Espanol
0,0,2025-01-25,Valladolid,Real Madrid,L,2025-01-25,Valladolid,Real Madrid,L,Valladolid,1,1,Real Madrid,Valladolid,W,2025-01-25,Real Madrid,Valladolid,W,Real Madrid
0,0,2025-02-01,Valladolid,Villarreal,L,2025-02-01,Valladolid,Villarreal,L,Valladolid,1,0,Villarreal,Valladolid,W,2025-02-01,Villarreal,Valladolid,W,Villarreal
0,0,2025-02-07,Valladolid,Vallecano,L,2025-02-07,Valladolid,Vallecano,L,Valladolid,1,0,Vallecano,Valladolid,W,2025-02-07,Vallecano,Valladolid,W,Vallecano
0,0,2025-02-16,Valladolid,Sevilla,L,2025-02-16,Valladolid,Sevilla,L,Valladolid,1,0,Sevilla,Valladolid,W,2025-02-16,Sevilla,Valladolid,W,Sevilla
0,0,2025-02-23,Valladolid,Ath Bilbao,L,2025-02-23,Valladolid,Ath Bilbao,L,Valladolid,1,0,Ath Bilbao,Valladolid,W,2025-02-23,Ath Bilbao,Valladolid,W,Ath Bilbao
0,0,2025-02-28,Valladolid,Las Palmas,D,2025-02-28,Valladolid,Las Palmas,D,Valladolid,0,0,Las Palmas,Valladolid,D,2025-02-28,Las Palmas,Valladolid,D,Las Palmas
0,0,2025-03-08,Valladolid,Valencia,L,2025-03-08,Valladolid,Valencia,L,Valladolid,1,0,Valencia,Valladolid,W,2025-03-08,Valencia,Valladolid,W,Valencia
0,0,2025-03-15,Valladolid,Celta,L,2025-03-15,Valladolid,Celta,L,Valladolid,1,0,Celta,Valladolid,W,2025-03-15,Celta,Valladolid,W,Celta
0,0,2025-03-29,Valladolid,Sociedad,L,2025-03-29,Valladolid,Sociedad,L,Valladolid,1,0,Sociedad,Valladolid,W,2025-03-29,Sociedad,Valladolid,W,Sociedad
0,0,2025-04-06,Valladolid,Getafe,L,2025-04-06,Valladolid,Getafe,L,Valladolid,1,0,Getafe,Valladolid,W,2025-04-06,Getafe,Valladolid,W,Getafe
0,0,2025-04-14,Valladolid,Ath Madrid,L,2025-04-14,Valladolid,Ath Madrid,L,Valladolid,1,0,Ath Madrid,Valladolid,W,2025-04-14,Ath Madrid,Valladolid,W,Ath Madrid
0,0,2025-04-20,Valladolid,Osasuna,L,2025-04-20,Valladolid,Osasuna,L,Valladolid,1,0,Osasuna,Valladolid,W,2025-04-20,Osasuna,Valladolid,W,Osasuna
0,0,2025-04-24,Valladolid,Betis,L,2025-04-24,Valladolid,Betis,L,Valladolid,1,0,Betis,Valladolid,W,2025-04-24,Betis,Valladolid,W,Betis
0,0,2025-05-03,Valladolid,Barcelona,L,2025-05-03,Valladolid,Barcelona,L,Valladolid,1,1,Barcelona,Valladolid,W,2025-05-03,Barcelona,Valladolid,W,Barcelona
0,0,2025-05-10,Valladolid,Mallorca,L,2025-05-10,Valladolid,Mallorca,L,Valladolid,1,0,Mallorca,Valladolid,W,2025-05-10,Mallorca,Valladolid,W,Mallorca
0,0,2025-05-13,Valladolid,Girona,L,2025-05-13,Valladolid,Girona,L,Valladolid,1,0,Girona,Valladolid,W,2025-05-13,Girona,Valladolid,W,Girona
0,0,2025-05-18,Valladolid,Alaves,L,2025-05-18,Valladolid,Alaves,L,Valladolid,1,0,Alaves,Valladolid,W,2025-05-18,Alaves,Valladolid,W,Alaves
0,0,2025-05-24,Valladolid,Leganes,L,2025-05-24,Valladolid,Leganes,L,Valladolid,1,0,Leganes,Valladolid,W,2025-05-24,Leganes,Valladolid,W,Leganes
0,0,2023-01-08,Vallecano,Betis,L,2023-01-08,Vallecano,Betis,L,Vallecano,1,0,Betis,Vallecano,W,2023-01-08,Betis,Vallecano,W,Betis
1,0,2023-01-14,Vallecano,Valladolid,W,2023-01-14,Vallecano,Valladolid,W,Vallecano,0,0,Valladolid,Vallecano,L,2023-01-14,Valladolid,Vallecano,L,Valladolid
0,0,2023-01-21,Vallecano,Sociedad,L,2023-01-21,Vallecano,Sociedad,L,Vallecano,1,0,Sociedad,Vallecano,W,2023-01-21,Sociedad,Vallecano,W,Sociedad
1,0,2023-01-30,Vallecano,Villarreal,W,2023-01-30,Vallecano,Villarreal,W,Vallecano,0,0,Villarreal,Vallecano,L,2023-01-30,Villarreal,Vallecano,L,Villarreal
1,0,2023-02-06,Vallecano,Almeria,W,2023-02-06,Vallecano,Almeria,W,Vallecano,0,0,Almeria,Vallecano,L,2023-02-06,Almeria,Vallecano,L,Almeria
0,0,2023-02-12,Vallecano,Getafe,D,2023-02-12,Vallecano,Getafe,D,Vallecano,0,0,Getafe,Vallecano,D,2023-02-12,Getafe,Vallecano,D,Getafe
0,0,2023-02-19,Vallecano,Sevilla,D,2023-02-19,Vallecano,Sevilla,D,Vallecano,0,0,Sevilla,Vallecano,D,2023-02-19,Sevilla,Vallecano,D,Sevilla
0,0,2023-02-25,Vallecano,Cadiz,L,2023-02-25,Vallecano,Cadiz,L,Vallecano,1,0,Cadiz,Vallecano,W,2023-02-25,Cadiz,Vallecano,W,Cadiz
0,0,2023-03-05,Vallecano,Ath Bilbao,D,2023-03-05,Vallecano,Ath Bilbao,D,Vallecano,0,0,Ath Bilbao,Vallecano,D,2023-03-05,Ath Bilbao,Vallecano,D,Ath Bilbao
0,0,2023-03-11,Vallecano,Celta,L,2023-03-11,Vallecano,Celta,L,Vallecano,1,0,Celta,Vallecano,W,2023-03-11,Celta,Vallecano,W,Celta
0,0,2023-03-18,Vallecano,Girona,D,2023-03-18,Vallecano,Girona,D,Vallecano,0,0,Girona,Vallecano,D,2023-03-18,Girona,Vallecano,D,Girona
0,0,2023-04-03,Vallecano,Valencia,D,2023-04-03,Vallecano,Valencia,D,Vallecano,0,0,Valencia,Vallecano,D,2023-04-03,Valencia,Vallecano,D,Valencia
0,0,2023-04-09,Vallecano,Ath Madrid,L,2023-04-09,Vallecano,Ath Madrid,L,Vallecano,1,0,Ath Madrid,Vallecano,W,2023-04-09,Ath Madrid,Vallecano,W,Ath Madrid
1,0,2023-04-14,Vallecano,Osasuna,W,2023-04-14,Vallecano,Osasuna,W,Vallecano,0,0,Osasuna,Vallecano,L,2023-04-14,Osasuna,Vallecano,L,Osasuna
0,0,2023-04-22,Vallecano,Sociedad,L,2023-04-22,Vallecano,Sociedad,L,Vallecano,1,0,Sociedad,Vallecano,W,2023-04-22,Sociedad,Vallecano,W,Sociedad
1,0,2023-04-26,Vallecano,Barcelona,W,2023-04-26,Vallecano,Barcelona,W,Vallecano,0,0,Barcelona,Vallecano,L,2023-04-26,Barcelona,Vallecano,L,Barcelona
0,0,2023-04-29,Vallecano,Elche,L,2023-04-29,Vallecano,Elche,L,Vallecano,1,0,Elche,Vallecano,W,2023-04-29,Elche,Vallecano,W,Elche
1,0,2023-05-04,Vallecano,Valladolid,W,2023-05-04,Vallecano,Valladolid,W,Vallecano,0,0,Valladolid,Vallecano,L,2023-05-04,Valladolid,Vallecano,L,Valladolid
0,0,2023-05-15,Vallecano,Betis,L,2023-05-15,Vallecano,Betis,L,Vallecano,1,0,Betis,Vallecano,W,2023-05-15,Betis,Vallecano,W,Betis
0,0,2023-05-21,Vallecano,Espanol,L,2023-05-21,Vallecano,Espanol,L,Vallecano,1,0,Espanol,Vallecano,W,2023-05-21,Espanol,Vallecano,W,Espanol
0,0,2023-05-24,Vallecano,Real Madrid,L,2023-05-24,Vallecano,Real Madrid,L,Vallecano,1,0,Real Madrid,Vallecano,W,2023-05-24,Real Madrid,Vallecano,W,Real Madrid
1,0,2023-05-28,Vallecano,Villarreal,W,2023-05-28,Vallecano,Villarreal,W,Vallecano,0,0,Villarreal,Vallecano,L,2023-05-28,Villarreal,Vallecano,L,Villarreal
0,0,2023-06-04,Vallecano,Mallorca,L,2023-06-04,Vallecano,Mallorca,L,Vallecano,1,0,Mallorca,Vallecano,W,2023-06-04,Mallorca,Vallecano,W,Mallorca
1,0,2023-08-11,Vallecano,Almeria,W,2023-08-11,Vallecano,Almeria,W,Vallecano,0,0,Almeria,Vallecano,L,2023-08-11,Almeria,Vallecano,L,Almeria
1,0,2023-08-21,Vallecano,Granada,W,2023-08-21,Vallecano,Granada,W,Vallecano,0,0,Granada,Vallecano,L,2023-08-21,Granada,Vallecano,L,Granada
0,0,2023-08-28,Vallecano,Ath Madrid,L,2023-08-28,Vallecano,Ath Madrid,L,Vallecano,1,0,Ath Madrid,Vallecano,W,2023-08-28,Ath Madrid,Vallecano,W,Ath Madrid
0,0,2023-09-02,Vallecano,Betis,L,2023-09-02,Vallecano,Betis,L,Vallecano,1,0,Betis,Vallecano,W,2023-09-02,Betis,Vallecano,W,Betis
1,0,2023-09-15,Vallecano,Alaves,W,2023-09-15,Vallecano,Alaves,W,Vallecano,0,0,Alaves,Vallecano,L,2023-09-15,Alaves,Vallecano,L,Alaves
0,0,2023-09-24,Vallecano,Villarreal,D,2023-09-24,Vallecano,Villarreal,D,Vallecano,0,0,Villarreal,Vallecano,D,2023-09-24,Villarreal,Vallecano,D,Villarreal
0,0,2023-09-27,Vallecano,Cadiz,D,2023-09-27,Vallecano,Cadiz,D,Vallecano,0,0,Cadiz,Vallecano,D,2023-09-27,Cadiz,Vallecano,D,Cadiz
0,1,2023-09-30,Vallecano,Mallorca,D,2023-09-30,Vallecano,Mallorca,D,Vallecano,0,0,Mallorca,Vallecano,D,2023-09-30,Mallorca,Vallecano,D,Mallorca
0,0,2023-10-07,Vallecano,Sevilla,D,2023-10-07,Vallecano,Sevilla,D,Vallecano,0,0,Sevilla,Vallecano,D,2023-10-07,Sevilla,Vallecano,D,Sevilla
1,0,2023-10-22,Vallecano,Las Palmas,W,2023-10-22,Vallecano,Las Palmas,W,Vallecano,0,0,Las Palmas,Vallecano,L,2023-10-22,Las Palmas,Vallecano,L,Las Palmas
0,0,2023-10-29,Vallecano,Sociedad,D,2023-10-29,Vallecano,Sociedad,D,Vallecano,0,0,Sociedad,Vallecano,D,2023-10-29,Sociedad,Vallecano,D,Sociedad
0,0,2023-11-05,Vallecano,Real Madrid,D,2023-11-05,Vallecano,Real Madrid,D,Vallecano,0,0,Real Madrid,Vallecano,D,2023-11-05,Real Madrid,Vallecano,D,Real Madrid
0,0,2023-11-11,Vallecano,Girona,L,2023-11-11,Vallecano,Girona,L,Vallecano,1,0,Girona,Vallecano,W,2023-11-11,Girona,Vallecano,W,Girona
0,0,2023-11-25,Vallecano,Barcelona,D,2023-11-25,Vallecano,Barcelona,D,Vallecano,0,0,Barcelona,Vallecano,D,2023-11-25,Barcelona,Vallecano,D,Barcelona
0,0,2023-12-02,Vallecano,Ath Bilbao,L,2023-12-02,Vallecano,Ath Bilbao,L,Vallecano,1,0,Ath Bilbao,Vallecano,W,2023-12-02,Ath Bilbao,Vallecano,W,Ath Bilbao
0,0,2023-12-11,Vallecano,Celta,D,2023-12-11,Vallecano,Celta,D,Vallecano,0,0,Celta,Vallecano,D,2023-12-11,Celta,Vallecano,D,Celta
0,0,2023-12-15,Vallecano,Osasuna,L,2023-12-15,Vallecano,Osasuna,L,Vallecano,1,0,Osasuna,Vallecano,W,2023-12-15,Osasuna,Vallecano,W,Osasuna
0,0,2023-12-19,Vallecano,Valencia,L,2023-12-19,Vallecano,Valencia,L,Vallecano,1,0,Valencia,Vallecano,W,2023-12-19,Valencia,Vallecano,W,Valencia
1,0,2024-01-02,Vallecano,Getafe,W,2024-01-02,Vallecano,Getafe,W,Vallecano,0,1,Getafe,Vallecano,L,2024-01-02,Getafe,Vallecano,L,Getafe
0,0,2024-01-20,Vallecano,Las Palmas,L,2024-01-20,Vallecano,Las Palmas,L,Vallecano,1,0,Las Palmas,Vallecano,W,2024-01-20,Las Palmas,Vallecano,W,Las Palmas
0,0,2024-01-27,Vallecano,Sociedad,D,2024-01-27,Vallecano,Sociedad,D,Vallecano,0,0,Sociedad,Vallecano,D,2024-01-27,Sociedad,Vallecano,D,Sociedad
0,0,2024-01-31,Vallecano,Ath Madrid,L,2024-01-31,Vallecano,Ath Madrid,L,Vallecano,1,0,Ath Madrid,Vallecano,W,2024-01-31,Ath Madrid,Vallecano,W,Ath Madrid
0,0,2024-02-05,Vallecano,Sevilla,L,2024-02-05,Vallecano,Sevilla,L,Vallecano,1,0,Sevilla,Vallecano,W,2024-02-05,Sevilla,Vallecano,W,Sevilla
0,0,2024-02-11,Vallecano,Mallorca,L,2024-02-11,Vallecano,Mallorca,L,Vallecano,1,0,Mallorca,Vallecano,W,2024-02-11,Mallorca,Vallecano,W,Mallorca
0,0,2024-02-18,Vallecano,Real Madrid,D,2024-02-18,Vallecano,Real Madrid,D,Vallecano,0,0,Real Madrid,Vallecano,D,2024-02-18,Real Madrid,Vallecano,D,Real Madrid
0,0,2024-02-26,Vallecano,Girona,L,2024-02-26,Vallecano,Girona,L,Vallecano,1,0,Girona,Vallecano,W,2024-02-26,Girona,Vallecano,W,Girona
0,0,2024-03-02,Vallecano,Cadiz,D,2024-03-02,Vallecano,Cadiz,D,Vallecano,0,0,Cadiz,Vallecano,D,2024-03-02,Cadiz,Vallecano,D,Cadiz
0,0,2024-03-10,Vallecano,Alaves,L,2024-03-10,Vallecano,Alaves,L,Vallecano,1,0,Alaves,Vallecano,W,2024-03-10,Alaves,Vallecano,W,Alaves
1,0,2024-03-17,Vallecano,Betis,W,2024-03-17,Vallecano,Betis,W,Vallecano,0,0,Betis,Vallecano,L,2024-03-17,Betis,Vallecano,L,Betis
0,0,2024-03-31,Vallecano,Celta,D,2024-03-31,Vallecano,Celta,D,Vallecano,0,0,Celta,Vallecano,D,2024-03-31,Celta,Vallecano,D,Celta
0,0,2024-04-13,Vallecano,Getafe,D,2024-04-13,Vallecano,Getafe,D,Vallecano,0,0,Getafe,Vallecano,D,2024-04-13,Getafe,Vallecano,D,Getafe
1,0,2024-04-20,Vallecano,Osasuna,W,2024-04-20,Vallecano,Osasuna,W,Vallecano,0,0,Osasuna,Vallecano,L,2024-04-20,Osasuna,Vallecano,L,Osasuna
0,0,2024-04-28,Vallecano,Villarreal,L,2024-04-28,Vallecano,Villarreal,L,Vallecano,1,0,Villarreal,Vallecano,W,2024-04-28,Villarreal,Vallecano,W,Villarreal
0,0,2024-05-05,Vallecano,Almeria,L,2024-05-05,Vallecano,Almeria,L,Vallecano,1,0,Almeria,Vallecano,W,2024-05-05,Almeria,Vallecano,W,Almeria
0,1,2024-05-12,Vallecano,Valencia,D,2024-05-12,Vallecano,Valencia,D,Vallecano,0,0,Valencia,Vallecano,D,2024-05-12,Valencia,Vallecano,D,Valencia
1,1,2024-05-15,Vallecano,Granada,W,2024-05-15,Vallecano,Granada,W,Vallecano,0,0,Granada,Vallecano,L,2024-05-15,Granada,Vallecano,L,Granada
0,1,2024-05-19,Vallecano,Barcelona,L,2024-05-19,Vallecano,Barcelona,L,Vallecano,1,0,Barcelona,Vallecano,W,2024-05-19,Barcelona,Vallecano,W,Barcelona
0,0,2024-05-25,Vallecano,Ath Bilbao,L,2024-05-25,Vallecano,Ath Bilbao,L,Vallecano,1,0,Ath Bilbao,Vallecano,W,2024-05-25,Ath Bilbao,Vallecano,W,Ath Bilbao
1,0,2024-08-18,Vallecano,Sociedad,W,2024-08-18,Vallecano,Sociedad,W,Vallecano,0,0,Sociedad,Vallecano,L,2024-08-18,Sociedad,Vallecano,L,Sociedad
0,0,2024-08-24,Vallecano,Getafe,D,2024-08-24,Vallecano,Getafe,D,Vallecano,0,0,Getafe,Vallecano,D,2024-08-24,Getafe,Vallecano,D,Getafe
0,0,2024-08-27,Vallecano,Barcelona,L,2024-08-27,Vallecano,Barcelona,L,Vallecano,1,0,Barcelona,Vallecano,W,2024-08-27,Barcelona,Vallecano,W,Barcelona
0,0,2024-08-31,Vallecano,Espanol,L,2024-08-31,Vallecano,Espanol,L,Vallecano,1,0,Espanol,Vallecano,W,2024-08-31,Espanol,Vallecano,W,Espanol
1,0,2024-09-16,Vallecano,Osasuna,W,2024-09-16,Vallecano,Osasuna,W,Vallecano,0,0,Osasuna,Vallecano,L,2024-09-16,Osasuna,Vallecano,L,Osasuna
0,0,2024-09-22,Vallecano,Ath Madrid,D,2024-09-22,Vallecano,Ath Madrid,D,Vallecano,0,0,Ath Madrid,Vallecano,D,2024-09-22,Ath Madrid,Vallecano,D,Ath Madrid
0,0,2024-09-25,Vallecano,Girona,D,2024-09-25,Vallecano,Girona,D,Vallecano,0,0,Girona,Vallecano,D,2024-09-25,Girona,Vallecano,D,Girona
0,0,2024-09-28,Vallecano,Leganes,D,2024-09-28,Vallecano,Leganes,D,Vallecano,0,0,Leganes,Vallecano,D,2024-09-28,Leganes,Vallecano,D,Leganes
1,0,2024-10-05,Vallecano,Valladolid,W,2024-10-05,Vallecano,Valladolid,W,Vallecano,0,0,Valladolid,Vallecano,L,2024-10-05,Valladolid,Vallecano,L,Valladolid
0,0,2024-10-20,Vallecano,Mallorca,L,2024-10-20,Vallecano,Mallorca,L,Vallecano,1,0,Mallorca,Vallecano,W,2024-10-20,Mallorca,Vallecano,W,Mallorca
1,0,2024-10-26,Vallecano,Alaves,W,2024-10-26,Vallecano,Alaves,W,Vallecano,0,0,Alaves,Vallecano,L,2024-10-26,Alaves,Vallecano,L,Alaves
0,0,2024-11-08,Vallecano,Las Palmas,L,2024-11-08,Vallecano,Las Palmas,L,Vallecano,1,0,Las Palmas,Vallecano,W,2024-11-08,Las Palmas,Vallecano,W,Las Palmas
0,1,2024-11-24,Vallecano,Sevilla,L,2024-11-24,Vallecano,Sevilla,L,Vallecano,1,0,Sevilla,Vallecano,W,2024-11-24,Sevilla,Vallecano,W,Sevilla
0,1,2024-12-01,Vallecano,Ath Bilbao,L,2024-12-01,Vallecano,Ath Bilbao,L,Vallecano,1,0,Ath Bilbao,Vallecano,W,2024-12-01,Ath Bilbao,Vallecano,W,Ath Bilbao
1,0,2024-12-07,Vallecano,Valencia,W,2024-12-07,Vallecano,Valencia,W,Vallecano,0,0,Valencia,Vallecano,L,2024-12-07,Valencia,Vallecano,L,Valencia
0,0,2024-12-14,Vallecano,Real Madrid,D,2024-12-14,Vallecano,Real Madrid,D,Vallecano,0,0,Real Madrid,Vallecano,D,2024-12-14,Real Madrid,Vallecano,D,Real Madrid
0,0,2024-12-18,Vallecano,Villarreal,D,2024-12-18,Vallecano,Villarreal,D,Vallecano,0,0,Villarreal,Vallecano,D,2024-12-18,Villarreal,Vallecano,D,Villarreal
0,0,2024-12-22,Vallecano,Betis,D,2024-12-22,Vallecano,Betis,D,Vallecano,0,0,Betis,Vallecano,D,2024-12-22,Betis,Vallecano,D,Betis
1,0,2025-01-10,Vallecano,Celta,W,2025-01-10,Vallecano,Celta,W,Vallecano,0,0,Celta,Vallecano,L,2025-01-10,Celta,Vallecano,L,Celta
0,0,2025-01-19,Vallecano,Osasuna,D,2025-01-19,Vallecano,Osasuna,D,Vallecano,0,0,Osasuna,Vallecano,D,2025-01-19,Osasuna,Vallecano,D,Osasuna
1,0,2025-01-26,Vallecano,Girona,W,2025-01-26,Vallecano,Girona,W,Vallecano,0,0,Girona,Vallecano,L,2025-01-26,Girona,Vallecano,L,Girona
1,0,2025-01-31,Vallecano,Leganes,W,2025-01-31,Vallecano,Leganes,W,Vallecano,0,0,Leganes,Vallecano,L,2025-01-31,Leganes,Vallecano,L,Leganes
1,0,2025-02-07,Vallecano,Valladolid,W,2025-02-07,Vallecano,Valladolid,W,Vallecano,0,0,Valladolid,Vallecano,L,2025-02-07,Valladolid,Vallecano,L,Valladolid
0,1,2025-02-17,Vallecano,Barcelona,L,2025-02-17,Vallecano,Barcelona,L,Vallecano,1,1,Barcelona,Vallecano,W,2025-02-17,Barcelona,Vallecano,W,Barcelona
0,0,2025-02-22,Vallecano,Villarreal,L,2025-02-22,Vallecano,Villarreal,L,Vallecano,1,0,Villarreal,Vallecano,W,2025-02-22,Villarreal,Vallecano,W,Villarreal
0,0,2025-03-01,Vallecano,Sevilla,D,2025-03-01,Vallecano,Sevilla,D,Vallecano,0,0,Sevilla,Vallecano,D,2025-03-01,Sevilla,Vallecano,D,Sevilla
0,0,2025-03-09,Vallecano,Real Madrid,L,2025-03-09,Vallecano,Real Madrid,L,Vallecano,1,0,Real Madrid,Vallecano,W,2025-03-09,Real Madrid,Vallecano,W,Real Madrid
0,0,2025-03-16,Vallecano,Sociedad,D,2025-03-16,Vallecano,Sociedad,D,Vallecano,0,0,Sociedad,Vallecano,D,2025-03-16,Sociedad,Vallecano,D,Sociedad
1,0,2025-03-29,Vallecano,Alaves,W,2025-03-29,Vallecano,Alaves,W,Vallecano,0,0,Alaves,Vallecano,L,2025-03-29,Alaves,Vallecano,L,Alaves
0,0,2025-04-04,Vallecano,Espanol,L,2025-04-04,Vallecano,Espanol,L,Vallecano,1,0,Espanol,Vallecano,W,2025-04-04,Espanol,Vallecano,W,Espanol
0,0,2025-04-13,Vallecano,Ath Bilbao,L,2025-04-13,Vallecano,Ath Bilbao,L,Vallecano,1,0,Ath Bilbao,Vallecano,W,2025-04-13,Ath Bilbao,Vallecano,W,Ath Bilbao
0,0,2025-04-19,Vallecano,Valencia,D,2025-04-19,Vallecano,Valencia,D,Vallecano,0,0,Valencia,Vallecano,D,2025-04-19,Valencia,Vallecano,D,Valencia
0,0,2025-04-24,Vallecano,Ath Madrid,L,2025-04-24,Vallecano,Ath Madrid,L,Vallecano,1,0,Ath Madrid,Vallecano,W,2025-04-24,Ath Madrid,Vallecano,W,Ath Madrid
1,0,2025-05-02,Vallecano,Getafe,W,2025-05-02,Vallecano,Getafe,W,Vallecano,0,0,Getafe,Vallecano,L,2025-05-02,Getafe,Vallecano,L,Getafe
1,0,2025-05-09,Vallecano,Las Palmas,W,2025-05-09,Vallecano,Las Palmas,W,Vallecano,0,0,Las Palmas,Vallecano,L,2025-05-09,Las Palmas,Vallecano,L,Las Palmas
0,0,2025-05-15,Vallecano,Betis,D,2025-05-15,Vallecano,Betis,D,Vallecano,0,0,Betis,Vallecano,D,2025-05-15,Betis,Vallecano,D,Betis
1,0,2025-05-18,Vallecano,Celta,W,2025-05-18,Vallecano,Celta,W,Vallecano,0,0,Celta,Vallecano,L,2025-05-18,Celta,Vallecano,L,Celta
0,0,2025-05-24,Vallecano,Mallorca,D,2025-05-24,Vallecano,Mallorca,D,Vallecano,0,0,Mallorca,Vallecano,D,2025-05-24,Mallorca,Vallecano,D,Mallorca
1,0,2023-01-07,Villarreal,Real Madrid,W,2023-01-07,Villarreal,Real Madrid,W,Villarreal,0,0,Real Madrid,Villarreal,L,2023-01-07,Real Madrid,Villarreal,L,Real Madrid
0,0,2023-01-13,Villarreal,Celta,D,2023-01-13,Villarreal,Celta,D,Villarreal,0,0,Celta,Villarreal,D,2023-01-13,Celta,Villarreal,D,Celta
1,0,2023-01-22,Villarreal,Girona,W,2023-01-22,Villarreal,Girona,W,Villarreal,0,0,Girona,Villarreal,L,2023-01-22,Girona,Villarreal,L,Girona
0,0,2023-01-30,Villarreal,Vallecano,L,2023-01-30,Villarreal,Vallecano,L,Villarreal,1,0,Vallecano,Villarreal,W,2023-01-30,Vallecano,Villarreal,W,Vallecano
0,0,2023-02-04,Villarreal,Elche,L,2023-02-04,Villarreal,Elche,L,Villarreal,1,0,Elche,Villarreal,W,2023-02-04,Elche,Villarreal,W,Elche
0,0,2023-02-12,Villarreal,Barcelona,L,2023-02-12,Villarreal,Barcelona,L,Villarreal,1,0,Barcelona,Villarreal,W,2023-02-12,Barcelona,Villarreal,W,Barcelona
0,0,2023-02-18,Villarreal,Mallorca,L,2023-02-18,Villarreal,Mallorca,L,Villarreal,1,0,Mallorca,Villarreal,W,2023-02-18,Mallorca,Villarreal,W,Mallorca
1,0,2023-02-27,Villarreal,Getafe,W,2023-02-27,Villarreal,Getafe,W,Villarreal,0,0,Getafe,Villarreal,L,2023-02-27,Getafe,Villarreal,L,Getafe
1,0,2023-03-04,Villarreal,Almeria,W,2023-03-04,Villarreal,Almeria,W,Villarreal,0,0,Almeria,Villarreal,L,2023-03-04,Almeria,Villarreal,L,Almeria
0,0,2023-03-12,Villarreal,Betis,D,2023-03-12,Villarreal,Betis,D,Villarreal,0,0,Betis,Villarreal,D,2023-03-12,Betis,Villarreal,D,Betis
1,0,2023-03-19,Villarreal,Osasuna,W,2023-03-19,Villarreal,Osasuna,W,Villarreal,0,0,Osasuna,Villarreal,L,2023-03-19,Osasuna,Villarreal,L,Osasuna
1,0,2023-04-02,Villarreal,Sociedad,W,2023-04-02,Villarreal,Sociedad,W,Villarreal,0,0,Sociedad,Villarreal,L,2023-04-02,Sociedad,Villarreal,L,Sociedad
1,0,2023-04-08,Villarreal,Real Madrid,W,2023-04-08,Villarreal,Real Madrid,W,Villarreal,0,1,Real Madrid,Villarreal,L,2023-04-08,Real Madrid,Villarreal,L,Real Madrid
0,0,2023-04-15,Villarreal,Valladolid,L,2023-04-15,Villarreal,Valladolid,L,Villarreal,1,0,Valladolid,Villarreal,W,2023-04-15,Valladolid,Villarreal,W,Valladolid
0,0,2023-04-23,Villarreal,Sevilla,L,2023-04-23,Villarreal,Sevilla,L,Villarreal,1,0,Sevilla,Villarreal,W,2023-04-23,Sevilla,Villarreal,W,Sevilla
1,1,2023-04-27,Villarreal,Espanol,W,2023-04-27,Villarreal,Espanol,W,Villarreal,0,0,Espanol,Villarreal,L,2023-04-27,Espanol,Villarreal,L,Espanol
1,1,2023-04-30,Villarreal,Celta,W,2023-04-30,Villarreal,Celta,W,Villarreal,0,0,Celta,Villarreal,L,2023-04-30,Celta,Villarreal,L,Celta
0,1,2023-05-03,Villarreal,Valencia,D,2023-05-03,Villarreal,Valencia,D,Villarreal,0,0,Valencia,Villarreal,D,2023-05-03,Valencia,Villarreal,D,Valencia
1,1,2023-05-13,Villarreal,Ath Bilbao,W,2023-05-13,Villarreal,Ath Bilbao,W,Villarreal,0,0,Ath Bilbao,Villarreal,L,2023-05-13,Ath Bilbao,Villarreal,L,Ath Bilbao
1,0,2023-05-20,Villarreal,Girona,W,2023-05-20,Villarreal,Girona,W,Villarreal,0,0,Girona,Villarreal,L,2023-05-20,Girona,Villarreal,L,Girona
1,1,2023-05-24,Villarreal,Cadiz,W,2023-05-24,Villarreal,Cadiz,W,Villarreal,0,0,Cadiz,Villarreal,L,2023-05-24,Cadiz,Villarreal,L,Cadiz
0,0,2023-05-28,Villarreal,Vallecano,L,2023-05-28,Villarreal,Vallecano,L,Villarreal,1,0,Vallecano,Villarreal,W,2023-05-28,Vallecano,Villarreal,W,Vallecano
0,0,2023-06-04,Villarreal,Ath Madrid,D,2023-06-04,Villarreal,Ath Madrid,D,Villarreal,0,0,Ath Madrid,Villarreal,D,2023-06-04,Ath Madrid,Villarreal,D,Ath Madrid
0,0,2023-08-13,Villarreal,Betis,L,2023-08-13,Villarreal,Betis,L,Villarreal,1,0,Betis,Villarreal,W,2023-08-13,Betis,Villarreal,W,Betis
1,0,2023-08-18,Villarreal,Mallorca,W,2023-08-18,Villarreal,Mallorca,W,Villarreal,0,0,Mallorca,Villarreal,L,2023-08-18,Mallorca,Villarreal,L,Mallorca
0,1,2023-08-27,Villarreal,Barcelona,L,2023-08-27,Villarreal,Barcelona,L,Villarreal,1,0,Barcelona,Villarreal,W,2023-08-27,Barcelona,Villarreal,W,Barcelona
0,0,2023-09-01,Villarreal,Cadiz,L,2023-09-01,Villarreal,Cadiz,L,Villarreal,1,0,Cadiz,Villarreal,W,2023-09-01,Cadiz,Villarreal,W,Cadiz
1,0,2023-09-17,Villarreal,Almeria,W,2023-09-17,Villarreal,Almeria,W,Villarreal,0,0,Almeria,Villarreal,L,2023-09-17,Almeria,Villarreal,L,Almeria
0,0,2023-09-24,Villarreal,Vallecano,D,2023-09-24,Villarreal,Vallecano,D,Villarreal,0,0,Vallecano,Villarreal,D,2023-09-24,Vallecano,Villarreal,D,Vallecano
0,0,2023-09-27,Villarreal,Girona,L,2023-09-27,Villarreal,Girona,L,Villarreal,1,0,Girona,Villarreal,W,2023-09-27,Girona,Villarreal,W,Girona
0,0,2023-09-30,Villarreal,Getafe,D,2023-09-30,Villarreal,Getafe,D,Villarreal,0,0,Getafe,Villarreal,D,2023-09-30,Getafe,Villarreal,D,Getafe
0,0,2023-10-08,Villarreal,Las Palmas,L,2023-10-08,Villarreal,Las Palmas,L,Villarreal,1,0,Las Palmas,Villarreal,W,2023-10-08,Las Palmas,Villarreal,W,Las Palmas
0,0,2023-10-22,Villarreal,Alaves,D,2023-10-22,Villarreal,Alaves,D,Villarreal,0,0,Alaves,Villarreal,D,2023-10-22,Alaves,Villarreal,D,Alaves
1,0,2023-10-30,Villarreal,Granada,W,2023-10-30,Villarreal,Granada,W,Villarreal,0,0,Granada,Villarreal,L,2023-10-30,Granada,Villarreal,L,Granada
0,0,2023-11-05,Villarreal,Ath Bilbao,L,2023-11-05,Villarreal,Ath Bilbao,L,Villarreal,1,0,Ath Bilbao,Villarreal,W,2023-11-05,Ath Bilbao,Villarreal,W,Ath Bilbao
0,0,2023-11-12,Villarreal,Ath Madrid,L,2023-11-12,Villarreal,Ath Madrid,L,Villarreal,1,0,Ath Madrid,Villarreal,W,2023-11-12,Ath Madrid,Villarreal,W,Ath Madrid
1,0,2023-11-26,Villarreal,Osasuna,W,2023-11-26,Villarreal,Osasuna,W,Villarreal,0,0,Osasuna,Villarreal,L,2023-11-26,Osasuna,Villarreal,L,Osasuna
0,0,2023-12-03,Villarreal,Sevilla,D,2023-12-03,Villarreal,Sevilla,D,Villarreal,0,0,Sevilla,Villarreal,D,2023-12-03,Sevilla,Villarreal,D,Sevilla
0,0,2023-12-09,Villarreal,Sociedad,L,2023-12-09,Villarreal,Sociedad,L,Villarreal,1,0,Sociedad,Villarreal,W,2023-12-09,Sociedad,Villarreal,W,Sociedad
0,0,2023-12-17,Villarreal,Real Madrid,L,2023-12-17,Villarreal,Real Madrid,L,Villarreal,1,0,Real Madrid,Villarreal,W,2023-12-17,Real Madrid,Villarreal,W,Real Madrid
1,0,2023-12-20,Villarreal,Celta,W,2023-12-20,Villarreal,Celta,W,Villarreal,0,0,Celta,Villarreal,L,2023-12-20,Celta,Villarreal,L,Celta
0,0,2024-01-02,Villarreal,Valencia,L,2024-01-02,Villarreal,Valencia,L,Villarreal,1,0,Valencia,Villarreal,W,2024-01-02,Valencia,Villarreal,W,Valencia
0,0,2024-01-13,Villarreal,Las Palmas,L,2024-01-13,Villarreal,Las Palmas,L,Villarreal,1,0,Las Palmas,Villarreal,W,2024-01-13,Las Palmas,Villarreal,W,Las Palmas
0,0,2024-01-20,Villarreal,Mallorca,D,2024-01-20,Villarreal,Mallorca,D,Villarreal,0,0,Mallorca,Villarreal,D,2024-01-20,Mallorca,Villarreal,D,Mallorca
1,0,2024-01-27,Villarreal,Barcelona,W,2024-01-27,Villarreal,Barcelona,W,Villarreal,0,1,Barcelona,Villarreal,L,2024-01-27,Barcelona,Villarreal,L,Barcelona
0,0,2024-02-04,Villarreal,Cadiz,D,2024-02-04,Villarreal,Cadiz,D,Villarreal,0,0,Cadiz,Villarreal,D,2024-02-04,Cadiz,Villarreal,D,Cadiz
0,0,2024-02-10,Villarreal,Alaves,D,2024-02-10,Villarreal,Alaves,D,Villarreal,0,0,Alaves,Villarreal,D,2024-02-10,Alaves,Villarreal,D,Alaves
0,0,2024-02-16,Villarreal,Getafe,D,2024-02-16,Villarreal,Getafe,D,Villarreal,0,0,Getafe,Villarreal,D,2024-02-16,Getafe,Villarreal,D,Getafe
1,0,2024-02-23,Villarreal,Sociedad,W,2024-02-23,Villarreal,Sociedad,W,Villarreal,0,0,Sociedad,Villarreal,L,2024-02-23,Sociedad,Villarreal,L,Sociedad
1,0,2024-03-03,Villarreal,Granada,W,2024-03-03,Villarreal,Granada,W,Villarreal,0,0,Granada,Villarreal,L,2024-03-03,Granada,Villarreal,L,Granada
1,0,2024-03-10,Villarreal,Betis,W,2024-03-10,Villarreal,Betis,W,Villarreal,0,0,Betis,Villarreal,L,2024-03-10,Betis,Villarreal,L,Betis
1,0,2024-03-17,Villarreal,Valencia,W,2024-03-17,Villarreal,Valencia,W,Villarreal,0,0,Valencia,Villarreal,L,2024-03-17,Valencia,Villarreal,L,Valencia
0,0,2024-04-01,Villarreal,Ath Madrid,L,2024-04-01,Villarreal,Ath Madrid,L,Villarreal,1,0,Ath Madrid,Villarreal,W,2024-04-01,Ath Madrid,Villarreal,W,Ath Madrid
0,0,2024-04-14,Villarreal,Ath Bilbao,D,2024-04-14,Villarreal,Ath Bilbao,D,Villarreal,0,0,Ath Bilbao,Villarreal,D,2024-04-14,Ath Bilbao,Villarreal,D,Ath Bilbao
1,0,2024-04-21,Villarreal,Almeria,W,2024-04-21,Villarreal,Almeria,W,Villarreal,0,0,Almeria,Villarreal,L,2024-04-21,Almeria,Villarreal,L,Almeria
1,0,2024-04-28,Villarreal,Vallecano,W,2024-04-28,Villarreal,Vallecano,W,Villarreal,0,0,Vallecano,Villarreal,L,2024-04-28,Vallecano,Villarreal,L,Vallecano
0,0,2024-05-05,Villarreal,Celta,L,2024-05-05,Villarreal,Celta,L,Villarreal,1,0,Celta,Villarreal,W,2024-05-05,Celta,Villarreal,W,Celta
1,0,2024-05-11,Villarreal,Sevilla,W,2024-05-11,Villarreal,Sevilla,W,Villarreal,0,0,Sevilla,Villarreal,L,2024-05-11,Sevilla,Villarreal,L,Sevilla
1,0,2024-05-14,Villarreal,Girona,W,2024-05-14,Villarreal,Girona,W,Villarreal,0,0,Girona,Villarreal,L,2024-05-14,Girona,Villarreal,L,Girona
0,0,2024-05-19,Villarreal,Real Madrid,D,2024-05-19,Villarreal,Real Madrid,D,Villarreal,0,1,Real Madrid,Villarreal,D,2024-05-19,Real Madrid,Villarreal,D,Real Madrid
0,1,2024-05-25,Villarreal,Osasuna,D,2024-05-25,Villarreal,Osasuna,D,Villarreal,0,0,Osasuna,Villarreal,D,2024-05-25,Osasuna,Villarreal,D,Osasuna
0,0,2024-08-19,Villarreal,Ath Madrid,D,2024-08-19,Villarreal,Ath Madrid,D,Villarreal,0,0,Ath Madrid,Villarreal,D,2024-08-19,Ath Madrid,Villarreal,D,Ath Madrid
1,0,2024-08-23,Villarreal,Sevilla,W,2024-08-23,Villarreal,Sevilla,W,Villarreal,0,0,Sevilla,Villarreal,L,2024-08-23,Sevilla,Villarreal,L,Sevilla
1,0,2024-08-26,Villarreal,Celta,W,2024-08-26,Villarreal,Celta,W,Villarreal,0,0,Celta,Villarreal,L,2024-08-26,Celta,Villarreal,L,Celta
0,0,2024-08-31,Villarreal,Valencia,D,2024-08-31,Villarreal,Valencia,D,Villarreal,0,0,Valencia,Villarreal,D,2024-08-31,Valencia,Villarreal,D,Valencia
1,0,2024-09-14,Villarreal,Mallorca,W,2024-09-14,Villarreal,Mallorca,W,Villarreal,0,0,Mallorca,Villarreal,L,2024-09-14,Mallorca,Villarreal,L,Mallorca
0,1,2024-09-22,Villarreal,Barcelona,L,2024-09-22,Villarreal,Barcelona,L,Villarreal,1,1,Barcelona,Villarreal,W,2024-09-22,Barcelona,Villarreal,W,Barcelona
1,0,2024-09-26,Villarreal,Espanol,W,2024-09-26,Villarreal,Espanol,W,Villarreal,0,0,Espanol,Villarreal,L,2024-09-26,Espanol,Villarreal,L,Espanol
1,0,2024-09-30,Villarreal,Las Palmas,W,2024-09-30,Villarreal,Las Palmas,W,Villarreal,0,0,Las Palmas,Villarreal,L,2024-09-30,Las Palmas,Villarreal,L,Las Palmas
0,0,2024-10-05,Villarreal,Real Madrid,L,2024-10-05,Villarreal,Real Madrid,L,Villarreal,1,1,Real Madrid,Villarreal,W,2024-10-05,Real Madrid,Villarreal,W,Real Madrid
0,0,2024-10-20,Villarreal,Getafe,D,2024-10-20,Villarreal,Getafe,D,Villarreal,0,0,Getafe,Villarreal,D,2024-10-20,Getafe,Villarreal,D,Getafe
1,0,2024-10-26,Villarreal,Valladolid,W,2024-10-26,Villarreal,Valladolid,W,Villarreal,0,0,Valladolid,Villarreal,L,2024-10-26,Valladolid,Villarreal,L,Valladolid
1,0,2024-11-09,Villarreal,Alaves,W,2024-11-09,Villarreal,Alaves,W,Villarreal,0,0,Alaves,Villarreal,L,2024-11-09,Alaves,Villarreal,L,Alaves
0,0,2024-11-24,Villarreal,Osasuna,D,2024-11-24,Villarreal,Osasuna,D,Villarreal,0,0,Osasuna,Villarreal,D,2024-11-24,Osasuna,Villarreal,D,Osasuna
0,1,2024-12-01,Villarreal,Girona,D,2024-12-01,Villarreal,Girona,D,Villarreal,0,0,Girona,Villarreal,D,2024-12-01,Girona,Villarreal,D,Girona
0,0,2024-12-08,Villarreal,Ath Bilbao,L,2024-12-08,Villarreal,Ath Bilbao,L,Villarreal,1,0,Ath Bilbao,Villarreal,W,2024-12-08,Ath Bilbao,Villarreal,W,Ath Bilbao
0,0,2024-12-15,Villarreal,Betis,L,2024-12-15,Villarreal,Betis,L,Villarreal,1,0,Betis,Villarreal,W,2024-12-15,Betis,Villarreal,W,Betis
0,0,2024-12-18,Villarreal,Vallecano,D,2024-12-18,Villarreal,Vallecano,D,Villarreal,0,0,Vallecano,Villarreal,D,2024-12-18,Vallecano,Villarreal,D,Vallecano
1,0,2024-12-22,Villarreal,Leganes,W,2024-12-22,Villarreal,Leganes,W,Villarreal,0,0,Leganes,Villarreal,L,2024-12-22,Leganes,Villarreal,L,Leganes
0,0,2025-01-13,Villarreal,Sociedad,L,2025-01-13,Villarreal,Sociedad,L,Villarreal,1,0,Sociedad,Villarreal,W,2025-01-13,Sociedad,Villarreal,W,Sociedad
1,0,2025-01-20,Villarreal,Mallorca,W,2025-01-20,Villarreal,Mallorca,W,Villarreal,0,0,Mallorca,Villarreal,L,2025-01-20,Mallorca,Villarreal,L,Mallorca
0,0,2025-01-25,Villarreal,Ath Madrid,D,2025-01-25,Villarreal,Ath Madrid,D,Villarreal,0,0,Ath Madrid,Villarreal,D,2025-01-25,Ath Madrid,Villarreal,D,Ath Madrid
1,0,2025-02-01,Villarreal,Valladolid,W,2025-02-01,Villarreal,Valladolid,W,Villarreal,0,0,Valladolid,Villarreal,L,2025-02-01,Valladolid,Villarreal,L,Valladolid
1,0,2025-02-08,Villarreal,Las Palmas,W,2025-02-08,Villarreal,Las Palmas,W,Villarreal,0,0,Las Palmas,Villarreal,L,2025-02-08,Las Palmas,Villarreal,L,Las Palmas
0,0,2025-02-15,Villarreal,Valencia,D,2025-02-15,Villarreal,Valencia,D,Villarreal,0,0,Valencia,Villarreal,D,2025-02-15,Valencia,Villarreal,D,Valencia
1,0,2025-02-22,Villarreal,Vallecano,W,2025-02-22,Villarreal,Vallecano,W,Villarreal,0,0,Vallecano,Villarreal,L,2025-02-22,Vallecano,Villarreal,L,Vallecano
0,0,2025-03-08,Villarreal,Alaves,L,2025-03-08,Villarreal,Alaves,L,Villarreal,1,0,Alaves,Villarreal,W,2025-03-08,Alaves,Villarreal,W,Alaves
0,0,2025-03-15,Villarreal,Real Madrid,L,2025-03-15,Villarreal,Real Madrid,L,Villarreal,1,0,Real Madrid,Villarreal,W,2025-03-15,Real Madrid,Villarreal,W,Real Madrid
1,1,2025-03-30,Villarreal,Getafe,W,2025-03-30,Villarreal,Getafe,W,Villarreal,0,0,Getafe,Villarreal,L,2025-03-30,Getafe,Villarreal,L,Getafe
0,1,2025-04-06,Villarreal,Ath Bilbao,D,2025-04-06,Villarreal,Ath Bilbao,D,Villarreal,0,0,Ath Bilbao,Villarreal,D,2025-04-06,Ath Bilbao,Villarreal,D,Ath Bilbao
1,0,2025-04-13,Villarreal,Betis,W,2025-04-13,Villarreal,Betis,W,Villarreal,0,0,Betis,Villarreal,L,2025-04-13,Betis,Villarreal,L,Betis
0,0,2025-04-20,Villarreal,Sociedad,D,2025-04-20,Villarreal,Sociedad,D,Villarreal,0,0,Sociedad,Villarreal,D,2025-04-20,Sociedad,Villarreal,D,Sociedad
0,0,2025-04-23,Villarreal,Celta,L,2025-04-23,Villarreal,Celta,L,Villarreal,1,0,Celta,Villarreal,W,2025-04-23,Celta,Villarreal,W,Celta
1,0,2025-04-27,Villarreal,Espanol,W,2025-04-27,Villarreal,Espanol,W,Villarreal,0,0,Espanol,Villarreal,L,2025-04-27,Espanol,Villarreal,L,Espanol
1,0,2025-05-03,Villarreal,Osasuna,W,2025-05-03,Villarreal,Osasuna,W,Villarreal,0,0,Osasuna,Villarreal,L,2025-05-03,Osasuna,Villarreal,L,Osasuna
1,0,2025-05-10,Villarreal,Girona,W,2025-05-10,Villarreal,Girona,W,Villarreal,0,0,Girona,Villarreal,L,2025-05-10,Girona,Villarreal,L,Girona
1,0,2025-05-14,Villarreal,Leganes,W,2025-05-14,Villarreal,Leganes,W,Villarreal,0,0,Leganes,Villarreal,L,2025-05-14,Leganes,Villarreal,L,Leganes
1,0,2025-05-18,Villarreal,Barcelona,W,2025-05-18,Villarreal,Barcelona,W,Villarreal,0,1,Barcelona,Villarreal,L,2025-05-18,Barcelona,Villarreal,L,Barcelona
1,0,2025-05-25,Villarreal,Sevilla,W,2025-05-25,Villarreal,Sevilla,W,Villarreal,0,0,Sevilla,Villarreal,L,2025-05-25,Sevilla,Villarreal,L,Sevilla
