date,day,comp,venue,result,gf,ga,opponent,referee,sh,sot,foul_comm,foul_rec,yc_rec,rc_rec,yc_opp,rc_opp,season,team,day_code
2020-09-19,Sat,Serie A,Home,W,1.0,0.0,Torino,,17.0,8.0,17.0,20.0,3.0,0.0,1.0,0.0,2021,Fiorentina,5
2020-09-19,Sat,Serie A,Away,D,0.0,0.0,Verona,,15.0,7.0,20.0,19.0,0.0,0.0,2.0,0.0,2021,Roma,5
2020-09-19,Sat,Serie A,Away,L,0.0,1.0,Fiorentina,,6.0,3.0,20.0,17.0,1.0,0.0,3.0,0.0,2021,Torino,5
2020-09-19,Sat,Serie A,Home,D,0.0,0.0,Roma,,9.0,7.0,19.0,20.0,2.0,0.0,0.0,0.0,2021,Verona,5
2020-09-20,Sun,Serie A,Away,D,1.0,1.0,Sassuolo,,8.0,4.0,18.0,9.0,3.0,0.0,1.0,0.0,2021,Cagliari,6
2020-09-20,Sun,Serie A,Away,L,1.0,4.0,Genoa,,11.0,5.0,14.0,13.0,2.0,0.0,4.0,0.0,2021,Crotone,6
2020-09-20,Sun,Serie A,Home,W,4.0,1.0,Crotone,,10.0,8.0,13.0,14.0,4.0,0.0,2.0,0.0,2021,Genoa,6
2020-09-20,Sun,Serie A,Home,W,3.0,0.0,Sampdoria,,14.0,9.0,15.0,9.0,1.0,0.0,1.0,0.0,2021,Juventus,6
2020-09-20,Sun,Serie A,Away,W,2.0,0.0,Parma,,12.0,7.0,12.0,16.0,1.0,0.0,4.0,0.0,2021,Napoli,6
2020-09-20,Sun,Serie A,Home,L,0.0,2.0,Napoli,,4.0,2.0,16.0,12.0,4.0,0.0,1.0,0.0,2021,Parma,6
2020-09-20,Sun,Serie A,Away,L,0.0,3.0,Juventus,,10.0,2.0,9.0,15.0,1.0,0.0,1.0,0.0,2021,Sampdoria,6
2020-09-20,Sun,Serie A,Home,D,1.0,1.0,Cagliari,,21.0,10.0,9.0,18.0,1.0,0.0,3.0,0.0,2021,Sassuolo,6
2020-09-21,Mon,Serie A,Away,L,0.0,2.0,Milan,,6.0,5.0,17.0,13.0,5.0,1.0,3.0,0.0,2021,Bologna,0
2020-09-21,Mon,Serie A,Home,W,2.0,0.0,Bologna,,14.0,6.0,13.0,17.0,3.0,0.0,5.0,1.0,2021,Milan,0
2020-09-26,Sat,Serie A,Away,W,4.0,2.0,Torino,,12.0,7.0,12.0,11.0,2.0,0.0,1.0,0.0,2021,Atalanta,5
2020-09-26,Sat,Serie A,Away,W,3.0,2.0,Sampdoria,,11.0,6.0,12.0,17.0,1.0,0.0,3.0,0.0,2021,Benevento,5
2020-09-26,Sat,Serie A,Home,L,0.0,2.0,Lazio,,9.0,3.0,8.0,13.0,1.0,0.0,1.0,0.0,2021,Cagliari,5
2020-09-26,Sat,Serie A,Away,L,3.0,4.0,Inter,,8.0,4.0,10.0,15.0,1.0,0.0,1.0,0.0,2021,Fiorentina,5
2020-09-26,Sat,Serie A,Home,W,4.0,3.0,Fiorentina,,12.0,6.0,15.0,10.0,1.0,0.0,1.0,0.0,2021,Inter,5
2020-09-26,Sat,Serie A,Away,W,2.0,0.0,Cagliari,,9.0,7.0,13.0,8.0,1.0,0.0,1.0,0.0,2021,Lazio,5
2020-09-26,Sat,Serie A,Home,L,2.0,3.0,Benevento,,5.0,4.0,17.0,12.0,3.0,0.0,1.0,0.0,2021,Sampdoria,5
2020-09-26,Sat,Serie A,Home,L,2.0,4.0,Atalanta,,5.0,5.0,11.0,12.0,1.0,0.0,2.0,0.0,2021,Torino,5
2020-09-27,Sun,Serie A,Home,L,0.0,2.0,Milan,,5.0,1.0,14.0,15.0,1.0,0.0,3.0,0.0,2021,Crotone,6
2020-09-27,Sun,Serie A,Away,L,0.0,6.0,Napoli,,3.0,1.0,13.0,6.0,2.0,0.0,1.0,0.0,2021,Genoa,6
2020-09-27,Sun,Serie A,Away,D,2.0,2.0,Roma,,6.0,3.0,9.0,19.0,3.0,1.0,2.0,0.0,2021,Juventus,6
2020-09-27,Sun,Serie A,Away,W,2.0,0.0,Crotone,,11.0,7.0,15.0,14.0,3.0,0.0,1.0,0.0,2021,Milan,6
2020-09-27,Sun,Serie A,Home,W,6.0,0.0,Genoa,,18.0,11.0,6.0,13.0,1.0,0.0,2.0,0.0,2021,Napoli,6
2020-09-27,Sun,Serie A,Home,D,2.0,2.0,Juventus,,7.0,6.0,19.0,9.0,2.0,0.0,3.0,1.0,2021,Roma,6
2020-09-27,Sun,Serie A,Away,W,4.0,1.0,Spezia,,10.0,8.0,8.0,13.0,1.0,0.0,2.0,0.0,2021,Sassuolo,6
2020-09-27,Sun,Serie A,Home,L,1.0,4.0,Sassuolo,,11.0,6.0,13.0,8.0,2.0,0.0,1.0,0.0,2021,Spezia,6
2020-09-27,Sun,Serie A,Away,L,0.0,1.0,Verona,,14.0,6.0,13.0,13.0,0.0,0.0,1.0,0.0,2021,Udinese,6
2020-09-27,Sun,Serie A,Home,W,1.0,0.0,Udinese,,8.0,2.0,13.0,13.0,1.0,0.0,0.0,0.0,2021,Verona,6
2020-09-28,Mon,Serie A,Home,W,4.0,1.0,Parma,,11.0,8.0,12.0,9.0,1.0,0.0,2.0,1.0,2021,Bologna,0
2020-09-28,Mon,Serie A,Away,L,1.0,4.0,Bologna,,8.0,4.0,9.0,12.0,2.0,1.0,1.0,0.0,2021,Parma,0
2020-09-30,Wed,Serie A,Away,W,4.0,1.0,Lazio,,8.0,6.0,11.0,16.0,2.0,0.0,7.0,0.0,2021,Atalanta,2
2020-09-30,Wed,Serie A,Home,L,2.0,5.0,Inter,,11.0,7.0,10.0,15.0,1.0,0.0,0.0,0.0,2021,Benevento,2
2020-09-30,Wed,Serie A,Away,W,5.0,2.0,Benevento,,18.0,12.0,15.0,10.0,0.0,0.0,1.0,0.0,2021,Inter,2
2020-09-30,Wed,Serie A,Home,L,1.0,4.0,Atalanta,,11.0,8.0,16.0,11.0,7.0,0.0,2.0,0.0,2021,Lazio,2
2020-09-30,Wed,Serie A,Away,W,2.0,0.0,Udinese,,4.0,3.0,17.0,13.0,5.0,1.0,0.0,0.0,2021,Spezia,2
2020-09-30,Wed,Serie A,Home,L,0.0,2.0,Spezia,,10.0,5.0,13.0,17.0,0.0,0.0,5.0,1.0,2021,Udinese,2
2020-10-02,Fri,Serie A,Home,L,1.0,2.0,Sampdoria,,16.0,6.0,11.0,16.0,0.0,0.0,3.0,0.0,2021,Fiorentina,4
2020-10-02,Fri,Serie A,Away,W,2.0,1.0,Fiorentina,,14.0,10.0,16.0,11.0,3.0,0.0,0.0,0.0,2021,Sampdoria,4
2020-10-03,Sat,Serie A,Away,L,1.0,4.0,Sassuolo,,10.0,6.0,15.0,15.0,3.0,0.0,2.0,0.0,2021,Crotone,5
2020-10-03,Sat,Serie A,Away,W,1.0,0.0,Udinese,,8.0,3.0,10.0,15.0,0.0,0.0,1.0,0.0,2021,Roma,5
2020-10-03,Sat,Serie A,Home,W,4.0,1.0,Crotone,,7.0,4.0,15.0,15.0,2.0,0.0,3.0,0.0,2021,Sassuolo,5
2020-10-03,Sat,Serie A,Home,L,0.0,1.0,Roma,,9.0,5.0,15.0,10.0,1.0,0.0,0.0,0.0,2021,Udinese,5
2020-10-04,Sun,Serie A,Home,W,5.0,2.0,Cagliari,,19.0,14.0,11.0,9.0,0.0,0.0,0.0,0.0,2021,Atalanta,6
2020-10-04,Sun,Serie A,Home,W,1.0,0.0,Bologna,,6.0,3.0,13.0,15.0,2.0,0.0,1.0,0.0,2021,Benevento,6
2020-10-04,Sun,Serie A,Away,L,0.0,1.0,Benevento,,13.0,7.0,15.0,13.0,1.0,0.0,2.0,0.0,2021,Bologna,6
2020-10-04,Sun,Serie A,Away,L,2.0,5.0,Atalanta,,7.0,3.0,9.0,11.0,0.0,0.0,0.0,0.0,2021,Cagliari,6
2020-10-04,Sun,Serie A,Away,D,1.0,1.0,Lazio,,10.0,4.0,13.0,14.0,4.0,1.0,3.0,1.0,2021,Inter,6
2020-10-04,Sun,Serie A,Home,D,1.0,1.0,Inter,,11.0,5.0,14.0,13.0,3.0,1.0,4.0,1.0,2021,Lazio,6
2020-10-04,Sun,Serie A,Home,W,3.0,0.0,Spezia,,10.0,5.0,14.0,19.0,1.0,0.0,2.0,0.0,2021,Milan,6
2020-10-04,Sun,Serie A,Home,W,1.0,0.0,Verona,,7.0,5.0,11.0,19.0,1.0,0.0,1.0,0.0,2021,Parma,6
2020-10-04,Sun,Serie A,Away,L,0.0,3.0,Milan,,3.0,2.0,19.0,14.0,2.0,0.0,1.0,0.0,2021,Spezia,6
2020-10-04,Sun,Serie A,Away,L,0.0,1.0,Parma,,8.0,5.0,19.0,11.0,1.0,0.0,1.0,0.0,2021,Verona,6
2020-10-17,Sat,Serie A,Away,L,1.0,4.0,Napoli,,11.0,3.0,23.0,12.0,3.0,0.0,1.0,0.0,2021,Atalanta,5
2020-10-17,Sat,Serie A,Home,D,1.0,1.0,Juventus,,9.0,3.0,17.0,14.0,3.0,0.0,3.0,1.0,2021,Crotone,5
2020-10-17,Sat,Serie A,Home,L,1.0,2.0,Milan,,12.0,6.0,18.0,11.0,3.0,0.0,4.0,0.0,2021,Inter,5
2020-10-17,Sat,Serie A,Away,D,1.0,1.0,Crotone,,8.0,3.0,14.0,17.0,3.0,1.0,3.0,0.0,2021,Juventus,5
2020-10-17,Sat,Serie A,Away,L,0.0,3.0,Sampdoria,,8.0,1.0,10.0,12.0,2.0,0.0,2.0,0.0,2021,Lazio,5
2020-10-17,Sat,Serie A,Away,W,2.0,1.0,Inter,,8.0,4.0,11.0,18.0,4.0,0.0,3.0,0.0,2021,Milan,5
2020-10-17,Sat,Serie A,Home,W,4.0,1.0,Atalanta,,18.0,14.0,12.0,23.0,1.0,0.0,3.0,0.0,2021,Napoli,5
2020-10-17,Sat,Serie A,Home,W,3.0,0.0,Lazio,,11.0,8.0,12.0,10.0,2.0,0.0,2.0,0.0,2021,Sampdoria,5
2020-10-18,Sun,Serie A,Away,L,2.0,5.0,Roma,,8.0,4.0,7.0,17.0,2.0,0.0,3.0,0.0,2021,Benevento,6
2020-10-18,Sun,Serie A,Home,L,3.0,4.0,Sassuolo,,11.0,7.0,20.0,12.0,2.0,0.0,2.0,0.0,2021,Bologna,6
2020-10-18,Sun,Serie A,Away,W,3.0,2.0,Torino,,9.0,7.0,16.0,14.0,3.0,0.0,2.0,1.0,2021,Cagliari,6
2020-10-18,Sun,Serie A,Away,D,2.0,2.0,Spezia,,7.0,6.0,18.0,15.0,2.0,0.0,2.0,0.0,2021,Fiorentina,6
2020-10-18,Sun,Serie A,Away,L,2.0,3.0,Udinese,,7.0,3.0,11.0,12.0,2.0,0.0,3.0,0.0,2021,Parma,6
2020-10-18,Sun,Serie A,Home,W,5.0,2.0,Benevento,,16.0,10.0,17.0,7.0,3.0,0.0,2.0,0.0,2021,Roma,6
2020-10-18,Sun,Serie A,Away,W,4.0,3.0,Bologna,,20.0,12.0,12.0,20.0,2.0,0.0,2.0,0.0,2021,Sassuolo,6
2020-10-18,Sun,Serie A,Home,D,2.0,2.0,Fiorentina,,6.0,2.0,15.0,18.0,2.0,0.0,2.0,0.0,2021,Spezia,6
2020-10-18,Sun,Serie A,Home,L,2.0,3.0,Cagliari,,10.0,6.0,14.0,16.0,2.0,1.0,3.0,0.0,2021,Torino,6
2020-10-18,Sun,Serie A,Home,W,3.0,2.0,Parma,,9.0,4.0,12.0,11.0,3.0,0.0,2.0,0.0,2021,Udinese,6
2020-10-19,Mon,Serie A,Away,D,0.0,0.0,Verona,,5.0,2.0,15.0,14.0,4.0,0.0,1.0,0.0,2021,Genoa,0
2020-10-19,Mon,Serie A,Home,D,0.0,0.0,Genoa,,18.0,12.0,14.0,15.0,1.0,0.0,4.0,0.0,2021,Verona,0
2020-10-23,Fri,Serie A,Home,D,3.0,3.0,Torino,,13.0,9.0,10.0,12.0,2.0,0.0,2.0,0.0,2021,Sassuolo,4
2020-10-23,Fri,Serie A,Away,D,3.0,3.0,Sassuolo,,14.0,12.0,12.0,10.0,2.0,0.0,2.0,0.0,2021,Torino,4
2020-10-24,Sat,Serie A,Home,L,1.0,3.0,Sampdoria,,10.0,5.0,11.0,18.0,3.0,0.0,4.0,0.0,2021,Atalanta,5
2020-10-24,Sat,Serie A,Away,L,1.0,2.0,Lazio,,16.0,6.0,15.0,14.0,3.0,0.0,3.0,0.0,2021,Bologna,5
2020-10-24,Sat,Serie A,Home,L,0.0,2.0,Inter,,1.0,0.0,11.0,17.0,1.0,0.0,1.0,0.0,2021,Genoa,5
2020-10-24,Sat,Serie A,Away,W,2.0,0.0,Genoa,,10.0,6.0,17.0,11.0,1.0,0.0,1.0,0.0,2021,Inter,5
2020-10-24,Sat,Serie A,Home,W,2.0,1.0,Bologna,,6.0,4.0,14.0,15.0,3.0,0.0,3.0,0.0,2021,Lazio,5
2020-10-24,Sat,Serie A,Away,W,3.0,1.0,Atalanta,,5.0,4.0,18.0,11.0,4.0,0.0,3.0,0.0,2021,Sampdoria,5
2020-10-25,Sun,Serie A,Home,L,1.0,2.0,Napoli,,6.0,3.0,18.0,13.0,3.0,0.0,1.0,0.0,2021,Benevento,6
2020-10-25,Sun,Serie A,Home,W,4.0,2.0,Crotone,,15.0,8.0,13.0,13.0,2.0,0.0,4.0,1.0,2021,Cagliari,6
2020-10-25,Sun,Serie A,Away,L,2.0,4.0,Cagliari,,11.0,6.0,13.0,13.0,4.0,1.0,2.0,0.0,2021,Crotone,6
2020-10-25,Sun,Serie A,Home,W,3.0,2.0,Udinese,,4.0,3.0,16.0,14.0,1.0,0.0,3.0,0.0,2021,Fiorentina,6
2020-10-25,Sun,Serie A,Home,D,1.0,1.0,Verona,,16.0,8.0,14.0,19.0,1.0,0.0,4.0,0.0,2021,Juventus,6
2020-10-25,Sun,Serie A,Away,W,2.0,1.0,Benevento,,14.0,8.0,13.0,18.0,1.0,0.0,3.0,0.0,2021,Napoli,6
2020-10-25,Sun,Serie A,Home,D,2.0,2.0,Spezia,,15.0,7.0,12.0,22.0,3.0,0.0,2.0,0.0,2021,Parma,6
2020-10-25,Sun,Serie A,Away,D,2.0,2.0,Parma,,13.0,9.0,22.0,12.0,2.0,0.0,3.0,0.0,2021,Spezia,6
2020-10-25,Sun,Serie A,Away,L,2.0,3.0,Fiorentina,,11.0,6.0,14.0,16.0,3.0,0.0,1.0,0.0,2021,Udinese,6
2020-10-25,Sun,Serie A,Away,D,1.0,1.0,Juventus,,5.0,2.0,19.0,14.0,4.0,0.0,1.0,0.0,2021,Verona,6
2020-10-26,Mon,Serie A,Home,D,3.0,3.0,Roma,,13.0,11.0,15.0,15.0,3.0,0.0,2.0,0.0,2021,Milan,0
2020-10-26,Mon,Serie A,Away,D,3.0,3.0,Milan,,11.0,9.0,15.0,15.0,2.0,0.0,3.0,0.0,2021,Roma,0
2020-10-31,Sat,Serie A,Away,W,2.0,1.0,Crotone,,16.0,7.0,22.0,11.0,3.0,0.0,1.0,0.0,2021,Atalanta,5
2020-10-31,Sat,Serie A,Home,W,3.0,2.0,Cagliari,,16.0,11.0,12.0,19.0,3.0,0.0,3.0,0.0,2021,Bologna,5
2020-10-31,Sat,Serie A,Away,L,2.0,3.0,Bologna,,6.0,4.0,19.0,12.0,3.0,0.0,3.0,0.0,2021,Cagliari,5
2020-10-31,Sat,Serie A,Home,L,1.0,2.0,Atalanta,,4.0,2.0,11.0,22.0,1.0,0.0,3.0,0.0,2021,Crotone,5
2020-10-31,Sat,Serie A,Home,D,2.0,2.0,Parma,,18.0,9.0,13.0,7.0,1.0,0.0,1.0,0.0,2021,Inter,5
2020-10-31,Sat,Serie A,Away,D,2.0,2.0,Inter,,4.0,3.0,7.0,13.0,1.0,0.0,1.0,0.0,2021,Parma,5
2020-11-01,Sun,Serie A,Away,L,0.0,2.0,Roma,,3.0,1.0,16.0,17.0,2.0,1.0,3.0,0.0,2021,Fiorentina,6
2020-11-01,Sun,Serie A,Away,D,1.0,1.0,Sampdoria,,7.0,4.0,11.0,19.0,1.0,0.0,5.0,0.0,2021,Genoa,6
2020-11-01,Sun,Serie A,Away,W,4.0,1.0,Spezia,,8.0,5.0,7.0,14.0,1.0,0.0,3.0,0.0,2021,Juventus,6
2020-11-01,Sun,Serie A,Away,W,4.0,3.0,Torino,,9.0,5.0,12.0,11.0,4.0,0.0,2.0,0.0,2021,Lazio,6
2020-11-01,Sun,Serie A,Away,W,2.0,1.0,Udinese,,8.0,4.0,12.0,14.0,2.0,0.0,2.0,0.0,2021,Milan,6
2020-11-01,Sun,Serie A,Home,L,0.0,2.0,Sassuolo,,18.0,7.0,7.0,9.0,2.0,0.0,2.0,0.0,2021,Napoli,6
2020-11-01,Sun,Serie A,Home,W,2.0,0.0,Fiorentina,,11.0,7.0,17.0,16.0,3.0,0.0,2.0,1.0,2021,Roma,6
2020-11-01,Sun,Serie A,Home,D,1.0,1.0,Genoa,,9.0,3.0,19.0,11.0,5.0,0.0,1.0,0.0,2021,Sampdoria,6
2020-11-01,Sun,Serie A,Away,W,2.0,0.0,Napoli,,8.0,5.0,9.0,7.0,2.0,0.0,2.0,0.0,2021,Sassuolo,6
2020-11-01,Sun,Serie A,Home,L,1.0,4.0,Juventus,,11.0,3.0,14.0,7.0,3.0,0.0,1.0,0.0,2021,Spezia,6
2020-11-01,Sun,Serie A,Home,L,3.0,4.0,Lazio,,8.0,6.0,11.0,12.0,2.0,0.0,4.0,0.0,2021,Torino,6
2020-11-01,Sun,Serie A,Home,L,1.0,2.0,Milan,,7.0,3.0,14.0,12.0,2.0,0.0,2.0,0.0,2021,Udinese,6
2020-11-02,Mon,Serie A,Away,L,1.0,3.0,Verona,,10.0,5.0,14.0,18.0,4.0,1.0,5.0,0.0,2021,Benevento,0
2020-11-02,Mon,Serie A,Home,W,3.0,1.0,Benevento,,10.0,7.0,18.0,14.0,5.0,0.0,4.0,1.0,2021,Verona,0
2020-11-04,Wed,Serie A,Home,L,1.0,2.0,Torino,,9.0,4.0,10.0,18.0,2.0,0.0,4.0,0.0,2021,Genoa,2
2020-11-04,Wed,Serie A,Away,W,2.0,1.0,Genoa,,6.0,1.0,18.0,10.0,4.0,0.0,2.0,0.0,2021,Torino,2
2020-11-06,Fri,Serie A,Home,D,0.0,0.0,Udinese,,3.0,1.0,17.0,13.0,2.0,0.0,2.0,0.0,2021,Sassuolo,4
2020-11-06,Fri,Serie A,Away,D,0.0,0.0,Sassuolo,,0.0,0.0,13.0,17.0,2.0,0.0,2.0,0.0,2021,Udinese,4
2020-11-07,Sat,Serie A,Home,L,0.0,3.0,Spezia,,4.0,3.0,13.0,18.0,3.0,0.0,3.0,0.0,2021,Benevento,5
2020-11-07,Sat,Serie A,Home,W,2.0,0.0,Sampdoria,,13.0,7.0,12.0,16.0,0.0,0.0,2.0,1.0,2021,Cagliari,5
2020-11-07,Sat,Serie A,Away,D,0.0,0.0,Parma,,6.0,4.0,17.0,17.0,2.0,0.0,1.0,0.0,2021,Fiorentina,5
2020-11-07,Sat,Serie A,Home,D,0.0,0.0,Fiorentina,,5.0,0.0,17.0,17.0,1.0,0.0,2.0,0.0,2021,Parma,5
2020-11-07,Sat,Serie A,Away,L,0.0,2.0,Cagliari,,5.0,1.0,16.0,12.0,2.0,1.0,0.0,0.0,2021,Sampdoria,5
2020-11-07,Sat,Serie A,Away,W,3.0,0.0,Benevento,,13.0,7.0,18.0,13.0,3.0,0.0,3.0,0.0,2021,Spezia,5
2020-11-08,Sun,Serie A,Home,D,1.0,1.0,Inter,,9.0,4.0,15.0,13.0,1.0,0.0,3.0,0.0,2021,Atalanta,6
2020-11-08,Sun,Serie A,Home,L,0.0,1.0,Napoli,,6.0,4.0,12.0,11.0,3.0,0.0,0.0,0.0,2021,Bologna,6
2020-11-08,Sun,Serie A,Away,D,0.0,0.0,Torino,,7.0,2.0,16.0,15.0,4.0,1.0,3.0,0.0,2021,Crotone,6
2020-11-08,Sun,Serie A,Home,L,1.0,3.0,Roma,,7.0,5.0,10.0,11.0,1.0,0.0,0.0,0.0,2021,Genoa,6
2020-11-08,Sun,Serie A,Away,D,1.0,1.0,Atalanta,,10.0,3.0,13.0,15.0,3.0,0.0,1.0,0.0,2021,Inter,6
2020-11-08,Sun,Serie A,Away,D,1.0,1.0,Lazio,,9.0,6.0,12.0,12.0,2.0,0.0,2.0,0.0,2021,Juventus,6
2020-11-08,Sun,Serie A,Home,D,1.0,1.0,Juventus,,7.0,3.0,12.0,12.0,2.0,0.0,2.0,0.0,2021,Lazio,6
2020-11-08,Sun,Serie A,Home,D,2.0,2.0,Verona,,21.0,9.0,16.0,20.0,1.0,0.0,3.0,0.0,2021,Milan,6
2020-11-08,Sun,Serie A,Away,W,1.0,0.0,Bologna,,8.0,4.0,11.0,12.0,0.0,0.0,3.0,0.0,2021,Napoli,6
2020-11-08,Sun,Serie A,Away,W,3.0,1.0,Genoa,,18.0,11.0,11.0,10.0,0.0,0.0,1.0,0.0,2021,Roma,6
2020-11-08,Sun,Serie A,Home,D,0.0,0.0,Crotone,,5.0,1.0,15.0,16.0,3.0,0.0,4.0,1.0,2021,Torino,6
2020-11-08,Sun,Serie A,Away,D,2.0,2.0,Milan,,5.0,3.0,20.0,16.0,3.0,0.0,1.0,0.0,2021,Verona,6
2020-11-21,Sat,Serie A,Away,D,0.0,0.0,Spezia,,9.0,5.0,18.0,19.0,3.0,0.0,3.0,0.0,2021,Atalanta,5
2020-11-21,Sat,Serie A,Away,L,0.0,2.0,Juventus,,2.0,0.0,7.0,11.0,2.0,0.0,3.0,0.0,2021,Cagliari,5
2020-11-21,Sat,Serie A,Home,L,0.0,2.0,Lazio,,12.0,6.0,11.0,11.0,3.0,0.0,4.0,0.0,2021,Crotone,5
2020-11-21,Sat,Serie A,Home,W,2.0,0.0,Cagliari,,13.0,8.0,11.0,7.0,3.0,0.0,2.0,0.0,2021,Juventus,5
2020-11-21,Sat,Serie A,Away,W,2.0,0.0,Crotone,,13.0,9.0,11.0,11.0,4.0,0.0,3.0,0.0,2021,Lazio,5
2020-11-21,Sat,Serie A,Home,D,0.0,0.0,Atalanta,,6.0,3.0,19.0,18.0,3.0,0.0,3.0,0.0,2021,Spezia,5
2020-11-22,Sun,Serie A,Away,W,1.0,0.0,Fiorentina,,10.0,4.0,16.0,14.0,3.0,0.0,2.0,0.0,2021,Benevento,6
2020-11-22,Sun,Serie A,Away,W,2.0,1.0,Sampdoria,,7.0,5.0,9.0,10.0,2.0,0.0,2.0,0.0,2021,Bologna,6
2020-11-22,Sun,Serie A,Home,L,0.0,1.0,Benevento,,5.0,3.0,14.0,16.0,2.0,0.0,3.0,0.0,2021,Fiorentina,6
2020-11-22,Sun,Serie A,Away,L,0.0,1.0,Udinese,,5.0,1.0,15.0,17.0,3.0,1.0,2.0,0.0,2021,Genoa,6
2020-11-22,Sun,Serie A,Home,W,4.0,2.0,Torino,,9.0,7.0,20.0,14.0,3.0,0.0,2.0,0.0,2021,Inter,6
2020-11-22,Sun,Serie A,Away,W,3.0,1.0,Napoli,,11.0,7.0,16.0,8.0,4.0,0.0,3.0,1.0,2021,Milan,6
2020-11-22,Sun,Serie A,Home,L,1.0,3.0,Milan,,16.0,9.0,8.0,16.0,3.0,1.0,4.0,0.0,2021,Napoli,6
2020-11-22,Sun,Serie A,Away,L,0.0,3.0,Roma,,1.0,1.0,4.0,5.0,0.0,0.0,0.0,0.0,2021,Parma,6
2020-11-22,Sun,Serie A,Home,W,3.0,0.0,Parma,,12.0,7.0,5.0,4.0,0.0,0.0,0.0,0.0,2021,Roma,6
2020-11-22,Sun,Serie A,Home,L,1.0,2.0,Bologna,,8.0,4.0,10.0,9.0,2.0,0.0,2.0,0.0,2021,Sampdoria,6
2020-11-22,Sun,Serie A,Away,W,2.0,0.0,Verona,,10.0,5.0,20.0,13.0,3.0,0.0,1.0,0.0,2021,Sassuolo,6
2020-11-22,Sun,Serie A,Away,L,2.0,4.0,Inter,,11.0,6.0,14.0,20.0,2.0,0.0,3.0,0.0,2021,Torino,6
2020-11-22,Sun,Serie A,Home,W,1.0,0.0,Genoa,,7.0,4.0,17.0,15.0,2.0,0.0,3.0,1.0,2021,Udinese,6
2020-11-22,Sun,Serie A,Home,L,0.0,2.0,Sassuolo,,13.0,7.0,13.0,20.0,1.0,0.0,3.0,0.0,2021,Verona,6
2020-11-28,Sat,Serie A,Home,L,0.0,2.0,Verona,,15.0,6.0,12.0,15.0,2.0,0.0,3.0,0.0,2021,Atalanta,5
2020-11-28,Sat,Serie A,Home,D,1.0,1.0,Juventus,,8.0,5.0,13.0,13.0,6.0,0.0,1.0,1.0,2021,Benevento,5
2020-11-28,Sat,Serie A,Away,W,3.0,0.0,Sassuolo,,9.0,4.0,16.0,13.0,1.0,0.0,3.0,0.0,2021,Inter,5
2020-11-28,Sat,Serie A,Away,D,1.0,1.0,Benevento,,11.0,5.0,13.0,13.0,1.0,1.0,6.0,0.0,2021,Juventus,5
2020-11-28,Sat,Serie A,Home,L,0.0,3.0,Inter,,7.0,3.0,13.0,16.0,3.0,0.0,1.0,0.0,2021,Sassuolo,5
2020-11-28,Sat,Serie A,Away,W,2.0,0.0,Atalanta,,7.0,3.0,15.0,12.0,3.0,0.0,2.0,0.0,2021,Verona,5
2020-11-29,Sun,Serie A,Home,W,1.0,0.0,Crotone,,11.0,7.0,15.0,18.0,2.0,0.0,4.0,0.0,2021,Bologna,6
2020-11-29,Sun,Serie A,Home,D,2.0,2.0,Spezia,,9.0,4.0,16.0,18.0,0.0,0.0,4.0,0.0,2021,Cagliari,6
2020-11-29,Sun,Serie A,Away,L,0.0,1.0,Bologna,,5.0,1.0,18.0,15.0,4.0,0.0,2.0,0.0,2021,Crotone,6
2020-11-29,Sun,Serie A,Away,L,0.0,2.0,Milan,,5.0,3.0,15.0,15.0,4.0,0.0,2.0,0.0,2021,Fiorentina,6
2020-11-29,Sun,Serie A,Home,L,1.0,3.0,Udinese,,8.0,6.0,16.0,10.0,3.0,0.0,4.0,0.0,2021,Lazio,6
2020-11-29,Sun,Serie A,Home,W,2.0,0.0,Fiorentina,,11.0,5.0,15.0,15.0,2.0,0.0,4.0,0.0,2021,Milan,6
2020-11-29,Sun,Serie A,Home,W,4.0,0.0,Roma,,13.0,9.0,3.0,10.0,1.0,0.0,2.0,0.0,2021,Napoli,6
2020-11-29,Sun,Serie A,Away,L,0.0,4.0,Napoli,,4.0,1.0,10.0,3.0,2.0,0.0,1.0,0.0,2021,Roma,6
2020-11-29,Sun,Serie A,Away,D,2.0,2.0,Cagliari,,12.0,5.0,18.0,16.0,4.0,0.0,0.0,0.0,2021,Spezia,6
2020-11-29,Sun,Serie A,Away,W,3.0,1.0,Lazio,,6.0,4.0,10.0,16.0,4.0,0.0,3.0,0.0,2021,Udinese,6
2020-11-30,Mon,Serie A,Home,L,1.0,2.0,Parma,,12.0,5.0,12.0,16.0,2.0,0.0,2.0,0.0,2021,Genoa,0
2020-11-30,Mon,Serie A,Away,W,2.0,1.0,Genoa,,7.0,3.0,16.0,12.0,2.0,0.0,2.0,0.0,2021,Parma,0
2020-11-30,Mon,Serie A,Away,D,2.0,2.0,Torino,,7.0,2.0,17.0,17.0,2.0,0.0,1.0,0.0,2021,Sampdoria,0
2020-11-30,Mon,Serie A,Home,D,2.0,2.0,Sampdoria,,11.0,8.0,17.0,17.0,1.0,0.0,2.0,0.0,2021,Torino,0
2020-12-05,Sat,Serie A,Away,L,1.0,3.0,Inter,,9.0,7.0,13.0,12.0,2.0,0.0,1.0,0.0,2021,Bologna,5
2020-12-05,Sat,Serie A,Home,W,3.0,1.0,Bologna,,11.0,9.0,12.0,13.0,1.0,0.0,2.0,0.0,2021,Inter,5
2020-12-05,Sat,Serie A,Home,W,2.0,1.0,Torino,,9.0,5.0,17.0,10.0,3.0,1.0,3.0,0.0,2021,Juventus,5
2020-12-05,Sat,Serie A,Away,W,2.0,1.0,Spezia,,3.0,2.0,12.0,15.0,1.0,0.0,3.0,0.0,2021,Lazio,5
2020-12-05,Sat,Serie A,Home,L,1.0,2.0,Lazio,,11.0,6.0,15.0,12.0,3.0,0.0,1.0,0.0,2021,Spezia,5
2020-12-05,Sat,Serie A,Away,L,1.0,2.0,Juventus,,5.0,2.0,10.0,17.0,3.0,0.0,3.0,1.0,2021,Torino,5
2020-12-06,Sun,Serie A,Away,D,0.0,0.0,Parma,,6.0,4.0,12.0,13.0,4.0,0.0,4.0,0.0,2021,Benevento,6
2020-12-06,Sun,Serie A,Away,D,1.0,1.0,Verona,,9.0,5.0,14.0,11.0,0.0,0.0,2.0,0.0,2021,Cagliari,6
2020-12-06,Sun,Serie A,Home,L,0.0,4.0,Napoli,,4.0,1.0,14.0,9.0,3.0,1.0,3.0,0.0,2021,Crotone,6
2020-12-06,Sun,Serie A,Away,W,2.0,1.0,Sampdoria,,9.0,6.0,16.0,11.0,1.0,0.0,2.0,0.0,2021,Milan,6
2020-12-06,Sun,Serie A,Away,W,4.0,0.0,Crotone,,11.0,6.0,9.0,14.0,3.0,0.0,3.0,1.0,2021,Napoli,6
2020-12-06,Sun,Serie A,Home,D,0.0,0.0,Benevento,,6.0,0.0,13.0,12.0,4.0,0.0,4.0,0.0,2021,Parma,6
2020-12-06,Sun,Serie A,Home,D,0.0,0.0,Sassuolo,,14.0,5.0,10.0,12.0,5.0,1.0,3.0,0.0,2021,Roma,6
2020-12-06,Sun,Serie A,Home,L,1.0,2.0,Milan,,6.0,3.0,11.0,16.0,2.0,0.0,1.0,0.0,2021,Sampdoria,6
2020-12-06,Sun,Serie A,Away,D,0.0,0.0,Roma,,7.0,2.0,12.0,10.0,3.0,0.0,5.0,1.0,2021,Sassuolo,6
2020-12-06,Sun,Serie A,Home,D,1.0,1.0,Cagliari,,12.0,6.0,11.0,14.0,2.0,0.0,0.0,0.0,2021,Verona,6
2020-12-07,Mon,Serie A,Home,D,1.0,1.0,Genoa,,16.0,8.0,7.0,20.0,2.0,0.0,2.0,0.0,2021,Fiorentina,0
2020-12-07,Mon,Serie A,Away,D,1.0,1.0,Fiorentina,,3.0,3.0,20.0,7.0,2.0,0.0,2.0,0.0,2021,Genoa,0
2020-12-11,Fri,Serie A,Away,L,0.0,1.0,Sassuolo,,17.0,7.0,14.0,12.0,4.0,0.0,2.0,1.0,2021,Benevento,4
2020-12-11,Fri,Serie A,Home,W,1.0,0.0,Benevento,,4.0,2.0,12.0,14.0,2.0,1.0,4.0,0.0,2021,Sassuolo,4
2020-12-12,Sat,Serie A,Home,W,4.0,1.0,Spezia,,7.0,7.0,16.0,14.0,3.0,0.0,3.0,0.0,2021,Crotone,5
2020-12-12,Sat,Serie A,Home,L,1.0,2.0,Verona,,8.0,5.0,13.0,15.0,5.0,0.0,3.0,0.0,2021,Lazio,5
2020-12-12,Sat,Serie A,Away,L,1.0,4.0,Crotone,,9.0,5.0,14.0,16.0,3.0,0.0,3.0,0.0,2021,Spezia,5
2020-12-12,Sat,Serie A,Home,L,2.0,3.0,Udinese,,6.0,5.0,9.0,17.0,3.0,0.0,3.0,0.0,2021,Torino,5
2020-12-12,Sat,Serie A,Away,W,3.0,2.0,Torino,,5.0,3.0,17.0,9.0,3.0,0.0,3.0,0.0,2021,Udinese,5
2020-12-12,Sat,Serie A,Away,W,2.0,1.0,Lazio,,3.0,3.0,15.0,13.0,3.0,0.0,5.0,0.0,2021,Verona,5
2020-12-13,Sun,Serie A,Home,W,3.0,0.0,Fiorentina,,14.0,10.0,17.0,13.0,1.0,0.0,2.0,0.0,2021,Atalanta,6
2020-12-13,Sun,Serie A,Home,L,1.0,5.0,Roma,,4.0,1.0,16.0,9.0,4.0,0.0,2.0,0.0,2021,Bologna,6
2020-12-13,Sun,Serie A,Home,L,1.0,3.0,Inter,,7.0,2.0,10.0,17.0,2.0,0.0,1.0,0.0,2021,Cagliari,6
2020-12-13,Sun,Serie A,Away,L,0.0,3.0,Atalanta,,3.0,2.0,13.0,17.0,2.0,0.0,1.0,0.0,2021,Fiorentina,6
2020-12-13,Sun,Serie A,Home,L,1.0,3.0,Juventus,,2.0,2.0,13.0,14.0,3.0,0.0,3.0,0.0,2021,Genoa,6
2020-12-13,Sun,Serie A,Away,W,3.0,1.0,Cagliari,,20.0,11.0,17.0,10.0,1.0,0.0,2.0,0.0,2021,Inter,6
2020-12-13,Sun,Serie A,Away,W,3.0,1.0,Genoa,,15.0,9.0,14.0,13.0,3.0,0.0,3.0,0.0,2021,Juventus,6
2020-12-13,Sun,Serie A,Home,D,2.0,2.0,Parma,,16.0,10.0,12.0,14.0,3.0,0.0,3.0,0.0,2021,Milan,6
2020-12-13,Sun,Serie A,Home,W,2.0,1.0,Sampdoria,,13.0,8.0,7.0,13.0,3.0,0.0,4.0,0.0,2021,Napoli,6
2020-12-13,Sun,Serie A,Away,D,2.0,2.0,Milan,,5.0,3.0,14.0,12.0,3.0,0.0,3.0,0.0,2021,Parma,6
2020-12-13,Sun,Serie A,Away,W,5.0,1.0,Bologna,,13.0,8.0,9.0,16.0,2.0,0.0,4.0,0.0,2021,Roma,6
2020-12-13,Sun,Serie A,Away,L,1.0,2.0,Napoli,,4.0,3.0,13.0,7.0,4.0,0.0,3.0,0.0,2021,Sampdoria,6
2020-12-15,Tue,Serie A,Home,D,1.0,1.0,Lazio,,7.0,6.0,15.0,15.0,2.0,1.0,2.0,0.0,2021,Benevento,1
2020-12-15,Tue,Serie A,Away,D,0.0,0.0,Udinese,,4.0,2.0,17.0,13.0,4.0,0.0,1.0,0.0,2021,Crotone,1
2020-12-15,Tue,Serie A,Away,D,1.0,1.0,Benevento,,8.0,3.0,15.0,15.0,2.0,0.0,2.0,1.0,2021,Lazio,1
2020-12-15,Tue,Serie A,Home,D,0.0,0.0,Crotone,,8.0,6.0,13.0,17.0,1.0,0.0,4.0,0.0,2021,Udinese,1
2020-12-16,Wed,Serie A,Away,D,1.0,1.0,Juventus,,11.0,6.0,18.0,13.0,2.0,0.0,3.0,0.0,2021,Atalanta,2
2020-12-16,Wed,Serie A,Away,D,2.0,2.0,Spezia,,9.0,6.0,11.0,19.0,1.0,0.0,6.0,0.0,2021,Bologna,2
2020-12-16,Wed,Serie A,Away,D,0.0,0.0,Parma,,5.0,4.0,11.0,13.0,1.0,0.0,1.0,0.0,2021,Cagliari,2
2020-12-16,Wed,Serie A,Home,D,1.0,1.0,Sassuolo,,12.0,7.0,19.0,11.0,4.0,0.0,4.0,0.0,2021,Fiorentina,2
2020-12-16,Wed,Serie A,Home,D,2.0,2.0,Milan,,6.0,4.0,17.0,13.0,2.0,0.0,3.0,0.0,2021,Genoa,2
2020-12-16,Wed,Serie A,Home,W,1.0,0.0,Napoli,,3.0,2.0,16.0,9.0,5.0,0.0,3.0,1.0,2021,Inter,2
2020-12-16,Wed,Serie A,Home,D,1.0,1.0,Atalanta,,11.0,7.0,13.0,18.0,3.0,0.0,2.0,0.0,2021,Juventus,2
2020-12-16,Wed,Serie A,Away,D,2.0,2.0,Genoa,,8.0,4.0,13.0,17.0,3.0,0.0,2.0,0.0,2021,Milan,2
2020-12-16,Wed,Serie A,Away,L,0.0,1.0,Inter,,9.0,5.0,9.0,16.0,3.0,1.0,5.0,0.0,2021,Napoli,2
2020-12-16,Wed,Serie A,Home,D,0.0,0.0,Cagliari,,10.0,3.0,13.0,11.0,1.0,0.0,1.0,0.0,2021,Parma,2
2020-12-16,Wed,Serie A,Away,W,2.0,1.0,Verona,,6.0,3.0,17.0,20.0,4.0,0.0,2.0,1.0,2021,Sampdoria,2
2020-12-16,Wed,Serie A,Away,D,1.0,1.0,Fiorentina,,12.0,7.0,11.0,19.0,4.0,0.0,4.0,0.0,2021,Sassuolo,2
2020-12-16,Wed,Serie A,Home,D,2.0,2.0,Bologna,,7.0,5.0,19.0,11.0,6.0,0.0,1.0,0.0,2021,Spezia,2
2020-12-16,Wed,Serie A,Home,L,1.0,2.0,Sampdoria,,6.0,6.0,20.0,17.0,2.0,1.0,4.0,0.0,2021,Verona,2
2020-12-17,Thu,Serie A,Home,W,3.0,1.0,Torino,,10.0,8.0,21.0,16.0,4.0,0.0,3.0,1.0,2021,Roma,3
2020-12-17,Thu,Serie A,Away,L,1.0,3.0,Roma,,12.0,8.0,16.0,21.0,3.0,1.0,4.0,0.0,2021,Torino,3
2020-12-19,Sat,Serie A,Away,L,1.0,3.0,Sampdoria,,5.0,3.0,15.0,14.0,2.0,0.0,2.0,0.0,2021,Crotone,5
2020-12-19,Sat,Serie A,Home,D,1.0,1.0,Verona,,5.0,1.0,10.0,16.0,2.0,0.0,2.0,0.0,2021,Fiorentina,5
2020-12-19,Sat,Serie A,Away,W,4.0,0.0,Parma,,12.0,7.0,10.0,8.0,1.0,0.0,0.0,0.0,2021,Juventus,5
2020-12-19,Sat,Serie A,Home,L,0.0,4.0,Juventus,,9.0,5.0,8.0,10.0,0.0,0.0,1.0,0.0,2021,Parma,5
2020-12-19,Sat,Serie A,Home,W,3.0,1.0,Crotone,,6.0,4.0,14.0,15.0,2.0,0.0,2.0,0.0,2021,Sampdoria,5
2020-12-19,Sat,Serie A,Away,D,1.0,1.0,Fiorentina,,5.0,3.0,16.0,10.0,2.0,0.0,2.0,0.0,2021,Verona,5
2020-12-20,Sun,Serie A,Home,W,4.0,1.0,Roma,,9.0,8.0,15.0,14.0,2.0,0.0,3.0,0.0,2021,Atalanta,6
2020-12-20,Sun,Serie A,Home,W,2.0,0.0,Genoa,,10.0,3.0,9.0,22.0,1.0,0.0,3.0,0.0,2021,Benevento,6
2020-12-20,Sun,Serie A,Away,D,1.0,1.0,Torino,,14.0,9.0,17.0,16.0,3.0,0.0,1.0,0.0,2021,Bologna,6
2020-12-20,Sun,Serie A,Home,D,1.0,1.0,Udinese,,7.0,3.0,13.0,13.0,2.0,0.0,1.0,0.0,2021,Cagliari,6
2020-12-20,Sun,Serie A,Away,L,0.0,2.0,Benevento,,6.0,2.0,22.0,9.0,3.0,0.0,1.0,0.0,2021,Genoa,6
2020-12-20,Sun,Serie A,Home,W,2.0,1.0,Spezia,,10.0,4.0,10.0,9.0,1.0,0.0,2.0,0.0,2021,Inter,6
2020-12-20,Sun,Serie A,Home,W,2.0,0.0,Napoli,,9.0,2.0,12.0,8.0,4.0,0.0,3.0,0.0,2021,Lazio,6
2020-12-20,Sun,Serie A,Away,W,2.0,1.0,Sassuolo,,11.0,5.0,12.0,11.0,3.0,0.0,1.0,0.0,2021,Milan,6
2020-12-20,Sun,Serie A,Away,L,0.0,2.0,Lazio,,7.0,6.0,8.0,12.0,3.0,0.0,4.0,0.0,2021,Napoli,6
2020-12-20,Sun,Serie A,Away,L,1.0,4.0,Atalanta,,5.0,4.0,14.0,15.0,3.0,0.0,2.0,0.0,2021,Roma,6
2020-12-20,Sun,Serie A,Home,L,1.0,2.0,Milan,,16.0,5.0,11.0,12.0,1.0,0.0,3.0,0.0,2021,Sassuolo,6
2020-12-20,Sun,Serie A,Away,L,1.0,2.0,Inter,,7.0,1.0,9.0,10.0,2.0,0.0,1.0,0.0,2021,Spezia,6
2020-12-20,Sun,Serie A,Home,D,1.0,1.0,Bologna,,13.0,5.0,16.0,17.0,1.0,0.0,3.0,0.0,2021,Torino,6
2020-12-20,Sun,Serie A,Away,D,1.0,1.0,Cagliari,,11.0,5.0,13.0,13.0,1.0,0.0,2.0,0.0,2021,Udinese,6
2020-12-22,Tue,Serie A,Home,W,2.0,1.0,Parma,,10.0,6.0,16.0,22.0,4.0,0.0,6.0,0.0,2021,Crotone,1
2020-12-22,Tue,Serie A,Away,W,3.0,0.0,Juventus,,9.0,6.0,18.0,9.0,4.0,0.0,1.0,1.0,2021,Fiorentina,1
2020-12-22,Tue,Serie A,Home,L,0.0,3.0,Fiorentina,,10.0,3.0,9.0,18.0,1.0,1.0,4.0,0.0,2021,Juventus,1
2020-12-22,Tue,Serie A,Away,L,1.0,2.0,Crotone,,14.0,7.0,22.0,16.0,6.0,0.0,4.0,0.0,2021,Parma,1
2020-12-23,Wed,Serie A,Away,D,2.0,2.0,Bologna,,9.0,6.0,14.0,11.0,2.0,0.0,2.0,0.0,2021,Atalanta,2
2020-12-23,Wed,Serie A,Away,W,2.0,0.0,Udinese,,3.0,2.0,9.0,17.0,2.0,0.0,1.0,0.0,2021,Benevento,2
2020-12-23,Wed,Serie A,Home,D,2.0,2.0,Atalanta,,8.0,5.0,11.0,14.0,2.0,0.0,2.0,0.0,2021,Bologna,2
2020-12-23,Wed,Serie A,Away,L,2.0,3.0,Roma,,6.0,3.0,17.0,18.0,2.0,0.0,3.0,0.0,2021,Cagliari,2
2020-12-23,Wed,Serie A,Away,W,2.0,1.0,Spezia,,7.0,6.0,19.0,18.0,4.0,0.0,3.0,0.0,2021,Genoa,2
2020-12-23,Wed,Serie A,Away,W,2.0,1.0,Verona,,9.0,5.0,19.0,15.0,2.0,0.0,4.0,0.0,2021,Inter,2
2020-12-23,Wed,Serie A,Away,L,2.0,3.0,Milan,,13.0,9.0,14.0,9.0,4.0,0.0,2.0,0.0,2021,Lazio,2
2020-12-23,Wed,Serie A,Home,W,3.0,2.0,Lazio,,9.0,5.0,9.0,14.0,2.0,0.0,4.0,0.0,2021,Milan,2
2020-12-23,Wed,Serie A,Home,D,1.0,1.0,Torino,,12.0,6.0,19.0,16.0,3.0,0.0,3.0,0.0,2021,Napoli,2
2020-12-23,Wed,Serie A,Home,W,3.0,2.0,Cagliari,,13.0,9.0,18.0,17.0,3.0,0.0,2.0,0.0,2021,Roma,2
2020-12-23,Wed,Serie A,Home,L,2.0,3.0,Sassuolo,,14.0,6.0,10.0,12.0,2.0,1.0,4.0,0.0,2021,Sampdoria,2
2020-12-23,Wed,Serie A,Away,W,3.0,2.0,Sampdoria,,10.0,8.0,12.0,10.0,4.0,0.0,2.0,1.0,2021,Sassuolo,2
2020-12-23,Wed,Serie A,Home,L,1.0,2.0,Genoa,,7.0,5.0,18.0,19.0,3.0,0.0,4.0,0.0,2021,Spezia,2
2020-12-23,Wed,Serie A,Away,D,1.0,1.0,Napoli,,4.0,3.0,16.0,19.0,3.0,0.0,3.0,0.0,2021,Torino,2
2020-12-23,Wed,Serie A,Home,L,0.0,2.0,Benevento,,7.0,2.0,17.0,9.0,1.0,0.0,2.0,0.0,2021,Udinese,2
2020-12-23,Wed,Serie A,Home,L,1.0,2.0,Inter,,5.0,2.0,15.0,19.0,4.0,0.0,2.0,0.0,2021,Verona,2
2021-01-03,Sun,Serie A,Home,W,5.0,1.0,Sassuolo,,20.0,8.0,13.0,9.0,3.0,0.0,1.0,0.0,2021,Atalanta,6
2021-01-03,Sun,Serie A,Home,L,0.0,2.0,Milan,,14.0,7.0,9.0,14.0,1.0,0.0,3.0,1.0,2021,Benevento,6
2021-01-03,Sun,Serie A,Away,D,0.0,0.0,Fiorentina,,5.0,4.0,11.0,8.0,3.0,0.0,4.0,0.0,2021,Bologna,6
2021-01-03,Sun,Serie A,Home,L,1.0,4.0,Napoli,,6.0,1.0,11.0,6.0,4.0,1.0,1.0,0.0,2021,Cagliari,6
2021-01-03,Sun,Serie A,Away,L,2.0,6.0,Inter,,7.0,4.0,7.0,9.0,3.0,0.0,0.0,0.0,2021,Crotone,6
2021-01-03,Sun,Serie A,Home,D,0.0,0.0,Bologna,,10.0,1.0,8.0,11.0,4.0,0.0,3.0,0.0,2021,Fiorentina,6
2021-01-03,Sun,Serie A,Home,D,1.0,1.0,Lazio,,5.0,3.0,10.0,19.0,2.0,0.0,4.0,0.0,2021,Genoa,6
2021-01-03,Sun,Serie A,Home,W,6.0,2.0,Crotone,,13.0,8.0,9.0,7.0,0.0,0.0,3.0,0.0,2021,Inter,6
2021-01-03,Sun,Serie A,Home,W,4.0,1.0,Udinese,,13.0,10.0,14.0,8.0,3.0,0.0,0.0,0.0,2021,Juventus,6
2021-01-03,Sun,Serie A,Away,D,1.0,1.0,Genoa,,10.0,4.0,19.0,10.0,4.0,0.0,2.0,0.0,2021,Lazio,6
2021-01-03,Sun,Serie A,Away,W,2.0,0.0,Benevento,,8.0,5.0,14.0,9.0,3.0,1.0,1.0,0.0,2021,Milan,6
2021-01-03,Sun,Serie A,Away,W,4.0,1.0,Cagliari,,22.0,12.0,6.0,11.0,1.0,0.0,4.0,1.0,2021,Napoli,6
2021-01-03,Sun,Serie A,Home,L,0.0,3.0,Torino,,15.0,6.0,20.0,16.0,2.0,0.0,2.0,0.0,2021,Parma,6
2021-01-03,Sun,Serie A,Home,W,1.0,0.0,Sampdoria,,12.0,8.0,17.0,14.0,3.0,0.0,5.0,0.0,2021,Roma,6
2021-01-03,Sun,Serie A,Away,L,0.0,1.0,Roma,,2.0,2.0,14.0,17.0,5.0,0.0,3.0,0.0,2021,Sampdoria,6
2021-01-03,Sun,Serie A,Away,L,1.0,5.0,Atalanta,,7.0,4.0,9.0,13.0,1.0,0.0,3.0,0.0,2021,Sassuolo,6
2021-01-03,Sun,Serie A,Home,L,0.0,1.0,Verona,,6.0,1.0,22.0,10.0,6.0,1.0,0.0,0.0,2021,Spezia,6
2021-01-03,Sun,Serie A,Away,W,3.0,0.0,Parma,,14.0,8.0,16.0,20.0,2.0,0.0,2.0,0.0,2021,Torino,6
2021-01-03,Sun,Serie A,Away,L,1.0,4.0,Juventus,,8.0,7.0,8.0,14.0,0.0,0.0,3.0,0.0,2021,Udinese,6
2021-01-03,Sun,Serie A,Away,W,1.0,0.0,Spezia,,9.0,4.0,10.0,22.0,0.0,0.0,6.0,1.0,2021,Verona,6
2021-01-06,Wed,Serie A,Home,W,3.0,0.0,Parma,,17.0,6.0,10.0,6.0,1.0,0.0,1.0,0.0,2021,Atalanta,2
2021-01-06,Wed,Serie A,Away,W,2.0,1.0,Cagliari,,9.0,3.0,12.0,18.0,3.0,0.0,4.0,1.0,2021,Benevento,2
2021-01-06,Wed,Serie A,Home,D,2.0,2.0,Udinese,,10.0,7.0,16.0,13.0,4.0,1.0,3.0,0.0,2021,Bologna,2
2021-01-06,Wed,Serie A,Home,L,1.0,2.0,Benevento,,10.0,5.0,18.0,12.0,4.0,1.0,3.0,0.0,2021,Cagliari,2
2021-01-06,Wed,Serie A,Home,L,1.0,3.0,Roma,,12.0,5.0,15.0,16.0,2.0,0.0,3.0,0.0,2021,Crotone,2
2021-01-06,Wed,Serie A,Away,L,1.0,2.0,Lazio,,9.0,8.0,11.0,11.0,1.0,0.0,3.0,0.0,2021,Fiorentina,2
2021-01-06,Wed,Serie A,Away,L,1.0,2.0,Sassuolo,,7.0,3.0,10.0,14.0,3.0,0.0,3.0,0.0,2021,Genoa,2
2021-01-06,Wed,Serie A,Away,L,1.0,2.0,Sampdoria,,23.0,11.0,18.0,13.0,4.0,0.0,3.0,0.0,2021,Inter,2
2021-01-06,Wed,Serie A,Away,W,3.0,1.0,Milan,,13.0,10.0,12.0,17.0,2.0,0.0,1.0,0.0,2021,Juventus,2
2021-01-06,Wed,Serie A,Home,W,2.0,1.0,Fiorentina,,11.0,6.0,11.0,11.0,3.0,0.0,1.0,0.0,2021,Lazio,2
2021-01-06,Wed,Serie A,Home,L,1.0,3.0,Juventus,,18.0,7.0,17.0,12.0,1.0,0.0,2.0,0.0,2021,Milan,2
2021-01-06,Wed,Serie A,Home,L,1.0,2.0,Spezia,,27.0,11.0,9.0,16.0,2.0,0.0,5.0,1.0,2021,Napoli,2
2021-01-06,Wed,Serie A,Away,L,0.0,3.0,Atalanta,,3.0,1.0,6.0,10.0,1.0,0.0,1.0,0.0,2021,Parma,2
2021-01-06,Wed,Serie A,Away,W,3.0,1.0,Crotone,,10.0,5.0,16.0,15.0,3.0,0.0,2.0,0.0,2021,Roma,2
2021-01-06,Wed,Serie A,Home,W,2.0,1.0,Inter,,8.0,6.0,13.0,18.0,3.0,0.0,4.0,0.0,2021,Sampdoria,2
2021-01-06,Wed,Serie A,Home,W,2.0,1.0,Genoa,,13.0,6.0,14.0,10.0,3.0,0.0,3.0,0.0,2021,Sassuolo,2
2021-01-06,Wed,Serie A,Away,W,2.0,1.0,Napoli,,8.0,4.0,16.0,9.0,5.0,1.0,2.0,0.0,2021,Spezia,2
2021-01-06,Wed,Serie A,Home,D,1.0,1.0,Verona,,15.0,5.0,12.0,18.0,1.0,0.0,3.0,0.0,2021,Torino,2
2021-01-06,Wed,Serie A,Away,D,2.0,2.0,Bologna,,12.0,9.0,13.0,16.0,3.0,0.0,4.0,1.0,2021,Udinese,2
2021-01-06,Wed,Serie A,Away,D,1.0,1.0,Torino,,8.0,2.0,18.0,12.0,3.0,0.0,1.0,0.0,2021,Verona,2
2021-01-09,Sat,Serie A,Away,W,4.0,1.0,Benevento,,26.0,15.0,21.0,13.0,2.0,0.0,3.0,0.0,2021,Atalanta,5
2021-01-09,Sat,Serie A,Home,L,1.0,4.0,Atalanta,,4.0,2.0,13.0,21.0,3.0,0.0,2.0,0.0,2021,Benevento,5
2021-01-09,Sat,Serie A,Away,L,0.0,2.0,Genoa,,12.0,4.0,9.0,11.0,0.0,0.0,2.0,0.0,2021,Bologna,5
2021-01-09,Sat,Serie A,Home,W,2.0,0.0,Bologna,,9.0,7.0,11.0,9.0,2.0,0.0,0.0,0.0,2021,Genoa,5
2021-01-09,Sat,Serie A,Home,W,2.0,0.0,Torino,,8.0,4.0,22.0,15.0,6.0,0.0,2.0,0.0,2021,Milan,5
2021-01-09,Sat,Serie A,Away,L,0.0,2.0,Milan,,8.0,4.0,15.0,22.0,2.0,0.0,6.0,0.0,2021,Torino,5
2021-01-10,Sun,Serie A,Away,L,0.0,1.0,Fiorentina,,9.0,3.0,14.0,15.0,3.0,0.0,1.0,0.0,2021,Cagliari,6
2021-01-10,Sun,Serie A,Away,L,1.0,2.0,Verona,,7.0,3.0,16.0,16.0,3.0,0.0,3.0,0.0,2021,Crotone,6
2021-01-10,Sun,Serie A,Home,W,1.0,0.0,Cagliari,,12.0,5.0,15.0,14.0,1.0,0.0,3.0,0.0,2021,Fiorentina,6
2021-01-10,Sun,Serie A,Away,D,2.0,2.0,Roma,,16.0,6.0,11.0,18.0,3.0,0.0,3.0,0.0,2021,Inter,6
2021-01-10,Sun,Serie A,Home,W,3.0,1.0,Sassuolo,,20.0,10.0,11.0,4.0,4.0,0.0,1.0,1.0,2021,Juventus,6
2021-01-10,Sun,Serie A,Away,W,2.0,0.0,Parma,,21.0,5.0,6.0,11.0,1.0,0.0,4.0,0.0,2021,Lazio,6
2021-01-10,Sun,Serie A,Away,W,2.0,1.0,Udinese,,15.0,6.0,6.0,19.0,1.0,0.0,3.0,0.0,2021,Napoli,6
2021-01-10,Sun,Serie A,Home,L,0.0,2.0,Lazio,,9.0,3.0,11.0,6.0,4.0,0.0,1.0,0.0,2021,Parma,6
2021-01-10,Sun,Serie A,Home,D,2.0,2.0,Inter,,14.0,8.0,18.0,11.0,3.0,0.0,3.0,0.0,2021,Roma,6
2021-01-10,Sun,Serie A,Away,L,1.0,3.0,Juventus,,10.0,2.0,4.0,11.0,1.0,1.0,4.0,0.0,2021,Sassuolo,6
2021-01-10,Sun,Serie A,Home,L,1.0,2.0,Napoli,,17.0,8.0,19.0,6.0,3.0,0.0,1.0,0.0,2021,Udinese,6
2021-01-10,Sun,Serie A,Home,W,2.0,1.0,Crotone,,11.0,7.0,16.0,16.0,3.0,0.0,3.0,0.0,2021,Verona,6
2021-01-11,Mon,Serie A,Away,L,1.0,2.0,Spezia,,6.0,4.0,15.0,17.0,3.0,0.0,4.0,0.0,2021,Sampdoria,0
2021-01-11,Mon,Serie A,Home,W,2.0,1.0,Sampdoria,,8.0,4.0,17.0,15.0,4.0,0.0,3.0,0.0,2021,Spezia,0
2021-01-15,Fri,Serie A,Home,W,3.0,0.0,Roma,,9.0,9.0,12.0,19.0,5.0,0.0,4.0,0.0,2021,Lazio,4
2021-01-15,Fri,Serie A,Away,L,0.0,3.0,Lazio,,5.0,2.0,19.0,12.0,4.0,0.0,5.0,0.0,2021,Roma,4
2021-01-16,Sat,Serie A,Home,W,1.0,0.0,Verona,,18.0,6.0,15.0,10.0,2.0,0.0,1.0,0.0,2021,Bologna,5
2021-01-16,Sat,Serie A,Home,W,2.0,1.0,Udinese,,15.0,8.0,8.0,11.0,1.0,0.0,1.0,0.0,2021,Sampdoria,5
2021-01-16,Sat,Serie A,Away,D,0.0,0.0,Torino,,6.0,3.0,14.0,12.0,3.0,1.0,3.0,0.0,2021,Spezia,5
2021-01-16,Sat,Serie A,Home,D,0.0,0.0,Spezia,,8.0,2.0,12.0,14.0,3.0,0.0,3.0,1.0,2021,Torino,5
2021-01-16,Sat,Serie A,Away,L,1.0,2.0,Sampdoria,,14.0,7.0,11.0,8.0,1.0,0.0,1.0,0.0,2021,Udinese,5
2021-01-16,Sat,Serie A,Away,L,0.0,1.0,Bologna,,8.0,1.0,10.0,15.0,1.0,0.0,2.0,0.0,2021,Verona,5
2021-01-17,Sun,Serie A,Home,D,0.0,0.0,Genoa,,15.0,4.0,15.0,13.0,1.0,0.0,2.0,0.0,2021,Atalanta,6
2021-01-17,Sun,Serie A,Away,L,1.0,4.0,Crotone,,14.0,6.0,14.0,14.0,3.0,1.0,1.0,0.0,2021,Benevento,6
2021-01-17,Sun,Serie A,Home,W,4.0,1.0,Benevento,,6.0,3.0,14.0,14.0,1.0,0.0,3.0,1.0,2021,Crotone,6
2021-01-17,Sun,Serie A,Away,L,0.0,6.0,Napoli,,10.0,3.0,15.0,11.0,0.0,0.0,1.0,0.0,2021,Fiorentina,6
2021-01-17,Sun,Serie A,Away,D,0.0,0.0,Atalanta,,6.0,3.0,13.0,15.0,2.0,0.0,1.0,0.0,2021,Genoa,6
2021-01-17,Sun,Serie A,Home,W,2.0,0.0,Juventus,,16.0,6.0,8.0,14.0,2.0,0.0,2.0,0.0,2021,Inter,6
2021-01-17,Sun,Serie A,Away,L,0.0,2.0,Inter,,8.0,4.0,14.0,8.0,2.0,0.0,2.0,0.0,2021,Juventus,6
2021-01-17,Sun,Serie A,Home,W,6.0,0.0,Fiorentina,,10.0,7.0,11.0,15.0,1.0,0.0,0.0,0.0,2021,Napoli,6
2021-01-17,Sun,Serie A,Away,D,1.0,1.0,Sassuolo,,11.0,2.0,11.0,18.0,2.0,0.0,3.0,0.0,2021,Parma,6
2021-01-17,Sun,Serie A,Home,D,1.0,1.0,Parma,,15.0,6.0,18.0,11.0,3.0,0.0,2.0,0.0,2021,Sassuolo,6
2021-01-18,Mon,Serie A,Home,L,0.0,2.0,Milan,,17.0,2.0,9.0,13.0,2.0,0.0,3.0,1.0,2021,Cagliari,0
2021-01-18,Mon,Serie A,Away,W,2.0,0.0,Cagliari,,9.0,8.0,13.0,9.0,3.0,1.0,2.0,0.0,2021,Milan,0
2021-01-20,Wed,Serie A,Away,D,1.0,1.0,Udinese,,18.0,8.0,26.0,20.0,2.0,0.0,3.0,0.0,2021,Atalanta,2
2021-01-20,Wed,Serie A,Home,D,1.0,1.0,Atalanta,,6.0,1.0,20.0,26.0,3.0,0.0,2.0,0.0,2021,Udinese,2
2021-01-22,Fri,Serie A,Home,D,2.0,2.0,Torino,,10.0,3.0,18.0,22.0,1.0,0.0,3.0,0.0,2021,Benevento,4
2021-01-22,Fri,Serie A,Away,D,2.0,2.0,Benevento,,14.0,6.0,22.0,18.0,3.0,0.0,1.0,0.0,2021,Torino,4
2021-01-23,Sat,Serie A,Away,W,3.0,0.0,Milan,,19.0,10.0,14.0,11.0,1.0,0.0,2.0,0.0,2021,Atalanta,5
2021-01-23,Sat,Serie A,Away,L,1.0,2.0,Fiorentina,,7.0,3.0,17.0,11.0,2.0,0.0,2.0,0.0,2021,Crotone,5
2021-01-23,Sat,Serie A,Home,W,2.0,1.0,Crotone,,12.0,6.0,11.0,17.0,2.0,0.0,2.0,0.0,2021,Fiorentina,5
2021-01-23,Sat,Serie A,Away,D,0.0,0.0,Udinese,,10.0,4.0,16.0,11.0,2.0,0.0,3.0,0.0,2021,Inter,5
2021-01-23,Sat,Serie A,Home,L,0.0,3.0,Atalanta,,10.0,3.0,11.0,14.0,2.0,0.0,1.0,0.0,2021,Milan,5
2021-01-23,Sat,Serie A,Home,W,4.0,3.0,Spezia,,13.0,8.0,12.0,13.0,3.0,0.0,1.0,0.0,2021,Roma,5
2021-01-23,Sat,Serie A,Away,L,3.0,4.0,Roma,,5.0,3.0,13.0,12.0,1.0,0.0,3.0,0.0,2021,Spezia,5
2021-01-23,Sat,Serie A,Home,D,0.0,0.0,Inter,,6.0,1.0,11.0,16.0,3.0,0.0,2.0,0.0,2021,Udinese,5
2021-01-24,Sun,Serie A,Away,L,0.0,2.0,Juventus,,12.0,3.0,17.0,11.0,2.0,0.0,3.0,0.0,2021,Bologna,6
2021-01-24,Sun,Serie A,Away,L,0.0,1.0,Genoa,,13.0,7.0,6.0,11.0,2.0,0.0,1.0,0.0,2021,Cagliari,6
2021-01-24,Sun,Serie A,Home,W,1.0,0.0,Cagliari,,8.0,6.0,11.0,6.0,1.0,0.0,2.0,0.0,2021,Genoa,6
2021-01-24,Sun,Serie A,Home,W,2.0,0.0,Bologna,,22.0,12.0,11.0,17.0,3.0,0.0,2.0,0.0,2021,Juventus,6
2021-01-24,Sun,Serie A,Home,W,2.0,1.0,Sassuolo,,18.0,8.0,16.0,15.0,2.0,0.0,3.0,0.0,2021,Lazio,6
2021-01-24,Sun,Serie A,Away,L,1.0,3.0,Verona,,12.0,4.0,8.0,13.0,3.0,0.0,2.0,0.0,2021,Napoli,6
2021-01-24,Sun,Serie A,Home,L,0.0,2.0,Sampdoria,,11.0,7.0,14.0,14.0,1.0,0.0,1.0,0.0,2021,Parma,6
2021-01-24,Sun,Serie A,Away,W,2.0,0.0,Parma,,11.0,4.0,14.0,14.0,1.0,0.0,1.0,0.0,2021,Sampdoria,6
2021-01-24,Sun,Serie A,Away,L,1.0,2.0,Lazio,,5.0,1.0,15.0,16.0,3.0,0.0,2.0,0.0,2021,Sassuolo,6
2021-01-24,Sun,Serie A,Home,W,3.0,1.0,Napoli,,15.0,7.0,13.0,8.0,2.0,0.0,3.0,0.0,2021,Verona,6
2021-01-29,Fri,Serie A,Away,D,1.0,1.0,Torino,,9.0,3.0,15.0,20.0,2.0,2.0,2.0,0.0,2021,Fiorentina,4
2021-01-29,Fri,Serie A,Home,D,1.0,1.0,Fiorentina,,15.0,6.0,20.0,15.0,2.0,0.0,2.0,2.0,2021,Torino,4
2021-01-30,Sat,Serie A,Away,L,0.0,4.0,Inter,,0.0,0.0,14.0,9.0,2.0,0.0,0.0,0.0,2021,Benevento,5
2021-01-30,Sat,Serie A,Home,L,1.0,2.0,Milan,,10.0,5.0,13.0,12.0,2.0,0.0,1.0,0.0,2021,Bologna,5
2021-01-30,Sat,Serie A,Home,W,4.0,0.0,Benevento,,13.0,8.0,9.0,14.0,0.0,0.0,2.0,0.0,2021,Inter,5
2021-01-30,Sat,Serie A,Away,W,2.0,0.0,Sampdoria,,10.0,4.0,10.0,11.0,2.0,0.0,4.0,0.0,2021,Juventus,5
2021-01-30,Sat,Serie A,Away,W,2.0,1.0,Bologna,,17.0,13.0,12.0,13.0,1.0,0.0,2.0,0.0,2021,Milan,5
2021-01-30,Sat,Serie A,Home,L,0.0,2.0,Juventus,,6.0,2.0,11.0,10.0,4.0,0.0,2.0,0.0,2021,Sampdoria,5
2021-01-31,Sun,Serie A,Home,L,1.0,3.0,Lazio,,8.0,4.0,12.0,20.0,0.0,0.0,2.0,0.0,2021,Atalanta,6
2021-01-31,Sun,Serie A,Home,D,1.0,1.0,Sassuolo,,9.0,6.0,10.0,11.0,2.0,0.0,3.0,0.0,2021,Cagliari,6
2021-01-31,Sun,Serie A,Home,L,0.0,3.0,Genoa,,9.0,4.0,15.0,22.0,3.0,0.0,1.0,0.0,2021,Crotone,6
2021-01-31,Sun,Serie A,Away,W,3.0,0.0,Crotone,,10.0,6.0,22.0,15.0,1.0,0.0,3.0,0.0,2021,Genoa,6
2021-01-31,Sun,Serie A,Away,W,3.0,1.0,Atalanta,,15.0,7.0,20.0,12.0,2.0,0.0,0.0,0.0,2021,Lazio,6
2021-01-31,Sun,Serie A,Home,W,2.0,0.0,Parma,,10.0,6.0,15.0,16.0,2.0,0.0,4.0,0.0,2021,Napoli,6
2021-01-31,Sun,Serie A,Away,L,0.0,2.0,Napoli,,4.0,1.0,16.0,15.0,4.0,0.0,2.0,0.0,2021,Parma,6
2021-01-31,Sun,Serie A,Home,W,3.0,1.0,Verona,,15.0,6.0,15.0,11.0,2.0,0.0,1.0,0.0,2021,Roma,6
2021-01-31,Sun,Serie A,Away,D,1.0,1.0,Cagliari,,14.0,5.0,11.0,10.0,3.0,0.0,2.0,0.0,2021,Sassuolo,6
2021-01-31,Sun,Serie A,Home,L,0.0,1.0,Udinese,,9.0,5.0,18.0,19.0,6.0,1.0,4.0,1.0,2021,Spezia,6
2021-01-31,Sun,Serie A,Away,W,1.0,0.0,Spezia,,6.0,4.0,19.0,18.0,4.0,1.0,6.0,1.0,2021,Udinese,6
2021-01-31,Sun,Serie A,Away,L,1.0,3.0,Roma,,6.0,2.0,11.0,15.0,1.0,0.0,2.0,0.0,2021,Verona,6
2021-02-05,Fri,Serie A,Home,L,0.0,2.0,Inter,,15.0,3.0,9.0,10.0,3.0,0.0,1.0,0.0,2021,Fiorentina,4
2021-02-05,Fri,Serie A,Away,W,2.0,0.0,Fiorentina,,14.0,7.0,10.0,9.0,1.0,0.0,3.0,0.0,2021,Inter,4
2021-02-06,Sat,Serie A,Home,D,3.0,3.0,Torino,,9.0,4.0,24.0,17.0,3.0,0.0,2.0,0.0,2021,Atalanta,5
2021-02-06,Sat,Serie A,Home,W,2.0,1.0,Napoli,,4.0,2.0,13.0,11.0,2.0,0.0,3.0,0.0,2021,Genoa,5
2021-02-06,Sat,Serie A,Home,W,2.0,0.0,Roma,,3.0,3.0,9.0,13.0,2.0,0.0,2.0,0.0,2021,Juventus,5
2021-02-06,Sat,Serie A,Away,L,1.0,2.0,Genoa,,24.0,11.0,11.0,13.0,3.0,0.0,2.0,0.0,2021,Napoli,5
2021-02-06,Sat,Serie A,Away,L,0.0,2.0,Juventus,,14.0,3.0,13.0,9.0,2.0,0.0,2.0,0.0,2021,Roma,5
2021-02-06,Sat,Serie A,Home,L,1.0,2.0,Spezia,,8.0,4.0,20.0,15.0,2.0,0.0,3.0,0.0,2021,Sassuolo,5
2021-02-06,Sat,Serie A,Away,W,2.0,1.0,Sassuolo,,13.0,7.0,15.0,20.0,3.0,0.0,2.0,0.0,2021,Spezia,5
2021-02-06,Sat,Serie A,Away,D,3.0,3.0,Atalanta,,19.0,11.0,17.0,24.0,2.0,0.0,3.0,0.0,2021,Torino,5
2021-02-07,Sun,Serie A,Home,D,1.0,1.0,Sampdoria,,9.0,3.0,17.0,14.0,4.0,0.0,2.0,0.0,2021,Benevento,6
2021-02-07,Sun,Serie A,Away,W,3.0,0.0,Parma,,15.0,7.0,13.0,13.0,1.0,0.0,2.0,0.0,2021,Bologna,6
2021-02-07,Sun,Serie A,Away,L,0.0,1.0,Lazio,,7.0,3.0,14.0,16.0,2.0,0.0,2.0,0.0,2021,Cagliari,6
2021-02-07,Sun,Serie A,Away,L,0.0,4.0,Milan,,9.0,2.0,9.0,17.0,1.0,0.0,3.0,0.0,2021,Crotone,6
2021-02-07,Sun,Serie A,Home,W,1.0,0.0,Cagliari,,14.0,6.0,16.0,14.0,2.0,0.0,2.0,0.0,2021,Lazio,6
2021-02-07,Sun,Serie A,Home,W,4.0,0.0,Crotone,,21.0,12.0,17.0,9.0,3.0,0.0,1.0,0.0,2021,Milan,6
2021-02-07,Sun,Serie A,Home,L,0.0,3.0,Bologna,,16.0,8.0,13.0,13.0,2.0,0.0,1.0,0.0,2021,Parma,6
2021-02-07,Sun,Serie A,Away,D,1.0,1.0,Benevento,,10.0,5.0,14.0,17.0,2.0,0.0,4.0,0.0,2021,Sampdoria,6
2021-02-07,Sun,Serie A,Home,W,2.0,0.0,Verona,,14.0,8.0,9.0,15.0,2.0,0.0,4.0,0.0,2021,Udinese,6
2021-02-07,Sun,Serie A,Away,L,0.0,2.0,Udinese,,5.0,1.0,15.0,9.0,4.0,0.0,2.0,0.0,2021,Verona,6
2021-02-12,Fri,Serie A,Away,D,1.0,1.0,Bologna,,13.0,8.0,10.0,17.0,2.0,0.0,3.0,0.0,2021,Benevento,4
2021-02-12,Fri,Serie A,Home,D,1.0,1.0,Benevento,,11.0,3.0,17.0,10.0,3.0,0.0,2.0,0.0,2021,Bologna,4
2021-02-13,Sat,Serie A,Away,D,0.0,0.0,Torino,,6.0,3.0,15.0,13.0,4.0,0.0,2.0,0.0,2021,Genoa,5
2021-02-13,Sat,Serie A,Away,L,0.0,1.0,Napoli,,22.0,6.0,18.0,9.0,3.0,0.0,2.0,0.0,2021,Juventus,5
2021-02-13,Sat,Serie A,Away,L,0.0,2.0,Spezia,,7.0,0.0,14.0,18.0,1.0,0.0,3.0,0.0,2021,Milan,5
2021-02-13,Sat,Serie A,Home,W,1.0,0.0,Juventus,,10.0,3.0,9.0,18.0,2.0,0.0,3.0,0.0,2021,Napoli,5
2021-02-13,Sat,Serie A,Home,W,2.0,0.0,Milan,,15.0,5.0,18.0,14.0,3.0,0.0,1.0,0.0,2021,Spezia,5
2021-02-13,Sat,Serie A,Home,D,0.0,0.0,Genoa,,10.0,2.0,13.0,15.0,2.0,0.0,4.0,0.0,2021,Torino,5
2021-02-14,Sun,Serie A,Away,W,1.0,0.0,Cagliari,,10.0,5.0,14.0,17.0,3.0,0.0,3.0,0.0,2021,Atalanta,6
2021-02-14,Sun,Serie A,Home,L,0.0,1.0,Atalanta,,4.0,1.0,17.0,14.0,3.0,0.0,3.0,0.0,2021,Cagliari,6
2021-02-14,Sun,Serie A,Home,L,1.0,2.0,Sassuolo,,9.0,6.0,15.0,17.0,1.0,0.0,1.0,0.0,2021,Crotone,6
2021-02-14,Sun,Serie A,Away,L,1.0,2.0,Sampdoria,,15.0,7.0,11.0,14.0,3.0,0.0,1.0,0.0,2021,Fiorentina,6
2021-02-14,Sun,Serie A,Home,W,3.0,1.0,Lazio,,11.0,7.0,7.0,4.0,2.0,0.0,1.0,0.0,2021,Inter,6
2021-02-14,Sun,Serie A,Away,L,1.0,3.0,Inter,,12.0,7.0,4.0,7.0,1.0,0.0,2.0,0.0,2021,Lazio,6
2021-02-14,Sun,Serie A,Home,W,3.0,0.0,Udinese,,12.0,8.0,17.0,7.0,2.0,0.0,0.0,0.0,2021,Roma,6
2021-02-14,Sun,Serie A,Home,W,2.0,1.0,Fiorentina,,7.0,3.0,14.0,11.0,1.0,0.0,3.0,0.0,2021,Sampdoria,6
2021-02-14,Sun,Serie A,Away,W,2.0,1.0,Crotone,,21.0,4.0,17.0,15.0,1.0,0.0,1.0,0.0,2021,Sassuolo,6
2021-02-14,Sun,Serie A,Away,L,0.0,3.0,Roma,,6.0,1.0,7.0,17.0,0.0,0.0,2.0,0.0,2021,Udinese,6
2021-02-15,Mon,Serie A,Away,L,1.0,2.0,Verona,,13.0,4.0,15.0,16.0,2.0,0.0,4.0,0.0,2021,Parma,0
2021-02-15,Mon,Serie A,Home,W,2.0,1.0,Parma,,11.0,5.0,16.0,15.0,4.0,0.0,2.0,0.0,2021,Verona,0
2021-02-19,Fri,Serie A,Home,L,0.0,1.0,Torino,,18.0,3.0,20.0,19.0,3.0,0.0,2.0,0.0,2021,Cagliari,4
2021-02-19,Fri,Serie A,Home,W,3.0,0.0,Spezia,,10.0,5.0,20.0,11.0,4.0,0.0,0.0,0.0,2021,Fiorentina,4
2021-02-19,Fri,Serie A,Away,L,0.0,3.0,Fiorentina,,11.0,3.0,11.0,20.0,0.0,0.0,4.0,0.0,2021,Spezia,4
2021-02-19,Fri,Serie A,Away,W,1.0,0.0,Cagliari,,10.0,6.0,19.0,20.0,2.0,0.0,3.0,0.0,2021,Torino,4
2021-02-20,Sat,Serie A,Away,D,1.0,1.0,Sassuolo,,4.0,2.0,8.0,14.0,0.0,1.0,1.0,0.0,2021,Bologna,5
2021-02-20,Sat,Serie A,Home,D,2.0,2.0,Verona,,12.0,4.0,11.0,17.0,1.0,0.0,1.0,0.0,2021,Genoa,5
2021-02-20,Sat,Serie A,Home,W,1.0,0.0,Sampdoria,,11.0,8.0,14.0,17.0,4.0,0.0,3.0,0.0,2021,Lazio,5
2021-02-20,Sat,Serie A,Away,L,0.0,1.0,Lazio,,11.0,2.0,17.0,14.0,3.0,0.0,4.0,0.0,2021,Sampdoria,5
2021-02-20,Sat,Serie A,Home,D,1.0,1.0,Bologna,,32.0,11.0,14.0,8.0,1.0,0.0,0.0,1.0,2021,Sassuolo,5
2021-02-20,Sat,Serie A,Away,D,2.0,2.0,Genoa,,9.0,4.0,17.0,11.0,1.0,0.0,1.0,0.0,2021,Verona,5
2021-02-21,Sun,Serie A,Home,W,4.0,2.0,Napoli,,15.0,7.0,20.0,11.0,2.0,0.0,1.0,0.0,2021,Atalanta,6
2021-02-21,Sun,Serie A,Home,D,0.0,0.0,Roma,,6.0,3.0,11.0,18.0,4.0,1.0,1.0,0.0,2021,Benevento,6
2021-02-21,Sun,Serie A,Away,W,3.0,0.0,Milan,,16.0,8.0,10.0,9.0,1.0,0.0,2.0,0.0,2021,Inter,6
2021-02-21,Sun,Serie A,Home,L,0.0,3.0,Inter,,16.0,10.0,9.0,10.0,2.0,0.0,1.0,0.0,2021,Milan,6
2021-02-21,Sun,Serie A,Away,L,2.0,4.0,Atalanta,,5.0,4.0,11.0,20.0,1.0,0.0,2.0,0.0,2021,Napoli,6
2021-02-21,Sun,Serie A,Home,D,2.0,2.0,Udinese,,15.0,6.0,18.0,15.0,7.0,0.0,4.0,0.0,2021,Parma,6
2021-02-21,Sun,Serie A,Away,D,0.0,0.0,Benevento,,14.0,8.0,18.0,11.0,1.0,0.0,4.0,1.0,2021,Roma,6
2021-02-21,Sun,Serie A,Away,D,2.0,2.0,Parma,,12.0,3.0,15.0,18.0,4.0,0.0,7.0,0.0,2021,Udinese,6
2021-02-22,Mon,Serie A,Away,L,0.0,3.0,Juventus,,16.0,3.0,9.0,18.0,1.0,0.0,3.0,0.0,2021,Crotone,0
2021-02-22,Mon,Serie A,Home,W,3.0,0.0,Crotone,,26.0,9.0,18.0,9.0,3.0,0.0,1.0,0.0,2021,Juventus,0
2021-02-27,Sat,Serie A,Home,W,2.0,0.0,Lazio,,14.0,8.0,9.0,18.0,1.0,0.0,2.0,0.0,2021,Bologna,5
2021-02-27,Sat,Serie A,Away,D,1.0,1.0,Verona,,15.0,6.0,14.0,18.0,2.0,0.0,2.0,0.0,2021,Juventus,5
2021-02-27,Sat,Serie A,Away,L,0.0,2.0,Bologna,,19.0,7.0,18.0,9.0,2.0,0.0,1.0,0.0,2021,Lazio,5
2021-02-27,Sat,Serie A,Away,D,2.0,2.0,Spezia,,10.0,5.0,19.0,18.0,4.0,0.0,3.0,0.0,2021,Parma,5
2021-02-27,Sat,Serie A,Home,D,2.0,2.0,Parma,,13.0,7.0,18.0,19.0,3.0,0.0,4.0,0.0,2021,Spezia,5
2021-02-27,Sat,Serie A,Home,D,1.0,1.0,Juventus,,13.0,6.0,18.0,14.0,2.0,0.0,2.0,0.0,2021,Verona,5
2021-02-28,Sun,Serie A,Away,W,2.0,0.0,Sampdoria,,20.0,11.0,17.0,7.0,3.0,0.0,1.0,0.0,2021,Atalanta,6
2021-02-28,Sun,Serie A,Away,L,0.0,2.0,Napoli,,4.0,4.0,15.0,13.0,2.0,0.0,3.0,1.0,2021,Benevento,6
2021-02-28,Sun,Serie A,Away,W,2.0,0.0,Crotone,,9.0,4.0,14.0,17.0,4.0,1.0,2.0,0.0,2021,Cagliari,6
2021-02-28,Sun,Serie A,Home,L,0.0,2.0,Cagliari,,11.0,4.0,17.0,14.0,2.0,0.0,4.0,1.0,2021,Crotone,6
2021-02-28,Sun,Serie A,Away,L,0.0,1.0,Udinese,,8.0,2.0,20.0,12.0,2.0,0.0,1.0,0.0,2021,Fiorentina,6
2021-02-28,Sun,Serie A,Away,L,0.0,3.0,Inter,,3.0,2.0,8.0,12.0,2.0,0.0,0.0,0.0,2021,Genoa,6
2021-02-28,Sun,Serie A,Home,W,3.0,0.0,Genoa,,23.0,14.0,12.0,8.0,0.0,0.0,2.0,0.0,2021,Inter,6
2021-02-28,Sun,Serie A,Away,W,2.0,1.0,Roma,,20.0,14.0,9.0,14.0,3.0,0.0,3.0,0.0,2021,Milan,6
2021-02-28,Sun,Serie A,Home,W,2.0,0.0,Benevento,,20.0,8.0,13.0,15.0,3.0,1.0,2.0,0.0,2021,Napoli,6
2021-02-28,Sun,Serie A,Home,L,1.0,2.0,Milan,,17.0,10.0,14.0,9.0,3.0,0.0,3.0,0.0,2021,Roma,6
2021-02-28,Sun,Serie A,Home,L,0.0,2.0,Atalanta,,7.0,3.0,7.0,17.0,1.0,0.0,3.0,0.0,2021,Sampdoria,6
2021-02-28,Sun,Serie A,Home,W,1.0,0.0,Fiorentina,,9.0,3.0,12.0,20.0,1.0,0.0,2.0,0.0,2021,Udinese,6
2021-03-02,Tue,Serie A,Home,W,3.0,0.0,Spezia,,20.0,9.0,14.0,13.0,2.0,0.0,0.0,0.0,2021,Juventus,1
2021-03-02,Tue,Serie A,Away,L,0.0,3.0,Juventus,,10.0,2.0,13.0,14.0,0.0,0.0,2.0,0.0,2021,Spezia,1
2021-03-03,Wed,Serie A,Home,W,5.0,1.0,Crotone,,21.0,11.0,7.0,13.0,0.0,0.0,2.0,0.0,2021,Atalanta,2
2021-03-03,Wed,Serie A,Home,L,0.0,3.0,Verona,,7.0,2.0,8.0,20.0,0.0,0.0,1.0,0.0,2021,Benevento,2
2021-03-03,Wed,Serie A,Away,L,0.0,1.0,Cagliari,,11.0,6.0,18.0,15.0,2.0,0.0,2.0,0.0,2021,Bologna,2
2021-03-03,Wed,Serie A,Home,W,1.0,0.0,Bologna,,8.0,5.0,15.0,18.0,2.0,0.0,2.0,0.0,2021,Cagliari,2
2021-03-03,Wed,Serie A,Away,L,1.0,5.0,Atalanta,,4.0,2.0,13.0,7.0,2.0,0.0,0.0,0.0,2021,Crotone,2
2021-03-03,Wed,Serie A,Home,L,1.0,2.0,Roma,,6.0,2.0,10.0,15.0,1.0,0.0,2.0,0.0,2021,Fiorentina,2
2021-03-03,Wed,Serie A,Home,D,1.0,1.0,Sampdoria,,8.0,2.0,16.0,16.0,1.0,0.0,0.0,0.0,2021,Genoa,2
2021-03-03,Wed,Serie A,Home,D,1.0,1.0,Udinese,,11.0,7.0,21.0,11.0,4.0,0.0,1.0,0.0,2021,Milan,2
2021-03-03,Wed,Serie A,Away,D,3.0,3.0,Sassuolo,,15.0,8.0,13.0,16.0,2.0,0.0,2.0,0.0,2021,Napoli,2
2021-03-03,Wed,Serie A,Away,W,2.0,1.0,Fiorentina,,12.0,6.0,15.0,10.0,2.0,0.0,1.0,0.0,2021,Roma,2
2021-03-03,Wed,Serie A,Away,D,1.0,1.0,Genoa,,10.0,6.0,16.0,16.0,0.0,0.0,1.0,0.0,2021,Sampdoria,2
2021-03-03,Wed,Serie A,Home,D,3.0,3.0,Napoli,,15.0,8.0,16.0,13.0,2.0,0.0,2.0,0.0,2021,Sassuolo,2
2021-03-03,Wed,Serie A,Away,D,1.0,1.0,Milan,,6.0,2.0,11.0,21.0,1.0,0.0,4.0,0.0,2021,Udinese,2
2021-03-03,Wed,Serie A,Away,W,3.0,0.0,Benevento,,11.0,6.0,20.0,8.0,1.0,0.0,0.0,0.0,2021,Verona,2
2021-03-04,Thu,Serie A,Away,W,2.0,1.0,Parma,,12.0,8.0,12.0,8.0,1.0,0.0,0.0,0.0,2021,Inter,3
2021-03-04,Thu,Serie A,Home,L,1.0,2.0,Inter,,11.0,3.0,8.0,12.0,0.0,0.0,1.0,0.0,2021,Parma,3
2021-03-06,Sat,Serie A,Away,D,1.0,1.0,Spezia,,5.0,2.0,17.0,13.0,4.0,0.0,2.0,0.0,2021,Benevento,5
2021-03-06,Sat,Serie A,Home,W,3.0,1.0,Lazio,,8.0,5.0,10.0,13.0,0.0,0.0,1.0,0.0,2021,Juventus,5
2021-03-06,Sat,Serie A,Away,L,1.0,3.0,Juventus,,13.0,5.0,13.0,10.0,1.0,0.0,0.0,0.0,2021,Lazio,5
2021-03-06,Sat,Serie A,Away,L,0.0,2.0,Udinese,,8.0,2.0,11.0,10.0,0.0,0.0,1.0,0.0,2021,Sassuolo,5
2021-03-06,Sat,Serie A,Home,D,1.0,1.0,Benevento,,14.0,7.0,13.0,17.0,2.0,0.0,4.0,0.0,2021,Spezia,5
2021-03-06,Sat,Serie A,Home,W,2.0,0.0,Sassuolo,,12.0,8.0,10.0,11.0,1.0,0.0,0.0,0.0,2021,Udinese,5
2021-03-07,Sun,Serie A,Away,L,1.0,3.0,Napoli,,17.0,7.0,13.0,12.0,0.0,0.0,2.0,0.0,2021,Bologna,6
2021-03-07,Sun,Serie A,Away,D,2.0,2.0,Sampdoria,,10.0,5.0,13.0,15.0,3.0,0.0,4.0,0.0,2021,Cagliari,6
2021-03-07,Sun,Serie A,Home,W,4.0,2.0,Torino,,19.0,10.0,19.0,22.0,4.0,0.0,2.0,1.0,2021,Crotone,6
2021-03-07,Sun,Serie A,Home,D,3.0,3.0,Parma,,6.0,5.0,19.0,16.0,0.0,0.0,3.0,0.0,2021,Fiorentina,6
2021-03-07,Sun,Serie A,Away,L,0.0,1.0,Roma,,7.0,2.0,15.0,15.0,4.0,0.0,1.0,0.0,2021,Genoa,6
2021-03-07,Sun,Serie A,Away,W,2.0,0.0,Verona,,12.0,4.0,12.0,14.0,0.0,0.0,2.0,0.0,2021,Milan,6
2021-03-07,Sun,Serie A,Home,W,3.0,1.0,Bologna,,15.0,8.0,12.0,13.0,2.0,0.0,0.0,0.0,2021,Napoli,6
2021-03-07,Sun,Serie A,Away,D,3.0,3.0,Fiorentina,,11.0,6.0,16.0,19.0,3.0,0.0,0.0,0.0,2021,Parma,6
2021-03-07,Sun,Serie A,Home,W,1.0,0.0,Genoa,,18.0,4.0,15.0,15.0,1.0,0.0,4.0,0.0,2021,Roma,6
2021-03-07,Sun,Serie A,Home,D,2.0,2.0,Cagliari,,11.0,5.0,15.0,13.0,4.0,0.0,3.0,0.0,2021,Sampdoria,6
2021-03-07,Sun,Serie A,Away,L,2.0,4.0,Crotone,,17.0,6.0,22.0,19.0,2.0,1.0,4.0,0.0,2021,Torino,6
2021-03-07,Sun,Serie A,Home,L,0.0,2.0,Milan,,8.0,1.0,14.0,12.0,2.0,0.0,0.0,0.0,2021,Verona,6
2021-03-08,Mon,Serie A,Away,L,0.0,1.0,Inter,,10.0,3.0,17.0,11.0,1.0,0.0,0.0,0.0,2021,Atalanta,0
2021-03-08,Mon,Serie A,Home,W,1.0,0.0,Atalanta,,5.0,1.0,11.0,17.0,0.0,0.0,1.0,0.0,2021,Inter,0
2021-03-12,Fri,Serie A,Home,W,3.0,1.0,Spezia,,14.0,9.0,17.0,6.0,2.0,0.0,0.0,0.0,2021,Atalanta,4
2021-03-12,Fri,Serie A,Away,L,2.0,3.0,Lazio,,6.0,3.0,11.0,10.0,3.0,0.0,0.0,0.0,2021,Crotone,4
2021-03-12,Fri,Serie A,Home,W,3.0,2.0,Crotone,,23.0,9.0,10.0,11.0,0.0,0.0,3.0,0.0,2021,Lazio,4
2021-03-12,Fri,Serie A,Away,L,1.0,3.0,Atalanta,,6.0,3.0,6.0,17.0,0.0,0.0,2.0,0.0,2021,Spezia,4
2021-03-13,Sat,Serie A,Home,L,1.0,4.0,Fiorentina,,16.0,6.0,15.0,18.0,3.0,0.0,1.0,0.0,2021,Benevento,5
2021-03-13,Sat,Serie A,Away,W,4.0,1.0,Benevento,,11.0,7.0,18.0,15.0,1.0,0.0,3.0,0.0,2021,Fiorentina,5
2021-03-13,Sat,Serie A,Home,D,1.0,1.0,Udinese,,10.0,3.0,14.0,6.0,3.0,0.0,1.0,0.0,2021,Genoa,5
2021-03-13,Sat,Serie A,Home,W,3.0,2.0,Verona,,14.0,8.0,15.0,18.0,3.0,0.0,2.0,0.0,2021,Sassuolo,5
2021-03-13,Sat,Serie A,Away,D,1.0,1.0,Genoa,,9.0,3.0,6.0,14.0,1.0,0.0,3.0,0.0,2021,Udinese,5
2021-03-13,Sat,Serie A,Away,L,2.0,3.0,Sassuolo,,12.0,7.0,18.0,15.0,2.0,0.0,3.0,0.0,2021,Verona,5
2021-03-14,Sun,Serie A,Home,W,3.0,1.0,Sampdoria,,10.0,7.0,16.0,11.0,2.0,0.0,2.0,0.0,2021,Bologna,6
2021-03-14,Sun,Serie A,Home,L,1.0,3.0,Juventus,,15.0,7.0,12.0,16.0,0.0,0.0,2.0,0.0,2021,Cagliari,6
2021-03-14,Sun,Serie A,Away,W,2.0,1.0,Torino,,13.0,4.0,12.0,11.0,1.0,0.0,0.0,0.0,2021,Inter,6
2021-03-14,Sun,Serie A,Away,W,3.0,1.0,Cagliari,,9.0,7.0,16.0,12.0,2.0,0.0,0.0,0.0,2021,Juventus,6
2021-03-14,Sun,Serie A,Home,L,0.0,1.0,Napoli,,12.0,4.0,12.0,10.0,1.0,1.0,3.0,0.0,2021,Milan,6
2021-03-14,Sun,Serie A,Away,W,1.0,0.0,Milan,,14.0,5.0,10.0,12.0,3.0,0.0,1.0,1.0,2021,Napoli,6
2021-03-14,Sun,Serie A,Home,W,2.0,0.0,Roma,,5.0,4.0,18.0,16.0,3.0,0.0,3.0,0.0,2021,Parma,6
2021-03-14,Sun,Serie A,Away,L,0.0,2.0,Parma,,20.0,6.0,16.0,18.0,3.0,0.0,3.0,0.0,2021,Roma,6
2021-03-14,Sun,Serie A,Away,L,1.0,3.0,Bologna,,20.0,9.0,11.0,16.0,2.0,0.0,2.0,0.0,2021,Sampdoria,6
2021-03-14,Sun,Serie A,Home,L,1.0,2.0,Inter,,6.0,4.0,11.0,12.0,0.0,0.0,1.0,0.0,2021,Torino,6
2021-03-17,Wed,Serie A,Away,L,2.0,3.0,Torino,,12.0,5.0,16.0,10.0,2.0,0.0,1.0,0.0,2021,Sassuolo,2
2021-03-17,Wed,Serie A,Home,W,3.0,2.0,Sassuolo,,23.0,15.0,10.0,16.0,1.0,0.0,2.0,0.0,2021,Torino,2
2021-03-19,Fri,Serie A,Away,W,2.0,1.0,Parma,,7.0,3.0,8.0,22.0,2.0,0.0,5.0,0.0,2021,Genoa,4
2021-03-19,Fri,Serie A,Home,L,1.0,2.0,Genoa,,12.0,9.0,22.0,8.0,5.0,0.0,2.0,0.0,2021,Parma,4
2021-03-20,Sat,Serie A,Away,W,3.0,2.0,Crotone,,19.0,10.0,16.0,11.0,7.0,0.0,4.0,0.0,2021,Bologna,5
2021-03-20,Sat,Serie A,Away,L,1.0,2.0,Spezia,,11.0,7.0,16.0,13.0,2.0,0.0,1.0,0.0,2021,Cagliari,5
2021-03-20,Sat,Serie A,Home,L,2.0,3.0,Bologna,,15.0,7.0,11.0,16.0,4.0,0.0,7.0,0.0,2021,Crotone,5
2021-03-20,Sat,Serie A,Home,W,2.0,1.0,Cagliari,,12.0,6.0,13.0,16.0,1.0,0.0,2.0,0.0,2021,Spezia,5
2021-03-21,Sun,Serie A,Away,W,2.0,0.0,Verona,,14.0,8.0,20.0,23.0,2.0,0.0,3.0,0.0,2021,Atalanta,6
2021-03-21,Sun,Serie A,Away,W,1.0,0.0,Juventus,,7.0,1.0,13.0,12.0,4.0,0.0,2.0,0.0,2021,Benevento,6
2021-03-21,Sun,Serie A,Home,L,2.0,3.0,Milan,,9.0,4.0,6.0,11.0,1.0,0.0,3.0,0.0,2021,Fiorentina,6
2021-03-21,Sun,Serie A,Home,L,0.0,1.0,Benevento,,23.0,9.0,12.0,13.0,2.0,0.0,4.0,0.0,2021,Juventus,6
2021-03-21,Sun,Serie A,Away,W,1.0,0.0,Udinese,,16.0,8.0,13.0,9.0,3.0,0.0,1.0,0.0,2021,Lazio,6
2021-03-21,Sun,Serie A,Away,W,3.0,2.0,Fiorentina,,14.0,6.0,11.0,6.0,3.0,0.0,1.0,0.0,2021,Milan,6
2021-03-21,Sun,Serie A,Away,W,2.0,0.0,Roma,,10.0,5.0,13.0,18.0,3.0,0.0,5.0,0.0,2021,Napoli,6
2021-03-21,Sun,Serie A,Home,L,0.0,2.0,Napoli,,7.0,5.0,18.0,13.0,5.0,0.0,3.0,0.0,2021,Roma,6
2021-03-21,Sun,Serie A,Home,W,1.0,0.0,Torino,,7.0,5.0,15.0,18.0,0.0,0.0,1.0,0.0,2021,Sampdoria,6
2021-03-21,Sun,Serie A,Away,L,0.0,1.0,Sampdoria,,9.0,1.0,18.0,15.0,1.0,0.0,0.0,0.0,2021,Torino,6
2021-03-21,Sun,Serie A,Home,L,0.0,1.0,Lazio,,14.0,6.0,9.0,13.0,1.0,0.0,3.0,0.0,2021,Udinese,6
2021-03-21,Sun,Serie A,Home,L,0.0,2.0,Atalanta,,3.0,1.0,23.0,20.0,3.0,0.0,2.0,0.0,2021,Verona,6
2021-04-03,Sat,Serie A,Home,W,3.0,2.0,Udinese,,22.0,11.0,15.0,9.0,0.0,0.0,2.0,0.0,2021,Atalanta,5
2021-04-03,Sat,Serie A,Home,D,2.0,2.0,Parma,,4.0,4.0,21.0,18.0,2.0,0.0,1.0,0.0,2021,Benevento,5
2021-04-03,Sat,Serie A,Home,L,0.0,1.0,Inter,,12.0,3.0,17.0,15.0,4.0,0.0,4.0,0.0,2021,Bologna,5
2021-04-03,Sat,Serie A,Home,L,0.0,2.0,Verona,,15.0,4.0,17.0,18.0,1.0,0.0,3.0,0.0,2021,Cagliari,5
2021-04-03,Sat,Serie A,Away,L,3.0,4.0,Napoli,,8.0,4.0,17.0,5.0,4.0,0.0,0.0,0.0,2021,Crotone,5
2021-04-03,Sat,Serie A,Away,D,1.0,1.0,Genoa,,11.0,3.0,10.0,17.0,1.0,1.0,2.0,0.0,2021,Fiorentina,5
2021-04-03,Sat,Serie A,Home,D,1.0,1.0,Fiorentina,,8.0,2.0,17.0,10.0,2.0,0.0,1.0,1.0,2021,Genoa,5
2021-04-03,Sat,Serie A,Away,W,1.0,0.0,Bologna,,12.0,5.0,15.0,17.0,4.0,0.0,4.0,0.0,2021,Inter,5
2021-04-03,Sat,Serie A,Away,D,2.0,2.0,Torino,,18.0,9.0,15.0,16.0,2.0,0.0,3.0,0.0,2021,Juventus,5
2021-04-03,Sat,Serie A,Home,W,2.0,1.0,Spezia,,11.0,5.0,18.0,21.0,3.0,2.0,3.0,0.0,2021,Lazio,5
2021-04-03,Sat,Serie A,Home,D,1.0,1.0,Sampdoria,,14.0,5.0,15.0,16.0,2.0,0.0,5.0,1.0,2021,Milan,5
2021-04-03,Sat,Serie A,Home,W,4.0,3.0,Crotone,,28.0,11.0,5.0,17.0,0.0,0.0,4.0,0.0,2021,Napoli,5
2021-04-03,Sat,Serie A,Away,D,2.0,2.0,Benevento,,15.0,7.0,18.0,21.0,1.0,0.0,2.0,0.0,2021,Parma,5
2021-04-03,Sat,Serie A,Away,D,2.0,2.0,Sassuolo,,12.0,9.0,15.0,15.0,3.0,0.0,4.0,0.0,2021,Roma,5
2021-04-03,Sat,Serie A,Away,D,1.0,1.0,Milan,,5.0,4.0,16.0,15.0,5.0,1.0,2.0,0.0,2021,Sampdoria,5
2021-04-03,Sat,Serie A,Home,D,2.0,2.0,Roma,,12.0,6.0,15.0,15.0,4.0,0.0,3.0,0.0,2021,Sassuolo,5
2021-04-03,Sat,Serie A,Away,L,1.0,2.0,Lazio,,7.0,3.0,21.0,18.0,3.0,0.0,3.0,2.0,2021,Spezia,5
2021-04-03,Sat,Serie A,Home,D,2.0,2.0,Juventus,,10.0,7.0,16.0,15.0,3.0,0.0,2.0,0.0,2021,Torino,5
2021-04-03,Sat,Serie A,Away,L,2.0,3.0,Atalanta,,8.0,4.0,9.0,15.0,2.0,0.0,0.0,0.0,2021,Udinese,5
2021-04-03,Sat,Serie A,Away,W,2.0,0.0,Cagliari,,9.0,5.0,18.0,17.0,3.0,0.0,1.0,0.0,2021,Verona,5
2021-04-07,Wed,Serie A,Home,W,2.0,1.0,Sassuolo,,8.0,5.0,8.0,13.0,2.0,0.0,3.0,0.0,2021,Inter,2
2021-04-07,Wed,Serie A,Home,W,2.0,1.0,Napoli,,12.0,3.0,17.0,12.0,1.0,0.0,2.0,0.0,2021,Juventus,2
2021-04-07,Wed,Serie A,Away,L,1.0,2.0,Juventus,,15.0,5.0,12.0,17.0,2.0,0.0,1.0,0.0,2021,Napoli,2
2021-04-07,Wed,Serie A,Away,L,1.0,2.0,Inter,,14.0,5.0,13.0,8.0,3.0,0.0,2.0,0.0,2021,Sassuolo,2
2021-04-10,Sat,Serie A,Away,L,2.0,3.0,Spezia,,9.0,6.0,15.0,12.0,1.0,0.0,1.0,0.0,2021,Crotone,5
2021-04-10,Sat,Serie A,Away,W,3.0,1.0,Parma,,11.0,7.0,11.0,14.0,4.0,1.0,4.0,0.0,2021,Milan,5
2021-04-10,Sat,Serie A,Home,L,1.0,3.0,Milan,,15.0,5.0,14.0,11.0,4.0,0.0,4.0,1.0,2021,Parma,5
2021-04-10,Sat,Serie A,Home,W,3.0,2.0,Crotone,,9.0,7.0,12.0,15.0,1.0,0.0,1.0,0.0,2021,Spezia,5
2021-04-10,Sat,Serie A,Away,W,1.0,0.0,Udinese,,9.0,2.0,19.0,21.0,3.0,0.0,0.0,0.0,2021,Torino,5
2021-04-10,Sat,Serie A,Home,L,0.0,1.0,Torino,,12.0,5.0,21.0,19.0,0.0,0.0,3.0,0.0,2021,Udinese,5
2021-04-11,Sun,Serie A,Away,W,3.0,2.0,Fiorentina,,14.0,9.0,13.0,15.0,1.0,0.0,3.0,0.0,2021,Atalanta,6
2021-04-11,Sun,Serie A,Away,L,0.0,1.0,Roma,,11.0,5.0,14.0,14.0,2.0,0.0,3.0,0.0,2021,Bologna,6
2021-04-11,Sun,Serie A,Away,L,0.0,1.0,Inter,,8.0,2.0,12.0,10.0,1.0,0.0,1.0,0.0,2021,Cagliari,6
2021-04-11,Sun,Serie A,Home,L,2.0,3.0,Atalanta,,8.0,2.0,15.0,13.0,3.0,0.0,1.0,0.0,2021,Fiorentina,6
2021-04-11,Sun,Serie A,Away,L,1.0,3.0,Juventus,,11.0,3.0,11.0,15.0,3.0,0.0,3.0,0.0,2021,Genoa,6
2021-04-11,Sun,Serie A,Home,W,1.0,0.0,Cagliari,,15.0,8.0,10.0,12.0,1.0,0.0,1.0,0.0,2021,Inter,6
2021-04-11,Sun,Serie A,Home,W,3.0,1.0,Genoa,,23.0,14.0,15.0,11.0,3.0,0.0,3.0,0.0,2021,Juventus,6
2021-04-11,Sun,Serie A,Away,W,1.0,0.0,Verona,,14.0,5.0,13.0,15.0,2.0,0.0,0.0,0.0,2021,Lazio,6
2021-04-11,Sun,Serie A,Away,W,2.0,0.0,Sampdoria,,20.0,9.0,10.0,14.0,3.0,0.0,0.0,0.0,2021,Napoli,6
2021-04-11,Sun,Serie A,Home,W,1.0,0.0,Bologna,,14.0,7.0,14.0,14.0,3.0,0.0,2.0,0.0,2021,Roma,6
2021-04-11,Sun,Serie A,Home,L,0.0,2.0,Napoli,,11.0,5.0,14.0,10.0,0.0,0.0,3.0,0.0,2021,Sampdoria,6
2021-04-11,Sun,Serie A,Home,L,0.0,1.0,Lazio,,4.0,1.0,15.0,13.0,0.0,0.0,2.0,0.0,2021,Verona,6
2021-04-12,Mon,Serie A,Home,L,0.0,1.0,Sassuolo,,9.0,5.0,12.0,14.0,3.0,0.0,2.0,0.0,2021,Benevento,0
2021-04-12,Mon,Serie A,Away,W,1.0,0.0,Benevento,,14.0,4.0,14.0,12.0,2.0,0.0,3.0,0.0,2021,Sassuolo,0
2021-04-17,Sat,Serie A,Home,W,4.0,3.0,Parma,,23.0,9.0,14.0,12.0,4.0,0.0,2.0,0.0,2021,Cagliari,5
2021-04-17,Sat,Serie A,Home,L,1.0,2.0,Udinese,,7.0,3.0,12.0,19.0,0.0,0.0,2.0,1.0,2021,Crotone,5
2021-04-17,Sat,Serie A,Away,L,1.0,3.0,Sassuolo,,7.0,6.0,16.0,8.0,5.0,0.0,3.0,0.0,2021,Fiorentina,5
2021-04-17,Sat,Serie A,Away,L,3.0,4.0,Cagliari,,11.0,6.0,12.0,14.0,2.0,0.0,4.0,0.0,2021,Parma,5
2021-04-17,Sat,Serie A,Home,W,3.0,1.0,Verona,,12.0,5.0,16.0,14.0,3.0,0.0,3.0,0.0,2021,Sampdoria,5
2021-04-17,Sat,Serie A,Home,W,3.0,1.0,Fiorentina,,11.0,6.0,8.0,16.0,3.0,0.0,5.0,0.0,2021,Sassuolo,5
2021-04-17,Sat,Serie A,Away,W,2.0,1.0,Crotone,,14.0,7.0,19.0,12.0,2.0,1.0,0.0,0.0,2021,Udinese,5
2021-04-17,Sat,Serie A,Away,L,1.0,3.0,Sampdoria,,18.0,8.0,14.0,16.0,3.0,0.0,3.0,0.0,2021,Verona,5
2021-04-18,Sun,Serie A,Home,W,1.0,0.0,Juventus,,12.0,2.0,18.0,15.0,3.0,0.0,2.0,0.0,2021,Atalanta,6
2021-04-18,Sun,Serie A,Away,L,3.0,5.0,Lazio,,16.0,8.0,11.0,14.0,3.0,0.0,2.0,0.0,2021,Benevento,6
2021-04-18,Sun,Serie A,Home,W,4.0,1.0,Spezia,,10.0,7.0,15.0,12.0,1.0,0.0,1.0,0.0,2021,Bologna,6
2021-04-18,Sun,Serie A,Away,L,1.0,2.0,Milan,,11.0,6.0,13.0,10.0,1.0,0.0,0.0,0.0,2021,Genoa,6
2021-04-18,Sun,Serie A,Away,D,1.0,1.0,Napoli,,10.0,5.0,12.0,12.0,2.0,0.0,5.0,0.0,2021,Inter,6
2021-04-18,Sun,Serie A,Away,L,0.0,1.0,Atalanta,,12.0,3.0,15.0,18.0,2.0,0.0,3.0,0.0,2021,Juventus,6
2021-04-18,Sun,Serie A,Home,W,5.0,3.0,Benevento,,12.0,8.0,14.0,11.0,2.0,0.0,3.0,0.0,2021,Lazio,6
2021-04-18,Sun,Serie A,Home,W,2.0,1.0,Genoa,,18.0,5.0,10.0,13.0,0.0,0.0,1.0,0.0,2021,Milan,6
2021-04-18,Sun,Serie A,Home,D,1.0,1.0,Inter,,12.0,3.0,12.0,12.0,5.0,0.0,2.0,0.0,2021,Napoli,6
2021-04-18,Sun,Serie A,Away,L,1.0,3.0,Torino,,9.0,4.0,13.0,13.0,2.0,1.0,2.0,0.0,2021,Roma,6
2021-04-18,Sun,Serie A,Away,L,1.0,4.0,Bologna,,9.0,5.0,12.0,15.0,1.0,0.0,1.0,0.0,2021,Spezia,6
2021-04-18,Sun,Serie A,Home,W,3.0,1.0,Roma,,23.0,11.0,13.0,13.0,2.0,0.0,2.0,1.0,2021,Torino,6
2021-04-20,Tue,Serie A,Away,W,2.0,1.0,Verona,,7.0,5.0,20.0,16.0,3.0,0.0,2.0,0.0,2021,Fiorentina,1
2021-04-20,Tue,Serie A,Home,L,1.0,2.0,Fiorentina,,11.0,7.0,16.0,20.0,2.0,0.0,3.0,0.0,2021,Verona,1
2021-04-21,Wed,Serie A,Away,D,2.0,2.0,Genoa,,8.0,2.0,18.0,14.0,0.0,0.0,2.0,0.0,2021,Benevento,2
2021-04-21,Wed,Serie A,Home,D,1.0,1.0,Torino,,9.0,2.0,25.0,15.0,4.0,0.0,2.0,0.0,2021,Bologna,2
2021-04-21,Wed,Serie A,Away,W,1.0,0.0,Udinese,,13.0,5.0,14.0,11.0,2.0,0.0,0.0,0.0,2021,Cagliari,2
2021-04-21,Wed,Serie A,Home,L,0.0,1.0,Sampdoria,,7.0,4.0,13.0,7.0,1.0,0.0,1.0,0.0,2021,Crotone,2
2021-04-21,Wed,Serie A,Home,D,2.0,2.0,Benevento,,10.0,5.0,14.0,18.0,2.0,0.0,0.0,0.0,2021,Genoa,2
2021-04-21,Wed,Serie A,Away,D,1.0,1.0,Spezia,,15.0,6.0,7.0,9.0,0.0,0.0,2.0,0.0,2021,Inter,2
2021-04-21,Wed,Serie A,Home,W,3.0,1.0,Parma,,14.0,8.0,12.0,18.0,2.0,0.0,2.0,0.0,2021,Juventus,2
2021-04-21,Wed,Serie A,Home,L,1.0,2.0,Sassuolo,,18.0,7.0,18.0,13.0,0.0,0.0,1.0,0.0,2021,Milan,2
2021-04-21,Wed,Serie A,Away,L,1.0,3.0,Juventus,,10.0,4.0,18.0,12.0,2.0,0.0,2.0,0.0,2021,Parma,2
2021-04-21,Wed,Serie A,Away,W,1.0,0.0,Crotone,,11.0,5.0,7.0,13.0,1.0,0.0,1.0,0.0,2021,Sampdoria,2
2021-04-21,Wed,Serie A,Away,W,2.0,1.0,Milan,,15.0,7.0,13.0,18.0,1.0,0.0,0.0,0.0,2021,Sassuolo,2
2021-04-21,Wed,Serie A,Home,D,1.0,1.0,Inter,,1.0,1.0,9.0,7.0,2.0,0.0,0.0,0.0,2021,Spezia,2
2021-04-21,Wed,Serie A,Away,D,1.0,1.0,Bologna,,18.0,5.0,15.0,25.0,2.0,0.0,4.0,0.0,2021,Torino,2
2021-04-21,Wed,Serie A,Home,L,0.0,1.0,Cagliari,,14.0,4.0,11.0,14.0,0.0,0.0,2.0,0.0,2021,Udinese,2
2021-04-22,Thu,Serie A,Away,D,1.0,1.0,Roma,,22.0,9.0,7.0,16.0,2.0,1.0,4.0,1.0,2021,Atalanta,3
2021-04-22,Thu,Serie A,Away,L,2.0,5.0,Napoli,,14.0,4.0,18.0,7.0,4.0,0.0,4.0,0.0,2021,Lazio,3
2021-04-22,Thu,Serie A,Home,W,5.0,2.0,Lazio,,10.0,8.0,7.0,18.0,4.0,0.0,4.0,0.0,2021,Napoli,3
2021-04-22,Thu,Serie A,Home,D,1.0,1.0,Atalanta,,14.0,3.0,16.0,7.0,4.0,1.0,2.0,1.0,2021,Roma,3
2021-04-24,Sat,Serie A,Away,W,4.0,3.0,Parma,,13.0,5.0,11.0,15.0,2.0,0.0,3.0,0.0,2021,Crotone,5
2021-04-24,Sat,Serie A,Home,W,2.0,0.0,Spezia,,11.0,6.0,18.0,14.0,2.0,0.0,2.0,0.0,2021,Genoa,5
2021-04-24,Sat,Serie A,Home,L,3.0,4.0,Crotone,,15.0,4.0,15.0,11.0,3.0,0.0,2.0,0.0,2021,Parma,5
2021-04-24,Sat,Serie A,Away,L,0.0,1.0,Sassuolo,,9.0,3.0,10.0,15.0,0.0,0.0,0.0,0.0,2021,Sampdoria,5
2021-04-24,Sat,Serie A,Home,W,1.0,0.0,Sampdoria,,14.0,8.0,15.0,10.0,0.0,0.0,0.0,0.0,2021,Sassuolo,5
2021-04-24,Sat,Serie A,Away,L,0.0,2.0,Genoa,,7.0,1.0,14.0,18.0,2.0,0.0,2.0,0.0,2021,Spezia,5
2021-04-25,Sun,Serie A,Home,W,5.0,0.0,Bologna,,26.0,12.0,11.0,8.0,0.0,0.0,1.0,1.0,2021,Atalanta,6
2021-04-25,Sun,Serie A,Home,L,2.0,4.0,Udinese,,22.0,9.0,18.0,20.0,2.0,0.0,2.0,0.0,2021,Benevento,6
2021-04-25,Sun,Serie A,Away,L,0.0,5.0,Atalanta,,9.0,3.0,8.0,11.0,1.0,1.0,0.0,0.0,2021,Bologna,6
2021-04-25,Sun,Serie A,Home,W,3.0,2.0,Roma,,10.0,6.0,14.0,17.0,3.0,0.0,1.0,0.0,2021,Cagliari,6
2021-04-25,Sun,Serie A,Home,D,1.0,1.0,Juventus,,11.0,6.0,13.0,16.0,3.0,0.0,1.0,0.0,2021,Fiorentina,6
2021-04-25,Sun,Serie A,Home,W,1.0,0.0,Verona,,10.0,4.0,7.0,13.0,0.0,0.0,3.0,0.0,2021,Inter,6
2021-04-25,Sun,Serie A,Away,D,1.0,1.0,Fiorentina,,7.0,1.0,16.0,13.0,1.0,0.0,3.0,0.0,2021,Juventus,6
2021-04-25,Sun,Serie A,Away,L,2.0,3.0,Cagliari,,12.0,7.0,17.0,14.0,1.0,0.0,3.0,0.0,2021,Roma,6
2021-04-25,Sun,Serie A,Away,W,4.0,2.0,Benevento,,10.0,7.0,20.0,18.0,2.0,0.0,2.0,0.0,2021,Udinese,6
2021-04-25,Sun,Serie A,Away,L,0.0,1.0,Inter,,12.0,1.0,13.0,7.0,3.0,0.0,0.0,0.0,2021,Verona,6
2021-04-26,Mon,Serie A,Home,W,3.0,0.0,Milan,,14.0,6.0,10.0,11.0,2.0,0.0,0.0,0.0,2021,Lazio,0
2021-04-26,Mon,Serie A,Away,L,0.0,3.0,Lazio,,15.0,6.0,11.0,10.0,0.0,0.0,2.0,0.0,2021,Milan,0
2021-04-26,Mon,Serie A,Away,W,2.0,0.0,Torino,,25.0,10.0,15.0,16.0,1.0,0.0,3.0,1.0,2021,Napoli,0
2021-04-26,Mon,Serie A,Home,L,0.0,2.0,Napoli,,15.0,6.0,16.0,15.0,3.0,1.0,1.0,0.0,2021,Torino,0
2021-05-01,Sat,Serie A,Away,L,0.0,2.0,Milan,,14.0,2.0,8.0,16.0,0.0,0.0,2.0,0.0,2021,Benevento,5
2021-05-01,Sat,Serie A,Home,L,0.0,2.0,Inter,,6.0,1.0,10.0,9.0,1.0,0.0,2.0,0.0,2021,Crotone,5
2021-05-01,Sat,Serie A,Away,W,2.0,0.0,Crotone,,23.0,10.0,9.0,10.0,2.0,0.0,1.0,0.0,2021,Inter,5
2021-05-01,Sat,Serie A,Home,W,2.0,0.0,Benevento,,20.0,11.0,16.0,8.0,2.0,0.0,0.0,0.0,2021,Milan,5
2021-05-01,Sat,Serie A,Away,D,1.0,1.0,Verona,,12.0,2.0,16.0,27.0,2.0,0.0,6.0,0.0,2021,Spezia,5
2021-05-01,Sat,Serie A,Home,D,1.0,1.0,Spezia,,7.0,6.0,27.0,16.0,6.0,0.0,2.0,0.0,2021,Verona,5
2021-05-02,Sun,Serie A,Away,D,1.0,1.0,Sassuolo,,10.0,9.0,12.0,18.0,1.0,1.0,6.0,1.0,2021,Atalanta,6
2021-05-02,Sun,Serie A,Home,D,3.0,3.0,Fiorentina,,11.0,6.0,16.0,12.0,2.0,0.0,2.0,0.0,2021,Bologna,6
2021-05-02,Sun,Serie A,Away,D,1.0,1.0,Napoli,,12.0,7.0,14.0,8.0,3.0,0.0,1.0,0.0,2021,Cagliari,6
2021-05-02,Sun,Serie A,Away,D,3.0,3.0,Bologna,,9.0,4.0,12.0,16.0,2.0,0.0,2.0,0.0,2021,Fiorentina,6
2021-05-02,Sun,Serie A,Away,L,3.0,4.0,Lazio,,10.0,5.0,12.0,13.0,4.0,0.0,3.0,0.0,2021,Genoa,6
2021-05-02,Sun,Serie A,Away,W,2.0,1.0,Udinese,,13.0,4.0,18.0,14.0,0.0,0.0,3.0,0.0,2021,Juventus,6
2021-05-02,Sun,Serie A,Home,W,4.0,3.0,Genoa,,18.0,12.0,13.0,12.0,3.0,0.0,4.0,0.0,2021,Lazio,6
2021-05-02,Sun,Serie A,Home,D,1.0,1.0,Cagliari,,18.0,6.0,8.0,14.0,1.0,0.0,3.0,0.0,2021,Napoli,6
2021-05-02,Sun,Serie A,Away,L,0.0,2.0,Sampdoria,,10.0,5.0,13.0,14.0,3.0,0.0,0.0,0.0,2021,Roma,6
2021-05-02,Sun,Serie A,Home,W,2.0,0.0,Roma,,12.0,9.0,14.0,13.0,0.0,0.0,3.0,0.0,2021,Sampdoria,6
2021-05-02,Sun,Serie A,Home,D,1.0,1.0,Atalanta,,12.0,7.0,18.0,12.0,6.0,1.0,1.0,1.0,2021,Sassuolo,6
2021-05-02,Sun,Serie A,Home,L,1.0,2.0,Juventus,,7.0,2.0,14.0,18.0,3.0,0.0,0.0,0.0,2021,Udinese,6
2021-05-03,Mon,Serie A,Away,L,0.0,1.0,Torino,,8.0,1.0,17.0,10.0,3.0,0.0,0.0,0.0,2021,Parma,0
2021-05-03,Mon,Serie A,Home,W,1.0,0.0,Parma,,13.0,5.0,10.0,17.0,0.0,0.0,3.0,0.0,2021,Torino,0
2021-05-08,Sat,Serie A,Away,D,1.0,1.0,Udinese,,16.0,4.0,18.0,12.0,1.0,0.0,1.0,0.0,2021,Bologna,5
2021-05-08,Sat,Serie A,Home,W,2.0,0.0,Lazio,,9.0,5.0,12.0,14.0,4.0,0.0,8.0,1.0,2021,Fiorentina,5
2021-05-08,Sat,Serie A,Home,W,5.0,1.0,Sampdoria,,12.0,7.0,10.0,14.0,0.0,0.0,2.0,0.0,2021,Inter,5
2021-05-08,Sat,Serie A,Away,L,0.0,2.0,Fiorentina,,8.0,3.0,14.0,12.0,8.0,1.0,4.0,0.0,2021,Lazio,5
2021-05-08,Sat,Serie A,Away,W,4.0,1.0,Spezia,,13.0,7.0,18.0,15.0,2.0,0.0,3.0,0.0,2021,Napoli,5
2021-05-08,Sat,Serie A,Away,L,1.0,5.0,Inter,,13.0,4.0,14.0,10.0,2.0,0.0,0.0,0.0,2021,Sampdoria,5
2021-05-08,Sat,Serie A,Home,L,1.0,4.0,Napoli,,6.0,3.0,15.0,18.0,3.0,0.0,2.0,0.0,2021,Spezia,5
2021-05-08,Sat,Serie A,Home,D,1.0,1.0,Bologna,,9.0,5.0,12.0,18.0,1.0,0.0,1.0,0.0,2021,Udinese,5
2021-05-09,Sun,Serie A,Away,W,5.0,2.0,Parma,,18.0,13.0,15.0,12.0,1.0,0.0,1.0,0.0,2021,Atalanta,6
2021-05-09,Sun,Serie A,Home,L,1.0,3.0,Cagliari,,7.0,7.0,17.0,20.0,2.0,0.0,2.0,0.0,2021,Benevento,6
2021-05-09,Sun,Serie A,Away,W,3.0,1.0,Benevento,,7.0,4.0,20.0,17.0,2.0,0.0,2.0,0.0,2021,Cagliari,6
2021-05-09,Sun,Serie A,Away,L,0.0,5.0,Roma,,7.0,2.0,11.0,10.0,0.0,0.0,2.0,0.0,2021,Crotone,6
2021-05-09,Sun,Serie A,Home,L,1.0,2.0,Sassuolo,,13.0,5.0,17.0,15.0,2.0,0.0,0.0,0.0,2021,Genoa,6
2021-05-09,Sun,Serie A,Home,L,0.0,3.0,Milan,,16.0,4.0,17.0,12.0,2.0,0.0,2.0,0.0,2021,Juventus,6
2021-05-09,Sun,Serie A,Away,W,3.0,0.0,Juventus,,11.0,6.0,12.0,17.0,2.0,0.0,2.0,0.0,2021,Milan,6
2021-05-09,Sun,Serie A,Home,L,2.0,5.0,Atalanta,,5.0,2.0,12.0,15.0,1.0,0.0,1.0,0.0,2021,Parma,6
2021-05-09,Sun,Serie A,Home,W,5.0,0.0,Crotone,,20.0,13.0,10.0,11.0,2.0,0.0,0.0,0.0,2021,Roma,6
2021-05-09,Sun,Serie A,Away,W,2.0,1.0,Genoa,,13.0,7.0,15.0,17.0,0.0,0.0,2.0,0.0,2021,Sassuolo,6
2021-05-09,Sun,Serie A,Away,D,1.0,1.0,Verona,,6.0,4.0,22.0,16.0,3.0,0.0,3.0,0.0,2021,Torino,6
2021-05-09,Sun,Serie A,Home,D,1.0,1.0,Torino,,19.0,7.0,16.0,22.0,3.0,0.0,3.0,0.0,2021,Verona,6
2021-05-11,Tue,Serie A,Home,W,5.0,1.0,Udinese,,21.0,12.0,8.0,14.0,0.0,0.0,1.0,0.0,2021,Napoli,1
2021-05-11,Tue,Serie A,Away,L,1.0,5.0,Napoli,,5.0,2.0,14.0,8.0,1.0,0.0,0.0,0.0,2021,Udinese,1
2021-05-12,Wed,Serie A,Home,W,2.0,0.0,Benevento,,14.0,4.0,19.0,11.0,2.0,0.0,5.0,1.0,2021,Atalanta,2
2021-05-12,Wed,Serie A,Away,L,0.0,2.0,Atalanta,,3.0,1.0,11.0,19.0,5.0,1.0,2.0,0.0,2021,Benevento,2
2021-05-12,Wed,Serie A,Home,L,0.0,2.0,Genoa,,17.0,8.0,9.0,11.0,1.0,0.0,3.0,0.0,2021,Bologna,2
2021-05-12,Wed,Serie A,Home,D,0.0,0.0,Fiorentina,,7.0,1.0,18.0,10.0,1.0,0.0,2.0,0.0,2021,Cagliari,2
2021-05-12,Wed,Serie A,Away,D,0.0,0.0,Cagliari,,2.0,0.0,10.0,18.0,2.0,0.0,1.0,0.0,2021,Fiorentina,2
2021-05-12,Wed,Serie A,Away,W,2.0,0.0,Bologna,,12.0,9.0,11.0,9.0,3.0,0.0,1.0,0.0,2021,Genoa,2
2021-05-12,Wed,Serie A,Home,W,3.0,1.0,Roma,,13.0,5.0,4.0,12.0,0.0,0.0,4.0,0.0,2021,Inter,2
2021-05-12,Wed,Serie A,Away,W,3.0,1.0,Sassuolo,,14.0,8.0,12.0,10.0,2.0,0.0,1.0,0.0,2021,Juventus,2
2021-05-12,Wed,Serie A,Home,W,1.0,0.0,Parma,,14.0,6.0,13.0,14.0,1.0,0.0,3.0,0.0,2021,Lazio,2
2021-05-12,Wed,Serie A,Away,W,7.0,0.0,Torino,,14.0,11.0,15.0,13.0,1.0,0.0,2.0,0.0,2021,Milan,2
2021-05-12,Wed,Serie A,Away,L,0.0,1.0,Lazio,,11.0,5.0,14.0,13.0,3.0,0.0,1.0,0.0,2021,Parma,2
2021-05-12,Wed,Serie A,Away,L,1.0,3.0,Inter,,17.0,6.0,12.0,4.0,4.0,0.0,0.0,0.0,2021,Roma,2
2021-05-12,Wed,Serie A,Home,D,2.0,2.0,Spezia,,14.0,6.0,9.0,17.0,2.0,0.0,2.0,0.0,2021,Sampdoria,2
2021-05-12,Wed,Serie A,Home,L,1.0,3.0,Juventus,,17.0,3.0,10.0,12.0,1.0,0.0,2.0,0.0,2021,Sassuolo,2
2021-05-12,Wed,Serie A,Away,D,2.0,2.0,Sampdoria,,12.0,7.0,17.0,9.0,2.0,0.0,2.0,0.0,2021,Spezia,2
2021-05-12,Wed,Serie A,Home,L,0.0,7.0,Milan,,14.0,1.0,13.0,15.0,2.0,0.0,1.0,0.0,2021,Torino,2
2021-05-13,Thu,Serie A,Home,W,2.0,1.0,Verona,,9.0,4.0,20.0,11.0,3.0,0.0,1.0,0.0,2021,Crotone,3
2021-05-13,Thu,Serie A,Away,L,1.0,2.0,Crotone,,11.0,2.0,11.0,20.0,1.0,0.0,3.0,0.0,2021,Verona,3
2021-05-15,Sat,Serie A,Away,W,4.0,3.0,Genoa,,14.0,7.0,8.0,13.0,2.0,0.0,1.0,0.0,2021,Atalanta,5
2021-05-15,Sat,Serie A,Home,L,3.0,4.0,Atalanta,,10.0,7.0,13.0,8.0,1.0,0.0,2.0,0.0,2021,Genoa,5
2021-05-15,Sat,Serie A,Away,L,2.0,3.0,Juventus,,7.0,3.0,18.0,10.0,5.0,1.0,5.0,1.0,2021,Inter,5
2021-05-15,Sat,Serie A,Home,W,3.0,2.0,Inter,,13.0,7.0,10.0,18.0,5.0,1.0,5.0,1.0,2021,Juventus,5
2021-05-15,Sat,Serie A,Away,L,0.0,2.0,Roma,,10.0,5.0,8.0,8.0,2.0,1.0,2.0,0.0,2021,Lazio,5
2021-05-15,Sat,Serie A,Home,W,2.0,0.0,Lazio,,13.0,2.0,8.0,8.0,2.0,0.0,2.0,1.0,2021,Roma,5
2021-05-15,Sat,Serie A,Home,W,4.0,1.0,Torino,,14.0,11.0,25.0,17.0,3.0,0.0,5.0,0.0,2021,Spezia,5
2021-05-15,Sat,Serie A,Away,L,1.0,4.0,Spezia,,6.0,3.0,17.0,25.0,5.0,0.0,3.0,0.0,2021,Torino,5
2021-05-16,Sun,Serie A,Home,D,1.0,1.0,Crotone,,19.0,11.0,12.0,19.0,2.0,0.0,2.0,1.0,2021,Benevento,6
2021-05-16,Sun,Serie A,Away,D,0.0,0.0,Milan,,6.0,2.0,8.0,8.0,2.0,0.0,2.0,0.0,2021,Cagliari,6
2021-05-16,Sun,Serie A,Away,D,1.0,1.0,Benevento,,6.0,2.0,19.0,12.0,2.0,1.0,2.0,0.0,2021,Crotone,6
2021-05-16,Sun,Serie A,Home,L,0.0,2.0,Napoli,,7.0,3.0,15.0,9.0,5.0,1.0,1.0,0.0,2021,Fiorentina,6
2021-05-16,Sun,Serie A,Home,D,0.0,0.0,Cagliari,,20.0,4.0,8.0,8.0,2.0,0.0,2.0,0.0,2021,Milan,6
2021-05-16,Sun,Serie A,Away,W,2.0,0.0,Fiorentina,,18.0,8.0,9.0,15.0,1.0,0.0,5.0,1.0,2021,Napoli,6
2021-05-16,Sun,Serie A,Home,L,1.0,3.0,Sassuolo,,16.0,8.0,13.0,13.0,1.0,0.0,0.0,0.0,2021,Parma,6
2021-05-16,Sun,Serie A,Away,W,1.0,0.0,Udinese,,15.0,6.0,13.0,12.0,1.0,0.0,3.0,0.0,2021,Sampdoria,6
2021-05-16,Sun,Serie A,Away,W,3.0,1.0,Parma,,15.0,12.0,13.0,13.0,0.0,0.0,1.0,0.0,2021,Sassuolo,6
2021-05-16,Sun,Serie A,Home,L,0.0,1.0,Sampdoria,,9.0,2.0,12.0,13.0,3.0,0.0,1.0,0.0,2021,Udinese,6
2021-05-17,Mon,Serie A,Away,D,2.0,2.0,Verona,,13.0,5.0,17.0,19.0,3.0,0.0,3.0,0.0,2021,Bologna,0
2021-05-17,Mon,Serie A,Home,D,2.0,2.0,Bologna,,11.0,5.0,19.0,17.0,3.0,0.0,3.0,0.0,2021,Verona,0
2021-05-18,Tue,Serie A,Home,D,0.0,0.0,Torino,,21.0,11.0,11.0,13.0,4.0,0.0,0.0,0.0,2021,Lazio,1
2021-05-18,Tue,Serie A,Away,D,0.0,0.0,Lazio,,6.0,4.0,13.0,11.0,0.0,0.0,4.0,0.0,2021,Torino,1
2021-05-22,Sat,Serie A,Home,L,0.0,1.0,Genoa,,16.0,7.0,9.0,13.0,1.0,0.0,4.0,1.0,2021,Cagliari,5
2021-05-22,Sat,Serie A,Home,D,0.0,0.0,Fiorentina,,12.0,4.0,11.0,10.0,2.0,0.0,2.0,0.0,2021,Crotone,5
2021-05-22,Sat,Serie A,Away,D,0.0,0.0,Crotone,,11.0,3.0,10.0,11.0,2.0,0.0,2.0,0.0,2021,Fiorentina,5
2021-05-22,Sat,Serie A,Away,W,1.0,0.0,Cagliari,,11.0,5.0,13.0,9.0,4.0,1.0,1.0,0.0,2021,Genoa,5
2021-05-22,Sat,Serie A,Away,L,0.0,3.0,Sampdoria,,11.0,1.0,12.0,10.0,1.0,0.0,1.0,0.0,2021,Parma,5
2021-05-22,Sat,Serie A,Home,W,3.0,0.0,Parma,,12.0,4.0,10.0,12.0,1.0,0.0,1.0,0.0,2021,Sampdoria,5
2021-05-23,Sun,Serie A,Home,L,0.0,2.0,Milan,,11.0,1.0,17.0,11.0,3.0,1.0,3.0,0.0,2021,Atalanta,6
2021-05-23,Sun,Serie A,Away,D,1.0,1.0,Torino,,9.0,3.0,10.0,17.0,2.0,0.0,0.0,0.0,2021,Benevento,6
2021-05-23,Sun,Serie A,Home,L,1.0,4.0,Juventus,,18.0,5.0,7.0,16.0,1.0,0.0,2.0,0.0,2021,Bologna,6
2021-05-23,Sun,Serie A,Home,W,5.0,1.0,Udinese,,14.0,9.0,13.0,16.0,1.0,0.0,0.0,0.0,2021,Inter,6
2021-05-23,Sun,Serie A,Away,W,4.0,1.0,Bologna,,19.0,11.0,16.0,7.0,2.0,0.0,1.0,0.0,2021,Juventus,6
2021-05-23,Sun,Serie A,Away,L,0.0,2.0,Sassuolo,,9.0,2.0,15.0,11.0,1.0,0.0,2.0,1.0,2021,Lazio,6
2021-05-23,Sun,Serie A,Away,W,2.0,0.0,Atalanta,,7.0,3.0,11.0,17.0,3.0,0.0,3.0,1.0,2021,Milan,6
2021-05-23,Sun,Serie A,Home,D,1.0,1.0,Verona,,16.0,3.0,13.0,25.0,3.0,0.0,4.0,0.0,2021,Napoli,6
2021-05-23,Sun,Serie A,Away,D,2.0,2.0,Spezia,,14.0,10.0,14.0,13.0,1.0,0.0,0.0,0.0,2021,Roma,6
2021-05-23,Sun,Serie A,Home,W,2.0,0.0,Lazio,,10.0,5.0,11.0,15.0,2.0,1.0,1.0,0.0,2021,Sassuolo,6
2021-05-23,Sun,Serie A,Home,D,2.0,2.0,Roma,,18.0,9.0,13.0,14.0,0.0,0.0,1.0,0.0,2021,Spezia,6
2021-05-23,Sun,Serie A,Home,D,1.0,1.0,Benevento,,12.0,7.0,17.0,10.0,0.0,0.0,2.0,0.0,2021,Torino,6
2021-05-23,Sun,Serie A,Away,L,1.0,5.0,Inter,,8.0,2.0,16.0,13.0,0.0,0.0,1.0,0.0,2021,Udinese,6
2021-05-23,Sun,Serie A,Away,D,1.0,1.0,Napoli,,7.0,4.0,25.0,13.0,4.0,0.0,3.0,0.0,2021,Verona,6
2021-08-21,Sat,Serie A,Away,W,2.0,1.0,Torino,,6.0,2.0,13.0,17.0,2.0,0.0,2.0,0.0,2022,Atalanta,5
2021-08-21,Sat,Serie A,Home,L,1.0,3.0,Lazio,,16.0,5.0,13.0,10.0,2.0,0.0,1.0,0.0,2022,Empoli,5
2021-08-21,Sat,Serie A,Away,L,0.0,4.0,Inter,,11.0,5.0,7.0,18.0,2.0,0.0,1.0,0.0,2022,Genoa,5
2021-08-21,Sat,Serie A,Home,W,4.0,0.0,Genoa,,17.0,8.0,18.0,7.0,1.0,0.0,2.0,0.0,2022,Inter,5
2021-08-21,Sat,Serie A,Away,W,3.0,1.0,Empoli,,8.0,5.0,10.0,13.0,1.0,0.0,2.0,0.0,2022,Lazio,5
2021-08-21,Sat,Serie A,Away,W,3.0,2.0,Verona,,15.0,8.0,12.0,11.0,2.0,0.0,3.0,1.0,2022,Sassuolo,5
2021-08-21,Sat,Serie A,Home,L,1.0,2.0,Atalanta,,19.0,8.0,17.0,13.0,2.0,0.0,2.0,0.0,2022,Torino,5
2021-08-21,Sat,Serie A,Home,L,2.0,3.0,Sassuolo,,12.0,4.0,11.0,12.0,3.0,1.0,2.0,0.0,2022,Verona,5
2021-08-22,Sun,Serie A,Home,W,3.0,2.0,Salernitana,,18.0,7.0,13.0,15.0,6.0,2.0,3.0,1.0,2022,Bologna,6
2021-08-22,Sun,Serie A,Away,L,1.0,3.0,Roma,,11.0,8.0,14.0,12.0,2.0,1.0,3.0,1.0,2022,Fiorentina,6
2021-08-22,Sun,Serie A,Away,D,2.0,2.0,Udinese,,11.0,4.0,12.0,11.0,3.0,0.0,1.0,0.0,2022,Juventus,6
2021-08-22,Sun,Serie A,Home,W,2.0,0.0,Venezia,,13.0,4.0,5.0,22.0,1.0,1.0,7.0,0.0,2022,Napoli,6
2021-08-22,Sun,Serie A,Home,W,3.0,1.0,Fiorentina,,11.0,6.0,12.0,14.0,3.0,1.0,2.0,1.0,2022,Roma,6
2021-08-22,Sun,Serie A,Away,L,2.0,3.0,Bologna,,8.0,4.0,15.0,13.0,3.0,1.0,6.0,2.0,2022,Salernitana,6
2021-08-22,Sun,Serie A,Home,D,2.0,2.0,Juventus,,11.0,6.0,11.0,12.0,1.0,0.0,3.0,0.0,2022,Udinese,6
2021-08-22,Sun,Serie A,Away,L,0.0,2.0,Napoli,,8.0,4.0,22.0,5.0,7.0,0.0,1.0,1.0,2022,Venezia,6
2021-08-23,Mon,Serie A,Home,D,2.0,2.0,Spezia,,16.0,10.0,17.0,17.0,2.0,0.0,3.0,0.0,2022,Cagliari,0
2021-08-23,Mon,Serie A,Away,W,1.0,0.0,Sampdoria,,10.0,4.0,14.0,16.0,1.0,0.0,3.0,0.0,2022,Milan,0
2021-08-23,Mon,Serie A,Home,L,0.0,1.0,Milan,,11.0,3.0,16.0,14.0,3.0,0.0,1.0,0.0,2022,Sampdoria,0
2021-08-23,Mon,Serie A,Away,D,2.0,2.0,Cagliari,,13.0,6.0,17.0,17.0,3.0,0.0,2.0,0.0,2022,Spezia,0
2021-08-27,Fri,Serie A,Away,W,3.0,1.0,Verona,,15.0,8.0,12.0,13.0,2.0,0.0,2.0,0.0,2022,Inter,4
2021-08-27,Fri,Serie A,Home,W,3.0,0.0,Venezia,,18.0,10.0,11.0,8.0,2.0,0.0,3.0,0.0,2022,Udinese,4
2021-08-27,Fri,Serie A,Away,L,0.0,3.0,Udinese,,8.0,3.0,8.0,11.0,3.0,0.0,2.0,0.0,2022,Venezia,4
2021-08-27,Fri,Serie A,Home,L,1.0,3.0,Inter,,4.0,1.0,13.0,12.0,2.0,0.0,2.0,0.0,2022,Verona,4
2021-08-28,Sat,Serie A,Home,D,0.0,0.0,Bologna,,21.0,3.0,11.0,14.0,2.0,0.0,5.0,0.0,2022,Atalanta,5
2021-08-28,Sat,Serie A,Away,D,0.0,0.0,Atalanta,,3.0,1.0,14.0,11.0,5.0,0.0,2.0,0.0,2022,Bologna,5
2021-08-28,Sat,Serie A,Away,W,1.0,0.0,Juventus,,9.0,3.0,6.0,11.0,3.0,0.0,2.0,0.0,2022,Empoli,5
2021-08-28,Sat,Serie A,Home,W,2.0,1.0,Torino,,10.0,7.0,13.0,28.0,4.0,0.0,5.0,0.0,2022,Fiorentina,5
2021-08-28,Sat,Serie A,Home,L,0.0,1.0,Empoli,,20.0,6.0,11.0,6.0,2.0,0.0,3.0,0.0,2022,Juventus,5
2021-08-28,Sat,Serie A,Home,W,6.0,1.0,Spezia,,18.0,10.0,12.0,9.0,0.0,0.0,2.0,1.0,2022,Lazio,5
2021-08-28,Sat,Serie A,Away,L,1.0,6.0,Lazio,,5.0,2.0,9.0,12.0,2.0,1.0,0.0,0.0,2022,Spezia,5
2021-08-28,Sat,Serie A,Away,L,1.0,2.0,Fiorentina,,4.0,1.0,28.0,13.0,5.0,0.0,4.0,0.0,2022,Torino,5
2021-08-29,Sun,Serie A,Away,L,1.0,4.0,Milan,,6.0,2.0,11.0,12.0,5.0,0.0,1.0,0.0,2022,Cagliari,6
2021-08-29,Sun,Serie A,Home,L,1.0,2.0,Napoli,,7.0,3.0,17.0,15.0,2.0,0.0,3.0,0.0,2022,Genoa,6
2021-08-29,Sun,Serie A,Home,W,4.0,1.0,Cagliari,,17.0,5.0,12.0,11.0,1.0,0.0,5.0,0.0,2022,Milan,6
2021-08-29,Sun,Serie A,Away,W,2.0,1.0,Genoa,,12.0,8.0,15.0,17.0,3.0,0.0,2.0,0.0,2022,Napoli,6
2021-08-29,Sun,Serie A,Away,W,4.0,0.0,Salernitana,,21.0,10.0,11.0,12.0,2.0,0.0,2.0,0.0,2022,Roma,6
2021-08-29,Sun,Serie A,Home,L,0.0,4.0,Roma,,4.0,0.0,12.0,11.0,2.0,0.0,2.0,0.0,2022,Salernitana,6
2021-08-29,Sun,Serie A,Away,D,0.0,0.0,Sassuolo,,13.0,3.0,14.0,9.0,2.0,0.0,2.0,0.0,2022,Sampdoria,6
2021-08-29,Sun,Serie A,Home,D,0.0,0.0,Sampdoria,,19.0,6.0,9.0,14.0,2.0,0.0,2.0,0.0,2022,Sassuolo,6
2021-09-11,Sat,Serie A,Home,L,1.0,2.0,Fiorentina,,10.0,5.0,14.0,19.0,5.0,0.0,4.0,0.0,2022,Atalanta,5
2021-09-11,Sat,Serie A,Home,L,1.0,2.0,Venezia,,17.0,6.0,12.0,21.0,2.0,0.0,5.0,0.0,2022,Empoli,5
2021-09-11,Sat,Serie A,Away,W,2.0,1.0,Atalanta,,7.0,2.0,19.0,14.0,4.0,0.0,5.0,0.0,2022,Fiorentina,5
2021-09-11,Sat,Serie A,Away,L,1.0,2.0,Napoli,,7.0,4.0,16.0,14.0,1.0,0.0,2.0,0.0,2022,Juventus,5
2021-09-11,Sat,Serie A,Home,W,2.0,1.0,Juventus,,24.0,7.0,14.0,16.0,2.0,0.0,1.0,0.0,2022,Napoli,5
2021-09-11,Sat,Serie A,Away,W,2.0,1.0,Empoli,,10.0,3.0,21.0,12.0,5.0,0.0,2.0,0.0,2022,Venezia,5
2021-09-12,Sun,Serie A,Home,L,2.0,3.0,Genoa,,8.0,3.0,15.0,15.0,2.0,0.0,3.0,0.0,2022,Cagliari,6
2021-09-12,Sun,Serie A,Away,W,3.0,2.0,Cagliari,,9.0,3.0,15.0,15.0,3.0,0.0,2.0,0.0,2022,Genoa,6
2021-09-12,Sun,Serie A,Away,D,2.0,2.0,Sampdoria,,8.0,3.0,13.0,12.0,4.0,0.0,4.0,0.0,2022,Inter,6
2021-09-12,Sun,Serie A,Away,L,0.0,2.0,Milan,,7.0,5.0,18.0,9.0,4.0,0.0,1.0,0.0,2022,Lazio,6
2021-09-12,Sun,Serie A,Home,W,2.0,0.0,Lazio,,17.0,3.0,9.0,18.0,1.0,0.0,4.0,0.0,2022,Milan,6
2021-09-12,Sun,Serie A,Home,W,2.0,1.0,Sassuolo,,19.0,9.0,7.0,11.0,2.0,0.0,1.0,0.0,2022,Roma,6
2021-09-12,Sun,Serie A,Away,L,0.0,4.0,Torino,,7.0,2.0,11.0,10.0,2.0,0.0,0.0,0.0,2022,Salernitana,6
2021-09-12,Sun,Serie A,Home,D,2.0,2.0,Inter,,12.0,3.0,12.0,13.0,4.0,0.0,4.0,0.0,2022,Sampdoria,6
2021-09-12,Sun,Serie A,Away,L,1.0,2.0,Roma,,13.0,7.0,11.0,7.0,1.0,0.0,2.0,0.0,2022,Sassuolo,6
2021-09-12,Sun,Serie A,Home,L,0.0,1.0,Udinese,,20.0,5.0,12.0,14.0,1.0,0.0,2.0,0.0,2022,Spezia,6
2021-09-12,Sun,Serie A,Home,W,4.0,0.0,Salernitana,,15.0,7.0,10.0,11.0,0.0,0.0,2.0,0.0,2022,Torino,6
2021-09-12,Sun,Serie A,Away,W,1.0,0.0,Spezia,,8.0,4.0,14.0,12.0,2.0,0.0,1.0,0.0,2022,Udinese,6
2021-09-13,Mon,Serie A,Home,W,1.0,0.0,Verona,,13.0,4.0,14.0,21.0,1.0,0.0,3.0,0.0,2022,Bologna,0
2021-09-13,Mon,Serie A,Away,L,0.0,1.0,Bologna,,5.0,1.0,21.0,14.0,3.0,0.0,1.0,0.0,2022,Verona,0
2021-09-17,Fri,Serie A,Home,L,0.0,1.0,Torino,,9.0,1.0,7.0,20.0,0.0,0.0,4.0,0.0,2022,Sassuolo,4
2021-09-17,Fri,Serie A,Away,W,1.0,0.0,Sassuolo,,18.0,6.0,20.0,7.0,4.0,0.0,0.0,0.0,2022,Torino,4
2021-09-18,Sat,Serie A,Away,W,1.0,0.0,Salernitana,,10.0,3.0,13.0,21.0,4.0,0.0,4.0,0.0,2022,Atalanta,5
2021-09-18,Sat,Serie A,Away,L,1.0,6.0,Inter,,7.0,2.0,9.0,10.0,3.0,0.0,0.0,0.0,2022,Bologna,5
2021-09-18,Sat,Serie A,Away,W,2.0,1.0,Genoa,,16.0,5.0,16.0,13.0,4.0,0.0,4.0,0.0,2022,Fiorentina,5
2021-09-18,Sat,Serie A,Home,L,1.0,2.0,Fiorentina,,9.0,3.0,13.0,16.0,4.0,0.0,4.0,0.0,2022,Genoa,5
2021-09-18,Sat,Serie A,Home,W,6.0,1.0,Bologna,,19.0,11.0,10.0,9.0,0.0,0.0,3.0,0.0,2022,Inter,5
2021-09-18,Sat,Serie A,Home,L,0.0,1.0,Atalanta,,11.0,1.0,21.0,13.0,4.0,0.0,4.0,0.0,2022,Salernitana,5
2021-09-19,Sun,Serie A,Away,D,2.0,2.0,Lazio,,10.0,3.0,11.0,3.0,3.0,1.0,1.0,0.0,2022,Cagliari,6
2021-09-19,Sun,Serie A,Home,L,0.0,3.0,Sampdoria,,15.0,4.0,10.0,10.0,2.0,0.0,2.0,0.0,2022,Empoli,6
2021-09-19,Sun,Serie A,Home,D,1.0,1.0,Milan,,9.0,4.0,13.0,16.0,1.0,0.0,1.0,0.0,2022,Juventus,6
2021-09-19,Sun,Serie A,Home,D,2.0,2.0,Cagliari,,28.0,10.0,3.0,11.0,1.0,0.0,3.0,1.0,2022,Lazio,6
2021-09-19,Sun,Serie A,Away,D,1.0,1.0,Juventus,,13.0,3.0,16.0,13.0,1.0,0.0,1.0,0.0,2022,Milan,6
2021-09-19,Sun,Serie A,Away,L,2.0,3.0,Verona,,15.0,2.0,13.0,14.0,2.0,0.0,4.0,0.0,2022,Roma,6
2021-09-19,Sun,Serie A,Away,W,3.0,0.0,Empoli,,14.0,7.0,10.0,10.0,2.0,0.0,2.0,0.0,2022,Sampdoria,6
2021-09-19,Sun,Serie A,Away,W,2.0,1.0,Venezia,,12.0,3.0,10.0,13.0,1.0,0.0,4.0,0.0,2022,Spezia,6
2021-09-19,Sun,Serie A,Home,L,1.0,2.0,Spezia,,14.0,3.0,13.0,10.0,4.0,0.0,1.0,0.0,2022,Venezia,6
2021-09-19,Sun,Serie A,Home,W,3.0,2.0,Roma,,10.0,6.0,14.0,13.0,4.0,0.0,2.0,0.0,2022,Verona,6
2021-09-20,Mon,Serie A,Away,W,4.0,0.0,Udinese,,18.0,8.0,11.0,10.0,1.0,0.0,2.0,0.0,2022,Napoli,0
2021-09-20,Mon,Serie A,Home,L,0.0,4.0,Napoli,,9.0,1.0,10.0,11.0,2.0,0.0,1.0,0.0,2022,Udinese,0
2021-09-21,Tue,Serie A,Home,W,2.0,1.0,Sassuolo,,14.0,5.0,17.0,16.0,2.0,0.0,2.0,0.0,2022,Atalanta,1
2021-09-21,Tue,Serie A,Home,D,2.0,2.0,Genoa,,17.0,6.0,14.0,15.0,3.0,0.0,4.0,0.0,2022,Bologna,1
2021-09-21,Tue,Serie A,Home,L,1.0,3.0,Inter,,14.0,6.0,11.0,15.0,2.0,1.0,3.0,0.0,2022,Fiorentina,1
2021-09-21,Tue,Serie A,Away,D,2.0,2.0,Bologna,,11.0,6.0,15.0,14.0,4.0,0.0,3.0,0.0,2022,Genoa,1
2021-09-21,Tue,Serie A,Away,W,3.0,1.0,Fiorentina,,17.0,5.0,15.0,11.0,3.0,0.0,2.0,1.0,2022,Inter,1
2021-09-21,Tue,Serie A,Away,L,1.0,2.0,Atalanta,,8.0,1.0,16.0,17.0,2.0,0.0,2.0,0.0,2022,Sassuolo,1
2021-09-22,Wed,Serie A,Home,L,0.0,2.0,Empoli,,16.0,1.0,15.0,13.0,2.0,0.0,1.0,0.0,2022,Cagliari,2
2021-09-22,Wed,Serie A,Away,W,2.0,0.0,Cagliari,,17.0,5.0,13.0,15.0,1.0,0.0,2.0,0.0,2022,Empoli,2
2021-09-22,Wed,Serie A,Away,W,3.0,2.0,Spezia,,26.0,9.0,10.0,14.0,1.0,0.0,2.0,0.0,2022,Juventus,2
2021-09-22,Wed,Serie A,Home,W,2.0,0.0,Venezia,,15.0,4.0,12.0,13.0,0.0,0.0,2.0,0.0,2022,Milan,2
2021-09-22,Wed,Serie A,Home,D,2.0,2.0,Verona,,15.0,4.0,13.0,17.0,2.0,0.0,3.0,0.0,2022,Salernitana,2
2021-09-22,Wed,Serie A,Home,L,2.0,3.0,Juventus,,10.0,5.0,14.0,10.0,2.0,0.0,1.0,0.0,2022,Spezia,2
2021-09-22,Wed,Serie A,Away,L,0.0,2.0,Milan,,8.0,2.0,13.0,12.0,2.0,0.0,0.0,0.0,2022,Venezia,2
2021-09-22,Wed,Serie A,Away,D,2.0,2.0,Salernitana,,10.0,5.0,17.0,13.0,3.0,0.0,2.0,0.0,2022,Verona,2
2021-09-23,Thu,Serie A,Away,D,1.0,1.0,Torino,,6.0,2.0,9.0,19.0,3.0,0.0,3.0,0.0,2022,Lazio,3
2021-09-23,Thu,Serie A,Away,W,4.0,0.0,Sampdoria,,17.0,9.0,7.0,10.0,1.0,0.0,2.0,0.0,2022,Napoli,3
2021-09-23,Thu,Serie A,Home,W,1.0,0.0,Udinese,,12.0,2.0,22.0,8.0,4.0,1.0,1.0,0.0,2022,Roma,3
2021-09-23,Thu,Serie A,Home,L,0.0,4.0,Napoli,,13.0,5.0,10.0,7.0,2.0,0.0,1.0,0.0,2022,Sampdoria,3
2021-09-23,Thu,Serie A,Home,D,1.0,1.0,Lazio,,16.0,5.0,19.0,9.0,3.0,0.0,3.0,0.0,2022,Torino,3
2021-09-23,Thu,Serie A,Away,L,0.0,1.0,Roma,,8.0,3.0,8.0,22.0,1.0,0.0,4.0,1.0,2022,Udinese,3
2021-09-25,Sat,Serie A,Away,D,2.0,2.0,Inter,,23.0,5.0,11.0,13.0,5.0,0.0,3.0,0.0,2022,Atalanta,5
2021-09-25,Sat,Serie A,Home,D,3.0,3.0,Verona,,10.0,4.0,13.0,13.0,3.0,0.0,2.0,0.0,2022,Genoa,5
2021-09-25,Sat,Serie A,Home,D,2.0,2.0,Atalanta,,19.0,6.0,13.0,11.0,3.0,0.0,5.0,0.0,2022,Inter,5
2021-09-25,Sat,Serie A,Away,W,2.0,1.0,Spezia,,18.0,5.0,11.0,12.0,2.0,0.0,2.0,0.0,2022,Milan,5
2021-09-25,Sat,Serie A,Home,L,1.0,2.0,Milan,,8.0,2.0,12.0,11.0,2.0,0.0,2.0,0.0,2022,Spezia,5
2021-09-25,Sat,Serie A,Away,D,3.0,3.0,Genoa,,12.0,7.0,13.0,13.0,2.0,0.0,3.0,0.0,2022,Verona,5
2021-09-26,Sun,Serie A,Away,L,2.0,4.0,Empoli,,20.0,5.0,22.0,15.0,2.0,0.0,2.0,0.0,2022,Bologna,6
2021-09-26,Sun,Serie A,Away,L,0.0,2.0,Napoli,,6.0,1.0,10.0,12.0,1.0,0.0,2.0,0.0,2022,Cagliari,6
2021-09-26,Sun,Serie A,Home,W,4.0,2.0,Bologna,,15.0,7.0,15.0,22.0,2.0,0.0,2.0,0.0,2022,Empoli,6
2021-09-26,Sun,Serie A,Away,W,1.0,0.0,Udinese,,8.0,2.0,11.0,14.0,3.0,0.0,2.0,0.0,2022,Fiorentina,6
2021-09-26,Sun,Serie A,Home,W,3.0,2.0,Sampdoria,,16.0,6.0,22.0,16.0,4.0,0.0,3.0,0.0,2022,Juventus,6
2021-09-26,Sun,Serie A,Home,W,3.0,2.0,Roma,,9.0,4.0,11.0,13.0,2.0,0.0,4.0,0.0,2022,Lazio,6
2021-09-26,Sun,Serie A,Home,W,2.0,0.0,Cagliari,,18.0,7.0,12.0,10.0,2.0,0.0,1.0,0.0,2022,Napoli,6
2021-09-26,Sun,Serie A,Away,L,2.0,3.0,Lazio,,20.0,8.0,13.0,11.0,4.0,0.0,2.0,0.0,2022,Roma,6
2021-09-26,Sun,Serie A,Away,L,0.0,1.0,Sassuolo,,12.0,5.0,16.0,16.0,3.0,0.0,3.0,0.0,2022,Salernitana,6
2021-09-26,Sun,Serie A,Away,L,2.0,3.0,Juventus,,5.0,3.0,16.0,22.0,3.0,0.0,4.0,0.0,2022,Sampdoria,6
2021-09-26,Sun,Serie A,Home,W,1.0,0.0,Salernitana,,17.0,6.0,16.0,16.0,3.0,0.0,3.0,0.0,2022,Sassuolo,6
2021-09-26,Sun,Serie A,Home,L,0.0,1.0,Fiorentina,,12.0,5.0,14.0,11.0,2.0,0.0,3.0,0.0,2022,Udinese,6
2021-09-27,Mon,Serie A,Away,D,1.0,1.0,Venezia,,8.0,3.0,18.0,9.0,4.0,1.0,1.0,0.0,2022,Torino,0
2021-09-27,Mon,Serie A,Home,D,1.0,1.0,Torino,,8.0,2.0,9.0,18.0,1.0,0.0,4.0,1.0,2022,Venezia,0
2021-10-01,Fri,Serie A,Home,D,1.0,1.0,Venezia,,9.0,3.0,15.0,19.0,2.0,0.0,5.0,0.0,2022,Cagliari,4
2021-10-01,Fri,Serie A,Away,D,1.0,1.0,Cagliari,,10.0,4.0,19.0,15.0,5.0,0.0,2.0,0.0,2022,Venezia,4
2021-10-02,Sat,Serie A,Away,L,0.0,1.0,Salernitana,,19.0,4.0,17.0,15.0,2.0,0.0,2.0,0.0,2022,Genoa,5
2021-10-02,Sat,Serie A,Away,W,2.0,1.0,Sassuolo,,18.0,3.0,19.0,10.0,2.0,0.0,4.0,0.0,2022,Inter,5
2021-10-02,Sat,Serie A,Away,W,1.0,0.0,Torino,,10.0,3.0,14.0,20.0,1.0,0.0,3.0,0.0,2022,Juventus,5
2021-10-02,Sat,Serie A,Home,W,1.0,0.0,Genoa,,10.0,4.0,15.0,17.0,2.0,0.0,2.0,0.0,2022,Salernitana,5
2021-10-02,Sat,Serie A,Home,L,1.0,2.0,Inter,,12.0,8.0,10.0,19.0,4.0,0.0,2.0,0.0,2022,Sassuolo,5
2021-10-02,Sat,Serie A,Home,L,0.0,1.0,Juventus,,12.0,2.0,20.0,14.0,3.0,0.0,1.0,0.0,2022,Torino,5
2021-10-03,Sun,Serie A,Home,L,2.0,3.0,Milan,,17.0,6.0,13.0,14.0,1.0,0.0,4.0,0.0,2022,Atalanta,6
2021-10-03,Sun,Serie A,Home,W,3.0,0.0,Lazio,,10.0,3.0,5.0,16.0,2.0,0.0,5.0,1.0,2022,Bologna,6
2021-10-03,Sun,Serie A,Away,L,0.0,2.0,Roma,,11.0,3.0,16.0,11.0,3.0,0.0,2.0,0.0,2022,Empoli,6
2021-10-03,Sun,Serie A,Home,L,1.0,2.0,Napoli,,10.0,3.0,16.0,13.0,3.0,0.0,3.0,0.0,2022,Fiorentina,6
2021-10-03,Sun,Serie A,Away,L,0.0,3.0,Bologna,,8.0,4.0,16.0,5.0,5.0,1.0,2.0,0.0,2022,Lazio,6
2021-10-03,Sun,Serie A,Away,W,3.0,2.0,Atalanta,,13.0,7.0,14.0,13.0,4.0,0.0,1.0,0.0,2022,Milan,6
2021-10-03,Sun,Serie A,Away,W,2.0,1.0,Fiorentina,,12.0,6.0,13.0,16.0,3.0,0.0,3.0,0.0,2022,Napoli,6
2021-10-03,Sun,Serie A,Home,W,2.0,0.0,Empoli,,18.0,7.0,11.0,16.0,2.0,0.0,3.0,0.0,2022,Roma,6
2021-10-03,Sun,Serie A,Home,D,3.0,3.0,Udinese,,13.0,3.0,12.0,15.0,4.0,0.0,5.0,0.0,2022,Sampdoria,6
2021-10-03,Sun,Serie A,Away,L,0.0,4.0,Verona,,12.0,4.0,11.0,15.0,1.0,1.0,1.0,0.0,2022,Spezia,6
2021-10-03,Sun,Serie A,Away,D,3.0,3.0,Sampdoria,,18.0,7.0,15.0,12.0,5.0,0.0,4.0,0.0,2022,Udinese,6
2021-10-03,Sun,Serie A,Home,W,4.0,0.0,Spezia,,6.0,4.0,15.0,11.0,1.0,0.0,1.0,1.0,2022,Verona,6
2021-10-16,Sat,Serie A,Away,L,1.0,3.0,Lazio,,12.0,4.0,12.0,12.0,6.0,0.0,3.0,1.0,2022,Inter,5
2021-10-16,Sat,Serie A,Home,W,3.0,1.0,Inter,,19.0,8.0,12.0,12.0,3.0,1.0,6.0,0.0,2022,Lazio,5
2021-10-16,Sat,Serie A,Home,W,3.0,2.0,Verona,,17.0,4.0,11.0,20.0,1.0,0.0,4.0,0.0,2022,Milan,5
2021-10-16,Sat,Serie A,Away,L,1.0,2.0,Spezia,,15.0,4.0,15.0,13.0,3.0,0.0,2.0,0.0,2022,Salernitana,5
2021-10-16,Sat,Serie A,Home,W,2.0,1.0,Salernitana,,18.0,5.0,13.0,15.0,2.0,0.0,3.0,0.0,2022,Spezia,5
2021-10-16,Sat,Serie A,Away,L,2.0,3.0,Milan,,10.0,5.0,20.0,11.0,4.0,0.0,1.0,0.0,2022,Verona,5
2021-10-17,Sun,Serie A,Away,W,4.0,1.0,Empoli,,22.0,7.0,15.0,10.0,2.0,0.0,3.0,0.0,2022,Atalanta,6
2021-10-17,Sun,Serie A,Away,D,1.0,1.0,Udinese,,23.0,11.0,11.0,15.0,7.0,0.0,3.0,1.0,2022,Bologna,6
2021-10-17,Sun,Serie A,Home,W,3.0,1.0,Sampdoria,,12.0,5.0,14.0,18.0,4.0,0.0,2.0,0.0,2022,Cagliari,6
2021-10-17,Sun,Serie A,Home,L,1.0,4.0,Atalanta,,13.0,6.0,10.0,15.0,3.0,0.0,2.0,0.0,2022,Empoli,6
2021-10-17,Sun,Serie A,Home,D,2.0,2.0,Sassuolo,,19.0,4.0,11.0,18.0,2.0,0.0,4.0,0.0,2022,Genoa,6
2021-10-17,Sun,Serie A,Home,W,1.0,0.0,Roma,,6.0,2.0,18.0,13.0,3.0,0.0,5.0,0.0,2022,Juventus,6
2021-10-17,Sun,Serie A,Home,W,1.0,0.0,Torino,,10.0,3.0,6.0,20.0,2.0,0.0,4.0,0.0,2022,Napoli,6
2021-10-17,Sun,Serie A,Away,L,0.0,1.0,Juventus,,14.0,4.0,13.0,18.0,5.0,0.0,3.0,0.0,2022,Roma,6
2021-10-17,Sun,Serie A,Away,L,1.0,3.0,Cagliari,,17.0,3.0,18.0,14.0,2.0,0.0,4.0,0.0,2022,Sampdoria,6
2021-10-17,Sun,Serie A,Away,D,2.0,2.0,Genoa,,15.0,5.0,18.0,11.0,4.0,0.0,2.0,0.0,2022,Sassuolo,6
2021-10-17,Sun,Serie A,Away,L,0.0,1.0,Napoli,,11.0,3.0,20.0,6.0,4.0,0.0,2.0,0.0,2022,Torino,6
2021-10-17,Sun,Serie A,Home,D,1.0,1.0,Bologna,,10.0,2.0,15.0,11.0,3.0,1.0,7.0,0.0,2022,Udinese,6
2021-10-18,Mon,Serie A,Away,L,0.0,1.0,Venezia,,10.0,2.0,11.0,17.0,5.0,1.0,2.0,0.0,2022,Fiorentina,0
2021-10-18,Mon,Serie A,Home,W,1.0,0.0,Fiorentina,,4.0,2.0,17.0,11.0,2.0,0.0,5.0,1.0,2022,Venezia,0
2021-10-22,Fri,Serie A,Away,L,2.0,3.0,Torino,,14.0,4.0,18.0,20.0,3.0,0.0,2.0,0.0,2022,Genoa,4
2021-10-22,Fri,Serie A,Home,W,2.0,1.0,Spezia,,6.0,2.0,9.0,9.0,3.0,0.0,1.0,0.0,2022,Sampdoria,4
2021-10-22,Fri,Serie A,Away,L,1.0,2.0,Sampdoria,,17.0,7.0,9.0,9.0,1.0,0.0,3.0,0.0,2022,Spezia,4
2021-10-22,Fri,Serie A,Home,W,3.0,2.0,Genoa,,17.0,6.0,20.0,18.0,2.0,0.0,3.0,0.0,2022,Torino,4
2021-10-23,Sat,Serie A,Home,L,2.0,4.0,Milan,,9.0,4.0,7.0,15.0,1.0,2.0,3.0,0.0,2022,Bologna,5
2021-10-23,Sat,Serie A,Away,W,4.0,2.0,Salernitana,,11.0,6.0,16.0,11.0,3.0,0.0,1.0,0.0,2022,Empoli,5
2021-10-23,Sat,Serie A,Away,W,4.0,2.0,Bologna,,15.0,7.0,15.0,7.0,3.0,0.0,1.0,2.0,2022,Milan,5
2021-10-23,Sat,Serie A,Home,L,2.0,4.0,Empoli,,12.0,6.0,11.0,16.0,1.0,0.0,3.0,0.0,2022,Salernitana,5
2021-10-23,Sat,Serie A,Home,W,3.0,1.0,Venezia,,14.0,7.0,10.0,15.0,1.0,0.0,2.0,0.0,2022,Sassuolo,5
2021-10-23,Sat,Serie A,Away,L,1.0,3.0,Sassuolo,,8.0,3.0,15.0,10.0,2.0,0.0,1.0,0.0,2022,Venezia,5
2021-10-24,Sun,Serie A,Home,D,1.0,1.0,Udinese,,8.0,3.0,15.0,15.0,2.0,0.0,2.0,0.0,2022,Atalanta,6
2021-10-24,Sun,Serie A,Away,L,0.0,3.0,Fiorentina,,3.0,1.0,15.0,11.0,2.0,0.0,0.0,0.0,2022,Cagliari,6
2021-10-24,Sun,Serie A,Home,W,3.0,0.0,Cagliari,,21.0,5.0,11.0,15.0,0.0,0.0,2.0,0.0,2022,Fiorentina,6
2021-10-24,Sun,Serie A,Home,D,1.0,1.0,Juventus,,10.0,2.0,14.0,16.0,2.0,0.0,2.0,0.0,2022,Inter,6
2021-10-24,Sun,Serie A,Away,D,1.0,1.0,Inter,,16.0,4.0,16.0,14.0,2.0,0.0,2.0,0.0,2022,Juventus,6
2021-10-24,Sun,Serie A,Away,L,1.0,4.0,Verona,,9.0,4.0,15.0,12.0,2.0,0.0,2.0,0.0,2022,Lazio,6
2021-10-24,Sun,Serie A,Away,D,0.0,0.0,Roma,,11.0,3.0,10.0,14.0,1.0,0.0,4.0,0.0,2022,Napoli,6
2021-10-24,Sun,Serie A,Home,D,0.0,0.0,Napoli,,13.0,1.0,14.0,10.0,4.0,0.0,1.0,0.0,2022,Roma,6
2021-10-24,Sun,Serie A,Away,D,1.0,1.0,Atalanta,,9.0,3.0,15.0,15.0,2.0,0.0,2.0,0.0,2022,Udinese,6
2021-10-24,Sun,Serie A,Home,W,4.0,1.0,Lazio,,16.0,7.0,12.0,15.0,2.0,0.0,2.0,0.0,2022,Verona,6
2021-10-26,Tue,Serie A,Away,D,1.0,1.0,Spezia,,9.0,2.0,16.0,12.0,4.0,0.0,2.0,0.0,2022,Genoa,1
2021-10-26,Tue,Serie A,Home,W,1.0,0.0,Torino,,10.0,2.0,14.0,21.0,3.0,0.0,3.0,0.0,2022,Milan,1
2021-10-26,Tue,Serie A,Away,W,2.0,1.0,Venezia,,21.0,7.0,13.0,17.0,3.0,0.0,3.0,1.0,2022,Salernitana,1
2021-10-26,Tue,Serie A,Home,D,1.0,1.0,Genoa,,13.0,3.0,12.0,16.0,2.0,0.0,4.0,0.0,2022,Spezia,1
2021-10-26,Tue,Serie A,Away,L,0.0,1.0,Milan,,12.0,2.0,21.0,14.0,3.0,0.0,3.0,0.0,2022,Torino,1
2021-10-26,Tue,Serie A,Home,L,1.0,2.0,Salernitana,,8.0,4.0,17.0,13.0,3.0,1.0,3.0,0.0,2022,Venezia,1
2021-10-27,Wed,Serie A,Away,W,3.0,1.0,Sampdoria,,13.0,4.0,19.0,15.0,3.0,0.0,4.0,0.0,2022,Atalanta,2
2021-10-27,Wed,Serie A,Home,L,1.0,2.0,Roma,,7.0,5.0,16.0,16.0,3.0,0.0,4.0,0.0,2022,Cagliari,2
2021-10-27,Wed,Serie A,Home,L,0.0,2.0,Inter,,9.0,3.0,20.0,15.0,1.0,1.0,3.0,0.0,2022,Empoli,2
2021-10-27,Wed,Serie A,Away,L,0.0,1.0,Lazio,,9.0,1.0,11.0,16.0,3.0,0.0,3.0,0.0,2022,Fiorentina,2
2021-10-27,Wed,Serie A,Away,W,2.0,0.0,Empoli,,21.0,9.0,15.0,20.0,3.0,0.0,1.0,1.0,2022,Inter,2
2021-10-27,Wed,Serie A,Home,L,1.0,2.0,Sassuolo,,14.0,3.0,21.0,15.0,1.0,0.0,5.0,0.0,2022,Juventus,2
2021-10-27,Wed,Serie A,Home,W,1.0,0.0,Fiorentina,,5.0,2.0,16.0,11.0,3.0,0.0,3.0,0.0,2022,Lazio,2
2021-10-27,Wed,Serie A,Away,W,2.0,1.0,Cagliari,,22.0,3.0,16.0,16.0,4.0,0.0,3.0,0.0,2022,Roma,2
2021-10-27,Wed,Serie A,Home,L,1.0,3.0,Atalanta,,8.0,3.0,15.0,19.0,4.0,0.0,3.0,0.0,2022,Sampdoria,2
2021-10-27,Wed,Serie A,Away,W,2.0,1.0,Juventus,,8.0,4.0,15.0,21.0,5.0,0.0,1.0,0.0,2022,Sassuolo,2
2021-10-27,Wed,Serie A,Home,D,1.0,1.0,Verona,,16.0,5.0,13.0,12.0,1.0,0.0,2.0,0.0,2022,Udinese,2
2021-10-27,Wed,Serie A,Away,D,1.0,1.0,Udinese,,5.0,2.0,12.0,13.0,2.0,0.0,1.0,0.0,2022,Verona,2
2021-10-28,Thu,Serie A,Away,L,0.0,3.0,Napoli,,8.0,1.0,5.0,20.0,1.0,0.0,1.0,0.0,2022,Bologna,3
2021-10-28,Thu,Serie A,Home,W,3.0,0.0,Bologna,,18.0,6.0,20.0,5.0,1.0,0.0,1.0,0.0,2022,Napoli,3
2021-10-30,Sat,Serie A,Home,D,2.0,2.0,Lazio,,17.0,3.0,13.0,13.0,1.0,0.0,3.0,0.0,2022,Atalanta,5
2021-10-30,Sat,Serie A,Away,L,1.0,2.0,Verona,,15.0,4.0,8.0,22.0,3.0,0.0,4.0,0.0,2022,Juventus,5
2021-10-30,Sat,Serie A,Away,D,2.0,2.0,Atalanta,,8.0,5.0,13.0,13.0,3.0,0.0,1.0,0.0,2022,Lazio,5
2021-10-30,Sat,Serie A,Away,L,0.0,3.0,Torino,,5.0,1.0,8.0,19.0,4.0,1.0,2.0,0.0,2022,Sampdoria,5
2021-10-30,Sat,Serie A,Home,W,3.0,0.0,Sampdoria,,16.0,6.0,19.0,8.0,2.0,0.0,4.0,1.0,2022,Torino,5
2021-10-30,Sat,Serie A,Home,W,2.0,1.0,Juventus,,12.0,5.0,22.0,8.0,4.0,0.0,3.0,0.0,2022,Verona,5
2021-10-31,Sun,Serie A,Away,W,2.0,1.0,Sassuolo,,14.0,6.0,12.0,16.0,2.0,0.0,4.0,0.0,2022,Empoli,6
2021-10-31,Sun,Serie A,Home,W,3.0,0.0,Spezia,,27.0,12.0,9.0,20.0,4.0,0.0,3.0,0.0,2022,Fiorentina,6
2021-10-31,Sun,Serie A,Home,D,0.0,0.0,Venezia,,19.0,4.0,13.0,13.0,1.0,0.0,3.0,0.0,2022,Genoa,6
2021-10-31,Sun,Serie A,Home,W,2.0,0.0,Udinese,,15.0,6.0,9.0,11.0,0.0,0.0,2.0,0.0,2022,Inter,6
2021-10-31,Sun,Serie A,Away,W,2.0,1.0,Roma,,8.0,3.0,13.0,19.0,7.0,1.0,4.0,0.0,2022,Milan,6
2021-10-31,Sun,Serie A,Away,W,1.0,0.0,Salernitana,,18.0,3.0,13.0,11.0,2.0,1.0,0.0,1.0,2022,Napoli,6
2021-10-31,Sun,Serie A,Home,L,1.0,2.0,Milan,,24.0,6.0,19.0,13.0,4.0,0.0,7.0,1.0,2022,Roma,6
2021-10-31,Sun,Serie A,Home,L,0.0,1.0,Napoli,,9.0,3.0,11.0,13.0,0.0,1.0,2.0,1.0,2022,Salernitana,6
2021-10-31,Sun,Serie A,Home,L,1.0,2.0,Empoli,,15.0,5.0,16.0,12.0,4.0,0.0,2.0,0.0,2022,Sassuolo,6
2021-10-31,Sun,Serie A,Away,L,0.0,3.0,Fiorentina,,3.0,0.0,20.0,9.0,3.0,0.0,4.0,0.0,2022,Spezia,6
2021-10-31,Sun,Serie A,Away,L,0.0,2.0,Inter,,9.0,5.0,11.0,9.0,2.0,0.0,0.0,0.0,2022,Udinese,6
2021-10-31,Sun,Serie A,Away,D,0.0,0.0,Genoa,,6.0,2.0,13.0,13.0,3.0,0.0,1.0,0.0,2022,Venezia,6
2021-11-01,Mon,Serie A,Home,W,2.0,0.0,Cagliari,,8.0,3.0,11.0,9.0,3.0,0.0,2.0,1.0,2022,Bologna,0
2021-11-01,Mon,Serie A,Away,L,0.0,2.0,Bologna,,9.0,2.0,9.0,11.0,2.0,1.0,3.0,0.0,2022,Cagliari,0
2021-11-05,Fri,Serie A,Home,D,2.0,2.0,Genoa,,10.0,2.0,8.0,21.0,0.0,0.0,4.0,0.0,2022,Empoli,4
2021-11-05,Fri,Serie A,Away,D,2.0,2.0,Empoli,,15.0,7.0,21.0,8.0,4.0,0.0,0.0,0.0,2022,Genoa,4
2021-11-06,Sat,Serie A,Away,W,2.0,1.0,Cagliari,,21.0,8.0,9.0,11.0,1.0,0.0,1.0,0.0,2022,Atalanta,5
2021-11-06,Sat,Serie A,Home,L,1.0,2.0,Atalanta,,7.0,1.0,11.0,9.0,1.0,0.0,1.0,0.0,2022,Cagliari,5
2021-11-06,Sat,Serie A,Away,L,0.0,1.0,Juventus,,6.0,1.0,15.0,15.0,4.0,1.0,2.0,0.0,2022,Fiorentina,5
2021-11-06,Sat,Serie A,Home,W,1.0,0.0,Fiorentina,,13.0,3.0,15.0,15.0,2.0,0.0,4.0,1.0,2022,Juventus,5
2021-11-06,Sat,Serie A,Home,W,1.0,0.0,Torino,,7.0,3.0,15.0,17.0,3.0,0.0,3.0,0.0,2022,Spezia,5
2021-11-06,Sat,Serie A,Away,L,0.0,1.0,Spezia,,9.0,1.0,17.0,15.0,3.0,0.0,3.0,0.0,2022,Torino,5
2021-11-07,Sun,Serie A,Away,W,2.0,1.0,Sampdoria,,14.0,7.0,12.0,14.0,1.0,0.0,4.0,0.0,2022,Bologna,6
2021-11-07,Sun,Serie A,Away,D,1.0,1.0,Milan,,13.0,3.0,11.0,16.0,0.0,0.0,1.0,0.0,2022,Inter,6
2021-11-07,Sun,Serie A,Home,W,3.0,0.0,Salernitana,,16.0,5.0,7.0,14.0,1.0,0.0,2.0,0.0,2022,Lazio,6
2021-11-07,Sun,Serie A,Home,D,1.0,1.0,Inter,,16.0,4.0,16.0,11.0,1.0,0.0,0.0,0.0,2022,Milan,6
2021-11-07,Sun,Serie A,Home,D,1.0,1.0,Verona,,16.0,1.0,16.0,19.0,2.0,0.0,7.0,2.0,2022,Napoli,6
2021-11-07,Sun,Serie A,Away,L,2.0,3.0,Venezia,,27.0,10.0,18.0,12.0,2.0,0.0,2.0,0.0,2022,Roma,6
2021-11-07,Sun,Serie A,Away,L,0.0,3.0,Lazio,,5.0,0.0,14.0,7.0,2.0,0.0,1.0,0.0,2022,Salernitana,6
2021-11-07,Sun,Serie A,Home,L,1.0,2.0,Bologna,,10.0,4.0,14.0,12.0,4.0,0.0,1.0,0.0,2022,Sampdoria,6
2021-11-07,Sun,Serie A,Away,L,2.0,3.0,Udinese,,10.0,4.0,15.0,14.0,3.0,0.0,3.0,1.0,2022,Sassuolo,6
2021-11-07,Sun,Serie A,Home,W,3.0,2.0,Sassuolo,,13.0,2.0,14.0,15.0,3.0,1.0,3.0,0.0,2022,Udinese,6
2021-11-07,Sun,Serie A,Home,W,3.0,2.0,Roma,,13.0,7.0,12.0,18.0,2.0,0.0,2.0,0.0,2022,Venezia,6
2021-11-07,Sun,Serie A,Away,D,1.0,1.0,Napoli,,11.0,3.0,19.0,16.0,7.0,2.0,2.0,0.0,2022,Verona,6
2021-11-20,Sat,Serie A,Home,W,5.0,2.0,Spezia,,18.0,9.0,10.0,11.0,2.0,0.0,3.0,0.0,2022,Atalanta,5
2021-11-20,Sat,Serie A,Home,W,4.0,3.0,Milan,,9.0,5.0,6.0,10.0,1.0,0.0,1.0,0.0,2022,Fiorentina,5
2021-11-20,Sat,Serie A,Away,W,2.0,0.0,Lazio,,11.0,5.0,15.0,12.0,1.0,0.0,3.0,0.0,2022,Juventus,5
2021-11-20,Sat,Serie A,Home,L,0.0,2.0,Juventus,,8.0,1.0,12.0,15.0,3.0,0.0,1.0,0.0,2022,Lazio,5
2021-11-20,Sat,Serie A,Away,L,3.0,4.0,Fiorentina,,17.0,7.0,10.0,6.0,1.0,0.0,1.0,0.0,2022,Milan,5
2021-11-20,Sat,Serie A,Away,L,2.0,5.0,Atalanta,,10.0,5.0,11.0,10.0,3.0,0.0,2.0,0.0,2022,Spezia,5
2021-11-21,Sun,Serie A,Home,L,0.0,1.0,Venezia,,22.0,6.0,6.0,9.0,0.0,0.0,3.0,0.0,2022,Bologna,6
2021-11-21,Sun,Serie A,Away,D,2.0,2.0,Sassuolo,,11.0,4.0,10.0,13.0,2.0,0.0,1.0,0.0,2022,Cagliari,6
2021-11-21,Sun,Serie A,Home,L,0.0,2.0,Roma,,1.0,1.0,13.0,13.0,3.0,0.0,2.0,0.0,2022,Genoa,6
2021-11-21,Sun,Serie A,Home,W,3.0,2.0,Napoli,,17.0,7.0,15.0,16.0,4.0,0.0,3.0,0.0,2022,Inter,6
2021-11-21,Sun,Serie A,Away,L,2.0,3.0,Inter,,9.0,3.0,16.0,15.0,3.0,0.0,4.0,0.0,2022,Napoli,6
2021-11-21,Sun,Serie A,Away,W,2.0,0.0,Genoa,,19.0,4.0,13.0,13.0,2.0,0.0,3.0,0.0,2022,Roma,6
2021-11-21,Sun,Serie A,Home,L,0.0,2.0,Sampdoria,,18.0,2.0,10.0,19.0,0.0,0.0,3.0,0.0,2022,Salernitana,6
2021-11-21,Sun,Serie A,Away,W,2.0,0.0,Salernitana,,13.0,6.0,19.0,10.0,3.0,0.0,0.0,0.0,2022,Sampdoria,6
2021-11-21,Sun,Serie A,Home,D,2.0,2.0,Cagliari,,20.0,4.0,13.0,10.0,1.0,0.0,2.0,0.0,2022,Sassuolo,6
2021-11-21,Sun,Serie A,Away,W,1.0,0.0,Bologna,,8.0,6.0,9.0,6.0,3.0,0.0,0.0,0.0,2022,Venezia,6
2021-11-22,Mon,Serie A,Away,L,1.0,2.0,Verona,,9.0,4.0,13.0,7.0,3.0,0.0,1.0,0.0,2022,Empoli,0
2021-11-22,Mon,Serie A,Home,W,2.0,1.0,Udinese,,14.0,4.0,19.0,17.0,1.0,0.0,3.0,0.0,2022,Torino,0
2021-11-22,Mon,Serie A,Away,L,1.0,2.0,Torino,,18.0,7.0,17.0,19.0,3.0,0.0,1.0,0.0,2022,Udinese,0
2021-11-22,Mon,Serie A,Home,W,2.0,1.0,Empoli,,22.0,5.0,7.0,13.0,1.0,0.0,3.0,0.0,2022,Verona,0
2021-11-26,Fri,Serie A,Home,D,1.0,1.0,Salernitana,,19.0,3.0,13.0,10.0,3.0,0.0,1.0,0.0,2022,Cagliari,4
2021-11-26,Fri,Serie A,Away,D,1.0,1.0,Cagliari,,8.0,2.0,10.0,13.0,1.0,0.0,3.0,0.0,2022,Salernitana,4
2021-11-27,Sat,Serie A,Away,W,1.0,0.0,Juventus,,7.0,1.0,20.0,13.0,5.0,0.0,4.0,0.0,2022,Atalanta,5
2021-11-27,Sat,Serie A,Home,W,2.0,1.0,Fiorentina,,17.0,5.0,15.0,10.0,1.0,0.0,1.0,0.0,2022,Empoli,5
2021-11-27,Sat,Serie A,Away,L,1.0,2.0,Empoli,,16.0,7.0,10.0,15.0,1.0,0.0,1.0,0.0,2022,Fiorentina,5
2021-11-27,Sat,Serie A,Away,W,2.0,0.0,Venezia,,27.0,11.0,4.0,9.0,0.0,0.0,2.0,0.0,2022,Inter,5
2021-11-27,Sat,Serie A,Home,L,0.0,1.0,Atalanta,,15.0,2.0,13.0,20.0,4.0,0.0,5.0,0.0,2022,Juventus,5
2021-11-27,Sat,Serie A,Home,W,3.0,1.0,Verona,,15.0,5.0,13.0,16.0,4.0,0.0,1.0,0.0,2022,Sampdoria,5
2021-11-27,Sat,Serie A,Home,L,0.0,2.0,Inter,,6.0,1.0,9.0,4.0,2.0,0.0,0.0,0.0,2022,Venezia,5
2021-11-27,Sat,Serie A,Away,L,1.0,3.0,Sampdoria,,14.0,3.0,16.0,13.0,1.0,0.0,4.0,0.0,2022,Verona,5
2021-11-28,Sun,Serie A,Away,W,1.0,0.0,Spezia,,17.0,5.0,12.0,16.0,1.0,0.0,3.0,0.0,2022,Bologna,6
2021-11-28,Sun,Serie A,Away,D,0.0,0.0,Udinese,,8.0,2.0,11.0,18.0,4.0,0.0,3.0,0.0,2022,Genoa,6
2021-11-28,Sun,Serie A,Away,L,0.0,4.0,Napoli,,6.0,2.0,14.0,9.0,4.0,0.0,2.0,0.0,2022,Lazio,6
2021-11-28,Sun,Serie A,Home,L,1.0,3.0,Sassuolo,,15.0,2.0,15.0,7.0,4.0,1.0,2.0,0.0,2022,Milan,6
2021-11-28,Sun,Serie A,Home,W,4.0,0.0,Lazio,,18.0,8.0,9.0,14.0,2.0,0.0,4.0,0.0,2022,Napoli,6
2021-11-28,Sun,Serie A,Home,W,1.0,0.0,Torino,,10.0,2.0,7.0,11.0,2.0,0.0,1.0,0.0,2022,Roma,6
2021-11-28,Sun,Serie A,Away,W,3.0,1.0,Milan,,15.0,5.0,7.0,15.0,2.0,0.0,4.0,1.0,2022,Sassuolo,6
2021-11-28,Sun,Serie A,Home,L,0.0,1.0,Bologna,,13.0,5.0,16.0,12.0,3.0,0.0,1.0,0.0,2022,Spezia,6
2021-11-28,Sun,Serie A,Away,L,0.0,1.0,Roma,,17.0,3.0,11.0,7.0,1.0,0.0,2.0,0.0,2022,Torino,6
2021-11-28,Sun,Serie A,Home,D,0.0,0.0,Genoa,,17.0,3.0,18.0,11.0,3.0,0.0,4.0,0.0,2022,Udinese,6
2021-11-30,Tue,Serie A,Home,W,4.0,0.0,Venezia,,19.0,6.0,11.0,9.0,0.0,0.0,1.0,0.0,2022,Atalanta,1
2021-11-30,Tue,Serie A,Away,D,0.0,0.0,Verona,,12.0,4.0,12.0,15.0,2.0,0.0,3.0,0.0,2022,Cagliari,1
2021-11-30,Tue,Serie A,Home,W,3.0,1.0,Sampdoria,,17.0,7.0,6.0,16.0,0.0,0.0,3.0,0.0,2022,Fiorentina,1
2021-11-30,Tue,Serie A,Away,W,2.0,0.0,Salernitana,,18.0,7.0,9.0,14.0,1.0,0.0,1.0,0.0,2022,Juventus,1
2021-11-30,Tue,Serie A,Home,L,0.0,2.0,Juventus,,4.0,0.0,14.0,9.0,1.0,0.0,1.0,0.0,2022,Salernitana,1
2021-11-30,Tue,Serie A,Away,L,1.0,3.0,Fiorentina,,11.0,4.0,16.0,6.0,3.0,0.0,0.0,0.0,2022,Sampdoria,1
2021-11-30,Tue,Serie A,Away,L,0.0,4.0,Atalanta,,8.0,4.0,9.0,11.0,1.0,0.0,0.0,0.0,2022,Venezia,1
2021-11-30,Tue,Serie A,Home,D,0.0,0.0,Cagliari,,15.0,6.0,15.0,12.0,3.0,0.0,2.0,0.0,2022,Verona,1
2021-12-01,Wed,Serie A,Home,W,1.0,0.0,Roma,,6.0,3.0,9.0,18.0,3.0,0.0,4.0,0.0,2022,Bologna,2
2021-12-01,Wed,Serie A,Home,L,0.0,3.0,Milan,,10.0,3.0,11.0,16.0,2.0,0.0,1.0,0.0,2022,Genoa,2
2021-12-01,Wed,Serie A,Home,W,2.0,0.0,Spezia,,31.0,11.0,18.0,10.0,1.0,0.0,2.0,0.0,2022,Inter,2
2021-12-01,Wed,Serie A,Away,W,3.0,0.0,Genoa,,18.0,5.0,16.0,11.0,1.0,0.0,2.0,0.0,2022,Milan,2
2021-12-01,Wed,Serie A,Away,D,2.0,2.0,Sassuolo,,9.0,4.0,19.0,10.0,2.0,0.0,4.0,0.0,2022,Napoli,2
2021-12-01,Wed,Serie A,Away,L,0.0,1.0,Bologna,,13.0,5.0,18.0,9.0,4.0,0.0,3.0,0.0,2022,Roma,2
2021-12-01,Wed,Serie A,Home,D,2.0,2.0,Napoli,,9.0,7.0,10.0,19.0,4.0,0.0,2.0,0.0,2022,Sassuolo,2
2021-12-01,Wed,Serie A,Away,L,0.0,2.0,Inter,,7.0,4.0,10.0,18.0,2.0,0.0,1.0,0.0,2022,Spezia,2
2021-12-02,Thu,Serie A,Away,D,2.0,2.0,Torino,,16.0,5.0,15.0,9.0,3.0,0.0,1.0,1.0,2022,Empoli,3
2021-12-02,Thu,Serie A,Home,D,4.0,4.0,Udinese,,13.0,5.0,11.0,11.0,3.0,1.0,5.0,2.0,2022,Lazio,3
2021-12-02,Thu,Serie A,Home,D,2.0,2.0,Empoli,,10.0,3.0,9.0,15.0,1.0,1.0,3.0,0.0,2022,Torino,3
2021-12-02,Thu,Serie A,Away,D,4.0,4.0,Lazio,,12.0,5.0,11.0,11.0,5.0,2.0,3.0,1.0,2022,Udinese,3
2021-12-04,Sat,Serie A,Away,W,3.0,2.0,Napoli,,21.0,7.0,18.0,16.0,3.0,0.0,2.0,0.0,2022,Atalanta,5
2021-12-04,Sat,Serie A,Away,W,3.0,0.0,Roma,,10.0,4.0,6.0,9.0,1.0,0.0,3.0,0.0,2022,Inter,5
2021-12-04,Sat,Serie A,Home,W,2.0,0.0,Salernitana,,22.0,8.0,11.0,9.0,1.0,0.0,2.0,0.0,2022,Milan,5
2021-12-04,Sat,Serie A,Home,L,2.0,3.0,Atalanta,,15.0,4.0,16.0,18.0,2.0,0.0,3.0,0.0,2022,Napoli,5
2021-12-04,Sat,Serie A,Home,L,0.0,3.0,Inter,,9.0,1.0,9.0,6.0,3.0,0.0,1.0,0.0,2022,Roma,5
2021-12-04,Sat,Serie A,Away,L,0.0,2.0,Milan,,7.0,2.0,9.0,11.0,2.0,0.0,1.0,0.0,2022,Salernitana,5
2021-12-05,Sun,Serie A,Home,L,2.0,3.0,Fiorentina,,8.0,3.0,12.0,15.0,3.0,0.0,3.0,0.0,2022,Bologna,6
2021-12-05,Sun,Serie A,Away,W,3.0,2.0,Bologna,,6.0,3.0,15.0,12.0,3.0,0.0,3.0,0.0,2022,Fiorentina,6
2021-12-05,Sun,Serie A,Away,L,0.0,2.0,Juventus,,0.0,0.0,7.0,15.0,1.0,0.0,3.0,0.0,2022,Genoa,6
2021-12-05,Sun,Serie A,Home,W,2.0,0.0,Genoa,,27.0,12.0,15.0,7.0,3.0,0.0,1.0,0.0,2022,Juventus,6
2021-12-05,Sun,Serie A,Away,W,3.0,1.0,Sampdoria,,6.0,5.0,9.0,13.0,3.0,1.0,4.0,0.0,2022,Lazio,6
2021-12-05,Sun,Serie A,Home,L,1.0,3.0,Lazio,,18.0,5.0,13.0,9.0,4.0,0.0,3.0,1.0,2022,Sampdoria,6
2021-12-05,Sun,Serie A,Away,D,2.0,2.0,Spezia,,20.0,5.0,9.0,11.0,3.0,0.0,4.0,0.0,2022,Sassuolo,6
2021-12-05,Sun,Serie A,Home,D,2.0,2.0,Sassuolo,,9.0,4.0,11.0,9.0,4.0,0.0,3.0,0.0,2022,Spezia,6
2021-12-05,Sun,Serie A,Home,L,3.0,4.0,Verona,,9.0,5.0,13.0,14.0,2.0,1.0,2.0,0.0,2022,Venezia,6
2021-12-05,Sun,Serie A,Away,W,4.0,3.0,Venezia,,16.0,6.0,14.0,13.0,2.0,0.0,2.0,1.0,2022,Verona,6
2021-12-06,Mon,Serie A,Home,D,1.0,1.0,Torino,,15.0,2.0,12.0,24.0,2.0,0.0,4.0,0.0,2022,Cagliari,0
2021-12-06,Mon,Serie A,Home,W,3.0,1.0,Udinese,,22.0,9.0,12.0,18.0,4.0,0.0,3.0,0.0,2022,Empoli,0
2021-12-06,Mon,Serie A,Away,D,1.0,1.0,Cagliari,,8.0,3.0,24.0,12.0,4.0,0.0,2.0,0.0,2022,Torino,0
2021-12-06,Mon,Serie A,Away,L,1.0,3.0,Empoli,,19.0,8.0,18.0,12.0,3.0,0.0,4.0,0.0,2022,Udinese,0
2021-12-10,Fri,Serie A,Home,L,1.0,3.0,Sampdoria,,12.0,2.0,15.0,17.0,2.0,0.0,2.0,0.0,2022,Genoa,4
2021-12-10,Fri,Serie A,Away,W,3.0,1.0,Genoa,,14.0,6.0,17.0,15.0,2.0,0.0,2.0,0.0,2022,Sampdoria,4
2021-12-11,Sat,Serie A,Home,W,4.0,0.0,Salernitana,,17.0,9.0,9.0,11.0,1.0,0.0,1.0,0.0,2022,Fiorentina,5
2021-12-11,Sat,Serie A,Away,D,1.0,1.0,Venezia,,20.0,6.0,10.0,20.0,2.0,0.0,4.0,0.0,2022,Juventus,5
2021-12-11,Sat,Serie A,Away,D,1.0,1.0,Udinese,,12.0,1.0,10.0,17.0,2.0,0.0,2.0,1.0,2022,Milan,5
2021-12-11,Sat,Serie A,Away,L,0.0,4.0,Fiorentina,,11.0,6.0,11.0,9.0,1.0,0.0,1.0,0.0,2022,Salernitana,5
2021-12-11,Sat,Serie A,Home,D,1.0,1.0,Milan,,11.0,6.0,17.0,10.0,2.0,1.0,2.0,0.0,2022,Udinese,5
2021-12-11,Sat,Serie A,Home,D,1.0,1.0,Juventus,,13.0,4.0,20.0,10.0,4.0,0.0,2.0,0.0,2022,Venezia,5
2021-12-12,Sun,Serie A,Away,W,2.0,1.0,Verona,,14.0,6.0,10.0,12.0,1.0,0.0,2.0,0.0,2022,Atalanta,6
2021-12-12,Sun,Serie A,Away,L,1.0,2.0,Torino,,8.0,5.0,18.0,16.0,4.0,0.0,2.0,0.0,2022,Bologna,6
2021-12-12,Sun,Serie A,Away,L,0.0,4.0,Inter,,5.0,2.0,13.0,9.0,2.0,0.0,1.0,0.0,2022,Cagliari,6
2021-12-12,Sun,Serie A,Away,W,1.0,0.0,Napoli,,12.0,5.0,11.0,8.0,1.0,0.0,0.0,0.0,2022,Empoli,6
2021-12-12,Sun,Serie A,Home,W,4.0,0.0,Cagliari,,24.0,15.0,9.0,13.0,1.0,0.0,2.0,0.0,2022,Inter,6
2021-12-12,Sun,Serie A,Away,L,1.0,2.0,Sassuolo,,6.0,2.0,11.0,9.0,2.0,0.0,1.0,1.0,2022,Lazio,6
2021-12-12,Sun,Serie A,Home,L,0.0,1.0,Empoli,,30.0,6.0,8.0,11.0,0.0,0.0,1.0,0.0,2022,Napoli,6
2021-12-12,Sun,Serie A,Home,W,2.0,1.0,Lazio,,17.0,6.0,9.0,11.0,1.0,1.0,2.0,0.0,2022,Sassuolo,6
2021-12-12,Sun,Serie A,Home,W,2.0,1.0,Bologna,,16.0,7.0,16.0,18.0,2.0,0.0,4.0,0.0,2022,Torino,6
2021-12-12,Sun,Serie A,Home,L,1.0,2.0,Atalanta,,19.0,4.0,12.0,10.0,2.0,0.0,1.0,0.0,2022,Verona,6
2021-12-13,Mon,Serie A,Home,W,2.0,0.0,Spezia,,12.0,6.0,13.0,7.0,4.0,1.0,1.0,0.0,2022,Roma,0
2021-12-13,Mon,Serie A,Away,L,0.0,2.0,Roma,,8.0,2.0,7.0,13.0,1.0,0.0,4.0,1.0,2022,Spezia,0
2021-12-17,Fri,Serie A,Away,L,1.0,3.0,Lazio,,4.0,2.0,8.0,9.0,3.0,0.0,0.0,0.0,2022,Genoa,4
2021-12-17,Fri,Serie A,Away,W,5.0,0.0,Salernitana,,23.0,8.0,10.0,10.0,2.0,0.0,1.0,0.0,2022,Inter,4
2021-12-17,Fri,Serie A,Home,W,3.0,1.0,Genoa,,11.0,5.0,9.0,8.0,0.0,0.0,3.0,0.0,2022,Lazio,4
2021-12-17,Fri,Serie A,Home,L,0.0,5.0,Inter,,10.0,2.0,10.0,10.0,1.0,0.0,2.0,0.0,2022,Salernitana,4
2021-12-18,Sat,Serie A,Home,L,1.0,4.0,Roma,,17.0,6.0,11.0,15.0,1.0,0.0,3.0,0.0,2022,Atalanta,5
2021-12-18,Sat,Serie A,Home,L,0.0,2.0,Juventus,,11.0,3.0,7.0,19.0,1.0,0.0,1.0,0.0,2022,Bologna,5
2021-12-18,Sat,Serie A,Home,L,0.0,4.0,Udinese,,5.0,2.0,12.0,14.0,4.0,1.0,2.0,0.0,2022,Cagliari,5
2021-12-18,Sat,Serie A,Away,W,2.0,0.0,Bologna,,11.0,7.0,19.0,7.0,1.0,0.0,1.0,0.0,2022,Juventus,5
2021-12-18,Sat,Serie A,Away,W,4.0,1.0,Atalanta,,8.0,5.0,15.0,11.0,3.0,0.0,1.0,0.0,2022,Roma,5
2021-12-18,Sat,Serie A,Away,W,4.0,0.0,Cagliari,,10.0,5.0,14.0,12.0,2.0,0.0,4.0,1.0,2022,Udinese,5
2021-12-19,Sun,Serie A,Away,D,1.0,1.0,Spezia,,22.0,6.0,9.0,20.0,2.0,0.0,3.0,0.0,2022,Empoli,6
2021-12-19,Sun,Serie A,Home,D,2.0,2.0,Sassuolo,,23.0,8.0,7.0,14.0,3.0,1.0,5.0,0.0,2022,Fiorentina,6
2021-12-19,Sun,Serie A,Home,L,0.0,1.0,Napoli,,12.0,2.0,14.0,18.0,0.0,0.0,2.0,0.0,2022,Milan,6
2021-12-19,Sun,Serie A,Away,W,1.0,0.0,Milan,,11.0,2.0,18.0,14.0,2.0,0.0,0.0,0.0,2022,Napoli,6
2021-12-19,Sun,Serie A,Home,D,1.0,1.0,Venezia,,18.0,8.0,8.0,17.0,2.0,0.0,1.0,0.0,2022,Sampdoria,6
2021-12-19,Sun,Serie A,Away,D,2.0,2.0,Fiorentina,,8.0,4.0,14.0,7.0,5.0,0.0,3.0,1.0,2022,Sassuolo,6
2021-12-19,Sun,Serie A,Home,D,1.0,1.0,Empoli,,9.0,2.0,20.0,9.0,3.0,0.0,2.0,0.0,2022,Spezia,6
2021-12-19,Sun,Serie A,Home,W,1.0,0.0,Verona,,8.0,1.0,15.0,7.0,1.0,0.0,2.0,1.0,2022,Torino,6
2021-12-19,Sun,Serie A,Away,D,1.0,1.0,Sampdoria,,12.0,1.0,17.0,8.0,1.0,0.0,2.0,0.0,2022,Venezia,6
2021-12-19,Sun,Serie A,Away,L,0.0,1.0,Torino,,8.0,2.0,7.0,15.0,2.0,1.0,1.0,0.0,2022,Verona,6
2021-12-21,Tue,Serie A,Away,D,0.0,0.0,Genoa,,17.0,3.0,15.0,13.0,1.0,0.0,2.0,0.0,2022,Atalanta,1
2021-12-21,Tue,Serie A,Away,L,0.0,2.0,Juventus,,6.0,1.0,12.0,16.0,3.0,0.0,0.0,0.0,2022,Cagliari,1
2021-12-21,Tue,Serie A,Home,D,0.0,0.0,Atalanta,,1.0,0.0,13.0,15.0,2.0,0.0,1.0,0.0,2022,Genoa,1
2021-12-21,Tue,Serie A,Home,W,2.0,0.0,Cagliari,,15.0,4.0,16.0,12.0,0.0,0.0,3.0,0.0,2022,Juventus,1
2021-12-22,Wed,Serie A,Away,W,3.0,0.0,Sassuolo,,9.0,5.0,12.0,13.0,3.0,0.0,1.0,0.0,2022,Bologna,2
2021-12-22,Wed,Serie A,Home,L,2.0,4.0,Milan,,16.0,5.0,18.0,10.0,1.0,0.0,2.0,0.0,2022,Empoli,2
2021-12-22,Wed,Serie A,Away,D,1.0,1.0,Verona,,11.0,1.0,5.0,15.0,1.0,0.0,2.0,0.0,2022,Fiorentina,2
2021-12-22,Wed,Serie A,Home,W,1.0,0.0,Torino,,14.0,3.0,10.0,17.0,1.0,0.0,0.0,0.0,2022,Inter,2
2021-12-22,Wed,Serie A,Away,W,3.0,1.0,Venezia,,7.0,4.0,10.0,11.0,3.0,0.0,3.0,1.0,2022,Lazio,2
2021-12-22,Wed,Serie A,Away,W,4.0,2.0,Empoli,,18.0,8.0,10.0,18.0,2.0,0.0,1.0,0.0,2022,Milan,2
2021-12-22,Wed,Serie A,Home,L,0.0,1.0,Spezia,,25.0,7.0,14.0,12.0,2.0,0.0,3.0,0.0,2022,Napoli,2
2021-12-22,Wed,Serie A,Home,D,1.0,1.0,Sampdoria,,15.0,4.0,6.0,8.0,0.0,0.0,3.0,0.0,2022,Roma,2
2021-12-22,Wed,Serie A,Away,D,1.0,1.0,Roma,,10.0,2.0,8.0,6.0,3.0,0.0,0.0,0.0,2022,Sampdoria,2
2021-12-22,Wed,Serie A,Home,L,0.0,3.0,Bologna,,13.0,5.0,13.0,12.0,1.0,0.0,3.0,0.0,2022,Sassuolo,2
2021-12-22,Wed,Serie A,Away,W,1.0,0.0,Napoli,,8.0,0.0,12.0,14.0,3.0,0.0,2.0,0.0,2022,Spezia,2
2021-12-22,Wed,Serie A,Away,L,0.0,1.0,Inter,,12.0,3.0,17.0,10.0,0.0,0.0,1.0,0.0,2022,Torino,2
2021-12-22,Wed,Serie A,Home,L,1.0,3.0,Lazio,,11.0,2.0,11.0,10.0,3.0,1.0,3.0,0.0,2022,Venezia,2
2021-12-22,Wed,Serie A,Home,D,1.0,1.0,Fiorentina,,7.0,2.0,15.0,5.0,2.0,0.0,1.0,0.0,2022,Verona,2
2022-01-06,Thu,Serie A,Away,W,2.0,1.0,Sampdoria,,15.0,7.0,17.0,12.0,3.0,0.0,1.0,1.0,2022,Cagliari,3
2022-01-06,Thu,Serie A,Away,D,3.0,3.0,Lazio,,11.0,4.0,11.0,13.0,4.0,0.0,4.0,0.0,2022,Empoli,3
2022-01-06,Thu,Serie A,Away,D,1.0,1.0,Sassuolo,,4.0,1.0,11.0,8.0,0.0,0.0,3.0,0.0,2022,Genoa,3
2022-01-06,Thu,Serie A,Home,D,1.0,1.0,Napoli,,22.0,5.0,8.0,11.0,2.0,0.0,1.0,0.0,2022,Juventus,3
2022-01-06,Thu,Serie A,Home,D,3.0,3.0,Empoli,,23.0,10.0,13.0,11.0,4.0,0.0,4.0,0.0,2022,Lazio,3
2022-01-06,Thu,Serie A,Home,W,3.0,1.0,Roma,,19.0,5.0,6.0,20.0,2.0,0.0,6.0,2.0,2022,Milan,3
2022-01-06,Thu,Serie A,Away,D,1.0,1.0,Juventus,,16.0,4.0,11.0,8.0,1.0,0.0,2.0,0.0,2022,Napoli,3
2022-01-06,Thu,Serie A,Away,L,1.0,3.0,Milan,,11.0,5.0,20.0,6.0,6.0,2.0,2.0,0.0,2022,Roma,3
2022-01-06,Thu,Serie A,Home,L,1.0,2.0,Cagliari,,4.0,1.0,12.0,17.0,1.0,1.0,3.0,0.0,2022,Sampdoria,3
2022-01-06,Thu,Serie A,Home,D,1.0,1.0,Genoa,,28.0,7.0,8.0,11.0,3.0,0.0,0.0,0.0,2022,Sassuolo,3
2022-01-06,Thu,Serie A,Home,L,1.0,2.0,Verona,,9.0,3.0,14.0,11.0,3.0,1.0,2.0,0.0,2022,Spezia,3
2022-01-06,Thu,Serie A,Away,W,2.0,1.0,Spezia,,22.0,5.0,11.0,14.0,2.0,0.0,3.0,1.0,2022,Verona,3
2022-01-09,Sun,Serie A,Away,W,6.0,2.0,Udinese,,21.0,7.0,12.0,9.0,2.0,0.0,2.0,0.0,2022,Atalanta,6
2022-01-09,Sun,Serie A,Home,L,1.0,5.0,Sassuolo,,15.0,4.0,10.0,15.0,2.0,1.0,3.0,0.0,2022,Empoli,6
2022-01-09,Sun,Serie A,Home,L,0.0,1.0,Spezia,,15.0,2.0,17.0,16.0,3.0,0.0,3.0,0.0,2022,Genoa,6
2022-01-09,Sun,Serie A,Home,W,2.0,1.0,Lazio,,17.0,6.0,11.0,14.0,1.0,0.0,4.0,0.0,2022,Inter,6
2022-01-09,Sun,Serie A,Away,W,4.0,3.0,Roma,,14.0,5.0,12.0,11.0,4.0,1.0,3.0,0.0,2022,Juventus,6
2022-01-09,Sun,Serie A,Away,L,1.0,2.0,Inter,,5.0,2.0,14.0,11.0,4.0,0.0,1.0,0.0,2022,Lazio,6
2022-01-09,Sun,Serie A,Away,W,3.0,0.0,Venezia,,18.0,8.0,11.0,11.0,3.0,0.0,1.0,1.0,2022,Milan,6
2022-01-09,Sun,Serie A,Home,W,1.0,0.0,Sampdoria,,22.0,5.0,12.0,11.0,0.0,0.0,2.0,0.0,2022,Napoli,6
2022-01-09,Sun,Serie A,Home,L,3.0,4.0,Juventus,,19.0,7.0,11.0,12.0,3.0,0.0,4.0,1.0,2022,Roma,6
2022-01-09,Sun,Serie A,Away,W,2.0,1.0,Verona,,9.0,5.0,12.0,13.0,3.0,0.0,1.0,1.0,2022,Salernitana,6
2022-01-09,Sun,Serie A,Away,L,0.0,1.0,Napoli,,10.0,1.0,11.0,12.0,2.0,0.0,0.0,0.0,2022,Sampdoria,6
2022-01-09,Sun,Serie A,Away,W,5.0,1.0,Empoli,,25.0,14.0,15.0,10.0,3.0,0.0,2.0,1.0,2022,Sassuolo,6
2022-01-09,Sun,Serie A,Away,W,1.0,0.0,Genoa,,17.0,9.0,16.0,17.0,3.0,0.0,3.0,0.0,2022,Spezia,6
2022-01-09,Sun,Serie A,Home,L,2.0,6.0,Atalanta,,8.0,4.0,9.0,12.0,2.0,0.0,2.0,0.0,2022,Udinese,6
2022-01-09,Sun,Serie A,Home,L,0.0,3.0,Milan,,9.0,3.0,11.0,11.0,1.0,1.0,3.0,0.0,2022,Venezia,6
2022-01-09,Sun,Serie A,Home,L,1.0,2.0,Salernitana,,24.0,7.0,13.0,12.0,1.0,1.0,3.0,0.0,2022,Verona,6
2022-01-10,Mon,Serie A,Away,L,0.0,4.0,Torino,,10.0,3.0,12.0,16.0,2.0,0.0,2.0,0.0,2022,Fiorentina,0
2022-01-10,Mon,Serie A,Home,W,4.0,0.0,Fiorentina,,9.0,6.0,16.0,12.0,2.0,0.0,2.0,0.0,2022,Torino,0
2022-01-11,Tue,Serie A,Away,L,1.0,2.0,Cagliari,,9.0,3.0,15.0,12.0,2.0,0.0,3.0,0.0,2022,Bologna,1
2022-01-11,Tue,Serie A,Home,W,2.0,1.0,Bologna,,13.0,4.0,12.0,15.0,3.0,0.0,2.0,0.0,2022,Cagliari,1
2022-01-15,Sat,Serie A,Home,W,2.0,0.0,Udinese,,14.0,4.0,13.0,10.0,1.0,0.0,2.0,0.0,2022,Juventus,5
2022-01-15,Sat,Serie A,Away,W,3.0,0.0,Salernitana,,15.0,8.0,16.0,11.0,3.0,0.0,2.0,0.0,2022,Lazio,5
2022-01-15,Sat,Serie A,Home,L,0.0,3.0,Lazio,,6.0,1.0,11.0,16.0,2.0,0.0,3.0,0.0,2022,Salernitana,5
2022-01-15,Sat,Serie A,Home,L,1.0,2.0,Torino,,11.0,3.0,13.0,14.0,0.0,0.0,2.0,0.0,2022,Sampdoria,5
2022-01-15,Sat,Serie A,Away,W,2.0,1.0,Sampdoria,,20.0,12.0,14.0,13.0,2.0,0.0,0.0,0.0,2022,Torino,5
2022-01-15,Sat,Serie A,Away,L,0.0,2.0,Juventus,,16.0,3.0,10.0,13.0,2.0,0.0,1.0,0.0,2022,Udinese,5
2022-01-16,Sun,Serie A,Home,D,0.0,0.0,Inter,,12.0,6.0,12.0,9.0,2.0,0.0,2.0,0.0,2022,Atalanta,6
2022-01-16,Sun,Serie A,Away,L,0.0,1.0,Roma,,8.0,2.0,17.0,13.0,4.0,0.0,3.0,0.0,2022,Cagliari,6
2022-01-16,Sun,Serie A,Away,D,1.0,1.0,Venezia,,17.0,6.0,17.0,13.0,5.0,0.0,3.0,0.0,2022,Empoli,6
2022-01-16,Sun,Serie A,Away,D,0.0,0.0,Atalanta,,11.0,3.0,9.0,12.0,2.0,0.0,2.0,0.0,2022,Inter,6
2022-01-16,Sun,Serie A,Home,W,1.0,0.0,Cagliari,,15.0,7.0,13.0,17.0,3.0,0.0,4.0,0.0,2022,Roma,6
2022-01-16,Sun,Serie A,Home,L,2.0,4.0,Verona,,13.0,5.0,6.0,18.0,2.0,0.0,4.0,0.0,2022,Sassuolo,6
2022-01-16,Sun,Serie A,Home,D,1.0,1.0,Empoli,,14.0,3.0,13.0,17.0,3.0,0.0,5.0,0.0,2022,Venezia,6
2022-01-16,Sun,Serie A,Away,W,4.0,2.0,Sassuolo,,21.0,6.0,18.0,6.0,4.0,0.0,2.0,0.0,2022,Verona,6
2022-01-17,Mon,Serie A,Home,L,0.0,2.0,Napoli,,12.0,5.0,9.0,10.0,3.0,0.0,1.0,0.0,2022,Bologna,0
2022-01-17,Mon,Serie A,Home,W,6.0,0.0,Genoa,,22.0,12.0,10.0,11.0,1.0,0.0,3.0,0.0,2022,Fiorentina,0
2022-01-17,Mon,Serie A,Away,L,0.0,6.0,Fiorentina,,3.0,0.0,11.0,10.0,3.0,0.0,1.0,0.0,2022,Genoa,0
2022-01-17,Mon,Serie A,Home,L,1.0,2.0,Spezia,,25.0,8.0,11.0,17.0,2.0,0.0,5.0,0.0,2022,Milan,0
2022-01-17,Mon,Serie A,Away,W,2.0,0.0,Bologna,,14.0,5.0,10.0,9.0,1.0,0.0,3.0,0.0,2022,Napoli,0
2022-01-17,Mon,Serie A,Away,W,2.0,1.0,Milan,,10.0,6.0,17.0,11.0,5.0,0.0,2.0,0.0,2022,Spezia,0
2022-01-21,Fri,Serie A,Away,L,1.0,2.0,Verona,,8.0,2.0,9.0,21.0,4.0,0.0,2.0,0.0,2022,Bologna,4
2022-01-21,Fri,Serie A,Home,W,2.0,1.0,Bologna,,14.0,6.0,21.0,9.0,2.0,0.0,4.0,0.0,2022,Verona,4
2022-01-22,Sat,Serie A,Away,D,0.0,0.0,Lazio,,6.0,2.0,17.0,10.0,3.0,0.0,0.0,0.0,2022,Atalanta,5
2022-01-22,Sat,Serie A,Home,D,0.0,0.0,Udinese,,10.0,3.0,27.0,17.0,4.0,1.0,4.0,0.0,2022,Genoa,5
2022-01-22,Sat,Serie A,Home,W,2.0,1.0,Venezia,,24.0,12.0,13.0,9.0,3.0,0.0,4.0,0.0,2022,Inter,5
2022-01-22,Sat,Serie A,Home,D,0.0,0.0,Atalanta,,9.0,1.0,10.0,17.0,0.0,0.0,3.0,0.0,2022,Lazio,5
2022-01-22,Sat,Serie A,Away,D,0.0,0.0,Genoa,,2.0,0.0,17.0,27.0,4.0,0.0,4.0,1.0,2022,Udinese,5
2022-01-22,Sat,Serie A,Away,L,1.0,2.0,Inter,,3.0,3.0,9.0,13.0,4.0,0.0,3.0,0.0,2022,Venezia,5
2022-01-23,Sun,Serie A,Home,D,1.0,1.0,Fiorentina,,12.0,3.0,21.0,16.0,3.0,0.0,3.0,1.0,2022,Cagliari,6
2022-01-23,Sun,Serie A,Home,L,2.0,4.0,Roma,,16.0,7.0,13.0,14.0,2.0,0.0,2.0,0.0,2022,Empoli,6
2022-01-23,Sun,Serie A,Away,D,1.0,1.0,Cagliari,,16.0,6.0,16.0,21.0,3.0,1.0,3.0,0.0,2022,Fiorentina,6
2022-01-23,Sun,Serie A,Away,D,0.0,0.0,Milan,,8.0,0.0,19.0,16.0,2.0,0.0,2.0,0.0,2022,Juventus,6
2022-01-23,Sun,Serie A,Home,D,0.0,0.0,Juventus,,14.0,4.0,16.0,19.0,2.0,0.0,2.0,0.0,2022,Milan,6
2022-01-23,Sun,Serie A,Home,W,4.0,1.0,Salernitana,,26.0,14.0,9.0,14.0,0.0,0.0,4.0,1.0,2022,Napoli,6
2022-01-23,Sun,Serie A,Away,W,4.0,2.0,Empoli,,16.0,8.0,14.0,13.0,2.0,0.0,2.0,0.0,2022,Roma,6
2022-01-23,Sun,Serie A,Away,L,1.0,4.0,Napoli,,1.0,1.0,14.0,9.0,4.0,1.0,0.0,0.0,2022,Salernitana,6
2022-01-23,Sun,Serie A,Away,L,0.0,1.0,Spezia,,8.0,0.0,12.0,24.0,4.0,1.0,2.0,0.0,2022,Sampdoria,6
2022-01-23,Sun,Serie A,Away,D,1.0,1.0,Torino,,6.0,1.0,15.0,21.0,3.0,0.0,3.0,0.0,2022,Sassuolo,6
2022-01-23,Sun,Serie A,Home,W,1.0,0.0,Sampdoria,,7.0,2.0,24.0,12.0,2.0,0.0,4.0,1.0,2022,Spezia,6
2022-01-23,Sun,Serie A,Home,D,1.0,1.0,Sassuolo,,21.0,6.0,21.0,15.0,3.0,0.0,3.0,0.0,2022,Torino,6
2022-02-05,Sat,Serie A,Home,L,0.0,3.0,Lazio,,9.0,3.0,13.0,15.0,3.0,1.0,5.0,0.0,2022,Fiorentina,5
2022-02-05,Sat,Serie A,Away,D,0.0,0.0,Roma,,10.0,3.0,23.0,8.0,2.0,1.0,3.0,1.0,2022,Genoa,5
2022-02-05,Sat,Serie A,Home,L,1.0,2.0,Milan,,11.0,5.0,20.0,14.0,2.0,0.0,4.0,1.0,2022,Inter,5
2022-02-05,Sat,Serie A,Away,W,3.0,0.0,Fiorentina,,12.0,7.0,15.0,13.0,5.0,0.0,3.0,1.0,2022,Lazio,5
2022-02-05,Sat,Serie A,Away,W,2.0,1.0,Inter,,10.0,3.0,14.0,20.0,4.0,1.0,2.0,0.0,2022,Milan,5
2022-02-05,Sat,Serie A,Home,D,0.0,0.0,Genoa,,23.0,3.0,8.0,23.0,3.0,1.0,2.0,1.0,2022,Roma,5
2022-02-06,Sun,Serie A,Home,L,1.0,2.0,Cagliari,,10.0,3.0,13.0,14.0,1.0,1.0,5.0,0.0,2022,Atalanta,6
2022-02-06,Sun,Serie A,Home,D,0.0,0.0,Empoli,,12.0,2.0,9.0,16.0,2.0,0.0,4.0,0.0,2022,Bologna,6
2022-02-06,Sun,Serie A,Away,W,2.0,1.0,Atalanta,,7.0,4.0,14.0,13.0,5.0,0.0,1.0,1.0,2022,Cagliari,6
2022-02-06,Sun,Serie A,Away,D,0.0,0.0,Bologna,,15.0,4.0,16.0,9.0,4.0,0.0,2.0,0.0,2022,Empoli,6
2022-02-06,Sun,Serie A,Home,W,2.0,0.0,Verona,,11.0,8.0,11.0,11.0,1.0,0.0,1.0,0.0,2022,Juventus,6
2022-02-06,Sun,Serie A,Away,W,2.0,0.0,Venezia,,16.0,6.0,11.0,12.0,2.0,0.0,2.0,1.0,2022,Napoli,6
2022-02-06,Sun,Serie A,Home,W,4.0,0.0,Sassuolo,,11.0,7.0,15.0,16.0,2.0,0.0,2.0,0.0,2022,Sampdoria,6
2022-02-06,Sun,Serie A,Away,L,0.0,4.0,Sampdoria,,26.0,9.0,16.0,15.0,2.0,0.0,2.0,0.0,2022,Sassuolo,6
2022-02-06,Sun,Serie A,Away,L,0.0,2.0,Udinese,,5.0,1.0,21.0,12.0,5.0,1.0,3.0,0.0,2022,Torino,6
2022-02-06,Sun,Serie A,Home,W,2.0,0.0,Torino,,11.0,3.0,12.0,21.0,3.0,0.0,5.0,1.0,2022,Udinese,6
2022-02-06,Sun,Serie A,Home,L,0.0,2.0,Napoli,,7.0,3.0,12.0,11.0,2.0,1.0,2.0,0.0,2022,Venezia,6
2022-02-06,Sun,Serie A,Away,L,0.0,2.0,Juventus,,13.0,1.0,11.0,11.0,1.0,0.0,1.0,0.0,2022,Verona,6
2022-02-07,Mon,Serie A,Home,D,2.0,2.0,Spezia,,9.0,5.0,12.0,19.0,3.0,0.0,3.0,0.0,2022,Salernitana,0
2022-02-07,Mon,Serie A,Away,D,2.0,2.0,Salernitana,,13.0,2.0,19.0,12.0,3.0,0.0,3.0,0.0,2022,Spezia,0
2022-02-12,Sat,Serie A,Away,L,0.0,3.0,Lazio,,11.0,3.0,16.0,13.0,2.0,0.0,2.0,0.0,2022,Bologna,5
2022-02-12,Sat,Serie A,Away,D,1.0,1.0,Napoli,,8.0,2.0,13.0,8.0,1.0,0.0,1.0,0.0,2022,Inter,5
2022-02-12,Sat,Serie A,Home,W,3.0,0.0,Bologna,,12.0,6.0,13.0,16.0,2.0,0.0,2.0,0.0,2022,Lazio,5
2022-02-12,Sat,Serie A,Home,D,1.0,1.0,Inter,,13.0,4.0,8.0,13.0,1.0,0.0,1.0,0.0,2022,Napoli,5
2022-02-12,Sat,Serie A,Home,L,1.0,2.0,Venezia,,14.0,2.0,14.0,12.0,2.0,0.0,3.0,1.0,2022,Torino,5
2022-02-12,Sat,Serie A,Away,W,2.0,1.0,Torino,,5.0,2.0,12.0,14.0,3.0,1.0,2.0,0.0,2022,Venezia,5
2022-02-13,Sun,Serie A,Home,D,1.0,1.0,Juventus,,21.0,3.0,13.0,9.0,2.0,0.0,3.0,0.0,2022,Atalanta,6
2022-02-13,Sun,Serie A,Away,D,1.0,1.0,Empoli,,17.0,5.0,13.0,14.0,2.0,0.0,1.0,0.0,2022,Cagliari,6
2022-02-13,Sun,Serie A,Home,D,1.0,1.0,Cagliari,,13.0,4.0,14.0,13.0,1.0,0.0,2.0,0.0,2022,Empoli,6
2022-02-13,Sun,Serie A,Home,D,1.0,1.0,Salernitana,,15.0,5.0,17.0,10.0,3.0,0.0,2.0,0.0,2022,Genoa,6
2022-02-13,Sun,Serie A,Away,D,1.0,1.0,Atalanta,,15.0,6.0,9.0,13.0,3.0,0.0,2.0,0.0,2022,Juventus,6
2022-02-13,Sun,Serie A,Home,W,1.0,0.0,Sampdoria,,15.0,7.0,13.0,11.0,3.0,0.0,1.0,0.0,2022,Milan,6
2022-02-13,Sun,Serie A,Away,D,2.0,2.0,Sassuolo,,12.0,7.0,13.0,13.0,2.0,0.0,4.0,1.0,2022,Roma,6
2022-02-13,Sun,Serie A,Away,D,1.0,1.0,Genoa,,12.0,4.0,10.0,17.0,2.0,0.0,3.0,0.0,2022,Salernitana,6
2022-02-13,Sun,Serie A,Away,L,0.0,1.0,Milan,,4.0,1.0,11.0,13.0,1.0,0.0,3.0,0.0,2022,Sampdoria,6
2022-02-13,Sun,Serie A,Home,D,2.0,2.0,Roma,,12.0,3.0,13.0,13.0,4.0,1.0,2.0,0.0,2022,Sassuolo,6
2022-02-13,Sun,Serie A,Away,L,0.0,4.0,Verona,,21.0,7.0,7.0,18.0,1.0,0.0,3.0,0.0,2022,Udinese,6
2022-02-13,Sun,Serie A,Home,W,4.0,0.0,Udinese,,6.0,5.0,18.0,7.0,3.0,0.0,1.0,0.0,2022,Verona,6
2022-02-14,Mon,Serie A,Away,W,2.0,1.0,Spezia,,21.0,4.0,10.0,17.0,1.0,0.0,2.0,0.0,2022,Fiorentina,0
2022-02-14,Mon,Serie A,Home,L,1.0,2.0,Fiorentina,,9.0,1.0,17.0,10.0,2.0,0.0,1.0,0.0,2022,Spezia,0
2022-02-18,Fri,Serie A,Home,D,1.0,1.0,Torino,,11.0,3.0,16.0,19.0,1.0,0.0,2.0,0.0,2022,Juventus,4
2022-02-18,Fri,Serie A,Away,D,1.0,1.0,Juventus,,10.0,3.0,19.0,16.0,2.0,0.0,1.0,0.0,2022,Torino,4
2022-02-19,Sat,Serie A,Away,L,0.0,2.0,Sampdoria,,10.0,2.0,12.0,15.0,2.0,0.0,4.0,0.0,2022,Empoli,5
2022-02-19,Sat,Serie A,Away,D,2.0,2.0,Salernitana,,14.0,5.0,12.0,14.0,4.0,0.0,2.0,0.0,2022,Milan,5
2022-02-19,Sat,Serie A,Home,D,2.0,2.0,Verona,,7.0,3.0,18.0,14.0,3.0,0.0,2.0,0.0,2022,Roma,5
2022-02-19,Sat,Serie A,Home,D,2.0,2.0,Milan,,9.0,5.0,14.0,12.0,2.0,0.0,4.0,0.0,2022,Salernitana,5
2022-02-19,Sat,Serie A,Home,W,2.0,0.0,Empoli,,8.0,3.0,15.0,12.0,4.0,0.0,2.0,0.0,2022,Sampdoria,5
2022-02-19,Sat,Serie A,Away,D,2.0,2.0,Roma,,5.0,3.0,14.0,18.0,2.0,0.0,3.0,0.0,2022,Verona,5
2022-02-20,Sun,Serie A,Away,L,0.0,1.0,Fiorentina,,7.0,1.0,20.0,17.0,5.0,0.0,2.0,0.0,2022,Atalanta,6
2022-02-20,Sun,Serie A,Home,W,1.0,0.0,Atalanta,,6.0,3.0,17.0,20.0,2.0,0.0,5.0,0.0,2022,Fiorentina,6
2022-02-20,Sun,Serie A,Away,D,1.0,1.0,Venezia,,12.0,3.0,15.0,14.0,2.0,0.0,2.0,0.0,2022,Genoa,6
2022-02-20,Sun,Serie A,Home,L,0.0,2.0,Sassuolo,,29.0,8.0,12.0,12.0,1.0,0.0,2.0,0.0,2022,Inter,6
2022-02-20,Sun,Serie A,Away,D,1.0,1.0,Udinese,,10.0,2.0,9.0,22.0,2.0,0.0,3.0,0.0,2022,Lazio,6
2022-02-20,Sun,Serie A,Away,W,2.0,0.0,Inter,,13.0,5.0,12.0,12.0,2.0,0.0,1.0,0.0,2022,Sassuolo,6
2022-02-20,Sun,Serie A,Home,D,1.0,1.0,Lazio,,12.0,2.0,22.0,9.0,3.0,0.0,2.0,0.0,2022,Udinese,6
2022-02-20,Sun,Serie A,Home,D,1.0,1.0,Genoa,,15.0,4.0,14.0,15.0,2.0,0.0,2.0,0.0,2022,Venezia,6
2022-02-21,Mon,Serie A,Home,W,2.0,1.0,Spezia,,19.0,7.0,7.0,13.0,1.0,0.0,1.0,0.0,2022,Bologna,0
2022-02-21,Mon,Serie A,Home,D,1.0,1.0,Napoli,,13.0,5.0,17.0,22.0,1.0,0.0,2.0,0.0,2022,Cagliari,0
2022-02-21,Mon,Serie A,Away,D,1.0,1.0,Cagliari,,7.0,3.0,22.0,17.0,2.0,0.0,1.0,0.0,2022,Napoli,0
2022-02-21,Mon,Serie A,Away,L,1.0,2.0,Bologna,,6.0,2.0,13.0,7.0,1.0,0.0,1.0,0.0,2022,Spezia,0
2022-02-25,Fri,Serie A,Home,D,0.0,0.0,Inter,,7.0,1.0,11.0,9.0,2.0,0.0,1.0,0.0,2022,Genoa,4
2022-02-25,Fri,Serie A,Away,D,0.0,0.0,Genoa,,21.0,4.0,9.0,11.0,1.0,0.0,2.0,0.0,2022,Inter,4
2022-02-25,Fri,Serie A,Home,D,1.0,1.0,Udinese,,9.0,3.0,13.0,17.0,2.0,0.0,4.0,0.0,2022,Milan,4
2022-02-25,Fri,Serie A,Away,D,1.0,1.0,Milan,,11.0,6.0,17.0,13.0,4.0,0.0,2.0,0.0,2022,Udinese,4
2022-02-26,Sat,Serie A,Away,D,1.0,1.0,Salernitana,,8.0,3.0,25.0,13.0,3.0,0.0,2.0,0.0,2022,Bologna,5
2022-02-26,Sat,Serie A,Home,L,2.0,3.0,Juventus,,11.0,2.0,16.0,8.0,2.0,0.0,0.0,0.0,2022,Empoli,5
2022-02-26,Sat,Serie A,Away,L,1.0,2.0,Sassuolo,,15.0,6.0,12.0,12.0,1.0,1.0,1.0,0.0,2022,Fiorentina,5
2022-02-26,Sat,Serie A,Away,W,3.0,2.0,Empoli,,12.0,5.0,8.0,16.0,0.0,0.0,2.0,0.0,2022,Juventus,5
2022-02-26,Sat,Serie A,Home,D,1.0,1.0,Bologna,,15.0,4.0,13.0,25.0,2.0,0.0,3.0,0.0,2022,Salernitana,5
2022-02-26,Sat,Serie A,Home,W,2.0,1.0,Fiorentina,,16.0,6.0,12.0,12.0,1.0,0.0,1.0,1.0,2022,Sassuolo,5
2022-02-27,Sun,Serie A,Away,W,2.0,1.0,Torino,,11.0,5.0,20.0,16.0,4.0,0.0,2.0,0.0,2022,Cagliari,6
2022-02-27,Sun,Serie A,Home,L,1.0,2.0,Napoli,,13.0,8.0,13.0,14.0,3.0,0.0,2.0,0.0,2022,Lazio,6
2022-02-27,Sun,Serie A,Away,W,2.0,1.0,Lazio,,15.0,7.0,14.0,13.0,2.0,0.0,3.0,0.0,2022,Napoli,6
2022-02-27,Sun,Serie A,Away,W,1.0,0.0,Spezia,,31.0,10.0,11.0,13.0,3.0,0.0,5.0,1.0,2022,Roma,6
2022-02-27,Sun,Serie A,Home,L,0.0,1.0,Roma,,9.0,3.0,13.0,11.0,5.0,1.0,3.0,0.0,2022,Spezia,6
2022-02-27,Sun,Serie A,Home,L,1.0,2.0,Cagliari,,15.0,6.0,16.0,20.0,2.0,0.0,4.0,0.0,2022,Torino,6
2022-02-27,Sun,Serie A,Away,L,1.0,3.0,Verona,,9.0,4.0,10.0,13.0,1.0,0.0,0.0,0.0,2022,Venezia,6
2022-02-27,Sun,Serie A,Home,W,3.0,1.0,Venezia,,19.0,11.0,13.0,10.0,0.0,0.0,1.0,0.0,2022,Verona,6
2022-02-28,Mon,Serie A,Home,W,4.0,0.0,Sampdoria,,19.0,9.0,16.0,9.0,1.0,0.0,2.0,0.0,2022,Atalanta,0
2022-02-28,Mon,Serie A,Away,L,0.0,4.0,Atalanta,,6.0,1.0,9.0,16.0,2.0,0.0,1.0,0.0,2022,Sampdoria,0
2022-03-04,Fri,Serie A,Home,W,5.0,0.0,Salernitana,,23.0,12.0,11.0,7.0,2.0,0.0,1.0,0.0,2022,Inter,4
2022-03-04,Fri,Serie A,Away,L,0.0,5.0,Inter,,11.0,3.0,7.0,11.0,1.0,0.0,2.0,0.0,2022,Salernitana,4
2022-03-05,Sat,Serie A,Away,L,0.0,1.0,Roma,,7.0,4.0,14.0,18.0,4.0,1.0,6.0,1.0,2022,Atalanta,5
2022-03-05,Sat,Serie A,Home,L,0.0,3.0,Lazio,,16.0,3.0,10.0,13.0,3.0,0.0,2.0,1.0,2022,Cagliari,5
2022-03-05,Sat,Serie A,Away,W,3.0,0.0,Cagliari,,13.0,5.0,13.0,10.0,2.0,1.0,3.0,0.0,2022,Lazio,5
2022-03-05,Sat,Serie A,Home,W,1.0,0.0,Atalanta,,13.0,4.0,18.0,14.0,6.0,1.0,4.0,1.0,2022,Roma,5
2022-03-05,Sat,Serie A,Away,L,1.0,2.0,Udinese,,8.0,4.0,14.0,20.0,2.0,0.0,5.0,0.0,2022,Sampdoria,5
2022-03-05,Sat,Serie A,Home,W,2.0,1.0,Sampdoria,,19.0,5.0,20.0,14.0,5.0,0.0,2.0,0.0,2022,Udinese,5
2022-03-06,Sun,Serie A,Home,D,0.0,0.0,Torino,,6.0,1.0,23.0,16.0,3.0,0.0,3.0,0.0,2022,Bologna,6
2022-03-06,Sun,Serie A,Away,D,0.0,0.0,Genoa,,8.0,2.0,19.0,15.0,3.0,0.0,4.0,0.0,2022,Empoli,6
2022-03-06,Sun,Serie A,Home,D,1.0,1.0,Verona,,8.0,2.0,15.0,15.0,0.0,0.0,4.0,0.0,2022,Fiorentina,6
2022-03-06,Sun,Serie A,Home,D,0.0,0.0,Empoli,,18.0,7.0,15.0,19.0,4.0,0.0,3.0,0.0,2022,Genoa,6
2022-03-06,Sun,Serie A,Home,W,1.0,0.0,Spezia,,10.0,3.0,14.0,11.0,3.0,0.0,2.0,0.0,2022,Juventus,6
2022-03-06,Sun,Serie A,Away,W,1.0,0.0,Napoli,,12.0,7.0,15.0,7.0,4.0,0.0,4.0,0.0,2022,Milan,6
2022-03-06,Sun,Serie A,Home,L,0.0,1.0,Milan,,9.0,2.0,7.0,15.0,4.0,0.0,4.0,0.0,2022,Napoli,6
2022-03-06,Sun,Serie A,Away,W,4.0,1.0,Venezia,,16.0,10.0,14.0,18.0,1.0,0.0,4.0,0.0,2022,Sassuolo,6
2022-03-06,Sun,Serie A,Away,L,0.0,1.0,Juventus,,9.0,4.0,11.0,14.0,2.0,0.0,3.0,0.0,2022,Spezia,6
2022-03-06,Sun,Serie A,Away,D,0.0,0.0,Bologna,,13.0,2.0,16.0,23.0,3.0,0.0,3.0,0.0,2022,Torino,6
2022-03-06,Sun,Serie A,Home,L,1.0,4.0,Sassuolo,,16.0,5.0,18.0,14.0,4.0,0.0,1.0,0.0,2022,Venezia,6
2022-03-06,Sun,Serie A,Away,D,1.0,1.0,Fiorentina,,2.0,2.0,15.0,15.0,4.0,0.0,0.0,0.0,2022,Verona,6
2022-03-12,Sat,Serie A,Away,L,0.0,2.0,Spezia,,11.0,1.0,17.0,10.0,4.0,0.0,1.0,0.0,2022,Cagliari,5
2022-03-12,Sat,Serie A,Away,L,0.0,1.0,Milan,,5.0,2.0,12.0,6.0,0.0,0.0,1.0,0.0,2022,Empoli,5
2022-03-12,Sat,Serie A,Away,W,3.0,1.0,Sampdoria,,6.0,3.0,15.0,7.0,2.0,0.0,0.0,0.0,2022,Juventus,5
2022-03-12,Sat,Serie A,Home,W,1.0,0.0,Empoli,,15.0,5.0,6.0,12.0,1.0,0.0,0.0,0.0,2022,Milan,5
2022-03-12,Sat,Serie A,Home,D,2.0,2.0,Sassuolo,,15.0,5.0,13.0,15.0,2.0,0.0,4.0,1.0,2022,Salernitana,5
2022-03-12,Sat,Serie A,Home,L,1.0,3.0,Juventus,,16.0,5.0,7.0,15.0,0.0,0.0,2.0,0.0,2022,Sampdoria,5
2022-03-12,Sat,Serie A,Away,D,2.0,2.0,Salernitana,,20.0,7.0,15.0,13.0,4.0,1.0,2.0,0.0,2022,Sassuolo,5
2022-03-12,Sat,Serie A,Home,W,2.0,0.0,Cagliari,,12.0,7.0,10.0,17.0,1.0,0.0,4.0,0.0,2022,Spezia,5
2022-03-13,Sun,Serie A,Home,D,0.0,0.0,Genoa,,11.0,2.0,13.0,17.0,2.0,0.0,0.0,0.0,2022,Atalanta,6
2022-03-13,Sun,Serie A,Away,L,0.0,1.0,Fiorentina,,4.0,0.0,16.0,9.0,5.0,1.0,1.0,0.0,2022,Bologna,6
2022-03-13,Sun,Serie A,Home,W,1.0,0.0,Bologna,,14.0,5.0,9.0,16.0,1.0,0.0,5.0,1.0,2022,Fiorentina,6
2022-03-13,Sun,Serie A,Away,D,0.0,0.0,Atalanta,,13.0,3.0,17.0,13.0,0.0,0.0,2.0,0.0,2022,Genoa,6
2022-03-13,Sun,Serie A,Away,D,1.0,1.0,Torino,,15.0,7.0,17.0,15.0,5.0,0.0,1.0,0.0,2022,Inter,6
2022-03-13,Sun,Serie A,Away,W,2.0,1.0,Verona,,13.0,4.0,9.0,19.0,0.0,0.0,6.0,2.0,2022,Napoli,6
2022-03-13,Sun,Serie A,Away,D,1.0,1.0,Udinese,,10.0,2.0,12.0,16.0,2.0,0.0,3.0,0.0,2022,Roma,6
2022-03-13,Sun,Serie A,Home,D,1.0,1.0,Inter,,13.0,4.0,15.0,17.0,1.0,0.0,5.0,0.0,2022,Torino,6
2022-03-13,Sun,Serie A,Home,D,1.0,1.0,Roma,,11.0,5.0,16.0,12.0,3.0,0.0,2.0,0.0,2022,Udinese,6
2022-03-13,Sun,Serie A,Home,L,1.0,2.0,Napoli,,8.0,1.0,19.0,9.0,6.0,2.0,0.0,0.0,2022,Verona,6
2022-03-14,Mon,Serie A,Home,W,1.0,0.0,Venezia,,10.0,1.0,11.0,13.0,1.0,0.0,1.0,0.0,2022,Lazio,0
2022-03-14,Mon,Serie A,Away,L,0.0,1.0,Lazio,,7.0,2.0,13.0,11.0,1.0,0.0,1.0,0.0,2022,Venezia,0
2022-03-18,Fri,Serie A,Home,W,1.0,0.0,Torino,,7.0,2.0,12.0,17.0,3.0,1.0,3.0,0.0,2022,Genoa,4
2022-03-18,Fri,Serie A,Home,W,4.0,1.0,Spezia,,16.0,7.0,14.0,16.0,2.0,0.0,3.0,0.0,2022,Sassuolo,4
2022-03-18,Fri,Serie A,Away,L,1.0,4.0,Sassuolo,,5.0,1.0,16.0,14.0,3.0,0.0,2.0,0.0,2022,Spezia,4
2022-03-18,Fri,Serie A,Away,L,0.0,1.0,Genoa,,9.0,3.0,17.0,12.0,3.0,0.0,3.0,1.0,2022,Torino,4
2022-03-19,Sat,Serie A,Home,L,0.0,1.0,Milan,,13.0,1.0,13.0,14.0,1.0,0.0,0.0,0.0,2022,Cagliari,5
2022-03-19,Sat,Serie A,Away,D,1.0,1.0,Inter,,17.0,4.0,12.0,14.0,2.0,0.0,1.0,0.0,2022,Fiorentina,5
2022-03-19,Sat,Serie A,Home,D,1.0,1.0,Fiorentina,,13.0,5.0,14.0,12.0,1.0,0.0,2.0,0.0,2022,Inter,5
2022-03-19,Sat,Serie A,Away,W,1.0,0.0,Cagliari,,21.0,5.0,14.0,13.0,0.0,0.0,1.0,0.0,2022,Milan,5
2022-03-19,Sat,Serie A,Home,W,2.0,1.0,Udinese,,20.0,8.0,10.0,12.0,2.0,0.0,2.0,1.0,2022,Napoli,5
2022-03-19,Sat,Serie A,Away,L,1.0,2.0,Napoli,,10.0,3.0,12.0,10.0,2.0,1.0,2.0,0.0,2022,Udinese,5
2022-03-20,Sun,Serie A,Away,W,1.0,0.0,Bologna,,15.0,2.0,12.0,9.0,1.0,0.0,0.0,0.0,2022,Atalanta,6
2022-03-20,Sun,Serie A,Home,L,0.0,1.0,Atalanta,,12.0,3.0,9.0,12.0,0.0,0.0,1.0,0.0,2022,Bologna,6
2022-03-20,Sun,Serie A,Home,D,1.0,1.0,Verona,,7.0,2.0,17.0,13.0,2.0,0.0,3.0,0.0,2022,Empoli,6
2022-03-20,Sun,Serie A,Home,W,2.0,0.0,Salernitana,,12.0,7.0,10.0,13.0,3.0,0.0,2.0,0.0,2022,Juventus,6
2022-03-20,Sun,Serie A,Away,L,0.0,3.0,Roma,,9.0,3.0,12.0,16.0,3.0,0.0,4.0,0.0,2022,Lazio,6
2022-03-20,Sun,Serie A,Home,W,3.0,0.0,Lazio,,11.0,5.0,16.0,12.0,4.0,0.0,3.0,0.0,2022,Roma,6
2022-03-20,Sun,Serie A,Away,L,0.0,2.0,Juventus,,12.0,4.0,13.0,10.0,2.0,0.0,3.0,0.0,2022,Salernitana,6
2022-03-20,Sun,Serie A,Away,W,2.0,0.0,Venezia,,8.0,4.0,17.0,28.0,1.0,0.0,5.0,1.0,2022,Sampdoria,6
2022-03-20,Sun,Serie A,Home,L,0.0,2.0,Sampdoria,,13.0,1.0,28.0,17.0,5.0,1.0,1.0,0.0,2022,Venezia,6
2022-03-20,Sun,Serie A,Away,D,1.0,1.0,Empoli,,14.0,4.0,13.0,17.0,3.0,0.0,2.0,0.0,2022,Verona,6
2022-04-02,Sat,Serie A,Home,W,2.0,1.0,Sassuolo,,14.0,5.0,11.0,8.0,1.0,0.0,3.0,0.0,2022,Lazio,5
2022-04-02,Sat,Serie A,Home,L,0.0,1.0,Torino,,14.0,3.0,15.0,21.0,5.0,1.0,4.0,0.0,2022,Salernitana,5
2022-04-02,Sat,Serie A,Away,L,1.0,2.0,Lazio,,20.0,5.0,8.0,11.0,3.0,0.0,1.0,0.0,2022,Sassuolo,5
2022-04-02,Sat,Serie A,Home,W,1.0,0.0,Venezia,,11.0,5.0,15.0,12.0,3.0,0.0,1.0,0.0,2022,Spezia,5
2022-04-02,Sat,Serie A,Away,W,1.0,0.0,Salernitana,,8.0,5.0,21.0,15.0,4.0,0.0,5.0,1.0,2022,Torino,5
2022-04-02,Sat,Serie A,Away,L,0.0,1.0,Spezia,,13.0,2.0,12.0,15.0,1.0,0.0,3.0,0.0,2022,Venezia,5
2022-04-03,Sun,Serie A,Home,L,1.0,3.0,Napoli,,19.0,3.0,15.0,11.0,2.0,0.0,3.0,0.0,2022,Atalanta,6
2022-04-03,Sun,Serie A,Away,L,1.0,5.0,Udinese,,6.0,3.0,15.0,19.0,4.0,1.0,2.0,0.0,2022,Cagliari,6
2022-04-03,Sun,Serie A,Away,L,0.0,1.0,Fiorentina,,5.0,1.0,20.0,10.0,3.0,1.0,1.0,0.0,2022,Empoli,6
2022-04-03,Sun,Serie A,Home,W,1.0,0.0,Empoli,,24.0,11.0,10.0,20.0,1.0,0.0,3.0,1.0,2022,Fiorentina,6
2022-04-03,Sun,Serie A,Away,W,1.0,0.0,Juventus,,5.0,1.0,19.0,9.0,4.0,0.0,4.0,0.0,2022,Inter,6
2022-04-03,Sun,Serie A,Home,L,0.0,1.0,Inter,,23.0,5.0,9.0,19.0,4.0,0.0,4.0,0.0,2022,Juventus,6
2022-04-03,Sun,Serie A,Away,W,3.0,1.0,Atalanta,,6.0,5.0,11.0,15.0,3.0,0.0,2.0,0.0,2022,Napoli,6
2022-04-03,Sun,Serie A,Away,W,1.0,0.0,Sampdoria,,6.0,1.0,13.0,15.0,3.0,0.0,2.0,0.0,2022,Roma,6
2022-04-03,Sun,Serie A,Home,L,0.0,1.0,Roma,,8.0,3.0,15.0,13.0,2.0,0.0,3.0,0.0,2022,Sampdoria,6
2022-04-03,Sun,Serie A,Home,W,5.0,1.0,Cagliari,,24.0,11.0,19.0,15.0,2.0,0.0,4.0,1.0,2022,Udinese,6
2022-04-04,Mon,Serie A,Away,D,0.0,0.0,Milan,,8.0,4.0,7.0,10.0,2.0,0.0,0.0,0.0,2022,Bologna,0
2022-04-04,Mon,Serie A,Away,L,0.0,1.0,Verona,,7.0,4.0,15.0,16.0,3.0,0.0,4.0,0.0,2022,Genoa,0
2022-04-04,Mon,Serie A,Home,D,0.0,0.0,Bologna,,33.0,7.0,10.0,7.0,0.0,0.0,2.0,0.0,2022,Milan,0
2022-04-04,Mon,Serie A,Home,W,1.0,0.0,Genoa,,7.0,3.0,16.0,15.0,4.0,0.0,3.0,0.0,2022,Verona,0
2022-04-09,Sat,Serie A,Home,L,1.0,2.0,Juventus,,4.0,1.0,19.0,10.0,1.0,0.0,0.0,0.0,2022,Cagliari,5
2022-04-09,Sat,Serie A,Home,D,0.0,0.0,Spezia,,15.0,4.0,11.0,18.0,2.0,0.0,2.0,0.0,2022,Empoli,5
2022-04-09,Sat,Serie A,Home,W,2.0,0.0,Verona,,18.0,6.0,10.0,7.0,2.0,0.0,0.0,0.0,2022,Inter,5
2022-04-09,Sat,Serie A,Away,W,2.0,1.0,Cagliari,,20.0,6.0,10.0,19.0,0.0,0.0,1.0,0.0,2022,Juventus,5
2022-04-09,Sat,Serie A,Away,D,0.0,0.0,Empoli,,11.0,5.0,18.0,11.0,2.0,0.0,2.0,0.0,2022,Spezia,5
2022-04-09,Sat,Serie A,Away,L,0.0,2.0,Inter,,9.0,3.0,7.0,10.0,0.0,0.0,2.0,0.0,2022,Verona,5
2022-04-10,Sun,Serie A,Away,L,1.0,2.0,Sassuolo,,15.0,4.0,14.0,18.0,1.0,0.0,2.0,0.0,2022,Atalanta,6
2022-04-10,Sun,Serie A,Away,W,3.0,2.0,Napoli,,11.0,4.0,17.0,10.0,3.0,0.0,0.0,0.0,2022,Fiorentina,6
2022-04-10,Sun,Serie A,Home,L,1.0,4.0,Lazio,,15.0,4.0,7.0,8.0,0.0,0.0,1.0,0.0,2022,Genoa,6
2022-04-10,Sun,Serie A,Away,W,4.0,1.0,Genoa,,17.0,11.0,8.0,7.0,1.0,0.0,0.0,0.0,2022,Lazio,6
2022-04-10,Sun,Serie A,Away,D,0.0,0.0,Torino,,14.0,3.0,6.0,18.0,2.0,0.0,2.0,0.0,2022,Milan,6
2022-04-10,Sun,Serie A,Home,L,2.0,3.0,Fiorentina,,15.0,3.0,10.0,17.0,0.0,0.0,3.0,0.0,2022,Napoli,6
2022-04-10,Sun,Serie A,Home,W,2.0,1.0,Salernitana,,17.0,7.0,16.0,23.0,5.0,0.0,8.0,0.0,2022,Roma,6
2022-04-10,Sun,Serie A,Away,L,1.0,2.0,Roma,,6.0,3.0,23.0,16.0,8.0,0.0,5.0,0.0,2022,Salernitana,6
2022-04-10,Sun,Serie A,Home,W,2.0,1.0,Atalanta,,14.0,7.0,18.0,14.0,2.0,0.0,1.0,0.0,2022,Sassuolo,6
2022-04-10,Sun,Serie A,Home,D,0.0,0.0,Milan,,14.0,3.0,18.0,6.0,2.0,0.0,2.0,0.0,2022,Torino,6
2022-04-10,Sun,Serie A,Away,W,2.0,1.0,Venezia,,16.0,5.0,11.0,15.0,2.0,0.0,7.0,0.0,2022,Udinese,6
2022-04-10,Sun,Serie A,Home,L,1.0,2.0,Udinese,,9.0,4.0,15.0,11.0,7.0,0.0,2.0,0.0,2022,Venezia,6
2022-04-11,Mon,Serie A,Home,W,2.0,0.0,Sampdoria,,19.0,4.0,11.0,11.0,1.0,0.0,2.0,0.0,2022,Bologna,0
2022-04-11,Mon,Serie A,Away,L,0.0,2.0,Bologna,,9.0,2.0,11.0,11.0,2.0,0.0,1.0,0.0,2022,Sampdoria,0
2022-04-15,Fri,Serie A,Away,L,0.0,2.0,Milan,,7.0,1.0,19.0,10.0,2.0,0.0,1.0,0.0,2022,Genoa,4
2022-04-15,Fri,Serie A,Away,W,3.0,1.0,Spezia,,23.0,7.0,11.0,9.0,0.0,0.0,2.0,0.0,2022,Inter,4
2022-04-15,Fri,Serie A,Home,W,2.0,0.0,Genoa,,10.0,5.0,10.0,19.0,1.0,0.0,2.0,0.0,2022,Milan,4
2022-04-15,Fri,Serie A,Home,L,1.0,3.0,Inter,,10.0,2.0,9.0,11.0,2.0,0.0,0.0,0.0,2022,Spezia,4
2022-04-16,Sat,Serie A,Away,D,1.0,1.0,Juventus,,9.0,2.0,11.0,11.0,5.0,2.0,1.0,0.0,2022,Bologna,5
2022-04-16,Sat,Serie A,Home,W,1.0,0.0,Sassuolo,,16.0,8.0,15.0,11.0,2.0,0.0,2.0,0.0,2022,Cagliari,5
2022-04-16,Sat,Serie A,Away,L,1.0,4.0,Udinese,,15.0,4.0,13.0,18.0,4.0,0.0,1.0,0.0,2022,Empoli,5
2022-04-16,Sat,Serie A,Home,W,1.0,0.0,Venezia,,22.0,6.0,15.0,17.0,4.0,0.0,4.0,0.0,2022,Fiorentina,5
2022-04-16,Sat,Serie A,Home,D,1.0,1.0,Bologna,,23.0,4.0,11.0,11.0,1.0,0.0,5.0,2.0,2022,Juventus,5
2022-04-16,Sat,Serie A,Home,D,1.0,1.0,Torino,,10.0,4.0,10.0,12.0,1.0,0.0,2.0,0.0,2022,Lazio,5
2022-04-16,Sat,Serie A,Away,W,2.0,1.0,Sampdoria,,7.0,2.0,23.0,18.0,7.0,0.0,1.0,0.0,2022,Salernitana,5
2022-04-16,Sat,Serie A,Home,L,1.0,2.0,Salernitana,,5.0,1.0,18.0,23.0,1.0,0.0,7.0,0.0,2022,Sampdoria,5
2022-04-16,Sat,Serie A,Away,L,0.0,1.0,Cagliari,,8.0,2.0,11.0,15.0,2.0,0.0,2.0,0.0,2022,Sassuolo,5
2022-04-16,Sat,Serie A,Away,D,1.0,1.0,Lazio,,12.0,4.0,12.0,10.0,2.0,0.0,1.0,0.0,2022,Torino,5
2022-04-16,Sat,Serie A,Home,W,4.0,1.0,Empoli,,13.0,5.0,18.0,13.0,1.0,0.0,4.0,0.0,2022,Udinese,5
2022-04-16,Sat,Serie A,Away,L,0.0,1.0,Fiorentina,,3.0,1.0,17.0,15.0,4.0,0.0,4.0,0.0,2022,Venezia,5
2022-04-18,Mon,Serie A,Home,L,1.0,2.0,Verona,,17.0,4.0,13.0,13.0,3.0,0.0,3.0,0.0,2022,Atalanta,0
2022-04-18,Mon,Serie A,Home,D,1.0,1.0,Roma,,9.0,4.0,21.0,12.0,4.0,0.0,2.0,0.0,2022,Napoli,0
2022-04-18,Mon,Serie A,Away,D,1.0,1.0,Napoli,,8.0,6.0,12.0,21.0,2.0,0.0,4.0,0.0,2022,Roma,0
2022-04-18,Mon,Serie A,Away,W,2.0,1.0,Atalanta,,21.0,6.0,13.0,13.0,3.0,0.0,3.0,0.0,2022,Verona,0
2022-04-20,Wed,Serie A,Away,W,1.0,0.0,Udinese,,9.0,2.0,13.0,20.0,5.0,0.0,3.0,0.0,2022,Salernitana,2
2022-04-20,Wed,Serie A,Home,L,0.0,1.0,Salernitana,,11.0,3.0,20.0,13.0,3.0,0.0,5.0,0.0,2022,Udinese,2
2022-04-23,Sat,Serie A,Away,W,3.0,1.0,Venezia,,19.0,5.0,13.0,12.0,3.0,0.0,0.0,0.0,2022,Atalanta,5
2022-04-23,Sat,Serie A,Home,W,3.0,1.0,Roma,,11.0,8.0,11.0,13.0,2.0,0.0,2.0,0.0,2022,Inter,5
2022-04-23,Sat,Serie A,Away,L,1.0,3.0,Inter,,9.0,2.0,13.0,11.0,2.0,0.0,2.0,0.0,2022,Roma,5
2022-04-23,Sat,Serie A,Away,D,1.0,1.0,Verona,,4.0,3.0,15.0,15.0,3.0,0.0,1.0,0.0,2022,Sampdoria,5
2022-04-23,Sat,Serie A,Away,L,1.0,2.0,Torino,,7.0,2.0,13.0,9.0,2.0,0.0,1.0,0.0,2022,Spezia,5
2022-04-23,Sat,Serie A,Home,W,2.0,1.0,Spezia,,14.0,6.0,9.0,13.0,1.0,0.0,2.0,0.0,2022,Torino,5
2022-04-23,Sat,Serie A,Home,L,1.0,3.0,Atalanta,,8.0,2.0,12.0,13.0,0.0,0.0,3.0,0.0,2022,Venezia,5
2022-04-23,Sat,Serie A,Home,D,1.0,1.0,Sampdoria,,12.0,1.0,15.0,15.0,1.0,0.0,3.0,0.0,2022,Verona,5
2022-04-24,Sun,Serie A,Home,D,2.0,2.0,Udinese,,10.0,3.0,9.0,22.0,2.0,0.0,2.0,0.0,2022,Bologna,6
2022-04-24,Sun,Serie A,Away,L,0.0,1.0,Genoa,,11.0,1.0,18.0,21.0,2.0,0.0,3.0,0.0,2022,Cagliari,6
2022-04-24,Sun,Serie A,Home,W,3.0,2.0,Napoli,,17.0,7.0,14.0,9.0,4.0,0.0,1.0,0.0,2022,Empoli,6
2022-04-24,Sun,Serie A,Away,L,1.0,2.0,Salernitana,,8.0,3.0,12.0,15.0,1.0,0.0,1.0,0.0,2022,Fiorentina,6
2022-04-24,Sun,Serie A,Home,W,1.0,0.0,Cagliari,,13.0,2.0,21.0,18.0,3.0,0.0,2.0,0.0,2022,Genoa,6
2022-04-24,Sun,Serie A,Home,L,1.0,2.0,Milan,,7.0,2.0,13.0,15.0,3.0,0.0,4.0,0.0,2022,Lazio,6
2022-04-24,Sun,Serie A,Away,W,2.0,1.0,Lazio,,25.0,8.0,15.0,13.0,4.0,0.0,3.0,0.0,2022,Milan,6
2022-04-24,Sun,Serie A,Away,L,2.0,3.0,Empoli,,16.0,2.0,9.0,14.0,1.0,0.0,4.0,0.0,2022,Napoli,6
2022-04-24,Sun,Serie A,Home,W,2.0,1.0,Fiorentina,,10.0,4.0,15.0,12.0,1.0,0.0,1.0,0.0,2022,Salernitana,6
2022-04-24,Sun,Serie A,Away,D,2.0,2.0,Bologna,,17.0,5.0,22.0,9.0,2.0,0.0,2.0,0.0,2022,Udinese,6
2022-04-25,Mon,Serie A,Away,W,2.0,1.0,Sassuolo,,10.0,5.0,8.0,15.0,2.0,0.0,2.0,0.0,2022,Juventus,0
2022-04-25,Mon,Serie A,Home,L,1.0,2.0,Juventus,,22.0,7.0,15.0,8.0,2.0,0.0,2.0,0.0,2022,Sassuolo,0
2022-04-27,Wed,Serie A,Home,D,4.0,4.0,Torino,,16.0,5.0,12.0,11.0,2.0,0.0,2.0,0.0,2022,Atalanta,2
2022-04-27,Wed,Serie A,Home,W,2.0,1.0,Inter,,5.0,3.0,11.0,9.0,1.0,0.0,3.0,0.0,2022,Bologna,2
2022-04-27,Wed,Serie A,Home,L,0.0,4.0,Udinese,,18.0,7.0,12.0,22.0,3.0,0.0,4.0,0.0,2022,Fiorentina,2
2022-04-27,Wed,Serie A,Away,L,1.0,2.0,Bologna,,26.0,7.0,9.0,11.0,3.0,0.0,1.0,0.0,2022,Inter,2
2022-04-27,Wed,Serie A,Away,D,4.0,4.0,Atalanta,,5.0,4.0,11.0,12.0,2.0,0.0,2.0,0.0,2022,Torino,2
2022-04-27,Wed,Serie A,Away,W,4.0,0.0,Fiorentina,,17.0,8.0,22.0,12.0,4.0,0.0,3.0,0.0,2022,Udinese,2
2022-04-30,Sat,Serie A,Home,L,1.0,2.0,Verona,,14.0,5.0,16.0,17.0,2.0,0.0,4.0,0.0,2022,Cagliari,5
2022-04-30,Sat,Serie A,Away,L,0.0,1.0,Sampdoria,,14.0,4.0,23.0,13.0,1.0,0.0,3.0,0.0,2022,Genoa,5
2022-04-30,Sat,Serie A,Away,W,4.0,3.0,Spezia,,22.0,9.0,10.0,15.0,1.0,0.0,3.0,0.0,2022,Lazio,5
2022-04-30,Sat,Serie A,Home,W,6.0,1.0,Sassuolo,,18.0,8.0,10.0,9.0,0.0,0.0,3.0,0.0,2022,Napoli,5
2022-04-30,Sat,Serie A,Home,W,1.0,0.0,Genoa,,10.0,2.0,13.0,23.0,3.0,0.0,1.0,0.0,2022,Sampdoria,5
2022-04-30,Sat,Serie A,Away,L,1.0,6.0,Napoli,,13.0,4.0,9.0,10.0,3.0,0.0,0.0,0.0,2022,Sassuolo,5
2022-04-30,Sat,Serie A,Home,L,3.0,4.0,Lazio,,9.0,3.0,15.0,10.0,3.0,0.0,1.0,0.0,2022,Spezia,5
2022-04-30,Sat,Serie A,Away,W,2.0,1.0,Cagliari,,13.0,4.0,17.0,16.0,4.0,0.0,2.0,0.0,2022,Verona,5
2022-05-01,Sun,Serie A,Away,D,0.0,0.0,Roma,,10.0,4.0,9.0,10.0,1.0,0.0,0.0,0.0,2022,Bologna,6
2022-05-01,Sun,Serie A,Home,L,1.0,3.0,Torino,,11.0,4.0,14.0,11.0,5.0,2.0,2.0,0.0,2022,Empoli,6
2022-05-01,Sun,Serie A,Away,L,0.0,1.0,Milan,,8.0,2.0,17.0,17.0,3.0,0.0,1.0,0.0,2022,Fiorentina,6
2022-05-01,Sun,Serie A,Away,W,2.0,1.0,Udinese,,12.0,5.0,10.0,12.0,1.0,0.0,2.0,0.0,2022,Inter,6
2022-05-01,Sun,Serie A,Home,W,2.0,1.0,Venezia,,17.0,4.0,17.0,12.0,3.0,0.0,3.0,0.0,2022,Juventus,6
2022-05-01,Sun,Serie A,Home,W,1.0,0.0,Fiorentina,,13.0,2.0,17.0,17.0,1.0,0.0,3.0,0.0,2022,Milan,6
2022-05-01,Sun,Serie A,Home,D,0.0,0.0,Bologna,,17.0,5.0,10.0,9.0,0.0,0.0,1.0,0.0,2022,Roma,6
2022-05-01,Sun,Serie A,Away,W,3.0,1.0,Empoli,,13.0,3.0,11.0,14.0,2.0,0.0,5.0,2.0,2022,Torino,6
2022-05-01,Sun,Serie A,Home,L,1.0,2.0,Inter,,7.0,3.0,12.0,10.0,2.0,0.0,1.0,0.0,2022,Udinese,6
2022-05-01,Sun,Serie A,Away,L,1.0,2.0,Juventus,,9.0,3.0,12.0,17.0,3.0,0.0,3.0,0.0,2022,Venezia,6
2022-05-02,Mon,Serie A,Home,D,1.0,1.0,Salernitana,,20.0,5.0,13.0,9.0,3.0,0.0,2.0,0.0,2022,Atalanta,0
2022-05-02,Mon,Serie A,Away,D,1.0,1.0,Atalanta,,11.0,9.0,9.0,13.0,2.0,0.0,3.0,0.0,2022,Salernitana,0
2022-05-05,Thu,Serie A,Home,W,2.0,1.0,Venezia,,19.0,4.0,12.0,17.0,2.0,0.0,7.0,1.0,2022,Salernitana,3
2022-05-05,Thu,Serie A,Away,L,1.0,2.0,Salernitana,,10.0,4.0,17.0,12.0,7.0,1.0,2.0,0.0,2022,Venezia,3
2022-05-06,Fri,Serie A,Away,L,2.0,4.0,Inter,,4.0,2.0,9.0,10.0,0.0,0.0,1.0,0.0,2022,Empoli,4
2022-05-06,Fri,Serie A,Home,W,2.0,1.0,Juventus,,18.0,6.0,13.0,15.0,2.0,0.0,3.0,0.0,2022,Genoa,4
2022-05-06,Fri,Serie A,Home,W,4.0,2.0,Empoli,,37.0,10.0,10.0,9.0,1.0,0.0,0.0,0.0,2022,Inter,4
2022-05-06,Fri,Serie A,Away,L,1.0,2.0,Genoa,,12.0,4.0,15.0,13.0,3.0,0.0,2.0,0.0,2022,Juventus,4
2022-05-07,Sat,Serie A,Home,W,2.0,0.0,Sampdoria,,16.0,10.0,9.0,9.0,1.0,0.0,1.0,0.0,2022,Lazio,5
2022-05-07,Sat,Serie A,Away,W,1.0,0.0,Torino,,11.0,6.0,11.0,18.0,3.0,0.0,2.0,0.0,2022,Napoli,5
2022-05-07,Sat,Serie A,Away,L,0.0,2.0,Lazio,,9.0,2.0,9.0,9.0,1.0,0.0,1.0,0.0,2022,Sampdoria,5
2022-05-07,Sat,Serie A,Home,D,1.0,1.0,Udinese,,15.0,6.0,10.0,18.0,2.0,0.0,2.0,0.0,2022,Sassuolo,5
2022-05-07,Sat,Serie A,Home,L,0.0,1.0,Napoli,,10.0,3.0,18.0,11.0,2.0,0.0,3.0,0.0,2022,Torino,5
2022-05-07,Sat,Serie A,Away,D,1.0,1.0,Sassuolo,,13.0,6.0,18.0,10.0,2.0,0.0,2.0,0.0,2022,Udinese,5
2022-05-08,Sun,Serie A,Away,W,3.0,1.0,Spezia,,17.0,6.0,12.0,10.0,3.0,0.0,2.0,0.0,2022,Atalanta,6
2022-05-08,Sun,Serie A,Away,L,3.0,4.0,Venezia,,23.0,10.0,13.0,10.0,4.0,0.0,2.0,0.0,2022,Bologna,6
2022-05-08,Sun,Serie A,Away,D,1.0,1.0,Salernitana,,9.0,3.0,17.0,12.0,2.0,1.0,5.0,1.0,2022,Cagliari,6
2022-05-08,Sun,Serie A,Away,W,3.0,1.0,Verona,,18.0,8.0,7.0,15.0,1.0,0.0,2.0,0.0,2022,Milan,6
2022-05-08,Sun,Serie A,Home,D,1.0,1.0,Cagliari,,13.0,2.0,12.0,17.0,5.0,1.0,2.0,1.0,2022,Salernitana,6
2022-05-08,Sun,Serie A,Home,L,1.0,3.0,Atalanta,,5.0,1.0,10.0,12.0,2.0,0.0,3.0,0.0,2022,Spezia,6
2022-05-08,Sun,Serie A,Home,W,4.0,3.0,Bologna,,18.0,9.0,10.0,13.0,2.0,0.0,4.0,0.0,2022,Venezia,6
2022-05-08,Sun,Serie A,Home,L,1.0,3.0,Milan,,10.0,3.0,15.0,7.0,2.0,0.0,1.0,0.0,2022,Verona,6
2022-05-09,Mon,Serie A,Home,W,2.0,0.0,Roma,,12.0,7.0,16.0,11.0,3.0,0.0,1.0,0.0,2022,Fiorentina,0
2022-05-09,Mon,Serie A,Away,L,0.0,2.0,Fiorentina,,6.0,1.0,11.0,16.0,1.0,0.0,3.0,0.0,2022,Roma,0
2022-05-14,Sat,Serie A,Home,D,1.0,1.0,Salernitana,,16.0,6.0,18.0,8.0,2.0,0.0,2.0,0.0,2022,Empoli,5
2022-05-14,Sat,Serie A,Home,D,1.0,1.0,Venezia,,46.0,16.0,11.0,14.0,2.0,0.0,5.0,1.0,2022,Roma,5
2022-05-14,Sat,Serie A,Away,D,1.0,1.0,Empoli,,28.0,9.0,8.0,18.0,2.0,0.0,2.0,0.0,2022,Salernitana,5
2022-05-14,Sat,Serie A,Away,W,3.0,2.0,Udinese,,10.0,6.0,10.0,19.0,2.0,0.0,3.0,0.0,2022,Spezia,5
2022-05-14,Sat,Serie A,Away,W,1.0,0.0,Verona,,11.0,5.0,18.0,17.0,2.0,0.0,4.0,0.0,2022,Torino,5
2022-05-14,Sat,Serie A,Home,L,2.0,3.0,Spezia,,17.0,6.0,19.0,10.0,3.0,0.0,2.0,0.0,2022,Udinese,5
2022-05-14,Sat,Serie A,Away,D,1.0,1.0,Roma,,4.0,2.0,14.0,11.0,5.0,1.0,2.0,0.0,2022,Venezia,5
2022-05-14,Sat,Serie A,Home,L,0.0,1.0,Torino,,10.0,5.0,17.0,18.0,4.0,0.0,2.0,0.0,2022,Verona,5
2022-05-15,Sun,Serie A,Away,L,0.0,2.0,Milan,,12.0,2.0,14.0,8.0,2.0,0.0,3.0,0.0,2022,Atalanta,6
2022-05-15,Sun,Serie A,Home,L,1.0,3.0,Sassuolo,,8.0,2.0,9.0,10.0,0.0,0.0,1.0,0.0,2022,Bologna,6
2022-05-15,Sun,Serie A,Home,L,1.0,3.0,Inter,,10.0,2.0,12.0,15.0,0.0,0.0,2.0,0.0,2022,Cagliari,6
2022-05-15,Sun,Serie A,Away,L,0.0,3.0,Napoli,,11.0,3.0,15.0,13.0,1.0,0.0,1.0,0.0,2022,Genoa,6
2022-05-15,Sun,Serie A,Away,W,3.0,1.0,Cagliari,,17.0,7.0,15.0,12.0,2.0,0.0,0.0,0.0,2022,Inter,6
2022-05-15,Sun,Serie A,Home,W,2.0,0.0,Atalanta,,12.0,6.0,8.0,14.0,3.0,0.0,2.0,0.0,2022,Milan,6
2022-05-15,Sun,Serie A,Home,W,3.0,0.0,Genoa,,17.0,9.0,13.0,15.0,1.0,0.0,1.0,0.0,2022,Napoli,6
2022-05-15,Sun,Serie A,Away,W,3.0,1.0,Bologna,,16.0,7.0,10.0,9.0,1.0,0.0,0.0,0.0,2022,Sassuolo,6
2022-05-16,Mon,Serie A,Away,L,1.0,4.0,Sampdoria,,12.0,1.0,9.0,18.0,3.0,0.0,2.0,1.0,2022,Fiorentina,0
2022-05-16,Mon,Serie A,Home,D,2.0,2.0,Lazio,,4.0,2.0,16.0,13.0,3.0,0.0,3.0,0.0,2022,Juventus,0
2022-05-16,Mon,Serie A,Away,D,2.0,2.0,Juventus,,18.0,7.0,13.0,16.0,3.0,0.0,3.0,0.0,2022,Lazio,0
2022-05-16,Mon,Serie A,Home,W,4.0,1.0,Fiorentina,,12.0,5.0,18.0,9.0,2.0,1.0,3.0,0.0,2022,Sampdoria,0
2022-05-20,Fri,Serie A,Away,W,3.0,0.0,Torino,,14.0,6.0,10.0,10.0,2.0,0.0,2.0,0.0,2022,Roma,4
2022-05-20,Fri,Serie A,Home,L,0.0,3.0,Roma,,13.0,2.0,10.0,10.0,2.0,0.0,2.0,0.0,2022,Torino,4
2022-05-21,Sat,Serie A,Home,L,0.0,1.0,Empoli,,40.0,10.0,6.0,7.0,1.0,0.0,1.0,0.0,2022,Atalanta,5
2022-05-21,Sat,Serie A,Away,W,1.0,0.0,Genoa,,11.0,4.0,10.0,17.0,1.0,0.0,3.0,0.0,2022,Bologna,5
2022-05-21,Sat,Serie A,Away,W,1.0,0.0,Atalanta,,7.0,3.0,7.0,6.0,1.0,0.0,1.0,0.0,2022,Empoli,5
2022-05-21,Sat,Serie A,Home,W,2.0,0.0,Juventus,,13.0,4.0,13.0,14.0,3.0,0.0,3.0,0.0,2022,Fiorentina,5
2022-05-21,Sat,Serie A,Home,L,0.0,1.0,Bologna,,18.0,5.0,17.0,10.0,3.0,0.0,1.0,0.0,2022,Genoa,5
2022-05-21,Sat,Serie A,Away,L,0.0,2.0,Fiorentina,,1.0,0.0,14.0,13.0,3.0,0.0,3.0,0.0,2022,Juventus,5
2022-05-21,Sat,Serie A,Home,D,3.0,3.0,Verona,,19.0,7.0,9.0,19.0,2.0,0.0,6.0,0.0,2022,Lazio,5
2022-05-21,Sat,Serie A,Away,D,3.0,3.0,Lazio,,10.0,7.0,19.0,9.0,6.0,0.0,2.0,0.0,2022,Verona,5
2022-05-22,Sun,Serie A,Away,D,0.0,0.0,Venezia,,31.0,7.0,19.0,6.0,3.0,0.0,0.0,0.0,2022,Cagliari,6
2022-05-22,Sun,Serie A,Home,W,3.0,0.0,Sampdoria,,27.0,12.0,6.0,12.0,1.0,0.0,2.0,0.0,2022,Inter,6
2022-05-22,Sun,Serie A,Away,W,3.0,0.0,Sassuolo,,18.0,12.0,13.0,8.0,1.0,0.0,2.0,0.0,2022,Milan,6
2022-05-22,Sun,Serie A,Away,W,3.0,0.0,Spezia,,10.0,4.0,9.0,10.0,2.0,0.0,1.0,0.0,2022,Napoli,6
2022-05-22,Sun,Serie A,Home,L,0.0,4.0,Udinese,,25.0,10.0,11.0,12.0,1.0,0.0,1.0,0.0,2022,Salernitana,6
2022-05-22,Sun,Serie A,Away,L,0.0,3.0,Inter,,9.0,3.0,12.0,6.0,2.0,0.0,1.0,0.0,2022,Sampdoria,6
2022-05-22,Sun,Serie A,Home,L,0.0,3.0,Milan,,15.0,3.0,8.0,13.0,2.0,0.0,1.0,0.0,2022,Sassuolo,6
2022-05-22,Sun,Serie A,Home,L,0.0,3.0,Napoli,,16.0,4.0,10.0,9.0,1.0,0.0,2.0,0.0,2022,Spezia,6
2022-05-22,Sun,Serie A,Away,W,4.0,0.0,Salernitana,,19.0,11.0,12.0,11.0,1.0,0.0,1.0,0.0,2022,Udinese,6
2022-05-22,Sun,Serie A,Home,D,0.0,0.0,Cagliari,,7.0,1.0,6.0,19.0,0.0,0.0,3.0,0.0,2022,Venezia,6
2022-08-13,Sat,Serie A,Away,W,2.0,0.0,Sampdoria,,9.0,3.0,21.0,13.0,6.0,0.0,4.0,0.0,2023,Atalanta,5
2022-08-13,Sat,Serie A,Away,W,2.0,1.0,Lecce,,19.0,9.0,19.0,21.0,2.0,0.0,4.0,0.0,2023,Inter,5
2022-08-13,Sat,Serie A,Home,L,1.0,2.0,Inter,,10.0,4.0,21.0,19.0,4.0,0.0,2.0,0.0,2023,Lecce,5
2022-08-13,Sat,Serie A,Home,W,4.0,2.0,Udinese,,14.0,5.0,16.0,13.0,1.0,0.0,4.0,0.0,2023,Milan,5
2022-08-13,Sat,Serie A,Home,L,1.0,2.0,Torino,,15.0,4.0,6.0,17.0,1.0,0.0,2.0,0.0,2023,Monza,5
2022-08-13,Sat,Serie A,Home,L,0.0,2.0,Atalanta,,11.0,1.0,13.0,21.0,4.0,0.0,6.0,0.0,2023,Sampdoria,5
2022-08-13,Sat,Serie A,Away,W,2.0,1.0,Monza,,13.0,6.0,17.0,6.0,2.0,0.0,1.0,0.0,2023,Torino,5
2022-08-13,Sat,Serie A,Away,L,2.0,4.0,Milan,,9.0,4.0,13.0,16.0,4.0,0.0,1.0,0.0,2023,Udinese,5
2022-08-14,Sun,Serie A,Away,L,1.0,2.0,Lazio,,11.0,3.0,18.0,11.0,6.0,1.0,2.0,1.0,2023,Bologna,6
2022-08-14,Sun,Serie A,Away,L,2.0,3.0,Fiorentina,,13.0,4.0,19.0,10.0,3.0,1.0,0.0,0.0,2023,Cremonese,6
2022-08-14,Sun,Serie A,Away,L,0.0,1.0,Spezia,,18.0,5.0,8.0,15.0,1.0,0.0,2.0,0.0,2023,Empoli,6
2022-08-14,Sun,Serie A,Home,W,3.0,2.0,Cremonese,,27.0,11.0,10.0,19.0,0.0,0.0,3.0,1.0,2023,Fiorentina,6
2022-08-14,Sun,Serie A,Home,W,2.0,1.0,Bologna,,9.0,6.0,11.0,18.0,2.0,1.0,6.0,1.0,2023,Lazio,6
2022-08-14,Sun,Serie A,Away,W,1.0,0.0,Salernitana,,20.0,5.0,9.0,18.0,2.0,0.0,3.0,0.0,2023,Roma,6
2022-08-14,Sun,Serie A,Home,L,0.0,1.0,Roma,,13.0,2.0,18.0,9.0,3.0,0.0,2.0,0.0,2023,Salernitana,6
2022-08-14,Sun,Serie A,Home,W,1.0,0.0,Empoli,,9.0,2.0,15.0,8.0,2.0,0.0,1.0,0.0,2023,Spezia,6
2022-08-15,Mon,Serie A,Home,W,3.0,0.0,Sassuolo,,14.0,4.0,7.0,5.0,1.0,0.0,3.0,0.0,2023,Juventus,0
2022-08-15,Mon,Serie A,Away,W,5.0,2.0,Verona,,25.0,8.0,6.0,15.0,2.0,0.0,2.0,0.0,2023,Napoli,0
2022-08-15,Mon,Serie A,Away,L,0.0,3.0,Juventus,,19.0,7.0,5.0,7.0,3.0,0.0,1.0,0.0,2023,Sassuolo,0
2022-08-15,Mon,Serie A,Home,L,2.0,5.0,Napoli,,6.0,3.0,15.0,6.0,2.0,0.0,2.0,0.0,2023,Verona,0
2022-08-20,Sat,Serie A,Home,W,3.0,0.0,Spezia,,19.0,8.0,11.0,7.0,0.0,0.0,0.0,0.0,2023,Inter,5
2022-08-20,Sat,Serie A,Away,D,0.0,0.0,Torino,,7.0,2.0,12.0,11.0,5.0,0.0,0.0,0.0,2023,Lazio,5
2022-08-20,Sat,Serie A,Away,L,0.0,1.0,Sassuolo,,7.0,1.0,12.0,14.0,1.0,0.0,5.0,0.0,2023,Lecce,5
2022-08-20,Sat,Serie A,Away,D,0.0,0.0,Udinese,,17.0,6.0,12.0,9.0,4.0,0.0,2.0,1.0,2023,Salernitana,5
2022-08-20,Sat,Serie A,Home,W,1.0,0.0,Lecce,,12.0,3.0,14.0,12.0,5.0,0.0,1.0,0.0,2023,Sassuolo,5
2022-08-20,Sat,Serie A,Away,L,0.0,3.0,Inter,,2.0,0.0,7.0,11.0,0.0,0.0,0.0,0.0,2023,Spezia,5
2022-08-20,Sat,Serie A,Home,D,0.0,0.0,Lazio,,10.0,1.0,11.0,12.0,0.0,0.0,5.0,0.0,2023,Torino,5
2022-08-20,Sat,Serie A,Home,D,0.0,0.0,Salernitana,,15.0,2.0,9.0,12.0,2.0,1.0,4.0,0.0,2023,Udinese,5
2022-08-21,Sun,Serie A,Home,D,1.0,1.0,Milan,,11.0,2.0,15.0,6.0,4.0,0.0,3.0,0.0,2023,Atalanta,6
2022-08-21,Sun,Serie A,Home,D,1.0,1.0,Verona,,17.0,5.0,10.0,14.0,3.0,1.0,3.0,0.0,2023,Bologna,6
2022-08-21,Sun,Serie A,Home,D,0.0,0.0,Fiorentina,,4.0,2.0,13.0,11.0,1.0,1.0,3.0,0.0,2023,Empoli,6
2022-08-21,Sun,Serie A,Away,D,0.0,0.0,Empoli,,19.0,2.0,11.0,13.0,3.0,0.0,1.0,1.0,2023,Fiorentina,6
2022-08-21,Sun,Serie A,Away,D,1.0,1.0,Atalanta,,18.0,7.0,6.0,15.0,3.0,0.0,4.0,0.0,2023,Milan,6
2022-08-21,Sun,Serie A,Away,L,0.0,4.0,Napoli,,4.0,1.0,13.0,11.0,1.0,0.0,2.0,0.0,2023,Monza,6
2022-08-21,Sun,Serie A,Home,W,4.0,0.0,Monza,,22.0,5.0,11.0,13.0,2.0,0.0,1.0,0.0,2023,Napoli,6
2022-08-21,Sun,Serie A,Away,D,1.0,1.0,Bologna,,19.0,3.0,14.0,10.0,3.0,0.0,3.0,1.0,2023,Verona,6
2022-08-22,Mon,Serie A,Away,L,0.0,1.0,Roma,,14.0,3.0,14.0,7.0,3.0,0.0,0.0,0.0,2023,Cremonese,0
2022-08-22,Mon,Serie A,Away,D,0.0,0.0,Sampdoria,,10.0,4.0,14.0,8.0,2.0,0.0,3.0,0.0,2023,Juventus,0
2022-08-22,Mon,Serie A,Home,W,1.0,0.0,Cremonese,,27.0,12.0,7.0,14.0,0.0,0.0,3.0,0.0,2023,Roma,0
2022-08-22,Mon,Serie A,Home,D,0.0,0.0,Juventus,,10.0,1.0,8.0,14.0,3.0,0.0,2.0,0.0,2023,Sampdoria,0
2022-08-26,Fri,Serie A,Away,L,1.0,3.0,Lazio,,19.0,7.0,12.0,5.0,1.0,0.0,2.0,0.0,2023,Inter,4
2022-08-26,Fri,Serie A,Home,W,3.0,1.0,Inter,,11.0,7.0,5.0,12.0,2.0,0.0,1.0,0.0,2023,Lazio,4
2022-08-26,Fri,Serie A,Home,L,1.0,2.0,Udinese,,10.0,5.0,16.0,10.0,3.0,0.0,2.0,0.0,2023,Monza,4
2022-08-26,Fri,Serie A,Away,W,2.0,1.0,Monza,,15.0,4.0,10.0,16.0,2.0,0.0,3.0,0.0,2023,Udinese,4
2022-08-27,Sat,Serie A,Away,L,0.0,2.0,Milan,,8.0,0.0,9.0,13.0,1.0,0.0,2.0,0.0,2023,Bologna,5
2022-08-27,Sat,Serie A,Home,L,1.0,2.0,Torino,,16.0,6.0,9.0,21.0,0.0,0.0,3.0,0.0,2023,Cremonese,5
2022-08-27,Sat,Serie A,Home,D,1.0,1.0,Roma,,14.0,3.0,16.0,7.0,2.0,0.0,2.0,0.0,2023,Juventus,5
2022-08-27,Sat,Serie A,Home,W,2.0,0.0,Bologna,,19.0,7.0,13.0,9.0,2.0,0.0,1.0,0.0,2023,Milan,5
2022-08-27,Sat,Serie A,Away,D,1.0,1.0,Juventus,,8.0,4.0,7.0,16.0,2.0,0.0,2.0,0.0,2023,Roma,5
2022-08-27,Sat,Serie A,Away,D,2.0,2.0,Spezia,,21.0,8.0,10.0,17.0,1.0,0.0,2.0,1.0,2023,Sassuolo,5
2022-08-27,Sat,Serie A,Home,D,2.0,2.0,Sassuolo,,7.0,2.0,17.0,10.0,2.0,1.0,1.0,0.0,2023,Spezia,5
2022-08-27,Sat,Serie A,Away,W,2.0,1.0,Cremonese,,14.0,5.0,21.0,9.0,3.0,0.0,0.0,0.0,2023,Torino,5
2022-08-28,Sun,Serie A,Away,W,1.0,0.0,Verona,,15.0,7.0,7.0,15.0,3.0,0.0,3.0,0.0,2023,Atalanta,6
2022-08-28,Sun,Serie A,Away,D,1.0,1.0,Lecce,,9.0,3.0,5.0,10.0,2.0,0.0,1.0,0.0,2023,Empoli,6
2022-08-28,Sun,Serie A,Home,D,0.0,0.0,Napoli,,10.0,5.0,12.0,14.0,2.0,0.0,3.0,0.0,2023,Fiorentina,6
2022-08-28,Sun,Serie A,Home,D,1.0,1.0,Empoli,,15.0,5.0,10.0,5.0,1.0,0.0,2.0,0.0,2023,Lecce,6
2022-08-28,Sun,Serie A,Away,D,0.0,0.0,Fiorentina,,13.0,2.0,14.0,12.0,3.0,0.0,2.0,0.0,2023,Napoli,6
2022-08-28,Sun,Serie A,Home,W,4.0,0.0,Sampdoria,,9.0,6.0,19.0,14.0,2.0,0.0,2.0,0.0,2023,Salernitana,6
2022-08-28,Sun,Serie A,Away,L,0.0,4.0,Salernitana,,17.0,6.0,14.0,19.0,2.0,0.0,2.0,0.0,2023,Sampdoria,6
2022-08-28,Sun,Serie A,Home,L,0.0,1.0,Atalanta,,14.0,2.0,15.0,7.0,3.0,0.0,3.0,0.0,2023,Verona,6
2022-08-30,Tue,Serie A,Away,L,1.0,3.0,Inter,,11.0,4.0,14.0,6.0,3.0,0.0,0.0,0.0,2023,Cremonese,1
2022-08-30,Tue,Serie A,Home,W,3.0,1.0,Cremonese,,18.0,7.0,6.0,14.0,0.0,0.0,3.0,0.0,2023,Inter,1
2022-08-30,Tue,Serie A,Away,D,0.0,0.0,Sassuolo,,10.0,2.0,13.0,14.0,2.0,0.0,5.0,0.0,2023,Milan,1
2022-08-30,Tue,Serie A,Away,L,0.0,3.0,Roma,,13.0,1.0,7.0,10.0,3.0,0.0,0.0,0.0,2023,Monza,1
2022-08-30,Tue,Serie A,Home,W,3.0,0.0,Monza,,14.0,7.0,10.0,7.0,0.0,0.0,3.0,0.0,2023,Roma,1
2022-08-30,Tue,Serie A,Home,D,0.0,0.0,Milan,,8.0,3.0,14.0,13.0,5.0,0.0,2.0,0.0,2023,Sassuolo,1
2022-08-31,Wed,Serie A,Home,D,1.0,1.0,Verona,,16.0,4.0,5.0,21.0,0.0,0.0,4.0,0.0,2023,Empoli,2
2022-08-31,Wed,Serie A,Away,L,0.0,1.0,Udinese,,12.0,2.0,9.0,13.0,2.0,0.0,1.0,0.0,2023,Fiorentina,2
2022-08-31,Wed,Serie A,Home,W,2.0,0.0,Spezia,,15.0,3.0,1.0,4.0,0.0,0.0,2.0,0.0,2023,Juventus,2
2022-08-31,Wed,Serie A,Away,D,1.0,1.0,Sampdoria,,13.0,6.0,7.0,10.0,2.0,0.0,0.0,0.0,2023,Lazio,2
2022-08-31,Wed,Serie A,Away,D,1.0,1.0,Napoli,,9.0,4.0,3.0,1.0,4.0,0.0,1.0,0.0,2023,Lecce,2
2022-08-31,Wed,Serie A,Home,D,1.0,1.0,Lecce,,19.0,7.0,1.0,3.0,1.0,0.0,4.0,0.0,2023,Napoli,2
2022-08-31,Wed,Serie A,Home,D,1.0,1.0,Lazio,,10.0,3.0,10.0,7.0,0.0,0.0,2.0,0.0,2023,Sampdoria,2
2022-08-31,Wed,Serie A,Away,L,0.0,2.0,Juventus,,9.0,0.0,4.0,1.0,2.0,0.0,0.0,0.0,2023,Spezia,2
2022-08-31,Wed,Serie A,Home,W,1.0,0.0,Fiorentina,,8.0,3.0,13.0,9.0,1.0,0.0,2.0,0.0,2023,Udinese,2
2022-08-31,Wed,Serie A,Away,D,1.0,1.0,Empoli,,9.0,3.0,21.0,5.0,4.0,0.0,0.0,0.0,2023,Verona,2
2022-09-01,Thu,Serie A,Home,W,3.0,1.0,Torino,,12.0,5.0,14.0,13.0,1.0,0.0,3.0,0.0,2023,Atalanta,3
2022-09-01,Thu,Serie A,Home,D,1.0,1.0,Salernitana,,11.0,4.0,10.0,11.0,2.0,0.0,2.0,0.0,2023,Bologna,3
2022-09-01,Thu,Serie A,Away,D,1.0,1.0,Bologna,,20.0,4.0,11.0,10.0,2.0,0.0,2.0,0.0,2023,Salernitana,3
2022-09-01,Thu,Serie A,Away,L,1.0,3.0,Atalanta,,8.0,2.0,13.0,14.0,3.0,0.0,1.0,0.0,2023,Torino,3
2022-09-03,Sat,Serie A,Home,D,1.0,1.0,Juventus,,17.0,5.0,13.0,12.0,1.0,0.0,3.0,0.0,2023,Fiorentina,5
2022-09-03,Sat,Serie A,Away,L,2.0,3.0,Milan,,16.0,5.0,12.0,10.0,2.0,0.0,5.0,0.0,2023,Inter,5
2022-09-03,Sat,Serie A,Away,D,1.0,1.0,Fiorentina,,4.0,1.0,12.0,13.0,3.0,0.0,1.0,0.0,2023,Juventus,5
2022-09-03,Sat,Serie A,Home,L,1.0,2.0,Napoli,,8.0,2.0,12.0,14.0,4.0,0.0,0.0,0.0,2023,Lazio,5
2022-09-03,Sat,Serie A,Home,W,3.0,2.0,Inter,,21.0,5.0,10.0,12.0,5.0,0.0,2.0,0.0,2023,Milan,5
2022-09-03,Sat,Serie A,Away,W,2.0,1.0,Lazio,,19.0,7.0,14.0,12.0,0.0,0.0,4.0,0.0,2023,Napoli,5
2022-09-04,Sun,Serie A,Away,D,2.0,2.0,Spezia,,13.0,6.0,5.0,12.0,1.0,0.0,4.0,0.0,2023,Bologna,6
2022-09-04,Sun,Serie A,Home,D,0.0,0.0,Sassuolo,,10.0,0.0,16.0,6.0,1.0,0.0,1.0,0.0,2023,Cremonese,6
2022-09-04,Sun,Serie A,Away,L,0.0,4.0,Udinese,,12.0,2.0,13.0,16.0,2.0,0.0,3.0,0.0,2023,Roma,6
2022-09-04,Sun,Serie A,Away,L,1.0,2.0,Verona,,11.0,3.0,11.0,16.0,2.0,0.0,2.0,0.0,2023,Sampdoria,6
2022-09-04,Sun,Serie A,Away,D,0.0,0.0,Cremonese,,17.0,7.0,6.0,16.0,1.0,0.0,1.0,0.0,2023,Sassuolo,6
2022-09-04,Sun,Serie A,Home,D,2.0,2.0,Bologna,,15.0,5.0,12.0,5.0,4.0,0.0,1.0,0.0,2023,Spezia,6
2022-09-04,Sun,Serie A,Home,W,4.0,0.0,Roma,,11.0,5.0,16.0,13.0,3.0,0.0,2.0,0.0,2023,Udinese,6
2022-09-04,Sun,Serie A,Home,W,2.0,1.0,Sampdoria,,17.0,9.0,16.0,11.0,2.0,0.0,2.0,0.0,2023,Verona,6
2022-09-05,Mon,Serie A,Away,W,2.0,0.0,Monza,,13.0,6.0,10.0,9.0,1.0,0.0,1.0,0.0,2023,Atalanta,0
2022-09-05,Mon,Serie A,Away,D,2.0,2.0,Salernitana,,11.0,5.0,9.0,7.0,2.0,0.0,3.0,0.0,2023,Empoli,0
2022-09-05,Mon,Serie A,Away,L,0.0,1.0,Torino,,10.0,2.0,8.0,16.0,1.0,0.0,2.0,0.0,2023,Lecce,0
2022-09-05,Mon,Serie A,Home,L,0.0,2.0,Atalanta,,11.0,3.0,9.0,10.0,1.0,0.0,1.0,0.0,2023,Monza,0
2022-09-05,Mon,Serie A,Home,D,2.0,2.0,Empoli,,15.0,4.0,7.0,9.0,3.0,0.0,2.0,0.0,2023,Salernitana,0
2022-09-05,Mon,Serie A,Home,W,1.0,0.0,Lecce,,13.0,4.0,16.0,8.0,2.0,0.0,1.0,0.0,2023,Torino,0
2022-09-10,Sat,Serie A,Home,W,1.0,0.0,Torino,,16.0,3.0,8.0,17.0,1.0,0.0,2.0,0.0,2023,Inter,5
2022-09-10,Sat,Serie A,Away,W,2.0,1.0,Sampdoria,,15.0,4.0,10.0,12.0,2.0,1.0,5.0,0.0,2023,Milan,5
2022-09-10,Sat,Serie A,Home,W,1.0,0.0,Spezia,,28.0,6.0,6.0,14.0,1.0,0.0,2.0,0.0,2023,Napoli,5
2022-09-10,Sat,Serie A,Home,L,1.0,2.0,Milan,,10.0,4.0,12.0,10.0,5.0,0.0,2.0,1.0,2023,Sampdoria,5
2022-09-10,Sat,Serie A,Away,L,0.0,1.0,Napoli,,10.0,1.0,14.0,6.0,2.0,0.0,1.0,0.0,2023,Spezia,5
2022-09-10,Sat,Serie A,Away,L,0.0,1.0,Inter,,9.0,7.0,17.0,8.0,2.0,0.0,1.0,0.0,2023,Torino,5
2022-09-11,Sun,Serie A,Home,D,1.0,1.0,Cremonese,,14.0,6.0,9.0,17.0,2.0,0.0,5.0,0.0,2023,Atalanta,6
2022-09-11,Sun,Serie A,Home,W,2.0,1.0,Fiorentina,,12.0,4.0,8.0,13.0,1.0,0.0,4.0,1.0,2023,Bologna,6
2022-09-11,Sun,Serie A,Away,D,1.0,1.0,Atalanta,,7.0,4.0,17.0,9.0,5.0,0.0,2.0,0.0,2023,Cremonese,6
2022-09-11,Sun,Serie A,Away,L,1.0,2.0,Bologna,,13.0,2.0,13.0,8.0,4.0,1.0,1.0,0.0,2023,Fiorentina,6
2022-09-11,Sun,Serie A,Home,D,2.0,2.0,Salernitana,,22.0,7.0,13.0,15.0,5.0,2.0,4.0,1.0,2023,Juventus,6
2022-09-11,Sun,Serie A,Home,W,2.0,0.0,Verona,,15.0,6.0,5.0,23.0,2.0,0.0,5.0,0.0,2023,Lazio,6
2022-09-11,Sun,Serie A,Home,D,1.0,1.0,Monza,,7.0,3.0,18.0,22.0,3.0,0.0,3.0,0.0,2023,Lecce,6
2022-09-11,Sun,Serie A,Away,D,1.0,1.0,Lecce,,2.0,1.0,22.0,18.0,3.0,0.0,3.0,0.0,2023,Monza,6
2022-09-11,Sun,Serie A,Away,D,2.0,2.0,Juventus,,11.0,5.0,15.0,13.0,4.0,1.0,5.0,2.0,2023,Salernitana,6
2022-09-11,Sun,Serie A,Home,L,1.0,3.0,Udinese,,5.0,2.0,7.0,15.0,1.0,1.0,3.0,0.0,2023,Sassuolo,6
2022-09-11,Sun,Serie A,Away,W,3.0,1.0,Sassuolo,,17.0,4.0,15.0,7.0,3.0,0.0,1.0,1.0,2023,Udinese,6
2022-09-11,Sun,Serie A,Away,L,0.0,2.0,Lazio,,7.0,1.0,23.0,5.0,5.0,0.0,2.0,0.0,2023,Verona,6
2022-09-12,Mon,Serie A,Home,L,1.0,2.0,Roma,,20.0,3.0,13.0,12.0,3.0,1.0,1.0,0.0,2023,Empoli,0
2022-09-12,Mon,Serie A,Away,W,2.0,1.0,Empoli,,13.0,7.0,12.0,13.0,1.0,0.0,3.0,1.0,2023,Roma,0
2022-09-16,Fri,Serie A,Away,W,2.0,1.0,Salernitana,,13.0,4.0,11.0,9.0,3.0,0.0,1.0,0.0,2023,Lecce,4
2022-09-16,Fri,Serie A,Home,L,1.0,2.0,Lecce,,8.0,4.0,9.0,11.0,1.0,0.0,3.0,0.0,2023,Salernitana,4
2022-09-17,Sat,Serie A,Home,L,0.0,1.0,Empoli,,16.0,3.0,11.0,16.0,2.0,0.0,3.0,0.0,2023,Bologna,5
2022-09-17,Sat,Serie A,Away,W,1.0,0.0,Bologna,,12.0,5.0,16.0,11.0,3.0,0.0,2.0,0.0,2023,Empoli,5
2022-09-17,Sat,Serie A,Away,L,1.0,2.0,Spezia,,11.0,8.0,14.0,17.0,5.0,0.0,4.0,0.0,2023,Sampdoria,5
2022-09-17,Sat,Serie A,Away,W,1.0,0.0,Torino,,10.0,5.0,7.0,13.0,1.0,0.0,4.0,0.0,2023,Sassuolo,5
2022-09-17,Sat,Serie A,Home,W,2.0,1.0,Sampdoria,,6.0,3.0,17.0,14.0,4.0,0.0,5.0,0.0,2023,Spezia,5
2022-09-17,Sat,Serie A,Home,L,0.0,1.0,Sassuolo,,12.0,3.0,13.0,7.0,4.0,0.0,1.0,0.0,2023,Torino,5
2022-09-18,Sun,Serie A,Away,W,1.0,0.0,Roma,,4.0,1.0,19.0,9.0,7.0,0.0,0.0,0.0,2023,Atalanta,6
2022-09-18,Sun,Serie A,Home,L,0.0,4.0,Lazio,,18.0,3.0,12.0,9.0,1.0,0.0,1.0,0.0,2023,Cremonese,6
2022-09-18,Sun,Serie A,Home,W,2.0,0.0,Verona,,15.0,9.0,18.0,17.0,4.0,0.0,4.0,0.0,2023,Fiorentina,6
2022-09-18,Sun,Serie A,Away,L,1.0,3.0,Udinese,,14.0,3.0,13.0,11.0,4.0,0.0,3.0,0.0,2023,Inter,6
2022-09-18,Sun,Serie A,Away,L,0.0,1.0,Monza,,10.0,2.0,17.0,16.0,1.0,1.0,2.0,0.0,2023,Juventus,6
2022-09-18,Sun,Serie A,Away,W,4.0,0.0,Cremonese,,14.0,6.0,9.0,12.0,1.0,0.0,1.0,0.0,2023,Lazio,6
2022-09-18,Sun,Serie A,Home,L,1.0,2.0,Napoli,,22.0,5.0,18.0,11.0,4.0,0.0,3.0,0.0,2023,Milan,6
2022-09-18,Sun,Serie A,Home,W,1.0,0.0,Juventus,,17.0,4.0,16.0,17.0,2.0,0.0,1.0,1.0,2023,Monza,6
2022-09-18,Sun,Serie A,Away,W,2.0,1.0,Milan,,9.0,4.0,11.0,18.0,3.0,0.0,4.0,0.0,2023,Napoli,6
2022-09-18,Sun,Serie A,Home,L,0.0,1.0,Atalanta,,21.0,5.0,9.0,19.0,0.0,0.0,7.0,0.0,2023,Roma,6
2022-09-18,Sun,Serie A,Home,W,3.0,1.0,Inter,,20.0,6.0,11.0,13.0,3.0,0.0,4.0,0.0,2023,Udinese,6
2022-09-18,Sun,Serie A,Away,L,0.0,2.0,Fiorentina,,8.0,1.0,17.0,18.0,4.0,0.0,4.0,0.0,2023,Verona,6
2022-10-01,Sat,Serie A,Home,L,1.0,3.0,Milan,,16.0,4.0,15.0,10.0,4.0,0.0,2.0,0.0,2023,Empoli,5
2022-10-01,Sat,Serie A,Home,L,1.0,2.0,Roma,,15.0,2.0,15.0,14.0,4.0,0.0,3.0,0.0,2023,Inter,5
2022-10-01,Sat,Serie A,Away,W,3.0,1.0,Empoli,,19.0,6.0,10.0,15.0,2.0,0.0,4.0,0.0,2023,Milan,5
2022-10-01,Sat,Serie A,Home,W,3.0,1.0,Torino,,15.0,7.0,4.0,17.0,0.0,0.0,2.0,0.0,2023,Napoli,5
2022-10-01,Sat,Serie A,Away,W,2.0,1.0,Inter,,10.0,3.0,14.0,15.0,3.0,0.0,4.0,0.0,2023,Roma,5
2022-10-01,Sat,Serie A,Away,L,1.0,3.0,Napoli,,16.0,3.0,17.0,4.0,2.0,0.0,0.0,0.0,2023,Torino,5
2022-10-02,Sun,Serie A,Home,W,1.0,0.0,Fiorentina,,10.0,5.0,12.0,10.0,2.0,0.0,2.0,0.0,2023,Atalanta,6
2022-10-02,Sun,Serie A,Away,L,0.0,3.0,Juventus,,9.0,1.0,15.0,11.0,1.0,0.0,0.0,0.0,2023,Bologna,6
2022-10-02,Sun,Serie A,Away,D,1.0,1.0,Lecce,,13.0,4.0,15.0,11.0,1.0,0.0,3.0,0.0,2023,Cremonese,6
2022-10-02,Sun,Serie A,Away,L,0.0,1.0,Atalanta,,16.0,5.0,10.0,12.0,2.0,0.0,2.0,0.0,2023,Fiorentina,6
2022-10-02,Sun,Serie A,Home,W,3.0,0.0,Bologna,,17.0,6.0,11.0,15.0,0.0,0.0,1.0,0.0,2023,Juventus,6
2022-10-02,Sun,Serie A,Home,W,4.0,0.0,Spezia,,13.0,6.0,3.0,14.0,0.0,0.0,2.0,0.0,2023,Lazio,6
2022-10-02,Sun,Serie A,Home,D,1.0,1.0,Cremonese,,6.0,1.0,11.0,15.0,3.0,0.0,1.0,0.0,2023,Lecce,6
2022-10-02,Sun,Serie A,Away,W,3.0,0.0,Sampdoria,,13.0,6.0,24.0,16.0,2.0,0.0,2.0,0.0,2023,Monza,6
2022-10-02,Sun,Serie A,Away,L,0.0,5.0,Sassuolo,,6.0,1.0,8.0,10.0,1.0,0.0,1.0,0.0,2023,Salernitana,6
2022-10-02,Sun,Serie A,Home,L,0.0,3.0,Monza,,3.0,1.0,16.0,24.0,2.0,0.0,2.0,0.0,2023,Sampdoria,6
2022-10-02,Sun,Serie A,Home,W,5.0,0.0,Salernitana,,17.0,11.0,10.0,8.0,1.0,0.0,1.0,0.0,2023,Sassuolo,6
2022-10-02,Sun,Serie A,Away,L,0.0,4.0,Lazio,,14.0,2.0,14.0,3.0,2.0,0.0,0.0,0.0,2023,Spezia,6
2022-10-03,Mon,Serie A,Away,W,2.0,1.0,Verona,,21.0,8.0,11.0,15.0,3.0,0.0,3.0,0.0,2023,Udinese,0
2022-10-03,Mon,Serie A,Home,L,1.0,2.0,Udinese,,7.0,2.0,15.0,11.0,3.0,0.0,3.0,0.0,2023,Verona,0
2022-10-08,Sat,Serie A,Home,D,1.0,1.0,Sampdoria,,10.0,3.0,17.0,21.0,2.0,0.0,3.0,0.0,2023,Bologna,5
2022-10-08,Sat,Serie A,Away,W,2.0,1.0,Sassuolo,,16.0,4.0,17.0,14.0,2.0,0.0,3.0,0.0,2023,Inter,5
2022-10-08,Sat,Serie A,Away,L,0.0,2.0,Milan,,10.0,3.0,7.0,7.0,3.0,0.0,2.0,0.0,2023,Juventus,5
2022-10-08,Sat,Serie A,Home,W,2.0,0.0,Juventus,,21.0,3.0,7.0,7.0,2.0,0.0,3.0,0.0,2023,Milan,5
2022-10-08,Sat,Serie A,Away,D,1.0,1.0,Bologna,,9.0,3.0,21.0,17.0,3.0,0.0,2.0,0.0,2023,Sampdoria,5
2022-10-08,Sat,Serie A,Home,L,1.0,2.0,Inter,,15.0,3.0,14.0,17.0,3.0,0.0,2.0,0.0,2023,Sassuolo,5
2022-10-09,Sun,Serie A,Away,D,2.0,2.0,Udinese,,9.0,5.0,12.0,11.0,3.0,0.0,2.0,0.0,2023,Atalanta,6
2022-10-09,Sun,Serie A,Home,L,1.0,4.0,Napoli,,12.0,1.0,18.0,6.0,2.0,0.0,0.0,0.0,2023,Cremonese,6
2022-10-09,Sun,Serie A,Away,D,1.0,1.0,Torino,,6.0,2.0,9.0,15.0,4.0,0.0,2.0,0.0,2023,Empoli,6
2022-10-09,Sun,Serie A,Away,L,1.0,2.0,Roma,,6.0,3.0,11.0,12.0,2.0,1.0,2.0,0.0,2023,Lecce,6
2022-10-09,Sun,Serie A,Home,W,2.0,0.0,Spezia,,7.0,4.0,10.0,20.0,3.0,0.0,2.0,0.0,2023,Monza,6
2022-10-09,Sun,Serie A,Away,W,4.0,1.0,Cremonese,,21.0,10.0,6.0,18.0,0.0,0.0,2.0,0.0,2023,Napoli,6
2022-10-09,Sun,Serie A,Home,W,2.0,1.0,Lecce,,20.0,6.0,12.0,11.0,2.0,0.0,2.0,1.0,2023,Roma,6
2022-10-09,Sun,Serie A,Home,W,2.0,1.0,Verona,,14.0,4.0,9.0,15.0,3.0,1.0,3.0,1.0,2023,Salernitana,6
2022-10-09,Sun,Serie A,Away,L,0.0,2.0,Monza,,9.0,1.0,20.0,10.0,2.0,0.0,3.0,0.0,2023,Spezia,6
2022-10-09,Sun,Serie A,Home,D,1.0,1.0,Empoli,,20.0,7.0,15.0,9.0,2.0,0.0,4.0,0.0,2023,Torino,6
2022-10-09,Sun,Serie A,Home,D,2.0,2.0,Atalanta,,10.0,2.0,11.0,12.0,2.0,0.0,3.0,0.0,2023,Udinese,6
2022-10-09,Sun,Serie A,Away,L,1.0,2.0,Salernitana,,12.0,2.0,15.0,9.0,3.0,1.0,3.0,1.0,2023,Verona,6
2022-10-10,Mon,Serie A,Home,L,0.0,4.0,Lazio,,24.0,3.0,17.0,9.0,4.0,0.0,1.0,0.0,2023,Fiorentina,0
2022-10-10,Mon,Serie A,Away,W,4.0,0.0,Fiorentina,,10.0,6.0,9.0,17.0,1.0,0.0,4.0,0.0,2023,Lazio,0
2022-10-15,Sat,Serie A,Home,W,2.0,1.0,Sassuolo,,16.0,4.0,10.0,8.0,1.0,0.0,4.0,0.0,2023,Atalanta,5
2022-10-15,Sat,Serie A,Home,W,1.0,0.0,Monza,,11.0,5.0,17.0,14.0,5.0,0.0,3.0,1.0,2023,Empoli,5
2022-10-15,Sat,Serie A,Away,W,1.0,0.0,Torino,,14.0,8.0,8.0,11.0,0.0,0.0,2.0,0.0,2023,Juventus,5
2022-10-15,Sat,Serie A,Away,L,0.0,1.0,Empoli,,16.0,4.0,14.0,17.0,3.0,1.0,5.0,0.0,2023,Monza,5
2022-10-15,Sat,Serie A,Away,L,1.0,2.0,Atalanta,,11.0,3.0,8.0,10.0,4.0,0.0,1.0,0.0,2023,Sassuolo,5
2022-10-15,Sat,Serie A,Home,L,0.0,1.0,Juventus,,15.0,2.0,11.0,8.0,2.0,0.0,0.0,0.0,2023,Torino,5
2022-10-16,Sun,Serie A,Away,L,2.0,3.0,Napoli,,16.0,3.0,10.0,6.0,4.0,0.0,0.0,0.0,2023,Bologna,6
2022-10-16,Sun,Serie A,Away,D,2.0,2.0,Spezia,,24.0,4.0,11.0,12.0,0.0,0.0,2.0,0.0,2023,Cremonese,6
2022-10-16,Sun,Serie A,Home,W,2.0,0.0,Salernitana,,16.0,6.0,12.0,14.0,0.0,0.0,1.0,0.0,2023,Inter,6
2022-10-16,Sun,Serie A,Home,D,0.0,0.0,Udinese,,8.0,3.0,8.0,11.0,1.0,0.0,4.0,0.0,2023,Lazio,6
2022-10-16,Sun,Serie A,Away,W,2.0,1.0,Verona,,16.0,6.0,9.0,7.0,2.0,0.0,3.0,0.0,2023,Milan,6
2022-10-16,Sun,Serie A,Home,W,3.0,2.0,Bologna,,30.0,11.0,6.0,10.0,0.0,0.0,4.0,0.0,2023,Napoli,6
2022-10-16,Sun,Serie A,Away,L,0.0,2.0,Inter,,8.0,3.0,14.0,12.0,1.0,0.0,0.0,0.0,2023,Salernitana,6
2022-10-16,Sun,Serie A,Home,D,2.0,2.0,Cremonese,,15.0,6.0,12.0,11.0,2.0,0.0,0.0,0.0,2023,Spezia,6
2022-10-16,Sun,Serie A,Away,D,0.0,0.0,Lazio,,12.0,2.0,11.0,8.0,4.0,0.0,1.0,0.0,2023,Udinese,6
2022-10-16,Sun,Serie A,Home,L,1.0,2.0,Milan,,19.0,5.0,7.0,9.0,3.0,0.0,2.0,0.0,2023,Verona,6
2022-10-17,Mon,Serie A,Away,D,1.0,1.0,Lecce,,10.0,5.0,16.0,15.0,5.0,0.0,5.0,1.0,2023,Fiorentina,0
2022-10-17,Mon,Serie A,Home,D,1.0,1.0,Fiorentina,,6.0,2.0,15.0,16.0,5.0,1.0,5.0,0.0,2023,Lecce,0
2022-10-17,Mon,Serie A,Away,W,1.0,0.0,Sampdoria,,7.0,4.0,20.0,20.0,3.0,0.0,5.0,0.0,2023,Roma,0
2022-10-17,Mon,Serie A,Home,L,0.0,1.0,Roma,,8.0,1.0,20.0,20.0,5.0,0.0,3.0,0.0,2023,Sampdoria,0
2022-10-21,Fri,Serie A,Away,L,0.0,4.0,Juventus,,12.0,4.0,11.0,13.0,2.0,0.0,2.0,0.0,2023,Empoli,4
2022-10-21,Fri,Serie A,Home,W,4.0,0.0,Empoli,,21.0,7.0,13.0,11.0,2.0,0.0,2.0,0.0,2023,Juventus,4
2022-10-22,Sat,Serie A,Home,L,3.0,4.0,Inter,,10.0,4.0,15.0,14.0,4.0,0.0,3.0,0.0,2023,Fiorentina,5
2022-10-22,Sat,Serie A,Away,W,4.0,3.0,Fiorentina,,8.0,7.0,14.0,15.0,3.0,0.0,4.0,0.0,2023,Inter,5
2022-10-22,Sat,Serie A,Home,W,4.0,1.0,Monza,,12.0,7.0,18.0,9.0,1.0,0.0,1.0,0.0,2023,Milan,5
2022-10-22,Sat,Serie A,Away,L,1.0,4.0,Milan,,16.0,6.0,9.0,18.0,1.0,0.0,1.0,0.0,2023,Monza,5
2022-10-22,Sat,Serie A,Home,W,1.0,0.0,Spezia,,17.0,4.0,9.0,8.0,2.0,0.0,4.0,0.0,2023,Salernitana,5
2022-10-22,Sat,Serie A,Away,L,0.0,1.0,Salernitana,,14.0,2.0,8.0,9.0,4.0,0.0,2.0,0.0,2023,Spezia,5
2022-10-23,Sun,Serie A,Home,L,0.0,2.0,Lazio,,7.0,0.0,15.0,9.0,4.0,1.0,2.0,0.0,2023,Atalanta,6
2022-10-23,Sun,Serie A,Home,W,2.0,0.0,Lecce,,12.0,3.0,11.0,14.0,5.0,0.0,2.0,0.0,2023,Bologna,6
2022-10-23,Sun,Serie A,Away,W,2.0,0.0,Atalanta,,12.0,5.0,9.0,15.0,2.0,0.0,4.0,1.0,2023,Lazio,6
2022-10-23,Sun,Serie A,Away,L,0.0,2.0,Bologna,,9.0,3.0,14.0,11.0,2.0,0.0,5.0,0.0,2023,Lecce,6
2022-10-23,Sun,Serie A,Away,W,1.0,0.0,Roma,,12.0,5.0,12.0,14.0,4.0,0.0,3.0,0.0,2023,Napoli,6
2022-10-23,Sun,Serie A,Home,L,0.0,1.0,Napoli,,6.0,0.0,14.0,12.0,3.0,0.0,4.0,0.0,2023,Roma,6
2022-10-23,Sun,Serie A,Away,W,2.0,1.0,Udinese,,15.0,4.0,15.0,12.0,4.0,0.0,3.0,0.0,2023,Torino,6
2022-10-23,Sun,Serie A,Home,L,1.0,2.0,Torino,,16.0,4.0,12.0,15.0,3.0,0.0,4.0,0.0,2023,Udinese,6
2022-10-24,Mon,Serie A,Home,L,0.0,1.0,Sampdoria,,21.0,4.0,16.0,15.0,3.0,0.0,4.0,0.0,2023,Cremonese,0
2022-10-24,Mon,Serie A,Away,W,1.0,0.0,Cremonese,,8.0,4.0,15.0,16.0,4.0,0.0,3.0,0.0,2023,Sampdoria,0
2022-10-24,Mon,Serie A,Home,W,2.0,1.0,Verona,,14.0,3.0,7.0,19.0,1.0,0.0,3.0,0.0,2023,Sassuolo,0
2022-10-24,Mon,Serie A,Away,L,1.0,2.0,Sassuolo,,13.0,5.0,19.0,7.0,3.0,0.0,1.0,0.0,2023,Verona,0
2022-10-29,Sat,Serie A,Home,W,3.0,0.0,Sampdoria,,17.0,8.0,5.0,13.0,1.0,0.0,6.0,0.0,2023,Inter,5
2022-10-29,Sat,Serie A,Away,W,1.0,0.0,Lecce,,13.0,5.0,13.0,16.0,5.0,0.0,3.0,0.0,2023,Juventus,5
2022-10-29,Sat,Serie A,Home,L,0.0,1.0,Juventus,,5.0,0.0,16.0,13.0,3.0,0.0,5.0,0.0,2023,Lecce,5
2022-10-29,Sat,Serie A,Home,W,4.0,0.0,Sassuolo,,18.0,6.0,5.0,6.0,0.0,0.0,3.0,1.0,2023,Napoli,5
2022-10-29,Sat,Serie A,Away,L,0.0,3.0,Inter,,9.0,2.0,13.0,5.0,6.0,0.0,1.0,0.0,2023,Sampdoria,5
2022-10-29,Sat,Serie A,Away,L,0.0,4.0,Napoli,,10.0,6.0,6.0,5.0,3.0,1.0,0.0,0.0,2023,Sassuolo,5
2022-10-30,Sun,Serie A,Away,W,2.0,0.0,Empoli,,20.0,6.0,13.0,10.0,1.0,0.0,2.0,0.0,2023,Atalanta,6
2022-10-30,Sun,Serie A,Home,D,0.0,0.0,Udinese,,13.0,2.0,8.0,9.0,1.0,0.0,0.0,0.0,2023,Cremonese,6
2022-10-30,Sun,Serie A,Home,L,0.0,2.0,Atalanta,,13.0,3.0,10.0,13.0,2.0,0.0,1.0,0.0,2023,Empoli,6
2022-10-30,Sun,Serie A,Away,W,2.0,1.0,Spezia,,27.0,5.0,14.0,19.0,3.0,0.0,5.0,1.0,2023,Fiorentina,6
2022-10-30,Sun,Serie A,Home,L,1.0,3.0,Salernitana,,13.0,4.0,10.0,7.0,3.0,0.0,3.0,0.0,2023,Lazio,6
2022-10-30,Sun,Serie A,Away,L,1.0,2.0,Torino,,12.0,1.0,16.0,11.0,2.0,0.0,5.0,0.0,2023,Milan,6
2022-10-30,Sun,Serie A,Away,W,3.0,1.0,Lazio,,10.0,6.0,7.0,10.0,3.0,0.0,3.0,0.0,2023,Salernitana,6
2022-10-30,Sun,Serie A,Home,L,1.0,2.0,Fiorentina,,10.0,6.0,19.0,14.0,5.0,1.0,3.0,0.0,2023,Spezia,6
2022-10-30,Sun,Serie A,Home,W,2.0,1.0,Milan,,7.0,4.0,11.0,16.0,5.0,0.0,2.0,0.0,2023,Torino,6
2022-10-30,Sun,Serie A,Away,D,0.0,0.0,Cremonese,,13.0,3.0,9.0,8.0,0.0,0.0,1.0,0.0,2023,Udinese,6
2022-10-31,Mon,Serie A,Away,W,2.0,1.0,Monza,,10.0,5.0,18.0,13.0,2.0,0.0,4.0,0.0,2023,Bologna,0
2022-10-31,Mon,Serie A,Home,L,1.0,2.0,Bologna,,9.0,3.0,13.0,18.0,4.0,0.0,2.0,0.0,2023,Monza,0
2022-10-31,Mon,Serie A,Away,W,3.0,1.0,Verona,,14.0,6.0,9.0,9.0,1.0,0.0,3.0,1.0,2023,Roma,0
2022-10-31,Mon,Serie A,Home,L,1.0,3.0,Roma,,7.0,3.0,9.0,9.0,3.0,1.0,1.0,0.0,2023,Verona,0
2022-11-04,Fri,Serie A,Away,D,1.0,1.0,Udinese,,9.0,1.0,18.0,12.0,3.0,0.0,2.0,0.0,2023,Lecce,4
2022-11-04,Fri,Serie A,Home,D,1.0,1.0,Lecce,,16.0,5.0,12.0,18.0,2.0,0.0,3.0,0.0,2023,Udinese,4
2022-11-05,Sat,Serie A,Home,L,1.0,2.0,Napoli,,17.0,4.0,10.0,9.0,5.0,0.0,1.0,0.0,2023,Atalanta,5
2022-11-05,Sat,Serie A,Away,D,2.0,2.0,Salernitana,,11.0,5.0,10.0,14.0,2.0,0.0,2.0,0.0,2023,Cremonese,5
2022-11-05,Sat,Serie A,Home,W,1.0,0.0,Sassuolo,,17.0,1.0,11.0,11.0,2.0,0.0,0.0,0.0,2023,Empoli,5
2022-11-05,Sat,Serie A,Home,W,2.0,1.0,Spezia,,23.0,11.0,12.0,13.0,6.0,1.0,4.0,0.0,2023,Milan,5
2022-11-05,Sat,Serie A,Away,W,2.0,1.0,Atalanta,,7.0,5.0,9.0,10.0,1.0,0.0,5.0,0.0,2023,Napoli,5
2022-11-05,Sat,Serie A,Home,D,2.0,2.0,Cremonese,,11.0,2.0,14.0,10.0,2.0,0.0,2.0,0.0,2023,Salernitana,5
2022-11-05,Sat,Serie A,Away,L,0.0,1.0,Empoli,,10.0,3.0,11.0,11.0,0.0,0.0,2.0,0.0,2023,Sassuolo,5
2022-11-05,Sat,Serie A,Away,L,1.0,2.0,Milan,,13.0,5.0,13.0,12.0,4.0,0.0,6.0,1.0,2023,Spezia,5
2022-11-06,Sun,Serie A,Home,W,2.0,1.0,Torino,,9.0,5.0,14.0,17.0,3.0,0.0,3.0,0.0,2023,Bologna,6
2022-11-06,Sun,Serie A,Away,W,2.0,0.0,Sampdoria,,5.0,4.0,18.0,10.0,0.0,0.0,1.0,0.0,2023,Fiorentina,6
2022-11-06,Sun,Serie A,Away,L,0.0,2.0,Juventus,,14.0,4.0,13.0,16.0,2.0,0.0,2.0,0.0,2023,Inter,6
2022-11-06,Sun,Serie A,Home,W,2.0,0.0,Inter,,8.0,3.0,16.0,13.0,2.0,0.0,2.0,0.0,2023,Juventus,6
2022-11-06,Sun,Serie A,Away,W,1.0,0.0,Roma,,5.0,3.0,14.0,18.0,3.0,0.0,2.0,0.0,2023,Lazio,6
2022-11-06,Sun,Serie A,Home,W,2.0,0.0,Verona,,14.0,3.0,10.0,10.0,3.0,0.0,1.0,1.0,2023,Monza,6
2022-11-06,Sun,Serie A,Home,L,0.0,1.0,Lazio,,8.0,2.0,18.0,14.0,2.0,0.0,3.0,0.0,2023,Roma,6
2022-11-06,Sun,Serie A,Home,L,0.0,2.0,Fiorentina,,14.0,2.0,10.0,18.0,1.0,0.0,0.0,0.0,2023,Sampdoria,6
2022-11-06,Sun,Serie A,Away,L,1.0,2.0,Bologna,,7.0,2.0,17.0,14.0,3.0,0.0,3.0,0.0,2023,Torino,6
2022-11-06,Sun,Serie A,Away,L,0.0,2.0,Monza,,7.0,2.0,10.0,10.0,1.0,1.0,3.0,0.0,2023,Verona,6
2022-11-08,Tue,Serie A,Home,D,0.0,0.0,Milan,,6.0,1.0,16.0,10.0,4.0,0.0,3.0,0.0,2023,Cremonese,1
2022-11-08,Tue,Serie A,Away,L,0.0,2.0,Napoli,,6.0,1.0,16.0,12.0,6.0,1.0,1.0,0.0,2023,Empoli,1
2022-11-08,Tue,Serie A,Away,D,0.0,0.0,Cremonese,,16.0,5.0,10.0,16.0,3.0,0.0,4.0,0.0,2023,Milan,1
2022-11-08,Tue,Serie A,Home,W,2.0,0.0,Empoli,,18.0,4.0,12.0,16.0,1.0,0.0,6.0,1.0,2023,Napoli,1
2022-11-08,Tue,Serie A,Home,D,1.0,1.0,Udinese,,21.0,6.0,12.0,12.0,3.0,0.0,3.0,0.0,2023,Spezia,1
2022-11-08,Tue,Serie A,Away,D,1.0,1.0,Spezia,,10.0,2.0,12.0,12.0,3.0,0.0,3.0,0.0,2023,Udinese,1
2022-11-09,Wed,Serie A,Away,L,1.0,2.0,Lecce,,12.0,4.0,12.0,11.0,2.0,0.0,1.0,0.0,2023,Atalanta,2
2022-11-09,Wed,Serie A,Away,L,1.0,6.0,Inter,,10.0,4.0,11.0,10.0,5.0,0.0,1.0,0.0,2023,Bologna,2
2022-11-09,Wed,Serie A,Home,W,2.0,1.0,Salernitana,,18.0,7.0,10.0,11.0,0.0,0.0,1.0,0.0,2023,Fiorentina,2
2022-11-09,Wed,Serie A,Home,W,6.0,1.0,Bologna,,13.0,7.0,10.0,11.0,1.0,0.0,5.0,0.0,2023,Inter,2
2022-11-09,Wed,Serie A,Home,W,2.0,1.0,Atalanta,,15.0,3.0,11.0,12.0,1.0,0.0,2.0,0.0,2023,Lecce,2
2022-11-09,Wed,Serie A,Away,D,1.0,1.0,Sassuolo,,10.0,4.0,11.0,11.0,3.0,0.0,5.0,0.0,2023,Roma,2
2022-11-09,Wed,Serie A,Away,L,1.0,2.0,Fiorentina,,4.0,1.0,11.0,10.0,1.0,0.0,0.0,0.0,2023,Salernitana,2
2022-11-09,Wed,Serie A,Away,L,0.0,2.0,Torino,,11.0,1.0,21.0,14.0,3.0,0.0,1.0,0.0,2023,Sampdoria,2
2022-11-09,Wed,Serie A,Home,D,1.0,1.0,Roma,,14.0,6.0,11.0,11.0,5.0,0.0,3.0,0.0,2023,Sassuolo,2
2022-11-09,Wed,Serie A,Home,W,2.0,0.0,Sampdoria,,8.0,5.0,14.0,21.0,1.0,0.0,3.0,0.0,2023,Torino,2
2022-11-10,Thu,Serie A,Away,W,1.0,0.0,Verona,,11.0,3.0,13.0,14.0,2.0,1.0,3.0,0.0,2023,Juventus,3
2022-11-10,Thu,Serie A,Home,W,1.0,0.0,Monza,,12.0,4.0,15.0,14.0,2.0,0.0,1.0,0.0,2023,Lazio,3
2022-11-10,Thu,Serie A,Away,L,0.0,1.0,Lazio,,8.0,0.0,14.0,15.0,1.0,0.0,2.0,0.0,2023,Monza,3
2022-11-10,Thu,Serie A,Home,L,0.0,1.0,Juventus,,15.0,2.0,14.0,13.0,3.0,0.0,2.0,1.0,2023,Verona,3
2022-11-11,Fri,Serie A,Away,L,0.0,2.0,Empoli,,19.0,5.0,14.0,9.0,2.0,0.0,1.0,0.0,2023,Cremonese,4
2022-11-11,Fri,Serie A,Home,W,2.0,0.0,Cremonese,,13.0,6.0,9.0,14.0,1.0,0.0,2.0,0.0,2023,Empoli,4
2022-11-12,Sat,Serie A,Home,W,3.0,0.0,Sassuolo,,8.0,4.0,12.0,6.0,1.0,0.0,0.0,0.0,2023,Bologna,5
2022-11-12,Sat,Serie A,Away,W,2.0,0.0,Sampdoria,,11.0,3.0,19.0,14.0,3.0,0.0,2.0,0.0,2023,Lecce,5
2022-11-12,Sat,Serie A,Home,W,3.0,2.0,Udinese,,15.0,5.0,12.0,13.0,2.0,0.0,3.0,0.0,2023,Napoli,5
2022-11-12,Sat,Serie A,Home,L,0.0,2.0,Lecce,,11.0,2.0,14.0,19.0,2.0,0.0,3.0,0.0,2023,Sampdoria,5
2022-11-12,Sat,Serie A,Away,L,0.0,3.0,Bologna,,9.0,3.0,6.0,12.0,0.0,0.0,1.0,0.0,2023,Sassuolo,5
2022-11-12,Sat,Serie A,Away,L,2.0,3.0,Napoli,,10.0,4.0,13.0,12.0,3.0,0.0,2.0,0.0,2023,Udinese,5
2022-11-13,Sun,Serie A,Home,L,2.0,3.0,Inter,,19.0,7.0,10.0,11.0,0.0,0.0,3.0,0.0,2023,Atalanta,6
2022-11-13,Sun,Serie A,Away,L,1.0,2.0,Milan,,11.0,5.0,11.0,13.0,4.0,0.0,1.0,0.0,2023,Fiorentina,6
2022-11-13,Sun,Serie A,Away,W,3.0,2.0,Atalanta,,14.0,3.0,11.0,10.0,3.0,0.0,0.0,0.0,2023,Inter,6
2022-11-13,Sun,Serie A,Home,W,3.0,0.0,Lazio,,13.0,9.0,10.0,8.0,2.0,0.0,1.0,0.0,2023,Juventus,6
2022-11-13,Sun,Serie A,Away,L,0.0,3.0,Juventus,,10.0,3.0,8.0,10.0,1.0,0.0,2.0,0.0,2023,Lazio,6
2022-11-13,Sun,Serie A,Home,W,2.0,1.0,Fiorentina,,12.0,3.0,13.0,11.0,1.0,0.0,4.0,0.0,2023,Milan,6
2022-11-13,Sun,Serie A,Home,W,3.0,0.0,Salernitana,,19.0,7.0,9.0,11.0,0.0,0.0,2.0,1.0,2023,Monza,6
2022-11-13,Sun,Serie A,Home,D,1.0,1.0,Torino,,13.0,4.0,13.0,10.0,3.0,0.0,2.0,0.0,2023,Roma,6
2022-11-13,Sun,Serie A,Away,L,0.0,3.0,Monza,,5.0,0.0,11.0,9.0,2.0,1.0,0.0,0.0,2023,Salernitana,6
2022-11-13,Sun,Serie A,Away,W,2.0,1.0,Verona,,16.0,9.0,21.0,13.0,4.0,0.0,2.0,0.0,2023,Spezia,6
2022-11-13,Sun,Serie A,Away,D,1.0,1.0,Roma,,10.0,2.0,10.0,13.0,2.0,0.0,3.0,0.0,2023,Torino,6
2022-11-13,Sun,Serie A,Home,L,1.0,2.0,Spezia,,18.0,5.0,13.0,21.0,2.0,0.0,4.0,0.0,2023,Verona,6
2023-01-04,Wed,Serie A,Away,D,2.0,2.0,Spezia,,19.0,3.0,11.0,11.0,3.0,0.0,3.0,0.0,2023,Atalanta,2
2023-01-04,Wed,Serie A,Away,L,0.0,1.0,Roma,,10.0,2.0,10.0,10.0,3.0,0.0,2.0,0.0,2023,Bologna,2
2023-01-04,Wed,Serie A,Home,L,0.0,1.0,Juventus,,13.0,3.0,12.0,12.0,5.0,0.0,3.0,0.0,2023,Cremonese,2
2023-01-04,Wed,Serie A,Away,D,1.0,1.0,Udinese,,6.0,1.0,14.0,15.0,3.0,1.0,2.0,0.0,2023,Empoli,2
2023-01-04,Wed,Serie A,Home,D,1.0,1.0,Monza,,22.0,6.0,11.0,13.0,1.0,0.0,3.0,0.0,2023,Fiorentina,2
2023-01-04,Wed,Serie A,Home,W,1.0,0.0,Napoli,,6.0,1.0,12.0,7.0,3.0,0.0,2.0,0.0,2023,Inter,2
2023-01-04,Wed,Serie A,Away,W,1.0,0.0,Cremonese,,19.0,8.0,12.0,12.0,3.0,0.0,5.0,0.0,2023,Juventus,2
2023-01-04,Wed,Serie A,Away,L,1.0,2.0,Lecce,,8.0,2.0,13.0,16.0,2.0,0.0,3.0,0.0,2023,Lazio,2
2023-01-04,Wed,Serie A,Home,W,2.0,1.0,Lazio,,11.0,4.0,16.0,13.0,3.0,0.0,2.0,0.0,2023,Lecce,2
2023-01-04,Wed,Serie A,Away,W,2.0,1.0,Salernitana,,16.0,10.0,13.0,21.0,1.0,0.0,4.0,0.0,2023,Milan,2
2023-01-04,Wed,Serie A,Away,D,1.0,1.0,Fiorentina,,10.0,3.0,13.0,11.0,3.0,0.0,1.0,0.0,2023,Monza,2
2023-01-04,Wed,Serie A,Away,L,0.0,1.0,Inter,,9.0,2.0,7.0,12.0,2.0,0.0,3.0,0.0,2023,Napoli,2
2023-01-04,Wed,Serie A,Home,W,1.0,0.0,Bologna,,14.0,4.0,10.0,10.0,2.0,0.0,3.0,0.0,2023,Roma,2
2023-01-04,Wed,Serie A,Home,L,1.0,2.0,Milan,,8.0,1.0,21.0,13.0,4.0,0.0,1.0,0.0,2023,Salernitana,2
2023-01-04,Wed,Serie A,Away,W,2.0,1.0,Sassuolo,,9.0,4.0,19.0,16.0,3.0,0.0,2.0,0.0,2023,Sampdoria,2
2023-01-04,Wed,Serie A,Home,L,1.0,2.0,Sampdoria,,16.0,4.0,16.0,19.0,2.0,0.0,3.0,0.0,2023,Sassuolo,2
2023-01-04,Wed,Serie A,Home,D,2.0,2.0,Atalanta,,7.0,3.0,11.0,11.0,3.0,0.0,3.0,0.0,2023,Spezia,2
2023-01-04,Wed,Serie A,Home,D,1.0,1.0,Verona,,9.0,3.0,7.0,17.0,1.0,0.0,1.0,0.0,2023,Torino,2
2023-01-04,Wed,Serie A,Home,D,1.0,1.0,Empoli,,21.0,3.0,15.0,14.0,2.0,0.0,3.0,1.0,2023,Udinese,2
2023-01-04,Wed,Serie A,Away,D,1.0,1.0,Torino,,10.0,2.0,17.0,7.0,1.0,0.0,1.0,0.0,2023,Verona,2
2023-01-07,Sat,Serie A,Home,W,2.0,1.0,Sassuolo,,14.0,5.0,14.0,9.0,4.0,0.0,3.0,0.0,2023,Fiorentina,5
2023-01-07,Sat,Serie A,Away,D,2.0,2.0,Monza,,11.0,3.0,20.0,14.0,3.0,0.0,0.0,0.0,2023,Inter,5
2023-01-07,Sat,Serie A,Home,W,1.0,0.0,Udinese,,14.0,4.0,16.0,13.0,1.0,0.0,2.0,0.0,2023,Juventus,5
2023-01-07,Sat,Serie A,Home,D,2.0,2.0,Inter,,13.0,4.0,14.0,20.0,0.0,0.0,3.0,0.0,2023,Monza,5
2023-01-07,Sat,Serie A,Away,L,1.0,2.0,Fiorentina,,17.0,4.0,9.0,14.0,3.0,0.0,4.0,0.0,2023,Sassuolo,5
2023-01-07,Sat,Serie A,Away,L,0.0,1.0,Juventus,,11.0,3.0,13.0,16.0,2.0,0.0,1.0,0.0,2023,Udinese,5
2023-01-08,Sun,Serie A,Away,D,2.0,2.0,Lazio,,5.0,2.0,10.0,17.0,1.0,0.0,4.0,0.0,2023,Empoli,6
2023-01-08,Sun,Serie A,Home,D,2.0,2.0,Empoli,,18.0,4.0,17.0,10.0,4.0,0.0,1.0,0.0,2023,Lazio,6
2023-01-08,Sun,Serie A,Away,D,0.0,0.0,Spezia,,15.0,4.0,15.0,14.0,1.0,0.0,0.0,0.0,2023,Lecce,6
2023-01-08,Sun,Serie A,Home,D,2.0,2.0,Roma,,12.0,5.0,19.0,13.0,4.0,0.0,7.0,0.0,2023,Milan,6
2023-01-08,Sun,Serie A,Away,W,2.0,0.0,Sampdoria,,24.0,8.0,12.0,15.0,2.0,0.0,3.0,1.0,2023,Napoli,6
2023-01-08,Sun,Serie A,Away,D,2.0,2.0,Milan,,12.0,3.0,13.0,19.0,7.0,0.0,4.0,0.0,2023,Roma,6
2023-01-08,Sun,Serie A,Home,D,1.0,1.0,Torino,,11.0,4.0,10.0,15.0,2.0,0.0,3.0,0.0,2023,Salernitana,6
2023-01-08,Sun,Serie A,Home,L,0.0,2.0,Napoli,,9.0,2.0,15.0,12.0,3.0,1.0,2.0,0.0,2023,Sampdoria,6
2023-01-08,Sun,Serie A,Home,D,0.0,0.0,Lecce,,10.0,2.0,14.0,15.0,0.0,0.0,1.0,0.0,2023,Spezia,6
2023-01-08,Sun,Serie A,Away,D,1.0,1.0,Salernitana,,23.0,8.0,15.0,10.0,3.0,0.0,2.0,0.0,2023,Torino,6
2023-01-09,Mon,Serie A,Away,W,2.0,1.0,Bologna,,7.0,3.0,15.0,16.0,2.0,0.0,3.0,0.0,2023,Atalanta,0
2023-01-09,Mon,Serie A,Home,L,1.0,2.0,Atalanta,,12.0,3.0,16.0,15.0,3.0,0.0,2.0,0.0,2023,Bologna,0
2023-01-09,Mon,Serie A,Away,L,0.0,2.0,Verona,,15.0,5.0,11.0,16.0,4.0,0.0,3.0,0.0,2023,Cremonese,0
2023-01-09,Mon,Serie A,Home,W,2.0,0.0,Cremonese,,9.0,4.0,16.0,11.0,3.0,0.0,4.0,0.0,2023,Verona,0
2023-01-13,Fri,Serie A,Away,L,1.0,5.0,Napoli,,11.0,2.0,9.0,10.0,1.0,0.0,0.0,0.0,2023,Juventus,4
2023-01-13,Fri,Serie A,Home,W,5.0,1.0,Juventus,,14.0,10.0,10.0,9.0,0.0,0.0,1.0,0.0,2023,Napoli,4
2023-01-14,Sat,Serie A,Home,L,2.0,3.0,Monza,,11.0,7.0,12.0,12.0,2.0,0.0,4.0,0.0,2023,Cremonese,5
2023-01-14,Sat,Serie A,Home,W,1.0,0.0,Verona,,11.0,3.0,11.0,13.0,0.0,0.0,3.0,0.0,2023,Inter,5
2023-01-14,Sat,Serie A,Home,D,2.0,2.0,Milan,,17.0,3.0,11.0,12.0,1.0,0.0,2.0,0.0,2023,Lecce,5
2023-01-14,Sat,Serie A,Away,D,2.0,2.0,Lecce,,12.0,5.0,12.0,11.0,2.0,0.0,1.0,0.0,2023,Milan,5
2023-01-14,Sat,Serie A,Away,W,3.0,2.0,Cremonese,,8.0,3.0,12.0,12.0,4.0,0.0,2.0,0.0,2023,Monza,5
2023-01-14,Sat,Serie A,Away,L,0.0,1.0,Inter,,6.0,1.0,13.0,11.0,3.0,0.0,0.0,0.0,2023,Verona,5
2023-01-15,Sun,Serie A,Home,W,8.0,2.0,Salernitana,,19.0,13.0,10.0,12.0,1.0,0.0,0.0,0.0,2023,Atalanta,6
2023-01-15,Sun,Serie A,Away,W,2.0,1.0,Udinese,,15.0,2.0,17.0,10.0,3.0,0.0,1.0,0.0,2023,Bologna,6
2023-01-15,Sun,Serie A,Away,L,0.0,2.0,Roma,,7.0,3.0,12.0,15.0,4.0,1.0,3.0,0.0,2023,Fiorentina,6
2023-01-15,Sun,Serie A,Away,W,2.0,0.0,Sassuolo,,12.0,3.0,10.0,17.0,3.0,0.0,5.0,0.0,2023,Lazio,6
2023-01-15,Sun,Serie A,Home,W,2.0,0.0,Fiorentina,,10.0,4.0,15.0,12.0,3.0,0.0,4.0,1.0,2023,Roma,6
2023-01-15,Sun,Serie A,Away,L,2.0,8.0,Atalanta,,7.0,2.0,12.0,10.0,0.0,0.0,1.0,0.0,2023,Salernitana,6
2023-01-15,Sun,Serie A,Home,L,0.0,2.0,Lazio,,12.0,2.0,17.0,10.0,5.0,0.0,3.0,0.0,2023,Sassuolo,6
2023-01-15,Sun,Serie A,Away,W,1.0,0.0,Torino,,13.0,5.0,12.0,13.0,3.0,0.0,3.0,0.0,2023,Spezia,6
2023-01-15,Sun,Serie A,Home,L,0.0,1.0,Spezia,,11.0,4.0,13.0,12.0,3.0,0.0,3.0,0.0,2023,Torino,6
2023-01-15,Sun,Serie A,Home,L,1.0,2.0,Bologna,,20.0,4.0,10.0,17.0,1.0,0.0,3.0,0.0,2023,Udinese,6
2023-01-16,Mon,Serie A,Home,W,1.0,0.0,Sampdoria,,16.0,5.0,15.0,16.0,5.0,0.0,6.0,0.0,2023,Empoli,0
2023-01-16,Mon,Serie A,Away,L,0.0,1.0,Empoli,,16.0,7.0,16.0,15.0,6.0,0.0,5.0,0.0,2023,Sampdoria,0
2023-01-21,Sat,Serie A,Home,L,0.0,1.0,Torino,,19.0,5.0,9.0,23.0,2.0,0.0,2.0,0.0,2023,Fiorentina,5
2023-01-21,Sat,Serie A,Away,L,0.0,2.0,Verona,,9.0,3.0,12.0,15.0,0.0,0.0,3.0,0.0,2023,Lecce,5
2023-01-21,Sat,Serie A,Away,W,2.0,0.0,Salernitana,,9.0,4.0,15.0,14.0,2.0,0.0,2.0,0.0,2023,Napoli,5
2023-01-21,Sat,Serie A,Home,L,0.0,2.0,Napoli,,5.0,2.0,14.0,15.0,2.0,0.0,2.0,0.0,2023,Salernitana,5
2023-01-21,Sat,Serie A,Away,W,1.0,0.0,Fiorentina,,9.0,3.0,23.0,9.0,2.0,0.0,2.0,0.0,2023,Torino,5
2023-01-21,Sat,Serie A,Home,W,2.0,0.0,Lecce,,11.0,4.0,15.0,12.0,3.0,0.0,0.0,0.0,2023,Verona,5
2023-01-22,Sun,Serie A,Away,D,3.0,3.0,Juventus,,14.0,4.0,6.0,9.0,2.0,0.0,1.0,0.0,2023,Atalanta,6
2023-01-22,Sun,Serie A,Home,D,3.0,3.0,Atalanta,,15.0,8.0,9.0,6.0,1.0,0.0,2.0,0.0,2023,Juventus,6
2023-01-22,Sun,Serie A,Home,D,1.0,1.0,Sassuolo,,14.0,3.0,17.0,18.0,2.0,0.0,2.0,0.0,2023,Monza,6
2023-01-22,Sun,Serie A,Away,W,2.0,0.0,Spezia,,13.0,3.0,11.0,17.0,1.0,0.0,3.0,0.0,2023,Roma,6
2023-01-22,Sun,Serie A,Home,L,0.0,1.0,Udinese,,9.0,1.0,15.0,17.0,3.0,0.0,1.0,0.0,2023,Sampdoria,6
2023-01-22,Sun,Serie A,Away,D,1.0,1.0,Monza,,13.0,1.0,18.0,17.0,2.0,0.0,2.0,0.0,2023,Sassuolo,6
2023-01-22,Sun,Serie A,Home,L,0.0,2.0,Roma,,8.0,0.0,17.0,11.0,3.0,0.0,1.0,0.0,2023,Spezia,6
2023-01-22,Sun,Serie A,Away,W,1.0,0.0,Sampdoria,,14.0,5.0,17.0,15.0,1.0,0.0,3.0,0.0,2023,Udinese,6
2023-01-23,Mon,Serie A,Home,D,1.0,1.0,Cremonese,,21.0,8.0,11.0,13.0,2.0,0.0,5.0,0.0,2023,Bologna,0
2023-01-23,Mon,Serie A,Away,D,1.0,1.0,Bologna,,9.0,2.0,13.0,11.0,5.0,0.0,2.0,0.0,2023,Cremonese,0
2023-01-23,Mon,Serie A,Away,W,1.0,0.0,Inter,,13.0,8.0,16.0,13.0,3.0,0.0,4.0,1.0,2023,Empoli,0
2023-01-23,Mon,Serie A,Home,L,0.0,1.0,Empoli,,16.0,1.0,13.0,16.0,4.0,1.0,3.0,0.0,2023,Inter,0
2023-01-24,Tue,Serie A,Home,W,4.0,0.0,Milan,,10.0,5.0,14.0,11.0,1.0,0.0,2.0,0.0,2023,Lazio,1
2023-01-24,Tue,Serie A,Away,L,0.0,4.0,Lazio,,10.0,3.0,11.0,14.0,2.0,0.0,1.0,0.0,2023,Milan,1
2023-01-27,Fri,Serie A,Home,W,2.0,0.0,Spezia,,18.0,6.0,8.0,16.0,2.0,0.0,2.0,0.0,2023,Bologna,4
2023-01-27,Fri,Serie A,Home,L,1.0,2.0,Salernitana,,15.0,5.0,14.0,11.0,2.0,0.0,4.0,0.0,2023,Lecce,4
2023-01-27,Fri,Serie A,Away,W,2.0,1.0,Lecce,,10.0,6.0,11.0,14.0,4.0,0.0,2.0,0.0,2023,Salernitana,4
2023-01-27,Fri,Serie A,Away,L,0.0,2.0,Bologna,,6.0,4.0,16.0,8.0,2.0,0.0,2.0,0.0,2023,Spezia,4
2023-01-28,Sat,Serie A,Home,W,2.0,0.0,Sampdoria,,21.0,5.0,17.0,11.0,0.0,0.0,2.0,0.0,2023,Atalanta,5
2023-01-28,Sat,Serie A,Home,L,1.0,2.0,Inter,,12.0,4.0,7.0,12.0,0.0,0.0,2.0,0.0,2023,Cremonese,5
2023-01-28,Sat,Serie A,Home,D,2.0,2.0,Torino,,11.0,4.0,12.0,9.0,2.0,0.0,0.0,0.0,2023,Empoli,5
2023-01-28,Sat,Serie A,Away,W,2.0,1.0,Cremonese,,30.0,10.0,12.0,7.0,2.0,0.0,0.0,0.0,2023,Inter,5
2023-01-28,Sat,Serie A,Away,L,0.0,2.0,Atalanta,,15.0,5.0,11.0,17.0,2.0,0.0,0.0,0.0,2023,Sampdoria,5
2023-01-28,Sat,Serie A,Away,D,2.0,2.0,Empoli,,16.0,4.0,9.0,12.0,0.0,0.0,2.0,0.0,2023,Torino,5
2023-01-29,Sun,Serie A,Away,D,1.0,1.0,Lazio,,17.0,6.0,17.0,12.0,3.0,0.0,2.0,0.0,2023,Fiorentina,6
2023-01-29,Sun,Serie A,Home,L,0.0,2.0,Monza,,22.0,8.0,12.0,10.0,0.0,0.0,2.0,0.0,2023,Juventus,6
2023-01-29,Sun,Serie A,Home,D,1.0,1.0,Fiorentina,,13.0,1.0,12.0,17.0,2.0,0.0,3.0,0.0,2023,Lazio,6
2023-01-29,Sun,Serie A,Home,L,2.0,5.0,Sassuolo,,10.0,5.0,13.0,8.0,7.0,0.0,4.0,0.0,2023,Milan,6
2023-01-29,Sun,Serie A,Away,W,2.0,0.0,Juventus,,3.0,3.0,10.0,12.0,2.0,0.0,0.0,0.0,2023,Monza,6
2023-01-29,Sun,Serie A,Home,W,2.0,1.0,Roma,,11.0,6.0,8.0,14.0,1.0,0.0,2.0,0.0,2023,Napoli,6
2023-01-29,Sun,Serie A,Away,L,1.0,2.0,Napoli,,11.0,3.0,14.0,8.0,2.0,0.0,1.0,0.0,2023,Roma,6
2023-01-29,Sun,Serie A,Away,W,5.0,2.0,Milan,,9.0,7.0,8.0,13.0,4.0,0.0,7.0,0.0,2023,Sassuolo,6
2023-01-30,Mon,Serie A,Home,D,1.0,1.0,Verona,,26.0,8.0,9.0,11.0,1.0,0.0,3.0,0.0,2023,Udinese,0
2023-01-30,Mon,Serie A,Away,D,1.0,1.0,Udinese,,10.0,2.0,11.0,9.0,3.0,0.0,1.0,0.0,2023,Verona,0
2023-02-04,Sat,Serie A,Away,L,0.0,1.0,Sassuolo,,7.0,2.0,13.0,12.0,1.0,2.0,5.0,0.0,2023,Atalanta,5
2023-02-04,Sat,Serie A,Home,L,0.0,2.0,Lecce,,12.0,3.0,12.0,15.0,1.0,0.0,2.0,0.0,2023,Cremonese,5
2023-02-04,Sat,Serie A,Away,L,0.0,2.0,Roma,,11.0,2.0,18.0,10.0,1.0,0.0,2.0,0.0,2023,Empoli,5
2023-02-04,Sat,Serie A,Away,W,2.0,0.0,Cremonese,,9.0,4.0,15.0,12.0,2.0,0.0,1.0,0.0,2023,Lecce,5
2023-02-04,Sat,Serie A,Home,W,2.0,0.0,Empoli,,12.0,6.0,10.0,18.0,2.0,0.0,1.0,0.0,2023,Roma,5
2023-02-04,Sat,Serie A,Home,W,1.0,0.0,Atalanta,,18.0,8.0,12.0,13.0,5.0,0.0,1.0,2.0,2023,Sassuolo,5
2023-02-05,Sun,Serie A,Away,W,2.0,1.0,Fiorentina,,11.0,7.0,25.0,10.0,4.0,0.0,2.0,0.0,2023,Bologna,6
2023-02-05,Sun,Serie A,Home,L,1.0,2.0,Bologna,,18.0,6.0,10.0,25.0,2.0,0.0,4.0,0.0,2023,Fiorentina,6
2023-02-05,Sun,Serie A,Home,W,1.0,0.0,Milan,,15.0,4.0,13.0,14.0,2.0,0.0,5.0,0.0,2023,Inter,6
2023-02-05,Sun,Serie A,Away,L,0.0,1.0,Inter,,4.0,0.0,14.0,13.0,5.0,0.0,2.0,0.0,2023,Milan,6
2023-02-05,Sun,Serie A,Away,W,3.0,0.0,Spezia,,12.0,5.0,18.0,19.0,2.0,0.0,3.0,0.0,2023,Napoli,6
2023-02-05,Sun,Serie A,Home,L,0.0,3.0,Napoli,,9.0,3.0,19.0,18.0,3.0,0.0,2.0,0.0,2023,Spezia,6
2023-02-05,Sun,Serie A,Home,W,1.0,0.0,Udinese,,11.0,3.0,13.0,8.0,1.0,0.0,1.0,0.0,2023,Torino,6
2023-02-05,Sun,Serie A,Away,L,0.0,1.0,Torino,,11.0,3.0,8.0,13.0,1.0,0.0,1.0,0.0,2023,Udinese,6
2023-02-06,Mon,Serie A,Away,D,1.0,1.0,Verona,,9.0,2.0,12.0,16.0,1.0,0.0,4.0,0.0,2023,Lazio,0
2023-02-06,Mon,Serie A,Home,D,2.0,2.0,Sampdoria,,17.0,5.0,12.0,12.0,2.0,0.0,4.0,0.0,2023,Monza,0
2023-02-06,Mon,Serie A,Away,D,2.0,2.0,Monza,,11.0,6.0,12.0,12.0,4.0,0.0,2.0,0.0,2023,Sampdoria,0
2023-02-06,Mon,Serie A,Home,D,1.0,1.0,Lazio,,15.0,4.0,16.0,12.0,4.0,0.0,1.0,0.0,2023,Verona,0
2023-02-07,Tue,Serie A,Away,W,3.0,0.0,Salernitana,,17.0,5.0,12.0,9.0,1.0,0.0,1.0,0.0,2023,Juventus,1
2023-02-07,Tue,Serie A,Home,L,0.0,3.0,Juventus,,10.0,1.0,9.0,12.0,1.0,0.0,1.0,0.0,2023,Salernitana,1
2023-02-10,Fri,Serie A,Home,W,1.0,0.0,Torino,,9.0,4.0,10.0,20.0,1.0,0.0,4.0,0.0,2023,Milan,4
2023-02-10,Fri,Serie A,Away,L,0.0,1.0,Milan,,12.0,2.0,20.0,10.0,4.0,0.0,1.0,0.0,2023,Torino,4
2023-02-11,Sat,Serie A,Away,W,2.0,0.0,Lazio,,23.0,10.0,14.0,12.0,2.0,0.0,1.0,0.0,2023,Atalanta,5
2023-02-11,Sat,Serie A,Home,D,2.0,2.0,Spezia,,25.0,8.0,10.0,13.0,1.0,1.0,5.0,1.0,2023,Empoli,5
2023-02-11,Sat,Serie A,Home,L,0.0,2.0,Atalanta,,13.0,5.0,12.0,14.0,1.0,0.0,2.0,0.0,2023,Lazio,5
2023-02-11,Sat,Serie A,Home,D,1.0,1.0,Roma,,8.0,3.0,24.0,8.0,4.0,0.0,1.0,0.0,2023,Lecce,5
2023-02-11,Sat,Serie A,Away,D,1.0,1.0,Lecce,,12.0,5.0,8.0,24.0,1.0,0.0,4.0,0.0,2023,Roma,5
2023-02-11,Sat,Serie A,Away,D,2.0,2.0,Empoli,,9.0,3.0,13.0,10.0,5.0,1.0,1.0,1.0,2023,Spezia,5
2023-02-12,Sun,Serie A,Home,L,0.0,1.0,Monza,,12.0,3.0,15.0,18.0,1.0,0.0,4.0,0.0,2023,Bologna,6
2023-02-12,Sun,Serie A,Away,L,0.0,3.0,Napoli,,6.0,1.0,7.0,7.0,2.0,0.0,0.0,0.0,2023,Cremonese,6
2023-02-12,Sun,Serie A,Away,L,0.0,1.0,Juventus,,11.0,2.0,17.0,11.0,2.0,0.0,5.0,0.0,2023,Fiorentina,6
2023-02-12,Sun,Serie A,Home,W,1.0,0.0,Fiorentina,,7.0,3.0,11.0,17.0,5.0,0.0,2.0,0.0,2023,Juventus,6
2023-02-12,Sun,Serie A,Away,W,1.0,0.0,Bologna,,5.0,4.0,18.0,15.0,4.0,0.0,1.0,0.0,2023,Monza,6
2023-02-12,Sun,Serie A,Home,W,3.0,0.0,Cremonese,,15.0,10.0,7.0,7.0,0.0,0.0,2.0,0.0,2023,Napoli,6
2023-02-12,Sun,Serie A,Away,D,2.0,2.0,Udinese,,6.0,1.0,8.0,12.0,2.0,0.0,2.0,0.0,2023,Sassuolo,6
2023-02-12,Sun,Serie A,Home,D,2.0,2.0,Sassuolo,,17.0,8.0,12.0,8.0,2.0,0.0,2.0,0.0,2023,Udinese,6
2023-02-13,Mon,Serie A,Away,D,0.0,0.0,Sampdoria,,25.0,5.0,11.0,13.0,1.0,0.0,3.0,0.0,2023,Inter,0
2023-02-13,Mon,Serie A,Away,L,0.0,1.0,Verona,,8.0,3.0,21.0,14.0,3.0,0.0,2.0,0.0,2023,Salernitana,0
2023-02-13,Mon,Serie A,Home,D,0.0,0.0,Inter,,7.0,2.0,13.0,11.0,3.0,0.0,1.0,0.0,2023,Sampdoria,0
2023-02-13,Mon,Serie A,Home,W,1.0,0.0,Salernitana,,14.0,4.0,14.0,21.0,2.0,0.0,3.0,0.0,2023,Verona,0
2023-02-17,Fri,Serie A,Away,W,2.0,0.0,Sassuolo,,15.0,4.0,10.0,12.0,2.0,0.0,2.0,0.0,2023,Napoli,4
2023-02-17,Fri,Serie A,Home,L,0.0,2.0,Napoli,,11.0,2.0,12.0,10.0,2.0,0.0,2.0,0.0,2023,Sassuolo,4
2023-02-18,Sat,Serie A,Away,W,2.0,1.0,Sampdoria,,12.0,5.0,13.0,13.0,1.0,0.0,3.0,0.0,2023,Bologna,5
2023-02-18,Sat,Serie A,Home,W,3.0,1.0,Udinese,,19.0,7.0,15.0,14.0,2.0,0.0,2.0,0.0,2023,Inter,5
2023-02-18,Sat,Serie A,Away,W,1.0,0.0,Monza,,14.0,8.0,18.0,10.0,2.0,0.0,4.0,0.0,2023,Milan,5
2023-02-18,Sat,Serie A,Home,L,0.0,1.0,Milan,,11.0,5.0,10.0,18.0,4.0,0.0,2.0,0.0,2023,Monza,5
2023-02-18,Sat,Serie A,Home,L,1.0,2.0,Bologna,,9.0,4.0,13.0,13.0,3.0,0.0,1.0,0.0,2023,Sampdoria,5
2023-02-18,Sat,Serie A,Away,L,1.0,3.0,Inter,,9.0,1.0,14.0,15.0,2.0,0.0,2.0,0.0,2023,Udinese,5
2023-02-19,Sun,Serie A,Home,L,1.0,2.0,Lecce,,20.0,10.0,10.0,12.0,3.0,0.0,3.0,0.0,2023,Atalanta,6
2023-02-19,Sun,Serie A,Away,D,1.0,1.0,Fiorentina,,5.0,3.0,15.0,8.0,5.0,0.0,1.0,0.0,2023,Empoli,6
2023-02-19,Sun,Serie A,Home,D,1.0,1.0,Empoli,,27.0,4.0,8.0,15.0,1.0,0.0,5.0,0.0,2023,Fiorentina,6
2023-02-19,Sun,Serie A,Away,W,2.0,0.0,Spezia,,15.0,3.0,9.0,8.0,2.0,0.0,2.0,0.0,2023,Juventus,6
2023-02-19,Sun,Serie A,Away,W,2.0,0.0,Salernitana,,21.0,7.0,7.0,10.0,1.0,0.0,5.0,1.0,2023,Lazio,6
2023-02-19,Sun,Serie A,Away,W,2.0,1.0,Atalanta,,4.0,2.0,12.0,10.0,3.0,0.0,3.0,0.0,2023,Lecce,6
2023-02-19,Sun,Serie A,Home,W,1.0,0.0,Verona,,9.0,5.0,15.0,19.0,1.0,0.0,2.0,0.0,2023,Roma,6
2023-02-19,Sun,Serie A,Home,L,0.0,2.0,Lazio,,9.0,2.0,10.0,7.0,5.0,1.0,1.0,0.0,2023,Salernitana,6
2023-02-19,Sun,Serie A,Home,L,0.0,2.0,Juventus,,18.0,7.0,8.0,9.0,2.0,0.0,2.0,0.0,2023,Spezia,6
2023-02-19,Sun,Serie A,Away,L,0.0,1.0,Roma,,7.0,1.0,19.0,15.0,2.0,0.0,1.0,0.0,2023,Verona,6
2023-02-20,Mon,Serie A,Away,D,2.0,2.0,Torino,,11.0,2.0,12.0,9.0,1.0,0.0,3.0,0.0,2023,Cremonese,0
2023-02-20,Mon,Serie A,Home,D,2.0,2.0,Cremonese,,16.0,6.0,9.0,12.0,3.0,0.0,1.0,0.0,2023,Torino,0
2023-02-25,Sat,Serie A,Home,L,0.0,2.0,Napoli,,9.0,2.0,10.0,9.0,2.0,0.0,1.0,1.0,2023,Empoli,5
2023-02-25,Sat,Serie A,Home,L,0.0,1.0,Sassuolo,,16.0,0.0,17.0,7.0,2.0,0.0,2.0,0.0,2023,Lecce,5
2023-02-25,Sat,Serie A,Away,W,2.0,0.0,Empoli,,19.0,6.0,9.0,10.0,1.0,1.0,2.0,0.0,2023,Napoli,5
2023-02-25,Sat,Serie A,Away,W,1.0,0.0,Lecce,,7.0,3.0,7.0,17.0,2.0,0.0,2.0,0.0,2023,Sassuolo,5
2023-02-26,Sun,Serie A,Away,L,0.0,2.0,Milan,,3.0,0.0,11.0,11.0,2.0,0.0,3.0,0.0,2023,Atalanta,6
2023-02-26,Sun,Serie A,Home,W,1.0,0.0,Inter,,14.0,5.0,7.0,14.0,1.0,0.0,2.0,0.0,2023,Bologna,6
2023-02-26,Sun,Serie A,Away,L,0.0,1.0,Bologna,,13.0,4.0,14.0,7.0,2.0,0.0,1.0,0.0,2023,Inter,6
2023-02-26,Sun,Serie A,Home,W,2.0,0.0,Atalanta,,13.0,3.0,11.0,11.0,3.0,0.0,2.0,0.0,2023,Milan,6
2023-02-26,Sun,Serie A,Away,L,0.0,3.0,Salernitana,,14.0,3.0,16.0,12.0,4.0,1.0,2.0,0.0,2023,Monza,6
2023-02-26,Sun,Serie A,Home,W,3.0,0.0,Monza,,12.0,5.0,12.0,16.0,2.0,0.0,4.0,1.0,2023,Salernitana,6
2023-02-26,Sun,Serie A,Away,D,2.0,2.0,Udinese,,9.0,2.0,16.0,11.0,2.0,0.0,2.0,0.0,2023,Spezia,6
2023-02-26,Sun,Serie A,Home,D,2.0,2.0,Spezia,,15.0,6.0,11.0,16.0,2.0,0.0,2.0,0.0,2023,Udinese,6
2023-02-27,Mon,Serie A,Away,W,3.0,0.0,Verona,,16.0,7.0,11.0,15.0,3.0,0.0,3.0,0.0,2023,Fiorentina,0
2023-02-27,Mon,Serie A,Home,W,1.0,0.0,Sampdoria,,15.0,4.0,10.0,13.0,2.0,0.0,2.0,0.0,2023,Lazio,0
2023-02-27,Mon,Serie A,Away,L,0.0,1.0,Lazio,,8.0,2.0,13.0,10.0,2.0,0.0,2.0,0.0,2023,Sampdoria,0
2023-02-27,Mon,Serie A,Home,L,0.0,3.0,Fiorentina,,12.0,3.0,15.0,11.0,3.0,0.0,3.0,0.0,2023,Verona,0
2023-02-28,Tue,Serie A,Home,W,2.0,1.0,Roma,,6.0,2.0,17.0,11.0,3.0,0.0,2.0,0.0,2023,Cremonese,1
2023-02-28,Tue,Serie A,Home,W,4.0,2.0,Torino,,13.0,6.0,5.0,13.0,0.0,0.0,2.0,0.0,2023,Juventus,1
2023-02-28,Tue,Serie A,Away,L,1.0,2.0,Cremonese,,10.0,3.0,11.0,17.0,2.0,0.0,3.0,0.0,2023,Roma,1
2023-02-28,Tue,Serie A,Away,L,2.0,4.0,Juventus,,8.0,3.0,13.0,5.0,2.0,0.0,0.0,0.0,2023,Torino,1
2023-03-03,Fri,Serie A,Away,W,1.0,0.0,Napoli,,5.0,2.0,8.0,13.0,2.0,0.0,2.0,0.0,2023,Lazio,4
2023-03-03,Fri,Serie A,Home,L,0.0,1.0,Lazio,,14.0,2.0,13.0,8.0,2.0,0.0,2.0,0.0,2023,Napoli,4
2023-03-04,Sat,Serie A,Home,D,0.0,0.0,Udinese,,17.0,5.0,12.0,12.0,2.0,0.0,3.0,0.0,2023,Atalanta,5
2023-03-04,Sat,Serie A,Away,L,1.0,2.0,Monza,,18.0,3.0,12.0,10.0,3.0,0.0,2.0,0.0,2023,Empoli,5
2023-03-04,Sat,Serie A,Home,W,2.0,1.0,Milan,,16.0,8.0,12.0,17.0,3.0,0.0,3.0,0.0,2023,Fiorentina,5
2023-03-04,Sat,Serie A,Away,L,1.0,2.0,Fiorentina,,8.0,6.0,17.0,12.0,3.0,0.0,3.0,0.0,2023,Milan,5
2023-03-04,Sat,Serie A,Home,W,2.0,1.0,Empoli,,10.0,3.0,10.0,12.0,2.0,0.0,3.0,0.0,2023,Monza,5
2023-03-04,Sat,Serie A,Away,D,0.0,0.0,Atalanta,,5.0,1.0,12.0,12.0,3.0,0.0,2.0,0.0,2023,Udinese,5
2023-03-05,Sun,Serie A,Home,W,2.0,0.0,Lecce,,14.0,4.0,10.0,11.0,0.0,0.0,0.0,0.0,2023,Inter,6
2023-03-05,Sun,Serie A,Away,L,0.0,1.0,Roma,,14.0,5.0,10.0,11.0,2.0,1.0,3.0,0.0,2023,Juventus,6
2023-03-05,Sun,Serie A,Away,L,0.0,2.0,Inter,,11.0,1.0,11.0,10.0,0.0,0.0,0.0,0.0,2023,Lecce,6
2023-03-05,Sun,Serie A,Home,W,1.0,0.0,Juventus,,6.0,2.0,11.0,10.0,3.0,0.0,2.0,1.0,2023,Roma,6
2023-03-05,Sun,Serie A,Away,D,0.0,0.0,Sampdoria,,10.0,4.0,13.0,18.0,4.0,0.0,3.0,0.0,2023,Salernitana,6
2023-03-05,Sun,Serie A,Home,D,0.0,0.0,Salernitana,,9.0,3.0,18.0,13.0,3.0,0.0,4.0,0.0,2023,Sampdoria,6
2023-03-05,Sun,Serie A,Home,D,0.0,0.0,Verona,,20.0,4.0,6.0,7.0,2.0,1.0,1.0,0.0,2023,Spezia,6
2023-03-05,Sun,Serie A,Away,D,0.0,0.0,Spezia,,11.0,3.0,7.0,6.0,1.0,0.0,2.0,1.0,2023,Verona,6
2023-03-06,Mon,Serie A,Away,L,0.0,1.0,Torino,,11.0,1.0,10.0,9.0,2.0,0.0,2.0,0.0,2023,Bologna,0
2023-03-06,Mon,Serie A,Away,L,2.0,3.0,Sassuolo,,13.0,6.0,9.0,11.0,4.0,0.0,1.0,0.0,2023,Cremonese,0
2023-03-06,Mon,Serie A,Home,W,3.0,2.0,Cremonese,,13.0,7.0,11.0,9.0,1.0,0.0,4.0,0.0,2023,Sassuolo,0
2023-03-06,Mon,Serie A,Home,W,1.0,0.0,Bologna,,12.0,5.0,9.0,10.0,2.0,0.0,2.0,0.0,2023,Torino,0
2023-03-10,Fri,Serie A,Away,L,1.0,2.0,Spezia,,28.0,7.0,9.0,11.0,0.0,0.0,3.0,0.0,2023,Inter,4
2023-03-10,Fri,Serie A,Home,W,2.0,1.0,Inter,,4.0,2.0,11.0,9.0,3.0,0.0,0.0,0.0,2023,Spezia,4
2023-03-11,Sat,Serie A,Away,L,0.0,2.0,Napoli,,6.0,3.0,11.0,12.0,2.0,0.0,1.0,0.0,2023,Atalanta,5
2023-03-11,Sat,Serie A,Home,D,0.0,0.0,Lazio,,16.0,2.0,11.0,8.0,2.0,0.0,3.0,0.0,2023,Bologna,5
2023-03-11,Sat,Serie A,Home,L,0.0,1.0,Udinese,,17.0,3.0,12.0,13.0,2.0,0.0,4.0,0.0,2023,Empoli,5
2023-03-11,Sat,Serie A,Away,D,0.0,0.0,Bologna,,5.0,2.0,8.0,11.0,3.0,0.0,2.0,0.0,2023,Lazio,5
2023-03-11,Sat,Serie A,Home,W,2.0,0.0,Atalanta,,18.0,6.0,12.0,11.0,1.0,0.0,2.0,0.0,2023,Napoli,5
2023-03-11,Sat,Serie A,Away,W,1.0,0.0,Empoli,,14.0,4.0,13.0,12.0,4.0,0.0,2.0,0.0,2023,Udinese,5
2023-03-12,Sun,Serie A,Home,L,0.0,2.0,Fiorentina,,16.0,5.0,10.0,17.0,1.0,0.0,2.0,0.0,2023,Cremonese,6
2023-03-12,Sun,Serie A,Away,W,2.0,0.0,Cremonese,,10.0,3.0,17.0,10.0,2.0,0.0,1.0,0.0,2023,Fiorentina,6
2023-03-12,Sun,Serie A,Home,W,4.0,2.0,Sampdoria,,24.0,8.0,10.0,10.0,1.0,0.0,1.0,0.0,2023,Juventus,6
2023-03-12,Sun,Serie A,Home,L,0.0,2.0,Torino,,13.0,1.0,16.0,17.0,3.0,0.0,3.0,0.0,2023,Lecce,6
2023-03-12,Sun,Serie A,Away,D,1.0,1.0,Verona,,9.0,3.0,12.0,17.0,0.0,0.0,2.0,0.0,2023,Monza,6
2023-03-12,Sun,Serie A,Home,L,3.0,4.0,Sassuolo,,17.0,7.0,11.0,18.0,4.0,1.0,2.0,0.0,2023,Roma,6
2023-03-12,Sun,Serie A,Away,L,2.0,4.0,Juventus,,9.0,3.0,10.0,10.0,1.0,0.0,1.0,0.0,2023,Sampdoria,6
2023-03-12,Sun,Serie A,Away,W,4.0,3.0,Roma,,19.0,10.0,18.0,11.0,2.0,0.0,4.0,1.0,2023,Sassuolo,6
2023-03-12,Sun,Serie A,Away,W,2.0,0.0,Lecce,,4.0,2.0,17.0,16.0,3.0,0.0,3.0,0.0,2023,Torino,6
2023-03-12,Sun,Serie A,Home,D,1.0,1.0,Monza,,8.0,3.0,17.0,12.0,2.0,0.0,0.0,0.0,2023,Verona,6
2023-03-13,Mon,Serie A,Home,D,1.0,1.0,Salernitana,,24.0,4.0,15.0,13.0,2.0,0.0,3.0,0.0,2023,Milan,0
2023-03-13,Mon,Serie A,Away,D,1.0,1.0,Milan,,6.0,3.0,13.0,15.0,3.0,0.0,2.0,0.0,2023,Salernitana,0
2023-03-17,Fri,Serie A,Home,W,2.0,1.0,Empoli,,27.0,6.0,11.0,10.0,3.0,0.0,2.0,0.0,2023,Atalanta,4
2023-03-17,Fri,Serie A,Away,L,1.0,2.0,Atalanta,,5.0,2.0,10.0,11.0,2.0,0.0,3.0,0.0,2023,Empoli,4
2023-03-17,Fri,Serie A,Home,W,1.0,0.0,Spezia,,15.0,6.0,10.0,13.0,0.0,0.0,2.0,0.0,2023,Sassuolo,4
2023-03-17,Fri,Serie A,Away,L,0.0,1.0,Sassuolo,,11.0,1.0,13.0,10.0,2.0,0.0,0.0,0.0,2023,Spezia,4
2023-03-18,Sat,Serie A,Away,D,2.0,2.0,Salernitana,,10.0,2.0,16.0,8.0,1.0,0.0,0.0,0.0,2023,Bologna,5
2023-03-18,Sat,Serie A,Away,D,1.0,1.0,Monza,,8.0,2.0,12.0,12.0,5.0,0.0,3.0,0.0,2023,Cremonese,5
2023-03-18,Sat,Serie A,Away,L,1.0,3.0,Udinese,,10.0,6.0,9.0,16.0,2.0,0.0,4.0,0.0,2023,Milan,5
2023-03-18,Sat,Serie A,Home,D,1.0,1.0,Cremonese,,15.0,7.0,12.0,12.0,3.0,0.0,5.0,0.0,2023,Monza,5
2023-03-18,Sat,Serie A,Home,D,2.0,2.0,Bologna,,14.0,4.0,8.0,16.0,0.0,0.0,1.0,0.0,2023,Salernitana,5
2023-03-18,Sat,Serie A,Home,W,3.0,1.0,Milan,,14.0,5.0,16.0,9.0,4.0,0.0,2.0,0.0,2023,Udinese,5
2023-03-19,Sun,Serie A,Home,W,1.0,0.0,Lecce,,18.0,3.0,14.0,21.0,1.0,0.0,3.0,0.0,2023,Fiorentina,6
2023-03-19,Sun,Serie A,Home,L,0.0,1.0,Juventus,,18.0,3.0,6.0,18.0,3.0,1.0,4.0,1.0,2023,Inter,6
2023-03-19,Sun,Serie A,Away,W,1.0,0.0,Inter,,7.0,3.0,18.0,6.0,4.0,1.0,3.0,1.0,2023,Juventus,6
2023-03-19,Sun,Serie A,Home,W,1.0,0.0,Roma,,12.0,5.0,18.0,13.0,4.0,1.0,4.0,2.0,2023,Lazio,6
2023-03-19,Sun,Serie A,Away,L,0.0,1.0,Fiorentina,,8.0,2.0,21.0,14.0,3.0,0.0,1.0,0.0,2023,Lecce,6
2023-03-19,Sun,Serie A,Away,W,4.0,0.0,Torino,,12.0,6.0,14.0,14.0,1.0,0.0,1.0,0.0,2023,Napoli,6
2023-03-19,Sun,Serie A,Away,L,0.0,1.0,Lazio,,8.0,3.0,13.0,18.0,4.0,2.0,4.0,1.0,2023,Roma,6
2023-03-19,Sun,Serie A,Home,W,3.0,1.0,Verona,,11.0,4.0,10.0,11.0,3.0,0.0,2.0,0.0,2023,Sampdoria,6
2023-03-19,Sun,Serie A,Home,L,0.0,4.0,Napoli,,12.0,2.0,14.0,14.0,1.0,0.0,1.0,0.0,2023,Torino,6
2023-03-19,Sun,Serie A,Away,L,1.0,3.0,Sampdoria,,16.0,6.0,11.0,10.0,2.0,0.0,3.0,0.0,2023,Verona,6
2023-04-01,Sat,Serie A,Away,W,3.0,1.0,Cremonese,,12.0,4.0,10.0,13.0,2.0,0.0,3.0,0.0,2023,Atalanta,5
2023-04-01,Sat,Serie A,Home,L,1.0,3.0,Atalanta,,15.0,4.0,13.0,10.0,3.0,0.0,2.0,0.0,2023,Cremonese,5
2023-04-01,Sat,Serie A,Away,W,1.0,0.0,Inter,,19.0,3.0,7.0,8.0,3.0,0.0,2.0,0.0,2023,Fiorentina,5
2023-04-01,Sat,Serie A,Home,L,0.0,1.0,Fiorentina,,16.0,3.0,8.0,7.0,2.0,0.0,3.0,0.0,2023,Inter,5
2023-04-01,Sat,Serie A,Home,W,1.0,0.0,Verona,,10.0,2.0,14.0,22.0,1.0,0.0,2.0,0.0,2023,Juventus,5
2023-04-01,Sat,Serie A,Away,L,0.0,1.0,Juventus,,9.0,3.0,22.0,14.0,2.0,0.0,1.0,0.0,2023,Verona,5
2023-04-02,Sun,Serie A,Home,W,3.0,0.0,Udinese,,11.0,4.0,17.0,10.0,1.0,0.0,1.0,0.0,2023,Bologna,6
2023-04-02,Sun,Serie A,Away,W,2.0,0.0,Monza,,8.0,4.0,8.0,13.0,2.0,0.0,5.0,0.0,2023,Lazio,6
2023-04-02,Sun,Serie A,Away,W,4.0,0.0,Napoli,,14.0,8.0,9.0,11.0,2.0,0.0,1.0,0.0,2023,Milan,6
2023-04-02,Sun,Serie A,Home,L,0.0,2.0,Lazio,,11.0,3.0,13.0,8.0,5.0,0.0,2.0,0.0,2023,Monza,6
2023-04-02,Sun,Serie A,Home,L,0.0,4.0,Milan,,20.0,4.0,11.0,9.0,1.0,0.0,2.0,0.0,2023,Napoli,6
2023-04-02,Sun,Serie A,Home,W,3.0,0.0,Sampdoria,,28.0,11.0,11.0,13.0,3.0,0.0,5.0,1.0,2023,Roma,6
2023-04-02,Sun,Serie A,Away,D,1.0,1.0,Spezia,,12.0,2.0,12.0,12.0,1.0,0.0,0.0,0.0,2023,Salernitana,6
2023-04-02,Sun,Serie A,Away,L,0.0,3.0,Roma,,6.0,3.0,13.0,11.0,5.0,1.0,3.0,0.0,2023,Sampdoria,6
2023-04-02,Sun,Serie A,Home,D,1.0,1.0,Salernitana,,14.0,3.0,12.0,12.0,0.0,0.0,1.0,0.0,2023,Spezia,6
2023-04-02,Sun,Serie A,Away,L,0.0,3.0,Bologna,,15.0,5.0,10.0,17.0,1.0,0.0,1.0,0.0,2023,Udinese,6
2023-04-03,Mon,Serie A,Home,W,1.0,0.0,Lecce,,14.0,7.0,10.0,15.0,3.0,1.0,2.0,0.0,2023,Empoli,0
2023-04-03,Mon,Serie A,Away,L,0.0,1.0,Empoli,,5.0,0.0,15.0,10.0,2.0,0.0,3.0,1.0,2023,Lecce,0
2023-04-03,Mon,Serie A,Home,D,1.0,1.0,Torino,,12.0,4.0,12.0,9.0,1.0,0.0,1.0,0.0,2023,Sassuolo,0
2023-04-03,Mon,Serie A,Away,D,1.0,1.0,Sassuolo,,16.0,2.0,9.0,12.0,1.0,0.0,1.0,0.0,2023,Torino,0
2023-04-07,Fri,Serie A,Away,D,0.0,0.0,Milan,,2.0,1.0,8.0,11.0,2.0,0.0,2.0,0.0,2023,Empoli,4
2023-04-07,Fri,Serie A,Away,D,1.0,1.0,Salernitana,,25.0,11.0,10.0,14.0,2.0,0.0,2.0,0.0,2023,Inter,4
2023-04-07,Fri,Serie A,Home,L,1.0,2.0,Napoli,,11.0,3.0,12.0,9.0,2.0,0.0,1.0,0.0,2023,Lecce,4
2023-04-07,Fri,Serie A,Home,D,0.0,0.0,Empoli,,23.0,4.0,11.0,8.0,2.0,0.0,2.0,0.0,2023,Milan,4
2023-04-07,Fri,Serie A,Away,W,2.0,1.0,Lecce,,9.0,3.0,9.0,12.0,1.0,0.0,2.0,0.0,2023,Napoli,4
2023-04-07,Fri,Serie A,Home,D,1.0,1.0,Inter,,11.0,3.0,14.0,10.0,2.0,0.0,2.0,0.0,2023,Salernitana,4
2023-04-08,Sat,Serie A,Home,L,0.0,2.0,Bologna,,15.0,6.0,6.0,5.0,3.0,0.0,2.0,0.0,2023,Atalanta,5
2023-04-08,Sat,Serie A,Away,W,2.0,0.0,Atalanta,,13.0,6.0,5.0,6.0,2.0,0.0,3.0,0.0,2023,Bologna,5
2023-04-08,Sat,Serie A,Away,W,3.0,2.0,Sampdoria,,17.0,4.0,15.0,14.0,3.0,0.0,2.0,0.0,2023,Cremonese,5
2023-04-08,Sat,Serie A,Home,D,1.0,1.0,Spezia,,19.0,4.0,12.0,29.0,0.0,0.0,7.0,0.0,2023,Fiorentina,5
2023-04-08,Sat,Serie A,Away,L,1.0,2.0,Lazio,,11.0,4.0,15.0,11.0,5.0,0.0,2.0,0.0,2023,Juventus,5
2023-04-08,Sat,Serie A,Home,W,2.0,1.0,Juventus,,9.0,4.0,11.0,15.0,2.0,0.0,5.0,0.0,2023,Lazio,5
2023-04-08,Sat,Serie A,Away,D,2.0,2.0,Udinese,,12.0,5.0,21.0,12.0,3.0,0.0,1.0,0.0,2023,Monza,5
2023-04-08,Sat,Serie A,Away,W,1.0,0.0,Torino,,9.0,1.0,6.0,10.0,1.0,0.0,3.0,0.0,2023,Roma,5
2023-04-08,Sat,Serie A,Home,L,2.0,3.0,Cremonese,,13.0,9.0,14.0,15.0,2.0,0.0,3.0,0.0,2023,Sampdoria,5
2023-04-08,Sat,Serie A,Away,L,1.0,2.0,Verona,,17.0,5.0,14.0,12.0,4.0,0.0,3.0,0.0,2023,Sassuolo,5
2023-04-08,Sat,Serie A,Away,D,1.0,1.0,Fiorentina,,4.0,3.0,29.0,12.0,7.0,0.0,0.0,0.0,2023,Spezia,5
2023-04-08,Sat,Serie A,Home,L,0.0,1.0,Roma,,7.0,1.0,10.0,6.0,3.0,0.0,1.0,0.0,2023,Torino,5
2023-04-08,Sat,Serie A,Home,D,2.0,2.0,Monza,,14.0,5.0,12.0,21.0,1.0,0.0,3.0,0.0,2023,Udinese,5
2023-04-08,Sat,Serie A,Home,W,2.0,1.0,Sassuolo,,11.0,3.0,12.0,14.0,3.0,0.0,4.0,0.0,2023,Verona,5
2023-04-14,Fri,Serie A,Home,W,1.0,0.0,Empoli,,14.0,5.0,11.0,9.0,1.0,0.0,0.0,0.0,2023,Cremonese,4
2023-04-14,Fri,Serie A,Away,L,0.0,1.0,Cremonese,,15.0,1.0,9.0,11.0,0.0,0.0,1.0,0.0,2023,Empoli,4
2023-04-14,Fri,Serie A,Away,W,3.0,0.0,Spezia,,13.0,7.0,7.0,12.0,4.0,0.0,3.0,1.0,2023,Lazio,4
2023-04-14,Fri,Serie A,Home,L,0.0,3.0,Lazio,,6.0,2.0,12.0,7.0,3.0,1.0,4.0,0.0,2023,Spezia,4
2023-04-15,Sat,Serie A,Home,D,1.0,1.0,Milan,,6.0,2.0,12.0,17.0,3.0,0.0,4.0,0.0,2023,Bologna,5
2023-04-15,Sat,Serie A,Home,L,0.0,1.0,Monza,,25.0,6.0,13.0,4.0,2.0,0.0,2.0,0.0,2023,Inter,5
2023-04-15,Sat,Serie A,Away,D,1.0,1.0,Bologna,,19.0,5.0,17.0,12.0,4.0,0.0,3.0,0.0,2023,Milan,5
2023-04-15,Sat,Serie A,Away,W,1.0,0.0,Inter,,7.0,2.0,4.0,13.0,2.0,0.0,2.0,0.0,2023,Monza,5
2023-04-15,Sat,Serie A,Home,D,0.0,0.0,Verona,,9.0,1.0,11.0,16.0,1.0,0.0,4.0,0.0,2023,Napoli,5
2023-04-15,Sat,Serie A,Away,D,0.0,0.0,Napoli,,5.0,2.0,16.0,11.0,4.0,0.0,1.0,0.0,2023,Verona,5
2023-04-16,Sun,Serie A,Away,L,0.0,1.0,Sassuolo,,13.0,3.0,5.0,10.0,1.0,0.0,0.0,0.0,2023,Juventus,6
2023-04-16,Sun,Serie A,Home,D,1.0,1.0,Sampdoria,,30.0,11.0,16.0,12.0,1.0,0.0,4.0,0.0,2023,Lecce,6
2023-04-16,Sun,Serie A,Home,W,3.0,0.0,Udinese,,12.0,7.0,18.0,11.0,1.0,0.0,4.0,0.0,2023,Roma,6
2023-04-16,Sun,Serie A,Away,D,1.0,1.0,Torino,,8.0,1.0,14.0,14.0,1.0,0.0,0.0,0.0,2023,Salernitana,6
2023-04-16,Sun,Serie A,Away,D,1.0,1.0,Lecce,,8.0,2.0,12.0,16.0,4.0,0.0,1.0,0.0,2023,Sampdoria,6
2023-04-16,Sun,Serie A,Home,W,1.0,0.0,Juventus,,11.0,4.0,10.0,5.0,0.0,0.0,1.0,0.0,2023,Sassuolo,6
2023-04-16,Sun,Serie A,Home,D,1.0,1.0,Salernitana,,16.0,5.0,14.0,14.0,0.0,0.0,1.0,0.0,2023,Torino,6
2023-04-16,Sun,Serie A,Away,L,0.0,3.0,Roma,,10.0,2.0,11.0,18.0,4.0,0.0,1.0,0.0,2023,Udinese,6
2023-04-17,Mon,Serie A,Away,D,1.0,1.0,Fiorentina,,6.0,1.0,20.0,8.0,3.0,0.0,1.0,0.0,2023,Atalanta,0
2023-04-17,Mon,Serie A,Home,D,1.0,1.0,Atalanta,,18.0,7.0,8.0,20.0,1.0,0.0,3.0,0.0,2023,Fiorentina,0
2023-04-21,Fri,Serie A,Away,L,1.0,2.0,Verona,,17.0,7.0,11.0,11.0,4.0,0.0,2.0,0.0,2023,Bologna,4
2023-04-21,Fri,Serie A,Home,W,2.0,1.0,Bologna,,9.0,5.0,11.0,11.0,2.0,0.0,4.0,0.0,2023,Verona,4
2023-04-22,Sat,Serie A,Home,L,0.0,1.0,Torino,,10.0,5.0,13.0,13.0,2.0,0.0,4.0,0.0,2023,Lazio,5
2023-04-22,Sat,Serie A,Home,W,3.0,0.0,Sassuolo,,13.0,5.0,11.0,15.0,1.0,0.0,2.0,0.0,2023,Salernitana,5
2023-04-22,Sat,Serie A,Home,D,1.0,1.0,Spezia,,13.0,3.0,9.0,11.0,1.0,0.0,1.0,0.0,2023,Sampdoria,5
2023-04-22,Sat,Serie A,Away,L,0.0,3.0,Salernitana,,11.0,2.0,15.0,11.0,2.0,0.0,1.0,0.0,2023,Sassuolo,5
2023-04-22,Sat,Serie A,Away,D,1.0,1.0,Sampdoria,,19.0,7.0,11.0,9.0,1.0,0.0,1.0,0.0,2023,Spezia,5
2023-04-22,Sat,Serie A,Away,W,1.0,0.0,Lazio,,7.0,3.0,13.0,13.0,4.0,0.0,2.0,0.0,2023,Torino,5
2023-04-23,Sun,Serie A,Away,L,0.0,3.0,Udinese,,12.0,2.0,11.0,13.0,3.0,0.0,2.0,0.0,2023,Cremonese,6
2023-04-23,Sun,Serie A,Home,L,0.0,3.0,Inter,,11.0,3.0,6.0,13.0,1.0,0.0,1.0,0.0,2023,Empoli,6
2023-04-23,Sun,Serie A,Away,L,2.0,3.0,Monza,,10.0,5.0,15.0,18.0,3.0,0.0,3.0,0.0,2023,Fiorentina,6
2023-04-23,Sun,Serie A,Away,W,3.0,0.0,Empoli,,16.0,4.0,13.0,6.0,1.0,0.0,1.0,0.0,2023,Inter,6
2023-04-23,Sun,Serie A,Home,L,0.0,1.0,Napoli,,7.0,4.0,15.0,11.0,4.0,0.0,1.0,0.0,2023,Juventus,6
2023-04-23,Sun,Serie A,Away,L,0.0,2.0,Milan,,9.0,4.0,10.0,6.0,0.0,0.0,1.0,0.0,2023,Lecce,6
2023-04-23,Sun,Serie A,Home,W,2.0,0.0,Lecce,,8.0,5.0,6.0,10.0,1.0,0.0,0.0,0.0,2023,Milan,6
2023-04-23,Sun,Serie A,Home,W,3.0,2.0,Fiorentina,,13.0,5.0,18.0,15.0,3.0,0.0,3.0,0.0,2023,Monza,6
2023-04-23,Sun,Serie A,Away,W,1.0,0.0,Juventus,,17.0,6.0,11.0,15.0,1.0,0.0,4.0,0.0,2023,Napoli,6
2023-04-23,Sun,Serie A,Home,W,3.0,0.0,Cremonese,,17.0,9.0,13.0,11.0,2.0,0.0,3.0,0.0,2023,Udinese,6
2023-04-24,Mon,Serie A,Home,W,3.0,1.0,Roma,,7.0,4.0,15.0,11.0,3.0,0.0,1.0,0.0,2023,Atalanta,0
2023-04-24,Mon,Serie A,Away,L,1.0,3.0,Atalanta,,14.0,1.0,11.0,15.0,1.0,0.0,3.0,0.0,2023,Roma,0
2023-04-28,Fri,Serie A,Home,W,1.0,0.0,Udinese,,15.0,3.0,21.0,12.0,4.0,0.0,2.0,0.0,2023,Lecce,4
2023-04-28,Fri,Serie A,Away,W,2.0,0.0,Spezia,,8.0,4.0,16.0,10.0,2.0,0.0,1.0,0.0,2023,Monza,4
2023-04-28,Fri,Serie A,Home,L,0.0,2.0,Monza,,12.0,4.0,10.0,16.0,1.0,0.0,2.0,0.0,2023,Spezia,4
2023-04-28,Fri,Serie A,Away,L,0.0,1.0,Lecce,,10.0,3.0,12.0,21.0,2.0,0.0,4.0,0.0,2023,Udinese,4
2023-04-29,Sat,Serie A,Away,W,2.0,1.0,Torino,,9.0,5.0,10.0,6.0,1.0,0.0,1.0,0.0,2023,Atalanta,5
2023-04-29,Sat,Serie A,Away,D,1.0,1.0,Roma,,11.0,1.0,6.0,9.0,2.0,0.0,3.0,0.0,2023,Milan,5
2023-04-29,Sat,Serie A,Home,D,1.0,1.0,Milan,,11.0,1.0,9.0,6.0,3.0,0.0,2.0,0.0,2023,Roma,5
2023-04-29,Sat,Serie A,Home,L,1.0,2.0,Atalanta,,4.0,4.0,6.0,10.0,1.0,0.0,1.0,0.0,2023,Torino,5
2023-04-30,Sun,Serie A,Home,D,1.0,1.0,Juventus,,16.0,6.0,12.0,9.0,2.0,0.0,2.0,0.0,2023,Bologna,6
2023-04-30,Sun,Serie A,Home,D,1.0,1.0,Verona,,12.0,5.0,10.0,16.0,0.0,1.0,0.0,0.0,2023,Cremonese,6
2023-04-30,Sun,Serie A,Away,L,1.0,2.0,Sassuolo,,7.0,1.0,10.0,12.0,1.0,0.0,2.0,1.0,2023,Empoli,6
2023-04-30,Sun,Serie A,Home,W,5.0,0.0,Sampdoria,,23.0,10.0,14.0,9.0,2.0,0.0,1.0,0.0,2023,Fiorentina,6
2023-04-30,Sun,Serie A,Home,W,3.0,1.0,Lazio,,25.0,9.0,13.0,14.0,2.0,0.0,3.0,0.0,2023,Inter,6
2023-04-30,Sun,Serie A,Away,D,1.0,1.0,Bologna,,14.0,5.0,9.0,12.0,2.0,0.0,2.0,0.0,2023,Juventus,6
2023-04-30,Sun,Serie A,Away,L,1.0,3.0,Inter,,9.0,5.0,14.0,13.0,3.0,0.0,2.0,0.0,2023,Lazio,6
2023-04-30,Sun,Serie A,Home,D,1.0,1.0,Salernitana,,24.0,8.0,13.0,11.0,2.0,0.0,2.0,0.0,2023,Napoli,6
2023-04-30,Sun,Serie A,Away,D,1.0,1.0,Napoli,,5.0,2.0,11.0,13.0,2.0,0.0,2.0,0.0,2023,Salernitana,6
2023-04-30,Sun,Serie A,Away,L,0.0,5.0,Fiorentina,,4.0,1.0,9.0,14.0,1.0,0.0,2.0,0.0,2023,Sampdoria,6
2023-04-30,Sun,Serie A,Home,W,2.0,1.0,Empoli,,13.0,4.0,12.0,10.0,2.0,1.0,1.0,0.0,2023,Sassuolo,6
2023-04-30,Sun,Serie A,Away,D,1.0,1.0,Cremonese,,14.0,6.0,16.0,10.0,0.0,0.0,0.0,1.0,2023,Verona,6
2023-05-03,Wed,Serie A,Home,W,3.0,2.0,Spezia,,14.0,6.0,8.0,10.0,0.0,0.0,3.0,0.0,2023,Atalanta,2
2023-05-03,Wed,Serie A,Away,D,1.0,1.0,Milan,,6.0,2.0,12.0,12.0,3.0,1.0,0.0,0.0,2023,Cremonese,2
2023-05-03,Wed,Serie A,Away,D,3.0,3.0,Salernitana,,12.0,3.0,15.0,18.0,5.0,0.0,3.0,0.0,2023,Fiorentina,2
2023-05-03,Wed,Serie A,Away,W,6.0,0.0,Verona,,20.0,10.0,11.0,4.0,0.0,0.0,0.0,0.0,2023,Inter,2
2023-05-03,Wed,Serie A,Home,W,2.0,1.0,Lecce,,16.0,4.0,11.0,10.0,2.0,0.0,2.0,0.0,2023,Juventus,2
2023-05-03,Wed,Serie A,Home,W,2.0,0.0,Sassuolo,,13.0,5.0,13.0,13.0,3.0,0.0,5.0,0.0,2023,Lazio,2
2023-05-03,Wed,Serie A,Away,L,1.0,2.0,Juventus,,14.0,5.0,10.0,11.0,2.0,0.0,2.0,0.0,2023,Lecce,2
2023-05-03,Wed,Serie A,Home,D,1.0,1.0,Cremonese,,18.0,5.0,12.0,12.0,0.0,0.0,3.0,1.0,2023,Milan,2
2023-05-03,Wed,Serie A,Home,D,1.0,1.0,Roma,,8.0,4.0,13.0,15.0,3.0,0.0,4.0,1.0,2023,Monza,2
2023-05-03,Wed,Serie A,Away,D,1.0,1.0,Monza,,14.0,8.0,15.0,13.0,4.0,1.0,3.0,0.0,2023,Roma,2
2023-05-03,Wed,Serie A,Home,D,3.0,3.0,Fiorentina,,4.0,3.0,18.0,15.0,3.0,0.0,5.0,0.0,2023,Salernitana,2
2023-05-03,Wed,Serie A,Home,L,0.0,2.0,Torino,,7.0,0.0,13.0,11.0,3.0,1.0,2.0,0.0,2023,Sampdoria,2
2023-05-03,Wed,Serie A,Away,L,0.0,2.0,Lazio,,13.0,2.0,13.0,13.0,5.0,0.0,3.0,0.0,2023,Sassuolo,2
2023-05-03,Wed,Serie A,Away,L,2.0,3.0,Atalanta,,9.0,4.0,10.0,8.0,3.0,0.0,0.0,0.0,2023,Spezia,2
2023-05-03,Wed,Serie A,Away,W,2.0,0.0,Sampdoria,,12.0,4.0,11.0,13.0,2.0,0.0,3.0,1.0,2023,Torino,2
2023-05-03,Wed,Serie A,Home,L,0.0,6.0,Inter,,7.0,2.0,4.0,11.0,0.0,0.0,0.0,0.0,2023,Verona,2
2023-05-04,Thu,Serie A,Away,L,1.0,3.0,Empoli,,18.0,3.0,16.0,15.0,0.0,0.0,3.0,0.0,2023,Bologna,3
2023-05-04,Thu,Serie A,Home,W,3.0,1.0,Bologna,,13.0,3.0,15.0,16.0,3.0,0.0,0.0,0.0,2023,Empoli,3
2023-05-04,Thu,Serie A,Away,D,1.0,1.0,Udinese,,7.0,4.0,13.0,15.0,0.0,0.0,1.0,0.0,2023,Napoli,3
2023-05-04,Thu,Serie A,Home,D,1.0,1.0,Napoli,,7.0,3.0,15.0,13.0,1.0,0.0,0.0,0.0,2023,Udinese,3
2023-05-06,Sat,Serie A,Home,W,2.0,0.0,Spezia,,9.0,4.0,9.0,6.0,0.0,0.0,2.0,0.0,2023,Cremonese,5
2023-05-06,Sat,Serie A,Away,W,2.0,0.0,Roma,,10.0,4.0,12.0,8.0,2.0,0.0,3.0,0.0,2023,Inter,5
2023-05-06,Sat,Serie A,Away,L,0.0,2.0,Milan,,8.0,0.0,8.0,10.0,4.0,0.0,2.0,0.0,2023,Lazio,5
2023-05-06,Sat,Serie A,Home,W,2.0,0.0,Lazio,,10.0,3.0,10.0,8.0,2.0,0.0,4.0,0.0,2023,Milan,5
2023-05-06,Sat,Serie A,Home,L,0.0,2.0,Inter,,15.0,3.0,8.0,12.0,3.0,0.0,2.0,0.0,2023,Roma,5
2023-05-06,Sat,Serie A,Away,L,0.0,2.0,Cremonese,,18.0,8.0,6.0,9.0,2.0,0.0,0.0,0.0,2023,Spezia,5
2023-05-07,Sun,Serie A,Home,L,0.0,2.0,Juventus,,24.0,1.0,13.0,16.0,1.0,0.0,2.0,0.0,2023,Atalanta,6
2023-05-07,Sun,Serie A,Away,L,0.0,1.0,Napoli,,15.0,3.0,15.0,12.0,0.0,0.0,0.0,0.0,2023,Fiorentina,6
2023-05-07,Sun,Serie A,Away,W,2.0,0.0,Atalanta,,10.0,5.0,16.0,13.0,2.0,0.0,1.0,0.0,2023,Juventus,6
2023-05-07,Sun,Serie A,Home,L,0.0,1.0,Verona,,15.0,2.0,11.0,13.0,2.0,0.0,5.0,0.0,2023,Lecce,6
2023-05-07,Sun,Serie A,Away,D,1.0,1.0,Torino,,10.0,8.0,9.0,16.0,1.0,0.0,2.0,0.0,2023,Monza,6
2023-05-07,Sun,Serie A,Home,W,1.0,0.0,Fiorentina,,10.0,3.0,12.0,15.0,0.0,0.0,0.0,0.0,2023,Napoli,6
2023-05-07,Sun,Serie A,Home,D,1.0,1.0,Monza,,14.0,5.0,16.0,9.0,2.0,0.0,1.0,0.0,2023,Torino,6
2023-05-07,Sun,Serie A,Away,W,1.0,0.0,Lecce,,9.0,3.0,13.0,11.0,5.0,0.0,2.0,0.0,2023,Verona,6
2023-05-08,Mon,Serie A,Away,D,1.0,1.0,Sassuolo,,12.0,3.0,14.0,12.0,1.0,0.0,1.0,0.0,2023,Bologna,0
2023-05-08,Mon,Serie A,Home,W,2.0,1.0,Salernitana,,11.0,4.0,10.0,18.0,2.0,0.0,2.0,0.0,2023,Empoli,0
2023-05-08,Mon,Serie A,Away,L,1.0,2.0,Empoli,,13.0,2.0,18.0,10.0,2.0,0.0,2.0,0.0,2023,Salernitana,0
2023-05-08,Mon,Serie A,Away,L,0.0,2.0,Udinese,,11.0,3.0,12.0,15.0,2.0,0.0,2.0,0.0,2023,Sampdoria,0
2023-05-08,Mon,Serie A,Home,D,1.0,1.0,Bologna,,6.0,2.0,12.0,14.0,1.0,0.0,1.0,0.0,2023,Sassuolo,0
2023-05-08,Mon,Serie A,Home,W,2.0,0.0,Sampdoria,,13.0,6.0,15.0,12.0,2.0,0.0,2.0,0.0,2023,Udinese,0
2023-05-12,Fri,Serie A,Home,D,2.0,2.0,Lecce,,20.0,6.0,11.0,13.0,3.0,0.0,5.0,0.0,2023,Lazio,4
2023-05-12,Fri,Serie A,Away,D,2.0,2.0,Lazio,,13.0,4.0,13.0,11.0,5.0,0.0,3.0,0.0,2023,Lecce,4
2023-05-13,Sat,Serie A,Away,L,0.0,1.0,Salernitana,,13.0,3.0,18.0,9.0,2.0,0.0,2.0,0.0,2023,Atalanta,5
2023-05-13,Sat,Serie A,Home,W,4.0,2.0,Sassuolo,,11.0,3.0,12.0,8.0,2.0,0.0,3.0,0.0,2023,Inter,5
2023-05-13,Sat,Serie A,Away,L,0.0,2.0,Spezia,,14.0,3.0,11.0,15.0,1.0,0.0,1.0,0.0,2023,Milan,5
2023-05-13,Sat,Serie A,Home,W,1.0,0.0,Atalanta,,10.0,4.0,9.0,18.0,2.0,0.0,2.0,0.0,2023,Salernitana,5
2023-05-13,Sat,Serie A,Away,L,2.0,4.0,Inter,,16.0,5.0,8.0,12.0,3.0,0.0,2.0,0.0,2023,Sassuolo,5
2023-05-13,Sat,Serie A,Home,W,2.0,0.0,Milan,,14.0,4.0,15.0,11.0,1.0,0.0,1.0,0.0,2023,Spezia,5
2023-05-14,Sun,Serie A,Home,D,0.0,0.0,Roma,,12.0,3.0,12.0,11.0,2.0,0.0,1.0,0.0,2023,Bologna,6
2023-05-14,Sun,Serie A,Away,L,0.0,2.0,Juventus,,3.0,2.0,5.0,15.0,0.0,0.0,2.0,0.0,2023,Cremonese,6
2023-05-14,Sun,Serie A,Home,W,2.0,0.0,Udinese,,18.0,3.0,15.0,15.0,3.0,1.0,3.0,1.0,2023,Fiorentina,6
2023-05-14,Sun,Serie A,Home,W,2.0,0.0,Cremonese,,24.0,7.0,15.0,5.0,2.0,0.0,0.0,0.0,2023,Juventus,6
2023-05-14,Sun,Serie A,Home,W,2.0,0.0,Napoli,,10.0,4.0,11.0,13.0,1.0,0.0,1.0,0.0,2023,Monza,6
2023-05-14,Sun,Serie A,Away,L,0.0,2.0,Monza,,20.0,7.0,13.0,11.0,1.0,0.0,1.0,0.0,2023,Napoli,6
2023-05-14,Sun,Serie A,Away,D,0.0,0.0,Bologna,,7.0,2.0,11.0,12.0,1.0,0.0,2.0,0.0,2023,Roma,6
2023-05-14,Sun,Serie A,Away,W,1.0,0.0,Verona,,15.0,8.0,17.0,8.0,2.0,0.0,3.0,0.0,2023,Torino,6
2023-05-14,Sun,Serie A,Away,L,0.0,2.0,Fiorentina,,5.0,1.0,15.0,15.0,3.0,1.0,3.0,1.0,2023,Udinese,6
2023-05-14,Sun,Serie A,Home,L,0.0,1.0,Torino,,14.0,4.0,8.0,17.0,3.0,0.0,2.0,0.0,2023,Verona,6
2023-05-15,Mon,Serie A,Away,D,1.0,1.0,Sampdoria,,16.0,4.0,14.0,16.0,4.0,0.0,3.0,0.0,2023,Empoli,0
2023-05-15,Mon,Serie A,Home,D,1.0,1.0,Empoli,,13.0,3.0,16.0,14.0,3.0,0.0,4.0,0.0,2023,Sampdoria,0
2023-05-19,Fri,Serie A,Away,W,2.0,1.0,Sassuolo,,16.0,5.0,17.0,10.0,5.0,0.0,2.0,1.0,2023,Monza,4
2023-05-19,Fri,Serie A,Home,L,1.0,2.0,Monza,,13.0,4.0,10.0,17.0,2.0,1.0,5.0,0.0,2023,Sassuolo,4
2023-05-20,Sat,Serie A,Home,W,3.0,1.0,Verona,,13.0,5.0,9.0,11.0,1.0,0.0,3.0,0.0,2023,Atalanta,5
2023-05-20,Sat,Serie A,Away,W,5.0,1.0,Cremonese,,19.0,9.0,13.0,7.0,2.0,1.0,1.0,0.0,2023,Bologna,5
2023-05-20,Sat,Serie A,Home,L,1.0,5.0,Bologna,,13.0,2.0,7.0,13.0,1.0,0.0,2.0,1.0,2023,Cremonese,5
2023-05-20,Sat,Serie A,Home,W,5.0,1.0,Sampdoria,,19.0,9.0,9.0,10.0,1.0,0.0,3.0,0.0,2023,Milan,5
2023-05-20,Sat,Serie A,Away,L,1.0,5.0,Milan,,6.0,3.0,10.0,9.0,3.0,0.0,1.0,0.0,2023,Sampdoria,5
2023-05-20,Sat,Serie A,Away,L,1.0,3.0,Atalanta,,10.0,2.0,11.0,9.0,3.0,0.0,1.0,0.0,2023,Verona,5
2023-05-21,Sun,Serie A,Away,D,1.0,1.0,Torino,,8.0,1.0,11.0,9.0,2.0,0.0,1.0,0.0,2023,Fiorentina,6
2023-05-21,Sun,Serie A,Away,L,1.0,3.0,Napoli,,6.0,2.0,14.0,10.0,2.0,1.0,1.0,0.0,2023,Inter,6
2023-05-21,Sun,Serie A,Away,W,1.0,0.0,Udinese,,14.0,4.0,9.0,15.0,1.0,0.0,3.0,0.0,2023,Lazio,6
2023-05-21,Sun,Serie A,Home,D,0.0,0.0,Spezia,,6.0,1.0,15.0,16.0,2.0,0.0,3.0,0.0,2023,Lecce,6
2023-05-21,Sun,Serie A,Home,W,3.0,1.0,Inter,,22.0,9.0,10.0,14.0,1.0,0.0,2.0,1.0,2023,Napoli,6
2023-05-21,Sun,Serie A,Away,D,0.0,0.0,Lecce,,14.0,0.0,16.0,15.0,3.0,0.0,2.0,0.0,2023,Spezia,6
2023-05-21,Sun,Serie A,Home,D,1.0,1.0,Fiorentina,,10.0,4.0,9.0,11.0,1.0,0.0,2.0,0.0,2023,Torino,6
2023-05-21,Sun,Serie A,Home,L,0.0,1.0,Lazio,,12.0,2.0,15.0,9.0,3.0,0.0,1.0,0.0,2023,Udinese,6
2023-05-22,Mon,Serie A,Home,W,4.0,1.0,Juventus,,14.0,7.0,20.0,19.0,2.0,0.0,2.0,0.0,2023,Empoli,0
2023-05-22,Mon,Serie A,Away,L,1.0,4.0,Empoli,,19.0,4.0,19.0,20.0,2.0,0.0,2.0,0.0,2023,Juventus,0
2023-05-22,Mon,Serie A,Home,D,2.0,2.0,Salernitana,,22.0,5.0,9.0,14.0,1.0,0.0,4.0,0.0,2023,Roma,0
2023-05-22,Mon,Serie A,Away,D,2.0,2.0,Roma,,8.0,3.0,14.0,9.0,4.0,0.0,1.0,0.0,2023,Salernitana,0
2023-05-26,Fri,Serie A,Home,D,2.0,2.0,Sassuolo,,17.0,3.0,14.0,10.0,1.0,0.0,2.0,0.0,2023,Sampdoria,4
2023-05-26,Fri,Serie A,Away,D,2.0,2.0,Sampdoria,,22.0,8.0,10.0,14.0,2.0,0.0,1.0,0.0,2023,Sassuolo,4
2023-05-27,Sat,Serie A,Away,L,2.0,3.0,Inter,,11.0,3.0,18.0,8.0,1.0,0.0,0.0,0.0,2023,Atalanta,5
2023-05-27,Sat,Serie A,Home,W,2.0,1.0,Roma,,15.0,5.0,11.0,12.0,5.0,0.0,3.0,0.0,2023,Fiorentina,5
2023-05-27,Sat,Serie A,Home,W,3.0,2.0,Atalanta,,20.0,11.0,8.0,18.0,0.0,0.0,1.0,0.0,2023,Inter,5
2023-05-27,Sat,Serie A,Away,L,1.0,2.0,Fiorentina,,8.0,4.0,12.0,11.0,3.0,0.0,5.0,0.0,2023,Roma,5
2023-05-27,Sat,Serie A,Home,W,3.0,2.0,Udinese,,11.0,3.0,12.0,22.0,3.0,0.0,3.0,1.0,2023,Salernitana,5
2023-05-27,Sat,Serie A,Home,L,0.0,4.0,Torino,,8.0,1.0,14.0,13.0,2.0,0.0,2.0,0.0,2023,Spezia,5
2023-05-27,Sat,Serie A,Away,W,4.0,0.0,Spezia,,11.0,4.0,13.0,14.0,2.0,0.0,2.0,0.0,2023,Torino,5
2023-05-27,Sat,Serie A,Away,L,2.0,3.0,Salernitana,,10.0,4.0,22.0,12.0,3.0,1.0,3.0,0.0,2023,Udinese,5
2023-05-28,Sun,Serie A,Home,D,2.0,2.0,Napoli,,18.0,6.0,17.0,10.0,1.0,0.0,3.0,0.0,2023,Bologna,6
2023-05-28,Sun,Serie A,Away,L,2.0,3.0,Lazio,,11.0,5.0,8.0,15.0,2.0,0.0,2.0,1.0,2023,Cremonese,6
2023-05-28,Sun,Serie A,Away,D,1.0,1.0,Verona,,13.0,3.0,10.0,14.0,0.0,0.0,4.0,0.0,2023,Empoli,6
2023-05-28,Sun,Serie A,Home,L,0.0,1.0,Milan,,16.0,3.0,12.0,10.0,1.0,0.0,2.0,0.0,2023,Juventus,6
2023-05-28,Sun,Serie A,Home,W,3.0,2.0,Cremonese,,12.0,8.0,15.0,8.0,2.0,1.0,2.0,0.0,2023,Lazio,6
2023-05-28,Sun,Serie A,Away,W,1.0,0.0,Monza,,9.0,1.0,20.0,11.0,3.0,0.0,2.0,0.0,2023,Lecce,6
2023-05-28,Sun,Serie A,Away,W,1.0,0.0,Juventus,,9.0,3.0,10.0,12.0,2.0,0.0,1.0,0.0,2023,Milan,6
2023-05-28,Sun,Serie A,Home,L,0.0,1.0,Lecce,,5.0,1.0,11.0,20.0,2.0,0.0,3.0,0.0,2023,Monza,6
2023-05-28,Sun,Serie A,Away,D,2.0,2.0,Bologna,,11.0,8.0,10.0,17.0,3.0,0.0,1.0,0.0,2023,Napoli,6
2023-05-28,Sun,Serie A,Home,D,1.0,1.0,Empoli,,13.0,4.0,14.0,10.0,4.0,0.0,0.0,0.0,2023,Verona,6
2023-06-02,Fri,Serie A,Away,W,3.0,1.0,Sassuolo,,15.0,7.0,15.0,7.0,4.0,0.0,4.0,2.0,2023,Fiorentina,4
2023-06-02,Fri,Serie A,Home,L,1.0,3.0,Fiorentina,,5.0,2.0,7.0,15.0,4.0,2.0,4.0,0.0,2023,Sassuolo,4
2023-06-03,Sat,Serie A,Home,W,2.0,0.0,Salernitana,,12.0,4.0,15.0,12.0,1.0,0.0,2.0,0.0,2023,Cremonese,5
2023-06-03,Sat,Serie A,Home,L,0.0,2.0,Lazio,,7.0,1.0,7.0,10.0,3.0,1.0,2.0,0.0,2023,Empoli,5
2023-06-03,Sat,Serie A,Away,W,1.0,0.0,Torino,,14.0,4.0,7.0,6.0,2.0,0.0,1.0,0.0,2023,Inter,5
2023-06-03,Sat,Serie A,Away,W,2.0,0.0,Empoli,,21.0,11.0,10.0,7.0,2.0,0.0,3.0,1.0,2023,Lazio,5
2023-06-03,Sat,Serie A,Away,L,0.0,2.0,Cremonese,,11.0,1.0,12.0,15.0,2.0,0.0,1.0,0.0,2023,Salernitana,5
2023-06-03,Sat,Serie A,Home,L,0.0,1.0,Inter,,17.0,5.0,6.0,7.0,1.0,0.0,2.0,0.0,2023,Torino,5
2023-06-04,Sun,Serie A,Home,W,5.0,2.0,Monza,,20.0,10.0,13.0,8.0,1.0,0.0,2.0,1.0,2023,Atalanta,6
2023-06-04,Sun,Serie A,Away,W,3.0,2.0,Lecce,,11.0,7.0,9.0,11.0,3.0,0.0,1.0,0.0,2023,Bologna,6
2023-06-04,Sun,Serie A,Away,W,1.0,0.0,Udinese,,20.0,5.0,11.0,9.0,2.0,0.0,2.0,0.0,2023,Juventus,6
2023-06-04,Sun,Serie A,Home,L,2.0,3.0,Bologna,,20.0,7.0,11.0,9.0,1.0,0.0,3.0,0.0,2023,Lecce,6
2023-06-04,Sun,Serie A,Home,W,3.0,1.0,Verona,,14.0,5.0,5.0,18.0,1.0,0.0,4.0,0.0,2023,Milan,6
2023-06-04,Sun,Serie A,Away,L,2.0,5.0,Atalanta,,8.0,4.0,8.0,13.0,2.0,1.0,1.0,0.0,2023,Monza,6
2023-06-04,Sun,Serie A,Home,W,2.0,0.0,Sampdoria,,21.0,9.0,7.0,7.0,0.0,0.0,1.0,0.0,2023,Napoli,6
2023-06-04,Sun,Serie A,Home,W,2.0,1.0,Spezia,,19.0,5.0,14.0,17.0,2.0,0.0,8.0,1.0,2023,Roma,6
2023-06-04,Sun,Serie A,Away,L,0.0,2.0,Napoli,,6.0,4.0,7.0,7.0,1.0,0.0,0.0,0.0,2023,Sampdoria,6
2023-06-04,Sun,Serie A,Away,L,1.0,2.0,Roma,,8.0,2.0,17.0,14.0,8.0,1.0,2.0,0.0,2023,Spezia,6
2023-06-04,Sun,Serie A,Home,L,0.0,1.0,Juventus,,13.0,3.0,9.0,11.0,2.0,0.0,2.0,0.0,2023,Udinese,6
2023-06-04,Sun,Serie A,Away,L,1.0,3.0,Milan,,6.0,1.0,18.0,5.0,4.0,0.0,1.0,0.0,2023,Verona,6
2023-08-19,Sat,Serie A,Home,L,0.0,1.0,Verona,,10.0,4.0,17.0,18.0,2.0,0.0,2.0,0.0,2024,Empoli,5
2023-08-19,Sat,Serie A,Away,W,4.0,1.0,Genoa,,9.0,5.0,13.0,14.0,3.0,0.0,2.0,0.0,2024,Fiorentina,5
2023-08-19,Sat,Serie A,Home,L,1.0,3.0,Napoli,,4.0,1.0,14.0,17.0,3.0,0.0,3.0,0.0,2024,Frosinone,5
2023-08-19,Sat,Serie A,Home,L,1.0,4.0,Fiorentina,,4.0,2.0,14.0,13.0,2.0,0.0,3.0,0.0,2024,Genoa,5
2023-08-19,Sat,Serie A,Home,W,2.0,0.0,Monza,,22.0,3.0,8.0,13.0,1.0,0.0,1.0,0.0,2024,Inter,5
2023-08-19,Sat,Serie A,Away,L,0.0,2.0,Inter,,12.0,2.0,13.0,8.0,1.0,0.0,1.0,0.0,2024,Monza,5
2023-08-19,Sat,Serie A,Away,W,3.0,1.0,Frosinone,,19.0,8.0,17.0,14.0,3.0,0.0,3.0,0.0,2024,Napoli,5
2023-08-19,Sat,Serie A,Away,W,1.0,0.0,Empoli,,10.0,4.0,18.0,17.0,2.0,0.0,2.0,0.0,2024,Verona,5
2023-08-20,Sun,Serie A,Away,W,2.0,0.0,Sassuolo,,16.0,6.0,13.0,9.0,0.0,0.0,0.0,0.0,2024,Atalanta,6
2023-08-20,Sun,Serie A,Away,W,3.0,0.0,Udinese,,9.0,4.0,10.0,12.0,3.0,0.0,1.0,0.0,2024,Juventus,6
2023-08-20,Sun,Serie A,Away,L,1.0,2.0,Lecce,,10.0,4.0,16.0,12.0,2.0,0.0,3.0,0.0,2024,Lazio,6
2023-08-20,Sun,Serie A,Home,W,2.0,1.0,Lazio,,23.0,7.0,12.0,16.0,3.0,0.0,2.0,0.0,2024,Lecce,6
2023-08-20,Sun,Serie A,Home,D,2.0,2.0,Salernitana,,13.0,3.0,12.0,9.0,0.0,0.0,4.0,0.0,2024,Roma,6
2023-08-20,Sun,Serie A,Away,D,2.0,2.0,Roma,,3.0,2.0,9.0,12.0,4.0,0.0,0.0,0.0,2024,Salernitana,6
2023-08-20,Sun,Serie A,Home,L,0.0,2.0,Atalanta,,11.0,3.0,9.0,13.0,0.0,0.0,0.0,0.0,2024,Sassuolo,6
2023-08-20,Sun,Serie A,Home,L,0.0,3.0,Juventus,,18.0,5.0,12.0,10.0,1.0,0.0,3.0,0.0,2024,Udinese,6
2023-08-21,Mon,Serie A,Home,L,0.0,2.0,Milan,,17.0,5.0,10.0,4.0,2.0,0.0,2.0,0.0,2024,Bologna,0
2023-08-21,Mon,Serie A,Away,D,0.0,0.0,Torino,,8.0,2.0,12.0,8.0,1.0,0.0,1.0,0.0,2024,Cagliari,0
2023-08-21,Mon,Serie A,Away,W,2.0,0.0,Bologna,,10.0,6.0,4.0,10.0,2.0,0.0,2.0,0.0,2024,Milan,0
2023-08-21,Mon,Serie A,Home,D,0.0,0.0,Cagliari,,11.0,2.0,8.0,12.0,1.0,0.0,1.0,0.0,2024,Torino,0
2023-08-26,Sat,Serie A,Away,L,1.0,2.0,Frosinone,,18.0,6.0,10.0,10.0,2.0,0.0,1.0,0.0,2024,Atalanta,5
2023-08-26,Sat,Serie A,Away,L,0.0,2.0,Monza,,18.0,6.0,7.0,14.0,2.0,0.0,1.0,0.0,2024,Empoli,5
2023-08-26,Sat,Serie A,Home,W,2.0,1.0,Atalanta,,13.0,5.0,10.0,10.0,1.0,0.0,2.0,0.0,2024,Frosinone,5
2023-08-26,Sat,Serie A,Home,W,4.0,1.0,Torino,,17.0,7.0,13.0,16.0,2.0,0.0,3.0,0.0,2024,Milan,5
2023-08-26,Sat,Serie A,Home,W,2.0,0.0,Empoli,,20.0,5.0,14.0,7.0,1.0,0.0,2.0,0.0,2024,Monza,5
2023-08-26,Sat,Serie A,Away,L,1.0,2.0,Verona,,23.0,7.0,12.0,17.0,3.0,0.0,1.0,1.0,2024,Roma,5
2023-08-26,Sat,Serie A,Away,L,1.0,4.0,Milan,,8.0,1.0,16.0,13.0,3.0,0.0,2.0,0.0,2024,Torino,5
2023-08-26,Sat,Serie A,Home,W,2.0,1.0,Roma,,5.0,3.0,17.0,12.0,1.0,1.0,3.0,0.0,2024,Verona,5
2023-08-27,Sun,Serie A,Away,D,1.0,1.0,Juventus,,9.0,4.0,13.0,14.0,1.0,0.0,2.0,0.0,2024,Bologna,6
2023-08-27,Sun,Serie A,Home,D,2.0,2.0,Lecce,,9.0,4.0,13.0,12.0,1.0,0.0,3.0,0.0,2024,Fiorentina,6
2023-08-27,Sun,Serie A,Away,W,1.0,0.0,Lazio,,5.0,3.0,16.0,9.0,2.0,0.0,4.0,0.0,2024,Genoa,6
2023-08-27,Sun,Serie A,Home,D,1.0,1.0,Bologna,,14.0,3.0,14.0,13.0,2.0,0.0,1.0,0.0,2024,Juventus,6
2023-08-27,Sun,Serie A,Home,L,0.0,1.0,Genoa,,16.0,2.0,9.0,16.0,4.0,0.0,2.0,0.0,2024,Lazio,6
2023-08-27,Sun,Serie A,Away,D,2.0,2.0,Fiorentina,,6.0,2.0,12.0,13.0,3.0,0.0,1.0,0.0,2024,Lecce,6
2023-08-27,Sun,Serie A,Home,W,2.0,0.0,Sassuolo,,25.0,5.0,9.0,10.0,0.0,0.0,1.0,1.0,2024,Napoli,6
2023-08-27,Sun,Serie A,Away,L,0.0,2.0,Napoli,,6.0,1.0,10.0,9.0,1.0,1.0,0.0,0.0,2024,Sassuolo,6
2023-08-28,Mon,Serie A,Home,L,0.0,2.0,Inter,,12.0,2.0,9.0,10.0,1.0,0.0,1.0,0.0,2024,Cagliari,0
2023-08-28,Mon,Serie A,Away,W,2.0,0.0,Cagliari,,17.0,3.0,10.0,9.0,1.0,0.0,1.0,0.0,2024,Inter,0
2023-08-28,Mon,Serie A,Home,D,1.0,1.0,Udinese,,9.0,4.0,12.0,19.0,4.0,0.0,4.0,0.0,2024,Salernitana,0
2023-08-28,Mon,Serie A,Away,D,1.0,1.0,Salernitana,,14.0,6.0,19.0,12.0,4.0,0.0,4.0,0.0,2024,Udinese,0
2023-09-01,Fri,Serie A,Away,W,2.0,1.0,Roma,,9.0,4.0,15.0,14.0,4.0,1.0,2.0,0.0,2024,Milan,4
2023-09-01,Fri,Serie A,Home,L,1.0,2.0,Milan,,13.0,2.0,14.0,15.0,2.0,0.0,4.0,1.0,2024,Roma,4
2023-09-01,Fri,Serie A,Home,W,3.0,1.0,Verona,,16.0,7.0,8.0,13.0,1.0,0.0,3.0,0.0,2024,Sassuolo,4
2023-09-01,Fri,Serie A,Away,L,1.0,3.0,Sassuolo,,11.0,3.0,13.0,8.0,3.0,0.0,1.0,0.0,2024,Verona,4
2023-09-02,Sat,Serie A,Home,W,3.0,0.0,Monza,,18.0,8.0,11.0,9.0,0.0,0.0,3.0,0.0,2024,Atalanta,5
2023-09-02,Sat,Serie A,Home,W,2.0,1.0,Cagliari,,16.0,7.0,9.0,13.0,1.0,0.0,2.0,0.0,2024,Bologna,5
2023-09-02,Sat,Serie A,Away,L,1.0,2.0,Bologna,,7.0,1.0,13.0,9.0,2.0,0.0,1.0,0.0,2024,Cagliari,5
2023-09-02,Sat,Serie A,Away,D,0.0,0.0,Udinese,,12.0,2.0,9.0,14.0,2.0,0.0,2.0,0.0,2024,Frosinone,5
2023-09-02,Sat,Serie A,Away,W,2.0,1.0,Napoli,,6.0,2.0,9.0,8.0,2.0,0.0,1.0,0.0,2024,Lazio,5
2023-09-02,Sat,Serie A,Away,L,0.0,3.0,Atalanta,,8.0,2.0,9.0,11.0,3.0,0.0,0.0,0.0,2024,Monza,5
2023-09-02,Sat,Serie A,Home,L,1.0,2.0,Lazio,,22.0,4.0,8.0,9.0,1.0,0.0,2.0,0.0,2024,Napoli,5
2023-09-02,Sat,Serie A,Home,D,0.0,0.0,Frosinone,,12.0,6.0,14.0,9.0,2.0,0.0,2.0,0.0,2024,Udinese,5
2023-09-03,Sun,Serie A,Home,L,0.0,2.0,Juventus,,7.0,0.0,14.0,13.0,3.0,0.0,3.0,0.0,2024,Empoli,6
2023-09-03,Sun,Serie A,Away,L,0.0,4.0,Inter,,6.0,2.0,12.0,13.0,1.0,0.0,1.0,0.0,2024,Fiorentina,6
2023-09-03,Sun,Serie A,Away,L,0.0,1.0,Torino,,7.0,2.0,7.0,13.0,5.0,0.0,2.0,0.0,2024,Genoa,6
2023-09-03,Sun,Serie A,Home,W,4.0,0.0,Fiorentina,,21.0,11.0,13.0,12.0,1.0,0.0,1.0,0.0,2024,Inter,6
2023-09-03,Sun,Serie A,Away,W,2.0,0.0,Empoli,,18.0,5.0,13.0,14.0,3.0,0.0,3.0,0.0,2024,Juventus,6
2023-09-03,Sun,Serie A,Home,W,2.0,0.0,Salernitana,,20.0,6.0,17.0,15.0,3.0,0.0,3.0,0.0,2024,Lecce,6
2023-09-03,Sun,Serie A,Away,L,0.0,2.0,Lecce,,11.0,4.0,15.0,17.0,3.0,0.0,3.0,0.0,2024,Salernitana,6
2023-09-03,Sun,Serie A,Home,W,1.0,0.0,Genoa,,10.0,3.0,13.0,7.0,2.0,0.0,5.0,0.0,2024,Torino,6
2023-09-16,Sat,Serie A,Home,D,2.0,2.0,Napoli,,8.0,3.0,14.0,8.0,3.0,0.0,2.0,0.0,2024,Genoa,5
2023-09-16,Sat,Serie A,Home,W,5.0,1.0,Milan,,14.0,7.0,16.0,13.0,2.0,0.0,2.0,0.0,2024,Inter,5
2023-09-16,Sat,Serie A,Home,W,3.0,1.0,Lazio,,17.0,7.0,13.0,13.0,5.0,0.0,1.0,0.0,2024,Juventus,5
2023-09-16,Sat,Serie A,Away,L,1.0,3.0,Juventus,,16.0,5.0,13.0,13.0,1.0,0.0,5.0,0.0,2024,Lazio,5
2023-09-16,Sat,Serie A,Away,L,1.0,5.0,Inter,,9.0,2.0,13.0,16.0,2.0,0.0,2.0,0.0,2024,Milan,5
2023-09-16,Sat,Serie A,Away,D,2.0,2.0,Genoa,,12.0,4.0,8.0,14.0,2.0,0.0,3.0,0.0,2024,Napoli,5
2023-09-17,Sun,Serie A,Away,L,2.0,3.0,Fiorentina,,11.0,4.0,14.0,8.0,2.0,0.0,1.0,0.0,2024,Atalanta,6
2023-09-17,Sun,Serie A,Home,D,0.0,0.0,Udinese,,10.0,1.0,12.0,11.0,2.0,1.0,1.0,0.0,2024,Cagliari,6
2023-09-17,Sun,Serie A,Away,L,0.0,7.0,Roma,,8.0,2.0,5.0,15.0,2.0,0.0,2.0,0.0,2024,Empoli,6
2023-09-17,Sun,Serie A,Home,W,3.0,2.0,Atalanta,,15.0,8.0,8.0,14.0,1.0,0.0,2.0,0.0,2024,Fiorentina,6
2023-09-17,Sun,Serie A,Home,W,4.0,2.0,Sassuolo,,16.0,6.0,10.0,9.0,4.0,0.0,2.0,0.0,2024,Frosinone,6
2023-09-17,Sun,Serie A,Away,D,1.0,1.0,Monza,,4.0,3.0,11.0,17.0,1.0,1.0,6.0,1.0,2024,Lecce,6
2023-09-17,Sun,Serie A,Home,D,1.0,1.0,Lecce,,25.0,6.0,17.0,11.0,6.0,1.0,1.0,1.0,2024,Monza,6
2023-09-17,Sun,Serie A,Home,W,7.0,0.0,Empoli,,14.0,9.0,15.0,5.0,2.0,0.0,2.0,0.0,2024,Roma,6
2023-09-17,Sun,Serie A,Away,L,2.0,4.0,Frosinone,,18.0,7.0,9.0,10.0,2.0,0.0,4.0,0.0,2024,Sassuolo,6
2023-09-17,Sun,Serie A,Away,D,0.0,0.0,Cagliari,,11.0,1.0,11.0,12.0,1.0,0.0,2.0,1.0,2024,Udinese,6
2023-09-18,Mon,Serie A,Away,D,0.0,0.0,Verona,,11.0,4.0,10.0,18.0,2.0,0.0,4.0,0.0,2024,Bologna,0
2023-09-18,Mon,Serie A,Home,L,0.0,3.0,Torino,,14.0,4.0,12.0,16.0,2.0,0.0,2.0,0.0,2024,Salernitana,0
2023-09-18,Mon,Serie A,Away,W,3.0,0.0,Salernitana,,11.0,3.0,16.0,12.0,2.0,0.0,2.0,0.0,2024,Torino,0
2023-09-18,Mon,Serie A,Home,D,0.0,0.0,Bologna,,9.0,1.0,18.0,10.0,4.0,0.0,2.0,0.0,2024,Verona,0
2023-09-22,Fri,Serie A,Away,D,1.0,1.0,Salernitana,,9.0,3.0,12.0,12.0,2.0,0.0,2.0,0.0,2024,Frosinone,4
2023-09-22,Fri,Serie A,Away,L,0.0,1.0,Lecce,,8.0,1.0,10.0,12.0,3.0,1.0,1.0,0.0,2024,Genoa,4
2023-09-22,Fri,Serie A,Home,W,1.0,0.0,Genoa,,18.0,3.0,12.0,10.0,1.0,0.0,3.0,1.0,2024,Lecce,4
2023-09-22,Fri,Serie A,Home,D,1.0,1.0,Frosinone,,19.0,6.0,12.0,12.0,2.0,0.0,2.0,0.0,2024,Salernitana,4
2023-09-23,Sat,Serie A,Away,L,2.0,4.0,Sassuolo,,15.0,2.0,8.0,13.0,2.0,0.0,4.0,0.0,2024,Juventus,5
2023-09-23,Sat,Serie A,Home,D,1.0,1.0,Monza,,8.0,1.0,13.0,7.0,2.0,0.0,2.0,0.0,2024,Lazio,5
2023-09-23,Sat,Serie A,Home,W,1.0,0.0,Verona,,9.0,4.0,13.0,9.0,4.0,0.0,2.0,0.0,2024,Milan,5
2023-09-23,Sat,Serie A,Away,D,1.0,1.0,Lazio,,16.0,4.0,7.0,13.0,2.0,0.0,2.0,0.0,2024,Monza,5
2023-09-23,Sat,Serie A,Home,W,4.0,2.0,Juventus,,18.0,7.0,13.0,8.0,4.0,0.0,2.0,0.0,2024,Sassuolo,5
2023-09-23,Sat,Serie A,Away,L,0.0,1.0,Milan,,10.0,2.0,9.0,13.0,2.0,0.0,4.0,0.0,2024,Verona,5
2023-09-24,Sun,Serie A,Home,W,2.0,0.0,Cagliari,,10.0,6.0,6.0,11.0,1.0,0.0,2.0,0.0,2024,Atalanta,6
2023-09-24,Sun,Serie A,Home,D,0.0,0.0,Napoli,,5.0,2.0,16.0,12.0,4.0,0.0,5.0,0.0,2024,Bologna,6
2023-09-24,Sun,Serie A,Away,L,0.0,2.0,Atalanta,,11.0,1.0,11.0,6.0,2.0,0.0,1.0,0.0,2024,Cagliari,6
2023-09-24,Sun,Serie A,Home,L,0.0,1.0,Inter,,7.0,1.0,15.0,11.0,2.0,0.0,2.0,0.0,2024,Empoli,6
2023-09-24,Sun,Serie A,Away,W,2.0,0.0,Udinese,,6.0,2.0,11.0,13.0,1.0,0.0,0.0,0.0,2024,Fiorentina,6
2023-09-24,Sun,Serie A,Away,W,1.0,0.0,Empoli,,23.0,6.0,11.0,15.0,2.0,0.0,2.0,0.0,2024,Inter,6
2023-09-24,Sun,Serie A,Away,D,0.0,0.0,Bologna,,12.0,4.0,12.0,16.0,5.0,0.0,4.0,0.0,2024,Napoli,6
2023-09-24,Sun,Serie A,Away,D,1.0,1.0,Torino,,11.0,3.0,5.0,4.0,2.0,0.0,0.0,0.0,2024,Roma,6
2023-09-24,Sun,Serie A,Home,D,1.0,1.0,Roma,,13.0,4.0,4.0,5.0,0.0,0.0,2.0,0.0,2024,Torino,6
2023-09-24,Sun,Serie A,Home,L,0.0,2.0,Fiorentina,,20.0,8.0,13.0,11.0,0.0,0.0,1.0,0.0,2024,Udinese,6
2023-09-26,Tue,Serie A,Home,W,1.0,0.0,Lecce,,14.0,5.0,14.0,15.0,2.0,0.0,5.0,1.0,2024,Juventus,1
2023-09-26,Tue,Serie A,Away,L,0.0,1.0,Juventus,,2.0,0.0,15.0,14.0,5.0,1.0,2.0,0.0,2024,Lecce,1
2023-09-27,Wed,Serie A,Away,W,1.0,0.0,Verona,,8.0,2.0,25.0,10.0,3.0,0.0,2.0,0.0,2024,Atalanta,2
2023-09-27,Wed,Serie A,Home,L,1.0,3.0,Milan,,16.0,6.0,13.0,6.0,3.0,0.0,1.0,0.0,2024,Cagliari,2
2023-09-27,Wed,Serie A,Home,W,1.0,0.0,Salernitana,,13.0,6.0,18.0,13.0,2.0,0.0,1.0,0.0,2024,Empoli,2
2023-09-27,Wed,Serie A,Home,L,1.0,2.0,Sassuolo,,13.0,3.0,10.0,8.0,0.0,0.0,1.0,0.0,2024,Inter,2
2023-09-27,Wed,Serie A,Home,W,2.0,0.0,Torino,,6.0,3.0,12.0,13.0,1.0,0.0,4.0,0.0,2024,Lazio,2
2023-09-27,Wed,Serie A,Away,W,3.0,1.0,Cagliari,,17.0,6.0,6.0,13.0,1.0,0.0,3.0,0.0,2024,Milan,2
2023-09-27,Wed,Serie A,Home,W,4.0,1.0,Udinese,,23.0,10.0,11.0,10.0,1.0,0.0,1.0,0.0,2024,Napoli,2
2023-09-27,Wed,Serie A,Away,L,0.0,1.0,Empoli,,14.0,2.0,13.0,18.0,1.0,0.0,2.0,0.0,2024,Salernitana,2
2023-09-27,Wed,Serie A,Away,W,2.0,1.0,Inter,,13.0,6.0,8.0,10.0,1.0,0.0,0.0,0.0,2024,Sassuolo,2
2023-09-27,Wed,Serie A,Away,L,0.0,2.0,Lazio,,7.0,2.0,13.0,12.0,4.0,0.0,1.0,0.0,2024,Torino,2
2023-09-27,Wed,Serie A,Away,L,1.0,4.0,Napoli,,13.0,3.0,10.0,11.0,1.0,0.0,1.0,0.0,2024,Udinese,2
2023-09-27,Wed,Serie A,Home,L,0.0,1.0,Atalanta,,11.0,2.0,10.0,25.0,2.0,0.0,3.0,0.0,2024,Verona,2
2023-09-28,Thu,Serie A,Away,D,0.0,0.0,Monza,,7.0,5.0,13.0,9.0,3.0,1.0,5.0,0.0,2024,Bologna,3
2023-09-28,Thu,Serie A,Away,D,1.0,1.0,Frosinone,,19.0,6.0,11.0,6.0,3.0,0.0,3.0,0.0,2024,Fiorentina,3
2023-09-28,Thu,Serie A,Home,D,1.0,1.0,Fiorentina,,11.0,3.0,6.0,11.0,3.0,0.0,3.0,0.0,2024,Frosinone,3
2023-09-28,Thu,Serie A,Home,W,4.0,1.0,Roma,,8.0,4.0,7.0,12.0,4.0,0.0,3.0,0.0,2024,Genoa,3
2023-09-28,Thu,Serie A,Home,D,0.0,0.0,Bologna,,12.0,3.0,9.0,13.0,5.0,0.0,3.0,1.0,2024,Monza,3
2023-09-28,Thu,Serie A,Away,L,1.0,4.0,Genoa,,13.0,3.0,12.0,7.0,3.0,0.0,4.0,0.0,2024,Roma,3
2023-09-30,Sat,Serie A,Away,W,4.0,0.0,Salernitana,,16.0,6.0,10.0,12.0,1.0,0.0,2.0,0.0,2024,Inter,5
2023-09-30,Sat,Serie A,Away,L,0.0,2.0,Milan,,13.0,4.0,5.0,15.0,2.0,0.0,3.0,0.0,2024,Lazio,5
2023-09-30,Sat,Serie A,Home,L,0.0,4.0,Napoli,,9.0,4.0,11.0,11.0,3.0,0.0,2.0,0.0,2024,Lecce,5
2023-09-30,Sat,Serie A,Home,W,2.0,0.0,Lazio,,14.0,7.0,15.0,5.0,3.0,0.0,2.0,0.0,2024,Milan,5
2023-09-30,Sat,Serie A,Away,W,4.0,0.0,Lecce,,15.0,6.0,11.0,11.0,2.0,0.0,3.0,0.0,2024,Napoli,5
2023-09-30,Sat,Serie A,Home,L,0.0,4.0,Inter,,12.0,3.0,12.0,10.0,2.0,0.0,1.0,0.0,2024,Salernitana,5
2023-10-01,Sun,Serie A,Home,D,0.0,0.0,Juventus,,15.0,2.0,13.0,7.0,1.0,0.0,2.0,0.0,2024,Atalanta,6
2023-10-01,Sun,Serie A,Home,W,3.0,0.0,Empoli,,21.0,9.0,11.0,16.0,2.0,0.0,4.0,0.0,2024,Bologna,6
2023-10-01,Sun,Serie A,Away,L,0.0,3.0,Bologna,,12.0,4.0,16.0,11.0,4.0,0.0,2.0,0.0,2024,Empoli,6
2023-10-01,Sun,Serie A,Away,L,0.0,2.0,Roma,,8.0,0.0,11.0,12.0,2.0,0.0,1.0,0.0,2024,Frosinone,6
2023-10-01,Sun,Serie A,Away,D,2.0,2.0,Udinese,,8.0,4.0,12.0,12.0,2.0,0.0,2.0,1.0,2024,Genoa,6
2023-10-01,Sun,Serie A,Away,D,0.0,0.0,Atalanta,,5.0,3.0,7.0,13.0,2.0,0.0,1.0,0.0,2024,Juventus,6
2023-10-01,Sun,Serie A,Home,W,2.0,0.0,Frosinone,,11.0,5.0,12.0,11.0,1.0,0.0,2.0,0.0,2024,Roma,6
2023-10-01,Sun,Serie A,Home,D,2.0,2.0,Genoa,,11.0,2.0,12.0,12.0,2.0,1.0,2.0,0.0,2024,Udinese,6
2023-10-02,Mon,Serie A,Away,L,0.0,3.0,Fiorentina,,6.0,4.0,10.0,10.0,1.0,0.0,1.0,0.0,2024,Cagliari,0
2023-10-02,Mon,Serie A,Home,W,3.0,0.0,Cagliari,,14.0,2.0,10.0,10.0,1.0,0.0,1.0,0.0,2024,Fiorentina,0
2023-10-02,Mon,Serie A,Away,W,1.0,0.0,Sassuolo,,13.0,4.0,10.0,8.0,0.0,0.0,0.0,0.0,2024,Monza,0
2023-10-02,Mon,Serie A,Home,L,0.0,1.0,Monza,,19.0,7.0,8.0,10.0,0.0,0.0,0.0,0.0,2024,Sassuolo,0
2023-10-02,Mon,Serie A,Home,D,0.0,0.0,Verona,,8.0,2.0,6.0,11.0,1.0,0.0,1.0,0.0,2024,Torino,0
2023-10-02,Mon,Serie A,Away,D,0.0,0.0,Torino,,5.0,2.0,11.0,6.0,1.0,0.0,1.0,0.0,2024,Verona,0
2023-10-06,Fri,Serie A,Home,D,0.0,0.0,Udinese,,18.0,3.0,11.0,15.0,1.0,0.0,2.0,0.0,2024,Empoli,4
2023-10-06,Fri,Serie A,Home,D,1.0,1.0,Sassuolo,,13.0,4.0,9.0,15.0,2.0,0.0,3.0,0.0,2024,Lecce,4
2023-10-06,Fri,Serie A,Away,D,1.0,1.0,Lecce,,14.0,1.0,15.0,9.0,3.0,0.0,2.0,0.0,2024,Sassuolo,4
2023-10-06,Fri,Serie A,Away,D,0.0,0.0,Empoli,,11.0,1.0,15.0,11.0,2.0,0.0,1.0,0.0,2024,Udinese,4
2023-10-07,Sat,Serie A,Away,D,2.0,2.0,Inter,,8.0,3.0,9.0,11.0,3.0,0.0,2.0,0.0,2024,Bologna,5
2023-10-07,Sat,Serie A,Home,L,0.0,1.0,Milan,,7.0,1.0,10.0,13.0,3.0,1.0,5.0,1.0,2024,Genoa,5
2023-10-07,Sat,Serie A,Home,D,2.0,2.0,Bologna,,14.0,5.0,11.0,9.0,2.0,0.0,3.0,0.0,2024,Inter,5
2023-10-07,Sat,Serie A,Home,W,2.0,0.0,Torino,,17.0,6.0,10.0,8.0,1.0,0.0,1.0,0.0,2024,Juventus,5
2023-10-07,Sat,Serie A,Away,W,1.0,0.0,Genoa,,12.0,3.0,13.0,10.0,5.0,1.0,3.0,1.0,2024,Milan,5
2023-10-07,Sat,Serie A,Away,L,0.0,2.0,Juventus,,10.0,1.0,8.0,10.0,1.0,0.0,1.0,0.0,2024,Torino,5
2023-10-08,Sun,Serie A,Away,L,2.0,3.0,Lazio,,12.0,4.0,10.0,7.0,1.0,0.0,1.0,0.0,2024,Atalanta,6
2023-10-08,Sun,Serie A,Home,L,1.0,4.0,Roma,,16.0,2.0,15.0,13.0,2.0,0.0,3.0,0.0,2024,Cagliari,6
2023-10-08,Sun,Serie A,Away,W,3.0,1.0,Napoli,,12.0,3.0,14.0,4.0,4.0,0.0,2.0,0.0,2024,Fiorentina,6
2023-10-08,Sun,Serie A,Home,W,2.0,1.0,Verona,,11.0,2.0,9.0,12.0,1.0,0.0,4.0,0.0,2024,Frosinone,6
2023-10-08,Sun,Serie A,Home,W,3.0,2.0,Atalanta,,12.0,4.0,7.0,10.0,1.0,0.0,1.0,0.0,2024,Lazio,6
2023-10-08,Sun,Serie A,Home,W,3.0,0.0,Salernitana,,16.0,7.0,8.0,16.0,1.0,0.0,2.0,0.0,2024,Monza,6
2023-10-08,Sun,Serie A,Home,L,1.0,3.0,Fiorentina,,16.0,4.0,4.0,14.0,2.0,0.0,4.0,0.0,2024,Napoli,6
2023-10-08,Sun,Serie A,Away,W,4.0,1.0,Cagliari,,11.0,5.0,13.0,15.0,3.0,0.0,2.0,0.0,2024,Roma,6
2023-10-08,Sun,Serie A,Away,L,0.0,3.0,Monza,,8.0,5.0,16.0,8.0,2.0,0.0,1.0,0.0,2024,Salernitana,6
2023-10-08,Sun,Serie A,Away,L,1.0,2.0,Frosinone,,16.0,4.0,12.0,9.0,4.0,0.0,1.0,0.0,2024,Verona,6
2023-10-21,Sat,Serie A,Away,W,3.0,0.0,Torino,,14.0,4.0,8.0,13.0,2.0,0.0,1.0,0.0,2024,Inter,5
2023-10-21,Sat,Serie A,Away,W,2.0,0.0,Sassuolo,,18.0,6.0,10.0,6.0,5.0,0.0,1.0,0.0,2024,Lazio,5
2023-10-21,Sat,Serie A,Away,W,3.0,1.0,Verona,,22.0,10.0,9.0,12.0,2.0,0.0,3.0,0.0,2024,Napoli,5
2023-10-21,Sat,Serie A,Home,L,0.0,2.0,Lazio,,9.0,2.0,6.0,10.0,1.0,0.0,5.0,0.0,2024,Sassuolo,5
2023-10-21,Sat,Serie A,Home,L,0.0,3.0,Inter,,7.0,3.0,13.0,8.0,1.0,0.0,2.0,0.0,2024,Torino,5
2023-10-21,Sat,Serie A,Home,L,1.0,3.0,Napoli,,15.0,9.0,12.0,9.0,3.0,0.0,2.0,0.0,2024,Verona,5
2023-10-22,Sun,Serie A,Home,W,2.0,0.0,Genoa,,13.0,8.0,17.0,9.0,4.0,0.0,2.0,0.0,2024,Atalanta,6
2023-10-22,Sun,Serie A,Home,W,2.0,1.0,Frosinone,,12.0,6.0,10.0,14.0,2.0,0.0,2.0,1.0,2024,Bologna,6
2023-10-22,Sun,Serie A,Away,D,2.0,2.0,Salernitana,,13.0,6.0,12.0,11.0,4.0,0.0,3.0,0.0,2024,Cagliari,6
2023-10-22,Sun,Serie A,Away,L,1.0,2.0,Bologna,,12.0,5.0,14.0,10.0,2.0,1.0,2.0,0.0,2024,Frosinone,6
2023-10-22,Sun,Serie A,Away,L,0.0,2.0,Atalanta,,15.0,4.0,9.0,17.0,2.0,0.0,4.0,0.0,2024,Genoa,6
2023-10-22,Sun,Serie A,Away,W,1.0,0.0,Milan,,14.0,4.0,16.0,12.0,4.0,0.0,1.0,1.0,2024,Juventus,6
2023-10-22,Sun,Serie A,Home,L,0.0,1.0,Juventus,,7.0,1.0,12.0,16.0,1.0,1.0,4.0,0.0,2024,Milan,6
2023-10-22,Sun,Serie A,Away,L,0.0,1.0,Roma,,11.0,4.0,11.0,11.0,4.0,1.0,2.0,0.0,2024,Monza,6
2023-10-22,Sun,Serie A,Home,W,1.0,0.0,Monza,,21.0,4.0,11.0,11.0,2.0,0.0,4.0,1.0,2024,Roma,6
2023-10-22,Sun,Serie A,Home,D,2.0,2.0,Cagliari,,13.0,2.0,11.0,12.0,3.0,0.0,4.0,0.0,2024,Salernitana,6
2023-10-23,Mon,Serie A,Away,W,2.0,0.0,Fiorentina,,7.0,3.0,17.0,13.0,3.0,0.0,1.0,0.0,2024,Empoli,0
2023-10-23,Mon,Serie A,Home,L,0.0,2.0,Empoli,,19.0,7.0,13.0,17.0,1.0,0.0,3.0,0.0,2024,Fiorentina,0
2023-10-23,Mon,Serie A,Away,D,1.0,1.0,Udinese,,12.0,1.0,15.0,11.0,5.0,0.0,3.0,0.0,2024,Lecce,0
2023-10-23,Mon,Serie A,Home,D,1.0,1.0,Lecce,,12.0,6.0,11.0,15.0,3.0,0.0,5.0,0.0,2024,Udinese,0
2023-10-27,Fri,Serie A,Home,W,1.0,0.0,Salernitana,,8.0,4.0,11.0,19.0,3.0,0.0,4.0,0.0,2024,Genoa,4
2023-10-27,Fri,Serie A,Away,L,0.0,1.0,Genoa,,7.0,2.0,19.0,11.0,4.0,0.0,3.0,0.0,2024,Salernitana,4
2023-10-28,Sat,Serie A,Away,D,1.0,1.0,Sassuolo,,9.0,5.0,10.0,11.0,4.0,0.0,1.0,0.0,2024,Bologna,5
2023-10-28,Sat,Serie A,Home,W,1.0,0.0,Verona,,30.0,6.0,13.0,8.0,3.0,0.0,2.0,0.0,2024,Juventus,5
2023-10-28,Sat,Serie A,Home,L,0.0,1.0,Torino,,11.0,6.0,17.0,19.0,3.0,0.0,5.0,0.0,2024,Lecce,5
2023-10-28,Sat,Serie A,Home,D,1.0,1.0,Bologna,,17.0,6.0,11.0,10.0,1.0,0.0,4.0,0.0,2024,Sassuolo,5
2023-10-28,Sat,Serie A,Away,W,1.0,0.0,Lecce,,10.0,2.0,19.0,17.0,5.0,0.0,3.0,0.0,2024,Torino,5
2023-10-28,Sat,Serie A,Away,L,0.0,1.0,Juventus,,7.0,1.0,8.0,13.0,2.0,0.0,3.0,0.0,2024,Verona,5
2023-10-29,Sun,Serie A,Home,W,4.0,3.0,Frosinone,,24.0,6.0,8.0,7.0,1.0,0.0,4.0,0.0,2024,Cagliari,6
2023-10-29,Sun,Serie A,Away,L,3.0,4.0,Cagliari,,10.0,6.0,7.0,8.0,4.0,0.0,1.0,0.0,2024,Frosinone,6
2023-10-29,Sun,Serie A,Home,W,1.0,0.0,Roma,,19.0,3.0,14.0,9.0,3.0,0.0,4.0,0.0,2024,Inter,6
2023-10-29,Sun,Serie A,Away,D,2.0,2.0,Napoli,,20.0,6.0,10.0,14.0,3.0,0.0,4.0,1.0,2024,Milan,6
2023-10-29,Sun,Serie A,Home,D,1.0,1.0,Udinese,,10.0,4.0,15.0,11.0,2.0,0.0,1.0,0.0,2024,Monza,6
2023-10-29,Sun,Serie A,Home,D,2.0,2.0,Milan,,17.0,4.0,14.0,10.0,4.0,1.0,3.0,0.0,2024,Napoli,6
2023-10-29,Sun,Serie A,Away,L,0.0,1.0,Inter,,3.0,1.0,9.0,14.0,4.0,0.0,3.0,0.0,2024,Roma,6
2023-10-29,Sun,Serie A,Away,D,1.0,1.0,Monza,,10.0,3.0,11.0,15.0,1.0,0.0,2.0,0.0,2024,Udinese,6
2023-10-30,Mon,Serie A,Away,W,3.0,0.0,Empoli,,18.0,6.0,13.0,10.0,0.0,0.0,4.0,0.0,2024,Atalanta,0
2023-10-30,Mon,Serie A,Home,L,0.0,3.0,Atalanta,,9.0,2.0,10.0,13.0,4.0,0.0,0.0,0.0,2024,Empoli,0
2023-10-30,Mon,Serie A,Away,L,0.0,1.0,Lazio,,9.0,5.0,17.0,12.0,3.0,0.0,3.0,0.0,2024,Fiorentina,0
2023-10-30,Mon,Serie A,Home,W,1.0,0.0,Fiorentina,,11.0,4.0,12.0,17.0,3.0,0.0,3.0,0.0,2024,Lazio,0
2023-11-03,Fri,Serie A,Home,W,1.0,0.0,Lazio,,6.0,2.0,12.0,8.0,2.0,0.0,5.0,0.0,2024,Bologna,4
2023-11-03,Fri,Serie A,Away,L,0.0,1.0,Bologna,,11.0,1.0,8.0,12.0,5.0,0.0,2.0,0.0,2024,Lazio,4
2023-11-04,Sat,Serie A,Home,L,1.0,2.0,Inter,,14.0,4.0,13.0,9.0,4.0,1.0,1.0,0.0,2024,Atalanta,5
2023-11-04,Sat,Serie A,Away,W,2.0,1.0,Atalanta,,10.0,4.0,9.0,13.0,1.0,0.0,4.0,1.0,2024,Inter,5
2023-11-04,Sat,Serie A,Home,L,0.0,1.0,Udinese,,14.0,5.0,13.0,14.0,1.0,0.0,2.0,0.0,2024,Milan,5
2023-11-04,Sat,Serie A,Away,W,2.0,0.0,Salernitana,,21.0,8.0,10.0,15.0,1.0,0.0,1.0,0.0,2024,Napoli,5
2023-11-04,Sat,Serie A,Home,L,0.0,2.0,Napoli,,10.0,3.0,15.0,10.0,1.0,0.0,1.0,0.0,2024,Salernitana,5
2023-11-04,Sat,Serie A,Away,W,1.0,0.0,Milan,,12.0,2.0,14.0,13.0,2.0,0.0,1.0,0.0,2024,Udinese,5
2023-11-05,Sun,Serie A,Home,W,2.0,1.0,Genoa,,12.0,4.0,14.0,11.0,4.0,0.0,2.0,0.0,2024,Cagliari,6
2023-11-05,Sun,Serie A,Home,L,0.0,1.0,Juventus,,25.0,4.0,12.0,21.0,1.0,0.0,3.0,0.0,2024,Fiorentina,6
2023-11-05,Sun,Serie A,Away,L,1.0,2.0,Cagliari,,8.0,2.0,11.0,14.0,2.0,0.0,4.0,0.0,2024,Genoa,6
2023-11-05,Sun,Serie A,Away,W,1.0,0.0,Fiorentina,,4.0,3.0,21.0,12.0,3.0,0.0,1.0,0.0,2024,Juventus,6
2023-11-05,Sun,Serie A,Away,L,1.0,2.0,Roma,,15.0,4.0,11.0,18.0,5.0,0.0,3.0,0.0,2024,Lecce,6
2023-11-05,Sun,Serie A,Away,W,3.0,1.0,Verona,,12.0,6.0,12.0,6.0,2.0,0.0,1.0,0.0,2024,Monza,6
2023-11-05,Sun,Serie A,Home,W,2.0,1.0,Lecce,,15.0,5.0,18.0,11.0,3.0,0.0,5.0,0.0,2024,Roma,6
2023-11-05,Sun,Serie A,Home,L,1.0,3.0,Monza,,16.0,5.0,6.0,12.0,1.0,0.0,2.0,0.0,2024,Verona,6
2023-11-06,Mon,Serie A,Away,L,1.0,2.0,Frosinone,,10.0,2.0,9.0,7.0,2.0,0.0,3.0,0.0,2024,Empoli,0
2023-11-06,Mon,Serie A,Home,W,2.0,1.0,Empoli,,17.0,5.0,7.0,9.0,3.0,0.0,2.0,0.0,2024,Frosinone,0
2023-11-06,Mon,Serie A,Away,L,1.0,2.0,Torino,,5.0,2.0,6.0,9.0,1.0,0.0,1.0,0.0,2024,Sassuolo,0
2023-11-06,Mon,Serie A,Home,W,2.0,1.0,Sassuolo,,21.0,9.0,9.0,6.0,1.0,0.0,1.0,0.0,2024,Torino,0
2023-11-10,Fri,Serie A,Home,W,1.0,0.0,Verona,,16.0,6.0,9.0,16.0,1.0,0.0,4.0,0.0,2024,Genoa,4
2023-11-10,Fri,Serie A,Away,D,2.0,2.0,Sassuolo,,9.0,2.0,14.0,12.0,1.0,0.0,2.0,0.0,2024,Salernitana,4
2023-11-10,Fri,Serie A,Home,D,2.0,2.0,Salernitana,,29.0,9.0,12.0,14.0,2.0,0.0,1.0,0.0,2024,Sassuolo,4
2023-11-10,Fri,Serie A,Away,L,0.0,1.0,Genoa,,7.0,1.0,16.0,9.0,4.0,0.0,1.0,0.0,2024,Verona,4
2023-11-11,Sat,Serie A,Away,L,1.0,2.0,Juventus,,11.0,2.0,8.0,14.0,1.0,0.0,3.0,0.0,2024,Cagliari,5
2023-11-11,Sat,Serie A,Home,W,2.0,1.0,Cagliari,,18.0,4.0,14.0,8.0,3.0,0.0,1.0,0.0,2024,Juventus,5
2023-11-11,Sat,Serie A,Home,D,2.0,2.0,Milan,,14.0,5.0,12.0,16.0,4.0,0.0,6.0,1.0,2024,Lecce,5
2023-11-11,Sat,Serie A,Away,D,2.0,2.0,Lecce,,10.0,6.0,16.0,12.0,6.0,1.0,4.0,0.0,2024,Milan,5
2023-11-11,Sat,Serie A,Home,D,1.0,1.0,Torino,,12.0,5.0,11.0,11.0,2.0,0.0,2.0,0.0,2024,Monza,5
2023-11-11,Sat,Serie A,Away,D,1.0,1.0,Monza,,12.0,5.0,11.0,11.0,2.0,0.0,2.0,0.0,2024,Torino,5
2023-11-12,Sun,Serie A,Away,D,1.0,1.0,Udinese,,8.0,2.0,13.0,13.0,3.0,0.0,2.0,0.0,2024,Atalanta,6
2023-11-12,Sun,Serie A,Away,L,1.0,2.0,Fiorentina,,11.0,4.0,15.0,19.0,2.0,0.0,2.0,0.0,2024,Bologna,6
2023-11-12,Sun,Serie A,Away,W,1.0,0.0,Napoli,,8.0,3.0,13.0,11.0,1.0,0.0,1.0,0.0,2024,Empoli,6
2023-11-12,Sun,Serie A,Home,W,2.0,1.0,Bologna,,12.0,4.0,19.0,15.0,2.0,0.0,2.0,0.0,2024,Fiorentina,6
2023-11-12,Sun,Serie A,Away,L,0.0,2.0,Inter,,12.0,3.0,16.0,7.0,1.0,0.0,0.0,0.0,2024,Frosinone,6
2023-11-12,Sun,Serie A,Home,W,2.0,0.0,Frosinone,,21.0,6.0,7.0,16.0,0.0,0.0,1.0,0.0,2024,Inter,6
2023-11-12,Sun,Serie A,Home,D,0.0,0.0,Roma,,7.0,2.0,12.0,13.0,3.0,0.0,4.0,0.0,2024,Lazio,6
2023-11-12,Sun,Serie A,Home,L,0.0,1.0,Empoli,,18.0,7.0,11.0,13.0,1.0,0.0,1.0,0.0,2024,Napoli,6
2023-11-12,Sun,Serie A,Away,D,0.0,0.0,Lazio,,8.0,1.0,13.0,12.0,4.0,0.0,3.0,0.0,2024,Roma,6
2023-11-12,Sun,Serie A,Home,D,1.0,1.0,Atalanta,,13.0,4.0,13.0,13.0,2.0,0.0,3.0,0.0,2024,Udinese,6
2023-11-25,Sat,Serie A,Home,L,1.0,2.0,Napoli,,16.0,5.0,15.0,9.0,2.0,0.0,2.0,0.0,2024,Atalanta,5
2023-11-25,Sat,Serie A,Away,L,0.0,1.0,Milan,,20.0,4.0,10.0,9.0,2.0,0.0,1.0,0.0,2024,Fiorentina,5
2023-11-25,Sat,Serie A,Away,L,1.0,2.0,Salernitana,,13.0,2.0,12.0,11.0,3.0,0.0,5.0,0.0,2024,Lazio,5
2023-11-25,Sat,Serie A,Home,W,1.0,0.0,Fiorentina,,9.0,6.0,9.0,10.0,1.0,0.0,2.0,0.0,2024,Milan,5
2023-11-25,Sat,Serie A,Away,W,2.0,1.0,Atalanta,,11.0,4.0,9.0,15.0,2.0,0.0,2.0,0.0,2024,Napoli,5
2023-11-25,Sat,Serie A,Home,W,2.0,1.0,Lazio,,13.0,6.0,11.0,12.0,5.0,0.0,3.0,0.0,2024,Salernitana,5
2023-11-26,Sun,Serie A,Home,D,1.0,1.0,Monza,,17.0,6.0,10.0,15.0,1.0,0.0,2.0,0.0,2024,Cagliari,6
2023-11-26,Sun,Serie A,Home,L,3.0,4.0,Sassuolo,,11.0,9.0,20.0,15.0,4.0,0.0,2.0,0.0,2024,Empoli,6
2023-11-26,Sun,Serie A,Home,W,2.0,1.0,Genoa,,9.0,5.0,5.0,14.0,2.0,0.0,4.0,0.0,2024,Frosinone,6
2023-11-26,Sun,Serie A,Away,L,1.0,2.0,Frosinone,,13.0,3.0,14.0,5.0,4.0,0.0,2.0,0.0,2024,Genoa,6
2023-11-26,Sun,Serie A,Away,D,1.0,1.0,Juventus,,8.0,4.0,13.0,12.0,1.0,0.0,2.0,0.0,2024,Inter,6
2023-11-26,Sun,Serie A,Home,D,1.0,1.0,Inter,,4.0,1.0,12.0,13.0,2.0,0.0,1.0,0.0,2024,Juventus,6
2023-11-26,Sun,Serie A,Away,D,1.0,1.0,Cagliari,,12.0,4.0,15.0,10.0,2.0,0.0,1.0,0.0,2024,Monza,6
2023-11-26,Sun,Serie A,Home,W,3.0,1.0,Udinese,,12.0,5.0,8.0,15.0,1.0,0.0,3.0,0.0,2024,Roma,6
2023-11-26,Sun,Serie A,Away,W,4.0,3.0,Empoli,,17.0,9.0,15.0,20.0,2.0,0.0,4.0,0.0,2024,Sassuolo,6
2023-11-26,Sun,Serie A,Away,L,1.0,3.0,Roma,,6.0,2.0,15.0,8.0,3.0,0.0,1.0,0.0,2024,Udinese,6
2023-11-27,Mon,Serie A,Home,W,2.0,0.0,Torino,,13.0,2.0,16.0,15.0,3.0,0.0,4.0,0.0,2024,Bologna,0
2023-11-27,Mon,Serie A,Away,D,2.0,2.0,Verona,,14.0,5.0,17.0,15.0,2.0,0.0,1.0,0.0,2024,Lecce,0
2023-11-27,Mon,Serie A,Away,L,0.0,2.0,Bologna,,9.0,3.0,15.0,16.0,4.0,0.0,3.0,0.0,2024,Torino,0
2023-11-27,Mon,Serie A,Home,D,2.0,2.0,Lecce,,19.0,11.0,15.0,17.0,1.0,0.0,2.0,0.0,2024,Verona,0
2023-12-01,Fri,Serie A,Away,W,2.0,1.0,Monza,,18.0,7.0,8.0,12.0,2.0,0.0,1.0,0.0,2024,Juventus,4
2023-12-01,Fri,Serie A,Home,L,1.0,2.0,Juventus,,16.0,1.0,12.0,8.0,1.0,0.0,2.0,0.0,2024,Monza,4
2023-12-02,Sat,Serie A,Away,L,0.0,1.0,Lazio,,9.0,2.0,12.0,11.0,2.0,1.0,0.0,0.0,2024,Cagliari,5
2023-12-02,Sat,Serie A,Away,D,1.0,1.0,Genoa,,9.0,1.0,19.0,15.0,1.0,0.0,3.0,0.0,2024,Empoli,5
2023-12-02,Sat,Serie A,Away,L,1.0,3.0,Milan,,15.0,3.0,6.0,11.0,1.0,0.0,1.0,0.0,2024,Frosinone,5
2023-12-02,Sat,Serie A,Home,D,1.0,1.0,Empoli,,21.0,1.0,15.0,19.0,3.0,0.0,1.0,0.0,2024,Genoa,5
2023-12-02,Sat,Serie A,Home,W,1.0,0.0,Cagliari,,10.0,5.0,11.0,12.0,0.0,0.0,2.0,1.0,2024,Lazio,5
2023-12-02,Sat,Serie A,Home,W,3.0,1.0,Frosinone,,10.0,3.0,11.0,6.0,1.0,0.0,1.0,0.0,2024,Milan,5
2023-12-03,Sun,Serie A,Away,D,1.0,1.0,Lecce,,11.0,4.0,18.0,12.0,2.0,0.0,3.0,0.0,2024,Bologna,6
2023-12-03,Sun,Serie A,Home,W,3.0,0.0,Salernitana,,22.0,9.0,13.0,12.0,1.0,0.0,0.0,0.0,2024,Fiorentina,6
2023-12-03,Sun,Serie A,Away,W,3.0,0.0,Napoli,,11.0,4.0,13.0,2.0,2.0,0.0,2.0,0.0,2024,Inter,6
2023-12-03,Sun,Serie A,Home,D,1.0,1.0,Bologna,,14.0,4.0,12.0,18.0,3.0,0.0,2.0,0.0,2024,Lecce,6
2023-12-03,Sun,Serie A,Home,L,0.0,3.0,Inter,,15.0,4.0,2.0,13.0,2.0,0.0,2.0,0.0,2024,Napoli,6
2023-12-03,Sun,Serie A,Away,W,2.0,1.0,Sassuolo,,15.0,7.0,11.0,10.0,1.0,0.0,4.0,1.0,2024,Roma,6
2023-12-03,Sun,Serie A,Away,L,0.0,3.0,Fiorentina,,11.0,1.0,12.0,13.0,0.0,0.0,1.0,0.0,2024,Salernitana,6
2023-12-03,Sun,Serie A,Home,L,1.0,2.0,Roma,,8.0,2.0,10.0,11.0,4.0,1.0,1.0,0.0,2024,Sassuolo,6
2023-12-03,Sun,Serie A,Home,D,3.0,3.0,Verona,,12.0,6.0,16.0,13.0,2.0,0.0,5.0,0.0,2024,Udinese,6
2023-12-03,Sun,Serie A,Away,D,3.0,3.0,Udinese,,13.0,4.0,13.0,16.0,5.0,0.0,2.0,0.0,2024,Verona,6
2023-12-04,Mon,Serie A,Away,L,0.0,3.0,Torino,,10.0,4.0,14.0,12.0,2.0,0.0,2.0,0.0,2024,Atalanta,0
2023-12-04,Mon,Serie A,Home,W,3.0,0.0,Atalanta,,9.0,5.0,12.0,14.0,2.0,0.0,2.0,0.0,2024,Torino,0
2023-12-08,Fri,Serie A,Home,W,1.0,0.0,Napoli,,11.0,2.0,11.0,12.0,2.0,0.0,4.0,0.0,2024,Juventus,4
2023-12-08,Fri,Serie A,Away,L,0.0,1.0,Juventus,,13.0,1.0,12.0,11.0,4.0,0.0,2.0,0.0,2024,Napoli,4
2023-12-09,Sat,Serie A,Home,W,3.0,2.0,Milan,,19.0,7.0,11.0,11.0,1.0,0.0,5.0,1.0,2024,Atalanta,5
2023-12-09,Sat,Serie A,Home,W,4.0,0.0,Udinese,,17.0,8.0,9.0,6.0,0.0,0.0,1.0,0.0,2024,Inter,5
2023-12-09,Sat,Serie A,Away,D,1.0,1.0,Verona,,14.0,5.0,11.0,16.0,4.0,0.0,2.0,1.0,2024,Lazio,5
2023-12-09,Sat,Serie A,Away,L,2.0,3.0,Atalanta,,14.0,4.0,11.0,11.0,5.0,1.0,1.0,0.0,2024,Milan,5
2023-12-09,Sat,Serie A,Away,L,0.0,4.0,Inter,,11.0,1.0,6.0,9.0,1.0,0.0,0.0,0.0,2024,Udinese,5
2023-12-09,Sat,Serie A,Home,D,1.0,1.0,Lazio,,5.0,1.0,16.0,11.0,2.0,1.0,4.0,0.0,2024,Verona,5
2023-12-10,Sun,Serie A,Away,W,2.0,1.0,Salernitana,,10.0,5.0,15.0,20.0,2.0,0.0,7.0,0.0,2024,Bologna,6
2023-12-10,Sun,Serie A,Away,D,1.0,1.0,Roma,,14.0,8.0,14.0,14.0,3.0,1.0,5.0,2.0,2024,Fiorentina,6
2023-12-10,Sun,Serie A,Home,D,0.0,0.0,Torino,,11.0,5.0,13.0,17.0,3.0,0.0,3.0,0.0,2024,Frosinone,6
2023-12-10,Sun,Serie A,Away,L,0.0,1.0,Monza,,16.0,1.0,13.0,11.0,2.0,0.0,1.0,0.0,2024,Genoa,6
2023-12-10,Sun,Serie A,Home,W,1.0,0.0,Genoa,,6.0,3.0,11.0,13.0,1.0,0.0,2.0,0.0,2024,Monza,6
2023-12-10,Sun,Serie A,Home,D,1.0,1.0,Fiorentina,,4.0,1.0,14.0,14.0,5.0,2.0,3.0,1.0,2024,Roma,6
2023-12-10,Sun,Serie A,Home,L,1.0,2.0,Bologna,,9.0,2.0,20.0,15.0,7.0,0.0,2.0,0.0,2024,Salernitana,6
2023-12-10,Sun,Serie A,Away,D,0.0,0.0,Frosinone,,16.0,3.0,17.0,13.0,3.0,0.0,3.0,0.0,2024,Torino,6
2023-12-11,Mon,Serie A,Home,W,2.0,1.0,Sassuolo,,18.0,6.0,15.0,15.0,1.0,0.0,7.0,1.0,2024,Cagliari,0
2023-12-11,Mon,Serie A,Home,D,1.0,1.0,Lecce,,18.0,6.0,14.0,18.0,2.0,0.0,2.0,0.0,2024,Empoli,0
2023-12-11,Mon,Serie A,Away,D,1.0,1.0,Empoli,,14.0,5.0,18.0,14.0,2.0,0.0,2.0,0.0,2024,Lecce,0
2023-12-11,Mon,Serie A,Away,L,1.0,2.0,Cagliari,,8.0,4.0,15.0,15.0,7.0,1.0,1.0,0.0,2024,Sassuolo,0
2023-12-15,Fri,Serie A,Home,D,1.0,1.0,Juventus,,11.0,3.0,14.0,12.0,2.0,0.0,3.0,0.0,2024,Genoa,4
2023-12-15,Fri,Serie A,Away,D,1.0,1.0,Genoa,,11.0,4.0,12.0,14.0,3.0,0.0,2.0,0.0,2024,Juventus,4
2023-12-16,Sat,Serie A,Away,L,1.0,2.0,Napoli,,9.0,3.0,10.0,9.0,3.0,0.0,5.0,0.0,2024,Cagliari,5
2023-12-16,Sat,Serie A,Away,L,0.0,1.0,Torino,,7.0,2.0,10.0,15.0,2.0,0.0,4.0,0.0,2024,Empoli,5
2023-12-16,Sat,Serie A,Away,L,1.0,2.0,Lecce,,11.0,5.0,14.0,8.0,4.0,0.0,1.0,0.0,2024,Frosinone,5
2023-12-16,Sat,Serie A,Home,W,2.0,1.0,Frosinone,,18.0,6.0,8.0,14.0,1.0,0.0,4.0,0.0,2024,Lecce,5
2023-12-16,Sat,Serie A,Home,W,2.0,1.0,Cagliari,,21.0,5.0,9.0,10.0,5.0,0.0,3.0,0.0,2024,Napoli,5
2023-12-16,Sat,Serie A,Home,W,1.0,0.0,Empoli,,10.0,3.0,15.0,10.0,4.0,0.0,2.0,0.0,2024,Torino,5
2023-12-17,Sun,Serie A,Home,W,2.0,0.0,Roma,,8.0,2.0,16.0,16.0,4.0,0.0,4.0,0.0,2024,Bologna,6
2023-12-17,Sun,Serie A,Home,W,1.0,0.0,Verona,,5.0,3.0,11.0,12.0,3.0,0.0,1.0,0.0,2024,Fiorentina,6
2023-12-17,Sun,Serie A,Away,W,2.0,0.0,Lazio,,12.0,4.0,15.0,13.0,2.0,0.0,1.0,1.0,2024,Inter,6
2023-12-17,Sun,Serie A,Home,L,0.0,2.0,Inter,,13.0,4.0,13.0,15.0,1.0,1.0,2.0,0.0,2024,Lazio,6
2023-12-17,Sun,Serie A,Home,W,3.0,0.0,Monza,,17.0,9.0,8.0,8.0,1.0,0.0,2.0,0.0,2024,Milan,6
2023-12-17,Sun,Serie A,Away,L,0.0,3.0,Milan,,21.0,4.0,8.0,8.0,2.0,0.0,1.0,0.0,2024,Monza,6
2023-12-17,Sun,Serie A,Away,L,0.0,2.0,Bologna,,8.0,3.0,16.0,16.0,4.0,0.0,4.0,0.0,2024,Roma,6
2023-12-17,Sun,Serie A,Away,D,2.0,2.0,Udinese,,21.0,7.0,6.0,13.0,1.0,0.0,3.0,1.0,2024,Sassuolo,6
2023-12-17,Sun,Serie A,Home,D,2.0,2.0,Sassuolo,,9.0,7.0,13.0,6.0,3.0,1.0,1.0,0.0,2024,Udinese,6
2023-12-17,Sun,Serie A,Away,L,0.0,1.0,Fiorentina,,19.0,7.0,12.0,11.0,1.0,0.0,3.0,0.0,2024,Verona,6
2023-12-18,Mon,Serie A,Home,W,4.0,1.0,Salernitana,,20.0,11.0,9.0,11.0,1.0,0.0,2.0,0.0,2024,Atalanta,0
2023-12-18,Mon,Serie A,Away,L,1.0,4.0,Atalanta,,10.0,3.0,11.0,9.0,2.0,0.0,1.0,0.0,2024,Salernitana,0
2023-12-22,Fri,Serie A,Home,L,0.0,2.0,Lazio,,21.0,7.0,6.0,17.0,3.0,0.0,2.0,0.0,2024,Empoli,4
2023-12-22,Fri,Serie A,Away,W,1.0,0.0,Monza,,14.0,5.0,16.0,12.0,4.0,0.0,3.0,0.0,2024,Fiorentina,4
2023-12-22,Fri,Serie A,Away,W,2.0,1.0,Sassuolo,,14.0,5.0,9.0,11.0,1.0,0.0,2.0,0.0,2024,Genoa,4
2023-12-22,Fri,Serie A,Away,W,2.0,0.0,Empoli,,14.0,7.0,17.0,6.0,2.0,0.0,3.0,0.0,2024,Lazio,4
2023-12-22,Fri,Serie A,Away,D,2.0,2.0,Salernitana,,21.0,9.0,11.0,16.0,1.0,0.0,3.0,1.0,2024,Milan,4
2023-12-22,Fri,Serie A,Home,L,0.0,1.0,Fiorentina,,7.0,2.0,12.0,16.0,3.0,0.0,4.0,0.0,2024,Monza,4
2023-12-22,Fri,Serie A,Home,D,2.0,2.0,Milan,,19.0,7.0,16.0,11.0,3.0,1.0,1.0,0.0,2024,Salernitana,4
2023-12-22,Fri,Serie A,Home,L,1.0,2.0,Genoa,,12.0,3.0,11.0,9.0,2.0,0.0,1.0,0.0,2024,Sassuolo,4
2023-12-23,Sat,Serie A,Away,L,0.0,1.0,Bologna,,12.0,2.0,14.0,10.0,4.0,0.0,2.0,0.0,2024,Atalanta,5
2023-12-23,Sat,Serie A,Home,W,1.0,0.0,Atalanta,,9.0,1.0,10.0,14.0,2.0,0.0,4.0,0.0,2024,Bologna,5
2023-12-23,Sat,Serie A,Away,L,0.0,2.0,Verona,,12.0,3.0,19.0,8.0,4.0,1.0,3.0,0.0,2024,Cagliari,5
2023-12-23,Sat,Serie A,Home,L,1.0,2.0,Juventus,,10.0,3.0,6.0,12.0,0.0,0.0,2.0,0.0,2024,Frosinone,5
2023-12-23,Sat,Serie A,Home,W,2.0,0.0,Lecce,,20.0,8.0,8.0,14.0,1.0,0.0,3.0,1.0,2024,Inter,5
2023-12-23,Sat,Serie A,Away,W,2.0,1.0,Frosinone,,13.0,3.0,12.0,6.0,2.0,0.0,0.0,0.0,2024,Juventus,5
2023-12-23,Sat,Serie A,Away,L,0.0,2.0,Inter,,11.0,5.0,14.0,8.0,3.0,1.0,1.0,0.0,2024,Lecce,5
2023-12-23,Sat,Serie A,Away,L,0.0,2.0,Roma,,7.0,2.0,12.0,19.0,4.0,2.0,7.0,0.0,2024,Napoli,5
2023-12-23,Sat,Serie A,Home,W,2.0,0.0,Napoli,,17.0,4.0,19.0,12.0,7.0,0.0,4.0,2.0,2024,Roma,5
2023-12-23,Sat,Serie A,Home,D,1.0,1.0,Udinese,,14.0,4.0,10.0,11.0,2.0,0.0,2.0,0.0,2024,Torino,5
2023-12-23,Sat,Serie A,Away,D,1.0,1.0,Torino,,10.0,4.0,11.0,10.0,2.0,0.0,2.0,0.0,2024,Udinese,5
2023-12-23,Sat,Serie A,Home,W,2.0,0.0,Cagliari,,13.0,5.0,8.0,19.0,3.0,0.0,4.0,1.0,2024,Verona,5
2023-12-29,Fri,Serie A,Home,W,1.0,0.0,Torino,,12.0,3.0,11.0,15.0,4.0,0.0,2.0,0.0,2024,Fiorentina,4
2023-12-29,Fri,Serie A,Away,L,1.0,3.0,Lazio,,11.0,2.0,15.0,18.0,2.0,0.0,3.0,0.0,2024,Frosinone,4
2023-12-29,Fri,Serie A,Home,D,1.0,1.0,Inter,,13.0,4.0,13.0,15.0,2.0,0.0,2.0,0.0,2024,Genoa,4
2023-12-29,Fri,Serie A,Away,D,1.0,1.0,Genoa,,16.0,6.0,15.0,13.0,2.0,0.0,2.0,0.0,2024,Inter,4
2023-12-29,Fri,Serie A,Home,W,3.0,1.0,Frosinone,,13.0,5.0,18.0,15.0,3.0,0.0,2.0,0.0,2024,Lazio,4
2023-12-29,Fri,Serie A,Away,D,0.0,0.0,Napoli,,8.0,3.0,21.0,10.0,4.0,0.0,4.0,0.0,2024,Monza,4
2023-12-29,Fri,Serie A,Home,D,0.0,0.0,Monza,,25.0,9.0,10.0,21.0,4.0,0.0,4.0,0.0,2024,Napoli,4
2023-12-29,Fri,Serie A,Away,L,0.0,1.0,Fiorentina,,6.0,3.0,15.0,11.0,2.0,0.0,4.0,0.0,2024,Torino,4
2023-12-30,Sat,Serie A,Home,W,1.0,0.0,Lecce,,17.0,4.0,10.0,16.0,2.0,0.0,2.0,0.0,2024,Atalanta,5
2023-12-30,Sat,Serie A,Away,L,0.0,3.0,Udinese,,14.0,5.0,14.0,15.0,5.0,0.0,2.0,0.0,2024,Bologna,5
2023-12-30,Sat,Serie A,Home,D,0.0,0.0,Empoli,,15.0,3.0,18.0,18.0,1.0,0.0,3.0,0.0,2024,Cagliari,5
2023-12-30,Sat,Serie A,Away,D,0.0,0.0,Cagliari,,5.0,1.0,18.0,18.0,3.0,0.0,1.0,0.0,2024,Empoli,5
2023-12-30,Sat,Serie A,Home,W,1.0,0.0,Roma,,13.0,4.0,15.0,14.0,1.0,0.0,1.0,0.0,2024,Juventus,5
2023-12-30,Sat,Serie A,Away,L,0.0,1.0,Atalanta,,15.0,2.0,16.0,10.0,2.0,0.0,2.0,0.0,2024,Lecce,5
2023-12-30,Sat,Serie A,Home,W,1.0,0.0,Sassuolo,,20.0,2.0,8.0,7.0,0.0,0.0,1.0,0.0,2024,Milan,5
2023-12-30,Sat,Serie A,Away,L,0.0,1.0,Juventus,,11.0,2.0,14.0,15.0,1.0,0.0,1.0,0.0,2024,Roma,5
2023-12-30,Sat,Serie A,Away,W,1.0,0.0,Verona,,9.0,3.0,13.0,14.0,2.0,0.0,2.0,0.0,2024,Salernitana,5
2023-12-30,Sat,Serie A,Away,L,0.0,1.0,Milan,,12.0,6.0,7.0,8.0,1.0,0.0,0.0,0.0,2024,Sassuolo,5
2023-12-30,Sat,Serie A,Home,W,3.0,0.0,Bologna,,15.0,7.0,15.0,14.0,2.0,0.0,5.0,0.0,2024,Udinese,5
2023-12-30,Sat,Serie A,Home,L,0.0,1.0,Salernitana,,11.0,0.0,14.0,13.0,2.0,0.0,2.0,0.0,2024,Verona,5
2024-01-05,Fri,Serie A,Home,D,1.0,1.0,Genoa,,21.0,8.0,8.0,10.0,3.0,0.0,3.0,0.0,2024,Bologna,4
2024-01-05,Fri,Serie A,Away,D,1.0,1.0,Bologna,,3.0,1.0,10.0,8.0,3.0,0.0,3.0,0.0,2024,Genoa,4
2024-01-06,Sat,Serie A,Away,D,1.0,1.0,Lecce,,14.0,2.0,14.0,20.0,1.0,0.0,1.0,0.0,2024,Cagliari,5
2024-01-06,Sat,Serie A,Away,L,0.0,1.0,Sassuolo,,9.0,3.0,14.0,10.0,2.0,0.0,3.0,0.0,2024,Fiorentina,5
2024-01-06,Sat,Serie A,Home,L,2.0,3.0,Monza,,10.0,5.0,11.0,16.0,3.0,0.0,5.0,0.0,2024,Frosinone,5
2024-01-06,Sat,Serie A,Home,W,2.0,1.0,Verona,,15.0,6.0,16.0,15.0,0.0,0.0,2.0,1.0,2024,Inter,5
2024-01-06,Sat,Serie A,Home,D,1.0,1.0,Cagliari,,15.0,2.0,20.0,14.0,1.0,0.0,1.0,0.0,2024,Lecce,5
2024-01-06,Sat,Serie A,Away,W,3.0,2.0,Frosinone,,7.0,2.0,16.0,11.0,5.0,0.0,3.0,0.0,2024,Monza,5
2024-01-06,Sat,Serie A,Home,W,1.0,0.0,Fiorentina,,7.0,1.0,10.0,14.0,3.0,0.0,2.0,0.0,2024,Sassuolo,5
2024-01-06,Sat,Serie A,Away,L,1.0,2.0,Inter,,8.0,3.0,15.0,16.0,2.0,1.0,0.0,0.0,2024,Verona,5
2024-01-07,Sun,Serie A,Away,D,1.0,1.0,Roma,,8.0,2.0,14.0,14.0,6.0,0.0,1.0,0.0,2024,Atalanta,6
2024-01-07,Sun,Serie A,Home,L,0.0,3.0,Milan,,17.0,2.0,9.0,13.0,1.0,0.0,2.0,0.0,2024,Empoli,6
2024-01-07,Sun,Serie A,Away,W,2.0,1.0,Salernitana,,18.0,3.0,15.0,9.0,5.0,0.0,3.0,1.0,2024,Juventus,6
2024-01-07,Sun,Serie A,Away,W,2.0,1.0,Udinese,,7.0,2.0,22.0,16.0,3.0,0.0,5.0,0.0,2024,Lazio,6
2024-01-07,Sun,Serie A,Away,W,3.0,0.0,Empoli,,13.0,6.0,13.0,9.0,2.0,0.0,1.0,0.0,2024,Milan,6
2024-01-07,Sun,Serie A,Away,L,0.0,3.0,Torino,,10.0,3.0,10.0,7.0,2.0,1.0,0.0,0.0,2024,Napoli,6
2024-01-07,Sun,Serie A,Home,D,1.0,1.0,Atalanta,,16.0,6.0,14.0,14.0,1.0,0.0,6.0,0.0,2024,Roma,6
2024-01-07,Sun,Serie A,Home,L,1.0,2.0,Juventus,,8.0,3.0,9.0,15.0,3.0,1.0,5.0,0.0,2024,Salernitana,6
2024-01-07,Sun,Serie A,Home,W,3.0,0.0,Napoli,,10.0,6.0,7.0,10.0,0.0,0.0,2.0,1.0,2024,Torino,6
2024-01-07,Sun,Serie A,Home,L,1.0,2.0,Lazio,,13.0,2.0,16.0,22.0,5.0,0.0,3.0,0.0,2024,Udinese,6
2024-01-13,Sat,Serie A,Away,L,1.0,2.0,Verona,,14.0,1.0,17.0,20.0,3.0,0.0,4.0,1.0,2024,Empoli,5
2024-01-13,Sat,Serie A,Home,D,0.0,0.0,Torino,,11.0,6.0,11.0,11.0,3.0,0.0,2.0,0.0,2024,Genoa,5
2024-01-13,Sat,Serie A,Away,W,5.0,1.0,Monza,,20.0,7.0,12.0,6.0,2.0,0.0,2.0,0.0,2024,Inter,5
2024-01-13,Sat,Serie A,Home,L,1.0,5.0,Inter,,9.0,2.0,6.0,12.0,2.0,0.0,2.0,0.0,2024,Monza,5
2024-01-13,Sat,Serie A,Home,W,2.0,1.0,Salernitana,,20.0,7.0,15.0,10.0,3.0,0.0,2.0,0.0,2024,Napoli,5
2024-01-13,Sat,Serie A,Away,L,1.0,2.0,Napoli,,6.0,2.0,10.0,15.0,2.0,0.0,3.0,0.0,2024,Salernitana,5
2024-01-13,Sat,Serie A,Away,D,0.0,0.0,Genoa,,6.0,0.0,11.0,11.0,2.0,0.0,3.0,0.0,2024,Torino,5
2024-01-13,Sat,Serie A,Home,W,2.0,1.0,Empoli,,12.0,7.0,20.0,17.0,4.0,1.0,3.0,0.0,2024,Verona,5
2024-01-14,Sun,Serie A,Away,L,1.0,2.0,Cagliari,,11.0,4.0,8.0,12.0,2.0,0.0,3.0,0.0,2024,Bologna,6
2024-01-14,Sun,Serie A,Home,W,2.0,1.0,Bologna,,4.0,2.0,12.0,8.0,3.0,0.0,2.0,0.0,2024,Cagliari,6
2024-01-14,Sun,Serie A,Home,D,2.0,2.0,Udinese,,10.0,3.0,14.0,13.0,1.0,0.0,1.0,0.0,2024,Fiorentina,6
2024-01-14,Sun,Serie A,Home,W,1.0,0.0,Lecce,,8.0,2.0,14.0,12.0,4.0,0.0,4.0,0.0,2024,Lazio,6
2024-01-14,Sun,Serie A,Away,L,0.0,1.0,Lazio,,11.0,3.0,12.0,14.0,4.0,0.0,4.0,0.0,2024,Lecce,6
2024-01-14,Sun,Serie A,Home,W,3.0,1.0,Roma,,17.0,5.0,12.0,9.0,2.0,0.0,3.0,0.0,2024,Milan,6
2024-01-14,Sun,Serie A,Away,L,1.0,3.0,Milan,,12.0,5.0,9.0,12.0,3.0,0.0,2.0,0.0,2024,Roma,6
2024-01-14,Sun,Serie A,Away,D,2.0,2.0,Fiorentina,,12.0,6.0,13.0,14.0,1.0,0.0,1.0,0.0,2024,Udinese,6
2024-01-15,Mon,Serie A,Home,W,5.0,0.0,Frosinone,,21.0,9.0,11.0,8.0,0.0,0.0,1.0,0.0,2024,Atalanta,0
2024-01-15,Mon,Serie A,Away,L,0.0,5.0,Atalanta,,8.0,5.0,8.0,11.0,1.0,0.0,0.0,0.0,2024,Frosinone,0
2024-01-16,Tue,Serie A,Home,W,3.0,0.0,Sassuolo,,12.0,5.0,9.0,9.0,0.0,0.0,2.0,0.0,2024,Juventus,1
2024-01-16,Tue,Serie A,Away,L,0.0,3.0,Juventus,,8.0,4.0,9.0,9.0,2.0,0.0,0.0,0.0,2024,Sassuolo,1
2024-01-20,Sat,Serie A,Away,W,3.0,2.0,Udinese,,15.0,7.0,9.0,12.0,1.0,0.0,6.0,0.0,2024,Milan,5
2024-01-20,Sat,Serie A,Home,W,2.0,1.0,Verona,,9.0,2.0,14.0,12.0,2.0,0.0,2.0,0.0,2024,Roma,5
2024-01-20,Sat,Serie A,Home,L,2.0,3.0,Milan,,11.0,6.0,12.0,9.0,6.0,0.0,1.0,0.0,2024,Udinese,5
2024-01-20,Sat,Serie A,Away,L,1.0,2.0,Roma,,12.0,3.0,12.0,14.0,2.0,0.0,2.0,0.0,2024,Verona,5
2024-01-21,Sun,Serie A,Away,L,1.0,3.0,Frosinone,,9.0,4.0,18.0,11.0,5.0,0.0,3.0,0.0,2024,Cagliari,6
2024-01-21,Sun,Serie A,Home,W,3.0,0.0,Monza,,9.0,5.0,15.0,10.0,1.0,0.0,3.0,0.0,2024,Empoli,6
2024-01-21,Sun,Serie A,Home,W,3.0,1.0,Cagliari,,17.0,7.0,11.0,18.0,3.0,0.0,5.0,0.0,2024,Frosinone,6
2024-01-21,Sun,Serie A,Away,W,2.0,1.0,Salernitana,,5.0,5.0,15.0,7.0,5.0,0.0,0.0,0.0,2024,Genoa,6
2024-01-21,Sun,Serie A,Away,W,3.0,0.0,Lecce,,15.0,8.0,12.0,8.0,1.0,0.0,1.0,0.0,2024,Juventus,6
2024-01-21,Sun,Serie A,Home,L,0.0,3.0,Juventus,,12.0,3.0,8.0,12.0,1.0,0.0,1.0,0.0,2024,Lecce,6
2024-01-21,Sun,Serie A,Away,L,0.0,3.0,Empoli,,15.0,5.0,10.0,15.0,3.0,0.0,1.0,0.0,2024,Monza,6
2024-01-21,Sun,Serie A,Home,L,1.0,2.0,Genoa,,11.0,2.0,7.0,15.0,0.0,0.0,5.0,0.0,2024,Salernitana,6
2024-01-26,Fri,Serie A,Home,L,1.0,2.0,Torino,,25.0,10.0,12.0,12.0,2.0,0.0,4.0,0.0,2024,Cagliari,4
2024-01-26,Fri,Serie A,Away,W,2.0,1.0,Cagliari,,16.0,6.0,12.0,12.0,4.0,0.0,2.0,0.0,2024,Torino,4
2024-01-27,Sat,Serie A,Home,W,2.0,0.0,Udinese,,14.0,11.0,8.0,11.0,2.0,0.0,1.0,0.0,2024,Atalanta,5
2024-01-27,Sat,Serie A,Away,D,2.0,2.0,Milan,,15.0,4.0,12.0,16.0,3.0,0.0,5.0,0.0,2024,Bologna,5
2024-01-27,Sat,Serie A,Away,D,1.0,1.0,Juventus,,16.0,5.0,6.0,11.0,1.0,0.0,1.0,1.0,2024,Empoli,5
2024-01-27,Sat,Serie A,Home,D,1.0,1.0,Empoli,,9.0,3.0,11.0,6.0,1.0,1.0,1.0,0.0,2024,Juventus,5
2024-01-27,Sat,Serie A,Home,D,2.0,2.0,Bologna,,14.0,4.0,16.0,12.0,5.0,0.0,3.0,0.0,2024,Milan,5
2024-01-27,Sat,Serie A,Away,L,0.0,2.0,Atalanta,,13.0,5.0,11.0,8.0,1.0,0.0,2.0,0.0,2024,Udinese,5
2024-01-28,Sun,Serie A,Home,L,0.0,1.0,Inter,,14.0,4.0,6.0,12.0,2.0,0.0,3.0,0.0,2024,Fiorentina,6
2024-01-28,Sun,Serie A,Away,D,1.0,1.0,Verona,,11.0,6.0,12.0,17.0,2.0,0.0,2.0,0.0,2024,Frosinone,6
2024-01-28,Sun,Serie A,Home,W,2.0,1.0,Lecce,,19.0,7.0,12.0,17.0,0.0,0.0,2.0,0.0,2024,Genoa,6
2024-01-28,Sun,Serie A,Away,W,1.0,0.0,Fiorentina,,8.0,4.0,12.0,6.0,3.0,0.0,2.0,0.0,2024,Inter,6
2024-01-28,Sun,Serie A,Home,D,0.0,0.0,Napoli,,10.0,1.0,11.0,11.0,3.0,0.0,2.0,0.0,2024,Lazio,6
2024-01-28,Sun,Serie A,Away,L,1.0,2.0,Genoa,,19.0,5.0,17.0,12.0,2.0,0.0,0.0,0.0,2024,Lecce,6
2024-01-28,Sun,Serie A,Home,W,1.0,0.0,Sassuolo,,12.0,1.0,8.0,13.0,1.0,0.0,3.0,0.0,2024,Monza,6
2024-01-28,Sun,Serie A,Away,D,0.0,0.0,Lazio,,5.0,0.0,11.0,11.0,2.0,0.0,3.0,0.0,2024,Napoli,6
2024-01-28,Sun,Serie A,Away,L,0.0,1.0,Monza,,14.0,3.0,13.0,8.0,3.0,0.0,1.0,0.0,2024,Sassuolo,6
2024-01-28,Sun,Serie A,Home,D,1.0,1.0,Frosinone,,15.0,5.0,17.0,12.0,2.0,0.0,2.0,0.0,2024,Verona,6
2024-01-29,Mon,Serie A,Away,W,2.0,1.0,Salernitana,,5.0,2.0,12.0,12.0,3.0,0.0,2.0,0.0,2024,Roma,0
2024-01-29,Mon,Serie A,Home,L,1.0,2.0,Roma,,15.0,7.0,12.0,12.0,2.0,0.0,3.0,0.0,2024,Salernitana,0
2024-02-02,Fri,Serie A,Away,L,2.0,3.0,Lecce,,10.0,3.0,14.0,13.0,3.0,0.0,3.0,0.0,2024,Fiorentina,4
2024-02-02,Fri,Serie A,Home,W,3.0,2.0,Fiorentina,,16.0,8.0,13.0,14.0,3.0,0.0,3.0,0.0,2024,Lecce,4
2024-02-03,Sat,Serie A,Home,W,4.0,2.0,Sassuolo,,19.0,4.0,12.0,10.0,1.0,0.0,3.0,0.0,2024,Bologna,5
2024-02-03,Sat,Serie A,Home,D,0.0,0.0,Genoa,,15.0,4.0,11.0,12.0,2.0,0.0,3.0,1.0,2024,Empoli,5
2024-02-03,Sat,Serie A,Home,L,2.0,3.0,Milan,,7.0,4.0,10.0,13.0,1.0,0.0,3.0,0.0,2024,Frosinone,5
2024-02-03,Sat,Serie A,Away,D,0.0,0.0,Empoli,,10.0,2.0,12.0,11.0,3.0,1.0,2.0,0.0,2024,Genoa,5
2024-02-03,Sat,Serie A,Away,W,3.0,2.0,Frosinone,,13.0,5.0,13.0,10.0,3.0,0.0,1.0,0.0,2024,Milan,5
2024-02-03,Sat,Serie A,Away,D,0.0,0.0,Udinese,,3.0,2.0,13.0,12.0,2.0,0.0,3.0,0.0,2024,Monza,5
2024-02-03,Sat,Serie A,Away,L,2.0,4.0,Bologna,,12.0,4.0,10.0,12.0,3.0,0.0,1.0,0.0,2024,Sassuolo,5
2024-02-03,Sat,Serie A,Home,D,0.0,0.0,Monza,,21.0,6.0,12.0,13.0,3.0,0.0,2.0,0.0,2024,Udinese,5
2024-02-04,Sun,Serie A,Home,W,3.0,1.0,Lazio,,19.0,5.0,13.0,14.0,2.0,0.0,3.0,0.0,2024,Atalanta,6
2024-02-04,Sun,Serie A,Home,W,1.0,0.0,Juventus,,15.0,3.0,8.0,8.0,2.0,0.0,2.0,0.0,2024,Inter,6
2024-02-04,Sun,Serie A,Away,L,0.0,1.0,Inter,,12.0,1.0,8.0,8.0,2.0,0.0,2.0,0.0,2024,Juventus,6
2024-02-04,Sun,Serie A,Away,L,1.0,3.0,Atalanta,,7.0,1.0,14.0,13.0,3.0,0.0,2.0,0.0,2024,Lazio,6
2024-02-04,Sun,Serie A,Home,W,2.0,1.0,Verona,,19.0,8.0,11.0,14.0,3.0,0.0,2.0,0.0,2024,Napoli,6
2024-02-04,Sun,Serie A,Away,D,0.0,0.0,Torino,,3.0,1.0,8.0,11.0,1.0,0.0,2.0,0.0,2024,Salernitana,6
2024-02-04,Sun,Serie A,Home,D,0.0,0.0,Salernitana,,13.0,1.0,11.0,8.0,2.0,0.0,1.0,0.0,2024,Torino,6
2024-02-04,Sun,Serie A,Away,L,1.0,2.0,Napoli,,12.0,2.0,14.0,11.0,2.0,0.0,3.0,0.0,2024,Verona,6
2024-02-05,Mon,Serie A,Away,L,0.0,4.0,Roma,,12.0,3.0,12.0,8.0,1.0,0.0,1.0,0.0,2024,Cagliari,0
2024-02-05,Mon,Serie A,Home,W,4.0,0.0,Cagliari,,20.0,6.0,8.0,12.0,1.0,0.0,1.0,0.0,2024,Roma,0
2024-02-09,Fri,Serie A,Away,W,3.0,1.0,Salernitana,,17.0,3.0,17.0,10.0,2.0,0.0,3.0,0.0,2024,Empoli,4
2024-02-09,Fri,Serie A,Home,L,1.0,3.0,Empoli,,13.0,4.0,10.0,17.0,3.0,0.0,2.0,0.0,2024,Salernitana,4
2024-02-10,Sat,Serie A,Home,L,1.0,3.0,Lazio,,13.0,6.0,6.0,9.0,1.0,0.0,3.0,0.0,2024,Cagliari,5
2024-02-10,Sat,Serie A,Away,W,4.0,2.0,Roma,,10.0,6.0,14.0,9.0,0.0,0.0,2.0,0.0,2024,Inter,5
2024-02-10,Sat,Serie A,Away,W,3.0,1.0,Cagliari,,12.0,5.0,9.0,6.0,3.0,0.0,1.0,0.0,2024,Lazio,5
2024-02-10,Sat,Serie A,Home,L,2.0,4.0,Inter,,8.0,3.0,9.0,14.0,2.0,0.0,0.0,0.0,2024,Roma,5
2024-02-10,Sat,Serie A,Home,D,1.0,1.0,Torino,,11.0,4.0,12.0,11.0,1.0,0.0,3.0,0.0,2024,Sassuolo,5
2024-02-10,Sat,Serie A,Away,D,1.0,1.0,Sassuolo,,13.0,2.0,11.0,12.0,3.0,0.0,1.0,0.0,2024,Torino,5
2024-02-11,Sun,Serie A,Away,W,4.0,1.0,Genoa,,14.0,9.0,13.0,8.0,4.0,0.0,3.0,0.0,2024,Atalanta,6
2024-02-11,Sun,Serie A,Home,W,4.0,0.0,Lecce,,16.0,6.0,10.0,13.0,1.0,0.0,2.0,0.0,2024,Bologna,6
2024-02-11,Sun,Serie A,Home,W,5.0,1.0,Frosinone,,18.0,7.0,16.0,8.0,3.0,0.0,1.0,0.0,2024,Fiorentina,6
2024-02-11,Sun,Serie A,Away,L,1.0,5.0,Fiorentina,,11.0,3.0,8.0,16.0,1.0,0.0,3.0,0.0,2024,Frosinone,6
2024-02-11,Sun,Serie A,Home,L,1.0,4.0,Atalanta,,15.0,6.0,8.0,13.0,3.0,0.0,4.0,0.0,2024,Genoa,6
2024-02-11,Sun,Serie A,Away,L,0.0,4.0,Bologna,,14.0,3.0,13.0,10.0,2.0,0.0,1.0,0.0,2024,Lecce,6
2024-02-11,Sun,Serie A,Home,W,1.0,0.0,Napoli,,10.0,6.0,9.0,12.0,1.0,0.0,1.0,0.0,2024,Milan,6
2024-02-11,Sun,Serie A,Home,D,0.0,0.0,Verona,,11.0,1.0,19.0,15.0,1.0,0.0,2.0,0.0,2024,Monza,6
2024-02-11,Sun,Serie A,Away,L,0.0,1.0,Milan,,12.0,2.0,12.0,9.0,1.0,0.0,1.0,0.0,2024,Napoli,6
2024-02-11,Sun,Serie A,Away,D,0.0,0.0,Monza,,10.0,1.0,15.0,19.0,2.0,0.0,1.0,0.0,2024,Verona,6
2024-02-12,Mon,Serie A,Home,L,0.0,1.0,Udinese,,14.0,6.0,15.0,10.0,3.0,0.0,3.0,0.0,2024,Juventus,0
2024-02-12,Mon,Serie A,Away,W,1.0,0.0,Juventus,,8.0,1.0,10.0,15.0,3.0,0.0,3.0,0.0,2024,Udinese,0
2024-02-14,Wed,Serie A,Home,W,2.0,0.0,Fiorentina,,18.0,7.0,11.0,8.0,2.0,0.0,3.0,0.0,2024,Bologna,2
2024-02-14,Wed,Serie A,Away,L,0.0,2.0,Bologna,,12.0,3.0,8.0,11.0,3.0,0.0,2.0,0.0,2024,Fiorentina,2
2024-02-16,Fri,Serie A,Home,W,4.0,0.0,Salernitana,,26.0,10.0,9.0,9.0,0.0,0.0,1.0,0.0,2024,Inter,4
2024-02-16,Fri,Serie A,Away,L,0.0,2.0,Torino,,8.0,4.0,11.0,16.0,4.0,1.0,1.0,0.0,2024,Lecce,4
2024-02-16,Fri,Serie A,Away,L,0.0,4.0,Inter,,1.0,0.0,9.0,9.0,1.0,0.0,0.0,0.0,2024,Salernitana,4
2024-02-16,Fri,Serie A,Home,W,2.0,0.0,Lecce,,12.0,4.0,16.0,11.0,1.0,0.0,4.0,1.0,2024,Torino,4
2024-02-17,Sat,Serie A,Home,W,3.0,0.0,Sassuolo,,28.0,13.0,10.0,9.0,0.0,0.0,0.0,0.0,2024,Atalanta,5
2024-02-17,Sat,Serie A,Away,D,1.0,1.0,Napoli,,6.0,4.0,13.0,9.0,2.0,0.0,3.0,0.0,2024,Genoa,5
2024-02-17,Sat,Serie A,Away,D,2.0,2.0,Verona,,18.0,4.0,10.0,8.0,0.0,0.0,0.0,0.0,2024,Juventus,5
2024-02-17,Sat,Serie A,Home,D,1.0,1.0,Genoa,,25.0,7.0,9.0,13.0,3.0,0.0,2.0,0.0,2024,Napoli,5
2024-02-17,Sat,Serie A,Away,L,0.0,3.0,Atalanta,,12.0,4.0,9.0,10.0,0.0,0.0,0.0,0.0,2024,Sassuolo,5
2024-02-17,Sat,Serie A,Home,D,2.0,2.0,Juventus,,14.0,9.0,8.0,10.0,0.0,0.0,0.0,0.0,2024,Verona,5
2024-02-18,Sun,Serie A,Away,W,2.0,1.0,Lazio,,11.0,3.0,11.0,5.0,3.0,0.0,2.0,0.0,2024,Bologna,6
2024-02-18,Sun,Serie A,Away,D,1.0,1.0,Udinese,,5.0,2.0,10.0,14.0,2.0,0.0,3.0,0.0,2024,Cagliari,6
2024-02-18,Sun,Serie A,Home,D,1.0,1.0,Fiorentina,,5.0,4.0,15.0,14.0,3.0,0.0,2.0,0.0,2024,Empoli,6
2024-02-18,Sun,Serie A,Away,D,1.0,1.0,Empoli,,9.0,4.0,14.0,15.0,2.0,0.0,3.0,0.0,2024,Fiorentina,6
2024-02-18,Sun,Serie A,Home,L,0.0,3.0,Roma,,25.0,7.0,10.0,16.0,0.0,0.0,3.0,0.0,2024,Frosinone,6
2024-02-18,Sun,Serie A,Home,L,1.0,2.0,Bologna,,12.0,7.0,5.0,11.0,2.0,0.0,3.0,0.0,2024,Lazio,6
2024-02-18,Sun,Serie A,Away,L,2.0,4.0,Monza,,16.0,6.0,10.0,11.0,1.0,1.0,4.0,0.0,2024,Milan,6
2024-02-18,Sun,Serie A,Home,W,4.0,2.0,Milan,,12.0,6.0,11.0,10.0,4.0,0.0,1.0,1.0,2024,Monza,6
2024-02-18,Sun,Serie A,Away,W,3.0,0.0,Frosinone,,13.0,5.0,16.0,10.0,3.0,0.0,0.0,0.0,2024,Roma,6
2024-02-18,Sun,Serie A,Home,D,1.0,1.0,Cagliari,,17.0,3.0,14.0,10.0,3.0,0.0,2.0,0.0,2024,Udinese,6
2024-02-22,Thu,Serie A,Away,W,2.0,0.0,Torino,,7.0,4.0,7.0,11.0,2.0,1.0,3.0,0.0,2024,Lazio,3
2024-02-22,Thu,Serie A,Home,L,0.0,2.0,Lazio,,24.0,4.0,11.0,7.0,3.0,0.0,2.0,1.0,2024,Torino,3
2024-02-23,Fri,Serie A,Home,W,2.0,0.0,Verona,,12.0,3.0,12.0,15.0,2.0,0.0,2.0,0.0,2024,Bologna,4
2024-02-23,Fri,Serie A,Away,L,0.0,2.0,Bologna,,7.0,3.0,15.0,12.0,2.0,0.0,2.0,0.0,2024,Verona,4
2024-02-24,Sat,Serie A,Away,W,3.0,2.0,Sassuolo,,14.0,6.0,14.0,12.0,3.0,0.0,1.0,0.0,2024,Empoli,5
2024-02-24,Sat,Serie A,Home,W,2.0,0.0,Udinese,,19.0,4.0,9.0,17.0,1.0,0.0,4.0,1.0,2024,Genoa,5
2024-02-24,Sat,Serie A,Away,W,2.0,0.0,Salernitana,,17.0,7.0,13.0,6.0,2.0,0.0,2.0,0.0,2024,Monza,5
2024-02-24,Sat,Serie A,Home,L,0.0,2.0,Monza,,11.0,3.0,6.0,13.0,2.0,0.0,2.0,0.0,2024,Salernitana,5
2024-02-24,Sat,Serie A,Home,L,2.0,3.0,Empoli,,19.0,5.0,12.0,14.0,1.0,0.0,3.0,0.0,2024,Sassuolo,5
2024-02-24,Sat,Serie A,Away,L,0.0,2.0,Genoa,,5.0,1.0,17.0,9.0,4.0,1.0,1.0,0.0,2024,Udinese,5
2024-02-25,Sun,Serie A,Away,D,1.0,1.0,Milan,,8.0,3.0,16.0,12.0,4.0,0.0,1.0,0.0,2024,Atalanta,6
2024-02-25,Sun,Serie A,Home,D,1.0,1.0,Napoli,,8.0,3.0,12.0,12.0,4.0,0.0,1.0,0.0,2024,Cagliari,6
2024-02-25,Sun,Serie A,Away,L,2.0,3.0,Juventus,,7.0,3.0,6.0,12.0,2.0,0.0,2.0,0.0,2024,Frosinone,6
2024-02-25,Sun,Serie A,Away,W,4.0,0.0,Lecce,,11.0,7.0,6.0,13.0,2.0,0.0,1.0,0.0,2024,Inter,6
2024-02-25,Sun,Serie A,Home,W,3.0,2.0,Frosinone,,22.0,5.0,12.0,6.0,2.0,0.0,2.0,0.0,2024,Juventus,6
2024-02-25,Sun,Serie A,Home,L,0.0,4.0,Inter,,14.0,2.0,13.0,6.0,1.0,0.0,2.0,0.0,2024,Lecce,6
2024-02-25,Sun,Serie A,Home,D,1.0,1.0,Atalanta,,20.0,7.0,12.0,16.0,1.0,0.0,4.0,0.0,2024,Milan,6
2024-02-25,Sun,Serie A,Away,D,1.0,1.0,Cagliari,,9.0,4.0,12.0,12.0,1.0,0.0,4.0,0.0,2024,Napoli,6
2024-02-26,Mon,Serie A,Home,W,2.0,1.0,Lazio,,22.0,7.0,15.0,12.0,0.0,0.0,2.0,0.0,2024,Fiorentina,0
2024-02-26,Mon,Serie A,Away,L,1.0,2.0,Fiorentina,,5.0,1.0,12.0,15.0,2.0,0.0,0.0,0.0,2024,Lazio,0
2024-02-26,Mon,Serie A,Home,W,3.0,2.0,Torino,,6.0,3.0,12.0,16.0,2.0,0.0,2.0,0.0,2024,Roma,0
2024-02-26,Mon,Serie A,Away,L,2.0,3.0,Roma,,14.0,6.0,16.0,12.0,2.0,0.0,2.0,0.0,2024,Torino,0
2024-02-28,Wed,Serie A,Away,L,0.0,4.0,Inter,,6.0,1.0,15.0,10.0,6.0,0.0,2.0,0.0,2024,Atalanta,2
2024-02-28,Wed,Serie A,Home,W,4.0,0.0,Atalanta,,15.0,7.0,10.0,15.0,2.0,0.0,6.0,0.0,2024,Inter,2
2024-02-28,Wed,Serie A,Away,W,6.0,1.0,Sassuolo,,27.0,9.0,5.0,3.0,0.0,0.0,0.0,0.0,2024,Napoli,2
2024-02-28,Wed,Serie A,Home,L,1.0,6.0,Napoli,,5.0,2.0,3.0,5.0,0.0,0.0,0.0,0.0,2024,Sassuolo,2
2024-03-01,Fri,Serie A,Home,L,0.0,1.0,Milan,,11.0,3.0,17.0,19.0,5.0,3.0,6.0,0.0,2024,Lazio,4
2024-03-01,Fri,Serie A,Away,W,1.0,0.0,Lazio,,14.0,5.0,19.0,17.0,6.0,0.0,5.0,3.0,2024,Milan,4
2024-03-02,Sat,Serie A,Away,D,0.0,0.0,Torino,,14.0,3.0,13.0,13.0,4.0,0.0,2.0,1.0,2024,Fiorentina,5
2024-03-02,Sat,Serie A,Home,L,1.0,4.0,Roma,,16.0,5.0,11.0,18.0,1.0,0.0,4.0,0.0,2024,Monza,5
2024-03-02,Sat,Serie A,Away,W,4.0,1.0,Monza,,12.0,6.0,18.0,11.0,4.0,0.0,1.0,0.0,2024,Roma,5
2024-03-02,Sat,Serie A,Away,D,1.0,1.0,Udinese,,17.0,1.0,13.0,13.0,1.0,0.0,6.0,1.0,2024,Salernitana,5
2024-03-02,Sat,Serie A,Home,D,0.0,0.0,Fiorentina,,8.0,2.0,13.0,13.0,2.0,1.0,4.0,0.0,2024,Torino,5
2024-03-02,Sat,Serie A,Home,D,1.0,1.0,Salernitana,,18.0,5.0,13.0,13.0,6.0,1.0,1.0,0.0,2024,Udinese,5
2024-03-03,Sun,Serie A,Home,L,1.0,2.0,Bologna,,11.0,2.0,11.0,12.0,3.0,0.0,2.0,0.0,2024,Atalanta,6
2024-03-03,Sun,Serie A,Away,W,2.0,1.0,Atalanta,,11.0,6.0,12.0,11.0,2.0,0.0,3.0,0.0,2024,Bologna,6
2024-03-03,Sun,Serie A,Away,W,1.0,0.0,Empoli,,8.0,4.0,15.0,11.0,3.0,0.0,0.0,0.0,2024,Cagliari,6
2024-03-03,Sun,Serie A,Home,L,0.0,1.0,Cagliari,,16.0,3.0,11.0,15.0,0.0,0.0,3.0,0.0,2024,Empoli,6
2024-03-03,Sun,Serie A,Home,D,1.0,1.0,Lecce,,15.0,7.0,11.0,10.0,1.0,0.0,1.0,0.0,2024,Frosinone,6
2024-03-03,Sun,Serie A,Away,L,1.0,2.0,Napoli,,18.0,4.0,16.0,6.0,4.0,0.0,1.0,0.0,2024,Juventus,6
2024-03-03,Sun,Serie A,Away,D,1.0,1.0,Frosinone,,11.0,4.0,10.0,11.0,1.0,0.0,1.0,0.0,2024,Lecce,6
2024-03-03,Sun,Serie A,Home,W,2.0,1.0,Juventus,,14.0,7.0,6.0,16.0,1.0,0.0,4.0,0.0,2024,Napoli,6
2024-03-03,Sun,Serie A,Away,L,0.0,1.0,Verona,,13.0,2.0,10.0,23.0,2.0,0.0,4.0,0.0,2024,Sassuolo,6
2024-03-03,Sun,Serie A,Home,W,1.0,0.0,Sassuolo,,10.0,5.0,23.0,10.0,4.0,0.0,2.0,0.0,2024,Verona,6
2024-03-04,Mon,Serie A,Away,L,1.0,2.0,Inter,,10.0,2.0,17.0,5.0,3.0,0.0,2.0,0.0,2024,Genoa,0
2024-03-04,Mon,Serie A,Home,W,2.0,1.0,Genoa,,16.0,5.0,5.0,17.0,2.0,0.0,3.0,0.0,2024,Inter,0
2024-03-08,Fri,Serie A,Home,D,1.0,1.0,Torino,,22.0,8.0,9.0,13.0,2.0,0.0,2.0,0.0,2024,Napoli,4
2024-03-08,Fri,Serie A,Away,D,1.0,1.0,Napoli,,11.0,2.0,13.0,9.0,2.0,0.0,2.0,0.0,2024,Torino,4
2024-03-09,Sat,Serie A,Home,L,0.0,1.0,Inter,,19.0,3.0,17.0,12.0,2.0,0.0,1.0,0.0,2024,Bologna,5
2024-03-09,Sat,Serie A,Home,W,4.0,2.0,Salernitana,,12.0,7.0,16.0,11.0,1.0,0.0,2.0,0.0,2024,Cagliari,5
2024-03-09,Sat,Serie A,Away,L,0.0,1.0,Sassuolo,,11.0,1.0,9.0,14.0,1.0,0.0,3.0,0.0,2024,Frosinone,5
2024-03-09,Sat,Serie A,Home,L,2.0,3.0,Monza,,22.0,6.0,11.0,10.0,1.0,0.0,1.0,0.0,2024,Genoa,5
2024-03-09,Sat,Serie A,Away,W,1.0,0.0,Bologna,,5.0,4.0,12.0,17.0,1.0,0.0,2.0,0.0,2024,Inter,5
2024-03-09,Sat,Serie A,Away,W,3.0,2.0,Genoa,,9.0,5.0,10.0,11.0,1.0,0.0,1.0,0.0,2024,Monza,5
2024-03-09,Sat,Serie A,Away,L,2.0,4.0,Cagliari,,12.0,5.0,11.0,16.0,2.0,0.0,1.0,0.0,2024,Salernitana,5
2024-03-09,Sat,Serie A,Home,W,1.0,0.0,Frosinone,,10.0,4.0,14.0,9.0,3.0,0.0,1.0,0.0,2024,Sassuolo,5
2024-03-10,Sun,Serie A,Away,D,2.0,2.0,Juventus,,7.0,3.0,10.0,12.0,1.0,0.0,0.0,0.0,2024,Atalanta,6
2024-03-10,Sun,Serie A,Away,L,0.0,1.0,Milan,,5.0,2.0,13.0,18.0,4.0,0.0,1.0,0.0,2024,Empoli,6
2024-03-10,Sun,Serie A,Home,D,2.0,2.0,Roma,,15.0,5.0,10.0,15.0,2.0,0.0,5.0,0.0,2024,Fiorentina,6
2024-03-10,Sun,Serie A,Home,D,2.0,2.0,Atalanta,,18.0,5.0,12.0,10.0,0.0,0.0,1.0,0.0,2024,Juventus,6
2024-03-10,Sun,Serie A,Home,L,0.0,1.0,Verona,,15.0,3.0,15.0,19.0,3.0,0.0,3.0,1.0,2024,Lecce,6
2024-03-10,Sun,Serie A,Home,W,1.0,0.0,Empoli,,15.0,5.0,18.0,13.0,1.0,0.0,4.0,0.0,2024,Milan,6
2024-03-10,Sun,Serie A,Away,D,2.0,2.0,Fiorentina,,10.0,5.0,15.0,10.0,5.0,0.0,2.0,0.0,2024,Roma,6
2024-03-10,Sun,Serie A,Away,W,1.0,0.0,Lecce,,13.0,4.0,19.0,15.0,3.0,1.0,3.0,0.0,2024,Verona,6
2024-03-11,Mon,Serie A,Home,L,1.0,2.0,Udinese,,18.0,6.0,9.0,15.0,3.0,0.0,6.0,1.0,2024,Lazio,0
2024-03-11,Mon,Serie A,Away,W,2.0,1.0,Lazio,,14.0,5.0,15.0,9.0,6.0,1.0,3.0,0.0,2024,Udinese,0
2024-03-15,Fri,Serie A,Away,W,1.0,0.0,Empoli,,20.0,9.0,12.0,19.0,0.0,0.0,4.0,0.0,2024,Bologna,4
2024-03-15,Fri,Serie A,Home,L,0.0,1.0,Bologna,,10.0,1.0,19.0,12.0,4.0,0.0,0.0,0.0,2024,Empoli,4
2024-03-16,Sat,Serie A,Away,L,0.0,1.0,Monza,,10.0,0.0,9.0,11.0,1.0,0.0,2.0,0.0,2024,Cagliari,5
2024-03-16,Sat,Serie A,Home,L,2.0,3.0,Lazio,,14.0,5.0,10.0,15.0,1.0,0.0,3.0,0.0,2024,Frosinone,5
2024-03-16,Sat,Serie A,Away,W,3.0,2.0,Frosinone,,22.0,7.0,15.0,10.0,3.0,0.0,1.0,0.0,2024,Lazio,5
2024-03-16,Sat,Serie A,Away,W,1.0,0.0,Salernitana,,17.0,4.0,18.0,9.0,3.0,0.0,4.0,0.0,2024,Lecce,5
2024-03-16,Sat,Serie A,Home,W,1.0,0.0,Cagliari,,15.0,3.0,11.0,9.0,2.0,0.0,1.0,0.0,2024,Monza,5
2024-03-16,Sat,Serie A,Home,L,0.0,1.0,Lecce,,15.0,6.0,9.0,18.0,4.0,0.0,3.0,0.0,2024,Salernitana,5
2024-03-16,Sat,Serie A,Away,W,2.0,0.0,Udinese,,12.0,5.0,17.0,11.0,2.0,0.0,3.0,0.0,2024,Torino,5
2024-03-16,Sat,Serie A,Home,L,0.0,2.0,Torino,,12.0,1.0,11.0,17.0,3.0,0.0,2.0,0.0,2024,Udinese,5
2024-03-17,Sun,Serie A,Away,D,0.0,0.0,Juventus,,5.0,2.0,11.0,11.0,1.0,0.0,4.0,1.0,2024,Genoa,6
2024-03-17,Sun,Serie A,Home,D,1.0,1.0,Napoli,,19.0,6.0,19.0,6.0,2.0,0.0,1.0,0.0,2024,Inter,6
2024-03-17,Sun,Serie A,Home,D,0.0,0.0,Genoa,,17.0,2.0,11.0,11.0,4.0,1.0,1.0,0.0,2024,Juventus,6
2024-03-17,Sun,Serie A,Away,W,3.0,1.0,Verona,,18.0,6.0,8.0,9.0,3.0,0.0,1.0,0.0,2024,Milan,6
2024-03-17,Sun,Serie A,Away,D,1.0,1.0,Inter,,11.0,3.0,6.0,19.0,1.0,0.0,2.0,0.0,2024,Napoli,6
2024-03-17,Sun,Serie A,Home,W,1.0,0.0,Sassuolo,,10.0,4.0,11.0,10.0,2.0,0.0,1.0,0.0,2024,Roma,6
2024-03-17,Sun,Serie A,Away,L,0.0,1.0,Roma,,8.0,2.0,10.0,11.0,1.0,0.0,2.0,0.0,2024,Sassuolo,6
2024-03-17,Sun,Serie A,Home,L,1.0,3.0,Milan,,15.0,4.0,9.0,8.0,1.0,0.0,3.0,0.0,2024,Verona,6
2024-03-30,Sat,Serie A,Away,W,3.0,0.0,Napoli,,12.0,6.0,13.0,6.0,2.0,0.0,2.0,0.0,2024,Atalanta,5
2024-03-30,Sat,Serie A,Home,L,1.0,2.0,Milan,,17.0,7.0,8.0,12.0,2.0,0.0,3.0,0.0,2024,Fiorentina,5
2024-03-30,Sat,Serie A,Away,D,1.0,1.0,Genoa,,15.0,3.0,11.0,16.0,1.0,0.0,2.0,0.0,2024,Frosinone,5
2024-03-30,Sat,Serie A,Home,D,1.0,1.0,Frosinone,,9.0,3.0,16.0,11.0,2.0,0.0,1.0,0.0,2024,Genoa,5
2024-03-30,Sat,Serie A,Away,L,0.0,1.0,Lazio,,9.0,3.0,10.0,12.0,2.0,0.0,1.0,0.0,2024,Juventus,5
2024-03-30,Sat,Serie A,Home,W,1.0,0.0,Juventus,,16.0,4.0,12.0,10.0,1.0,0.0,2.0,0.0,2024,Lazio,5
2024-03-30,Sat,Serie A,Away,W,2.0,1.0,Fiorentina,,14.0,10.0,12.0,8.0,3.0,0.0,2.0,0.0,2024,Milan,5
2024-03-30,Sat,Serie A,Away,L,0.0,1.0,Torino,,9.0,2.0,11.0,9.0,3.0,1.0,0.0,0.0,2024,Monza,5
2024-03-30,Sat,Serie A,Home,L,0.0,3.0,Atalanta,,20.0,6.0,6.0,13.0,2.0,0.0,2.0,0.0,2024,Napoli,5
2024-03-30,Sat,Serie A,Home,W,1.0,0.0,Monza,,15.0,6.0,9.0,11.0,0.0,0.0,3.0,1.0,2024,Torino,5
2024-04-01,Mon,Serie A,Home,W,3.0,0.0,Salernitana,,14.0,3.0,11.0,12.0,0.0,0.0,3.0,0.0,2024,Bologna,0
2024-04-01,Mon,Serie A,Home,D,1.0,1.0,Verona,,11.0,2.0,11.0,16.0,0.0,0.0,2.0,0.0,2024,Cagliari,0
2024-04-01,Mon,Serie A,Away,L,0.0,2.0,Inter,,14.0,3.0,16.0,14.0,2.0,0.0,0.0,0.0,2024,Empoli,0
2024-04-01,Mon,Serie A,Home,W,2.0,0.0,Empoli,,19.0,7.0,14.0,16.0,0.0,0.0,2.0,0.0,2024,Inter,0
2024-04-01,Mon,Serie A,Home,D,0.0,0.0,Roma,,27.0,6.0,9.0,12.0,3.0,0.0,2.0,0.0,2024,Lecce,0
2024-04-01,Mon,Serie A,Away,D,0.0,0.0,Lecce,,10.0,3.0,12.0,9.0,2.0,0.0,3.0,0.0,2024,Roma,0
2024-04-01,Mon,Serie A,Away,L,0.0,3.0,Bologna,,8.0,2.0,12.0,11.0,3.0,0.0,0.0,0.0,2024,Salernitana,0
2024-04-01,Mon,Serie A,Home,D,1.0,1.0,Udinese,,14.0,5.0,7.0,10.0,1.0,0.0,2.0,0.0,2024,Sassuolo,0
2024-04-01,Mon,Serie A,Away,D,1.0,1.0,Sassuolo,,12.0,3.0,10.0,7.0,2.0,0.0,1.0,0.0,2024,Udinese,0
2024-04-01,Mon,Serie A,Away,D,1.0,1.0,Cagliari,,8.0,5.0,16.0,11.0,2.0,0.0,0.0,0.0,2024,Verona,0
2024-04-05,Fri,Serie A,Home,D,2.0,2.0,Sassuolo,,5.0,2.0,10.0,13.0,4.0,0.0,3.0,0.0,2024,Salernitana,4
2024-04-05,Fri,Serie A,Away,D,2.0,2.0,Salernitana,,16.0,5.0,13.0,10.0,3.0,0.0,4.0,0.0,2024,Sassuolo,4
2024-04-06,Sat,Serie A,Home,W,3.0,2.0,Torino,,4.0,3.0,13.0,13.0,2.0,0.0,1.0,0.0,2024,Empoli,5
2024-04-06,Sat,Serie A,Away,L,0.0,1.0,Roma,,11.0,1.0,15.0,14.0,3.0,0.0,6.0,0.0,2024,Lazio,5
2024-04-06,Sat,Serie A,Away,L,0.0,3.0,Milan,,12.0,7.0,8.0,8.0,1.0,1.0,1.0,0.0,2024,Lecce,5
2024-04-06,Sat,Serie A,Home,W,3.0,0.0,Lecce,,16.0,8.0,8.0,8.0,1.0,0.0,1.0,1.0,2024,Milan,5
2024-04-06,Sat,Serie A,Home,W,1.0,0.0,Lazio,,15.0,3.0,14.0,15.0,6.0,0.0,3.0,0.0,2024,Roma,5
2024-04-06,Sat,Serie A,Away,L,2.0,3.0,Empoli,,19.0,5.0,13.0,13.0,1.0,0.0,2.0,0.0,2024,Torino,5
2024-04-07,Sun,Serie A,Away,L,1.0,2.0,Cagliari,,7.0,2.0,19.0,16.0,3.0,0.0,3.0,0.0,2024,Atalanta,6
2024-04-07,Sun,Serie A,Away,D,0.0,0.0,Frosinone,,13.0,5.0,14.0,10.0,3.0,0.0,1.0,0.0,2024,Bologna,6
2024-04-07,Sun,Serie A,Home,W,2.0,1.0,Atalanta,,11.0,3.0,16.0,19.0,3.0,0.0,3.0,0.0,2024,Cagliari,6
2024-04-07,Sun,Serie A,Away,L,0.0,1.0,Juventus,,13.0,2.0,8.0,16.0,1.0,0.0,2.0,0.0,2024,Fiorentina,6
2024-04-07,Sun,Serie A,Home,D,0.0,0.0,Bologna,,12.0,5.0,10.0,14.0,1.0,0.0,3.0,0.0,2024,Frosinone,6
2024-04-07,Sun,Serie A,Away,W,2.0,1.0,Verona,,11.0,5.0,15.0,14.0,1.0,0.0,3.0,0.0,2024,Genoa,6
2024-04-07,Sun,Serie A,Home,W,1.0,0.0,Fiorentina,,7.0,2.0,16.0,8.0,2.0,0.0,1.0,0.0,2024,Juventus,6
2024-04-07,Sun,Serie A,Home,L,2.0,4.0,Napoli,,7.0,2.0,10.0,8.0,3.0,0.0,1.0,0.0,2024,Monza,6
2024-04-07,Sun,Serie A,Away,W,4.0,2.0,Monza,,19.0,8.0,8.0,10.0,1.0,0.0,3.0,0.0,2024,Napoli,6
2024-04-07,Sun,Serie A,Home,L,1.0,2.0,Genoa,,12.0,3.0,14.0,15.0,3.0,0.0,1.0,0.0,2024,Verona,6
2024-04-08,Mon,Serie A,Away,W,2.0,1.0,Udinese,,23.0,6.0,11.0,11.0,2.0,0.0,1.0,0.0,2024,Inter,0
2024-04-08,Mon,Serie A,Home,L,1.0,2.0,Inter,,3.0,1.0,11.0,11.0,1.0,0.0,2.0,0.0,2024,Udinese,0
2024-04-12,Fri,Serie A,Home,W,4.0,1.0,Salernitana,,17.0,6.0,15.0,10.0,0.0,0.0,1.0,0.0,2024,Lazio,4
2024-04-12,Fri,Serie A,Away,L,1.0,4.0,Lazio,,8.0,5.0,10.0,15.0,1.0,0.0,0.0,0.0,2024,Salernitana,4
2024-04-13,Sat,Serie A,Home,D,0.0,0.0,Monza,,17.0,7.0,13.0,19.0,4.0,0.0,4.0,0.0,2024,Bologna,5
2024-04-13,Sat,Serie A,Away,L,0.0,1.0,Lecce,,3.0,0.0,15.0,18.0,0.0,0.0,1.0,0.0,2024,Empoli,5
2024-04-13,Sat,Serie A,Away,D,0.0,0.0,Torino,,8.0,3.0,11.0,18.0,2.0,0.0,3.0,1.0,2024,Juventus,5
2024-04-13,Sat,Serie A,Home,W,1.0,0.0,Empoli,,14.0,7.0,18.0,15.0,1.0,0.0,0.0,0.0,2024,Lecce,5
2024-04-13,Sat,Serie A,Away,D,0.0,0.0,Bologna,,4.0,0.0,19.0,13.0,4.0,0.0,4.0,0.0,2024,Monza,5
2024-04-13,Sat,Serie A,Home,D,0.0,0.0,Juventus,,13.0,2.0,18.0,11.0,3.0,1.0,2.0,0.0,2024,Torino,5
2024-04-14,Sun,Serie A,Away,D,2.0,2.0,Inter,,11.0,6.0,10.0,5.0,2.0,0.0,0.0,0.0,2024,Cagliari,6
2024-04-14,Sun,Serie A,Away,D,2.0,2.0,Napoli,,13.0,6.0,14.0,11.0,1.0,0.0,3.0,1.0,2024,Frosinone,6
2024-04-14,Sun,Serie A,Home,D,2.0,2.0,Cagliari,,12.0,7.0,5.0,10.0,0.0,0.0,2.0,0.0,2024,Inter,6
2024-04-14,Sun,Serie A,Away,D,3.0,3.0,Sassuolo,,23.0,7.0,9.0,12.0,1.0,0.0,3.0,0.0,2024,Milan,6
2024-04-14,Sun,Serie A,Home,D,2.0,2.0,Frosinone,,20.0,9.0,11.0,14.0,3.0,1.0,1.0,0.0,2024,Napoli,6
2024-04-14,Sun,Serie A,Home,D,3.0,3.0,Milan,,10.0,5.0,12.0,9.0,3.0,0.0,1.0,0.0,2024,Sassuolo,6
2024-04-15,Mon,Serie A,Home,D,2.0,2.0,Verona,,16.0,9.0,6.0,10.0,0.0,0.0,2.0,0.0,2024,Atalanta,0
2024-04-15,Mon,Serie A,Home,D,1.0,1.0,Genoa,,20.0,3.0,8.0,19.0,1.0,0.0,2.0,0.0,2024,Fiorentina,0
2024-04-15,Mon,Serie A,Away,D,1.0,1.0,Fiorentina,,7.0,3.0,19.0,8.0,2.0,0.0,1.0,0.0,2024,Genoa,0
2024-04-15,Mon,Serie A,Away,D,2.0,2.0,Atalanta,,13.0,5.0,10.0,6.0,2.0,0.0,0.0,0.0,2024,Verona,0
2024-04-19,Fri,Serie A,Home,D,2.0,2.0,Juventus,,9.0,4.0,16.0,15.0,2.0,0.0,3.0,0.0,2024,Cagliari,4
2024-04-19,Fri,Serie A,Home,L,0.0,1.0,Lazio,,8.0,2.0,7.0,13.0,1.0,0.0,2.0,0.0,2024,Genoa,4
2024-04-19,Fri,Serie A,Away,D,2.0,2.0,Cagliari,,11.0,3.0,15.0,16.0,3.0,0.0,2.0,0.0,2024,Juventus,4
2024-04-19,Fri,Serie A,Away,W,1.0,0.0,Genoa,,13.0,1.0,13.0,7.0,2.0,0.0,1.0,0.0,2024,Lazio,4
2024-04-20,Sat,Serie A,Home,W,1.0,0.0,Napoli,,7.0,1.0,14.0,12.0,2.0,0.0,2.0,0.0,2024,Empoli,5
2024-04-20,Sat,Serie A,Away,L,0.0,1.0,Empoli,,9.0,1.0,12.0,14.0,2.0,0.0,2.0,0.0,2024,Napoli,5
2024-04-20,Sat,Serie A,Away,L,0.0,1.0,Verona,,18.0,1.0,12.0,18.0,2.0,0.0,2.0,0.0,2024,Udinese,5
2024-04-20,Sat,Serie A,Home,W,1.0,0.0,Udinese,,16.0,4.0,18.0,12.0,2.0,0.0,2.0,0.0,2024,Verona,5
2024-04-21,Sun,Serie A,Away,W,2.0,1.0,Monza,,12.0,6.0,13.0,8.0,2.0,0.0,3.0,0.0,2024,Atalanta,6
2024-04-21,Sun,Serie A,Away,W,2.0,0.0,Salernitana,,12.0,7.0,11.0,13.0,4.0,0.0,2.0,0.0,2024,Fiorentina,6
2024-04-21,Sun,Serie A,Away,D,0.0,0.0,Torino,,12.0,3.0,17.0,10.0,2.0,0.0,2.0,0.0,2024,Frosinone,6
2024-04-21,Sun,Serie A,Away,W,3.0,0.0,Sassuolo,,14.0,8.0,13.0,10.0,0.0,0.0,1.0,0.0,2024,Lecce,6
2024-04-21,Sun,Serie A,Home,L,1.0,2.0,Atalanta,,17.0,2.0,8.0,13.0,3.0,0.0,2.0,0.0,2024,Monza,6
2024-04-21,Sun,Serie A,Home,L,0.0,2.0,Fiorentina,,5.0,1.0,13.0,11.0,2.0,0.0,4.0,0.0,2024,Salernitana,6
2024-04-21,Sun,Serie A,Home,L,0.0,3.0,Lecce,,10.0,3.0,10.0,13.0,1.0,0.0,0.0,0.0,2024,Sassuolo,6
2024-04-21,Sun,Serie A,Home,D,0.0,0.0,Frosinone,,13.0,2.0,10.0,17.0,2.0,0.0,2.0,0.0,2024,Torino,6
2024-04-22,Mon,Serie A,Away,W,3.0,1.0,Roma,,11.0,3.0,12.0,8.0,2.0,0.0,5.0,0.0,2024,Bologna,0
2024-04-22,Mon,Serie A,Away,W,2.0,1.0,Milan,,11.0,3.0,10.0,19.0,2.0,1.0,3.0,2.0,2024,Inter,0
2024-04-22,Mon,Serie A,Home,L,1.0,2.0,Inter,,15.0,6.0,19.0,10.0,3.0,2.0,2.0,1.0,2024,Milan,0
2024-04-22,Mon,Serie A,Home,L,1.0,3.0,Bologna,,14.0,5.0,8.0,12.0,5.0,0.0,2.0,0.0,2024,Roma,0
2024-04-25,Thu,Serie A,Away,W,2.0,1.0,Udinese,,19.0,5.0,10.0,15.0,2.0,0.0,3.0,0.0,2024,Roma,3
2024-04-25,Thu,Serie A,Home,L,1.0,2.0,Roma,,9.0,3.0,15.0,10.0,3.0,0.0,2.0,0.0,2024,Udinese,3
2024-04-26,Fri,Serie A,Home,W,3.0,0.0,Salernitana,,11.0,4.0,13.0,10.0,2.0,0.0,2.0,0.0,2024,Frosinone,4
2024-04-26,Fri,Serie A,Away,L,0.0,3.0,Frosinone,,17.0,2.0,10.0,13.0,2.0,0.0,2.0,0.0,2024,Salernitana,4
2024-04-27,Sat,Serie A,Home,D,0.0,0.0,Milan,,18.0,7.0,10.0,4.0,0.0,0.0,1.0,0.0,2024,Juventus,5
2024-04-27,Sat,Serie A,Home,W,1.0,0.0,Verona,,17.0,5.0,13.0,18.0,4.0,0.0,4.0,0.0,2024,Lazio,5
2024-04-27,Sat,Serie A,Home,D,1.0,1.0,Monza,,12.0,4.0,13.0,18.0,2.0,0.0,3.0,0.0,2024,Lecce,5
2024-04-27,Sat,Serie A,Away,D,0.0,0.0,Juventus,,9.0,0.0,4.0,10.0,1.0,0.0,0.0,0.0,2024,Milan,5
2024-04-27,Sat,Serie A,Away,D,1.0,1.0,Lecce,,9.0,1.0,18.0,13.0,3.0,0.0,2.0,0.0,2024,Monza,5
2024-04-27,Sat,Serie A,Away,L,0.0,1.0,Lazio,,7.0,1.0,18.0,13.0,4.0,0.0,4.0,0.0,2024,Verona,5
2024-04-28,Sun,Serie A,Home,W,2.0,0.0,Empoli,,17.0,5.0,19.0,14.0,1.0,0.0,2.0,0.0,2024,Atalanta,6
2024-04-28,Sun,Serie A,Home,D,1.0,1.0,Udinese,,15.0,4.0,11.0,21.0,3.0,1.0,7.0,0.0,2024,Bologna,6
2024-04-28,Sun,Serie A,Away,L,0.0,2.0,Atalanta,,11.0,2.0,14.0,19.0,2.0,0.0,1.0,0.0,2024,Empoli,6
2024-04-28,Sun,Serie A,Home,W,5.0,1.0,Sassuolo,,22.0,10.0,9.0,9.0,2.0,0.0,2.0,0.0,2024,Fiorentina,6
2024-04-28,Sun,Serie A,Home,W,2.0,0.0,Torino,,17.0,5.0,6.0,8.0,0.0,0.0,0.0,1.0,2024,Inter,6
2024-04-28,Sun,Serie A,Home,D,2.0,2.0,Roma,,27.0,9.0,11.0,5.0,2.0,0.0,0.0,0.0,2024,Napoli,6
2024-04-28,Sun,Serie A,Away,D,2.0,2.0,Napoli,,10.0,4.0,5.0,11.0,0.0,0.0,2.0,0.0,2024,Roma,6
2024-04-28,Sun,Serie A,Away,L,1.0,5.0,Fiorentina,,7.0,2.0,9.0,9.0,2.0,0.0,2.0,0.0,2024,Sassuolo,6
2024-04-28,Sun,Serie A,Away,L,0.0,2.0,Inter,,11.0,3.0,8.0,6.0,0.0,1.0,0.0,0.0,2024,Torino,6
2024-04-28,Sun,Serie A,Away,D,1.0,1.0,Bologna,,11.0,4.0,21.0,11.0,7.0,0.0,3.0,1.0,2024,Udinese,6
2024-04-29,Mon,Serie A,Away,L,0.0,3.0,Genoa,,12.0,1.0,14.0,12.0,2.0,0.0,0.0,0.0,2024,Cagliari,0
2024-04-29,Mon,Serie A,Home,W,3.0,0.0,Cagliari,,12.0,5.0,12.0,14.0,0.0,0.0,2.0,0.0,2024,Genoa,0
2024-05-03,Fri,Serie A,Away,D,0.0,0.0,Torino,,5.0,1.0,11.0,14.0,2.0,0.0,2.0,0.0,2024,Bologna,4
2024-05-03,Fri,Serie A,Home,D,0.0,0.0,Bologna,,8.0,1.0,14.0,11.0,2.0,0.0,2.0,0.0,2024,Torino,4
2024-05-04,Sat,Serie A,Away,L,0.0,1.0,Sassuolo,,14.0,1.0,10.0,10.0,1.0,0.0,1.0,0.0,2024,Inter,5
2024-05-04,Sat,Serie A,Away,D,2.0,2.0,Monza,,9.0,5.0,13.0,8.0,7.0,0.0,1.0,0.0,2024,Lazio,5
2024-05-04,Sat,Serie A,Home,D,2.0,2.0,Lazio,,17.0,7.0,8.0,13.0,1.0,0.0,7.0,0.0,2024,Monza,5
2024-05-04,Sat,Serie A,Home,W,1.0,0.0,Inter,,6.0,2.0,10.0,10.0,1.0,0.0,1.0,0.0,2024,Sassuolo,5
2024-05-05,Sun,Serie A,Home,D,1.0,1.0,Lecce,,9.0,3.0,9.0,15.0,4.0,1.0,4.0,0.0,2024,Cagliari,6
2024-05-05,Sun,Serie A,Home,D,0.0,0.0,Frosinone,,7.0,1.0,15.0,11.0,2.0,0.0,3.0,0.0,2024,Empoli,6
2024-05-05,Sun,Serie A,Away,L,1.0,2.0,Verona,,13.0,4.0,11.0,12.0,1.0,0.0,2.0,0.0,2024,Fiorentina,6
2024-05-05,Sun,Serie A,Away,D,0.0,0.0,Empoli,,17.0,5.0,11.0,15.0,3.0,0.0,2.0,0.0,2024,Frosinone,6
2024-05-05,Sun,Serie A,Away,D,3.0,3.0,Milan,,6.0,2.0,10.0,8.0,1.0,0.0,1.0,0.0,2024,Genoa,6
2024-05-05,Sun,Serie A,Away,D,1.0,1.0,Roma,,16.0,6.0,11.0,7.0,2.0,0.0,1.0,0.0,2024,Juventus,6
2024-05-05,Sun,Serie A,Away,D,1.0,1.0,Cagliari,,16.0,3.0,15.0,9.0,4.0,0.0,4.0,1.0,2024,Lecce,6
2024-05-05,Sun,Serie A,Home,D,3.0,3.0,Genoa,,26.0,7.0,8.0,10.0,1.0,0.0,1.0,0.0,2024,Milan,6
2024-05-05,Sun,Serie A,Home,D,1.0,1.0,Juventus,,19.0,5.0,7.0,11.0,1.0,0.0,2.0,0.0,2024,Roma,6
2024-05-05,Sun,Serie A,Home,W,2.0,1.0,Fiorentina,,9.0,4.0,12.0,11.0,2.0,0.0,1.0,0.0,2024,Verona,6
2024-05-06,Mon,Serie A,Away,W,2.0,1.0,Salernitana,,17.0,4.0,10.0,12.0,0.0,0.0,1.0,0.0,2024,Atalanta,0
2024-05-06,Mon,Serie A,Away,D,1.0,1.0,Udinese,,12.0,4.0,10.0,13.0,0.0,0.0,0.0,0.0,2024,Napoli,0
2024-05-06,Mon,Serie A,Home,L,1.0,2.0,Atalanta,,9.0,2.0,12.0,10.0,1.0,0.0,0.0,0.0,2024,Salernitana,0
2024-05-06,Mon,Serie A,Home,D,1.0,1.0,Napoli,,10.0,2.0,13.0,10.0,0.0,0.0,0.0,0.0,2024,Udinese,0
2024-05-10,Fri,Serie A,Home,L,0.0,5.0,Inter,,17.0,8.0,4.0,8.0,0.0,0.0,0.0,0.0,2024,Frosinone,4
2024-05-10,Fri,Serie A,Away,W,5.0,0.0,Frosinone,,14.0,5.0,8.0,4.0,0.0,0.0,0.0,0.0,2024,Inter,4
2024-05-11,Sat,Serie A,Away,W,2.0,0.0,Napoli,,11.0,4.0,12.0,15.0,1.0,0.0,2.0,0.0,2024,Bologna,5
2024-05-11,Sat,Serie A,Away,L,1.0,5.0,Milan,,13.0,7.0,9.0,11.0,1.0,0.0,2.0,0.0,2024,Cagliari,5
2024-05-11,Sat,Serie A,Home,W,5.0,1.0,Cagliari,,17.0,10.0,11.0,9.0,2.0,0.0,1.0,0.0,2024,Milan,5
2024-05-11,Sat,Serie A,Home,L,0.0,2.0,Bologna,,16.0,6.0,15.0,12.0,2.0,0.0,1.0,0.0,2024,Napoli,5
2024-05-12,Sun,Serie A,Home,W,2.0,1.0,Roma,,24.0,7.0,11.0,11.0,1.0,0.0,1.0,0.0,2024,Atalanta,6
2024-05-12,Sun,Serie A,Away,L,0.0,2.0,Lazio,,16.0,3.0,15.0,18.0,1.0,0.0,3.0,0.0,2024,Empoli,6
2024-05-12,Sun,Serie A,Home,W,2.0,1.0,Sassuolo,,8.0,2.0,13.0,10.0,1.0,0.0,2.0,0.0,2024,Genoa,6
2024-05-12,Sun,Serie A,Home,D,1.0,1.0,Salernitana,,25.0,6.0,15.0,12.0,2.0,0.0,5.0,0.0,2024,Juventus,6
2024-05-12,Sun,Serie A,Home,W,2.0,0.0,Empoli,,11.0,5.0,18.0,15.0,3.0,0.0,1.0,0.0,2024,Lazio,6
2024-05-12,Sun,Serie A,Away,L,1.0,2.0,Atalanta,,9.0,6.0,11.0,11.0,1.0,0.0,1.0,0.0,2024,Roma,6
2024-05-12,Sun,Serie A,Away,D,1.0,1.0,Juventus,,13.0,4.0,12.0,15.0,5.0,0.0,2.0,0.0,2024,Salernitana,6
2024-05-12,Sun,Serie A,Away,L,1.0,2.0,Genoa,,12.0,4.0,10.0,13.0,2.0,0.0,1.0,0.0,2024,Sassuolo,6
2024-05-12,Sun,Serie A,Away,W,2.0,1.0,Verona,,6.0,2.0,15.0,19.0,2.0,0.0,3.0,1.0,2024,Torino,6
2024-05-12,Sun,Serie A,Home,L,1.0,2.0,Torino,,13.0,5.0,19.0,15.0,3.0,1.0,2.0,0.0,2024,Verona,6
2024-05-13,Mon,Serie A,Home,W,2.0,1.0,Monza,,15.0,8.0,9.0,14.0,1.0,0.0,1.0,0.0,2024,Fiorentina,0
2024-05-13,Mon,Serie A,Home,L,0.0,2.0,Udinese,,9.0,2.0,12.0,11.0,2.0,0.0,1.0,0.0,2024,Lecce,0
2024-05-13,Mon,Serie A,Away,L,1.0,2.0,Fiorentina,,5.0,2.0,14.0,9.0,1.0,0.0,1.0,0.0,2024,Monza,0
2024-05-13,Mon,Serie A,Away,W,2.0,0.0,Lecce,,16.0,3.0,11.0,12.0,1.0,0.0,2.0,0.0,2024,Udinese,0
2024-05-17,Fri,Serie A,Home,D,2.0,2.0,Napoli,,14.0,5.0,16.0,14.0,1.0,0.0,2.0,0.0,2024,Fiorentina,4
2024-05-17,Fri,Serie A,Away,D,2.0,2.0,Fiorentina,,15.0,3.0,14.0,16.0,2.0,0.0,1.0,0.0,2024,Napoli,4
2024-05-18,Sat,Serie A,Away,W,2.0,0.0,Lecce,,19.0,9.0,20.0,7.0,4.0,0.0,0.0,0.0,2024,Atalanta,5
2024-05-18,Sat,Serie A,Home,L,0.0,2.0,Atalanta,,11.0,3.0,7.0,20.0,0.0,0.0,4.0,0.0,2024,Lecce,5
2024-05-18,Sat,Serie A,Away,L,1.0,3.0,Torino,,16.0,4.0,14.0,15.0,1.0,0.0,1.0,0.0,2024,Milan,5
2024-05-18,Sat,Serie A,Home,W,3.0,1.0,Milan,,11.0,5.0,15.0,14.0,1.0,0.0,1.0,0.0,2024,Torino,5
2024-05-19,Sun,Serie A,Away,W,2.0,0.0,Sassuolo,,13.0,3.0,9.0,14.0,2.0,0.0,4.0,1.0,2024,Cagliari,6
2024-05-19,Sun,Serie A,Away,D,1.0,1.0,Udinese,,4.0,1.0,18.0,14.0,7.0,1.0,1.0,0.0,2024,Empoli,6
2024-05-19,Sun,Serie A,Away,W,1.0,0.0,Monza,,16.0,5.0,13.0,14.0,2.0,0.0,1.0,0.0,2024,Frosinone,6
2024-05-19,Sun,Serie A,Away,L,0.0,1.0,Roma,,11.0,4.0,10.0,10.0,0.0,0.0,3.0,1.0,2024,Genoa,6
2024-05-19,Sun,Serie A,Home,D,1.0,1.0,Lazio,,19.0,7.0,10.0,15.0,0.0,0.0,1.0,0.0,2024,Inter,6
2024-05-19,Sun,Serie A,Away,D,1.0,1.0,Inter,,8.0,3.0,15.0,10.0,1.0,0.0,0.0,0.0,2024,Lazio,6
2024-05-19,Sun,Serie A,Home,L,0.0,1.0,Frosinone,,14.0,2.0,14.0,13.0,1.0,0.0,2.0,0.0,2024,Monza,6
2024-05-19,Sun,Serie A,Home,W,1.0,0.0,Genoa,,21.0,6.0,10.0,10.0,3.0,1.0,0.0,0.0,2024,Roma,6
2024-05-19,Sun,Serie A,Home,L,0.0,2.0,Cagliari,,7.0,0.0,14.0,9.0,4.0,1.0,2.0,0.0,2024,Sassuolo,6
2024-05-19,Sun,Serie A,Home,D,1.0,1.0,Empoli,,8.0,2.0,14.0,18.0,1.0,0.0,7.0,1.0,2024,Udinese,6
2024-05-20,Mon,Serie A,Home,D,3.0,3.0,Juventus,,10.0,5.0,8.0,21.0,1.0,0.0,5.0,0.0,2024,Bologna,0
2024-05-20,Mon,Serie A,Away,D,3.0,3.0,Bologna,,11.0,4.0,21.0,8.0,5.0,0.0,1.0,0.0,2024,Juventus,0
2024-05-20,Mon,Serie A,Home,L,1.0,2.0,Verona,,9.0,1.0,14.0,19.0,3.0,0.0,2.0,0.0,2024,Salernitana,0
2024-05-20,Mon,Serie A,Away,W,2.0,1.0,Salernitana,,17.0,5.0,19.0,14.0,2.0,0.0,3.0,0.0,2024,Verona,0
2024-05-23,Thu,Serie A,Home,L,2.0,3.0,Fiorentina,,14.0,6.0,13.0,14.0,2.0,0.0,4.0,0.0,2024,Cagliari,3
2024-05-23,Thu,Serie A,Away,W,3.0,2.0,Cagliari,,11.0,5.0,14.0,13.0,4.0,0.0,2.0,0.0,2024,Fiorentina,3
2024-05-24,Fri,Serie A,Away,L,0.0,2.0,Genoa,,11.0,1.0,11.0,11.0,2.0,0.0,1.0,0.0,2024,Bologna,4
2024-05-24,Fri,Serie A,Home,W,2.0,0.0,Bologna,,14.0,3.0,11.0,11.0,1.0,0.0,2.0,0.0,2024,Genoa,4
2024-05-25,Sat,Serie A,Home,W,2.0,0.0,Monza,,12.0,4.0,15.0,13.0,1.0,0.0,3.0,1.0,2024,Juventus,5
2024-05-25,Sat,Serie A,Home,D,3.0,3.0,Salernitana,,23.0,11.0,6.0,9.0,0.0,0.0,1.0,0.0,2024,Milan,5
2024-05-25,Sat,Serie A,Away,L,0.0,2.0,Juventus,,12.0,4.0,13.0,15.0,3.0,1.0,1.0,0.0,2024,Monza,5
2024-05-25,Sat,Serie A,Away,D,3.0,3.0,Milan,,14.0,6.0,9.0,6.0,1.0,0.0,0.0,0.0,2024,Salernitana,5
2024-05-26,Sun,Serie A,Home,W,3.0,0.0,Torino,,18.0,7.0,18.0,10.0,1.0,0.0,1.0,0.0,2024,Atalanta,6
2024-05-26,Sun,Serie A,Home,W,2.0,1.0,Roma,,17.0,7.0,18.0,12.0,4.0,0.0,1.0,0.0,2024,Empoli,6
2024-05-26,Sun,Serie A,Home,L,0.0,1.0,Udinese,,21.0,5.0,6.0,13.0,0.0,0.0,2.0,0.0,2024,Frosinone,6
2024-05-26,Sun,Serie A,Away,D,2.0,2.0,Verona,,15.0,11.0,8.0,17.0,1.0,0.0,1.0,0.0,2024,Inter,6
2024-05-26,Sun,Serie A,Home,D,1.0,1.0,Sassuolo,,8.0,6.0,15.0,11.0,3.0,0.0,1.0,0.0,2024,Lazio,6
2024-05-26,Sun,Serie A,Away,D,0.0,0.0,Napoli,,10.0,0.0,17.0,10.0,0.0,0.0,0.0,0.0,2024,Lecce,6
2024-05-26,Sun,Serie A,Home,D,0.0,0.0,Lecce,,24.0,5.0,10.0,17.0,0.0,0.0,0.0,0.0,2024,Napoli,6
2024-05-26,Sun,Serie A,Away,L,1.0,2.0,Empoli,,15.0,3.0,12.0,18.0,1.0,0.0,4.0,0.0,2024,Roma,6
2024-05-26,Sun,Serie A,Away,D,1.0,1.0,Lazio,,8.0,3.0,11.0,15.0,1.0,0.0,3.0,0.0,2024,Sassuolo,6
2024-05-26,Sun,Serie A,Away,L,0.0,3.0,Atalanta,,8.0,1.0,10.0,18.0,1.0,0.0,1.0,0.0,2024,Torino,6
2024-05-26,Sun,Serie A,Away,W,1.0,0.0,Frosinone,,10.0,5.0,13.0,6.0,2.0,0.0,0.0,0.0,2024,Udinese,6
2024-05-26,Sun,Serie A,Home,D,2.0,2.0,Inter,,18.0,8.0,17.0,8.0,1.0,0.0,1.0,0.0,2024,Verona,6
2024-06-02,Sun,Serie A,Home,L,2.0,3.0,Fiorentina,,12.0,3.0,5.0,9.0,0.0,0.0,2.0,0.0,2024,Atalanta,6
2024-06-02,Sun,Serie A,Away,W,3.0,2.0,Atalanta,,8.0,4.0,9.0,5.0,2.0,0.0,0.0,0.0,2024,Fiorentina,6
2024-08-17,Sat,Serie A,Home,D,0.0,0.0,Monza,,9.0,1.0,16.0,19.0,0.0,0.0,2.0,0.0,2025,Empoli,5
2024-08-17,Sat,Serie A,Away,D,1.0,1.0,Parma,,14.0,7.0,9.0,15.0,2.0,1.0,3.0,0.0,2025,Fiorentina,5
2024-08-17,Sat,Serie A,Home,D,2.0,2.0,Inter,,10.0,6.0,15.0,14.0,1.0,0.0,2.0,0.0,2025,Genoa,5
2024-08-17,Sat,Serie A,Away,D,2.0,2.0,Genoa,,14.0,9.0,14.0,15.0,2.0,0.0,1.0,0.0,2025,Inter,5
2024-08-17,Sat,Serie A,Home,D,2.0,2.0,Torino,,20.0,6.0,10.0,7.0,2.0,0.0,4.0,0.0,2025,Milan,5
2024-08-17,Sat,Serie A,Away,D,0.0,0.0,Empoli,,4.0,1.0,19.0,16.0,2.0,0.0,0.0,0.0,2025,Monza,5
2024-08-17,Sat,Serie A,Home,D,1.0,1.0,Fiorentina,,13.0,5.0,15.0,9.0,3.0,0.0,2.0,1.0,2025,Parma,5
2024-08-17,Sat,Serie A,Away,D,2.0,2.0,Milan,,6.0,3.0,7.0,10.0,4.0,0.0,2.0,0.0,2025,Torino,5
2024-08-18,Sun,Serie A,Home,D,1.0,1.0,Udinese,,22.0,7.0,15.0,13.0,0.0,0.0,4.0,0.0,2025,Bologna,6
2024-08-18,Sun,Serie A,Home,D,0.0,0.0,Roma,,12.0,2.0,15.0,7.0,2.0,0.0,0.0,0.0,2025,Cagliari,6
2024-08-18,Sun,Serie A,Home,W,3.0,1.0,Venezia,,13.0,6.0,14.0,11.0,1.0,0.0,2.0,0.0,2025,Lazio,6
2024-08-18,Sun,Serie A,Away,L,0.0,3.0,Verona,,15.0,5.0,13.0,15.0,1.0,0.0,4.0,0.0,2025,Napoli,6
2024-08-18,Sun,Serie A,Away,D,0.0,0.0,Cagliari,,13.0,3.0,7.0,15.0,0.0,0.0,2.0,0.0,2025,Roma,6
2024-08-18,Sun,Serie A,Away,D,1.0,1.0,Bologna,,4.0,2.0,13.0,15.0,4.0,0.0,0.0,0.0,2025,Udinese,6
2024-08-18,Sun,Serie A,Away,L,1.0,3.0,Lazio,,11.0,3.0,11.0,14.0,2.0,0.0,1.0,0.0,2025,Venezia,6
2024-08-18,Sun,Serie A,Home,W,3.0,0.0,Napoli,,8.0,5.0,15.0,13.0,4.0,0.0,1.0,0.0,2025,Verona,6
2024-08-19,Mon,Serie A,Away,W,4.0,0.0,Lecce,,10.0,6.0,24.0,10.0,2.0,0.0,0.0,0.0,2025,Atalanta,0
2024-08-19,Mon,Serie A,Away,L,0.0,3.0,Juventus,,1.0,1.0,6.0,12.0,4.0,0.0,2.0,0.0,2025,Como,0
2024-08-19,Mon,Serie A,Home,W,3.0,0.0,Como,,12.0,9.0,12.0,6.0,2.0,0.0,4.0,0.0,2025,Juventus,0
2024-08-19,Mon,Serie A,Home,L,0.0,4.0,Atalanta,,19.0,5.0,10.0,24.0,0.0,0.0,2.0,0.0,2025,Lecce,0
2024-08-24,Sat,Serie A,Away,W,1.0,0.0,Monza,,11.0,1.0,17.0,6.0,3.0,0.0,2.0,0.0,2025,Genoa,5
2024-08-24,Sat,Serie A,Home,W,2.0,0.0,Lecce,,11.0,3.0,9.0,12.0,0.0,0.0,2.0,0.0,2025,Inter,5
2024-08-24,Sat,Serie A,Away,L,1.0,2.0,Udinese,,17.0,5.0,10.0,15.0,0.0,0.0,0.0,1.0,2025,Lazio,5
2024-08-24,Sat,Serie A,Away,L,0.0,2.0,Inter,,10.0,4.0,12.0,9.0,2.0,0.0,0.0,0.0,2025,Lecce,5
2024-08-24,Sat,Serie A,Away,L,1.0,2.0,Parma,,17.0,5.0,13.0,9.0,3.0,0.0,0.0,0.0,2025,Milan,5
2024-08-24,Sat,Serie A,Home,L,0.0,1.0,Genoa,,9.0,2.0,6.0,17.0,2.0,0.0,3.0,0.0,2025,Monza,5
2024-08-24,Sat,Serie A,Home,W,2.0,1.0,Milan,,8.0,5.0,9.0,13.0,0.0,0.0,3.0,0.0,2025,Parma,5
2024-08-24,Sat,Serie A,Home,W,2.0,1.0,Lazio,,8.0,3.0,15.0,10.0,0.0,1.0,0.0,0.0,2025,Udinese,5
2024-08-25,Sun,Serie A,Away,L,1.0,2.0,Torino,,24.0,8.0,13.0,8.0,4.0,0.0,3.0,0.0,2025,Atalanta,6
2024-08-25,Sun,Serie A,Away,L,0.0,3.0,Napoli,,9.0,2.0,17.0,11.0,2.0,0.0,2.0,0.0,2025,Bologna,6
2024-08-25,Sun,Serie A,Away,W,2.0,1.0,Roma,,10.0,3.0,9.0,10.0,3.0,0.0,0.0,0.0,2025,Empoli,6
2024-08-25,Sun,Serie A,Home,D,0.0,0.0,Venezia,,12.0,8.0,13.0,19.0,1.0,0.0,2.0,0.0,2025,Fiorentina,6
2024-08-25,Sun,Serie A,Home,W,3.0,0.0,Bologna,,16.0,5.0,11.0,17.0,2.0,0.0,2.0,0.0,2025,Napoli,6
2024-08-25,Sun,Serie A,Home,L,1.0,2.0,Empoli,,17.0,6.0,10.0,9.0,0.0,0.0,3.0,0.0,2025,Roma,6
2024-08-25,Sun,Serie A,Home,W,2.0,1.0,Atalanta,,13.0,6.0,8.0,13.0,3.0,0.0,4.0,0.0,2025,Torino,6
2024-08-25,Sun,Serie A,Away,D,0.0,0.0,Fiorentina,,7.0,4.0,19.0,13.0,2.0,0.0,1.0,0.0,2025,Venezia,6
2024-08-26,Mon,Serie A,Home,D,1.0,1.0,Como,,11.0,5.0,12.0,10.0,2.0,0.0,2.0,0.0,2025,Cagliari,0
2024-08-26,Mon,Serie A,Away,D,1.0,1.0,Cagliari,,13.0,4.0,10.0,12.0,2.0,0.0,2.0,0.0,2025,Como,0
2024-08-26,Mon,Serie A,Away,W,3.0,0.0,Verona,,7.0,5.0,8.0,8.0,0.0,0.0,2.0,0.0,2025,Juventus,0
2024-08-26,Mon,Serie A,Home,L,0.0,3.0,Juventus,,7.0,1.0,8.0,8.0,2.0,0.0,0.0,0.0,2025,Verona,0
2024-08-30,Fri,Serie A,Away,L,0.0,4.0,Inter,,11.0,1.0,15.0,6.0,2.0,0.0,0.0,0.0,2025,Atalanta,4
2024-08-30,Fri,Serie A,Home,W,4.0,0.0,Atalanta,,13.0,5.0,6.0,15.0,0.0,0.0,2.0,0.0,2025,Inter,4
2024-08-30,Fri,Serie A,Away,W,1.0,0.0,Venezia,,12.0,6.0,15.0,7.0,4.0,0.0,2.0,0.0,2025,Torino,4
2024-08-30,Fri,Serie A,Home,L,0.0,1.0,Torino,,13.0,4.0,7.0,15.0,2.0,0.0,4.0,0.0,2025,Venezia,4
2024-08-31,Sat,Serie A,Home,D,1.0,1.0,Empoli,,14.0,3.0,15.0,18.0,0.0,0.0,3.0,0.0,2025,Bologna,5
2024-08-31,Sat,Serie A,Away,L,0.0,1.0,Lecce,,21.0,2.0,13.0,10.0,3.0,0.0,1.0,1.0,2025,Cagliari,5
2024-08-31,Sat,Serie A,Away,D,1.0,1.0,Bologna,,4.0,2.0,18.0,15.0,3.0,0.0,0.0,0.0,2025,Empoli,5
2024-08-31,Sat,Serie A,Home,D,2.0,2.0,Milan,,7.0,5.0,12.0,9.0,4.0,0.0,2.0,0.0,2025,Lazio,5
2024-08-31,Sat,Serie A,Home,W,1.0,0.0,Cagliari,,17.0,4.0,10.0,13.0,1.0,1.0,3.0,0.0,2025,Lecce,5
2024-08-31,Sat,Serie A,Away,D,2.0,2.0,Lazio,,10.0,4.0,9.0,12.0,2.0,0.0,4.0,0.0,2025,Milan,5
2024-08-31,Sat,Serie A,Home,W,2.0,1.0,Parma,,29.0,7.0,12.0,6.0,2.0,0.0,4.0,1.0,2025,Napoli,5
2024-08-31,Sat,Serie A,Away,L,1.0,2.0,Napoli,,13.0,2.0,6.0,12.0,4.0,1.0,2.0,0.0,2025,Parma,5
2024-09-01,Sun,Serie A,Away,L,0.0,1.0,Udinese,,21.0,4.0,9.0,16.0,0.0,0.0,3.0,0.0,2025,Como,6
2024-09-01,Sun,Serie A,Home,D,2.0,2.0,Monza,,15.0,5.0,11.0,21.0,2.0,0.0,4.0,0.0,2025,Fiorentina,6
2024-09-01,Sun,Serie A,Home,L,0.0,2.0,Verona,,11.0,1.0,8.0,16.0,2.0,0.0,6.0,0.0,2025,Genoa,6
2024-09-01,Sun,Serie A,Home,D,0.0,0.0,Roma,,8.0,1.0,11.0,12.0,2.0,0.0,2.0,0.0,2025,Juventus,6
2024-09-01,Sun,Serie A,Away,D,2.0,2.0,Fiorentina,,4.0,3.0,21.0,11.0,4.0,0.0,2.0,0.0,2025,Monza,6
2024-09-01,Sun,Serie A,Away,D,0.0,0.0,Juventus,,7.0,1.0,12.0,11.0,2.0,0.0,2.0,0.0,2025,Roma,6
2024-09-01,Sun,Serie A,Home,W,1.0,0.0,Como,,10.0,3.0,16.0,9.0,3.0,0.0,0.0,0.0,2025,Udinese,6
2024-09-01,Sun,Serie A,Away,W,2.0,0.0,Genoa,,10.0,3.0,16.0,8.0,6.0,0.0,2.0,0.0,2025,Verona,6
2024-09-14,Sat,Serie A,Away,D,2.0,2.0,Como,,14.0,4.0,12.0,17.0,1.0,0.0,2.0,0.0,2025,Bologna,5
2024-09-14,Sat,Serie A,Home,D,2.0,2.0,Bologna,,14.0,4.0,17.0,12.0,2.0,0.0,1.0,0.0,2025,Como,5
2024-09-14,Sat,Serie A,Home,D,0.0,0.0,Juventus,,8.0,3.0,11.0,10.0,1.0,0.0,2.0,0.0,2025,Empoli,5
2024-09-14,Sat,Serie A,Away,D,0.0,0.0,Empoli,,15.0,3.0,10.0,11.0,2.0,0.0,1.0,0.0,2025,Juventus,5
2024-09-14,Sat,Serie A,Home,W,4.0,0.0,Venezia,,12.0,8.0,12.0,12.0,1.0,0.0,3.0,1.0,2025,Milan,5
2024-09-14,Sat,Serie A,Away,L,0.0,4.0,Milan,,6.0,1.0,12.0,12.0,3.0,1.0,1.0,0.0,2025,Venezia,5
2024-09-15,Sun,Serie A,Home,W,3.0,2.0,Fiorentina,,13.0,7.0,16.0,15.0,2.0,0.0,3.0,0.0,2025,Atalanta,6
2024-09-15,Sun,Serie A,Home,L,0.0,4.0,Napoli,,16.0,3.0,22.0,11.0,1.0,0.0,2.0,0.0,2025,Cagliari,6
2024-09-15,Sun,Serie A,Away,L,2.0,3.0,Atalanta,,13.0,5.0,15.0,16.0,3.0,0.0,2.0,0.0,2025,Fiorentina,6
2024-09-15,Sun,Serie A,Home,D,1.0,1.0,Roma,,20.0,8.0,9.0,12.0,1.0,0.0,3.0,0.0,2025,Genoa,6
2024-09-15,Sun,Serie A,Away,D,1.0,1.0,Monza,,16.0,2.0,19.0,11.0,2.0,0.0,1.0,0.0,2025,Inter,6
2024-09-15,Sun,Serie A,Away,D,0.0,0.0,Torino,,20.0,6.0,13.0,13.0,3.0,0.0,1.0,0.0,2025,Lecce,6
2024-09-15,Sun,Serie A,Home,D,1.0,1.0,Inter,,5.0,2.0,11.0,19.0,1.0,0.0,2.0,0.0,2025,Monza,6
2024-09-15,Sun,Serie A,Away,W,4.0,0.0,Cagliari,,12.0,5.0,11.0,22.0,2.0,0.0,1.0,0.0,2025,Napoli,6
2024-09-15,Sun,Serie A,Away,D,1.0,1.0,Genoa,,16.0,6.0,12.0,9.0,3.0,0.0,1.0,0.0,2025,Roma,6
2024-09-15,Sun,Serie A,Home,D,0.0,0.0,Lecce,,5.0,0.0,13.0,13.0,1.0,0.0,3.0,0.0,2025,Torino,6
2024-09-16,Mon,Serie A,Home,W,2.0,1.0,Verona,,14.0,7.0,13.0,10.0,2.0,0.0,2.0,0.0,2025,Lazio,0
2024-09-16,Mon,Serie A,Home,L,2.0,3.0,Udinese,,9.0,3.0,8.0,18.0,2.0,1.0,3.0,0.0,2025,Parma,0
2024-09-16,Mon,Serie A,Away,W,3.0,2.0,Parma,,18.0,6.0,18.0,8.0,3.0,0.0,2.0,1.0,2025,Udinese,0
2024-09-16,Mon,Serie A,Away,L,1.0,2.0,Lazio,,7.0,2.0,10.0,13.0,2.0,0.0,2.0,0.0,2025,Verona,0
2024-09-20,Fri,Serie A,Home,L,0.0,2.0,Empoli,,21.0,2.0,15.0,21.0,1.0,0.0,2.0,0.0,2025,Cagliari,4
2024-09-20,Fri,Serie A,Away,W,2.0,0.0,Cagliari,,9.0,4.0,21.0,15.0,2.0,0.0,1.0,0.0,2025,Empoli,4
2024-09-20,Fri,Serie A,Away,W,3.0,2.0,Verona,,16.0,3.0,8.0,10.0,1.0,0.0,3.0,1.0,2025,Torino,4
2024-09-20,Fri,Serie A,Home,L,2.0,3.0,Torino,,8.0,2.0,10.0,8.0,3.0,1.0,1.0,0.0,2025,Verona,4
2024-09-21,Sat,Serie A,Away,L,0.0,2.0,Venezia,,9.0,0.0,12.0,9.0,3.0,0.0,2.0,0.0,2025,Genoa,5
2024-09-21,Sat,Serie A,Home,D,0.0,0.0,Napoli,,9.0,1.0,10.0,13.0,1.0,0.0,0.0,0.0,2025,Juventus,5
2024-09-21,Sat,Serie A,Home,D,2.0,2.0,Parma,,14.0,3.0,12.0,11.0,4.0,1.0,0.0,1.0,2025,Lecce,5
2024-09-21,Sat,Serie A,Away,D,0.0,0.0,Juventus,,8.0,1.0,13.0,10.0,0.0,0.0,1.0,0.0,2025,Napoli,5
2024-09-21,Sat,Serie A,Away,D,2.0,2.0,Lecce,,24.0,10.0,11.0,12.0,0.0,1.0,4.0,1.0,2025,Parma,5
2024-09-21,Sat,Serie A,Home,W,2.0,0.0,Genoa,,12.0,4.0,9.0,12.0,2.0,0.0,3.0,0.0,2025,Venezia,5
2024-09-22,Sun,Serie A,Away,W,2.0,1.0,Monza,,15.0,8.0,16.0,20.0,2.0,0.0,3.0,0.0,2025,Bologna,6
2024-09-22,Sun,Serie A,Home,W,2.0,1.0,Lazio,,14.0,5.0,11.0,15.0,3.0,0.0,4.0,0.0,2025,Fiorentina,6
2024-09-22,Sun,Serie A,Home,L,1.0,2.0,Milan,,13.0,4.0,13.0,4.0,4.0,0.0,1.0,0.0,2025,Inter,6
2024-09-22,Sun,Serie A,Away,L,1.0,2.0,Fiorentina,,20.0,6.0,15.0,11.0,4.0,0.0,3.0,0.0,2025,Lazio,6
2024-09-22,Sun,Serie A,Away,W,2.0,1.0,Inter,,16.0,8.0,4.0,13.0,1.0,0.0,4.0,0.0,2025,Milan,6
2024-09-22,Sun,Serie A,Home,L,1.0,2.0,Bologna,,6.0,3.0,20.0,16.0,3.0,0.0,2.0,0.0,2025,Monza,6
2024-09-22,Sun,Serie A,Home,W,3.0,0.0,Udinese,,14.0,6.0,15.0,11.0,2.0,0.0,2.0,0.0,2025,Roma,6
2024-09-22,Sun,Serie A,Away,L,0.0,3.0,Roma,,9.0,3.0,11.0,15.0,2.0,0.0,2.0,0.0,2025,Udinese,6
2024-09-24,Tue,Serie A,Home,L,2.0,3.0,Como,,8.0,5.0,12.0,17.0,1.0,0.0,3.0,0.0,2025,Atalanta,1
2024-09-24,Tue,Serie A,Away,W,3.0,2.0,Atalanta,,14.0,7.0,17.0,12.0,3.0,0.0,1.0,0.0,2025,Como,1
2024-09-27,Fri,Serie A,Away,L,0.0,3.0,Milan,,16.0,7.0,8.0,5.0,1.0,0.0,1.0,1.0,2025,Lecce,4
2024-09-27,Fri,Serie A,Home,W,3.0,0.0,Lecce,,15.0,6.0,5.0,8.0,1.0,1.0,1.0,0.0,2025,Milan,4
2024-09-28,Sat,Serie A,Away,D,1.0,1.0,Bologna,,23.0,5.0,12.0,16.0,3.0,0.0,3.0,1.0,2025,Atalanta,5
2024-09-28,Sat,Serie A,Home,D,1.0,1.0,Atalanta,,5.0,1.0,16.0,12.0,3.0,1.0,3.0,0.0,2025,Bologna,5
2024-09-28,Sat,Serie A,Home,L,0.0,3.0,Juventus,,7.0,2.0,8.0,14.0,2.0,0.0,1.0,0.0,2025,Genoa,5
2024-09-28,Sat,Serie A,Away,W,3.0,2.0,Udinese,,16.0,7.0,6.0,13.0,0.0,0.0,1.0,0.0,2025,Inter,5
2024-09-28,Sat,Serie A,Away,W,3.0,0.0,Genoa,,12.0,3.0,14.0,8.0,1.0,0.0,2.0,0.0,2025,Juventus,5
2024-09-28,Sat,Serie A,Home,L,2.0,3.0,Inter,,10.0,3.0,13.0,6.0,1.0,0.0,0.0,0.0,2025,Udinese,5
2024-09-29,Sun,Serie A,Home,W,3.0,2.0,Verona,,24.0,11.0,10.0,19.0,2.0,0.0,5.0,1.0,2025,Como,6
2024-09-29,Sun,Serie A,Home,D,0.0,0.0,Fiorentina,,8.0,1.0,15.0,12.0,0.0,0.0,1.0,0.0,2025,Empoli,6
2024-09-29,Sun,Serie A,Away,D,0.0,0.0,Empoli,,13.0,0.0,12.0,15.0,1.0,0.0,0.0,0.0,2025,Fiorentina,6
2024-09-29,Sun,Serie A,Away,W,3.0,2.0,Torino,,13.0,7.0,13.0,10.0,3.0,0.0,2.0,0.0,2025,Lazio,6
2024-09-29,Sun,Serie A,Away,L,0.0,2.0,Napoli,,5.0,1.0,8.0,16.0,2.0,0.0,1.0,0.0,2025,Monza,6
2024-09-29,Sun,Serie A,Home,W,2.0,0.0,Monza,,11.0,2.0,16.0,8.0,1.0,0.0,2.0,0.0,2025,Napoli,6
2024-09-29,Sun,Serie A,Home,W,2.0,1.0,Venezia,,22.0,5.0,8.0,13.0,1.0,0.0,2.0,0.0,2025,Roma,6
2024-09-29,Sun,Serie A,Home,L,2.0,3.0,Lazio,,12.0,7.0,10.0,13.0,2.0,0.0,3.0,0.0,2025,Torino,6
2024-09-29,Sun,Serie A,Away,L,1.0,2.0,Roma,,18.0,7.0,13.0,8.0,2.0,0.0,1.0,0.0,2025,Venezia,6
2024-09-29,Sun,Serie A,Away,L,2.0,3.0,Como,,6.0,3.0,19.0,10.0,5.0,1.0,2.0,0.0,2025,Verona,6
2024-09-30,Mon,Serie A,Away,W,3.0,2.0,Parma,,11.0,4.0,16.0,10.0,2.0,0.0,3.0,0.0,2025,Cagliari,0
2024-09-30,Mon,Serie A,Home,L,2.0,3.0,Cagliari,,18.0,4.0,10.0,16.0,3.0,0.0,2.0,0.0,2025,Parma,0
2024-10-04,Fri,Serie A,Away,L,1.0,3.0,Napoli,,11.0,2.0,10.0,7.0,1.0,0.0,1.0,0.0,2025,Como,4
2024-10-04,Fri,Serie A,Home,W,3.0,1.0,Como,,9.0,6.0,7.0,10.0,1.0,0.0,1.0,0.0,2025,Napoli,4
2024-10-04,Fri,Serie A,Away,L,1.0,2.0,Verona,,11.0,2.0,7.0,10.0,0.0,0.0,3.0,0.0,2025,Venezia,4
2024-10-04,Fri,Serie A,Home,W,2.0,1.0,Venezia,,13.0,4.0,10.0,7.0,3.0,0.0,0.0,0.0,2025,Verona,4
2024-10-05,Sat,Serie A,Home,W,5.0,1.0,Genoa,,23.0,8.0,9.0,15.0,0.0,0.0,0.0,0.0,2025,Atalanta,5
2024-10-05,Sat,Serie A,Away,L,1.0,5.0,Atalanta,,7.0,2.0,15.0,9.0,0.0,0.0,0.0,0.0,2025,Genoa,5
2024-10-05,Sat,Serie A,Home,W,3.0,2.0,Torino,,29.0,8.0,6.0,9.0,1.0,0.0,2.0,1.0,2025,Inter,5
2024-10-05,Sat,Serie A,Away,L,0.0,1.0,Udinese,,9.0,3.0,16.0,12.0,2.0,0.0,2.0,0.0,2025,Lecce,5
2024-10-05,Sat,Serie A,Away,L,2.0,3.0,Inter,,7.0,5.0,9.0,6.0,2.0,1.0,1.0,0.0,2025,Torino,5
2024-10-05,Sat,Serie A,Home,W,1.0,0.0,Lecce,,13.0,4.0,12.0,16.0,2.0,0.0,2.0,0.0,2025,Udinese,5
2024-10-06,Sun,Serie A,Home,D,0.0,0.0,Parma,,19.0,3.0,15.0,16.0,1.0,0.0,0.0,1.0,2025,Bologna,6
2024-10-06,Sun,Serie A,Away,D,1.0,1.0,Juventus,,9.0,2.0,10.0,13.0,2.0,0.0,5.0,1.0,2025,Cagliari,6
2024-10-06,Sun,Serie A,Away,L,1.0,2.0,Lazio,,7.0,2.0,17.0,10.0,4.0,0.0,2.0,0.0,2025,Empoli,6
2024-10-06,Sun,Serie A,Home,W,2.0,1.0,Milan,,12.0,3.0,11.0,21.0,2.0,0.0,3.0,1.0,2025,Fiorentina,6
2024-10-06,Sun,Serie A,Home,D,1.0,1.0,Cagliari,,21.0,9.0,13.0,10.0,5.0,1.0,2.0,0.0,2025,Juventus,6
2024-10-06,Sun,Serie A,Home,W,2.0,1.0,Empoli,,16.0,6.0,10.0,17.0,2.0,0.0,4.0,0.0,2025,Lazio,6
2024-10-06,Sun,Serie A,Away,L,1.0,2.0,Fiorentina,,16.0,8.0,21.0,11.0,3.0,1.0,2.0,0.0,2025,Milan,6
2024-10-06,Sun,Serie A,Home,D,1.0,1.0,Roma,,3.0,3.0,16.0,13.0,3.0,0.0,1.0,0.0,2025,Monza,6
2024-10-06,Sun,Serie A,Away,D,0.0,0.0,Bologna,,13.0,2.0,16.0,15.0,0.0,1.0,1.0,0.0,2025,Parma,6
2024-10-06,Sun,Serie A,Away,D,1.0,1.0,Monza,,15.0,4.0,13.0,16.0,1.0,0.0,3.0,0.0,2025,Roma,6
2024-10-19,Sat,Serie A,Away,D,2.0,2.0,Genoa,,12.0,7.0,12.0,20.0,0.0,0.0,2.0,0.0,2025,Bologna,5
2024-10-19,Sat,Serie A,Home,D,1.0,1.0,Parma,,11.0,3.0,14.0,10.0,1.0,0.0,2.0,0.0,2025,Como,5
2024-10-19,Sat,Serie A,Home,D,2.0,2.0,Bologna,,10.0,4.0,20.0,12.0,2.0,0.0,0.0,0.0,2025,Genoa,5
2024-10-19,Sat,Serie A,Home,W,1.0,0.0,Lazio,,16.0,3.0,16.0,9.0,4.0,0.0,2.0,1.0,2025,Juventus,5
2024-10-19,Sat,Serie A,Away,L,0.0,1.0,Juventus,,2.0,1.0,9.0,16.0,2.0,1.0,4.0,0.0,2025,Lazio,5
2024-10-19,Sat,Serie A,Home,W,1.0,0.0,Udinese,,10.0,5.0,3.0,14.0,2.0,1.0,3.0,0.0,2025,Milan,5
2024-10-19,Sat,Serie A,Away,D,1.0,1.0,Como,,9.0,3.0,10.0,14.0,2.0,0.0,1.0,0.0,2025,Parma,5
2024-10-19,Sat,Serie A,Away,L,0.0,1.0,Milan,,13.0,1.0,14.0,3.0,3.0,0.0,2.0,1.0,2025,Udinese,5
2024-10-20,Sun,Serie A,Away,W,2.0,0.0,Venezia,,16.0,7.0,6.0,12.0,1.0,0.0,1.0,0.0,2025,Atalanta,6
2024-10-20,Sun,Serie A,Home,W,3.0,2.0,Torino,,18.0,5.0,9.0,8.0,1.0,0.0,3.0,0.0,2025,Cagliari,6
2024-10-20,Sun,Serie A,Home,L,0.0,1.0,Napoli,,11.0,4.0,14.0,13.0,2.0,0.0,2.0,0.0,2025,Empoli,6
2024-10-20,Sun,Serie A,Away,W,6.0,0.0,Lecce,,19.0,11.0,14.0,8.0,5.0,0.0,0.0,1.0,2025,Fiorentina,6
2024-10-20,Sun,Serie A,Away,W,1.0,0.0,Roma,,11.0,6.0,13.0,12.0,3.0,0.0,2.0,0.0,2025,Inter,6
2024-10-20,Sun,Serie A,Home,L,0.0,6.0,Fiorentina,,5.0,2.0,8.0,14.0,0.0,1.0,5.0,0.0,2025,Lecce,6
2024-10-20,Sun,Serie A,Away,W,1.0,0.0,Empoli,,9.0,1.0,13.0,14.0,2.0,0.0,2.0,0.0,2025,Napoli,6
2024-10-20,Sun,Serie A,Home,L,0.0,1.0,Inter,,14.0,3.0,12.0,13.0,2.0,0.0,3.0,0.0,2025,Roma,6
2024-10-20,Sun,Serie A,Away,L,2.0,3.0,Cagliari,,17.0,5.0,8.0,9.0,3.0,0.0,1.0,0.0,2025,Torino,6
2024-10-20,Sun,Serie A,Home,L,0.0,2.0,Atalanta,,12.0,4.0,12.0,6.0,1.0,0.0,1.0,0.0,2025,Venezia,6
2024-10-21,Mon,Serie A,Away,W,3.0,0.0,Verona,,10.0,4.0,13.0,8.0,2.0,0.0,3.0,0.0,2025,Monza,0
2024-10-21,Mon,Serie A,Home,L,0.0,3.0,Monza,,16.0,4.0,8.0,13.0,3.0,0.0,2.0,0.0,2025,Verona,0
2024-10-25,Fri,Serie A,Away,L,0.0,2.0,Udinese,,3.0,0.0,9.0,13.0,3.0,1.0,2.0,0.0,2025,Cagliari,4
2024-10-25,Fri,Serie A,Away,L,0.0,1.0,Torino,,20.0,6.0,12.0,13.0,3.0,0.0,3.0,0.0,2025,Como,4
2024-10-25,Fri,Serie A,Home,W,1.0,0.0,Como,,8.0,2.0,13.0,12.0,3.0,0.0,3.0,0.0,2025,Torino,4
2024-10-25,Fri,Serie A,Home,W,2.0,0.0,Cagliari,,13.0,4.0,13.0,9.0,2.0,0.0,3.0,1.0,2025,Udinese,4
2024-10-26,Sat,Serie A,Home,W,6.0,1.0,Verona,,19.0,10.0,3.0,15.0,0.0,0.0,1.0,0.0,2025,Atalanta,5
2024-10-26,Sat,Serie A,Away,L,0.0,1.0,Napoli,,11.0,2.0,7.0,13.0,2.0,0.0,3.0,0.0,2025,Lecce,5
2024-10-26,Sat,Serie A,Home,W,1.0,0.0,Lecce,,24.0,8.0,13.0,7.0,3.0,0.0,2.0,0.0,2025,Napoli,5
2024-10-26,Sat,Serie A,Away,L,1.0,6.0,Atalanta,,4.0,2.0,15.0,3.0,1.0,0.0,0.0,0.0,2025,Verona,5
2024-10-27,Sun,Serie A,Away,D,1.0,1.0,Parma,,6.0,2.0,17.0,12.0,5.0,0.0,4.0,0.0,2025,Empoli,6
2024-10-27,Sun,Serie A,Home,W,5.0,1.0,Roma,,21.0,10.0,13.0,11.0,2.0,0.0,5.0,1.0,2025,Fiorentina,6
2024-10-27,Sun,Serie A,Away,L,0.0,3.0,Lazio,,6.0,2.0,6.0,12.0,1.0,0.0,3.0,0.0,2025,Genoa,6
2024-10-27,Sun,Serie A,Home,D,4.0,4.0,Juventus,,18.0,9.0,11.0,16.0,2.0,0.0,1.0,0.0,2025,Inter,6
2024-10-27,Sun,Serie A,Away,D,4.0,4.0,Inter,,10.0,5.0,16.0,11.0,1.0,0.0,2.0,0.0,2025,Juventus,6
2024-10-27,Sun,Serie A,Home,W,3.0,0.0,Genoa,,18.0,4.0,12.0,6.0,3.0,0.0,1.0,0.0,2025,Lazio,6
2024-10-27,Sun,Serie A,Home,D,2.0,2.0,Venezia,,13.0,2.0,17.0,16.0,4.0,1.0,2.0,0.0,2025,Monza,6
2024-10-27,Sun,Serie A,Home,D,1.0,1.0,Empoli,,17.0,4.0,12.0,17.0,4.0,0.0,5.0,0.0,2025,Parma,6
2024-10-27,Sun,Serie A,Away,L,1.0,5.0,Fiorentina,,14.0,5.0,11.0,13.0,5.0,1.0,2.0,0.0,2025,Roma,6
2024-10-27,Sun,Serie A,Away,D,2.0,2.0,Monza,,6.0,2.0,16.0,17.0,2.0,0.0,4.0,1.0,2025,Venezia,6
2024-10-29,Tue,Serie A,Away,W,2.0,0.0,Cagliari,,11.0,4.0,18.0,17.0,2.0,0.0,2.0,0.0,2025,Bologna,1
2024-10-29,Tue,Serie A,Home,L,0.0,2.0,Bologna,,14.0,2.0,17.0,18.0,2.0,0.0,2.0,0.0,2025,Cagliari,1
2024-10-29,Tue,Serie A,Home,W,1.0,0.0,Verona,,14.0,6.0,14.0,21.0,1.0,0.0,3.0,2.0,2025,Lecce,1
2024-10-29,Tue,Serie A,Home,L,0.0,2.0,Napoli,,13.0,5.0,14.0,6.0,0.0,0.0,1.0,0.0,2025,Milan,1
2024-10-29,Tue,Serie A,Away,W,2.0,0.0,Milan,,9.0,4.0,6.0,14.0,1.0,0.0,0.0,0.0,2025,Napoli,1
2024-10-29,Tue,Serie A,Away,L,0.0,1.0,Lecce,,7.0,1.0,21.0,14.0,3.0,2.0,1.0,0.0,2025,Verona,1
2024-10-30,Wed,Serie A,Home,W,2.0,0.0,Monza,,16.0,6.0,14.0,11.0,2.0,0.0,3.0,0.0,2025,Atalanta,2
2024-10-30,Wed,Serie A,Home,L,0.0,3.0,Inter,,6.0,1.0,12.0,13.0,1.0,1.0,1.0,0.0,2025,Empoli,2
2024-10-30,Wed,Serie A,Away,W,3.0,0.0,Empoli,,15.0,5.0,13.0,12.0,1.0,0.0,1.0,1.0,2025,Inter,2
2024-10-30,Wed,Serie A,Home,D,2.0,2.0,Parma,,24.0,6.0,7.0,5.0,2.0,0.0,0.0,0.0,2025,Juventus,2
2024-10-30,Wed,Serie A,Away,L,0.0,2.0,Atalanta,,4.0,3.0,11.0,14.0,3.0,0.0,2.0,0.0,2025,Monza,2
2024-10-30,Wed,Serie A,Away,D,2.0,2.0,Juventus,,13.0,5.0,5.0,7.0,0.0,0.0,2.0,0.0,2025,Parma,2
2024-10-30,Wed,Serie A,Away,L,2.0,3.0,Venezia,,15.0,5.0,13.0,9.0,4.0,1.0,3.0,0.0,2025,Udinese,2
2024-10-30,Wed,Serie A,Home,W,3.0,2.0,Udinese,,18.0,7.0,9.0,13.0,3.0,0.0,4.0,1.0,2025,Venezia,2
2024-10-31,Thu,Serie A,Home,L,1.0,5.0,Lazio,,14.0,2.0,14.0,18.0,2.0,1.0,5.0,1.0,2025,Como,3
2024-10-31,Thu,Serie A,Away,W,1.0,0.0,Genoa,,12.0,4.0,10.0,13.0,2.0,0.0,4.0,0.0,2025,Fiorentina,3
2024-10-31,Thu,Serie A,Home,L,0.0,1.0,Fiorentina,,14.0,4.0,13.0,10.0,4.0,0.0,2.0,0.0,2025,Genoa,3
2024-10-31,Thu,Serie A,Away,W,5.0,1.0,Como,,14.0,7.0,18.0,14.0,5.0,1.0,2.0,1.0,2025,Lazio,3
2024-10-31,Thu,Serie A,Home,W,1.0,0.0,Torino,,10.0,3.0,11.0,15.0,2.0,0.0,2.0,0.0,2025,Roma,3
2024-10-31,Thu,Serie A,Away,L,0.0,1.0,Roma,,4.0,2.0,15.0,11.0,2.0,0.0,2.0,0.0,2025,Torino,3
2024-11-02,Sat,Serie A,Home,W,1.0,0.0,Lecce,,20.0,4.0,9.0,14.0,2.0,0.0,2.0,0.0,2025,Bologna,5
2024-11-02,Sat,Serie A,Away,W,2.0,0.0,Udinese,,11.0,5.0,14.0,12.0,2.0,0.0,2.0,0.0,2025,Juventus,5
2024-11-02,Sat,Serie A,Away,L,0.0,1.0,Bologna,,6.0,0.0,14.0,9.0,2.0,0.0,2.0,0.0,2025,Lecce,5
2024-11-02,Sat,Serie A,Away,W,1.0,0.0,Monza,,18.0,7.0,15.0,18.0,1.0,0.0,2.0,0.0,2025,Milan,5
2024-11-02,Sat,Serie A,Home,L,0.0,1.0,Milan,,12.0,2.0,18.0,15.0,2.0,0.0,1.0,0.0,2025,Monza,5
2024-11-02,Sat,Serie A,Home,L,0.0,2.0,Juventus,,11.0,2.0,12.0,14.0,2.0,0.0,2.0,0.0,2025,Udinese,5
2024-11-03,Sun,Serie A,Away,W,3.0,0.0,Napoli,,12.0,3.0,8.0,10.0,3.0,0.0,1.0,0.0,2025,Atalanta,6
2024-11-03,Sun,Serie A,Away,W,1.0,0.0,Torino,,8.0,3.0,12.0,16.0,1.0,0.0,2.0,0.0,2025,Fiorentina,6
2024-11-03,Sun,Serie A,Home,W,1.0,0.0,Venezia,,20.0,8.0,14.0,15.0,2.0,0.0,1.0,0.0,2025,Inter,6
2024-11-03,Sun,Serie A,Home,L,0.0,3.0,Atalanta,,13.0,3.0,10.0,8.0,1.0,0.0,3.0,0.0,2025,Napoli,6
2024-11-03,Sun,Serie A,Away,L,2.0,3.0,Verona,,14.0,3.0,11.0,16.0,2.0,0.0,2.0,1.0,2025,Roma,6
2024-11-03,Sun,Serie A,Home,L,0.0,1.0,Fiorentina,,9.0,1.0,16.0,12.0,2.0,0.0,1.0,0.0,2025,Torino,6
2024-11-03,Sun,Serie A,Away,L,0.0,1.0,Inter,,7.0,2.0,15.0,14.0,1.0,0.0,2.0,0.0,2025,Venezia,6
2024-11-03,Sun,Serie A,Home,W,3.0,2.0,Roma,,7.0,3.0,16.0,11.0,2.0,1.0,2.0,0.0,2025,Verona,6
2024-11-04,Mon,Serie A,Away,L,1.0,2.0,Lazio,,6.0,1.0,17.0,12.0,8.0,2.0,3.0,0.0,2025,Cagliari,0
2024-11-04,Mon,Serie A,Away,L,0.0,1.0,Empoli,,12.0,2.0,9.0,17.0,0.0,0.0,1.0,0.0,2025,Como,0
2024-11-04,Mon,Serie A,Home,W,1.0,0.0,Como,,9.0,4.0,17.0,9.0,1.0,0.0,0.0,0.0,2025,Empoli,0
2024-11-04,Mon,Serie A,Away,W,1.0,0.0,Parma,,15.0,7.0,18.0,5.0,5.0,0.0,2.0,0.0,2025,Genoa,0
2024-11-04,Mon,Serie A,Home,W,2.0,1.0,Cagliari,,20.0,5.0,12.0,17.0,3.0,0.0,8.0,2.0,2025,Lazio,0
2024-11-04,Mon,Serie A,Home,L,0.0,1.0,Genoa,,13.0,0.0,5.0,18.0,2.0,0.0,5.0,0.0,2025,Parma,0
2024-11-07,Thu,Serie A,Away,D,1.0,1.0,Genoa,,18.0,8.0,15.0,17.0,3.0,0.0,4.0,0.0,2025,Como,3
2024-11-07,Thu,Serie A,Home,D,1.0,1.0,Como,,8.0,4.0,17.0,15.0,4.0,0.0,3.0,0.0,2025,Genoa,3
2024-11-08,Fri,Serie A,Away,D,1.0,1.0,Lecce,,11.0,6.0,24.0,7.0,3.0,0.0,0.0,0.0,2025,Empoli,4
2024-11-08,Fri,Serie A,Home,D,1.0,1.0,Empoli,,18.0,3.0,7.0,24.0,0.0,0.0,3.0,0.0,2025,Lecce,4
2024-11-09,Sat,Serie A,Home,D,3.0,3.0,Milan,,16.0,7.0,7.0,11.0,0.0,0.0,2.0,0.0,2025,Cagliari,5
2024-11-09,Sat,Serie A,Home,W,2.0,0.0,Torino,,13.0,4.0,7.0,14.0,1.0,0.0,3.0,0.0,2025,Juventus,5
2024-11-09,Sat,Serie A,Away,D,3.0,3.0,Cagliari,,13.0,6.0,11.0,7.0,2.0,0.0,0.0,0.0,2025,Milan,5
2024-11-09,Sat,Serie A,Away,W,2.0,1.0,Venezia,,10.0,3.0,10.0,9.0,2.0,0.0,1.0,0.0,2025,Parma,5
2024-11-09,Sat,Serie A,Away,L,0.0,2.0,Juventus,,6.0,1.0,14.0,7.0,3.0,0.0,1.0,0.0,2025,Torino,5
2024-11-09,Sat,Serie A,Home,L,1.0,2.0,Parma,,12.0,6.0,9.0,10.0,1.0,0.0,2.0,0.0,2025,Venezia,5
2024-11-10,Sun,Serie A,Home,W,2.0,1.0,Udinese,,11.0,4.0,10.0,12.0,1.0,0.0,1.0,0.0,2025,Atalanta,6
2024-11-10,Sun,Serie A,Away,W,3.0,2.0,Roma,,15.0,4.0,21.0,16.0,3.0,0.0,2.0,0.0,2025,Bologna,6
2024-11-10,Sun,Serie A,Home,W,3.0,1.0,Verona,,11.0,6.0,1.0,19.0,1.0,0.0,2.0,0.0,2025,Fiorentina,6
2024-11-10,Sun,Serie A,Home,D,1.0,1.0,Napoli,,13.0,4.0,15.0,12.0,2.0,0.0,0.0,0.0,2025,Inter,6
2024-11-10,Sun,Serie A,Away,W,1.0,0.0,Monza,,14.0,6.0,10.0,13.0,1.0,0.0,5.0,0.0,2025,Lazio,6
2024-11-10,Sun,Serie A,Home,L,0.0,1.0,Lazio,,12.0,2.0,13.0,10.0,5.0,0.0,1.0,0.0,2025,Monza,6
2024-11-10,Sun,Serie A,Away,D,1.0,1.0,Inter,,5.0,2.0,12.0,15.0,0.0,0.0,2.0,0.0,2025,Napoli,6
2024-11-10,Sun,Serie A,Home,L,2.0,3.0,Bologna,,15.0,5.0,16.0,21.0,2.0,0.0,3.0,0.0,2025,Roma,6
2024-11-10,Sun,Serie A,Away,L,1.0,2.0,Atalanta,,11.0,6.0,12.0,10.0,1.0,0.0,1.0,0.0,2025,Udinese,6
2024-11-10,Sun,Serie A,Away,L,1.0,3.0,Fiorentina,,8.0,2.0,19.0,1.0,2.0,0.0,1.0,0.0,2025,Verona,6
2024-11-23,Sat,Serie A,Away,W,3.0,1.0,Parma,,15.0,6.0,8.0,6.0,2.0,0.0,0.0,0.0,2025,Atalanta,5
2024-11-23,Sat,Serie A,Away,W,5.0,0.0,Verona,,12.0,7.0,5.0,14.0,1.0,0.0,2.0,0.0,2025,Inter,5
2024-11-23,Sat,Serie A,Away,D,0.0,0.0,Milan,,7.0,2.0,12.0,9.0,2.0,0.0,3.0,0.0,2025,Juventus,5
2024-11-23,Sat,Serie A,Home,D,0.0,0.0,Juventus,,6.0,1.0,9.0,12.0,3.0,0.0,2.0,0.0,2025,Milan,5
2024-11-23,Sat,Serie A,Home,L,1.0,3.0,Atalanta,,9.0,3.0,6.0,8.0,0.0,0.0,2.0,0.0,2025,Parma,5
2024-11-23,Sat,Serie A,Home,L,0.0,5.0,Inter,,9.0,2.0,14.0,5.0,2.0,0.0,1.0,0.0,2025,Verona,5
2024-11-24,Sun,Serie A,Away,L,0.0,3.0,Lazio,,3.0,1.0,14.0,14.0,3.0,1.0,3.0,0.0,2025,Bologna,6
2024-11-24,Sun,Serie A,Away,D,2.0,2.0,Genoa,,17.0,6.0,7.0,11.0,2.0,0.0,2.0,0.0,2025,Cagliari,6
2024-11-24,Sun,Serie A,Home,L,0.0,2.0,Fiorentina,,10.0,4.0,11.0,15.0,2.0,1.0,1.0,0.0,2025,Como,6
2024-11-24,Sun,Serie A,Away,W,2.0,0.0,Como,,8.0,4.0,15.0,11.0,1.0,0.0,2.0,1.0,2025,Fiorentina,6
2024-11-24,Sun,Serie A,Home,D,2.0,2.0,Cagliari,,20.0,6.0,11.0,7.0,2.0,0.0,2.0,0.0,2025,Genoa,6
2024-11-24,Sun,Serie A,Home,W,3.0,0.0,Bologna,,13.0,4.0,14.0,14.0,3.0,0.0,3.0,1.0,2025,Lazio,6
2024-11-24,Sun,Serie A,Away,D,1.0,1.0,Torino,,9.0,6.0,13.0,17.0,2.0,0.0,1.0,0.0,2025,Monza,6
2024-11-24,Sun,Serie A,Home,W,1.0,0.0,Roma,,14.0,2.0,8.0,9.0,0.0,0.0,3.0,0.0,2025,Napoli,6
2024-11-24,Sun,Serie A,Away,L,0.0,1.0,Napoli,,6.0,1.0,9.0,8.0,3.0,0.0,0.0,0.0,2025,Roma,6
2024-11-24,Sun,Serie A,Home,D,1.0,1.0,Monza,,12.0,5.0,17.0,13.0,1.0,0.0,2.0,0.0,2025,Torino,6
2024-11-25,Mon,Serie A,Home,D,1.0,1.0,Udinese,,4.0,2.0,8.0,13.0,3.0,0.0,2.0,0.0,2025,Empoli,0
2024-11-25,Mon,Serie A,Away,W,1.0,0.0,Venezia,,7.0,2.0,16.0,12.0,3.0,0.0,1.0,0.0,2025,Lecce,0
2024-11-25,Mon,Serie A,Away,D,1.0,1.0,Empoli,,16.0,3.0,13.0,8.0,2.0,0.0,3.0,0.0,2025,Udinese,0
2024-11-25,Mon,Serie A,Home,L,0.0,1.0,Lecce,,16.0,6.0,12.0,16.0,1.0,0.0,3.0,0.0,2025,Venezia,0
2024-11-29,Fri,Serie A,Home,W,1.0,0.0,Verona,,19.0,6.0,10.0,12.0,1.0,0.0,2.0,0.0,2025,Cagliari,4
2024-11-29,Fri,Serie A,Away,L,0.0,1.0,Cagliari,,11.0,2.0,12.0,10.0,2.0,0.0,1.0,0.0,2025,Verona,4
2024-11-30,Sat,Serie A,Home,W,3.0,0.0,Venezia,,16.0,9.0,14.0,15.0,0.0,0.0,2.0,0.0,2025,Bologna,5
2024-11-30,Sat,Serie A,Home,D,1.0,1.0,Monza,,17.0,3.0,16.0,11.0,3.0,0.0,0.0,0.0,2025,Como,5
2024-11-30,Sat,Serie A,Away,L,0.0,3.0,Milan,,9.0,0.0,16.0,12.0,2.0,0.0,2.0,0.0,2025,Empoli,5
2024-11-30,Sat,Serie A,Home,W,3.0,0.0,Empoli,,20.0,4.0,12.0,16.0,2.0,0.0,2.0,0.0,2025,Milan,5
2024-11-30,Sat,Serie A,Away,D,1.0,1.0,Como,,9.0,3.0,11.0,16.0,0.0,0.0,3.0,0.0,2025,Monza,5
2024-11-30,Sat,Serie A,Away,L,0.0,3.0,Bologna,,5.0,1.0,15.0,14.0,2.0,0.0,0.0,0.0,2025,Venezia,5
2024-12-01,Sun,Serie A,Away,W,2.0,0.0,Udinese,,15.0,5.0,11.0,13.0,3.0,0.0,2.0,1.0,2025,Genoa,6
2024-12-01,Sun,Serie A,Away,D,1.0,1.0,Lecce,,14.0,3.0,9.0,8.0,4.0,0.0,1.0,0.0,2025,Juventus,6
2024-12-01,Sun,Serie A,Away,L,1.0,3.0,Parma,,23.0,8.0,13.0,17.0,3.0,0.0,4.0,0.0,2025,Lazio,6
2024-12-01,Sun,Serie A,Home,D,1.0,1.0,Juventus,,10.0,6.0,8.0,9.0,1.0,0.0,4.0,0.0,2025,Lecce,6
2024-12-01,Sun,Serie A,Away,W,1.0,0.0,Torino,,16.0,6.0,9.0,15.0,1.0,0.0,4.0,0.0,2025,Napoli,6
2024-12-01,Sun,Serie A,Home,W,3.0,1.0,Lazio,,12.0,4.0,17.0,13.0,4.0,0.0,3.0,0.0,2025,Parma,6
2024-12-01,Sun,Serie A,Home,L,0.0,1.0,Napoli,,5.0,1.0,15.0,9.0,4.0,0.0,1.0,0.0,2025,Torino,6
2024-12-01,Sun,Serie A,Home,L,0.0,2.0,Genoa,,4.0,2.0,13.0,11.0,2.0,1.0,3.0,0.0,2025,Udinese,6
2024-12-02,Mon,Serie A,Away,W,2.0,0.0,Roma,,18.0,7.0,13.0,17.0,3.0,0.0,2.0,0.0,2025,Atalanta,0
2024-12-02,Mon,Serie A,Home,L,0.0,2.0,Atalanta,,5.0,1.0,17.0,13.0,2.0,0.0,3.0,0.0,2025,Roma,0
2024-12-06,Fri,Serie A,Home,W,2.0,1.0,Milan,,17.0,8.0,14.0,13.0,2.0,0.0,0.0,0.0,2025,Atalanta,4
2024-12-06,Fri,Serie A,Home,W,3.0,1.0,Parma,,18.0,5.0,8.0,3.0,1.0,0.0,1.0,0.0,2025,Inter,4
2024-12-06,Fri,Serie A,Away,L,1.0,2.0,Atalanta,,6.0,2.0,13.0,14.0,0.0,0.0,2.0,0.0,2025,Milan,4
2024-12-06,Fri,Serie A,Away,L,1.0,3.0,Inter,,5.0,2.0,3.0,8.0,1.0,0.0,1.0,0.0,2025,Parma,4
2024-12-07,Sat,Serie A,Away,D,2.0,2.0,Juventus,,10.0,4.0,14.0,18.0,4.0,0.0,3.0,0.0,2025,Bologna,5
2024-12-07,Sat,Serie A,Home,D,0.0,0.0,Torino,,5.0,1.0,12.0,15.0,2.0,0.0,1.0,0.0,2025,Genoa,5
2024-12-07,Sat,Serie A,Home,D,2.0,2.0,Bologna,,10.0,3.0,18.0,14.0,3.0,0.0,4.0,0.0,2025,Juventus,5
2024-12-07,Sat,Serie A,Away,L,1.0,4.0,Roma,,3.0,1.0,14.0,5.0,3.0,0.0,2.0,0.0,2025,Lecce,5
2024-12-07,Sat,Serie A,Home,W,4.0,1.0,Lecce,,23.0,9.0,5.0,14.0,2.0,0.0,3.0,0.0,2025,Roma,5
2024-12-07,Sat,Serie A,Away,D,0.0,0.0,Genoa,,10.0,3.0,15.0,12.0,1.0,0.0,2.0,0.0,2025,Torino,5
2024-12-08,Sun,Serie A,Away,L,0.0,1.0,Fiorentina,,8.0,1.0,20.0,9.0,2.0,0.0,3.0,0.0,2025,Cagliari,6
2024-12-08,Sun,Serie A,Away,D,2.0,2.0,Venezia,,10.0,4.0,10.0,12.0,1.0,0.0,1.0,0.0,2025,Como,6
2024-12-08,Sun,Serie A,Away,W,4.0,1.0,Verona,,15.0,5.0,16.0,15.0,2.0,0.0,2.0,0.0,2025,Empoli,6
2024-12-08,Sun,Serie A,Home,W,1.0,0.0,Cagliari,,8.0,3.0,9.0,20.0,3.0,0.0,2.0,0.0,2025,Fiorentina,6
2024-12-08,Sun,Serie A,Away,W,1.0,0.0,Napoli,,7.0,3.0,12.0,16.0,3.0,0.0,2.0,0.0,2025,Lazio,6
2024-12-08,Sun,Serie A,Home,L,0.0,1.0,Lazio,,12.0,1.0,16.0,12.0,2.0,0.0,3.0,0.0,2025,Napoli,6
2024-12-08,Sun,Serie A,Home,D,2.0,2.0,Como,,8.0,4.0,12.0,10.0,1.0,0.0,1.0,0.0,2025,Venezia,6
2024-12-08,Sun,Serie A,Home,L,1.0,4.0,Empoli,,12.0,3.0,15.0,16.0,2.0,0.0,2.0,0.0,2025,Verona,6
2024-12-09,Mon,Serie A,Home,L,1.0,2.0,Udinese,,27.0,4.0,12.0,16.0,1.0,0.0,2.0,0.0,2025,Monza,0
2024-12-09,Mon,Serie A,Away,W,2.0,1.0,Monza,,10.0,3.0,16.0,12.0,2.0,0.0,1.0,0.0,2025,Udinese,0
2024-12-13,Fri,Serie A,Home,L,0.0,1.0,Torino,,10.0,4.0,7.0,15.0,2.0,0.0,3.0,0.0,2025,Empoli,4
2024-12-13,Fri,Serie A,Away,W,1.0,0.0,Empoli,,14.0,4.0,15.0,7.0,3.0,0.0,2.0,0.0,2025,Torino,4
2024-12-14,Sat,Serie A,Away,W,1.0,0.0,Cagliari,,12.0,2.0,10.0,16.0,3.0,0.0,3.0,0.0,2025,Atalanta,5
2024-12-14,Sat,Serie A,Home,L,0.0,1.0,Atalanta,,12.0,8.0,16.0,10.0,3.0,0.0,3.0,0.0,2025,Cagliari,5
2024-12-14,Sat,Serie A,Home,D,2.0,2.0,Venezia,,12.0,4.0,9.0,8.0,1.0,0.0,3.0,0.0,2025,Juventus,5
2024-12-14,Sat,Serie A,Away,W,3.0,1.0,Udinese,,17.0,4.0,8.0,14.0,1.0,0.0,1.0,0.0,2025,Napoli,5
2024-12-14,Sat,Serie A,Home,L,1.0,3.0,Napoli,,7.0,3.0,14.0,8.0,1.0,0.0,1.0,0.0,2025,Udinese,5
2024-12-14,Sat,Serie A,Away,D,2.0,2.0,Juventus,,8.0,2.0,8.0,9.0,3.0,0.0,1.0,0.0,2025,Venezia,5
2024-12-15,Sun,Serie A,Home,W,1.0,0.0,Fiorentina,,16.0,6.0,16.0,10.0,2.0,0.0,2.0,0.0,2025,Bologna,6
2024-12-15,Sun,Serie A,Home,W,2.0,0.0,Roma,,18.0,7.0,18.0,17.0,6.0,0.0,1.0,0.0,2025,Como,6
2024-12-15,Sun,Serie A,Away,L,0.0,1.0,Bologna,,10.0,4.0,10.0,16.0,2.0,0.0,2.0,0.0,2025,Fiorentina,6
2024-12-15,Sun,Serie A,Away,D,0.0,0.0,Milan,,5.0,0.0,12.0,11.0,2.0,0.0,0.0,0.0,2025,Genoa,6
2024-12-15,Sun,Serie A,Home,W,2.0,1.0,Monza,,11.0,4.0,15.0,16.0,1.0,0.0,5.0,0.0,2025,Lecce,6
2024-12-15,Sun,Serie A,Home,D,0.0,0.0,Genoa,,22.0,4.0,11.0,12.0,0.0,0.0,2.0,0.0,2025,Milan,6
2024-12-15,Sun,Serie A,Away,L,1.0,2.0,Lecce,,10.0,1.0,16.0,15.0,5.0,0.0,1.0,0.0,2025,Monza,6
2024-12-15,Sun,Serie A,Home,L,2.0,3.0,Verona,,19.0,8.0,5.0,16.0,1.0,0.0,3.0,0.0,2025,Parma,6
2024-12-15,Sun,Serie A,Away,L,0.0,2.0,Como,,6.0,1.0,17.0,18.0,1.0,0.0,6.0,0.0,2025,Roma,6
2024-12-15,Sun,Serie A,Away,W,3.0,2.0,Parma,,17.0,6.0,16.0,5.0,3.0,0.0,1.0,0.0,2025,Verona,6
2024-12-16,Mon,Serie A,Away,W,6.0,0.0,Lazio,,12.0,7.0,14.0,7.0,4.0,0.0,2.0,0.0,2025,Inter,0
2024-12-16,Mon,Serie A,Home,L,0.0,6.0,Inter,,9.0,2.0,7.0,14.0,2.0,0.0,4.0,0.0,2025,Lazio,0
2024-12-20,Fri,Serie A,Away,W,1.0,0.0,Verona,,14.0,6.0,9.0,21.0,1.0,0.0,1.0,0.0,2025,Milan,4
2024-12-20,Fri,Serie A,Home,L,0.0,1.0,Milan,,10.0,2.0,21.0,9.0,1.0,0.0,1.0,0.0,2025,Verona,4
2024-12-21,Sat,Serie A,Away,W,2.0,0.0,Torino,,8.0,5.0,17.0,11.0,2.0,0.0,0.0,0.0,2025,Bologna,5
2024-12-21,Sat,Serie A,Home,L,1.0,2.0,Napoli,,11.0,3.0,8.0,8.0,2.0,0.0,1.0,0.0,2025,Genoa,5
2024-12-21,Sat,Serie A,Away,W,2.0,1.0,Lecce,,13.0,7.0,12.0,13.0,1.0,0.0,3.0,1.0,2025,Lazio,5
2024-12-21,Sat,Serie A,Home,L,1.0,2.0,Lazio,,11.0,2.0,13.0,12.0,3.0,1.0,1.0,0.0,2025,Lecce,5
2024-12-21,Sat,Serie A,Away,W,2.0,1.0,Genoa,,12.0,2.0,8.0,8.0,1.0,0.0,2.0,0.0,2025,Napoli,5
2024-12-21,Sat,Serie A,Home,L,0.0,2.0,Bologna,,6.0,0.0,11.0,17.0,0.0,0.0,2.0,0.0,2025,Torino,5
2024-12-22,Sun,Serie A,Home,W,3.0,2.0,Empoli,,16.0,7.0,11.0,15.0,1.0,0.0,1.0,0.0,2025,Atalanta,6
2024-12-22,Sun,Serie A,Away,L,1.0,2.0,Venezia,,14.0,7.0,11.0,6.0,2.0,0.0,1.0,0.0,2025,Cagliari,6
2024-12-22,Sun,Serie A,Away,L,2.0,3.0,Atalanta,,7.0,3.0,15.0,11.0,1.0,0.0,1.0,0.0,2025,Empoli,6
2024-12-22,Sun,Serie A,Away,W,2.0,1.0,Monza,,16.0,9.0,13.0,7.0,1.0,0.0,1.0,0.0,2025,Juventus,6
2024-12-22,Sun,Serie A,Home,L,1.0,2.0,Juventus,,17.0,5.0,7.0,13.0,1.0,0.0,1.0,0.0,2025,Monza,6
2024-12-22,Sun,Serie A,Away,L,0.0,5.0,Roma,,9.0,3.0,9.0,10.0,2.0,0.0,1.0,0.0,2025,Parma,6
2024-12-22,Sun,Serie A,Home,W,5.0,0.0,Parma,,19.0,9.0,10.0,9.0,1.0,0.0,2.0,0.0,2025,Roma,6
2024-12-22,Sun,Serie A,Home,W,2.0,1.0,Cagliari,,12.0,6.0,6.0,11.0,1.0,0.0,2.0,0.0,2025,Venezia,6
2024-12-23,Mon,Serie A,Away,L,0.0,2.0,Inter,,8.0,4.0,15.0,13.0,2.0,0.0,2.0,0.0,2025,Como,0
2024-12-23,Mon,Serie A,Home,L,1.0,2.0,Udinese,,14.0,3.0,10.0,14.0,2.0,0.0,5.0,0.0,2025,Fiorentina,0
2024-12-23,Mon,Serie A,Home,W,2.0,0.0,Como,,17.0,5.0,13.0,15.0,2.0,0.0,2.0,0.0,2025,Inter,0
2024-12-23,Mon,Serie A,Away,W,2.0,1.0,Fiorentina,,11.0,4.0,14.0,10.0,5.0,0.0,2.0,0.0,2025,Udinese,0
2024-12-28,Sat,Serie A,Away,D,1.0,1.0,Lazio,,14.0,4.0,11.0,6.0,3.0,0.0,2.0,0.0,2025,Atalanta,5
2024-12-28,Sat,Serie A,Home,L,0.0,3.0,Inter,,5.0,1.0,14.0,5.0,0.0,0.0,0.0,0.0,2025,Cagliari,5
2024-12-28,Sat,Serie A,Home,L,1.0,2.0,Genoa,,12.0,8.0,16.0,13.0,1.0,0.0,2.0,0.0,2025,Empoli,5
2024-12-28,Sat,Serie A,Away,W,2.0,1.0,Empoli,,14.0,5.0,13.0,16.0,2.0,0.0,1.0,0.0,2025,Genoa,5
2024-12-28,Sat,Serie A,Away,W,3.0,0.0,Cagliari,,20.0,5.0,5.0,14.0,0.0,0.0,0.0,0.0,2025,Inter,5
2024-12-28,Sat,Serie A,Home,D,1.0,1.0,Atalanta,,11.0,5.0,6.0,11.0,2.0,0.0,3.0,0.0,2025,Lazio,5
2024-12-28,Sat,Serie A,Away,L,1.0,2.0,Parma,,10.0,4.0,21.0,16.0,7.0,1.0,3.0,0.0,2025,Monza,5
2024-12-28,Sat,Serie A,Home,W,2.0,1.0,Monza,,9.0,3.0,16.0,21.0,3.0,0.0,7.0,1.0,2025,Parma,5
2024-12-29,Sun,Serie A,Away,D,2.0,2.0,Juventus,,11.0,4.0,9.0,14.0,1.0,0.0,3.0,0.0,2025,Fiorentina,6
2024-12-29,Sun,Serie A,Home,D,2.0,2.0,Fiorentina,,15.0,5.0,14.0,9.0,3.0,0.0,1.0,0.0,2025,Juventus,6
2024-12-29,Sun,Serie A,Home,D,1.0,1.0,Roma,,21.0,7.0,17.0,8.0,4.0,0.0,4.0,0.0,2025,Milan,6
2024-12-29,Sun,Serie A,Home,W,1.0,0.0,Venezia,,25.0,8.0,10.0,12.0,0.0,0.0,3.0,0.0,2025,Napoli,6
2024-12-29,Sun,Serie A,Away,D,1.0,1.0,Milan,,12.0,5.0,8.0,17.0,4.0,0.0,4.0,0.0,2025,Roma,6
2024-12-29,Sun,Serie A,Away,D,2.0,2.0,Udinese,,12.0,6.0,12.0,17.0,0.0,0.0,1.0,0.0,2025,Torino,6
2024-12-29,Sun,Serie A,Home,D,2.0,2.0,Torino,,10.0,3.0,17.0,12.0,1.0,0.0,0.0,0.0,2025,Udinese,6
2024-12-29,Sun,Serie A,Away,L,0.0,1.0,Napoli,,4.0,2.0,12.0,10.0,3.0,0.0,0.0,0.0,2025,Venezia,6
2024-12-30,Mon,Serie A,Home,L,2.0,3.0,Verona,,23.0,7.0,9.0,24.0,2.0,1.0,5.0,0.0,2025,Bologna,0
2024-12-30,Mon,Serie A,Home,W,2.0,0.0,Lecce,,15.0,8.0,12.0,15.0,3.0,0.0,2.0,0.0,2025,Como,0
2024-12-30,Mon,Serie A,Away,L,0.0,2.0,Como,,11.0,1.0,15.0,12.0,2.0,0.0,3.0,0.0,2025,Lecce,0
2024-12-30,Mon,Serie A,Away,W,3.0,2.0,Bologna,,8.0,4.0,24.0,9.0,5.0,0.0,2.0,1.0,2025,Verona,0
2025-01-04,Sat,Serie A,Away,D,1.0,1.0,Venezia,,18.0,6.0,14.0,15.0,2.0,0.0,1.0,0.0,2025,Empoli,5
2025-01-04,Sat,Serie A,Home,L,0.0,3.0,Napoli,,14.0,2.0,17.0,15.0,0.0,0.0,1.0,0.0,2025,Fiorentina,5
2025-01-04,Sat,Serie A,Away,W,3.0,0.0,Fiorentina,,10.0,4.0,15.0,17.0,1.0,0.0,0.0,0.0,2025,Napoli,5
2025-01-04,Sat,Serie A,Away,D,0.0,0.0,Verona,,15.0,6.0,16.0,14.0,2.0,0.0,3.0,1.0,2025,Udinese,5
2025-01-04,Sat,Serie A,Home,D,1.0,1.0,Empoli,,8.0,3.0,15.0,14.0,1.0,0.0,2.0,0.0,2025,Venezia,5
2025-01-04,Sat,Serie A,Home,D,0.0,0.0,Udinese,,13.0,3.0,14.0,16.0,3.0,1.0,2.0,0.0,2025,Verona,5
2025-01-05,Sun,Serie A,Away,W,2.0,1.0,Monza,,13.0,4.0,19.0,16.0,2.0,0.0,2.0,1.0,2025,Cagliari,6
2025-01-05,Sun,Serie A,Away,D,0.0,0.0,Lecce,,4.0,1.0,15.0,11.0,1.0,0.0,0.0,0.0,2025,Genoa,6
2025-01-05,Sun,Serie A,Away,L,0.0,2.0,Roma,,17.0,6.0,18.0,12.0,5.0,1.0,4.0,0.0,2025,Lazio,6
2025-01-05,Sun,Serie A,Home,D,0.0,0.0,Genoa,,10.0,3.0,11.0,15.0,0.0,0.0,1.0,0.0,2025,Lecce,6
2025-01-05,Sun,Serie A,Home,L,1.0,2.0,Cagliari,,6.0,2.0,16.0,19.0,2.0,1.0,2.0,0.0,2025,Monza,6
2025-01-05,Sun,Serie A,Away,D,0.0,0.0,Torino,,10.0,3.0,9.0,9.0,1.0,0.0,2.0,0.0,2025,Parma,6
2025-01-05,Sun,Serie A,Home,W,2.0,0.0,Lazio,,7.0,5.0,12.0,18.0,4.0,0.0,5.0,1.0,2025,Roma,6
2025-01-05,Sun,Serie A,Home,D,0.0,0.0,Parma,,12.0,4.0,9.0,9.0,2.0,0.0,1.0,0.0,2025,Torino,6
2025-01-10,Fri,Serie A,Away,D,1.0,1.0,Lazio,,17.0,4.0,15.0,14.0,3.0,0.0,4.0,1.0,2025,Como,4
2025-01-10,Fri,Serie A,Home,D,1.0,1.0,Como,,12.0,4.0,14.0,15.0,4.0,1.0,3.0,0.0,2025,Lazio,4
2025-01-11,Sat,Serie A,Away,D,0.0,0.0,Udinese,,4.0,2.0,16.0,4.0,2.0,0.0,1.0,0.0,2025,Atalanta,5
2025-01-11,Sat,Serie A,Away,D,1.0,1.0,Milan,,6.0,2.0,11.0,9.0,2.0,0.0,1.0,0.0,2025,Cagliari,5
2025-01-11,Sat,Serie A,Home,L,1.0,3.0,Lecce,,15.0,5.0,11.0,21.0,0.0,0.0,3.0,0.0,2025,Empoli,5
2025-01-11,Sat,Serie A,Away,D,1.0,1.0,Torino,,15.0,9.0,9.0,18.0,1.0,0.0,4.0,0.0,2025,Juventus,5
2025-01-11,Sat,Serie A,Away,W,3.0,1.0,Empoli,,14.0,6.0,21.0,11.0,3.0,0.0,0.0,0.0,2025,Lecce,5
2025-01-11,Sat,Serie A,Home,D,1.0,1.0,Cagliari,,24.0,11.0,9.0,11.0,1.0,0.0,2.0,0.0,2025,Milan,5
2025-01-11,Sat,Serie A,Home,D,1.0,1.0,Juventus,,11.0,2.0,18.0,9.0,4.0,0.0,1.0,0.0,2025,Torino,5
2025-01-11,Sat,Serie A,Home,D,0.0,0.0,Atalanta,,12.0,3.0,4.0,16.0,1.0,0.0,2.0,0.0,2025,Udinese,5
2025-01-12,Sun,Serie A,Home,D,2.0,2.0,Roma,,14.0,8.0,18.0,10.0,4.0,0.0,1.0,0.0,2025,Bologna,6
2025-01-12,Sun,Serie A,Home,W,1.0,0.0,Parma,,14.0,4.0,10.0,10.0,2.0,0.0,3.0,0.0,2025,Genoa,6
2025-01-12,Sun,Serie A,Away,W,1.0,0.0,Venezia,,17.0,6.0,11.0,12.0,1.0,0.0,4.0,0.0,2025,Inter,6
2025-01-12,Sun,Serie A,Home,W,2.0,0.0,Verona,,14.0,3.0,6.0,5.0,0.0,0.0,0.0,0.0,2025,Napoli,6
2025-01-12,Sun,Serie A,Away,L,0.0,1.0,Genoa,,9.0,3.0,10.0,10.0,3.0,0.0,2.0,0.0,2025,Parma,6
2025-01-12,Sun,Serie A,Away,D,2.0,2.0,Bologna,,11.0,4.0,10.0,18.0,1.0,0.0,4.0,0.0,2025,Roma,6
2025-01-12,Sun,Serie A,Home,L,0.0,1.0,Inter,,7.0,2.0,12.0,11.0,4.0,0.0,1.0,0.0,2025,Venezia,6
2025-01-12,Sun,Serie A,Away,L,0.0,2.0,Napoli,,6.0,2.0,5.0,6.0,0.0,0.0,0.0,0.0,2025,Verona,6
2025-01-13,Mon,Serie A,Away,L,1.0,2.0,Monza,,11.0,2.0,9.0,26.0,1.0,0.0,4.0,0.0,2025,Fiorentina,0
2025-01-13,Mon,Serie A,Home,W,2.0,1.0,Fiorentina,,10.0,3.0,26.0,9.0,4.0,0.0,1.0,0.0,2025,Monza,0
2025-01-14,Tue,Serie A,Home,D,1.0,1.0,Juventus,,17.0,6.0,10.0,7.0,1.0,0.0,1.0,0.0,2025,Atalanta,1
2025-01-14,Tue,Serie A,Home,L,1.0,2.0,Milan,,12.0,4.0,11.0,17.0,1.0,0.0,6.0,0.0,2025,Como,1
2025-01-14,Tue,Serie A,Away,D,1.0,1.0,Atalanta,,17.0,9.0,7.0,10.0,1.0,0.0,1.0,0.0,2025,Juventus,1
2025-01-14,Tue,Serie A,Away,W,2.0,1.0,Como,,12.0,6.0,17.0,11.0,6.0,0.0,1.0,0.0,2025,Milan,1
2025-01-15,Wed,Serie A,Away,D,2.0,2.0,Inter,,14.0,6.0,13.0,19.0,0.0,0.0,0.0,0.0,2025,Bologna,2
2025-01-15,Wed,Serie A,Home,D,2.0,2.0,Bologna,,12.0,6.0,19.0,13.0,0.0,0.0,0.0,0.0,2025,Inter,2
2025-01-17,Fri,Serie A,Away,L,1.0,3.0,Roma,,7.0,3.0,12.0,12.0,1.0,0.0,1.0,0.0,2025,Genoa,4
2025-01-17,Fri,Serie A,Home,W,3.0,1.0,Genoa,,16.0,7.0,12.0,12.0,1.0,0.0,1.0,0.0,2025,Roma,4
2025-01-18,Sat,Serie A,Home,L,2.0,3.0,Napoli,,15.0,6.0,18.0,9.0,4.0,0.0,2.0,0.0,2025,Atalanta,5
2025-01-18,Sat,Serie A,Home,W,3.0,1.0,Monza,,18.0,7.0,16.0,18.0,1.0,0.0,3.0,0.0,2025,Bologna,5
2025-01-18,Sat,Serie A,Home,W,2.0,0.0,Milan,,15.0,6.0,19.0,11.0,0.0,0.0,2.0,0.0,2025,Juventus,5
2025-01-18,Sat,Serie A,Away,L,0.0,2.0,Juventus,,13.0,3.0,11.0,19.0,2.0,0.0,0.0,0.0,2025,Milan,5
2025-01-18,Sat,Serie A,Away,L,1.0,3.0,Bologna,,3.0,1.0,18.0,16.0,3.0,0.0,1.0,0.0,2025,Monza,5
2025-01-18,Sat,Serie A,Away,W,3.0,2.0,Atalanta,,6.0,3.0,9.0,18.0,2.0,0.0,4.0,0.0,2025,Napoli,5
2025-01-19,Sun,Serie A,Home,W,4.0,1.0,Lecce,,19.0,7.0,11.0,10.0,3.0,0.0,1.0,1.0,2025,Cagliari,6
2025-01-19,Sun,Serie A,Away,L,1.0,3.0,Inter,,5.0,1.0,9.0,11.0,0.0,0.0,0.0,0.0,2025,Empoli,6
2025-01-19,Sun,Serie A,Home,D,1.0,1.0,Torino,,20.0,6.0,16.0,11.0,3.0,0.0,3.0,1.0,2025,Fiorentina,6
2025-01-19,Sun,Serie A,Home,W,3.0,1.0,Empoli,,18.0,7.0,11.0,9.0,0.0,0.0,0.0,0.0,2025,Inter,6
2025-01-19,Sun,Serie A,Away,W,3.0,0.0,Verona,,14.0,5.0,8.0,10.0,2.0,0.0,6.0,1.0,2025,Lazio,6
2025-01-19,Sun,Serie A,Away,L,1.0,4.0,Cagliari,,7.0,2.0,10.0,11.0,1.0,1.0,3.0,0.0,2025,Lecce,6
2025-01-19,Sun,Serie A,Home,D,1.0,1.0,Venezia,,19.0,8.0,13.0,16.0,2.0,0.0,3.0,0.0,2025,Parma,6
2025-01-19,Sun,Serie A,Away,D,1.0,1.0,Fiorentina,,6.0,3.0,11.0,16.0,3.0,1.0,3.0,0.0,2025,Torino,6
2025-01-19,Sun,Serie A,Away,D,1.0,1.0,Parma,,7.0,2.0,16.0,13.0,3.0,0.0,2.0,0.0,2025,Venezia,6
2025-01-19,Sun,Serie A,Home,L,0.0,3.0,Lazio,,16.0,3.0,10.0,8.0,6.0,1.0,2.0,0.0,2025,Verona,6
2025-01-20,Mon,Serie A,Home,W,4.0,1.0,Udinese,,11.0,8.0,10.0,16.0,2.0,1.0,4.0,1.0,2025,Como,0
2025-01-20,Mon,Serie A,Away,L,1.0,4.0,Como,,6.0,2.0,16.0,10.0,4.0,1.0,2.0,1.0,2025,Udinese,0
2025-01-24,Fri,Serie A,Away,L,0.0,2.0,Torino,,6.0,1.0,10.0,11.0,1.0,0.0,0.0,0.0,2025,Cagliari,4
2025-01-24,Fri,Serie A,Home,W,2.0,0.0,Cagliari,,18.0,6.0,11.0,10.0,0.0,0.0,1.0,0.0,2025,Torino,4
2025-01-25,Sat,Serie A,Away,W,2.0,1.0,Como,,5.0,3.0,10.0,15.0,3.0,0.0,2.0,0.0,2025,Atalanta,5
2025-01-25,Sat,Serie A,Away,D,1.0,1.0,Empoli,,9.0,8.0,13.0,25.0,0.0,0.0,0.0,0.0,2025,Bologna,5
2025-01-25,Sat,Serie A,Home,L,1.0,2.0,Atalanta,,15.0,5.0,15.0,10.0,2.0,0.0,3.0,0.0,2025,Como,5
2025-01-25,Sat,Serie A,Home,D,1.0,1.0,Bologna,,5.0,1.0,25.0,13.0,0.0,0.0,0.0,0.0,2025,Empoli,5
2025-01-25,Sat,Serie A,Away,L,1.0,2.0,Napoli,,5.0,2.0,15.0,9.0,0.0,0.0,0.0,0.0,2025,Juventus,5
2025-01-25,Sat,Serie A,Home,W,2.0,1.0,Juventus,,14.0,3.0,9.0,15.0,0.0,0.0,0.0,0.0,2025,Napoli,5
2025-01-26,Sun,Serie A,Away,W,2.0,1.0,Lazio,,7.0,3.0,12.0,9.0,4.0,1.0,1.0,0.0,2025,Fiorentina,6
2025-01-26,Sun,Serie A,Away,W,4.0,0.0,Lecce,,9.0,5.0,12.0,13.0,2.0,0.0,0.0,0.0,2025,Inter,6
2025-01-26,Sun,Serie A,Home,L,1.0,2.0,Fiorentina,,22.0,3.0,9.0,12.0,1.0,0.0,4.0,1.0,2025,Lazio,6
2025-01-26,Sun,Serie A,Home,L,0.0,4.0,Inter,,17.0,4.0,13.0,12.0,0.0,0.0,2.0,0.0,2025,Lecce,6
2025-01-26,Sun,Serie A,Home,W,3.0,2.0,Parma,,14.0,5.0,14.0,7.0,2.0,0.0,5.0,0.0,2025,Milan,6
2025-01-26,Sun,Serie A,Away,L,2.0,3.0,Milan,,12.0,5.0,7.0,14.0,5.0,0.0,2.0,0.0,2025,Parma,6
2025-01-26,Sun,Serie A,Away,W,2.0,1.0,Udinese,,16.0,10.0,12.0,15.0,2.0,0.0,2.0,0.0,2025,Roma,6
2025-01-26,Sun,Serie A,Home,L,1.0,2.0,Roma,,10.0,3.0,15.0,12.0,2.0,0.0,2.0,0.0,2025,Udinese,6
2025-01-27,Mon,Serie A,Home,W,2.0,0.0,Monza,,18.0,6.0,13.0,19.0,0.0,0.0,4.0,0.0,2025,Genoa,0
2025-01-27,Mon,Serie A,Away,L,0.0,2.0,Genoa,,5.0,1.0,19.0,13.0,4.0,0.0,0.0,0.0,2025,Monza,0
2025-01-27,Mon,Serie A,Home,D,1.0,1.0,Verona,,9.0,1.0,16.0,14.0,1.0,0.0,1.0,0.0,2025,Venezia,0
2025-01-27,Mon,Serie A,Away,D,1.0,1.0,Venezia,,21.0,5.0,14.0,16.0,1.0,0.0,1.0,0.0,2025,Verona,0
2025-01-31,Fri,Serie A,Away,W,3.0,1.0,Parma,,6.0,3.0,14.0,8.0,2.0,0.0,1.0,0.0,2025,Lecce,4
2025-01-31,Fri,Serie A,Home,L,1.0,3.0,Lecce,,19.0,7.0,8.0,14.0,1.0,0.0,2.0,0.0,2025,Parma,4
2025-02-01,Sat,Serie A,Home,D,1.0,1.0,Torino,,22.0,10.0,6.0,11.0,0.0,0.0,3.0,0.0,2025,Atalanta,5
2025-02-01,Sat,Serie A,Home,W,2.0,0.0,Como,,15.0,4.0,16.0,18.0,3.0,0.0,4.0,1.0,2025,Bologna,5
2025-02-01,Sat,Serie A,Away,L,0.0,2.0,Bologna,,8.0,1.0,18.0,16.0,4.0,1.0,3.0,0.0,2025,Como,5
2025-02-01,Sat,Serie A,Home,L,0.0,1.0,Verona,,9.0,2.0,12.0,23.0,2.0,0.0,3.0,0.0,2025,Monza,5
2025-02-01,Sat,Serie A,Away,D,1.0,1.0,Atalanta,,5.0,3.0,11.0,6.0,3.0,0.0,0.0,0.0,2025,Torino,5
2025-02-01,Sat,Serie A,Home,W,3.0,2.0,Venezia,,13.0,5.0,20.0,9.0,3.0,0.0,3.0,0.0,2025,Udinese,5
2025-02-01,Sat,Serie A,Away,L,2.0,3.0,Udinese,,14.0,3.0,9.0,20.0,3.0,0.0,3.0,0.0,2025,Venezia,5
2025-02-01,Sat,Serie A,Away,W,1.0,0.0,Monza,,12.0,4.0,23.0,12.0,3.0,0.0,2.0,0.0,2025,Verona,5
2025-02-02,Sun,Serie A,Away,L,1.0,4.0,Juventus,,10.0,3.0,13.0,14.0,3.0,1.0,0.0,0.0,2025,Empoli,6
2025-02-02,Sun,Serie A,Home,W,2.0,1.0,Genoa,,7.0,6.0,17.0,14.0,3.0,0.0,1.0,0.0,2025,Fiorentina,6
2025-02-02,Sun,Serie A,Away,L,1.0,2.0,Fiorentina,,17.0,3.0,14.0,17.0,1.0,0.0,3.0,0.0,2025,Genoa,6
2025-02-02,Sun,Serie A,Away,D,1.0,1.0,Milan,,16.0,6.0,9.0,5.0,2.0,0.0,0.0,0.0,2025,Inter,6
2025-02-02,Sun,Serie A,Home,W,4.0,1.0,Empoli,,23.0,8.0,14.0,13.0,0.0,0.0,3.0,1.0,2025,Juventus,6
2025-02-02,Sun,Serie A,Home,D,1.0,1.0,Inter,,10.0,4.0,5.0,9.0,0.0,0.0,2.0,0.0,2025,Milan,6
2025-02-02,Sun,Serie A,Away,D,1.0,1.0,Roma,,5.0,2.0,13.0,9.0,1.0,0.0,2.0,0.0,2025,Napoli,6
2025-02-02,Sun,Serie A,Home,D,1.0,1.0,Napoli,,12.0,2.0,9.0,13.0,2.0,0.0,1.0,0.0,2025,Roma,6
2025-02-03,Mon,Serie A,Home,L,1.0,2.0,Lazio,,15.0,5.0,14.0,9.0,0.0,0.0,0.0,0.0,2025,Cagliari,0
2025-02-03,Mon,Serie A,Away,W,2.0,1.0,Cagliari,,11.0,6.0,9.0,14.0,0.0,0.0,0.0,0.0,2025,Lazio,0
2025-02-06,Thu,Serie A,Home,W,3.0,0.0,Inter,,10.0,6.0,11.0,10.0,0.0,0.0,0.0,0.0,2025,Fiorentina,3
2025-02-06,Thu,Serie A,Away,L,0.0,3.0,Fiorentina,,11.0,2.0,10.0,11.0,0.0,0.0,0.0,0.0,2025,Inter,3
2025-02-07,Fri,Serie A,Home,L,1.0,2.0,Juventus,,16.0,6.0,15.0,15.0,3.0,0.0,1.0,0.0,2025,Como,4
2025-02-07,Fri,Serie A,Away,W,2.0,1.0,Como,,8.0,3.0,15.0,15.0,1.0,0.0,3.0,0.0,2025,Juventus,4
2025-02-08,Sat,Serie A,Away,W,5.0,0.0,Verona,,17.0,7.0,6.0,10.0,1.0,0.0,2.0,0.0,2025,Atalanta,5
2025-02-08,Sat,Serie A,Home,L,0.0,2.0,Milan,,8.0,0.0,17.0,10.0,2.0,1.0,4.0,1.0,2025,Empoli,5
2025-02-08,Sat,Serie A,Away,D,1.0,1.0,Torino,,6.0,2.0,10.0,11.0,2.0,0.0,2.0,0.0,2025,Genoa,5
2025-02-08,Sat,Serie A,Away,W,2.0,0.0,Empoli,,16.0,5.0,10.0,17.0,4.0,1.0,2.0,1.0,2025,Milan,5
2025-02-08,Sat,Serie A,Home,D,1.0,1.0,Genoa,,10.0,3.0,11.0,10.0,2.0,0.0,2.0,0.0,2025,Torino,5
2025-02-08,Sat,Serie A,Home,L,0.0,5.0,Atalanta,,18.0,7.0,10.0,6.0,2.0,0.0,1.0,0.0,2025,Verona,5
2025-02-09,Sun,Serie A,Away,D,0.0,0.0,Lecce,,8.0,2.0,16.0,14.0,2.0,0.0,0.0,0.0,2025,Bologna,6
2025-02-09,Sun,Serie A,Home,W,2.0,1.0,Parma,,14.0,3.0,14.0,12.0,0.0,0.0,0.0,0.0,2025,Cagliari,6
2025-02-09,Sun,Serie A,Home,W,5.0,1.0,Monza,,26.0,9.0,10.0,12.0,0.0,0.0,1.0,0.0,2025,Lazio,6
2025-02-09,Sun,Serie A,Home,D,0.0,0.0,Bologna,,6.0,1.0,14.0,16.0,0.0,0.0,2.0,0.0,2025,Lecce,6
2025-02-09,Sun,Serie A,Away,L,1.0,5.0,Lazio,,3.0,1.0,12.0,10.0,1.0,0.0,0.0,0.0,2025,Monza,6
2025-02-09,Sun,Serie A,Home,D,1.0,1.0,Udinese,,18.0,4.0,11.0,10.0,0.0,0.0,1.0,0.0,2025,Napoli,6
2025-02-09,Sun,Serie A,Away,L,1.0,2.0,Cagliari,,9.0,1.0,12.0,14.0,0.0,0.0,0.0,0.0,2025,Parma,6
2025-02-09,Sun,Serie A,Away,W,1.0,0.0,Venezia,,13.0,5.0,21.0,13.0,3.0,0.0,2.0,0.0,2025,Roma,6
2025-02-09,Sun,Serie A,Away,D,1.0,1.0,Napoli,,8.0,4.0,10.0,11.0,1.0,0.0,0.0,0.0,2025,Udinese,6
2025-02-09,Sun,Serie A,Home,L,0.0,1.0,Roma,,12.0,3.0,13.0,21.0,2.0,0.0,3.0,0.0,2025,Venezia,6
2025-02-10,Mon,Serie A,Away,L,1.0,2.0,Inter,,7.0,2.0,15.0,16.0,3.0,0.0,4.0,0.0,2025,Fiorentina,0
2025-02-10,Mon,Serie A,Home,W,2.0,1.0,Fiorentina,,22.0,8.0,16.0,15.0,4.0,0.0,3.0,0.0,2025,Inter,0
2025-02-14,Fri,Serie A,Home,W,3.0,2.0,Torino,,23.0,7.0,7.0,17.0,0.0,0.0,4.0,0.0,2025,Bologna,4
2025-02-14,Fri,Serie A,Away,L,2.0,3.0,Bologna,,8.0,5.0,17.0,7.0,4.0,0.0,0.0,0.0,2025,Torino,4
2025-02-15,Sat,Serie A,Home,D,0.0,0.0,Cagliari,,9.0,2.0,7.0,11.0,1.0,0.0,1.0,0.0,2025,Atalanta,5
2025-02-15,Sat,Serie A,Away,D,0.0,0.0,Atalanta,,3.0,0.0,11.0,7.0,1.0,0.0,1.0,0.0,2025,Cagliari,5
2025-02-15,Sat,Serie A,Home,D,2.0,2.0,Napoli,,12.0,5.0,9.0,19.0,2.0,0.0,2.0,0.0,2025,Lazio,5
2025-02-15,Sat,Serie A,Home,W,1.0,0.0,Verona,,18.0,3.0,11.0,18.0,0.0,0.0,0.0,0.0,2025,Milan,5
2025-02-15,Sat,Serie A,Away,D,2.0,2.0,Lazio,,6.0,3.0,19.0,9.0,2.0,0.0,2.0,0.0,2025,Napoli,5
2025-02-15,Sat,Serie A,Away,L,0.0,1.0,Milan,,7.0,2.0,18.0,11.0,0.0,0.0,0.0,0.0,2025,Verona,5
2025-02-16,Sun,Serie A,Away,W,2.0,0.0,Fiorentina,,8.0,4.0,24.0,14.0,2.0,0.0,3.0,0.0,2025,Como,6
2025-02-16,Sun,Serie A,Away,L,0.0,3.0,Udinese,,16.0,4.0,17.0,12.0,0.0,0.0,0.0,0.0,2025,Empoli,6
2025-02-16,Sun,Serie A,Home,L,0.0,2.0,Como,,5.0,3.0,14.0,24.0,3.0,0.0,2.0,0.0,2025,Fiorentina,6
2025-02-16,Sun,Serie A,Away,L,0.0,1.0,Juventus,,17.0,2.0,10.0,17.0,1.0,0.0,1.0,0.0,2025,Inter,6
2025-02-16,Sun,Serie A,Home,W,1.0,0.0,Inter,,16.0,8.0,17.0,10.0,1.0,0.0,1.0,0.0,2025,Juventus,6
2025-02-16,Sun,Serie A,Away,D,0.0,0.0,Monza,,19.0,5.0,18.0,10.0,2.0,0.0,2.0,0.0,2025,Lecce,6
2025-02-16,Sun,Serie A,Home,D,0.0,0.0,Lecce,,8.0,3.0,10.0,18.0,2.0,0.0,2.0,0.0,2025,Monza,6
2025-02-16,Sun,Serie A,Home,L,0.0,1.0,Roma,,5.0,1.0,11.0,5.0,0.0,0.0,0.0,0.0,2025,Parma,6
2025-02-16,Sun,Serie A,Away,W,1.0,0.0,Parma,,16.0,4.0,5.0,11.0,0.0,0.0,0.0,0.0,2025,Roma,6
2025-02-16,Sun,Serie A,Home,W,3.0,0.0,Empoli,,17.0,9.0,12.0,17.0,0.0,0.0,0.0,0.0,2025,Udinese,6
2025-02-17,Mon,Serie A,Home,W,2.0,0.0,Venezia,,14.0,5.0,14.0,15.0,1.0,0.0,1.0,0.0,2025,Genoa,0
2025-02-17,Mon,Serie A,Away,L,0.0,2.0,Genoa,,7.0,3.0,15.0,14.0,1.0,0.0,1.0,0.0,2025,Venezia,0
2025-02-21,Fri,Serie A,Home,L,0.0,1.0,Udinese,,10.0,1.0,15.0,11.0,1.0,0.0,3.0,0.0,2025,Lecce,4
2025-02-21,Fri,Serie A,Away,W,1.0,0.0,Lecce,,12.0,5.0,11.0,15.0,3.0,0.0,1.0,0.0,2025,Udinese,4
2025-02-22,Sat,Serie A,Away,L,0.0,2.0,Parma,,16.0,1.0,13.0,14.0,1.0,0.0,2.0,0.0,2025,Bologna,5
2025-02-22,Sat,Serie A,Away,L,0.0,1.0,Inter,,11.0,2.0,14.0,7.0,2.0,0.0,0.0,0.0,2025,Genoa,5
2025-02-22,Sat,Serie A,Home,W,1.0,0.0,Genoa,,18.0,5.0,7.0,14.0,0.0,0.0,2.0,0.0,2025,Inter,5
2025-02-22,Sat,Serie A,Away,D,0.0,0.0,Venezia,,9.0,3.0,12.0,21.0,2.0,0.0,4.0,0.0,2025,Lazio,5
2025-02-22,Sat,Serie A,Away,L,1.0,2.0,Torino,,26.0,8.0,5.0,14.0,1.0,0.0,1.0,0.0,2025,Milan,5
2025-02-22,Sat,Serie A,Home,W,2.0,0.0,Bologna,,4.0,3.0,14.0,13.0,2.0,0.0,1.0,0.0,2025,Parma,5
2025-02-22,Sat,Serie A,Home,W,2.0,1.0,Milan,,9.0,3.0,14.0,5.0,1.0,0.0,1.0,0.0,2025,Torino,5
2025-02-22,Sat,Serie A,Home,D,0.0,0.0,Lazio,,9.0,2.0,21.0,12.0,4.0,0.0,2.0,0.0,2025,Venezia,5
2025-02-23,Sun,Serie A,Away,W,5.0,0.0,Empoli,,14.0,8.0,17.0,4.0,1.0,0.0,0.0,0.0,2025,Atalanta,6
2025-02-23,Sun,Serie A,Home,L,0.0,1.0,Juventus,,8.0,2.0,9.0,15.0,0.0,0.0,1.0,0.0,2025,Cagliari,6
2025-02-23,Sun,Serie A,Home,W,2.0,1.0,Napoli,,8.0,3.0,17.0,14.0,1.0,0.0,3.0,0.0,2025,Como,6
2025-02-23,Sun,Serie A,Home,L,0.0,5.0,Atalanta,,10.0,1.0,4.0,17.0,0.0,0.0,1.0,0.0,2025,Empoli,6
2025-02-23,Sun,Serie A,Away,L,0.0,1.0,Verona,,8.0,3.0,8.0,19.0,3.0,0.0,3.0,0.0,2025,Fiorentina,6
2025-02-23,Sun,Serie A,Away,W,1.0,0.0,Cagliari,,14.0,7.0,15.0,9.0,1.0,0.0,0.0,0.0,2025,Juventus,6
2025-02-23,Sun,Serie A,Away,L,1.0,2.0,Como,,13.0,4.0,14.0,17.0,3.0,0.0,1.0,0.0,2025,Napoli,6
2025-02-23,Sun,Serie A,Home,W,1.0,0.0,Fiorentina,,7.0,3.0,19.0,8.0,3.0,0.0,3.0,0.0,2025,Verona,6
2025-02-24,Mon,Serie A,Away,L,0.0,4.0,Roma,,5.0,2.0,7.0,6.0,1.0,0.0,0.0,0.0,2025,Monza,0
2025-02-24,Mon,Serie A,Home,W,4.0,0.0,Monza,,23.0,6.0,6.0,7.0,0.0,0.0,1.0,0.0,2025,Roma,0
2025-02-27,Thu,Serie A,Home,W,2.0,1.0,Milan,,14.0,4.0,13.0,15.0,1.0,0.0,2.0,0.0,2025,Bologna,3
2025-02-27,Thu,Serie A,Away,L,1.0,2.0,Bologna,,8.0,4.0,15.0,13.0,2.0,0.0,1.0,0.0,2025,Milan,3
2025-02-28,Fri,Serie A,Home,W,1.0,0.0,Lecce,,10.0,3.0,10.0,12.0,3.0,0.0,2.0,0.0,2025,Fiorentina,4
2025-02-28,Fri,Serie A,Away,L,0.0,1.0,Fiorentina,,8.0,3.0,12.0,10.0,2.0,0.0,3.0,0.0,2025,Lecce,4
2025-03-01,Sat,Serie A,Home,D,0.0,0.0,Venezia,,18.0,3.0,12.0,14.0,1.0,0.0,2.0,0.0,2025,Atalanta,5
2025-03-01,Sat,Serie A,Away,D,1.0,1.0,Napoli,,6.0,1.0,15.0,7.0,0.0,0.0,1.0,0.0,2025,Inter,5
2025-03-01,Sat,Serie A,Home,D,1.0,1.0,Inter,,19.0,4.0,7.0,15.0,1.0,0.0,0.0,0.0,2025,Napoli,5
2025-03-01,Sat,Serie A,Away,L,0.0,1.0,Udinese,,9.0,4.0,7.0,15.0,1.0,0.0,1.0,0.0,2025,Parma,5
2025-03-01,Sat,Serie A,Home,W,1.0,0.0,Parma,,20.0,6.0,15.0,7.0,1.0,0.0,1.0,0.0,2025,Udinese,5
2025-03-01,Sat,Serie A,Away,D,0.0,0.0,Atalanta,,8.0,2.0,14.0,12.0,2.0,0.0,1.0,0.0,2025,Venezia,5
2025-03-02,Sun,Serie A,Home,W,2.0,1.0,Cagliari,,15.0,5.0,15.0,24.0,1.0,0.0,2.0,0.0,2025,Bologna,6
2025-03-02,Sun,Serie A,Away,L,1.0,2.0,Bologna,,2.0,1.0,24.0,15.0,2.0,0.0,1.0,0.0,2025,Cagliari,6
2025-03-02,Sun,Serie A,Away,L,1.0,2.0,Roma,,10.0,3.0,18.0,6.0,7.0,1.0,2.0,0.0,2025,Como,6
2025-03-02,Sun,Serie A,Away,D,1.0,1.0,Genoa,,7.0,1.0,18.0,12.0,3.0,0.0,1.0,0.0,2025,Empoli,6
2025-03-02,Sun,Serie A,Home,D,1.0,1.0,Empoli,,5.0,1.0,12.0,18.0,1.0,0.0,3.0,0.0,2025,Genoa,6
2025-03-02,Sun,Serie A,Away,W,2.0,1.0,Milan,,21.0,8.0,6.0,14.0,1.0,0.0,2.0,1.0,2025,Lazio,6
2025-03-02,Sun,Serie A,Home,L,1.0,2.0,Lazio,,15.0,4.0,14.0,6.0,2.0,1.0,1.0,0.0,2025,Milan,6
2025-03-02,Sun,Serie A,Home,L,0.0,2.0,Torino,,9.0,2.0,10.0,20.0,2.0,0.0,2.0,0.0,2025,Monza,6
2025-03-02,Sun,Serie A,Home,W,2.0,1.0,Como,,11.0,4.0,6.0,18.0,2.0,0.0,7.0,1.0,2025,Roma,6
2025-03-02,Sun,Serie A,Away,W,2.0,0.0,Monza,,13.0,7.0,20.0,10.0,2.0,0.0,2.0,0.0,2025,Torino,6
2025-03-03,Mon,Serie A,Home,W,2.0,0.0,Verona,,27.0,9.0,14.0,8.0,1.0,0.0,0.0,0.0,2025,Juventus,0
2025-03-03,Mon,Serie A,Away,L,0.0,2.0,Juventus,,5.0,2.0,8.0,14.0,0.0,0.0,1.0,0.0,2025,Verona,0
2025-03-07,Fri,Serie A,Home,D,1.0,1.0,Genoa,,9.0,1.0,16.0,15.0,2.0,0.0,2.0,0.0,2025,Cagliari,4
2025-03-07,Fri,Serie A,Away,D,1.0,1.0,Cagliari,,8.0,2.0,15.0,16.0,2.0,0.0,2.0,0.0,2025,Genoa,4
2025-03-08,Sat,Serie A,Home,D,1.0,1.0,Venezia,,12.0,7.0,11.0,14.0,2.0,0.0,3.0,0.0,2025,Como,5
2025-03-08,Sat,Serie A,Home,W,3.0,2.0,Monza,,30.0,9.0,8.0,7.0,0.0,0.0,1.0,0.0,2025,Inter,5
2025-03-08,Sat,Serie A,Home,L,2.0,3.0,Milan,,11.0,3.0,13.0,7.0,2.0,0.0,1.0,0.0,2025,Lecce,5
2025-03-08,Sat,Serie A,Away,W,3.0,2.0,Lecce,,16.0,9.0,7.0,13.0,1.0,0.0,2.0,0.0,2025,Milan,5
2025-03-08,Sat,Serie A,Away,L,2.0,3.0,Inter,,8.0,4.0,7.0,8.0,1.0,0.0,0.0,0.0,2025,Monza,5
2025-03-08,Sat,Serie A,Home,D,2.0,2.0,Torino,,12.0,4.0,16.0,15.0,4.0,0.0,2.0,0.0,2025,Parma,5
2025-03-08,Sat,Serie A,Away,D,2.0,2.0,Parma,,6.0,2.0,15.0,16.0,2.0,0.0,4.0,0.0,2025,Torino,5
2025-03-08,Sat,Serie A,Away,D,1.0,1.0,Como,,11.0,6.0,14.0,11.0,3.0,0.0,2.0,0.0,2025,Venezia,5
2025-03-09,Sun,Serie A,Away,W,4.0,0.0,Juventus,,19.0,9.0,11.0,12.0,1.0,0.0,1.0,0.0,2025,Atalanta,6
2025-03-09,Sun,Serie A,Away,W,2.0,1.0,Verona,,12.0,6.0,11.0,23.0,1.0,0.0,2.0,1.0,2025,Bologna,6
2025-03-09,Sun,Serie A,Home,L,0.0,1.0,Roma,,3.0,1.0,12.0,10.0,0.0,0.0,0.0,0.0,2025,Empoli,6
2025-03-09,Sun,Serie A,Away,L,1.0,2.0,Napoli,,7.0,2.0,5.0,10.0,2.0,0.0,1.0,0.0,2025,Fiorentina,6
2025-03-09,Sun,Serie A,Home,L,0.0,4.0,Atalanta,,9.0,2.0,12.0,11.0,1.0,0.0,1.0,0.0,2025,Juventus,6
2025-03-09,Sun,Serie A,Home,W,2.0,1.0,Fiorentina,,19.0,11.0,10.0,5.0,1.0,0.0,2.0,0.0,2025,Napoli,6
2025-03-09,Sun,Serie A,Away,W,1.0,0.0,Empoli,,16.0,7.0,10.0,12.0,0.0,0.0,0.0,0.0,2025,Roma,6
2025-03-09,Sun,Serie A,Home,L,1.0,2.0,Bologna,,7.0,2.0,23.0,11.0,2.0,1.0,1.0,0.0,2025,Verona,6
2025-03-10,Mon,Serie A,Home,D,1.0,1.0,Udinese,,10.0,5.0,9.0,11.0,2.0,0.0,4.0,0.0,2025,Lazio,0
2025-03-10,Mon,Serie A,Away,D,1.0,1.0,Lazio,,15.0,4.0,11.0,9.0,4.0,0.0,2.0,0.0,2025,Udinese,0
2025-03-14,Fri,Serie A,Home,W,2.0,1.0,Lecce,,8.0,2.0,12.0,10.0,3.0,0.0,2.0,0.0,2025,Genoa,4
2025-03-14,Fri,Serie A,Away,L,1.0,2.0,Genoa,,15.0,2.0,10.0,12.0,2.0,0.0,3.0,0.0,2025,Lecce,4
2025-03-15,Sat,Serie A,Away,L,1.0,2.0,Milan,,15.0,6.0,7.0,21.0,3.0,1.0,3.0,0.0,2025,Como,5
2025-03-15,Sat,Serie A,Away,L,0.0,1.0,Torino,,16.0,2.0,12.0,9.0,0.0,0.0,1.0,0.0,2025,Empoli,5
2025-03-15,Sat,Serie A,Home,W,2.0,1.0,Como,,9.0,3.0,21.0,7.0,3.0,0.0,3.0,1.0,2025,Milan,5
2025-03-15,Sat,Serie A,Home,D,1.0,1.0,Parma,,12.0,4.0,14.0,16.0,0.0,0.0,3.0,0.0,2025,Monza,5
2025-03-15,Sat,Serie A,Away,D,1.0,1.0,Monza,,14.0,6.0,16.0,14.0,3.0,0.0,0.0,0.0,2025,Parma,5
2025-03-15,Sat,Serie A,Home,W,1.0,0.0,Empoli,,13.0,3.0,9.0,12.0,1.0,0.0,0.0,0.0,2025,Torino,5
2025-03-15,Sat,Serie A,Home,L,0.0,1.0,Verona,,11.0,3.0,21.0,16.0,5.0,0.0,2.0,0.0,2025,Udinese,5
2025-03-15,Sat,Serie A,Away,W,1.0,0.0,Udinese,,7.0,2.0,16.0,21.0,2.0,0.0,5.0,0.0,2025,Verona,5
2025-03-16,Sun,Serie A,Home,L,0.0,2.0,Inter,,16.0,3.0,11.0,14.0,3.0,1.0,3.0,1.0,2025,Atalanta,6
2025-03-16,Sun,Serie A,Home,W,5.0,0.0,Lazio,,13.0,7.0,18.0,16.0,2.0,0.0,3.0,0.0,2025,Bologna,6
2025-03-16,Sun,Serie A,Away,L,0.0,1.0,Roma,,11.0,5.0,12.0,4.0,2.0,0.0,0.0,0.0,2025,Cagliari,6
2025-03-16,Sun,Serie A,Home,W,3.0,0.0,Juventus,,9.0,3.0,9.0,13.0,2.0,0.0,3.0,0.0,2025,Fiorentina,6
2025-03-16,Sun,Serie A,Away,W,2.0,0.0,Atalanta,,14.0,5.0,14.0,11.0,3.0,1.0,3.0,1.0,2025,Inter,6
2025-03-16,Sun,Serie A,Away,L,0.0,3.0,Fiorentina,,11.0,2.0,13.0,9.0,3.0,0.0,2.0,0.0,2025,Juventus,6
2025-03-16,Sun,Serie A,Away,L,0.0,5.0,Bologna,,7.0,2.0,16.0,18.0,3.0,0.0,2.0,0.0,2025,Lazio,6
2025-03-16,Sun,Serie A,Away,D,0.0,0.0,Venezia,,15.0,7.0,8.0,19.0,1.0,0.0,2.0,0.0,2025,Napoli,6
2025-03-16,Sun,Serie A,Home,W,1.0,0.0,Cagliari,,13.0,1.0,4.0,12.0,0.0,0.0,2.0,0.0,2025,Roma,6
2025-03-16,Sun,Serie A,Home,D,0.0,0.0,Napoli,,13.0,4.0,19.0,8.0,2.0,0.0,1.0,0.0,2025,Venezia,6
2025-03-29,Sat,Serie A,Away,W,1.0,0.0,Venezia,,13.0,4.0,21.0,14.0,1.0,0.0,4.0,0.0,2025,Bologna,5
2025-03-29,Sat,Serie A,Home,D,1.0,1.0,Empoli,,16.0,5.0,5.0,22.0,2.0,0.0,5.0,1.0,2025,Como,5
2025-03-29,Sat,Serie A,Away,D,1.0,1.0,Como,,14.0,4.0,22.0,5.0,5.0,1.0,2.0,0.0,2025,Empoli,5
2025-03-29,Sat,Serie A,Away,L,0.0,1.0,Juventus,,9.0,3.0,11.0,13.0,2.0,0.0,3.0,0.0,2025,Genoa,5
2025-03-29,Sat,Serie A,Home,W,1.0,0.0,Genoa,,9.0,6.0,13.0,11.0,3.0,0.0,2.0,0.0,2025,Juventus,5
2025-03-29,Sat,Serie A,Home,L,0.0,1.0,Roma,,17.0,4.0,6.0,11.0,1.0,0.0,3.0,0.0,2025,Lecce,5
2025-03-29,Sat,Serie A,Away,W,1.0,0.0,Lecce,,16.0,6.0,11.0,6.0,3.0,0.0,1.0,0.0,2025,Roma,5
2025-03-29,Sat,Serie A,Home,L,0.0,1.0,Bologna,,6.0,3.0,14.0,21.0,4.0,0.0,1.0,0.0,2025,Venezia,5
2025-03-30,Sun,Serie A,Away,L,0.0,1.0,Fiorentina,,9.0,0.0,16.0,7.0,3.0,0.0,0.0,0.0,2025,Atalanta,6
2025-03-30,Sun,Serie A,Home,W,3.0,0.0,Monza,,11.0,4.0,17.0,11.0,2.0,0.0,2.0,0.0,2025,Cagliari,6
2025-03-30,Sun,Serie A,Home,W,1.0,0.0,Atalanta,,12.0,4.0,7.0,16.0,0.0,0.0,3.0,0.0,2025,Fiorentina,6
2025-03-30,Sun,Serie A,Home,W,2.0,1.0,Udinese,,13.0,3.0,8.0,14.0,2.0,0.0,0.0,0.0,2025,Inter,6
2025-03-30,Sun,Serie A,Away,L,1.0,2.0,Napoli,,17.0,4.0,5.0,10.0,2.0,0.0,2.0,0.0,2025,Milan,6
2025-03-30,Sun,Serie A,Away,L,0.0,3.0,Cagliari,,12.0,3.0,11.0,17.0,2.0,0.0,2.0,0.0,2025,Monza,6
2025-03-30,Sun,Serie A,Home,W,2.0,1.0,Milan,,8.0,3.0,10.0,5.0,2.0,0.0,2.0,0.0,2025,Napoli,6
2025-03-30,Sun,Serie A,Away,L,1.0,2.0,Inter,,11.0,4.0,14.0,8.0,0.0,0.0,2.0,0.0,2025,Udinese,6
2025-03-31,Mon,Serie A,Home,D,1.0,1.0,Torino,,16.0,6.0,9.0,20.0,3.0,0.0,4.0,0.0,2025,Lazio,0
2025-03-31,Mon,Serie A,Away,D,0.0,0.0,Verona,,10.0,1.0,9.0,11.0,1.0,0.0,2.0,0.0,2025,Parma,0
2025-03-31,Mon,Serie A,Away,D,1.0,1.0,Lazio,,7.0,2.0,20.0,9.0,4.0,0.0,3.0,0.0,2025,Torino,0
2025-03-31,Mon,Serie A,Home,D,0.0,0.0,Parma,,6.0,0.0,11.0,9.0,2.0,0.0,1.0,0.0,2025,Verona,0
2025-04-04,Fri,Serie A,Home,W,1.0,0.0,Udinese,,13.0,7.0,16.0,14.0,2.0,0.0,2.0,0.0,2025,Genoa,4
2025-04-04,Fri,Serie A,Away,L,0.0,1.0,Genoa,,5.0,2.0,14.0,16.0,2.0,0.0,2.0,0.0,2025,Udinese,4
2025-04-05,Sat,Serie A,Away,W,3.0,1.0,Monza,,17.0,7.0,21.0,19.0,1.0,0.0,2.0,0.0,2025,Como,5
2025-04-05,Sat,Serie A,Away,D,2.0,2.0,Milan,,15.0,8.0,12.0,12.0,3.0,0.0,4.0,0.0,2025,Fiorentina,5
2025-04-05,Sat,Serie A,Away,D,2.0,2.0,Parma,,20.0,4.0,7.0,9.0,3.0,0.0,2.0,0.0,2025,Inter,5
2025-04-05,Sat,Serie A,Home,D,2.0,2.0,Fiorentina,,19.0,6.0,12.0,12.0,4.0,0.0,3.0,0.0,2025,Milan,5
2025-04-05,Sat,Serie A,Home,L,1.0,3.0,Como,,8.0,4.0,19.0,21.0,2.0,0.0,1.0,0.0,2025,Monza,5
2025-04-05,Sat,Serie A,Home,D,2.0,2.0,Inter,,8.0,4.0,9.0,7.0,2.0,0.0,3.0,0.0,2025,Parma,5
2025-04-06,Sun,Serie A,Home,L,0.0,1.0,Lazio,,10.0,2.0,6.0,6.0,1.0,0.0,2.0,0.0,2025,Atalanta,6
2025-04-06,Sun,Serie A,Away,D,0.0,0.0,Empoli,,7.0,1.0,15.0,9.0,4.0,0.0,0.0,0.0,2025,Cagliari,6
2025-04-06,Sun,Serie A,Home,D,0.0,0.0,Cagliari,,7.0,1.0,9.0,15.0,0.0,0.0,4.0,0.0,2025,Empoli,6
2025-04-06,Sun,Serie A,Away,D,1.0,1.0,Roma,,11.0,7.0,15.0,11.0,1.0,0.0,1.0,0.0,2025,Juventus,6
2025-04-06,Sun,Serie A,Away,W,1.0,0.0,Atalanta,,8.0,3.0,6.0,6.0,2.0,0.0,1.0,0.0,2025,Lazio,6
2025-04-06,Sun,Serie A,Home,D,1.0,1.0,Venezia,,23.0,4.0,10.0,14.0,2.0,0.0,4.0,0.0,2025,Lecce,6
2025-04-06,Sun,Serie A,Home,D,1.0,1.0,Juventus,,11.0,4.0,11.0,15.0,1.0,0.0,1.0,0.0,2025,Roma,6
2025-04-06,Sun,Serie A,Home,D,1.0,1.0,Verona,,7.0,3.0,9.0,19.0,1.0,1.0,1.0,0.0,2025,Torino,6
2025-04-06,Sun,Serie A,Away,D,1.0,1.0,Lecce,,13.0,3.0,14.0,10.0,4.0,0.0,2.0,0.0,2025,Venezia,6
2025-04-06,Sun,Serie A,Away,D,1.0,1.0,Torino,,13.0,1.0,19.0,9.0,1.0,0.0,1.0,1.0,2025,Verona,6
2025-04-07,Mon,Serie A,Home,D,1.0,1.0,Napoli,,12.0,4.0,11.0,18.0,1.0,0.0,3.0,0.0,2025,Bologna,0
2025-04-07,Mon,Serie A,Away,D,1.0,1.0,Bologna,,6.0,2.0,18.0,11.0,3.0,0.0,1.0,0.0,2025,Napoli,0
2025-04-11,Fri,Serie A,Away,W,4.0,0.0,Udinese,,14.0,7.0,9.0,10.0,1.0,0.0,1.0,0.0,2025,Milan,4
2025-04-11,Fri,Serie A,Home,L,0.0,4.0,Milan,,14.0,5.0,10.0,9.0,1.0,0.0,1.0,0.0,2025,Udinese,4
2025-04-12,Sat,Serie A,Away,L,1.0,3.0,Inter,,8.0,4.0,12.0,6.0,1.0,0.0,0.0,0.0,2025,Cagliari,5
2025-04-12,Sat,Serie A,Home,W,3.0,1.0,Cagliari,,13.0,4.0,6.0,12.0,0.0,0.0,1.0,0.0,2025,Inter,5
2025-04-12,Sat,Serie A,Home,W,2.0,1.0,Lecce,,22.0,7.0,7.0,10.0,0.0,0.0,1.0,0.0,2025,Juventus,5
2025-04-12,Sat,Serie A,Away,L,1.0,2.0,Juventus,,14.0,3.0,10.0,7.0,1.0,0.0,0.0,0.0,2025,Lecce,5
2025-04-12,Sat,Serie A,Away,L,0.0,1.0,Venezia,,10.0,3.0,20.0,20.0,3.0,0.0,5.0,1.0,2025,Monza,5
2025-04-12,Sat,Serie A,Home,W,1.0,0.0,Monza,,9.0,4.0,20.0,20.0,5.0,1.0,3.0,0.0,2025,Venezia,5
2025-04-13,Sun,Serie A,Home,W,2.0,0.0,Bologna,,4.0,2.0,17.0,12.0,4.0,0.0,1.0,0.0,2025,Atalanta,6
2025-04-13,Sun,Serie A,Away,L,0.0,2.0,Atalanta,,12.0,5.0,12.0,17.0,1.0,0.0,4.0,0.0,2025,Bologna,6
2025-04-13,Sun,Serie A,Home,W,1.0,0.0,Torino,,15.0,7.0,9.0,16.0,1.0,0.0,3.0,0.0,2025,Como,6
2025-04-13,Sun,Serie A,Home,D,0.0,0.0,Parma,,9.0,3.0,10.0,19.0,0.0,0.0,5.0,0.0,2025,Fiorentina,6
2025-04-13,Sun,Serie A,Away,D,0.0,0.0,Verona,,4.0,1.0,11.0,19.0,1.0,0.0,3.0,0.0,2025,Genoa,6
2025-04-13,Sun,Serie A,Home,D,1.0,1.0,Roma,,12.0,7.0,12.0,12.0,4.0,0.0,2.0,0.0,2025,Lazio,6
2025-04-13,Sun,Serie A,Away,D,0.0,0.0,Fiorentina,,7.0,3.0,19.0,10.0,5.0,0.0,0.0,0.0,2025,Parma,6
2025-04-13,Sun,Serie A,Away,D,1.0,1.0,Lazio,,9.0,4.0,12.0,12.0,2.0,0.0,4.0,0.0,2025,Roma,6
2025-04-13,Sun,Serie A,Away,L,0.0,1.0,Como,,10.0,4.0,16.0,9.0,3.0,0.0,1.0,0.0,2025,Torino,6
2025-04-13,Sun,Serie A,Home,D,0.0,0.0,Genoa,,14.0,2.0,19.0,11.0,3.0,0.0,1.0,0.0,2025,Verona,6
2025-04-14,Mon,Serie A,Away,L,0.0,3.0,Napoli,,12.0,1.0,15.0,8.0,1.0,0.0,1.0,0.0,2025,Empoli,0
2025-04-14,Mon,Serie A,Home,W,3.0,0.0,Empoli,,17.0,6.0,8.0,15.0,1.0,0.0,1.0,0.0,2025,Napoli,0
2025-04-19,Sat,Serie A,Away,W,3.0,0.0,Lecce,,11.0,6.0,14.0,18.0,5.0,0.0,3.0,0.0,2025,Como,5
2025-04-19,Sat,Serie A,Home,L,0.0,3.0,Como,,14.0,7.0,18.0,14.0,3.0,0.0,5.0,0.0,2025,Lecce,5
2025-04-19,Sat,Serie A,Home,L,0.0,1.0,Napoli,,8.0,0.0,18.0,11.0,4.0,0.0,2.0,0.0,2025,Monza,5
2025-04-19,Sat,Serie A,Away,W,1.0,0.0,Monza,,16.0,5.0,11.0,18.0,2.0,0.0,4.0,0.0,2025,Napoli,5
2025-04-19,Sat,Serie A,Home,W,1.0,0.0,Verona,,6.0,3.0,5.0,17.0,0.0,0.0,2.0,0.0,2025,Roma,5
2025-04-19,Sat,Serie A,Away,L,0.0,1.0,Roma,,8.0,2.0,17.0,5.0,2.0,0.0,0.0,0.0,2025,Verona,5
2025-04-20,Sun,Serie A,Away,W,1.0,0.0,Milan,,11.0,2.0,7.0,8.0,1.0,0.0,0.0,0.0,2025,Atalanta,6
2025-04-20,Sun,Serie A,Home,W,1.0,0.0,Inter,,12.0,3.0,12.0,21.0,2.0,0.0,3.0,0.0,2025,Bologna,6
2025-04-20,Sun,Serie A,Home,D,2.0,2.0,Venezia,,11.0,4.0,18.0,15.0,2.0,0.0,1.0,0.0,2025,Empoli,6
2025-04-20,Sun,Serie A,Away,L,0.0,1.0,Bologna,,8.0,1.0,21.0,12.0,3.0,0.0,2.0,0.0,2025,Inter,6
2025-04-20,Sun,Serie A,Home,L,0.0,1.0,Atalanta,,12.0,1.0,8.0,7.0,0.0,0.0,1.0,0.0,2025,Milan,6
2025-04-20,Sun,Serie A,Away,D,2.0,2.0,Empoli,,13.0,7.0,15.0,18.0,1.0,0.0,2.0,0.0,2025,Venezia,6
2025-04-23,Wed,Serie A,Home,L,1.0,2.0,Fiorentina,,8.0,2.0,15.0,15.0,2.0,0.0,2.0,0.0,2025,Cagliari,2
2025-04-23,Wed,Serie A,Away,W,2.0,1.0,Cagliari,,8.0,4.0,15.0,15.0,2.0,0.0,2.0,0.0,2025,Fiorentina,2
2025-04-23,Wed,Serie A,Home,L,0.0,2.0,Lazio,,8.0,4.0,16.0,10.0,3.0,1.0,1.0,1.0,2025,Genoa,2
2025-04-23,Wed,Serie A,Away,L,0.0,1.0,Parma,,16.0,2.0,10.0,9.0,3.0,0.0,2.0,0.0,2025,Juventus,2
2025-04-23,Wed,Serie A,Away,W,2.0,0.0,Genoa,,15.0,6.0,10.0,16.0,1.0,1.0,3.0,1.0,2025,Lazio,2
2025-04-23,Wed,Serie A,Home,W,1.0,0.0,Juventus,,6.0,3.0,9.0,10.0,2.0,0.0,3.0,0.0,2025,Parma,2
2025-04-23,Wed,Serie A,Home,W,2.0,0.0,Udinese,,10.0,4.0,11.0,13.0,2.0,0.0,2.0,0.0,2025,Torino,2
2025-04-23,Wed,Serie A,Away,L,0.0,2.0,Torino,,10.0,6.0,13.0,11.0,2.0,0.0,2.0,0.0,2025,Udinese,2
2025-04-27,Sun,Serie A,Home,D,1.0,1.0,Lecce,,21.0,6.0,10.0,8.0,1.0,0.0,1.0,0.0,2025,Atalanta,6
2025-04-27,Sun,Serie A,Home,W,1.0,0.0,Genoa,,14.0,3.0,19.0,15.0,2.0,0.0,1.0,0.0,2025,Como,6
2025-04-27,Sun,Serie A,Away,L,1.0,2.0,Fiorentina,,8.0,5.0,18.0,16.0,2.0,0.0,3.0,0.0,2025,Empoli,6
2025-04-27,Sun,Serie A,Home,W,2.0,1.0,Empoli,,6.0,3.0,16.0,18.0,3.0,0.0,2.0,0.0,2025,Fiorentina,6
2025-04-27,Sun,Serie A,Away,L,0.0,1.0,Como,,4.0,1.0,15.0,19.0,1.0,0.0,2.0,0.0,2025,Genoa,6
2025-04-27,Sun,Serie A,Home,L,0.0,1.0,Roma,,17.0,2.0,11.0,9.0,1.0,0.0,2.0,0.0,2025,Inter,6
2025-04-27,Sun,Serie A,Home,W,2.0,0.0,Monza,,10.0,5.0,17.0,5.0,3.0,1.0,3.0,0.0,2025,Juventus,6
2025-04-27,Sun,Serie A,Away,D,1.0,1.0,Atalanta,,10.0,3.0,8.0,10.0,1.0,0.0,1.0,0.0,2025,Lecce,6
2025-04-27,Sun,Serie A,Away,W,2.0,0.0,Venezia,,12.0,2.0,13.0,14.0,0.0,0.0,1.0,0.0,2025,Milan,6
2025-04-27,Sun,Serie A,Away,L,0.0,2.0,Juventus,,12.0,3.0,5.0,17.0,3.0,0.0,3.0,1.0,2025,Monza,6
2025-04-27,Sun,Serie A,Home,W,2.0,0.0,Torino,,8.0,2.0,5.0,13.0,0.0,0.0,3.0,0.0,2025,Napoli,6
2025-04-27,Sun,Serie A,Away,W,1.0,0.0,Inter,,19.0,7.0,9.0,11.0,2.0,0.0,1.0,0.0,2025,Roma,6
2025-04-27,Sun,Serie A,Away,L,0.0,2.0,Napoli,,9.0,0.0,13.0,5.0,3.0,0.0,0.0,0.0,2025,Torino,6
2025-04-27,Sun,Serie A,Home,L,0.0,2.0,Milan,,15.0,2.0,14.0,13.0,1.0,0.0,0.0,0.0,2025,Venezia,6
2025-04-28,Mon,Serie A,Away,D,0.0,0.0,Udinese,,12.0,1.0,10.0,21.0,2.0,0.0,3.0,0.0,2025,Bologna,0
2025-04-28,Mon,Serie A,Away,W,2.0,0.0,Verona,,6.0,4.0,9.0,14.0,1.0,0.0,2.0,1.0,2025,Cagliari,0
2025-04-28,Mon,Serie A,Home,D,2.0,2.0,Parma,,14.0,7.0,12.0,11.0,1.0,0.0,3.0,0.0,2025,Lazio,0
2025-04-28,Mon,Serie A,Away,D,2.0,2.0,Lazio,,7.0,5.0,11.0,12.0,3.0,0.0,1.0,0.0,2025,Parma,0
2025-04-28,Mon,Serie A,Home,D,0.0,0.0,Bologna,,13.0,4.0,21.0,10.0,3.0,0.0,2.0,0.0,2025,Udinese,0
2025-04-28,Mon,Serie A,Home,L,0.0,2.0,Cagliari,,6.0,2.0,14.0,9.0,2.0,1.0,1.0,0.0,2025,Verona,0
2025-05-02,Fri,Serie A,Home,D,1.0,1.0,Venezia,,19.0,4.0,7.0,18.0,1.0,0.0,0.0,0.0,2025,Torino,4
2025-05-02,Fri,Serie A,Away,D,1.0,1.0,Torino,,7.0,3.0,18.0,7.0,0.0,0.0,1.0,0.0,2025,Venezia,4
2025-05-03,Sat,Serie A,Home,L,1.0,2.0,Udinese,,8.0,2.0,5.0,15.0,1.0,0.0,2.0,0.0,2025,Cagliari,5
2025-05-03,Sat,Serie A,Away,W,1.0,0.0,Parma,,13.0,4.0,14.0,16.0,1.0,0.0,1.0,0.0,2025,Como,5
2025-05-03,Sat,Serie A,Home,W,1.0,0.0,Verona,,9.0,2.0,6.0,11.0,1.0,0.0,3.0,0.0,2025,Inter,5
2025-05-03,Sat,Serie A,Home,L,0.0,1.0,Napoli,,9.0,1.0,11.0,4.0,2.0,0.0,0.0,0.0,2025,Lecce,5
2025-05-03,Sat,Serie A,Away,W,1.0,0.0,Lecce,,8.0,2.0,4.0,11.0,0.0,0.0,2.0,0.0,2025,Napoli,5
2025-05-03,Sat,Serie A,Home,L,0.0,1.0,Como,,13.0,3.0,16.0,14.0,1.0,0.0,1.0,0.0,2025,Parma,5
2025-05-03,Sat,Serie A,Away,W,2.0,1.0,Cagliari,,11.0,3.0,15.0,5.0,2.0,0.0,1.0,0.0,2025,Udinese,5
2025-05-03,Sat,Serie A,Away,L,0.0,1.0,Inter,,6.0,1.0,11.0,6.0,3.0,0.0,1.0,0.0,2025,Verona,5
2025-05-04,Sun,Serie A,Away,W,4.0,0.0,Monza,,15.0,5.0,10.0,9.0,2.0,0.0,1.0,0.0,2025,Atalanta,6
2025-05-04,Sun,Serie A,Home,D,1.0,1.0,Juventus,,9.0,2.0,6.0,19.0,1.0,0.0,3.0,0.0,2025,Bologna,6
2025-05-04,Sun,Serie A,Home,L,0.0,1.0,Lazio,,7.0,2.0,16.0,8.0,5.0,1.0,5.0,1.0,2025,Empoli,6
2025-05-04,Sun,Serie A,Away,L,0.0,1.0,Roma,,13.0,5.0,8.0,9.0,2.0,1.0,2.0,0.0,2025,Fiorentina,6
2025-05-04,Sun,Serie A,Away,D,1.0,1.0,Bologna,,6.0,3.0,19.0,6.0,3.0,0.0,1.0,0.0,2025,Juventus,6
2025-05-04,Sun,Serie A,Away,W,1.0,0.0,Empoli,,9.0,3.0,8.0,16.0,5.0,1.0,5.0,1.0,2025,Lazio,6
2025-05-04,Sun,Serie A,Home,L,0.0,4.0,Atalanta,,13.0,7.0,9.0,10.0,1.0,0.0,2.0,0.0,2025,Monza,6
2025-05-04,Sun,Serie A,Home,W,1.0,0.0,Fiorentina,,12.0,4.0,9.0,8.0,2.0,0.0,2.0,1.0,2025,Roma,6
2025-05-05,Mon,Serie A,Home,L,1.0,2.0,Milan,,11.0,4.0,14.0,12.0,1.0,0.0,5.0,0.0,2025,Genoa,0
2025-05-05,Mon,Serie A,Away,W,2.0,1.0,Genoa,,10.0,5.0,12.0,14.0,5.0,0.0,1.0,0.0,2025,Milan,0
2025-05-09,Fri,Serie A,Away,L,1.0,3.0,Milan,,10.0,4.0,14.0,5.0,2.0,0.0,2.0,0.0,2025,Bologna,4
2025-05-09,Fri,Serie A,Home,W,3.0,1.0,Bologna,,10.0,5.0,5.0,14.0,2.0,0.0,2.0,0.0,2025,Milan,4
2025-05-10,Sat,Serie A,Away,L,1.0,3.0,Como,,9.0,3.0,15.0,9.0,3.0,0.0,1.0,0.0,2025,Cagliari,5
2025-05-10,Sat,Serie A,Home,W,3.0,1.0,Cagliari,,19.0,5.0,9.0,15.0,1.0,0.0,3.0,0.0,2025,Como,5
2025-05-10,Sat,Serie A,Home,W,2.0,1.0,Parma,,15.0,4.0,21.0,16.0,2.0,0.0,2.0,1.0,2025,Empoli,5
2025-05-10,Sat,Serie A,Away,D,1.0,1.0,Lazio,,8.0,3.0,10.0,14.0,4.0,1.0,5.0,0.0,2025,Juventus,5
2025-05-10,Sat,Serie A,Home,D,1.0,1.0,Juventus,,19.0,6.0,14.0,10.0,5.0,0.0,4.0,1.0,2025,Lazio,5
2025-05-10,Sat,Serie A,Away,L,1.0,2.0,Empoli,,3.0,1.0,16.0,21.0,2.0,1.0,2.0,0.0,2025,Parma,5
2025-05-11,Sun,Serie A,Away,D,2.0,2.0,Napoli,,8.0,2.0,14.0,12.0,2.0,0.0,1.0,0.0,2025,Genoa,6
2025-05-11,Sun,Serie A,Away,W,2.0,0.0,Torino,,12.0,7.0,6.0,14.0,3.0,0.0,1.0,0.0,2025,Inter,6
2025-05-11,Sun,Serie A,Away,D,1.0,1.0,Verona,,11.0,3.0,15.0,17.0,0.0,0.0,4.0,0.0,2025,Lecce,6
2025-05-11,Sun,Serie A,Away,W,2.0,1.0,Udinese,,5.0,2.0,8.0,21.0,3.0,0.0,2.0,0.0,2025,Monza,6
2025-05-11,Sun,Serie A,Home,D,2.0,2.0,Genoa,,22.0,11.0,12.0,14.0,1.0,0.0,2.0,0.0,2025,Napoli,6
2025-05-11,Sun,Serie A,Home,L,0.0,2.0,Inter,,17.0,3.0,14.0,6.0,1.0,0.0,3.0,0.0,2025,Torino,6
2025-05-11,Sun,Serie A,Home,L,1.0,2.0,Monza,,21.0,5.0,21.0,8.0,2.0,0.0,3.0,0.0,2025,Udinese,6
2025-05-11,Sun,Serie A,Home,D,1.0,1.0,Lecce,,6.0,2.0,17.0,15.0,4.0,0.0,0.0,0.0,2025,Verona,6
2025-05-12,Mon,Serie A,Home,W,2.0,1.0,Roma,,16.0,3.0,14.0,14.0,1.0,0.0,0.0,0.0,2025,Atalanta,0
2025-05-12,Mon,Serie A,Away,L,1.0,2.0,Venezia,,5.0,1.0,17.0,21.0,4.0,0.0,1.0,0.0,2025,Fiorentina,0
2025-05-12,Mon,Serie A,Away,L,1.0,2.0,Atalanta,,10.0,4.0,14.0,14.0,0.0,0.0,1.0,0.0,2025,Roma,0
2025-05-12,Mon,Serie A,Home,W,2.0,1.0,Fiorentina,,4.0,4.0,21.0,17.0,1.0,0.0,4.0,0.0,2025,Venezia,0
2025-05-17,Sat,Serie A,Away,W,3.0,2.0,Genoa,,13.0,6.0,14.0,10.0,0.0,0.0,0.0,0.0,2025,Atalanta,5
2025-05-17,Sat,Serie A,Home,L,2.0,3.0,Atalanta,,12.0,5.0,10.0,14.0,0.0,0.0,0.0,0.0,2025,Genoa,5
2025-05-18,Sun,Serie A,Away,L,2.0,3.0,Fiorentina,,15.0,3.0,17.0,21.0,1.0,1.0,4.0,0.0,2025,Bologna,6
2025-05-18,Sun,Serie A,Home,W,3.0,0.0,Venezia,,20.0,5.0,7.0,9.0,1.0,0.0,1.0,0.0,2025,Cagliari,6
2025-05-18,Sun,Serie A,Away,D,1.0,1.0,Verona,,12.0,5.0,10.0,13.0,3.0,0.0,2.0,0.0,2025,Como,6
2025-05-18,Sun,Serie A,Away,W,3.0,1.0,Monza,,9.0,4.0,16.0,8.0,1.0,0.0,0.0,0.0,2025,Empoli,6
2025-05-18,Sun,Serie A,Home,W,3.0,2.0,Bologna,,6.0,5.0,21.0,17.0,4.0,0.0,1.0,1.0,2025,Fiorentina,6
2025-05-18,Sun,Serie A,Home,D,2.0,2.0,Lazio,,10.0,3.0,14.0,10.0,1.0,0.0,3.0,0.0,2025,Inter,6
2025-05-18,Sun,Serie A,Home,W,2.0,0.0,Udinese,,24.0,7.0,9.0,13.0,0.0,0.0,3.0,0.0,2025,Juventus,6
2025-05-18,Sun,Serie A,Away,D,2.0,2.0,Inter,,12.0,4.0,10.0,14.0,3.0,0.0,1.0,0.0,2025,Lazio,6
2025-05-18,Sun,Serie A,Home,W,1.0,0.0,Torino,,10.0,4.0,13.0,8.0,1.0,0.0,1.0,0.0,2025,Lecce,6
2025-05-18,Sun,Serie A,Away,L,1.0,3.0,Roma,,12.0,3.0,16.0,12.0,2.0,1.0,3.0,0.0,2025,Milan,6
2025-05-18,Sun,Serie A,Home,L,1.0,3.0,Empoli,,12.0,4.0,8.0,16.0,0.0,0.0,1.0,0.0,2025,Monza,6
2025-05-18,Sun,Serie A,Away,D,0.0,0.0,Parma,,7.0,2.0,16.0,13.0,2.0,0.0,2.0,0.0,2025,Napoli,6
2025-05-18,Sun,Serie A,Home,D,0.0,0.0,Napoli,,6.0,4.0,13.0,16.0,2.0,0.0,2.0,0.0,2025,Parma,6
2025-05-18,Sun,Serie A,Home,W,3.0,1.0,Milan,,15.0,6.0,12.0,16.0,3.0,0.0,2.0,1.0,2025,Roma,6
2025-05-18,Sun,Serie A,Away,L,0.0,1.0,Lecce,,10.0,4.0,8.0,13.0,1.0,0.0,1.0,0.0,2025,Torino,6
2025-05-18,Sun,Serie A,Away,L,0.0,2.0,Juventus,,7.0,2.0,13.0,9.0,3.0,0.0,0.0,0.0,2025,Udinese,6
2025-05-18,Sun,Serie A,Away,L,0.0,3.0,Cagliari,,10.0,1.0,9.0,7.0,1.0,0.0,1.0,0.0,2025,Venezia,6
2025-05-18,Sun,Serie A,Home,D,1.0,1.0,Como,,16.0,3.0,13.0,10.0,2.0,0.0,3.0,0.0,2025,Verona,6
2025-05-23,Fri,Serie A,Away,L,0.0,2.0,Napoli,,4.0,1.0,14.0,14.0,1.0,0.0,2.0,0.0,2025,Cagliari,4
2025-05-23,Fri,Serie A,Home,L,0.0,2.0,Inter,,18.0,4.0,10.0,9.0,1.0,1.0,3.0,0.0,2025,Como,4
2025-05-23,Fri,Serie A,Away,W,2.0,0.0,Como,,11.0,7.0,9.0,10.0,3.0,0.0,1.0,1.0,2025,Inter,4
2025-05-23,Fri,Serie A,Home,W,2.0,0.0,Cagliari,,18.0,6.0,14.0,14.0,2.0,0.0,1.0,0.0,2025,Napoli,4
2025-05-24,Sat,Serie A,Home,L,1.0,3.0,Genoa,,16.0,5.0,13.0,23.0,5.0,0.0,2.0,0.0,2025,Bologna,5
2025-05-24,Sat,Serie A,Away,W,3.0,1.0,Bologna,,5.0,3.0,23.0,13.0,2.0,0.0,5.0,0.0,2025,Genoa,5
2025-05-24,Sat,Serie A,Home,W,2.0,0.0,Monza,,21.0,6.0,8.0,9.0,0.0,0.0,1.0,0.0,2025,Milan,5
2025-05-24,Sat,Serie A,Away,L,0.0,2.0,Milan,,6.0,2.0,9.0,8.0,1.0,0.0,0.0,0.0,2025,Monza,5
2025-05-25,Sun,Serie A,Home,L,2.0,3.0,Parma,,11.0,5.0,7.0,7.0,1.0,0.0,1.0,0.0,2025,Atalanta,6
2025-05-25,Sun,Serie A,Home,L,1.0,2.0,Verona,,14.0,5.0,10.0,29.0,2.0,0.0,2.0,0.0,2025,Empoli,6
2025-05-25,Sun,Serie A,Away,W,3.0,2.0,Udinese,,25.0,11.0,6.0,15.0,2.0,0.0,3.0,1.0,2025,Fiorentina,6
2025-05-25,Sun,Serie A,Away,W,3.0,2.0,Venezia,,15.0,5.0,18.0,10.0,2.0,0.0,1.0,0.0,2025,Juventus,6
2025-05-25,Sun,Serie A,Home,L,0.0,1.0,Lecce,,26.0,7.0,11.0,11.0,2.0,1.0,3.0,1.0,2025,Lazio,6
2025-05-25,Sun,Serie A,Away,W,1.0,0.0,Lazio,,9.0,3.0,11.0,11.0,3.0,1.0,2.0,1.0,2025,Lecce,6
2025-05-25,Sun,Serie A,Away,W,3.0,2.0,Atalanta,,18.0,10.0,7.0,7.0,1.0,0.0,1.0,0.0,2025,Parma,6
2025-05-25,Sun,Serie A,Away,W,2.0,0.0,Torino,,15.0,5.0,11.0,15.0,1.0,0.0,1.0,0.0,2025,Roma,6
2025-05-25,Sun,Serie A,Home,L,0.0,2.0,Roma,,11.0,4.0,15.0,11.0,1.0,0.0,1.0,0.0,2025,Torino,6
2025-05-25,Sun,Serie A,Home,L,2.0,3.0,Fiorentina,,12.0,3.0,15.0,6.0,3.0,1.0,2.0,0.0,2025,Udinese,6
2025-05-25,Sun,Serie A,Home,L,2.0,3.0,Juventus,,12.0,5.0,10.0,18.0,1.0,0.0,2.0,0.0,2025,Venezia,6
2025-05-25,Sun,Serie A,Away,W,2.0,1.0,Empoli,,5.0,2.0,29.0,10.0,2.0,0.0,2.0,0.0,2025,Verona,6
